Code,Name,BaseDate,PrevClose,Prev20High,Prev30High,MA5,MA25,Prev5AvgVolume,MorningOpen,MorningHigh,MorningLow,MorningPrice,MorningVolume,MorningChangePct,OpenGapPct,OpenToPricePct,PriceVs20HighPct,PriceVs30HighPct,RoomTo30HighPct,ResistanceGapPct,MorningVolumeVsPrev5,MorningBullish,AbovePrev20High,AbovePrev30High
1301,極洋,2026-09-15,4665.0,4820.0,4820.0,4650.0,4702.2,30580.0,4650.0,4670.0,4650.0,4665.0,39400.0,0.0,-0.3215434083601254,0.3225806451612856,-3.2157676348547715,-3.2157676348547715,3.3226152197213255,0.0,1.288423806409418,True,False,False
130A,Ｖｅｒｉｔａｓ　Ｉｎ　Ｓｉｌｉｃｏ,2026-09-15,434.0,464.0,464.0,431.4,430.76,9040.0,434.0,434.0,427.0,434.0,11000.0,0.0,0.0,0.0,-6.465517241379315,-6.465517241379315,6.912442396313367,0.0,1.2168141592920354,False,False,False
1332,ニッスイ,2026-09-15,1189.5,1316.0,1320.5,1186.3,1258.94,1644800.0,1191.0,1197.5,1189.5,1196.5,118200.0,0.5884825556956796,0.12610340479193294,0.46179680940385825,-9.080547112462,-9.390382430897393,10.36356038445465,0.3419452887537977,0.07186284046692606,True,False,False
1333,Ｕｍｉｏｓ,2026-09-15,1285.0,1320.0,1320.0,1276.4,1291.1,376820.0,1299.0,1299.0,1288.0,1285.0,388800.0,0.0,1.0894941634241206,-1.0777521170130866,-2.651515151515149,-2.651515151515149,2.7237354085603016,0.0,1.0317923677087204,False,False,False
135A,ＶＲＡＩＮ　Ｓｏｌｕｔｉｏｎ,2026-09-15,4570.0,4695.0,4695.0,4489.0,4229.6,78420.0,4580.0,4580.0,4510.0,4570.0,99500.0,0.0,0.2188183807439792,-0.21834061135370675,-2.6624068157614533,-2.6624068157614533,2.7352297592997843,0.0,1.2688089773017088,False,False,False
1375,ユキグニファクトリー,2026-09-15,1172.0,1187.0,1187.0,1169.6,1165.4,28660.0,1175.0,1177.0,1175.0,1172.0,30500.0,0.0,0.25597269624573205,-0.2553191489361728,-1.263689974726201,-1.263689974726201,1.2798634812286602,0.0,1.0642009769713887,False,False,False
1376,カネコ種苗,2026-09-15,1585.0,1664.0,1664.0,1562.2,1613.36,13880.0,1589.0,1599.0,1589.0,1585.0,22200.0,0.0,0.2523659305993631,-0.25173064820641633,-4.747596153846157,-4.747596153846157,4.984227129337548,0.0,1.5994236311239194,False,False,False
1377,サカタのタネ,2026-09-15,4375.0,4540.0,4540.0,4352.0,4398.2,91280.0,4385.0,4400.0,4385.0,4375.0,89600.0,0.0,0.22857142857142243,-0.22805017103763037,-3.6343612334801767,-3.6343612334801767,3.771428571428581,0.0,0.9815950920245399,False,False,False
1379,ホクト,2026-09-15,2094.0,2182.0,2182.0,2076.0,2088.8,64840.0,2100.0,2109.0,2098.0,2109.0,6300.0,0.7163323782235054,0.2865329512893977,0.4285714285714226,-3.3455545371219086,-3.3455545371219086,3.4613560929350307,0.0,0.09716224552745219,True,False,False
137A,Ｃｏｃｏｌｉｖｅ,2026-09-15,722.0,741.0,765.0,722.6,712.6,1080.0,707.0,722.0,707.0,722.0,1200.0,0.0,-2.0775623268698085,2.121640735502117,-2.564102564102566,-5.620915032679741,5.9556786703601095,3.238866396761142,1.1111111111111112,True,False,False
1380,秋川牧園,2026-09-15,1000.0,1035.0,1035.0,999.0,998.8,380.0,1001.0,1001.0,1001.0,1000.0,1300.0,0.0,0.09999999999998899,-0.09990009990009652,-3.3816425120772986,-3.3816425120772986,3.499999999999992,0.0,3.4210526315789473,False,False,False
1381,アクシーズ,2026-09-15,3575.0,3620.0,3620.0,3593.0,3503.8,6540.0,3555.0,3555.0,3555.0,3575.0,4000.0,0.0,-0.5594405594405605,0.5625879043600568,-1.2430939226519389,-1.2430939226519389,1.2587412587412583,0.0,0.6116207951070336,True,False,False
1382,ホーブ,2026-09-15,890.0,900.0,964.0,888.2,882.2,1460.0,890.0,890.0,890.0,890.0,800.0,0.0,0.0,0.0,-1.1111111111111072,-7.676348547717837,8.314606741573026,7.1111111111111125,0.547945205479452,False,False,False
1383,ベルグアース,2026-09-15,3005.0,3050.0,3050.0,2996.4,3000.52,1260.0,3020.0,3020.0,3020.0,3005.0,1400.0,0.0,0.4991680532445919,-0.4966887417218513,-1.4754098360655776,-1.4754098360655776,1.4975041597337757,0.0,1.1111111111111112,False,False,False
1384,ホクリヨウ,2026-09-15,2184.0,2256.0,2256.0,2183.6,2196.2,10860.0,2184.0,2190.0,2182.0,2184.0,5000.0,0.0,0.0,0.0,-3.1914893617021267,-3.1914893617021267,3.296703296703307,0.0,0.4604051565377532,False,False,False
138A,光フードサービス,2026-09-15,3075.0,3200.0,3200.0,3090.0,3099.0,940.0,3090.0,3090.0,3090.0,3075.0,2100.0,0.0,0.4878048780487809,-0.4854368932038833,-3.90625,-3.90625,4.065040650406515,0.0,2.234042553191489,False,False,False
1401,エムビーエス,2026-09-15,1335.0,1373.0,1373.0,1317.8,1316.64,1480.0,1305.0,1335.0,1305.0,1335.0,600.0,0.0,-2.2471910112359605,2.298850574712641,-2.76766205389658,-2.76766205389658,2.8464419475655367,0.0,0.40540540540540543,True,False,False
1407,ウエストホールディングス,2026-09-15,2190.0,2885.0,2885.0,2266.8,2560.2,478360.0,2149.0,2166.0,2122.0,2190.0,466200.0,0.0,-1.8721461187214627,1.9078641228478466,-24.09012131715771,-24.09012131715771,31.7351598173516,0.0,0.9745798143657497,True,False,False
1414,ショーボンドホールディングス,2026-09-15,1264.0,1294.5,1316.0,1254.6,1266.36,927160.0,1278.0,1280.0,1273.5,1277.0,91600.0,1.0284810126582222,1.1075949367088667,-0.07824726134585402,-1.351873310158358,-2.9635258358662653,3.0540328895849678,1.6608729239088404,0.09879632425902757,False,False,False
1417,ミライト・ワン,2026-09-15,3507.0,3698.0,3698.0,3522.4,3552.92,236500.0,3544.0,3558.0,3510.0,3507.0,191600.0,0.0,1.0550327915597402,-1.0440180586907433,-5.164954029204971,-5.164954029204971,5.446250356430005,0.0,0.8101479915433404,False,False,False
1418,インターライフホールディングス,2026-09-15,586.0,611.0,613.0,581.0,593.48,30760.0,587.0,587.0,585.0,586.0,25200.0,0.0,0.17064846416381396,-0.17035775127768327,-4.091653027823239,-4.4045676998368695,4.607508532423199,0.3273322422258529,0.8192457737321196,False,False,False
1419,タマホーム,2026-09-15,2896.0,3130.0,3130.0,2883.0,2945.6,84340.0,2897.0,2916.0,2897.0,2896.0,72400.0,0.0,0.034530386740327934,-0.034518467380051376,-7.476038338658142,-7.476038338658142,8.080110497237559,0.0,0.8584301636234289,False,False,False
141A,トライアルホールディングス,2026-09-15,3960.0,4290.0,4290.0,3989.0,3920.0,497420.0,3930.0,3955.0,3880.0,3960.0,322400.0,0.0,-0.7575757575757569,0.7633587786259444,-7.692307692307687,-7.692307692307687,8.333333333333325,0.0,0.6481444252342086,True,False,False
1420,サンヨーホームズ,2026-09-15,630.0,640.0,643.0,630.4,632.8,11660.0,630.0,632.0,630.0,632.0,1700.0,0.31746031746031633,0.0,0.31746031746031633,-1.2499999999999956,-1.7107309486780742,1.7405063291139333,0.46874999999999556,0.1457975986277873,True,False,False
1429,日本アクア,2026-09-15,790.0,818.0,818.0,793.8,798.2,65360.0,793.0,800.0,793.0,790.0,65400.0,0.0,0.37974683544304,-0.3783102143757877,-3.4229828850855792,-3.4229828850855792,3.544303797468351,0.0,1.000611995104039,False,False,False
142A,ジンジブ,2026-09-15,829.0,885.0,885.0,832.0,828.12,3560.0,831.0,831.0,831.0,829.0,4100.0,0.0,0.24125452352230514,-0.24067388688326918,-6.327683615819213,-6.327683615819213,6.755126658624855,0.0,1.151685393258427,False,False,False
1430,ファーストコーポレーション,2026-09-15,1053.0,1063.0,1063.0,1027.6,1032.76,24780.0,1054.0,1062.0,1054.0,1053.0,89000.0,0.0,0.09496676163343043,-0.0948766603415585,-0.940733772342428,-0.940733772342428,0.9496676163342821,0.0,3.5916061339790155,False,False,False
1431,Ｌｉｂ　Ｗｏｒｋ,2026-09-15,654.0,658.0,658.0,652.8,651.36,10280.0,654.0,654.0,654.0,654.0,10000.0,0.0,0.0,0.0,-0.6079027355623046,-0.6079027355623046,0.6116207951070374,0.0,0.9727626459143969,False,False,False
1433,ベステラ,2026-09-15,1194.0,1336.0,1336.0,1211.4,1227.84,194680.0,1198.0,1210.0,1192.0,1194.0,216600.0,0.0,0.3350083752093891,-0.33388981636059967,-10.628742514970057,-10.628742514970057,11.892797319933003,0.0,1.1125950277378263,False,False,False
1434,ＪＥＳＣＯホールディングス,2026-09-15,1594.0,1735.0,1795.0,1588.6,1653.6,39120.0,1593.0,1609.0,1593.0,1594.0,17200.0,0.0,-0.06273525721455231,0.06277463904582614,-8.12680115273775,-11.197771587743732,12.609786700125468,3.458213256484144,0.4396728016359918,True,False,False
1435,ｒｏｂｏｔ　ｈｏｍｅ,2026-09-15,175.0,187.0,190.0,174.0,178.08,296420.0,176.0,176.0,175.0,175.0,310900.0,0.0,0.5714285714285783,-0.5681818181818232,-6.417112299465244,-7.8947368421052655,8.571428571428562,1.6042780748663166,1.0488496052897915,False,False,False
1436,グリーンエナジー＆カンパニー,2026-09-15,1757.0,2086.0,2086.0,1733.8,1655.64,190360.0,1742.0,1742.0,1734.0,1734.0,2300.0,-1.3090495162208282,-0.8537279453614155,-0.4592422502870286,-16.874400767018216,-16.874400767018216,20.299884659746258,0.0,0.012082370245849969,False,False,False
1438,岐阜造園,2026-09-15,2245.0,2360.0,2396.0,2272.4,2288.04,6800.0,2245.0,2245.0,2245.0,2245.0,29400.0,0.0,0.0,0.0,-4.8728813559322015,-6.3021702838063405,6.726057906458793,1.5254237288135686,4.323529411764706,False,False,False
143A,イシン,2026-09-15,730.0,739.0,739.0,722.4,699.84,1420.0,715.0,715.0,715.0,730.0,1700.0,0.0,-2.0547945205479423,2.0979020979021046,-1.2178619756427644,-1.2178619756427644,1.2328767123287676,0.0,1.1971830985915493,True,False,False
1443,技研ホールディングス,2026-09-15,273.0,289.0,289.0,271.8,277.44,33700.0,273.0,276.0,273.0,276.0,5500.0,1.098901098901095,0.0,1.098901098901095,-4.498269896193774,-4.498269896193774,4.710144927536231,0.0,0.1632047477744807,True,False,False
1444,ニッソウ,2026-09-15,2708.0,2750.0,2750.0,2680.8,2660.08,1160.0,2709.0,2709.0,2709.0,2708.0,2300.0,0.0,0.036927621861160276,-0.036913990402365204,-1.5272727272727327,-1.5272727272727327,1.5509601181683985,0.0,1.9827586206896552,False,False,False
1446,キャンディル,2026-09-15,539.0,545.0,552.0,538.6,540.52,2200.0,540.0,540.0,538.0,539.0,2500.0,0.0,0.18552875695732052,-0.18518518518518823,-1.1009174311926606,-2.3550724637681153,2.4118738404452778,1.2844036697247763,1.1363636363636365,False,False,False
1447,ＳＡＡＦホールディングス,2026-09-15,343.0,432.0,432.0,359.2,392.44,244680.0,346.0,346.0,345.0,343.0,48300.0,0.0,0.8746355685131268,-0.8670520231213841,-20.601851851851848,-20.601851851851848,25.94752186588922,0.0,0.19740068661108387,False,False,False
1450,ＴＡＮＡＫＥＮ,2026-09-15,1474.0,1489.0,1500.0,1464.8,1466.12,2240.0,1475.0,1475.0,1475.0,1474.0,1300.0,0.0,0.06784260515604323,-0.06779661016949046,-1.0073875083948969,-1.7333333333333312,1.7639077340569909,0.7387508394895992,0.5803571428571429,False,False,False
145A,Ｌ　ｉｓ　Ｂ,2026-09-15,889.0,931.0,940.0,895.6,902.92,4260.0,884.0,884.0,884.0,889.0,1800.0,0.0,-0.5624296962879693,0.5656108597285048,-4.511278195488721,-5.425531914893622,5.7367829021372385,0.9667024704618665,0.4225352112676056,True,False,False
146A,コロンビア・ワークス,2026-09-15,3575.0,3870.0,4140.0,3600.0,3661.0,67080.0,3580.0,3630.0,3580.0,3630.0,1300.0,1.538461538461533,0.13986013986013734,1.3966480446927276,-6.2015503875969,-12.318840579710145,14.049586776859503,6.976744186046502,0.01937984496124031,True,False,False
147A,ソラコム,2026-09-15,984.0,1077.0,1135.0,975.4,1019.16,126160.0,990.0,990.0,985.0,984.0,75500.0,0.0,0.6097560975609762,-0.60606060606061,-8.635097493036215,-13.303964757709252,15.345528455284562,5.385329619312906,0.5984464172479391,False,False,False
148A,ハッチ・ワーク,2026-09-15,1700.0,1735.0,1777.0,1693.2,1707.44,1240.0,1710.0,1718.0,1707.0,1700.0,4700.0,0.0,0.588235294117645,-0.5847953216374324,-2.017291066282423,-4.333145751266176,4.529411764705893,2.420749279538903,3.7903225806451615,False,False,False
1491,中外鉱業,2026-09-15,737.0,754.0,853.0,712.0,730.0,19060.0,737.0,737.0,727.0,737.0,41100.0,0.0,0.0,0.0,-2.2546419098143256,-13.599062133645957,15.739484396200808,13.129973474801071,2.156348373557188,False,False,False
149A,シンカ,2026-09-15,805.0,830.0,830.0,798.4,786.48,4860.0,805.0,805.0,804.0,805.0,3500.0,0.0,0.0,0.0,-3.0120481927710885,-3.0120481927710885,3.105590062111796,0.0,0.720164609053498,False,False,False
150A,ＪＳＨ,2026-09-15,790.0,858.0,858.0,766.6,730.08,292320.0,782.0,806.0,780.0,790.0,131100.0,0.0,-1.0126582278481067,1.0230179028132946,-7.9254079254079235,-7.9254079254079235,8.607594936708862,0.0,0.44848111658456485,True,False,False
1514,住石ホールディングス,2026-09-15,637.0,728.0,728.0,642.8,664.4,216120.0,634.0,647.0,634.0,647.0,16400.0,1.5698587127158659,-0.47095761381475976,2.0504731861198833,-11.126373626373631,-11.126373626373631,12.519319938176189,0.0,0.07588376827688322,True,False,False
1515,日鉄鉱業,2026-09-15,3335.0,4075.0,4075.0,3480.0,3567.6,556680.0,3335.0,3375.0,3335.0,3335.0,384800.0,0.0,0.0,0.0,-18.159509202453982,-18.159509202453982,22.18890554722639,0.0,0.6912409283609974,False,False,False
1518,三井松島ホールディングス,2026-09-15,2223.0,2394.0,2394.0,2247.4,2295.0,366960.0,2221.0,2237.0,2221.0,2237.0,38500.0,0.6297795771480041,-0.08996851102114345,0.7203962179198609,-6.558061821219718,-6.558061821219718,7.0183281180151935,0.0,0.10491606714628297,True,False,False
151A,ダイブ,2026-09-15,625.0,669.0,669.0,632.8,645.96,6860.0,628.0,633.0,620.0,625.0,9700.0,0.0,0.47999999999999154,-0.4777070063694322,-6.576980568011958,-6.576980568011958,7.040000000000002,0.0,1.41399416909621,False,False,False
153A,カウリス,2026-09-15,1658.0,1740.0,1740.0,1612.8,1456.6,164080.0,1642.0,1642.0,1577.0,1658.0,189300.0,0.0,-0.965018094089265,0.974421437271622,-4.712643678160921,-4.712643678160921,4.945717732207489,0.0,1.1537055095075572,True,False,False
155A,情報戦略テクノロジー,2026-09-15,844.0,857.0,880.0,817.4,823.64,29040.0,844.0,852.0,844.0,844.0,65100.0,0.0,0.0,0.0,-1.516919486581092,-4.09090909090909,4.2654028436019065,2.683780630105015,2.2417355371900825,False,False,False
156A,マテリアルグループ,2026-09-15,867.0,907.0,907.0,857.2,859.08,32100.0,858.0,867.0,858.0,867.0,16900.0,0.0,-1.038062283737029,1.0489510489510412,-4.4101433296582115,-4.4101433296582115,4.6136101499423265,0.0,0.5264797507788161,True,False,False
157A,グリーンモンスター,2026-09-15,747.0,780.0,828.0,732.0,750.08,16280.0,737.0,749.0,737.0,747.0,12300.0,0.0,-1.338688085676043,1.3568521031207537,-4.230769230769226,-9.782608695652172,10.843373493975905,6.153846153846154,0.7555282555282555,True,False,False
1605,ＩＮＰＥＸ,2026-09-15,3936.0,4212.0,4212.0,3927.0,3877.48,6459040.0,4006.0,4032.0,4001.0,4011.0,881200.0,1.9054878048780477,1.778455284552849,0.12481278082876468,-4.772079772079774,-4.772079772079774,5.011219147344792,0.0,0.13642894300081745,True,False,False
160A,アズパートナーズ,2026-09-15,1949.0,2040.0,2163.0,1940.0,1995.48,8020.0,1960.0,1974.0,1950.0,1949.0,7600.0,0.0,0.5643919958953303,-0.5612244897959195,-4.460784313725485,-9.89366620434582,10.979989738327344,6.029411764705883,0.9476309226932669,False,False,False
1662,石油資源開発,2026-09-15,1910.0,2002.0,2002.0,1913.0,1877.16,1487960.0,1950.0,1977.0,1949.0,1972.0,213000.0,3.2460732984293195,2.0942408376963373,1.1282051282051286,-1.4985014985015033,-1.4985014985015033,1.5212981744421983,0.0,0.14314900938197264,True,False,False
1663,Ｋ＆Ｏエナジーグループ,2026-09-15,1932.0,2032.0,2032.0,1949.0,1946.64,164540.0,1950.0,1962.0,1950.0,1958.0,10500.0,1.3457556935817738,0.9316770186335477,0.41025641025640436,-3.6417322834645716,-3.6417322834645716,3.7793667007150145,0.0,0.06381427008630121,True,False,False
166A,タスキホールディングス,2026-09-15,1069.0,1225.0,1225.0,1071.0,1143.96,279360.0,1070.0,1077.0,1070.0,1069.0,176400.0,0.0,0.093545369504211,-0.09345794392523477,-12.734693877551017,-12.734693877551017,14.593077642656693,0.0,0.6314432989690721,False,False,False
167A,リョーサン菱洋ホールディングス,2026-09-15,3245.0,3290.0,3290.0,3184.0,3180.0,121600.0,3240.0,3265.0,3220.0,3245.0,165800.0,0.0,-0.15408320493066618,0.15432098765431057,-1.367781155015202,-1.367781155015202,1.3867488443759735,0.0,1.363486842105263,True,False,False
168A,イタミアート,2026-09-15,1050.0,1093.0,1093.0,1081.2,1076.2,6000.0,1050.0,1050.0,1050.0,1050.0,20800.0,0.0,0.0,0.0,-3.934126258005488,-3.934126258005488,4.095238095238085,0.0,3.466666666666667,False,False,False
1711,ＳＤＳホールディングス,2026-09-15,246.0,249.0,249.0,245.8,243.2,18740.0,245.0,246.0,245.0,246.0,20500.0,0.0,-0.40650406504064707,0.40816326530612734,-1.2048192771084376,-1.2048192771084376,1.2195121951219523,0.0,1.0939167556029883,True,False,False
1716,第一カッター興業,2026-09-15,1368.0,1467.0,1519.0,1372.6,1412.96,16840.0,1374.0,1387.0,1374.0,1368.0,12600.0,0.0,0.43859649122806044,-0.4366812227074246,-6.748466257668717,-9.940750493745886,11.038011695906436,3.5446489434219464,0.7482185273159145,False,False,False
1717,明豊ファシリティワークス,2026-09-15,940.0,963.0,971.0,935.2,949.4,11040.0,943.0,943.0,943.0,940.0,15600.0,0.0,0.31914893617022155,-0.31813361611876534,-2.3883696780893082,-3.192584963954681,3.297872340425534,0.8307372793354029,1.4130434782608696,False,False,False
1719,安藤・間,2026-09-15,1868.0,1960.5,1960.5,1884.5,1901.62,686240.0,1879.0,1897.0,1879.0,1893.5,40200.0,1.3650963597430454,0.5888650963597364,0.7716870675891441,-3.4174955368528437,-3.4174955368528437,3.538420913651974,0.0,0.05858008859874096,True,False,False
1720,東急建設,2026-09-15,1200.0,1211.0,1211.0,1191.8,1166.92,266580.0,1212.0,1229.0,1207.0,1227.0,38800.0,2.2499999999999964,1.0000000000000009,1.2376237623762387,1.3212221304706784,1.3212221304706784,-1.3039934800325947,0.0,0.14554730287343387,True,True,True
1721,コムシスホールディングス,2026-09-15,5387.0,5550.0,5550.0,5404.8,5381.28,497940.0,5470.0,5488.0,5464.0,5387.0,323100.0,0.0,1.5407462409504413,-1.5173674588665476,-2.9369369369369402,-2.9369369369369402,3.0258028587339947,0.0,0.6488733582359321,False,False,False
1723,日本電技,2026-09-15,2515.0,2568.0,2568.0,2499.4,2294.52,169280.0,2515.0,2548.0,2502.0,2515.0,156600.0,0.0,0.0,0.0,-2.063862928348914,-2.063862928348914,2.1073558648111224,0.0,0.9250945179584121,False,False,False
1724,シンクレイヤ,2026-09-15,710.0,725.0,725.0,712.2,714.12,2080.0,719.0,719.0,717.0,710.0,3000.0,0.0,1.2676056338028152,-1.2517385257301838,-2.0689655172413834,-2.0689655172413834,2.1126760563380254,0.0,1.4423076923076923,False,False,False
1736,オーテック,2026-09-15,2430.0,2460.0,2516.0,2401.0,2393.16,2500.0,2422.0,2441.0,2421.0,2430.0,4100.0,0.0,-0.3292181069958877,0.3303055326176807,-1.2195121951219523,-3.418124006359302,3.539094650205765,2.276422764227637,1.64,True,False,False
173A,ハンモック,2026-09-15,1539.0,1597.0,1624.0,1543.8,1552.88,1660.0,1554.0,1554.0,1509.0,1539.0,3000.0,0.0,0.974658869395717,-0.9652509652509633,-3.6318096430807745,-5.233990147783252,5.523066926575693,1.6906700062617297,1.8072289156626506,False,False,False
1758,太洋基礎工業,2026-09-15,2357.0,2575.0,2575.0,2437.8,2468.92,4520.0,2357.0,2357.0,2357.0,2357.0,900.0,0.0,0.0,0.0,-8.466019417475723,-8.466019417475723,9.249045396690715,0.0,0.19911504424778761,False,False,False
175A,Ｗｉｌｌ　Ｓｍａｒｔ,2026-09-15,633.0,736.0,736.0,630.6,631.2,4800.0,624.0,633.0,624.0,633.0,1500.0,0.0,-1.4218009478673022,1.4423076923076872,-13.994565217391308,-13.994565217391308,16.271721958925745,0.0,0.3125,True,False,False
1762,高松コンストラクショングループ,2026-09-15,4085.0,4320.0,4320.0,4090.0,4066.8,31880.0,4090.0,4120.0,4090.0,4085.0,27400.0,0.0,0.1223990208078396,-0.12224938875305957,-5.439814814814814,-5.439814814814814,5.7527539779681724,0.0,0.8594730238393977,False,False,False
1764,工藤建設,2026-09-15,2700.0,2760.0,2840.0,2693.8,2724.52,600.0,2700.0,2700.0,2700.0,2700.0,400.0,0.0,0.0,0.0,-2.1739130434782594,-4.929577464788737,5.185185185185182,2.898550724637672,0.6666666666666666,False,False,False
1766,東建コーポレーション,2026-09-15,13180.0,13920.0,13920.0,13414.0,13527.2,24400.0,13220.0,13220.0,13220.0,13180.0,23400.0,0.0,0.3034901365705611,-0.302571860816947,-5.316091954022983,-5.316091954022983,5.614567526555381,0.0,0.9590163934426229,False,False,False
1768,ソネック,2026-09-15,1032.0,1040.0,1118.0,1025.8,1027.04,2700.0,1038.0,1038.0,1032.0,1032.0,2100.0,0.0,0.5813953488372103,-0.5780346820809301,-0.7692307692307665,-7.692307692307687,8.333333333333325,7.499999999999996,0.7777777777777778,False,False,False
1770,藤田エンジニアリング,2026-09-15,2333.0,2375.0,2375.0,2223.6,2125.68,8180.0,2312.0,2313.0,2297.0,2333.0,22600.0,0.0,-0.9001285897985434,0.9083044982698851,-1.7684210526315747,-1.7684210526315747,1.8002571795970868,0.0,2.762836185819071,True,False,False
177A,コージンバイオ,2026-09-15,836.0,877.0,906.0,834.6,849.76,2240.0,838.0,838.0,830.0,836.0,1100.0,0.0,0.23923444976077235,-0.23866348448687846,-4.675028506271383,-7.726269315673284,8.373205741626787,3.3067274800456126,0.49107142857142855,False,False,False
1780,ヤマウラ,2026-09-15,1486.0,1518.0,1518.0,1483.6,1482.48,22460.0,1485.0,1488.0,1485.0,1486.0,23700.0,0.0,-0.06729475100941684,0.06734006734006037,-2.1080368906455815,-2.1080368906455815,2.153432032301472,0.0,1.0552092609082815,True,False,False
1783,ｆａｎｔａｓｉｓｔａ,2026-09-15,68.0,80.0,80.0,73.2,54.8,9047460.0,69.0,69.0,68.0,68.0,4707000.0,0.0,1.4705882352941124,-1.449275362318836,-15.000000000000002,-15.000000000000002,17.647058823529417,0.0,0.52025651398293,False,False,False
1786,オリエンタル白石,2026-09-15,349.0,367.0,389.0,350.0,355.04,347900.0,350.0,352.0,350.0,349.0,340000.0,0.0,0.2865329512893977,-0.28571428571428914,-4.904632152588551,-10.282776349614398,11.46131805157593,5.994550408719346,0.9772923253808565,False,False,False
1787,ナカボーテック,2026-09-15,5620.0,6050.0,6170.0,5620.0,5809.6,140.0,5610.0,5690.0,5610.0,5620.0,300.0,0.0,-0.1779359430605032,0.17825311942958333,-7.107438016528922,-8.914100486223663,9.786476868327409,1.983471074380172,2.142857142857143,True,False,False
1793,大本組,2026-09-15,2090.0,2200.0,2200.0,2088.2,2079.2,1640.0,2089.0,2089.0,2089.0,2090.0,2400.0,0.0,-0.04784688995215225,0.047869794159893786,-5.000000000000004,-5.000000000000004,5.263157894736836,0.0,1.4634146341463414,True,False,False
1795,マサル,2026-09-15,5730.0,5850.0,6000.0,5726.0,5624.0,380.0,5730.0,5730.0,5730.0,5730.0,100.0,0.0,0.0,0.0,-2.051282051282055,-4.5000000000000036,4.712041884816753,2.564102564102555,0.2631578947368421,False,False,False
1798,守谷商会,2026-09-15,1067.0,1138.0,1138.0,1058.8,1049.72,940.0,1069.0,1069.0,1069.0,1067.0,800.0,0.0,0.18744142455482393,-0.187090739008422,-6.239015817223203,-6.239015817223203,6.6541705716963495,0.0,0.851063829787234,False,False,False
1799,第一建設工業,2026-09-15,3310.0,3395.0,3510.0,3301.0,3307.0,16720.0,3310.0,3340.0,3310.0,3310.0,7700.0,0.0,0.0,0.0,-2.5036818851251863,-5.698005698005693,6.042296072507547,3.387334315169377,0.4605263157894737,False,False,False
1801,大成建設,2026-09-15,12260.0,13390.0,13660.0,12618.0,12724.6,996520.0,12425.0,12690.0,12425.0,12665.0,71200.0,3.303425774877655,1.3458401305057155,1.9315895372233438,-5.414488424197161,-7.28404099560761,7.8562968811685785,2.0164301717699784,0.07144864127162526,True,False,False
1802,大林組,2026-09-15,3020.0,3128.0,3256.0,3047.2,3015.06,2705500.0,3063.0,3098.0,3050.0,3090.0,247900.0,2.3178807947019875,1.4238410596026485,0.8814887365328206,-1.2148337595907943,-5.098280098280094,5.372168284789636,4.092071611253201,0.0916281648493809,True,False,False
1803,清水建設,2026-09-15,2317.5,2538.0,2538.0,2396.1,2392.06,4081160.0,2335.0,2385.5,2330.0,2379.0,542700.0,2.6537216828478982,0.7551240560949246,1.8843683083511698,-6.264775413711588,-6.264775413711588,6.683480453972268,0.0,0.13297689872487234,True,False,False
1807,佐藤渡辺,2026-09-15,1900.0,1966.0,2030.0,1936.2,1923.76,620.0,1900.0,1900.0,1900.0,1900.0,100.0,0.0,0.0,0.0,-3.3570701932858604,-6.403940886699511,6.842105263157894,3.2553407934893253,0.16129032258064516,False,False,False
1808,長谷工コーポレーション,2026-09-15,2713.5,2963.0,2963.0,2751.4,2827.42,1006820.0,2741.0,2747.5,2733.5,2740.5,30900.0,0.995024875621886,1.0134512622074876,-0.018241517694272957,-7.509281133985823,-7.509281133985823,8.118956394818454,0.0,0.03069068949762619,False,False,False
1810,松井建設,2026-09-15,1443.0,1530.0,1530.0,1442.0,1467.24,30700.0,1445.0,1452.0,1445.0,1443.0,32700.0,0.0,0.1386001386001423,-0.13840830449827202,-5.686274509803924,-5.686274509803924,6.029106029106024,0.0,1.0651465798045603,False,False,False
1811,錢高組,2026-09-15,7450.0,8080.0,8500.0,7514.0,7833.6,1180.0,7530.0,7530.0,7520.0,7450.0,900.0,0.0,1.0738255033557076,-1.0624169986719778,-7.797029702970293,-12.352941176470589,14.093959731543615,5.198019801980203,0.7627118644067796,False,False,False
1812,鹿島建設,2026-09-15,4870.0,5232.0,5454.0,4976.8,4901.88,2367960.0,4940.0,5038.0,4939.0,5022.0,256100.0,3.1211498973305885,1.4373716632443578,1.6599190283400844,-4.013761467889909,-7.920792079207917,8.602150537634401,4.243119266055051,0.10815216473251238,True,False,False
1813,不動テトラ,2026-09-15,2948.0,2955.0,2955.0,2919.0,2856.0,75040.0,2956.0,2988.0,2956.0,2985.0,10000.0,1.255088195386711,0.27137042062415073,0.9810554803789007,1.0152284263959421,1.0152284263959421,-1.005025125628145,0.0,0.13326226012793177,True,True,True
1814,大末建設,2026-09-15,3530.0,3735.0,3855.0,3530.0,3625.0,57120.0,3555.0,3580.0,3555.0,3565.0,6400.0,0.9915014164305846,0.7082152974504208,0.2812939521800173,-4.551539491298529,-7.522697795071331,8.13464235624124,3.2128514056224855,0.11204481792717087,True,False,False
1815,鉄建建設,2026-09-15,4470.0,4615.0,4615.0,4478.0,4445.8,68840.0,4500.0,4555.0,4500.0,4555.0,8800.0,1.9015659955257336,0.6711409395973256,1.2222222222222134,-1.300108342361861,-1.300108342361861,1.317233809001106,0.0,0.12783265543288785,True,False,False
1820,西松建設,2026-09-15,5563.0,5688.0,5688.0,5546.0,5548.28,109500.0,5570.0,5611.0,5558.0,5563.0,164700.0,0.0,0.12583138594284282,-0.12567324955116144,-2.1976090014064753,-2.1976090014064753,2.246989034693514,0.0,1.5041095890410958,False,False,False
1822,大豊建設,2026-09-15,830.0,843.0,843.0,826.6,818.92,155620.0,830.0,833.0,830.0,830.0,202200.0,0.0,0.0,0.0,-1.542111506524313,-1.542111506524313,1.5662650602409567,0.0,1.2993188536177869,False,False,False
1826,佐田建設,2026-09-15,1077.0,1105.0,1126.0,1078.0,1089.04,3820.0,1070.0,1070.0,1068.0,1077.0,5900.0,0.0,-0.6499535747446661,0.6542056074766434,-2.5339366515837125,-4.3516873889875685,4.549675023212618,1.900452488687776,1.544502617801047,True,False,False
1827,ナカノフドー建設,2026-09-15,1345.0,1415.0,1579.0,1324.8,1347.92,7180.0,1339.0,1339.0,1339.0,1345.0,10000.0,0.0,-0.4460966542750966,0.44809559372667174,-4.946996466431097,-14.819506016466121,17.397769516728623,11.590106007067135,1.392757660167131,True,False,False
1828,田辺工業,2026-09-15,2456.0,2553.0,2553.0,2449.4,2400.68,11920.0,2491.0,2491.0,2491.0,2456.0,7600.0,0.0,1.4250814332247508,-1.4050582095543995,-3.7994516255385857,-3.7994516255385857,3.949511400651473,0.0,0.6375838926174496,False,False,False
1833,奥村組,2026-09-15,5650.0,5910.0,5910.0,5698.0,5748.4,134980.0,5680.0,5730.0,5680.0,5650.0,134200.0,0.0,0.5309734513274433,-0.5281690140845119,-4.3993231810490645,-4.3993231810490645,4.6017699115044275,0.0,0.9942213661283154,False,False,False
1835,東鉄工業,2026-09-15,3890.0,4055.0,4225.0,3902.0,3967.2,72520.0,3915.0,3920.0,3915.0,3890.0,54100.0,0.0,0.6426735218509005,-0.6385696040868472,-4.069050554870534,-7.928994082840235,8.611825192802058,4.192355117139335,0.7460011031439603,False,False,False
1840,土屋ホールディングス,2026-09-15,249.0,264.0,264.0,256.8,254.12,31640.0,249.0,249.0,249.0,249.0,68800.0,0.0,0.0,0.0,-5.681818181818176,-5.681818181818176,6.024096385542177,0.0,2.1744627054361567,False,False,False
1844,大盛工業,2026-09-15,455.0,520.0,520.0,464.0,479.88,491440.0,452.0,455.0,452.0,455.0,110100.0,0.0,-0.659340659340657,0.6637168141592875,-12.5,-12.5,14.28571428571428,0.0,0.22403548754680125,True,False,False
1847,イチケン,2026-09-15,3355.0,3520.0,3560.0,3340.0,3406.2,22280.0,3360.0,3405.0,3360.0,3355.0,23300.0,0.0,0.14903129657228842,-0.14880952380952328,-4.6875,-5.758426966292129,6.110283159463492,1.1363636363636465,1.0457809694793536,False,False,False
1848,富士ピー・エス,2026-09-15,801.0,812.0,812.0,769.4,738.16,15040.0,810.0,830.0,810.0,801.0,57400.0,0.0,1.1235955056179803,-1.1111111111111072,-1.3546798029556606,-1.3546798029556606,1.3732833957553092,0.0,3.8164893617021276,False,False,False
184A,学びエイド,2026-09-15,324.0,360.0,394.0,325.8,322.04,11520.0,327.0,327.0,327.0,324.0,38800.0,0.0,0.92592592592593,-0.917431192660545,-9.999999999999998,-17.76649746192893,21.604938271604944,9.444444444444455,3.3680555555555554,False,False,False
1850,南海辰村建設,2026-09-15,435.0,447.0,447.0,432.6,424.76,27140.0,435.0,439.0,435.0,435.0,12000.0,0.0,0.0,0.0,-2.684563758389258,-2.684563758389258,2.758620689655178,0.0,0.4421518054532056,False,False,False
1852,淺沼組,2026-09-15,887.0,950.0,950.0,881.0,910.36,316520.0,893.0,896.0,892.0,895.0,19200.0,0.901916572717032,0.6764374295377573,0.22396416573349232,-5.789473684210522,-5.789473684210522,6.145251396648055,0.0,0.060659673954252494,True,False,False
1853,森組,2026-09-15,324.0,337.0,338.0,322.8,328.76,17300.0,324.0,324.0,323.0,324.0,10200.0,0.0,0.0,0.0,-3.857566765578635,-4.142011834319526,4.320987654320985,0.29673590504450953,0.5895953757225434,False,False,False
1860,戸田建設,2026-09-15,1477.0,1568.5,1568.5,1490.3,1506.28,673820.0,1488.5,1497.0,1480.0,1477.0,575800.0,0.0,0.7786052809749533,-0.7725898555592914,-5.83359897991712,-5.83359897991712,6.194989844278953,0.0,0.8545308836187706,False,False,False
1861,熊谷組,2026-09-15,1288.0,1313.0,1435.0,1293.0,1293.72,883420.0,1300.0,1313.0,1296.0,1288.0,865800.0,0.0,0.9316770186335477,-0.9230769230769265,-1.9040365575019091,-10.243902439024389,11.413043478260864,9.291698400609283,0.9800547870774943,False,False,False
1866,北野建設,2026-09-15,1112.0,1215.0,1216.0,1137.0,1172.28,13040.0,1112.0,1120.0,1112.0,1112.0,17800.0,0.0,0.0,0.0,-8.477366255144037,-8.552631578947366,9.35251798561152,0.08230452674897748,1.3650306748466257,False,False,False
1867,植木組,2026-09-15,2748.0,2790.0,2935.0,2710.4,2709.56,6840.0,2748.0,2748.0,2748.0,2748.0,8500.0,0.0,0.0,0.0,-1.505376344086018,-6.371379897785346,6.8049490538573565,5.197132616487465,1.2426900584795322,False,False,False
186A,アストロスケールホールディングス,2026-09-15,1007.0,1286.0,1380.0,1022.8,1142.96,3703620.0,1007.0,1023.0,1001.0,1023.0,205200.0,1.5888778550148919,0.0,1.5888778550148919,-20.45101088646968,-25.869565217391298,34.89736070381231,7.309486780715391,0.055405252158698785,True,False,False
1870,矢作建設工業,2026-09-15,2132.0,2255.0,2255.0,2121.0,2135.2,97760.0,2140.0,2157.0,2140.0,2132.0,173500.0,0.0,0.37523452157599557,-0.37383177570093906,-5.454545454545457,-5.454545454545457,5.769230769230771,0.0,1.7747545008183305,False,False,False
1871,ピーエス・コンストラクション,2026-09-15,2130.0,2407.0,2407.0,2164.0,2268.64,98080.0,2135.0,2158.0,2135.0,2130.0,117700.0,0.0,0.23474178403755097,-0.23419203747072626,-11.508101371001246,-11.508101371001246,13.004694835680741,0.0,1.2000407830342577,False,False,False
1873,日本ハウスホールディングス,2026-09-15,306.0,333.0,333.0,304.2,318.64,66680.0,306.0,307.0,306.0,306.0,47100.0,0.0,0.0,0.0,-8.108108108108103,-8.108108108108103,8.823529411764696,0.0,0.7063587282543491,False,False,False
1878,大東建託,2026-09-15,3323.0,3390.0,3390.0,3311.4,3296.96,1292200.0,3348.0,3350.0,3327.0,3343.0,85400.0,0.6018657839301778,0.7523322299127333,-0.14934289127837008,-1.3864306784660774,-1.3864306784660774,1.4059228238109567,0.0,0.06608884073672806,False,False,False
1879,新日本建設,2026-09-15,2266.0,2390.0,2390.0,2261.6,2300.08,204840.0,2277.0,2285.0,2270.0,2285.0,75900.0,0.8384819064430671,0.4854368932038833,0.3513394817742599,-4.3933054393305415,-4.3933054393305415,4.59518599562363,0.0,0.37053309900410075,True,False,False
1882,東亜道路工業,2026-09-15,1598.0,1640.0,1640.0,1597.2,1613.12,342280.0,1600.0,1612.0,1600.0,1598.0,266100.0,0.0,0.12515644555695093,-0.12499999999999734,-2.5609756097561,-2.5609756097561,2.628285356695881,0.0,0.7774336800280472,False,False,False
1885,東亜建設工業,2026-09-15,2140.0,2169.0,2245.0,2109.0,2094.64,422720.0,2160.0,2195.0,2155.0,2190.0,58100.0,2.336448598130847,0.9345794392523255,1.388888888888884,0.9681881051175623,-2.4498886414253906,2.511415525114158,3.503918856615962,0.1374432248296745,True,True,False
1887,日本国土開発,2026-09-15,547.0,557.0,557.0,548.4,546.2,208540.0,547.0,550.0,547.0,547.0,181200.0,0.0,0.0,0.0,-1.795332136445238,-1.795332136445238,1.8281535648994485,0.0,0.8688980531312938,False,False,False
1888,若築建設,2026-09-15,3655.0,3950.0,3970.0,3596.0,3757.8,17120.0,3650.0,3695.0,3650.0,3655.0,12400.0,0.0,-0.1367989056087593,0.136986301369868,-7.468354430379742,-7.9345088161209105,8.618331053351568,0.5063291139240533,0.7242990654205608,True,False,False
1893,五洋建設,2026-09-15,1554.0,1566.0,1591.5,1497.5,1452.92,2702840.0,1546.0,1584.0,1545.0,1575.5,292800.0,1.38352638352639,-0.5148005148005175,1.9081500646830563,0.606641123882512,-1.0053408733898817,1.0155506188511687,1.6283524904214586,0.10833049681076201,True,True,False
1897,金下建設,2026-09-15,3290.0,3325.0,3575.0,3295.0,3291.0,500.0,3300.0,3300.0,3300.0,3290.0,200.0,0.0,0.3039513677811634,-0.303030303030305,-1.0526315789473717,-7.972027972027973,8.662613981762913,7.518796992481214,0.4,False,False,False
1898,世紀東急工業,2026-09-15,1484.0,1517.0,1517.0,1480.2,1490.6,131020.0,1491.0,1497.0,1489.0,1484.0,129800.0,0.0,0.4716981132075526,-0.46948356807511304,-2.175346077785101,-2.175346077785101,2.2237196765498624,0.0,0.9906884445122882,False,False,False
1899,福田組,2026-09-15,4570.0,5140.0,5140.0,4598.0,4733.4,46940.0,4595.0,4635.0,4595.0,4570.0,37800.0,0.0,0.547045951859948,-0.5440696409140355,-11.08949416342413,-11.08949416342413,12.472647702406991,0.0,0.8052833404345974,False,False,False
189A,Ｄ＆Ｍカンパニー,2026-09-15,1042.0,1052.0,1052.0,1042.4,1004.24,1980.0,1043.0,1043.0,1038.0,1042.0,1600.0,0.0,0.09596928982724684,-0.09587727708533222,-0.9505703422053258,-0.9505703422053258,0.9596928982725572,0.0,0.8080808080808081,False,False,False
1904,大成温調,2026-09-15,5150.0,5190.0,5240.0,5096.0,5109.2,11500.0,5130.0,5160.0,5130.0,5160.0,1100.0,0.1941747572815622,-0.3883495145631022,0.5847953216374213,-0.5780346820809301,-1.526717557251911,1.5503875968992276,0.9633911368015502,0.09565217391304348,True,False,False
190A,Ｃｈｏｒｄｉａ　Ｔｈｅｒａｐｅｕｔｉｃｓ,2026-09-15,69.0,83.0,84.0,69.2,74.76,246140.0,69.0,69.0,68.0,69.0,154400.0,0.0,0.0,0.0,-16.867469879518072,-17.85714285714286,21.739130434782616,1.2048192771084265,0.6272852847972699,False,False,False
1911,住友林業,2026-09-15,1233.0,1369.5,1369.5,1244.6,1310.52,5668860.0,1242.0,1245.5,1240.5,1245.0,177700.0,0.9732360097323589,0.7299270072992803,0.24154589371980784,-9.090909090909093,-9.090909090909093,10.000000000000009,0.0,0.031346690516259004,True,False,False
1914,日本基礎技術,2026-09-15,800.0,844.0,844.0,803.0,782.48,22660.0,794.0,806.0,794.0,803.0,8600.0,0.374999999999992,-0.7499999999999951,1.133501259445846,-4.857819905213267,-4.857819905213267,5.105853051058529,0.0,0.3795233892321271,True,False,False
1921,巴コーポレーション,2026-09-15,1903.0,2008.0,2008.0,1895.0,1905.04,6960.0,1917.0,1917.0,1917.0,1903.0,5500.0,0.0,0.7356805044666404,-0.7303077725612894,-5.22908366533864,-5.22908366533864,5.517603783499747,0.0,0.7902298850574713,False,False,False
1925,大和ハウス工業,2026-09-15,4587.0,4799.0,4799.0,4612.6,4657.56,1620180.0,4621.0,4624.0,4604.0,4619.0,85000.0,0.6976237192064527,0.7412252016568477,-0.0432806751785364,-3.750781412794335,-3.750781412794335,3.896947391210226,0.0,0.05246330654618623,False,False,False
1926,ライト工業,2026-09-15,3825.0,3905.0,4035.0,3814.0,3793.4,143560.0,3870.0,3885.0,3865.0,3825.0,96300.0,0.0,1.17647058823529,-1.1627906976744207,-2.0486555697823317,-5.2044609665427455,5.490196078431375,3.3290653008962945,0.6707996656450265,False,False,False
1928,積水ハウス,2026-09-15,3342.0,3528.0,3528.0,3352.4,3406.44,3033020.0,3360.0,3361.0,3346.0,3353.0,195800.0,0.32914422501495455,0.538599640933568,-0.2083333333333326,-4.960317460317465,-4.960317460317465,5.219206680584554,0.0,0.0645561189837192,False,False,False
1929,日特建設,2026-09-15,1222.0,1231.0,1231.0,1213.2,1188.68,91280.0,1222.0,1229.0,1222.0,1222.0,71500.0,0.0,0.0,0.0,-0.7311129163281915,-0.7311129163281915,0.7364975450081745,0.0,0.7833041191936897,False,False,False
192A,インテグループ,2026-09-15,1260.0,1325.0,1325.0,1283.8,1250.92,1320.0,1273.0,1274.0,1260.0,1260.0,2100.0,0.0,1.031746031746028,-1.021209740769835,-4.9056603773584895,-4.9056603773584895,5.158730158730163,0.0,1.5909090909090908,False,False,False
1930,北陸電気工事,2026-09-15,1578.0,1613.0,1613.0,1571.6,1547.44,39780.0,1579.0,1599.0,1579.0,1578.0,36500.0,0.0,0.06337135614702394,-0.06333122229259525,-2.169869807811531,-2.169869807811531,2.217997465145749,0.0,0.9175465057817999,False,False,False
1934,ユアテック,2026-09-15,2607.0,2676.0,2676.0,2619.2,2556.16,118420.0,2618.0,2637.0,2618.0,2607.0,129500.0,0.0,0.42194092827003704,-0.42016806722688926,-2.578475336322872,-2.578475336322872,2.6467203682393636,0.0,1.093565276135788,False,False,False
1938,日本リーテック,2026-09-15,2571.0,2626.0,2626.0,2578.2,2519.32,70480.0,2580.0,2602.0,2578.0,2571.0,59800.0,0.0,0.3500583430571691,-0.34883720930232176,-2.094440213252091,-2.094440213252091,2.1392454297938457,0.0,0.8484676503972758,False,False,False
1939,四電工,2026-09-15,2239.0,2359.0,2359.0,2274.0,2203.68,73100.0,2248.0,2265.0,2248.0,2239.0,69600.0,0.0,0.40196516301920227,-0.40035587188611554,-5.086901229334462,-5.086901229334462,5.359535506922741,0.0,0.9521203830369357,False,False,False
1941,中電工,2026-09-15,5090.0,5280.0,5280.0,5144.0,5129.2,74840.0,5100.0,5130.0,5100.0,5090.0,62600.0,0.0,0.19646365422396617,-0.19607843137254832,-3.598484848484851,-3.598484848484851,3.7328094302554016,0.0,0.8364510956707643,False,False,False
1942,関電工,2026-09-15,5397.0,5844.0,5848.0,5522.4,5527.4,676800.0,5437.0,5508.0,5428.0,5489.0,53700.0,1.70465073188808,0.7411524921252521,0.956409784807799,-6.074606433949348,-6.138850889192882,6.540353434141011,0.0684462696783017,0.07934397163120567,True,False,False
1944,きんでん,2026-09-15,6745.0,7320.0,7489.0,6865.2,6920.92,519900.0,6809.0,6899.0,6809.0,6745.0,363400.0,0.0,0.9488510007412909,-0.9399324423557065,-7.8551912568305955,-9.934570703698753,11.030392883617491,2.308743169398908,0.6989805731871513,False,False,False
1945,東京エネシス,2026-09-15,2125.0,2190.0,2190.0,2124.6,2082.96,150420.0,2125.0,2140.0,2117.0,2139.0,3600.0,0.6588235294117561,0.0,0.6588235294117561,-2.328767123287667,-2.328767123287667,2.384291725105192,0.0,0.023932987634623055,True,False,False
1946,トーエネック,2026-09-15,2162.0,2315.0,2315.0,2201.4,2175.32,174540.0,2175.0,2195.0,2166.0,2162.0,172600.0,0.0,0.6012950971322928,-0.5977011494252893,-6.609071274298051,-6.609071274298051,7.076780758556889,0.0,0.988885069325083,False,False,False
1948,弘電社,2026-09-15,11420.0,11480.0,11480.0,11422.0,11419.6,1600.0,11420.0,11420.0,11420.0,11420.0,1500.0,0.0,0.0,0.0,-0.5226480836236891,-0.5226480836236891,0.5253940455341555,0.0,0.9375,False,False,False
194A,ＷＯＬＶＥＳ　ＨＡＮＤ,2026-09-15,1729.0,2100.0,2160.0,1787.0,1895.8,135940.0,1758.0,1758.0,1725.0,1729.0,18300.0,0.0,1.6772700983227251,-1.6496018202502793,-17.666666666666664,-19.953703703703706,24.927703875072304,2.857142857142847,0.13461821391790496,False,False,False
1950,日本電設工業,2026-09-15,4020.0,4155.0,4155.0,4043.0,3960.6,87100.0,4045.0,4075.0,4045.0,4020.0,59200.0,0.0,0.6218905472636926,-0.6180469715698411,-3.2490974729241895,-3.2490974729241895,3.3582089552238736,0.0,0.6796785304247991,False,False,False
1951,エクシオグループ,2026-09-15,2556.5,2702.5,2775.0,2560.3,2604.2,457080.0,2578.0,2590.0,2558.5,2556.5,346400.0,0.0,0.8409935458634887,-0.83397982932506,-5.402405180388525,-7.873873873873871,8.546841384705651,2.6827012025901986,0.757854204953181,False,False,False
1952,新日本空調,2026-09-15,3185.0,3245.0,3500.0,3170.0,3127.6,118060.0,3185.0,3225.0,3185.0,3185.0,92800.0,0.0,0.0,0.0,-1.8489984591679498,-8.999999999999996,9.8901098901099,7.858243451463798,0.7860409961036761,False,False,False
1959,クラフティア,2026-09-15,7859.0,8445.0,8546.0,7952.2,8165.84,166200.0,7900.0,7955.0,7841.0,7859.0,114500.0,0.0,0.5216948721211256,-0.518987341772148,-6.939017169923034,-8.038848584132928,8.741570174322444,1.1959739490823074,0.6889290012033694,False,False,False
195A,ＭＵＳＣＡＴ　ＧＲＯＵＰ,2026-09-15,706.0,743.0,743.0,687.4,649.64,20600.0,706.0,706.0,700.0,706.0,14700.0,0.0,0.0,0.0,-4.979811574697168,-4.979811574697168,5.240793201133154,0.0,0.7135922330097088,False,False,False
1960,サンテック,2026-09-15,1662.0,1734.0,1790.0,1660.8,1679.6,12480.0,1643.0,1664.0,1635.0,1662.0,8700.0,0.0,-1.1432009626955453,1.1564211807668867,-4.152249134948094,-7.150837988826819,7.701564380264747,3.2295271049596286,0.6971153846153846,True,False,False
1961,三機工業,2026-09-15,2425.0,2486.0,2585.0,2398.0,2419.0,466220.0,2441.0,2457.0,2425.0,2444.0,25000.0,0.7835051546391858,0.6597938144329962,0.12290045063498845,-1.6894609814963824,-5.454545454545457,5.769230769230771,3.9823008849557473,0.053622753206640644,True,False,False
1963,日揮ホールディングス,2026-09-15,2304.5,2463.5,2463.5,2355.9,2322.46,1576100.0,2334.5,2354.0,2331.0,2341.0,95500.0,1.5838576697765339,1.3018008244738644,0.2784322124651961,-4.972599959407342,-4.972599959407342,5.232806492951725,0.0,0.060592601992259375,True,False,False
1964,中外炉工業,2026-09-15,3855.0,4140.0,4250.0,3850.0,4014.8,23820.0,3835.0,3895.0,3835.0,3855.0,16400.0,0.0,-0.5188067444876765,0.5215123859191761,-6.8840579710144905,-9.294117647058819,10.246433203631655,2.657004830917864,0.6884970612930311,True,False,False
1965,テクノ菱和,2026-09-15,6940.0,7310.0,7310.0,7010.0,6644.8,56700.0,6940.0,7000.0,6920.0,7000.0,2400.0,0.8645533141210304,0.0,0.8645533141210304,-4.240766073871405,-4.240766073871405,4.428571428571426,0.0,0.042328042328042326,True,False,False
1966,高田工業所,2026-09-15,1721.0,1752.0,1775.0,1729.6,1733.56,1620.0,1721.0,1725.0,1721.0,1721.0,800.0,0.0,0.0,0.0,-1.7694063926940617,-3.0422535211267587,3.1377106333527083,1.3127853881278462,0.49382716049382713,False,False,False
1967,ヤマト,2026-09-15,2114.0,2131.0,2174.0,2103.8,2097.68,11620.0,2127.0,2148.0,2122.0,2114.0,19900.0,0.0,0.6149479659413482,-0.611189468735307,-0.7977475363678987,-2.7598896044158217,2.838221381267747,2.0178320037541164,1.7125645438898451,False,False,False
1968,太平電業,2026-09-15,2520.0,2611.0,2611.0,2535.8,2470.16,101580.0,2550.0,2563.0,2550.0,2520.0,85700.0,0.0,1.1904761904761862,-1.17647058823529,-3.4852546916890104,-3.4852546916890104,3.6111111111111205,0.0,0.8436700137822406,False,False,False
1969,高砂熱学工業,2026-09-15,4521.0,4560.0,4560.0,4455.4,4332.84,512480.0,4540.0,4578.0,4539.0,4571.0,39900.0,1.1059500110595089,0.4202610042026045,0.6828193832599139,0.24122807017543657,0.24122807017543657,-0.24064756070881765,0.0,0.07785669684670621,True,True,True
196A,ＭＦＳ,2026-09-15,319.0,391.0,391.0,322.4,329.52,86700.0,319.0,321.0,319.0,319.0,58400.0,0.0,0.0,0.0,-18.41432225063938,-18.41432225063938,22.57053291536051,0.0,0.6735870818915801,False,False,False
1972,三晃金属工業,2026-09-15,1309.0,1356.0,1356.0,1308.6,1323.48,22340.0,1309.0,1316.0,1309.0,1309.0,18800.0,0.0,0.0,0.0,-3.466076696165188,-3.466076696165188,3.59052711993888,0.0,0.8415398388540735,False,False,False
1975,朝日工業社,2026-09-15,3805.0,4060.0,4130.0,3827.0,3869.8,69680.0,3820.0,3855.0,3820.0,3805.0,43100.0,0.0,0.3942181340341744,-0.39267015706806463,-6.280788177339902,-7.869249394673128,8.541392904073586,1.724137931034475,0.6185419058553386,False,False,False
1976,明星工業,2026-09-15,1709.0,1855.0,1909.0,1710.0,1751.28,63220.0,1710.0,1724.0,1701.0,1709.0,64400.0,0.0,0.05851375073142595,-0.05847953216374657,-7.870619946091639,-10.476689366160297,11.70275014628437,2.9110512129379984,1.0186649794368872,False,False,False
1979,大氣社,2026-09-15,3790.0,4085.0,4435.0,3763.0,3916.6,187600.0,3790.0,3835.0,3790.0,3790.0,187000.0,0.0,0.0,0.0,-7.221542227662181,-14.543404735062005,17.018469656992075,8.56793145654835,0.9968017057569296,False,False,False
197A,タウンズ,2026-09-15,515.0,516.0,516.0,507.4,501.84,192020.0,511.0,515.0,511.0,515.0,198700.0,0.0,-0.7766990291262155,0.7827788649706457,-0.19379844961240345,-0.19379844961240345,0.1941747572815622,0.0,1.0347880429121967,True,False,False
1980,ダイダン,2026-09-15,2744.0,2905.0,2948.0,2746.2,2755.0,484140.0,2751.0,2799.0,2750.0,2744.0,419400.0,0.0,0.25510204081633514,-0.2544529262086481,-5.5421686746988,-6.919945725915877,7.434402332361523,1.480206540447515,0.8662783492378238,False,False,False
1981,協和日成,2026-09-15,1322.0,1366.0,1366.0,1332.0,1330.32,1860.0,1322.0,1323.0,1322.0,1322.0,800.0,0.0,0.0,0.0,-3.221083455344065,-3.221083455344065,3.3282904689863946,0.0,0.43010752688172044,False,False,False
1982,日比谷総合設備,2026-09-15,3070.0,3215.0,3260.0,3100.0,3013.0,72760.0,3080.0,3120.0,3080.0,3070.0,41400.0,0.0,0.32573289902280145,-0.32467532467532756,-4.510108864696738,-5.828220858895705,6.1889250814332275,1.3996889580093264,0.5689939527212754,False,False,False
198A,ＰｏｓｔＰｒｉｍｅ,2026-09-15,161.0,188.0,188.0,162.2,162.88,24060.0,161.0,162.0,161.0,161.0,7700.0,0.0,0.0,0.0,-14.36170212765957,-14.36170212765957,16.770186335403725,0.0,0.3200332502078138,False,False,False
1992,神田通信機,2026-09-15,2986.0,2986.0,2999.0,2986.0,2961.16,100.0,2986.0,2986.0,2986.0,2986.0,100.0,0.0,0.0,0.0,0.0,-0.4334778259419858,0.4353650368385864,0.4353650368385864,1.0,False,False,False
1994,高橋カーテンウォール工業,2026-09-15,620.0,651.0,651.0,620.2,600.92,8260.0,625.0,625.0,620.0,620.0,4400.0,0.0,0.8064516129032251,-0.8000000000000007,-4.761904761904767,-4.761904761904767,5.000000000000004,0.0,0.5326876513317191,False,False,False
1997,暁飯島工業,2026-09-15,4015.0,4290.0,4290.0,3980.0,4022.8,780.0,3940.0,4035.0,3890.0,4015.0,1100.0,0.0,-1.8679950186799466,1.9035532994923887,-6.41025641025641,-6.41025641025641,6.849315068493156,0.0,1.4102564102564104,True,False,False
2001,ニップン,2026-09-15,2994.0,3055.0,3055.0,2978.2,2925.72,164900.0,3000.0,3010.0,2995.0,2994.0,173000.0,0.0,0.2004008016031955,-0.20000000000000018,-1.9967266775777426,-1.9967266775777426,2.0374081496326024,0.0,1.049120679199515,False,False,False
2002,日清製粉グループ本社,2026-09-15,2057.0,2104.0,2104.0,2049.8,2043.06,947260.0,2069.5,2070.5,2062.5,2057.0,531700.0,0.0,0.6076810889645179,-0.6040106305870929,-2.2338403041825106,-2.2338403041825106,2.284880894506558,0.0,0.5613031269134134,False,False,False
2003,日東富士製粉,2026-09-15,1900.0,1902.0,1902.0,1862.8,1814.6,21280.0,1892.0,1892.0,1892.0,1900.0,21200.0,0.0,-0.42105263157894424,0.42283298097252064,-0.1051524710830698,-0.1051524710830698,0.10526315789474161,0.0,0.9962406015037594,True,False,False
2004,昭和産業,2026-09-15,3905.0,3980.0,3980.0,3892.0,3769.0,49200.0,3930.0,3950.0,3910.0,3905.0,45700.0,0.0,0.6402048655569814,-0.6361323155216314,-1.8844221105527637,-1.8844221105527637,1.9206145966709443,0.0,0.9288617886178862,False,False,False
2009,鳥越製粉,2026-09-15,1110.0,1113.0,1113.0,1101.6,1096.2,9760.0,1110.0,1110.0,1107.0,1110.0,8400.0,0.0,0.0,0.0,-0.26954177897574594,-0.26954177897574594,0.2702702702702675,0.0,0.860655737704918,False,False,False
2053,中部飼料,2026-09-15,2051.0,2064.0,2064.0,2025.0,2011.52,66060.0,2051.0,2076.0,2051.0,2074.0,18900.0,1.1214041930765584,0.0,1.1214041930765584,0.4844961240310086,0.4844961240310086,-0.48216007714561027,0.0,0.28610354223433243,True,True,True
2055,日和産業,2026-09-15,344.0,358.0,359.0,345.0,347.72,6380.0,346.0,346.0,346.0,344.0,9800.0,0.0,0.5813953488372103,-0.5780346820809301,-3.9106145251396662,-4.178272980501396,4.3604651162790775,0.27932960893854997,1.536050156739812,False,False,False
205A,ロゴスホールディングス,2026-09-15,1658.0,1720.0,1842.0,1634.4,1662.88,17960.0,1665.0,1667.0,1659.0,1658.0,22400.0,0.0,0.42219541616406175,-0.4204204204204198,-3.604651162790695,-9.989142236699244,11.097708082026546,7.093023255813957,1.247216035634744,False,False,False
2060,フィード・ワン,2026-09-15,1460.0,1479.0,1479.0,1454.8,1428.08,69120.0,1460.0,1465.0,1456.0,1460.0,72700.0,0.0,0.0,0.0,-1.284651791751179,-1.284651791751179,1.3013698630137016,0.0,1.0517939814814814,False,False,False
206A,ＰＲＩＳＭ　ＢｉｏＬａｂ,2026-09-15,161.0,183.0,183.0,166.2,170.64,139320.0,160.0,162.0,160.0,162.0,14500.0,0.6211180124223503,-0.6211180124223614,1.2499999999999956,-11.475409836065575,-11.475409836065575,12.962962962962955,0.0,0.10407694516221648,True,False,False
208A,構造計画研究所ホールディングス,2026-09-15,2877.0,3055.0,3105.0,2877.8,2956.16,5180.0,2904.0,2904.0,2904.0,2877.0,4600.0,0.0,0.9384775808133572,-0.9297520661157077,-5.826513911620291,-7.342995169082123,7.9249217935349225,1.6366612111292866,0.888030888030888,False,False,False
2108,日本甜菜製糖,2026-09-15,5160.0,5980.0,5980.0,5200.0,5436.0,29440.0,5180.0,5230.0,5180.0,5160.0,21900.0,0.0,0.3875968992248069,-0.38610038610038533,-13.712374581939802,-13.712374581939802,15.891472868217061,0.0,0.7438858695652174,False,False,False
2109,ＤＭ三井製糖,2026-09-15,3835.0,3865.0,3865.0,3809.0,3696.8,48940.0,3845.0,3850.0,3830.0,3835.0,45300.0,0.0,0.26075619295957697,-0.2600780234070177,-0.7761966364812412,-0.7761966364812412,0.7822685788787531,0.0,0.9256232120964446,False,False,False
2112,塩水港精糖,2026-09-15,464.0,485.0,485.0,464.2,469.0,21680.0,463.0,466.0,463.0,464.0,14700.0,0.0,-0.21551724137931494,0.21598272138227959,-4.32989690721649,-4.32989690721649,4.525862068965525,0.0,0.6780442804428044,True,False,False
2114,フジ日本,2026-09-15,674.0,694.0,694.0,676.0,663.68,15840.0,675.0,675.0,675.0,674.0,14100.0,0.0,0.14836795252226587,-0.1481481481481528,-2.8818443804034533,-2.8818443804034533,2.9673590504450953,0.0,0.8901515151515151,False,False,False
2117,ウェルネオシュガー,2026-09-15,2820.0,2923.0,2923.0,2819.8,2830.6,15780.0,2837.0,2837.0,2824.0,2820.0,14800.0,0.0,0.6028368794326333,-0.5992245329573542,-3.5237769414984577,-3.5237769414984577,3.652482269503543,0.0,0.9378960709759189,False,False,False
211A,カドス・コーポレーション,2026-09-15,3285.0,3435.0,3435.0,3354.0,3360.6,11100.0,3265.0,3265.0,3265.0,3285.0,14300.0,0.0,-0.60882800608828,0.6125574272588086,-4.366812227074234,-4.366812227074234,4.566210045662111,0.0,1.2882882882882882,True,False,False
2120,ＬＩＦＵＬＬ,2026-09-15,233.0,249.0,249.0,230.6,233.72,659780.0,233.0,235.0,232.0,233.0,709100.0,0.0,0.0,0.0,-6.425702811244982,-6.425702811244982,6.866952789699576,0.0,1.0747521901239807,False,False,False
2121,ＭＩＸＩ,2026-09-15,3825.0,3840.0,3840.0,3665.0,3555.6,338600.0,3845.0,3850.0,3820.0,3825.0,310100.0,0.0,0.5228758169934622,-0.5201560468140465,-0.390625,-0.390625,0.39215686274509665,0.0,0.9158298877731837,False,False,False
2122,インタースペース,2026-09-15,1460.0,1520.0,1520.0,1465.2,1459.16,5240.0,1458.0,1458.0,1458.0,1460.0,5100.0,0.0,-0.136986301369868,0.137174211248281,-3.9473684210526327,-3.9473684210526327,4.109589041095885,0.0,0.9732824427480916,True,False,False
2124,ジェイエイシーリクルートメント,2026-09-15,1015.0,1036.0,1065.0,980.6,993.04,484400.0,1020.0,1025.0,1017.0,1024.0,60400.0,0.8866995073891548,0.49261083743843415,0.39215686274509665,-1.158301158301156,-3.8497652582159647,4.00390625,2.7992277992278103,0.12469033856317094,True,False,False
2127,日本Ｍ＆Ａセンターホールディングス,2026-09-15,647.0999755859375,695.2000122070312,695.2000122070312,633.9799926757812,662.272001953125,4890380.0,646.2000122070312,647.4000244140625,641.5,647.0999755859375,180200.0,0.0,-0.13907640439815294,0.13927009624039588,-6.91887741319106,-6.91887741319106,7.433169283856023,0.0,0.0368478523141351,True,False,False
212A,フィットイージー,2026-09-15,2658.0,3135.0,3155.0,2807.2,2954.6,247100.0,2631.0,2684.0,2631.0,2684.0,41600.0,0.9781790820165615,-1.0158013544018019,2.014443177499059,-14.385964912280702,-14.928684627575272,17.548435171386,0.6379585326953707,0.16835289356535815,True,False,False
2130,メンバーズ,2026-09-15,915.0,966.0,969.0,894.0,924.4,67200.0,921.0,921.0,910.0,915.0,88300.0,0.0,0.6557377049180246,-0.6514657980456029,-5.2795031055900665,-5.572755417956654,5.901639344262288,0.31055900621117516,1.3139880952380953,False,False,False
2134,北浜キャピタルパートナーズ,2026-09-15,19.0,23.0,25.0,19.8,21.0,1513740.0,19.0,19.0,19.0,19.0,140700.0,0.0,0.0,0.0,-17.391304347826086,-24.0,31.578947368421062,8.695652173913038,0.09294859090728923,False,False,False
2136,ヒップ,2026-09-15,1412.0,1440.0,1460.0,1416.4,1416.32,420.0,1412.0,1412.0,1412.0,1412.0,300.0,0.0,0.0,0.0,-1.9444444444444486,-3.28767123287671,3.399433427762033,1.388888888888884,0.7142857142857143,False,False,False
2138,クルーズ,2026-09-15,433.0,473.0,473.0,428.8,448.8,27960.0,432.0,432.0,432.0,433.0,15400.0,0.0,-0.2309468822170868,0.23148148148148806,-8.456659619450313,-8.456659619450313,9.237875288683606,0.0,0.5507868383404864,True,False,False
2139,中広,2026-09-15,519.0,530.0,532.0,519.2,523.92,1780.0,519.0,519.0,519.0,519.0,1100.0,0.0,0.0,0.0,-2.075471698113207,-2.4436090225563922,2.5048169556840083,0.37735849056603765,0.6179775280898876,False,False,False
2146,ＵＴグループ,2026-09-15,230.0,240.0,240.0,224.6,227.88,4278440.0,229.0,231.0,229.0,231.0,482300.0,0.43478260869564966,-0.43478260869564966,0.8733624454148492,-3.749999999999998,-3.749999999999998,3.8961038961038863,0.0,0.11272800366488721,True,False,False
2148,アイティメディア,2026-09-15,1162.0,1269.0,1279.0,1154.0,1214.92,40240.0,1158.0,1177.0,1158.0,1162.0,43300.0,0.0,-0.344234079173833,0.3454231433505983,-8.43183609141056,-9.147771696637996,10.068846815834775,0.7880220646178104,1.0760437375745526,True,False,False
2152,幼児活動研究会,2026-09-15,1550.0,1594.0,1594.0,1518.6,1532.32,480.0,1549.0,1549.0,1549.0,1550.0,1400.0,0.0,-0.0645161290322549,0.06455777921239303,-2.7603513174404015,-2.7603513174404015,2.8387096774193488,0.0,2.9166666666666665,True,False,False
2153,Ｅ・Ｊホールディングス,2026-09-15,1853.0,1908.0,1908.0,1835.8,1826.08,41080.0,1855.0,1867.0,1855.0,1853.0,49000.0,0.0,0.10793308148948633,-0.10781671159029171,-2.8825995807127858,-2.8825995807127858,2.9681597409606075,0.0,1.192794547224927,False,False,False
2154,オープンアップグループ,2026-09-15,2003.0,2083.0,2083.0,1955.4,2011.04,178120.0,2008.0,2016.0,2001.0,2003.0,128400.0,0.0,0.24962556165750716,-0.2490039840637448,-3.8406144983197277,-3.8406144983197277,3.9940089865202255,0.0,0.7208623399955086,False,False,False
2156,セーラー広告,2026-09-15,282.0,285.0,285.0,276.0,276.68,4540.0,282.0,282.0,282.0,282.0,7600.0,0.0,0.0,0.0,-1.0526315789473717,-1.0526315789473717,1.0638297872340496,0.0,1.6740088105726871,False,False,False
2157,コシダカホールディングス,2026-09-15,997.0,1076.0,1076.0,990.8,1024.08,487920.0,997.0,1000.0,997.0,999.0,12700.0,0.20060180541625616,0.0,0.20060180541625616,-7.15613382899628,-7.15613382899628,7.7077077077077005,0.0,0.02602885718970323,True,False,False
2158,ＦＲＯＮＴＥＯ,2026-09-15,617.0,675.0,675.0,613.4,632.84,165600.0,620.0,620.0,617.0,617.0,7600.0,0.0,0.4862236628849326,-0.4838709677419395,-8.592592592592595,-8.592592592592595,9.400324149108584,0.0,0.04589371980676329,False,False,False
215A,タイミー,2026-09-15,1316.0,1825.0,1825.0,1418.6,1618.2,4631860.0,1315.0,1333.0,1309.0,1330.0,198100.0,1.0638297872340496,-0.07598784194529085,1.1406844106463865,-27.123287671232877,-27.123287671232877,37.21804511278195,0.0,0.042768995608675565,True,False,False
2160,ジーエヌアイグループ,2026-09-15,2895.0,2999.0,2999.0,2912.6,2852.2,785380.0,2908.0,2917.0,2890.0,2905.0,50900.0,0.3454231433505983,0.4490500863557845,-0.10316368638239037,-3.1343781260420145,-3.1343781260420145,3.2358003442340744,0.0,0.06480939163207619,False,False,False
2163,アルトナー,2026-09-15,953.0,984.0,984.0,946.2,966.08,100760.0,949.0,953.0,949.0,953.0,19600.0,0.0,-0.41972717733472775,0.42149631190726566,-3.1504065040650397,-3.1504065040650397,3.2528856243441817,0.0,0.1945216355696705,True,False,False
2164,地域新聞社,2026-09-15,114.0,188.0,188.0,115.2,137.08,54980.0,113.0,113.0,112.0,114.0,38600.0,0.0,-0.8771929824561431,0.8849557522123908,-39.36170212765957,-39.36170212765957,64.91228070175438,0.0,0.7020734812659148,True,False,False
2168,パソナグループ,2026-09-15,1594.0,1762.0,1762.0,1569.0,1643.8,133980.0,1604.0,1609.0,1595.0,1607.0,6200.0,0.8155583437892133,0.6273525721455453,0.18703241895261513,-8.796821793416576,-8.796821793416576,9.645301804604856,0.0,0.04627556351694283,True,False,False
2169,ＣＤＳ,2026-09-15,1725.0,1738.0,1738.0,1729.2,1723.88,2420.0,1725.0,1725.0,1725.0,1725.0,3500.0,0.0,0.0,0.0,-0.7479861910241636,-0.7479861910241636,0.7536231884057942,0.0,1.4462809917355373,False,False,False
2170,リンクアンドモチベーション,2026-09-15,672.0,749.0,749.0,659.0,669.48,216120.0,668.0,672.0,668.0,672.0,247900.0,0.0,-0.5952380952380931,0.5988023952095745,-10.280373831775702,-10.280373831775702,11.458333333333325,0.0,1.1470479363316677,True,False,False
2173,博展,2026-09-15,712.0,745.0,745.0,709.0,713.72,7580.0,711.0,711.0,711.0,712.0,6100.0,0.0,-0.1404494382022503,0.14064697609001975,-4.4295302013422795,-4.4295302013422795,4.63483146067416,0.0,0.8047493403693932,True,False,False
2175,エス・エム・エス,2026-09-15,2666.0,2709.0,2709.0,2598.2,2440.72,419000.0,2670.0,2689.0,2667.0,2689.0,8700.0,0.8627156789197343,0.15003750937734317,0.7116104868913897,-0.7382798080472486,-0.7382798080472486,0.7437709185570851,0.0,0.020763723150357995,True,False,False
2179,成学社,2026-09-15,819.0,888.0,888.0,822.8,841.52,1060.0,821.0,824.0,819.0,819.0,1100.0,0.0,0.24420024420024333,-0.24360535931789995,-7.770270270270274,-7.770270270270274,8.424908424908416,0.0,1.0377358490566038,False,False,False
2180,サニーサイドアップグループ,2026-09-15,1309.0,1315.0,1315.0,1309.0,1307.96,8080.0,1309.0,1309.0,1309.0,1309.0,15900.0,0.0,0.0,0.0,-0.4562737642585524,-0.4562737642585524,0.4583651642475095,0.0,1.9678217821782178,False,False,False
2181,パーソルホールディングス,2026-09-15,293.5,304.29998779296875,304.29998779296875,288.6200012207031,291.8719970703125,10172880.0,294.3999938964844,295.5,292.6000061035156,295.5,330200.0,0.6814310051107331,0.30664187273743426,0.37364338529926044,-2.8918791146833156,-2.8918791146833156,2.977999253119723,0.0,0.03245885137738772,True,False,False
2183,リニカル,2026-09-15,203.0,209.0,213.0,203.8,206.32,17520.0,204.0,204.0,204.0,203.0,22000.0,0.0,0.49261083743843415,-0.4901960784313708,-2.8708133971291905,-4.694835680751175,4.92610837438423,1.9138755980861344,1.2557077625570776,False,False,False
2185,シイエム・シイ,2026-09-15,1995.0,2010.0,2010.0,1980.2,1964.16,1120.0,1990.0,1995.0,1987.0,1995.0,700.0,0.0,-0.25062656641604564,0.2512562814070307,-0.7462686567164201,-0.7462686567164201,0.7518796992481258,0.0,0.625,True,False,False
2186,ソーバル,2026-09-15,898.0,932.0,932.0,899.6,910.56,5020.0,898.0,898.0,893.0,898.0,7300.0,0.0,0.0,0.0,-3.648068669527893,-3.648068669527893,3.786191536748329,0.0,1.454183266932271,False,False,False
218A,Ｌｉｂｅｒａｗａｒｅ,2026-09-15,985.0,1238.0,1238.0,1111.4,1128.56,402400.0,1000.0,1020.0,1000.0,1011.0,60500.0,2.639593908629445,1.522842639593902,1.0999999999999899,-18.336025848142167,-18.336025848142167,22.453016815034623,0.0,0.15034791252485089,True,False,False
2193,クックパッド,2026-09-15,130.0,139.0,139.0,127.8,131.04,199600.0,129.0,129.0,129.0,130.0,283500.0,0.0,-0.7692307692307665,0.7751937984496138,-6.474820143884896,-6.474820143884896,6.923076923076921,0.0,1.4203406813627255,True,False,False
2195,アミタホールディングス,2026-09-15,365.0,434.0,434.0,355.6,361.44,83820.0,375.0,375.0,372.0,375.0,3300.0,2.7397260273972712,2.7397260273972712,0.0,-13.594470046082952,-13.594470046082952,15.733333333333333,0.0,0.03937007874015748,False,False,False
2198,アイ・ケイ・ケイホールディングス,2026-09-15,779.0,796.0,796.0,774.2,782.0,39860.0,779.0,779.0,779.0,779.0,18400.0,0.0,0.0,0.0,-2.1356783919597944,-2.1356783919597944,2.1822849807445532,0.0,0.4616156547917712,False,False,False
219A,Ｈｅａｒｔｓｅｅｄ,2026-09-15,2435.0,2646.0,2646.0,2352.6,2243.28,379380.0,2430.0,2438.0,2411.0,2435.0,529100.0,0.0,-0.2053388090349051,0.2057613168724215,-7.974300831443692,-7.974300831443692,8.665297741273093,0.0,1.394643892666983,True,False,False
2201,森永製菓,2026-09-15,2492.0,2629.0,2629.0,2468.8,2530.84,337420.0,2493.0,2497.5,2487.0,2497.5,19100.0,0.2207062600320997,0.040128410914919144,0.18050541516245744,-5.001901863826552,-5.001901863826552,5.265265265265273,0.0,0.056606010313555805,True,False,False
2204,中村屋,2026-09-15,3165.0,3245.0,3265.0,3134.0,3177.0,9020.0,3135.0,3155.0,3135.0,3165.0,8600.0,0.0,-0.9478672985781977,0.9569377990430672,-2.4653312788906034,-3.0627871362940318,3.159557661927326,0.6163328197226425,0.9534368070953437,True,False,False
2206,江崎グリコ,2026-09-15,5008.0,5249.0,5249.0,5000.2,5120.16,135560.0,5008.0,5029.0,4999.0,5008.0,6600.0,0.0,0.0,0.0,-4.591350733473043,-4.591350733473043,4.812300319488827,0.0,0.048686928297432874,False,False,False
2207,ｍｅｉｔｏ,2026-09-15,3495.0,3750.0,3750.0,3432.0,3511.4,48740.0,3480.0,3485.0,3480.0,3495.0,43500.0,0.0,-0.42918454935622075,0.4310344827586299,-6.799999999999995,-6.799999999999995,7.296137339055786,0.0,0.8924907673368896,True,False,False
2208,ブルボン,2026-09-15,3140.0,3145.0,3175.0,3123.0,3101.4,3560.0,3125.0,3125.0,3125.0,3140.0,2300.0,0.0,-0.4777070063694322,0.47999999999999154,-0.15898251192368873,-1.1023622047244053,1.1146496815286566,0.9538950715421324,0.6460674157303371,True,False,False
2209,井村屋グループ,2026-09-15,2365.0,2437.0,2437.0,2367.2,2391.96,19780.0,2365.0,2377.0,2365.0,2365.0,23900.0,0.0,0.0,0.0,-2.9544521953221214,-2.9544521953221214,3.044397463002113,0.0,1.2082912032355915,False,False,False
220A,Ｆａｂｅｒ　Ｃｏｍｐａｎｙ,2026-09-15,959.0,987.0,987.0,942.8,947.0,4160.0,955.0,955.0,955.0,959.0,600.0,0.0,-0.4171011470281538,0.41884816753927634,-2.8368794326241176,-2.8368794326241176,2.9197080291970767,0.0,0.14423076923076922,True,False,False
2211,不二家,2026-09-15,2513.0,2527.0,2527.0,2501.0,2490.24,24860.0,2508.0,2525.0,2508.0,2525.0,3000.0,0.4775169120573075,-0.19896538002387443,0.6778309409888328,-0.0791452314997998,-0.0791452314997998,0.07920792079207928,0.0,0.12067578439259855,True,False,False
2212,山崎製パン,2026-09-15,3821.0,3963.0,3963.0,3860.4,3698.4,621720.0,3840.0,3840.0,3805.0,3824.0,28800.0,0.07851347814709086,0.4972520282648496,-0.4166666666666652,-3.5074438556649046,-3.5074438556649046,3.6349372384937295,0.0,0.04632310364794441,False,False,False
2215,第一屋製パン,2026-09-15,616.0,630.0,650.0,617.8,614.48,8020.0,620.0,620.0,620.0,616.0,3200.0,0.0,0.6493506493506551,-0.6451612903225823,-2.2222222222222254,-5.230769230769228,5.519480519480524,3.1746031746031855,0.39900249376558605,False,False,False
2216,カンロ,2026-09-15,1092.0,1110.0,1124.0,1080.4,1090.12,62360.0,1100.0,1100.0,1096.0,1097.0,2600.0,0.45787545787545625,0.73260073260073,-0.27272727272726893,-1.1711711711711703,-2.4021352313167266,2.4612579762989917,1.2612612612612706,0.04169339320076972,False,False,False
2217,モロゾフ,2026-09-15,1484.0,1526.0,1530.0,1482.6,1500.04,28240.0,1485.0,1485.0,1485.0,1484.0,28900.0,0.0,0.06738544474393926,-0.06734006734007147,-2.752293577981646,-3.0065359477124187,3.0997304582210283,0.2621231979030192,1.023371104815864,False,False,False
2220,亀田製菓,2026-09-15,1350.0,1430.0,1430.0,1349.2,1357.68,235520.0,1350.0,1354.0,1342.0,1347.0,16100.0,-0.22222222222222365,0.0,-0.22222222222222365,-5.8041958041958,-5.8041958041958,6.161841128433565,0.0,0.068359375,False,False,False
2221,岩塚製菓,2026-09-15,3050.0,3080.0,3125.0,3058.0,3058.4,3080.0,3060.0,3060.0,3060.0,3050.0,4000.0,0.0,0.3278688524590123,-0.32679738562091387,-0.9740259740259716,-2.400000000000002,2.4590163934426146,1.4610389610389518,1.2987012987012987,False,False,False
2222,寿スピリッツ,2026-09-15,2520.5,2787.0,2787.0,2526.4,2647.3,770420.0,2545.5,2550.0,2495.0,2519.5,42900.0,-0.039674667724654,0.9918666931164388,-1.0214103319583612,-9.598134194474351,-9.598134194474351,10.617185949593178,0.0,0.05568391267101062,False,False,False
2224,コモ,2026-09-15,3715.0,3745.0,3750.0,3703.0,3699.4,1860.0,3715.0,3715.0,3715.0,3715.0,1700.0,0.0,0.0,0.0,-0.8010680907877155,-0.9333333333333305,0.9421265141319024,0.1335113484646211,0.9139784946236559,False,False,False
2226,湖池屋,2026-09-15,4925.0,4960.0,5000.0,4918.0,4890.2,1680.0,4925.0,4925.0,4925.0,4925.0,2400.0,0.0,0.0,0.0,-0.7056451612903247,-1.5000000000000013,1.522842639593902,0.8064516129032251,1.4285714285714286,False,False,False
2229,カルビー,2026-09-15,3030.0,3126.0,3126.0,3022.8,3050.52,270400.0,3034.0,3036.0,3024.0,3036.0,12000.0,0.1980198019801982,0.13201320132012473,0.06591957811470373,-2.8790786948176605,-2.8790786948176605,2.964426877470361,0.0,0.04437869822485207,True,False,False
2264,森永乳業,2026-09-15,1122.5,1212.5,1256.0,1110.2,1152.28,2246680.0,1134.5,1141.0,1133.5,1140.0,212000.0,1.5590200445434244,1.0690423162583507,0.4847950639047971,-5.97938144329897,-9.235668789808916,10.175438596491237,3.5876288659793865,0.0943614577955027,True,False,False
2266,六甲バター,2026-09-15,1110.0,1173.0,1173.0,1104.4,1095.64,52100.0,1109.0,1114.0,1109.0,1114.0,7400.0,0.3603603603603567,-0.09009009009008917,0.45085662759243306,-5.029838022165389,-5.029838022165389,5.296229802513475,0.0,0.1420345489443378,True,False,False
2267,ヤクルト本社,2026-09-15,2853.0,2984.0,2984.0,2835.8,2861.86,1090000.0,2867.5,2869.0,2849.0,2862.0,75000.0,0.3154574132492094,0.5082369435681633,-0.19180470793374038,-4.0884718498659485,-4.0884718498659485,4.262753319357082,0.0,0.06880733944954129,False,False,False
2268,Ｂ－Ｒ　サーティワン　アイスクリーム,2026-09-15,4060.0,4080.0,4080.0,4058.0,4054.2,4020.0,4060.0,4060.0,4060.0,4060.0,3700.0,0.0,0.0,0.0,-0.4901960784313708,-0.4901960784313708,0.49261083743843415,0.0,0.9203980099502488,False,False,False
2269,明治ホールディングス,2026-09-15,4284.0,4608.0,4608.0,4301.8,4360.28,875900.0,4309.0,4325.0,4288.0,4315.0,77800.0,0.7236227824463093,0.5835667600373462,0.1392434439545065,-6.358506944444442,-6.358506944444442,6.790266512166854,0.0,0.08882292499143737,True,False,False
2270,雪印メグミルク,2026-09-15,3730.0,3855.0,3875.0,3723.0,3713.4,131920.0,3750.0,3760.0,3740.0,3730.0,140000.0,0.0,0.536193029490617,-0.5333333333333301,-3.242542153047989,-3.741935483870973,3.887399463806962,0.5188067444876765,1.0612492419648272,False,False,False
2281,プリマハム,2026-09-15,2419.0,2483.0,2483.0,2403.4,2419.92,145180.0,2428.0,2432.0,2420.0,2419.0,203000.0,0.0,0.3720545680033105,-0.37067545304777516,-2.5775271848570314,-2.5775271848570314,2.6457213724679685,0.0,1.3982642237222758,False,False,False
2282,日本ハム,2026-09-15,6251.0,6508.0,6508.0,6215.4,6277.72,586180.0,6346.0,6349.0,6262.0,6284.0,22800.0,0.5279155335146335,1.5197568389057725,-0.9769933816577425,-3.441917639827907,-3.441917639827907,3.5646085295989893,0.0,0.03889590228257532,False,False,False
2286,林兼産業,2026-09-15,904.0,1027.0,1027.0,893.6,905.52,17100.0,911.0,911.0,911.0,904.0,48100.0,0.0,0.7743362831858391,-0.7683863885839748,-11.976630963972735,-11.976630963972735,13.606194690265493,0.0,2.8128654970760234,False,False,False
2288,丸大食品,2026-09-15,2291.0,2311.0,2311.0,2264.6,2246.68,138660.0,2296.0,2304.0,2292.0,2304.0,47200.0,0.5674378000873004,0.2182453077258728,0.34843205574912606,-0.302899177845084,-0.302899177845084,0.303819444444442,0.0,0.3404009808163854,True,False,False
228A,オプロ,2026-09-15,1689.0,1769.0,1769.0,1686.2,1672.72,1120.0,1687.0,1687.0,1687.0,1689.0,900.0,0.0,-0.1184132622853773,0.11855364552459946,-4.522328999434711,-4.522328999434711,4.7365304914150475,0.0,0.8035714285714286,True,False,False
2291,福留ハム,2026-09-15,508.0,518.0,524.0,509.2,511.4,1320.0,511.0,511.0,510.0,508.0,3500.0,0.0,0.5905511811023612,-0.5870841487279899,-1.9305019305019266,-3.053435114503822,3.149606299212593,1.158301158301156,2.6515151515151514,False,False,False
2292,Ｓ　Ｆｏｏｄｓ,2026-09-15,2755.0,2983.0,2983.0,2750.8,2830.92,129520.0,2755.0,2773.0,2754.0,2772.0,6900.0,0.6170598911070746,0.0,0.6170598911070746,-7.0734160241367805,-7.0734160241367805,7.611832611832603,0.0,0.05327362569487338,True,False,False
2293,滝沢ハム,2026-09-15,2680.0,2727.0,2781.0,2693.6,2711.64,1340.0,2680.0,2680.0,2680.0,2680.0,2100.0,0.0,0.0,0.0,-1.723505683901727,-3.6317871269327617,3.7686567164179063,1.980198019801982,1.5671641791044777,False,False,False
2294,柿安本店,2026-09-15,2485.0,2641.0,2641.0,2499.2,2575.56,33960.0,2486.0,2497.0,2486.0,2485.0,16000.0,0.0,0.04024144869214652,-0.04022526146419958,-5.90685346459674,-5.90685346459674,6.277665995975856,0.0,0.4711425206124853,False,False,False
2296,伊藤ハム米久ホールディングス,2026-09-15,5010.0,5190.0,5190.0,5002.0,5074.0,102740.0,5040.0,5050.0,5020.0,5050.0,7400.0,0.7984031936127733,0.5988023952095745,0.1984126984126977,-2.6974951830443183,-2.6974951830443183,2.7722772277227747,0.0,0.07202647459606774,True,False,False
2300,きょくとう,2026-09-15,496.0,503.0,504.0,497.8,498.48,2500.0,496.0,496.0,496.0,496.0,7100.0,0.0,0.0,0.0,-1.391650099403574,-1.5873015873015928,1.6129032258064502,0.1988071570576455,2.84,False,False,False
2301,学情,2026-09-15,1758.0,1803.0,1803.0,1674.0,1694.36,142280.0,1755.0,1766.0,1748.0,1758.0,358300.0,0.0,-0.17064846416382506,0.17094017094017033,-2.4958402662229595,-2.4958402662229595,2.5597269624573427,0.0,2.5182738262580826,True,False,False
2303,ドーン,2026-09-15,1378.0,1409.0,1409.0,1369.6,1351.04,12500.0,1381.0,1384.0,1370.0,1378.0,5000.0,0.0,0.21770682148041232,-0.21723388848660097,-2.200141944641587,-2.200141944641587,2.2496371552975347,0.0,0.4,False,False,False
2304,ＣＳＳホールディングス,2026-09-15,906.0,929.0,973.0,905.2,917.6,4140.0,910.0,910.0,910.0,906.0,6200.0,0.0,0.44150110375276164,-0.439560439560438,-2.4757804090419833,-6.885919835560128,7.395143487858724,4.736275565123793,1.497584541062802,False,False,False
2305,スタジオアリス,2026-09-15,1870.0,1947.0,1960.0,1845.8,1893.36,20940.0,1860.0,1868.0,1860.0,1870.0,23000.0,0.0,-0.5347593582887722,0.5376344086021501,-3.9548022598870025,-4.591836734693877,4.8128342245989275,0.667693888032872,1.0983763132760267,True,False,False
2307,クロスキャット,2026-09-15,1066.0,1103.0,1103.0,1037.4,1060.48,37220.0,1077.0,1085.0,1077.0,1066.0,61400.0,0.0,1.0318949343339545,-1.021355617455899,-3.354487760652769,-3.354487760652769,3.470919324577859,0.0,1.6496507254164428,False,False,False
2311,エプコ,2026-09-15,784.0,802.0,802.0,787.4,785.48,10160.0,784.0,784.0,784.0,784.0,1800.0,0.0,0.0,0.0,-2.244389027431426,-2.244389027431426,2.2959183673469497,0.0,0.17716535433070865,False,False,False
2315,ＣＡＩＣＡ　ＤＩＧＩＴＡＬ,2026-09-15,65.0,74.0,74.0,65.8,66.28,5036920.0,63.0,65.0,63.0,65.0,9348700.0,0.0,-3.076923076923077,3.1746031746031855,-12.16216216216216,-12.16216216216216,13.846153846153841,0.0,1.8560350372846899,True,False,False
2317,システナ,2026-09-15,441.0,468.0,468.0,432.2,440.92,857180.0,441.0,442.0,439.0,441.0,716400.0,0.0,0.0,0.0,-5.769230769230771,-5.769230769230771,6.1224489795918435,0.0,0.8357637835693786,False,False,False
2321,ソフトフロントホールディングス,2026-09-15,150.0,234.0,234.0,169.6,141.84,4442660.0,148.0,148.0,147.0,150.0,658700.0,0.0,-1.3333333333333308,1.3513513513513598,-35.89743589743589,-35.89743589743589,56.00000000000001,0.0,0.1482670292122287,True,False,False
2323,ｆｏｎｆｕｎ,2026-09-15,343.0,358.0,369.0,331.4,324.12,36500.0,351.0,351.0,342.0,343.0,39000.0,0.0,2.3323615160349753,-2.279202279202275,-4.189944134078216,-7.0460704607046125,7.580174927113692,3.0726256983240274,1.0684931506849316,False,False,False
2325,ＮＪＳ,2026-09-15,4590.0,5050.0,5050.0,4597.0,4723.8,18840.0,4575.0,4575.0,4560.0,4590.0,17100.0,0.0,-0.32679738562091387,0.3278688524590123,-9.108910891089106,-9.108910891089106,10.02178649237473,0.0,0.9076433121019108,True,False,False
2326,デジタルアーツ,2026-09-15,4855.0,4900.0,4930.0,4598.0,4539.0,137660.0,4855.0,4945.0,4855.0,4940.0,19900.0,1.750772399588052,0.0,1.750772399588052,0.8163265306122547,0.20283975659229903,-0.2024291497975672,0.612244897959191,0.14455905855005086,True,True,True
2327,日鉄ソリューションズ,2026-09-15,3922.0,4100.0,4100.0,3864.2,3891.52,168980.0,3920.0,3921.0,3890.0,3921.0,10500.0,-0.02549719530852146,-0.050994390617031815,0.025510204081635734,-4.365853658536589,-4.365853658536589,4.565161948482532,0.0,0.06213753106876554,True,False,False
2329,東北新社,2026-09-15,500.0,527.0,527.0,496.2,497.92,53940.0,506.0,506.0,501.0,500.0,84000.0,0.0,1.200000000000001,-1.1857707509881465,-5.123339658444026,-5.123339658444026,5.400000000000005,0.0,1.557285873192436,False,False,False
2330,フォーサイド,2026-09-15,93.0,160.0,160.0,103.2,87.72,5152720.0,94.0,95.0,94.0,93.0,636300.0,0.0,1.0752688172043001,-1.0638297872340385,-41.87499999999999,-41.87499999999999,72.04301075268818,0.0,0.12348817711810461,False,False,False
2331,ＡＬＳＯＫ,2026-09-15,1225.5,1259.5,1259.5,1216.7,1194.42,1145400.0,1232.5,1241.0,1229.0,1241.0,105900.0,1.26478988168095,0.5711954304365552,0.6896551724137945,-1.4688368400158747,-1.4688368400158747,1.490733279613221,0.0,0.09245678365636459,True,False,False
2332,クエスト,2026-09-15,1669.0,1725.0,1801.0,1670.4,1690.68,6480.0,1657.0,1690.0,1650.0,1669.0,6800.0,0.0,-0.7189934092270867,0.7242003621001913,-3.246376811594198,-7.329261521377017,7.908927501497898,4.4057971014492825,1.0493827160493827,True,False,False
2334,イオレ,2026-09-15,589.0,605.0,605.0,577.4,556.92,703300.0,589.0,589.0,585.0,588.0,19400.0,-0.1697792869269965,0.0,-0.1697792869269965,-2.809917355371905,-2.809917355371905,2.8911564625850428,0.0,0.027584245698848285,False,False,False
2335,キューブシステム,2026-09-15,1096.0,1118.0,1118.0,1093.4,1094.52,27880.0,1097.0,1098.0,1096.0,1098.0,11000.0,0.18248175182482562,0.09124087591241281,0.09115770282588365,-1.7889087656529523,-1.7889087656529523,1.821493624772308,0.0,0.3945480631276901,True,False,False
2337,いちご,2026-09-15,404.0,417.0,417.0,400.0,402.84,769720.0,403.0,406.0,402.0,404.0,745300.0,0.0,-0.24752475247524774,0.2481389578163684,-3.1175059952038398,-3.1175059952038398,3.2178217821782207,0.0,0.9682741776230318,True,False,False
2338,クオンタムソリューションズ,2026-09-15,117.0,164.0,164.0,119.8,125.84,316300.0,117.0,118.0,117.0,117.0,150800.0,0.0,0.0,0.0,-28.65853658536586,-28.65853658536586,40.17094017094016,0.0,0.47676256718305404,False,False,False
2340,極楽湯ホールディングス,2026-09-15,532.0,536.0,536.0,524.4,520.16,44540.0,535.0,535.0,534.0,532.0,97200.0,0.0,0.5639097744360999,-0.5607476635513975,-0.7462686567164201,-0.7462686567164201,0.7518796992481258,0.0,2.1823080377189044,False,False,False
2341,アルバイトタイムス,2026-09-15,172.0,176.0,176.0,171.6,170.84,10820.0,172.0,172.0,172.0,172.0,1100.0,0.0,0.0,0.0,-2.2727272727272707,-2.2727272727272707,2.3255813953488413,0.0,0.10166358595194085,False,False,False
2342,トランスジェニックグループ,2026-09-15,250.0,268.0,282.0,254.2,253.28,41040.0,249.0,250.0,249.0,250.0,19100.0,0.0,-0.40000000000000036,0.40160642570281624,-6.716417910447758,-11.34751773049646,12.79999999999999,5.223880597014929,0.46539961013645226,True,False,False
2345,ＨＯＤＬ１,2026-09-15,101.0,122.0,122.0,106.0,104.8,88560.0,102.0,104.0,102.0,101.0,96000.0,0.0,0.990099009900991,-0.9803921568627416,-17.213114754098356,-17.213114754098356,20.79207920792079,0.0,1.084010840108401,False,False,False
2349,エヌアイデイ,2026-09-15,2399.0,2575.0,2575.0,2448.4,2501.44,420.0,2410.0,2492.0,2410.0,2399.0,2400.0,0.0,0.4585243851604748,-0.4564315352697079,-6.834951456310678,-6.834951456310678,7.33639016256773,0.0,5.714285714285714,False,False,False
2351,ＡＳＪ,2026-09-15,334.0,370.0,370.0,335.4,330.8,7160.0,334.0,334.0,334.0,334.0,7000.0,0.0,0.0,0.0,-9.72972972972973,-9.72972972972973,10.77844311377245,0.0,0.9776536312849162,False,False,False
2353,日本駐車場開発,2026-09-15,268.0,282.0,282.0,265.0,266.8,2653320.0,266.0,268.0,266.0,268.0,2954400.0,0.0,-0.7462686567164201,0.7518796992481258,-4.964539007092195,-4.964539007092195,5.223880597014929,0.0,1.113472932024784,True,False,False
2354,ＹＥ　ＤＩＧＩＴＡＬ,2026-09-15,1303.0,1758.0,1758.0,1337.0,1376.48,460720.0,1313.0,1313.0,1301.0,1305.0,14800.0,0.15349194167306734,0.7674597083653145,-0.6092916984006047,-25.767918088737197,-25.767918088737197,34.712643678160916,0.0,0.03212363257509984,False,False,False
2359,コア,2026-09-15,2096.0,2220.0,2220.0,2085.0,2118.24,13600.0,2096.0,2100.0,2096.0,2096.0,11400.0,0.0,0.0,0.0,-5.585585585585584,-5.585585585585584,5.916030534351147,0.0,0.8382352941176471,False,False,False
2370,メディネット,2026-09-15,24.0,26.0,26.0,24.2,24.92,249680.0,24.0,24.0,24.0,24.0,282000.0,0.0,0.0,0.0,-7.692307692307687,-7.692307692307687,8.333333333333325,0.0,1.1294456904838193,False,False,False
2371,カカクコム,2026-09-15,3839.0,3869.0,3869.0,3776.4,3708.36,259740.0,3825.0,3855.0,3815.0,3839.0,128400.0,0.0,-0.36467830164105264,0.3660130718954324,-0.7753941586973401,-0.7753941586973401,0.7814535035165493,0.0,0.4943404943404943,True,False,False
2373,ケア２１,2026-09-15,447.0,457.0,457.0,425.2,412.28,42320.0,444.0,444.0,444.0,447.0,34300.0,0.0,-0.6711409395973145,0.6756756756756799,-2.188183807439825,-2.188183807439825,2.237136465324374,0.0,0.8104914933837429,True,False,False
2375,ギグワークス,2026-09-15,197.0,257.0,257.0,212.0,210.12,257400.0,200.0,200.0,198.0,197.0,55700.0,0.0,1.522842639593902,-1.5000000000000013,-23.34630350194552,-23.34630350194552,30.456852791878177,0.0,0.21639471639471639,False,False,False
2376,サイネックス,2026-09-15,800.0,800.0,800.0,786.6,782.0,920.0,800.0,800.0,800.0,800.0,1800.0,0.0,0.0,0.0,0.0,0.0,0.0,0.0,1.9565217391304348,False,False,False
2378,ルネサンス,2026-09-15,1058.0,1079.0,1079.0,1047.2,1057.56,26960.0,1058.0,1058.0,1055.0,1058.0,35600.0,0.0,0.0,0.0,-1.9462465245597804,-1.9462465245597804,1.9848771266540721,0.0,1.3204747774480712,False,False,False
2379,ディップ,2026-09-15,1844.0,1912.0,1912.0,1816.0,1841.08,229380.0,1849.0,1850.0,1840.0,1844.0,245500.0,0.0,0.27114967462038564,-0.27041644131963194,-3.556485355648531,-3.556485355648531,3.6876355748373113,0.0,1.0702763972447467,False,False,False
2384,ＳＢＳホールディングス,2026-09-15,4915.0,5350.0,5350.0,4860.0,4995.6,42580.0,4950.0,4960.0,4935.0,4915.0,28500.0,0.0,0.7121057985757906,-0.7070707070707116,-8.130841121495324,-8.130841121495324,8.850457782299092,0.0,0.6693283231564114,False,False,False
2385,総医研ホールディングス,2026-09-15,213.0,226.0,229.0,213.0,219.84,32840.0,213.0,215.0,213.0,213.0,28600.0,0.0,0.0,0.0,-5.752212389380529,-6.986899563318783,7.511737089201875,1.327433628318575,0.8708891595615104,False,False,False
2388,ウェッジホールディングス,2026-09-15,33.0,38.0,38.0,33.4,34.48,43820.0,33.0,33.0,33.0,33.0,45200.0,0.0,0.0,0.0,-13.157894736842103,-13.157894736842103,15.15151515151516,0.0,1.0314924691921497,False,False,False
2391,プラネット,2026-09-15,1176.0,1189.0,1189.0,1174.6,1175.72,5680.0,1173.0,1173.0,1173.0,1176.0,10600.0,0.0,-0.25510204081632404,0.2557544757033181,-1.0933557611438216,-1.0933557611438216,1.1054421768707412,0.0,1.8661971830985915,True,False,False
2393,日本ケアサプライ,2026-09-15,4375.0,4490.0,4630.0,4279.0,4287.6,4580.0,4340.0,4340.0,4340.0,4375.0,5600.0,0.0,-0.8000000000000007,0.8064516129032251,-2.5612472160356337,-5.507559395248385,5.828571428571427,3.1180400890868487,1.222707423580786,True,False,False
2395,新日本科学,2026-09-15,1309.0,1509.0,1524.0,1319.4,1391.96,160820.0,1301.0,1319.0,1301.0,1319.0,8600.0,0.763941940412538,-0.6111535523300238,1.3835511145272816,-12.591119946984763,-13.4514435695538,15.54207733131161,0.994035785288272,0.053475935828877004,True,False,False
2404,鉄人化ホールディングス,2026-09-15,523.0,574.0,588.0,524.4,545.6,5820.0,521.0,521.0,521.0,523.0,4700.0,0.0,-0.3824091778202643,0.38387715930903177,-8.885017421602793,-11.054421768707478,12.4282982791587,2.4390243902439046,0.8075601374570447,True,False,False
2408,ＫＧ情報,2026-09-15,820.0,864.0,875.0,817.0,846.56,3100.0,811.0,820.0,811.0,820.0,600.0,0.0,-1.097560975609757,1.1097410604192337,-5.0925925925925934,-6.285714285714283,6.707317073170738,1.27314814814814,0.1935483870967742,True,False,False
2410,キャリアデザインセンター,2026-09-15,2850.0,2979.0,2984.0,2830.4,2900.04,41360.0,2850.0,2864.0,2850.0,2850.0,56000.0,0.0,0.0,0.0,-4.33031218529708,-4.490616621983912,4.701754385964918,0.16784155756965902,1.3539651837524178,False,False,False
2411,ゲンダイエージェンシー,2026-09-15,470.0,475.0,475.0,469.8,468.36,11440.0,470.0,470.0,470.0,470.0,11400.0,0.0,0.0,0.0,-1.0526315789473717,-1.0526315789473717,1.0638297872340496,0.0,0.9965034965034965,False,False,False
2413,エムスリー,2026-09-15,1742.5,1878.0,1878.0,1709.6,1735.36,3140780.0,1748.5,1752.5,1731.0,1751.0,233900.0,0.4878048780487809,0.3443328550932545,0.1429796968830388,-6.76251331203408,-6.76251331203408,7.252998286693324,0.0,0.07447194645915983,True,False,False
2415,ヒューマンホールディングス,2026-09-15,1629.0,1721.0,1721.0,1638.6,1646.8,5160.0,1629.0,1643.0,1603.0,1629.0,7300.0,0.0,0.0,0.0,-5.345729227193496,-5.345729227193496,5.647636586863114,0.0,1.4147286821705427,False,False,False
2418,ツカダ・グローバルホールディング,2026-09-15,596.0,626.0,626.0,594.4,603.68,79000.0,597.0,600.0,596.0,599.0,16000.0,0.5033557046979942,0.1677852348993314,0.3350083752093891,-4.313099041533541,-4.313099041533541,4.507512520868118,0.0,0.20253164556962025,True,False,False
241A,ＲＯＸＸ,2026-09-15,419.0,438.0,438.0,417.6,419.16,5780.0,422.0,422.0,422.0,419.0,6900.0,0.0,0.7159904534606243,-0.7109004739336511,-4.337899543378998,-4.337899543378998,4.534606205250591,0.0,1.193771626297578,False,False,False
2424,ブラス,2026-09-15,657.0,659.0,659.0,608.8,600.68,18880.0,655.0,655.0,645.0,657.0,83300.0,0.0,-0.30441400304414,0.3053435114503733,-0.3034901365705611,-0.3034901365705611,0.3044140030441511,0.0,4.41207627118644,True,False,False
2425,ケアサービス,2026-09-15,675.0,680.0,694.0,673.8,668.64,3500.0,679.0,679.0,672.0,675.0,2700.0,0.0,0.592592592592589,-0.589101620029453,-0.7352941176470562,-2.737752161383289,2.8148148148148255,2.0588235294117574,0.7714285714285715,False,False,False
2428,ウェルネット,2026-09-15,624.0,648.0,648.0,625.4,633.36,26280.0,623.0,623.0,623.0,624.0,26000.0,0.0,-0.1602564102564097,0.16051364365972098,-3.703703703703709,-3.703703703703709,3.8461538461538547,0.0,0.989345509893455,True,False,False
2429,ワールドホールディングス,2026-09-15,2856.0,2948.0,2948.0,2784.6,2808.72,47800.0,2862.0,2894.0,2862.0,2856.0,46500.0,0.0,0.21008403361344463,-0.20964360587002462,-3.1207598371777445,-3.1207598371777445,3.2212885154061732,0.0,0.9728033472803347,False,False,False
2432,ディー・エヌ・エー,2026-09-15,2558.5,2629.0,2629.0,2521.0,2534.84,1040120.0,2545.5,2564.0,2537.0,2561.0,45700.0,0.09771350400624712,-0.5081102208325139,0.6089176978982591,-2.5865348041080205,-2.5865348041080205,2.655212807497076,0.0,0.04393723801099873,True,False,False
2433,博報堂ＤＹホールディングス,2026-09-15,1328.5,1397.0,1397.0,1311.6,1316.32,942320.0,1334.5,1344.5,1330.0,1340.0,38500.0,0.8656379375235224,0.45163718479488413,0.4121393780442073,-4.080171796707233,-4.080171796707233,4.253731343283573,0.0,0.040856609219797946,True,False,False
2435,シダー,2026-09-15,208.0,216.0,220.0,208.4,211.72,8740.0,208.0,208.0,208.0,208.0,7600.0,0.0,0.0,0.0,-3.703703703703709,-5.454545454545457,5.769230769230771,1.85185185185186,0.8695652173913043,False,False,False
2436,共同ピーアール,2026-09-15,558.0,668.0,669.0,561.4,614.12,37240.0,554.0,558.0,554.0,558.0,19700.0,0.0,-0.7168458781361964,0.7220216606498298,-16.467065868263475,-16.59192825112108,19.892473118279575,0.14970059880239361,0.5290010741138561,True,False,False
2437,Ｓｈｉｎｗａ　Ｗｉｓｅ　Ｈｏｌｄｉｎｇｓ,2026-09-15,611.0,667.0,690.0,615.0,618.56,19580.0,628.0,628.0,628.0,611.0,15700.0,0.0,2.782324058919805,-2.7070063694267565,-8.395802098950522,-11.449275362318845,12.929623567921444,3.4482758620689724,0.8018386108273748,False,False,False
2438,アスカネット,2026-09-15,341.0,371.0,371.0,334.2,350.24,81300.0,343.0,343.0,342.0,341.0,40300.0,0.0,0.5865102639296182,-0.5830903790087438,-8.086253369272233,-8.086253369272233,8.797653958944274,0.0,0.4956949569495695,False,False,False
2440,ぐるなび,2026-09-15,123.0,135.0,135.0,121.8,127.56,127580.0,121.0,122.0,121.0,123.0,144000.0,0.0,-1.6260162601625994,1.6528925619834656,-8.888888888888891,-8.888888888888891,9.756097560975618,0.0,1.128703558551497,True,False,False
2445,タカミヤ,2026-09-15,396.0,424.0,432.0,393.6,405.56,61500.0,397.0,399.0,397.0,396.0,115400.0,0.0,0.2525252525252597,-0.25188916876573986,-6.6037735849056585,-8.333333333333337,9.090909090909083,1.8867924528301883,1.8764227642276423,False,False,False
2449,プラップジャパン,2026-09-15,1064.0,1221.0,1221.0,1062.0,1073.4,2180.0,1053.0,1053.0,1053.0,1064.0,7100.0,0.0,-1.0338345864661647,1.0446343779677125,-12.858312858312859,-12.858312858312859,14.755639097744355,0.0,3.256880733944954,True,False,False
244A,グロースエクスパートナーズ,2026-09-15,1168.0,1195.0,1199.0,1167.2,1166.48,920.0,1185.0,1198.0,1185.0,1198.0,3500.0,2.568493150684925,1.4554794520547976,1.0970464135021007,0.2510460251045954,-0.08340283569641116,0.08347245409014992,0.33472803347280866,3.8043478260869565,True,True,False
2454,オールアバウト,2026-09-15,351.0,359.0,359.0,351.8,349.0,6280.0,349.0,349.0,349.0,351.0,6400.0,0.0,-0.5698005698005715,0.5730659025787954,-2.228412256267409,-2.228412256267409,2.279202279202286,0.0,1.019108280254777,True,False,False
2459,アウンコンサルティング,2026-09-15,176.0,197.0,197.0,177.2,176.8,97800.0,176.0,176.0,176.0,176.0,13400.0,0.0,0.0,0.0,-10.659898477157359,-10.659898477157359,11.931818181818187,0.0,0.13701431492842536,False,False,False
245A,ＩＮＧＳ,2026-09-15,2503.0,2600.0,2600.0,2501.8,2518.84,1760.0,2490.0,2490.0,2490.0,2503.0,1600.0,0.0,-0.5193767479025224,0.5220883534136522,-3.7307692307692264,-3.7307692307692264,3.8753495805033955,0.0,0.9090909090909091,True,False,False
2461,ファンコミュニケーションズ,2026-09-15,387.0,401.0,405.0,384.8,392.36,105960.0,387.0,387.0,385.0,387.0,116200.0,0.0,0.0,0.0,-3.4912718204488824,-4.444444444444439,4.651162790697683,0.9975062344139696,1.096640241600604,False,False,False
2462,ライク,2026-09-15,1500.0,1559.0,1559.0,1501.2,1529.72,24480.0,1500.0,1518.0,1500.0,1500.0,44000.0,0.0,0.0,0.0,-3.784477228992944,-3.784477228992944,3.9333333333333442,0.0,1.7973856209150327,False,False,False
2464,Ａｏｂａ‐ＢＢＴ,2026-09-15,366.0,382.0,382.0,368.0,364.52,7640.0,370.0,370.0,370.0,366.0,2800.0,0.0,1.0928961748633892,-1.0810810810810811,-4.188481675392675,-4.188481675392675,4.371584699453557,0.0,0.36649214659685864,False,False,False
2469,ヒビノ,2026-09-15,2753.0,2924.0,2924.0,2805.8,2788.04,9260.0,2753.0,2798.0,2753.0,2753.0,17100.0,0.0,0.0,0.0,-5.8481532147742765,-5.8481532147742765,6.2114057391936095,0.0,1.8466522678185746,False,False,False
246A,アスア,2026-09-15,1077.0,1077.0,1104.0,958.4,932.4,7180.0,1047.0,1057.0,1041.0,1048.0,21300.0,-2.692664809656453,-2.785515320334264,0.09551098376312517,-2.692664809656453,-5.072463768115942,5.343511450381677,2.506963788300842,2.966573816155989,True,False,False
2471,エスプール,2026-09-15,275.0,306.0,306.0,271.2,286.08,329240.0,275.0,276.0,274.0,275.0,376600.0,0.0,0.0,0.0,-10.130718954248364,-10.130718954248364,11.272727272727279,0.0,1.1438464342121248,False,False,False
2475,ＷＤＢホールディングス,2026-09-15,1752.0,1874.0,1874.0,1742.4,1803.84,11960.0,1760.0,1760.0,1760.0,1752.0,13300.0,0.0,0.45662100456620447,-0.4545454545454519,-6.510138740661686,-6.510138740661686,6.9634703196347125,0.0,1.1120401337792643,False,False,False
2477,手間いらず,2026-09-15,3225.0,3425.0,3425.0,3217.0,3171.52,9120.0,3210.0,3255.0,3210.0,3225.0,9700.0,0.0,-0.46511627906976605,0.4672897196261738,-5.839416058394164,-5.839416058394164,6.20155038759691,0.0,1.0635964912280702,True,False,False
2479,ジェイテック,2026-09-15,267.0,269.0,269.0,265.0,252.8,103180.0,268.0,268.0,265.0,267.0,168700.0,0.0,0.3745318352059934,-0.3731343283582045,-0.743494423791824,-0.743494423791824,0.7490636704119868,0.0,1.6350067842605156,False,False,False
247A,Ａｉロボティクス,2026-09-15,1001.0,1101.0,1101.0,1029.0,983.52,782680.0,991.0,999.0,989.0,999.0,47400.0,-0.19980019980020414,-0.9990009990009985,0.8072653884964698,-9.26430517711172,-9.26430517711172,10.210210210210203,0.0,0.060561148873102676,True,False,False
2480,システム・ロケーション,2026-09-15,1900.0,1900.0,1900.0,1814.8,1750.32,2060.0,1860.0,1860.0,1860.0,1900.0,5600.0,0.0,-2.1052631578947323,2.1505376344086002,0.0,0.0,0.0,0.0,2.7184466019417477,True,False,False
2481,タウンニュース社,2026-09-15,686.0,692.0,692.0,686.6,671.96,600.0,688.0,688.0,688.0,686.0,900.0,0.0,0.291545189504383,-0.29069767441860517,-0.8670520231213841,-0.8670520231213841,0.8746355685131268,0.0,1.5,False,False,False
2483,翻訳センター,2026-09-15,2204.0,2273.0,2275.0,2178.8,2202.24,5660.0,2218.0,2223.0,2170.0,2204.0,2200.0,0.0,0.6352087114337657,-0.6311992786293907,-3.0356357237131593,-3.1208791208791165,3.2214156079854783,0.08798944126704455,0.38869257950530034,False,False,False
2484,出前館,2026-09-15,160.0,199.0,199.0,157.2,159.08,350920.0,164.0,164.0,161.0,160.0,355400.0,0.0,2.499999999999991,-2.4390243902439046,-19.59798994974874,-19.59798994974874,24.374999999999993,0.0,1.0127664424940157,False,False,False
2485,ティア,2026-09-15,448.0,454.0,478.0,446.4,450.72,33760.0,448.0,449.0,448.0,448.0,30000.0,0.0,0.0,0.0,-1.3215859030836996,-6.2761506276150625,6.696428571428581,5.286343612334798,0.8886255924170616,False,False,False
2488,ＪＴＰ,2026-09-15,1440.0,1527.0,1527.0,1420.0,1455.56,14080.0,1440.0,1440.0,1435.0,1440.0,8800.0,0.0,0.0,0.0,-5.697445972495085,-5.697445972495085,6.041666666666656,0.0,0.625,False,False,False
2489,アドウェイズ,2026-09-15,414.0,437.0,437.0,408.0,399.8,155240.0,415.0,415.0,414.0,415.0,6900.0,0.24154589371980784,0.24154589371980784,0.0,-5.034324942791757,-5.034324942791757,5.301204819277117,0.0,0.04444730739500129,False,False,False
248A,キッズスター,2026-09-15,806.0,824.0,854.0,810.0,815.2,440.0,806.0,806.0,806.0,806.0,900.0,0.0,0.0,0.0,-2.1844660194174748,-5.6206088992974195,5.955334987593042,3.6407766990291357,2.0454545454545454,False,False,False
2491,バリューコマース,2026-09-15,479.0,506.0,506.0,467.2,480.12,76260.0,475.0,477.0,475.0,479.0,55700.0,0.0,-0.8350730688935326,0.8421052631578885,-5.335968379446642,-5.335968379446642,5.636743215031315,0.0,0.7303960136375557,True,False,False
2492,インフォマート,2026-09-15,712.0,729.0,729.0,708.2,642.92,2944780.0,710.0,716.0,705.0,707.0,243500.0,-0.7022471910112404,-0.2808988764044895,-0.42253521126760507,-3.017832647462282,-3.017832647462282,3.111739745403108,0.0,0.08268868981723593,False,False,False
2493,イーサポートリンク,2026-09-15,944.0,952.0,952.0,945.8,945.8,2140.0,944.0,945.0,944.0,944.0,1700.0,0.0,0.0,0.0,-0.8403361344537785,-0.8403361344537785,0.8474576271186418,0.0,0.794392523364486,False,False,False
2497,ユナイテッド,2026-09-15,529.0,543.0,543.0,529.6,530.24,15840.0,525.0,525.0,525.0,529.0,21700.0,0.0,-0.7561436672967825,0.7619047619047636,-2.5782688766114226,-2.5782688766114226,2.6465028355387554,0.0,1.369949494949495,True,False,False
2498,オリエンタルコンサルタンツホールディングス,2026-09-15,3155.0,3325.0,3330.0,3129.0,3205.4,7960.0,3155.0,3155.0,3150.0,3155.0,8600.0,0.0,0.0,0.0,-5.112781954887213,-5.255255255255253,5.546751188589538,0.15037593984963404,1.0804020100502512,False,False,False
2499,日本和装ホールディングス,2026-09-15,304.0,310.0,310.0,306.2,299.8,8700.0,306.0,307.0,306.0,304.0,19700.0,0.0,0.6578947368421018,-0.6535947712418277,-1.9354838709677469,-1.9354838709677469,1.9736842105263053,0.0,2.264367816091954,False,False,False
2501,サッポロホールディングス,2026-09-15,1859.5,1963.0,2091.0,1850.3,1906.1,1068800.0,1870.0,1870.0,1846.0,1866.5,61700.0,0.37644528098952357,0.5646679214842631,-0.18716577540106583,-4.915944982170151,-10.73648971783836,12.027859630324134,6.520631686194611,0.057728293413173655,False,False,False
2502,アサヒグループホールディングス,2026-09-15,1621.0,1702.0,1753.0,1604.0,1655.8,5522700.0,1629.0,1629.0,1615.5,1625.0,303900.0,0.2467612584824197,0.4935225169648394,-0.24554941682013443,-4.524089306697999,-7.301768397033658,7.87692307692307,2.9964747356051813,0.05502743223423326,False,False,False
2503,キリンホールディングス,2026-09-15,2821.5,3119.0,3132.0,2802.5,2971.24,3123420.0,2861.0,2864.5,2831.0,2849.0,300600.0,0.974658869395717,1.39996455785929,-0.41943376441803126,-8.656620711766594,-9.035759897828866,9.933309933309943,0.41680025649246666,0.09624065927733062,False,False,False
250A,シマダヤ,2026-09-15,1586.0,1638.0,1667.0,1581.4,1607.56,27340.0,1586.0,1589.0,1586.0,1586.0,21400.0,0.0,0.0,0.0,-3.1746031746031744,-4.859028194361126,5.10718789407314,1.7704517704517642,0.7827359180687637,False,False,False
2531,宝ホールディングス,2026-09-15,2450.0,2604.5,2604.5,2484.2,2243.3,545920.0,2479.0,2492.0,2451.5,2450.0,384200.0,0.0,1.183673469387747,-1.1698265429608723,-5.932040698790553,-5.932040698790553,6.30612244897959,0.0,0.7037661195779601,False,False,False
2533,オエノンホールディングス,2026-09-15,466.0,488.0,493.0,466.0,466.28,130520.0,466.0,469.0,465.0,466.0,128800.0,0.0,0.0,0.0,-4.508196721311474,-5.476673427991885,5.793991416309008,1.0245901639344357,0.9868219429972418,False,False,False
253A,ＥＴＳグループ,2026-09-15,1038.0,1069.0,1188.0,1036.0,1038.76,8000.0,1041.0,1041.0,1041.0,1038.0,4500.0,0.0,0.28901734104045396,-0.2881844380403509,-2.8999064546304965,-12.62626262626263,14.45086705202312,11.13189897100093,0.5625,False,False,False
254A,ＡＩフュージョンキャピタルグループ,2026-09-15,1215.0,1235.0,1235.0,1203.6,1192.12,14660.0,1215.0,1216.0,1215.0,1215.0,15900.0,0.0,0.0,0.0,-1.619433198380571,-1.619433198380571,1.6460905349794164,0.0,1.0845839017735335,False,False,False
255A,ジーエルテクノホールディングス,2026-09-15,5070.0,5440.0,6430.0,5041.0,5223.4,39960.0,5000.0,5060.0,5000.0,5070.0,31300.0,0.0,-1.3806706114398382,1.4000000000000012,-6.801470588235292,-21.150855365474342,26.824457593688365,18.198529411764696,0.7832832832832833,True,False,False
256A,飛島ホールディングス,2026-09-15,2308.0,2324.0,2324.0,2261.6,2171.88,302340.0,2305.0,2323.0,2304.0,2308.0,298700.0,0.0,-0.12998266897746857,0.130151843817794,-0.688468158347677,-0.688468158347677,0.6932409012131657,0.0,0.9879605741880003,True,False,False
2573,北海道コカ・コーラボトリング,2026-09-15,4065.0,4125.0,4125.0,4048.0,4032.2,2500.0,4065.0,4075.0,4065.0,4065.0,2800.0,0.0,0.0,0.0,-1.4545454545454528,-1.4545454545454528,1.4760147601476037,0.0,1.12,False,False,False
2579,コカ・コーラ　ボトラーズジャパンホールディングス,2026-09-15,3786.0,4001.0,4056.0,3745.4,3855.72,705440.0,3809.0,3837.0,3777.0,3834.0,36000.0,1.267828843106189,0.607501320655035,0.6563402467839374,-4.173956510872278,-5.473372781065089,5.790297339593109,1.3746563359160247,0.051031980040825584,True,False,False
2585,ライフドリンク　カンパニー,2026-09-15,1385.0,1707.0,1896.0,1388.8,1541.56,635560.0,1366.0,1369.0,1360.0,1385.0,434400.0,0.0,-1.3718411552346543,1.3909224011713128,-18.863503222026946,-26.95147679324894,36.89530685920577,11.072056239015815,0.6834917238340991,True,False,False
2586,フルッタフルッタ,2026-09-15,69.0,81.0,98.0,70.6,77.72,635540.0,68.0,69.0,68.0,69.0,480800.0,0.0,-1.449275362318836,1.4705882352941124,-14.814814814814813,-29.591836734693878,42.02898550724639,20.98765432098766,0.7565220127765365,True,False,False
2587,サントリービバレッジ＆フード,2026-09-15,4522.0,4627.0,4715.0,4481.2,4534.36,887360.0,4560.0,4575.0,4522.0,4566.0,79600.0,0.9730207872622687,0.8403361344537785,0.1315789473684159,-1.3183488221309658,-3.160127253446443,3.2632501095050337,1.9018802679922286,0.08970429138117562,True,False,False
2588,プレミアムウォーターホールディングス,2026-09-15,3645.0,3870.0,3870.0,3625.0,3707.2,4340.0,3695.0,3695.0,3645.0,3645.0,5600.0,0.0,1.3717421124828544,-1.3531799729364025,-5.813953488372093,-5.813953488372093,6.172839506172845,0.0,1.2903225806451613,False,False,False
2590,ダイドーグループホールディングス,2026-09-15,2967.0,3550.0,3550.0,3008.4,3003.16,82660.0,3010.0,3010.0,2987.0,2967.0,78300.0,0.0,1.449275362318847,-1.4285714285714235,-16.422535211267608,-16.422535211267608,19.64947758678801,0.0,0.9472538107911929,False,False,False
2593,伊藤園,2026-09-15,3175.0,3402.0,3402.0,3159.4,3065.82,326600.0,3180.0,3199.0,3170.0,3199.0,19300.0,0.755905511811017,0.15748031496063408,0.5974842767295652,-5.967078189300413,-5.967078189300413,6.345733041575485,0.0,0.059093692590324556,True,False,False
25935,伊藤園第１種優先株式,2026-09-15,1801.0,1822.0,1822.0,1801.2,1796.72,11820.0,1798.0,1798.0,1798.0,1801.0,14400.0,0.0,-0.16657412548584105,0.16685205784203738,-1.1525795828759566,-1.1525795828759566,1.1660188784008874,0.0,1.218274111675127,True,False,False
2594,キーコーヒー,2026-09-15,2007.0,2060.0,2060.0,2008.4,2023.72,71460.0,2011.0,2013.0,2008.0,2007.0,70600.0,0.0,0.19930244145491827,-0.19890601690700782,-2.572815533980588,-2.572815533980588,2.640757349277534,0.0,0.9879652952700811,False,False,False
2597,ユニカフェ,2026-09-15,1242.0,1332.0,1332.0,1261.6,1225.28,13460.0,1238.0,1246.0,1238.0,1242.0,8300.0,0.0,-0.32206119162641045,0.3231017770597644,-6.756756756756754,-6.756756756756754,7.246376811594213,0.0,0.6166419019316494,True,False,False
2602,日清オイリオグループ,2026-09-15,2094.0,2133.0,2133.0,2092.2,2050.84,290520.0,2101.0,2108.0,2099.0,2107.0,13400.0,0.620821394460358,0.3342884431709603,0.2855782960494935,-1.2189404594467934,-1.2189404594467934,1.233981964878983,0.0,0.04612419110560374,True,False,False
2607,不二製油,2026-09-15,4550.0,4760.0,4760.0,4449.4,4528.24,312400.0,4550.0,4560.0,4517.0,4550.0,11400.0,0.0,0.0,0.0,-4.411764705882348,-4.411764705882348,4.615384615384621,0.0,0.03649167733674776,False,False,False
2612,かどや製油,2026-09-15,2800.0,2800.0,2800.0,2465.4,2016.92,207920.0,2805.0,2815.0,2799.0,2807.0,233900.0,0.24999999999999467,0.17857142857142794,0.07130124777183777,0.24999999999999467,0.24999999999999467,-0.24937655860348684,0.0,1.1249519045786842,True,True,True
2613,Ｊ－オイルミルズ,2026-09-15,2263.0,2349.0,2349.0,2246.6,2235.4,59740.0,2260.0,2275.0,2260.0,2263.0,69300.0,0.0,-0.1325673884224443,0.13274336283186638,-3.661132396764577,-3.661132396764577,3.800265134776848,0.0,1.1600267827251423,True,False,False
261A,日水コン,2026-09-15,1968.0,2046.0,2069.0,1986.6,1988.52,18380.0,1960.0,1966.0,1960.0,1968.0,19500.0,0.0,-0.40650406504064707,0.40816326530612734,-3.8123167155425186,-4.881585306911552,5.132113821138207,1.1241446725317683,1.060935799782372,True,False,False
262A,インターメスティック,2026-09-15,1750.0,1889.0,2049.0,1727.8,1811.44,207980.0,1749.0,1768.0,1749.0,1763.0,21300.0,0.742857142857134,-0.05714285714285561,0.8004574042309809,-6.67019587083113,-13.958028306490966,16.222348269994335,8.470089994706198,0.10241369362438696,True,False,False
264A,Ｓｃｈｏｏ,2026-09-15,338.0,385.0,385.0,337.6,317.52,303060.0,338.0,343.0,338.0,343.0,8000.0,1.4792899408283988,0.0,1.4792899408283988,-10.909090909090914,-10.909090909090914,12.244897959183664,0.0,0.026397413053520755,True,False,False
2652,まんだらけ,2026-09-15,438.0,468.0,490.0,430.8,443.6,125140.0,438.0,439.0,438.0,438.0,84700.0,0.0,0.0,0.0,-6.41025641025641,-10.612244897959188,11.87214611872147,4.700854700854706,0.6768419370305259,False,False,False
2653,イオン九州,2026-09-15,2792.0,2848.0,2849.0,2798.4,2816.72,14640.0,2792.0,2799.0,2792.0,2792.0,20900.0,0.0,0.0,0.0,-1.96629213483146,-2.0007020007020038,2.0415472779369725,0.0351123595505598,1.4275956284153006,False,False,False
2654,アスモ,2026-09-15,429.0,450.0,450.0,432.8,428.4,13200.0,435.0,435.0,429.0,429.0,10600.0,0.0,1.3986013986013957,-1.379310344827589,-4.666666666666663,-4.666666666666663,4.895104895104896,0.0,0.803030303030303,False,False,False
2656,ベクターホールディングス,2026-09-15,158.0,220.0,220.0,157.6,176.96,153920.0,156.0,156.0,154.0,156.0,20900.0,-1.2658227848101222,-1.2658227848101222,0.0,-29.09090909090909,-29.09090909090909,41.025641025641036,0.0,0.13578482328482328,False,False,False
2659,サンエー,2026-09-15,3425.0,3450.0,3450.0,3367.0,3359.2,186160.0,3445.0,3445.0,3420.0,3425.0,156100.0,0.0,0.5839416058394109,-0.5805515239477477,-0.7246376811594235,-0.7246376811594235,0.7299270072992803,0.0,0.8385259991405243,False,False,False
265A,Ｈｍｃｏｍｍ,2026-09-15,742.0,866.0,866.0,752.4,722.44,191220.0,750.0,755.0,750.0,742.0,89300.0,0.0,1.0781671159029615,-1.0666666666666713,-14.318706697459582,-14.318706697459582,16.71159029649596,0.0,0.46700135969040896,False,False,False
2664,カワチ薬品,2026-09-15,3675.0,3895.0,3895.0,3696.0,3732.2,76960.0,3675.0,3685.0,3675.0,3675.0,37300.0,0.0,0.0,0.0,-5.648267008985874,-5.648267008985874,5.986394557823127,0.0,0.4846673596673597,False,False,False
2666,オートウェーブ,2026-09-15,187.0,189.0,195.0,187.2,183.48,61480.0,187.0,189.0,187.0,187.0,93700.0,0.0,0.0,0.0,-1.0582010582010581,-4.102564102564099,4.278074866310155,3.1746031746031855,1.5240728692257646,False,False,False
2667,イメージ　ワン,2026-09-15,104.0,145.0,145.0,109.4,105.56,531660.0,103.0,105.0,103.0,104.0,238700.0,0.0,-0.9615384615384581,0.9708737864077666,-28.27586206896552,-28.27586206896552,39.42307692307692,0.0,0.4489711469736298,True,False,False
2668,タビオ,2026-09-15,1270.0,1275.0,1275.0,1268.4,1268.4,860.0,1275.0,1275.0,1270.0,1270.0,1000.0,0.0,0.3937007874015741,-0.39215686274509665,-0.39215686274509665,-0.39215686274509665,0.3937007874015741,0.0,1.1627906976744187,False,False,False
2669,カネ美食品,2026-09-15,3900.0,4000.0,4015.0,3884.0,3949.2,5320.0,3890.0,3900.0,3890.0,3900.0,2400.0,0.0,-0.2564102564102555,0.25706940874035134,-2.500000000000002,-2.8642590286425906,2.9487179487179382,0.374999999999992,0.45112781954887216,True,False,False
2670,エービーシー・マート,2026-09-15,2675.0,2825.5,2847.0,2667.5,2743.36,474160.0,2660.5,2681.5,2650.0,2667.5,19800.0,-0.2803738317757043,-0.5420560747663505,0.26310843826349295,-5.591930631746589,-6.304882332279593,6.729147141518266,0.7609272695098257,0.041758056352286146,True,False,False
2673,夢みつけ隊,2026-09-15,106.0,122.0,135.0,106.0,114.44,199160.0,106.0,106.0,105.0,106.0,54800.0,0.0,0.0,0.0,-13.11475409836066,-21.48148148148148,27.35849056603774,10.655737704918034,0.2751556537457321,False,False,False
2674,ハードオフコーポレーション,2026-09-15,2549.0,2812.0,2966.0,2531.2,2667.72,53560.0,2522.0,2536.0,2521.0,2549.0,46400.0,0.0,-1.0592389172224381,1.0705789056304482,-9.352773826458039,-14.059339177343222,16.359356610435462,5.476529160739685,0.8663181478715459,True,False,False
2676,高千穂交易,2026-09-15,2077.0,2105.0,2105.0,2061.0,2073.44,14140.0,2077.0,2077.0,2077.0,2077.0,11100.0,0.0,0.0,0.0,-1.3301662707838502,-1.3301662707838502,1.3480982185845036,0.0,0.785007072135785,False,False,False
2678,アスクル,2026-09-15,1228.0,1323.0,1323.0,1224.8,1268.44,452700.0,1220.0,1245.0,1211.0,1242.0,163300.0,1.140065146579805,-0.6514657980456029,1.80327868852459,-6.122448979591832,-6.122448979591832,6.521739130434789,0.0,0.36072454163905454,True,False,False
2681,ゲオホールディングス,2026-09-15,2284.0,2484.0,2484.0,2253.6,2336.96,187980.0,2283.0,2299.0,2277.0,2284.0,131200.0,0.0,-0.04378283712784814,0.04380201489269098,-8.051529790660227,-8.051529790660227,8.756567425569184,0.0,0.6979465900627726,True,False,False
2683,魚喜,2026-09-15,993.0,1022.0,1022.0,993.6,1003.6,1140.0,993.0,994.0,993.0,993.0,900.0,0.0,0.0,0.0,-2.837573385518588,-2.837573385518588,2.920443101711978,0.0,0.7894736842105263,False,False,False
2685,アンドエスティＨＤ,2026-09-15,3205.0,3575.0,3575.0,3200.0,3373.4,164880.0,3200.0,3200.0,3170.0,3190.0,13600.0,-0.46801872074883066,-0.15600624024960652,-0.31250000000000444,-10.769230769230765,-10.769230769230765,12.06896551724137,0.0,0.08248423095584667,False,False,False
2687,シー・ヴイ・エス・ベイエリア,2026-09-15,491.0,512.0,512.0,493.4,500.12,2760.0,490.0,490.0,490.0,491.0,2700.0,0.0,-0.20366598778004397,0.20408163265306367,-4.1015625,-4.1015625,4.276985743380846,0.0,0.9782608695652174,True,False,False
2689,オルバヘルスケアホールディングス,2026-09-15,1926.0,1986.0,1986.0,1942.0,1903.0,3240.0,1921.0,1927.0,1921.0,1926.0,2200.0,0.0,-0.25960539979231756,0.26028110359188616,-3.0211480362537735,-3.0211480362537735,3.1152647975077885,0.0,0.6790123456790124,True,False,False
268A,リガク・ホールディングス,2026-09-15,1618.0,1834.0,2327.0,1617.0,1732.04,1879100.0,1595.0,1602.0,1576.0,1581.0,124400.0,-2.2867737948084055,-1.4215080346106301,-0.8777429467084596,-13.794983642311887,-32.05844434894715,47.185325743200515,26.88113413304254,0.06620190516736736,False,False,False
2693,ＹＫＴ,2026-09-15,276.0,306.0,333.0,279.0,290.12,25620.0,276.0,280.0,276.0,276.0,43700.0,0.0,0.0,0.0,-9.80392156862745,-17.117117117117118,20.65217391304348,8.823529411764696,1.7056986729117876,False,False,False
2694,焼肉坂井ホールディングス,2026-09-15,72.0,73.0,73.0,72.0,71.96,180460.0,72.0,72.0,72.0,72.0,471700.0,0.0,0.0,0.0,-1.3698630136986356,-1.3698630136986356,1.388888888888884,0.0,2.6138756511138204,False,False,False
2695,くら寿司,2026-09-15,1671.0,1775.0,1775.0,1686.0,1714.96,655020.0,1661.0,1664.0,1647.0,1657.0,45600.0,-0.8378216636744429,-0.5984440454817497,-0.24081878386513766,-6.647887323943658,-6.647887323943658,7.1213035606517705,0.0,0.06961619492534579,False,False,False
2698,キャンドゥ,2026-09-15,3300.0,3680.0,3680.0,3287.0,3477.2,14700.0,3280.0,3280.0,3265.0,3300.0,12700.0,0.0,-0.60606060606061,0.6097560975609762,-10.32608695652174,-10.32608695652174,11.515151515151523,0.0,0.8639455782312925,True,False,False
269A,Ｓａｐｅｅｔ,2026-09-15,2880.0,2970.0,2970.0,2863.8,2701.64,5860.0,2880.0,2880.0,2880.0,2880.0,4400.0,0.0,0.0,0.0,-3.0303030303030276,-3.0303030303030276,3.125,0.0,0.7508532423208191,False,False,False
2700,木徳神糧,2026-09-15,1722.0,1885.0,1885.0,1715.0,1770.88,9420.0,1734.0,1734.0,1734.0,1722.0,7800.0,0.0,0.6968641114982521,-0.692041522491349,-8.647214854111407,-8.647214854111407,9.465737514518002,0.0,0.8280254777070064,False,False,False
2702,日本マクドナルドホールディングス,2026-09-15,8090.0,8320.0,8320.0,8094.0,8051.6,443540.0,8070.0,8080.0,8000.0,8020.0,54800.0,-0.8652657601977753,-0.24721878862793423,-0.6195786864931829,-3.605769230769229,-3.605769230769229,3.7406483790523692,0.0,0.12355142715425892,False,False,False
2705,大戸屋ホールディングス,2026-09-15,8930.0,10200.0,10200.0,8838.0,9136.8,15780.0,8950.0,8950.0,8950.0,8930.0,18400.0,0.0,0.22396416573349232,-0.22346368715083775,-12.450980392156863,-12.450980392156863,14.221724524076151,0.0,1.1660329531051965,False,False,False
2708,久世,2026-09-15,1900.0,1950.0,2015.0,1900.8,1914.6,920.0,1905.0,1905.0,1905.0,1900.0,700.0,0.0,0.2631578947368318,-0.2624671916010457,-2.564102564102566,-5.707196029776673,6.052631578947376,3.3333333333333437,0.7608695652173914,False,False,False
2721,ジェイホールディングス,2026-09-15,105.0,114.0,130.0,105.2,109.68,62980.0,105.0,105.0,105.0,105.0,71300.0,0.0,0.0,0.0,-7.8947368421052655,-19.23076923076923,23.809523809523814,14.035087719298245,1.132105430295332,False,False,False
2722,ＩＫホールディングス,2026-09-15,362.0,363.0,363.0,362.0,359.44,3580.0,360.0,363.0,360.0,362.0,4500.0,0.0,-0.5524861878453025,0.5555555555555536,-0.27548209366391463,-0.27548209366391463,0.2762430939226457,0.0,1.2569832402234637,True,False,False
2726,パルグループホールディングス,2026-09-15,1508.0,1585.0,1585.0,1498.6,1506.56,812600.0,1503.0,1510.0,1483.0,1491.0,43700.0,-1.1273209549071628,-0.3315649867373982,-0.7984031936127733,-5.930599369085177,-5.930599369085177,6.30449362843728,0.0,0.05377799655427024,False,False,False
2730,エディオン,2026-09-15,2490.0,2583.0,2583.0,2472.6,2508.8,293560.0,2497.0,2511.0,2488.0,2507.0,78700.0,0.6827309236947743,0.28112449799195804,0.4004805766920194,-2.9423151374370904,-2.9423151374370904,3.031511767052253,0.0,0.26808829540809376,True,False,False
2733,あらた,2026-09-15,2695.0,2753.0,2753.0,2674.6,2668.6,94140.0,2695.0,2707.0,2695.0,2695.0,120500.0,0.0,0.0,0.0,-2.106792589901929,-2.106792589901929,2.152133580705007,0.0,1.2800084979817294,False,False,False
2734,サーラコーポレーション,2026-09-15,1238.0,1252.0,1252.0,1229.8,1217.64,145380.0,1250.0,1258.0,1250.0,1238.0,100400.0,0.0,0.9693053311793154,-0.9600000000000053,-1.1182108626198062,-1.1182108626198062,1.1308562197092087,0.0,0.6906039345164396,False,False,False
2735,ワッツ,2026-09-15,715.0,748.0,748.0,728.6,707.68,45900.0,720.0,720.0,716.0,715.0,51800.0,0.0,0.6993006993007089,-0.694444444444442,-4.411764705882348,-4.411764705882348,4.615384615384621,0.0,1.1285403050108933,False,False,False
2736,フェスタリアホールディングス,2026-09-15,601.0,672.0,677.0,601.8,636.68,3100.0,600.0,601.0,599.0,601.0,2400.0,0.0,-0.16638935108153063,0.16666666666667052,-10.565476190476186,-11.225997045790248,12.64559068219635,0.7440476190476275,0.7741935483870968,True,False,False
2737,トーメンデバイス,2026-09-15,36950.0,37000.0,37000.0,34920.0,32515.2,129040.0,36950.0,38000.0,36700.0,37950.0,23600.0,2.706359945872805,0.0,2.706359945872805,2.5675675675675746,2.5675675675675746,-2.503293807641638,0.0,0.18288902665840048,True,True,True
2742,ハローズ,2026-09-15,4005.0,4125.0,4125.0,3958.0,3964.8,28760.0,4005.0,4030.0,4005.0,4025.0,1200.0,0.4993757802746579,0.0,0.4993757802746579,-2.4242424242424288,-2.4242424242424288,2.4844720496894457,0.0,0.04172461752433936,True,False,False
2747,北雄ラッキー,2026-09-15,3100.0,3165.0,3190.0,3121.0,3137.0,120.0,3135.0,3135.0,3100.0,3100.0,300.0,0.0,1.1290322580645107,-1.1164274322169043,-2.0537124802527673,-2.8213166144200663,2.9032258064516148,0.789889415481837,2.5,False,False,False
2749,ＪＰホールディングス,2026-09-15,672.0,676.0,676.0,654.0,656.24,247540.0,676.0,678.0,674.0,675.0,188000.0,0.44642857142858094,0.5952380952380931,-0.14792899408283544,-0.14792899408283544,-0.14792899408283544,0.1481481481481417,0.0,0.7594732164498667,False,False,False
274A,ガーデン,2026-09-15,2248.0,2379.0,2379.0,2251.4,2310.12,9160.0,2239.0,2255.0,2238.0,2248.0,6400.0,0.0,-0.40035587188611554,0.40196516301920227,-5.50651534258092,-5.50651534258092,5.827402135231319,0.0,0.6986899563318777,True,False,False
2750,石光商事,2026-09-15,1358.0,1389.0,1389.0,1351.4,1346.28,4200.0,1350.0,1355.0,1350.0,1355.0,2300.0,-0.22091310751104487,-0.589101620029453,0.37037037037037646,-2.4478041756659463,-2.4478041756659463,2.509225092250933,0.0,0.5476190476190477,True,False,False
2751,テンポスホールディングス,2026-09-15,3615.0,3800.0,3815.0,3626.0,3741.0,12660.0,3605.0,3620.0,3605.0,3615.0,5900.0,0.0,-0.2766251728907321,0.277392510402219,-4.868421052631577,-5.242463958060284,5.532503457814664,0.39473684210526994,0.4660347551342812,True,False,False
2752,フジオフードグループ本社,2026-09-15,1146.0,1160.0,1160.0,1149.0,1137.6,62440.0,1146.0,1150.0,1146.0,1148.0,7300.0,0.17452006980802626,0.0,0.17452006980802626,-1.0344827586206917,-1.0344827586206917,1.0452961672473782,0.0,0.11691223574631647,True,False,False
2753,あみやき亭,2026-09-15,1396.0,1417.0,1417.0,1389.8,1392.0,23200.0,1400.0,1400.0,1400.0,1396.0,20400.0,0.0,0.2865329512893977,-0.28571428571428914,-1.4820042342978068,-1.4820042342978068,1.5042979942693435,0.0,0.8793103448275862,False,False,False
2760,東京エレクトロン　デバイス,2026-09-15,4090.0,4320.0,4730.0,4071.0,4118.6,80860.0,4100.0,4155.0,4100.0,4090.0,87200.0,0.0,0.24449877750611915,-0.24390243902439046,-5.32407407407407,-13.530655391120504,15.647921760391203,9.490740740740744,1.0784071234232007,False,False,False
2762,ＳＡＮＫＯ　ＭＡＲＫＥＴＩＮＧ　ＦＯＯＤＳ,2026-09-15,67.0,75.0,81.0,66.4,70.72,234640.0,67.0,67.0,65.0,67.0,274600.0,0.0,0.0,0.0,-10.666666666666668,-17.28395061728395,20.895522388059696,8.000000000000007,1.1703034435731332,False,False,False
2764,ひらまつ,2026-09-15,171.0,173.0,173.0,166.8,157.92,142520.0,171.0,171.0,170.0,171.0,149200.0,0.0,0.0,0.0,-1.1560693641618491,-1.1560693641618491,1.1695906432748648,0.0,1.0468706146505753,False,False,False
2767,円谷フィールズホールディングス,2026-09-15,2607.0,2666.0,2666.0,2535.2,2498.88,419920.0,2599.0,2611.0,2589.0,2608.0,24300.0,0.03835826620637306,-0.30686612965094007,0.3462870334744128,-2.175543885971498,-2.175543885971498,2.223926380368102,0.0,0.05786816536483139,True,False,False
2768,双日,2026-09-15,5729.0,5894.0,5894.0,5777.4,5682.68,1163300.0,5788.0,5830.0,5770.0,5792.0,115300.0,1.09966835398847,1.0298481410368376,0.06910850034553828,-1.7305734645402082,-1.7305734645402082,1.7610497237569023,0.0,0.09911458781053899,True,False,False
2769,ヴィレッジヴァンガードコーポレーション,2026-09-15,925.0,939.0,939.0,923.6,914.32,2260.0,925.0,925.0,925.0,925.0,4700.0,0.0,0.0,0.0,-1.4909478168264156,-1.4909478168264156,1.5135135135135203,0.0,2.079646017699115,False,False,False
276A,ククレブ・アドバイザーズ,2026-09-15,4155.0,4225.0,4225.0,4112.0,3751.6,19820.0,4200.0,4270.0,4200.0,4155.0,22100.0,0.0,1.0830324909747224,-1.0714285714285676,-1.6568047337278125,-1.6568047337278125,1.6847172081829065,0.0,1.1150353178607466,False,False,False
2776,新都ホールディングス,2026-09-15,99.0,115.0,115.0,101.4,99.36,459440.0,99.0,99.0,98.0,98.0,6800.0,-1.0101010101010055,0.0,-1.0101010101010055,-14.782608695652177,-14.782608695652177,17.34693877551021,0.0,0.014800626850078356,False,False,False
2778,パレモ・ホールディングス,2026-09-15,116.0,119.0,119.0,115.0,113.88,36680.0,113.0,115.0,112.0,116.0,65200.0,0.0,-2.5862068965517238,2.6548672566371723,-2.5210084033613467,-2.5210084033613467,2.586206896551735,0.0,1.777535441657579,True,False,False
277A,グロービング,2026-09-15,1859.0,2012.0,2012.0,1836.2,1830.8,122940.0,1838.0,1846.0,1810.0,1859.0,96000.0,0.0,-1.1296395911780555,1.1425462459194735,-7.604373757455274,-7.604373757455274,8.23023130715439,0.0,0.7808687164470474,True,False,False
2780,コメ兵ホールディングス,2026-09-15,4515.0,5430.0,5700.0,4446.0,5012.6,123160.0,4470.0,4505.0,4470.0,4515.0,87400.0,0.0,-0.9966777408637828,1.0067114093959662,-16.850828729281766,-20.789473684210524,26.24584717607974,4.972375690607733,0.7096459889574537,True,False,False
2782,セリア,2026-09-15,4885.0,4905.0,4905.0,4786.0,4424.8,371360.0,4875.0,4895.0,4845.0,4885.0,282200.0,0.0,-0.20470829068577334,0.20512820512821328,-0.4077471967380175,-0.4077471967380175,0.4094165813715467,0.0,0.759909521757863,True,False,False
2784,アルフレッサ　ホールディングス,2026-09-15,2336.5,2364.0,2364.0,2311.9,2300.72,353480.0,2327.0,2346.0,2324.5,2345.5,24800.0,0.38519152578644356,-0.4065910549967855,0.7950150408250867,-0.782571912013541,-0.782571912013541,0.788744404178221,0.0,0.07015955641054657,True,False,False
2788,アップルインターナショナル,2026-09-15,386.0,445.0,445.0,387.0,411.24,22080.0,387.0,389.0,387.0,386.0,20600.0,0.0,0.2590673575129543,-0.2583979328165342,-13.258426966292136,-13.258426966292136,15.284974093264259,0.0,0.9329710144927537,False,False,False
2789,カルラ,2026-09-15,475.0,481.0,481.0,476.4,476.52,1660.0,475.0,475.0,475.0,475.0,500.0,0.0,0.0,0.0,-1.2474012474012475,-1.2474012474012475,1.2631578947368327,0.0,0.30120481927710846,False,False,False
278A,Ｔｅｒｒａ　Ｄｒｏｎｅ,2026-09-15,18980.0,23400.0,23400.0,19666.0,16941.6,1614560.0,18990.0,19380.0,18970.0,19110.0,104200.0,0.6849315068493178,0.05268703898841931,0.6319115323854652,-18.333333333333336,-18.333333333333336,22.44897959183674,0.0,0.06453770686750569,True,False,False
2790,ナフコ,2026-09-15,2098.0,2196.0,2241.0,2088.8,2139.68,12520.0,2093.0,2103.0,2093.0,2103.0,2100.0,0.23832221163011535,-0.23832221163012646,0.4777830864787447,-4.234972677595628,-6.157965194109771,6.562054208273893,2.049180327868849,0.16773162939297126,True,False,False
2791,大黒天物産,2026-09-15,4645.0,4850.0,4850.0,4651.0,4603.4,51100.0,4640.0,4655.0,4635.0,4645.0,40000.0,0.0,-0.10764262648008671,0.10775862068965747,-4.226804123711336,-4.226804123711336,4.413347685683533,0.0,0.7827788649706457,True,False,False
2792,ハニーズホールディングス,2026-09-15,1452.0,1474.0,1474.0,1432.8,1443.92,56880.0,1447.0,1451.0,1447.0,1451.0,3800.0,-0.06887052341597588,-0.3443526170798905,0.27643400138217533,-1.5603799185888723,-1.5603799185888723,1.5851137146795313,0.0,0.06680731364275667,True,False,False
2795,日本プリメックス,2026-09-15,959.0,974.0,990.0,954.8,961.56,620.0,959.0,959.0,959.0,959.0,700.0,0.0,0.0,0.0,-1.5400410677618104,-3.1313131313131293,3.232533889468203,1.642710472279263,1.1290322580645162,False,False,False
2796,ファーマライズホールディングス,2026-09-15,505.0,508.0,508.0,506.2,501.72,4480.0,508.0,508.0,508.0,505.0,4500.0,0.0,0.5940594059405946,-0.5905511811023612,-0.5905511811023612,-0.5905511811023612,0.5940594059405946,0.0,1.0044642857142858,False,False,False
2798,ワイズテーブルコーポレーション,2026-09-15,2997.0,3090.0,3090.0,2997.6,3027.96,1340.0,2997.0,2997.0,2997.0,2997.0,1000.0,0.0,0.0,0.0,-3.0097087378640808,-3.0097087378640808,3.103103103103111,0.0,0.746268656716418,False,False,False
2801,キッコーマン,2026-09-15,1676.5,1867.5,1867.5,1684.6,1778.6,3809060.0,1676.5,1678.5,1670.0,1677.0,139700.0,0.02982403817477497,0.0,0.02982403817477497,-10.200803212851406,-10.200803212851406,11.359570661896235,0.0,0.03667571526833392,True,False,False
2802,味の素,2026-09-15,4870.0,5609.0,5754.0,4976.6,5303.24,2962680.0,4877.0,4885.0,4823.0,4846.0,203600.0,-0.4928131416837789,0.14373716632443134,-0.6356366618822995,-13.60313781422714,-15.780326729231842,18.73710276516716,2.5851310394009674,0.06872156290925784,False,False,False
2804,ブルドックソース,2026-09-15,1862.0,1883.0,1883.0,1854.2,1850.52,12800.0,1862.0,1862.0,1862.0,1862.0,12800.0,0.0,0.0,0.0,-1.115241635687736,-1.115241635687736,1.1278195488721776,0.0,1.0,False,False,False
2805,ヱスビー食品,2026-09-15,7460.0,7680.0,7680.0,7448.0,7049.6,75320.0,7580.0,7600.0,7520.0,7460.0,96100.0,0.0,1.608579088471851,-1.58311345646438,-2.864583333333337,-2.864583333333337,2.9490616621983934,0.0,1.2758895379713224,False,False,False
2806,ユタカフーズ,2026-09-15,1911.0,2020.0,2020.0,1917.0,1904.56,740.0,1901.0,1901.0,1901.0,1911.0,1700.0,0.0,-0.5232862375719516,0.5260389268805898,-5.396039603960401,-5.396039603960401,5.7038199895342645,0.0,2.2972972972972974,True,False,False
2809,キユーピー,2026-09-15,4527.0,4929.0,4929.0,4576.4,4684.96,329200.0,4536.0,4561.0,4518.0,4561.0,20400.0,0.7510492599955843,0.1988071570576455,0.5511463844797282,-7.4660174477581664,-7.4660174477581664,8.068406051304544,0.0,0.061968408262454436,True,False,False
280A,ＴＭＨ,2026-09-15,1111.0,1220.0,1326.0,1082.2,1121.28,26180.0,1139.0,1149.0,1131.0,1141.0,3300.0,2.7002700270027047,2.5202520252025185,0.17559262510975504,-6.475409836065571,-13.951734539969829,16.213847502191058,8.688524590163937,0.12605042016806722,True,False,False
2810,ハウス食品グループ本社,2026-09-15,3934.0,4019.0,4019.0,3887.0,3830.04,216460.0,3950.0,3973.0,3928.0,3973.0,24900.0,0.9913573970513401,0.40671072699542954,0.5822784810126658,-1.1445633242100017,-1.1445633242100017,1.1578152529574615,0.0,0.11503280051741661,True,False,False
2811,カゴメ,2026-09-15,2736.5,2793.0,2793.0,2752.2,2716.26,291180.0,2746.0,2748.0,2733.5,2742.0,15300.0,0.20098666179426683,0.3471587794628084,-0.1456664238892902,-1.8259935553168627,-1.8259935553168627,1.8599562363238453,0.0,0.052544817638574076,False,False,False
2813,和弘食品,2026-09-15,3895.0,3980.0,4030.0,3914.0,3935.6,1120.0,3895.0,3895.0,3895.0,3895.0,1800.0,0.0,0.0,0.0,-2.1356783919597944,-3.3498759305210957,3.4659820282413323,1.2562814070351758,1.6071428571428572,False,False,False
2814,佐藤食品工業,2026-09-15,1947.0,2032.5,2032.5,1967.6,1828.72,4300.0,1987.0,1987.0,1987.0,1947.0,7200.0,0.0,2.0544427324088232,-2.0130850528434774,-4.206642066420663,-4.206642066420663,4.391371340523875,0.0,1.6744186046511629,False,False,False
2815,アリアケジャパン,2026-09-15,5250.0,5520.0,5520.0,5276.0,5376.0,89300.0,5250.0,5270.0,5250.0,5260.0,6200.0,0.19047619047618536,0.0,0.19047619047618536,-4.710144927536231,-4.710144927536231,4.94296577946769,0.0,0.06942889137737962,True,False,False
2816,ダイショー,2026-09-15,1416.0,1421.0,1421.0,1416.2,1414.12,2300.0,1416.0,1416.0,1416.0,1416.0,2500.0,0.0,0.0,0.0,-0.3518648838845895,-0.3518648838845895,0.3531073446327637,0.0,1.0869565217391304,False,False,False
2818,ピエトロ,2026-09-15,1762.0,1778.0,1778.0,1762.6,1762.88,1800.0,1768.0,1768.0,1768.0,1762.0,2600.0,0.0,0.34052213393871433,-0.33936651583710287,-0.8998875140607376,-0.8998875140607376,0.9080590238365494,0.0,1.4444444444444444,False,False,False
2819,エバラ食品工業,2026-09-15,2477.0,2642.0,2642.0,2460.8,2537.0,11020.0,2461.0,2490.0,2461.0,2477.0,6900.0,0.0,-0.645942672587807,0.6501422186103278,-6.245268735806208,-6.245268735806208,6.661283811061769,0.0,0.6261343012704175,True,False,False
281A,インフォメティス,2026-09-15,395.0,465.0,486.0,408.6,436.36,172720.0,394.0,397.0,393.0,395.0,162800.0,0.0,-0.25316455696202667,0.2538071065989911,-15.053763440860212,-18.724279835390945,23.03797468354429,4.516129032258065,0.9425660027790643,True,False,False
2820,やまみ,2026-09-15,6460.0,6850.0,6850.0,6552.0,6136.8,17740.0,6460.0,6460.0,6460.0,6460.0,13100.0,0.0,0.0,0.0,-5.693430656934306,-5.693430656934306,6.037151702786381,0.0,0.7384441939120632,False,False,False
2831,はごろもフーズ,2026-09-15,3670.0,3700.0,3700.0,3674.0,3673.4,1360.0,3690.0,3690.0,3690.0,3670.0,1200.0,0.0,0.5449591280654031,-0.5420054200542035,-0.8108108108108136,-0.8108108108108136,0.8174386920980936,0.0,0.8823529411764706,False,False,False
285A,キオクシアホールディングス,2026-09-15,51750.0,61040.0,63350.0,54292.0,53229.2,29024260.0,51350.0,51690.0,50180.0,50260.0,1660000.0,-2.8792270531400987,-0.7729468599033784,-2.122687439143134,-17.660550458715598,-20.66298342541436,26.044568245125355,3.7844036697247674,0.057193533960900295,False,False,False
286A,ユカリア,2026-09-15,800.0,853.0,853.0,802.6,814.84,21540.0,799.0,799.0,799.0,800.0,22900.0,0.0,-0.12499999999999734,0.12515644555695093,-6.213364595545134,-6.213364595545134,6.624999999999992,0.0,1.06313834726091,True,False,False
2871,ニチレイ,2026-09-15,2193.0,2269.5,2269.5,2177.1,2158.56,1360940.0,2213.0,2219.5,2194.0,2206.5,53200.0,0.6155950752394057,0.9119927040583731,-0.2937189335743384,-2.775941837409124,-2.775941837409124,2.8552005438477135,0.0,0.03909062853615883,False,False,False
2872,セイヒョー,2026-09-15,1927.0,2017.0,2017.0,1929.0,1967.2,1560.0,1931.0,1931.0,1927.0,1927.0,1800.0,0.0,0.2075765438505517,-0.20714655618850886,-4.462072384729798,-4.462072384729798,4.6704722366372575,0.0,1.1538461538461537,False,False,False
2874,横浜冷凍,2026-09-15,2178.0,2313.0,2313.0,2211.0,2168.48,171200.0,2176.0,2203.0,2176.0,2178.0,140200.0,0.0,-0.09182736455464191,0.09191176470588758,-5.836575875486383,-5.836575875486383,6.198347107438007,0.0,0.8189252336448598,True,False,False
2875,東洋水産,2026-09-15,10035.0,10890.0,10890.0,10066.0,10424.0,444280.0,10095.0,10095.0,9983.0,10075.0,32900.0,0.39860488290981433,0.5979073243647326,-0.1981178801386818,-7.483930211202939,-7.483930211202939,8.08933002481389,0.0,0.07405239938777347,False,False,False
2876,デルソーレ,2026-09-15,475.0,485.0,499.0,472.4,472.2,2060.0,467.0,475.0,467.0,475.0,400.0,0.0,-1.684210526315788,1.7130620985010614,-2.0618556701030966,-4.809619238476959,5.052631578947375,2.8865979381443196,0.1941747572815534,True,False,False
2877,日東ベスト,2026-09-15,751.0,797.0,797.0,749.6,747.84,2160.0,753.0,760.0,750.0,751.0,3500.0,0.0,0.26631158455392434,-0.26560424966799445,-5.771643663739024,-5.771643663739024,6.125166444740349,0.0,1.6203703703703705,False,False,False
287A,黒田グループ,2026-09-15,1123.0,1213.0,1240.0,1125.8,1176.28,395660.0,1125.0,1134.0,1123.0,1134.0,38500.0,0.9795191451469343,0.17809439002671734,0.8000000000000007,-6.512778235779059,-8.54838709677419,9.347442680776009,2.2258862324814555,0.09730576757822373,True,False,False
2882,イートアンドホールディングス,2026-09-15,2007.0,2074.0,2089.0,2012.8,2044.12,15180.0,2001.0,2012.0,2001.0,2007.0,16500.0,0.0,-0.2989536621823663,0.2998500749625155,-3.2304725168756043,-3.92532312111058,4.085700049825602,0.7232401157184265,1.0869565217391304,True,False,False
2883,大冷,2026-09-15,2044.0,2048.0,2048.0,2043.2,2024.2,2600.0,2047.0,2047.0,2047.0,2044.0,3000.0,0.0,0.14677103718199191,-0.14655593551539114,-0.1953125,-0.1953125,0.1956947162426559,0.0,1.1538461538461537,False,False,False
2884,ヨシムラ・フード・ホールディングス,2026-09-15,617.0,678.0,678.0,620.8,643.2,87180.0,615.0,623.0,614.0,619.0,12200.0,0.32414910858995505,-0.32414910858995505,0.6504065040650486,-8.702064896755157,-8.702064896755157,9.531502423263326,0.0,0.13994035329203947,True,False,False
288A,ラクサス・テクノロジーズ,2026-09-15,93.0,108.0,108.0,93.4,95.48,42760.0,93.0,93.0,93.0,93.0,28300.0,0.0,0.0,0.0,-13.888888888888884,-13.888888888888884,16.129032258064523,0.0,0.6618334892422825,False,False,False
2892,日本食品化工,2026-09-15,4735.0,4740.0,4740.0,4611.0,4557.6,5040.0,4740.0,4745.0,4740.0,4735.0,13500.0,0.0,0.10559662090812161,-0.10548523206751481,-0.10548523206751481,-0.10548523206751481,0.10559662090812161,0.0,2.6785714285714284,False,False,False
2894,石井食品,2026-09-15,363.0,379.0,379.0,362.6,356.84,4380.0,363.0,363.0,363.0,363.0,6600.0,0.0,0.0,0.0,-4.221635883905018,-4.221635883905018,4.40771349862259,0.0,1.5068493150684932,False,False,False
2897,日清食品ホールディングス,2026-09-15,2996.0,3096.0,3096.0,2951.5,2977.22,1215240.0,3014.0,3015.0,2969.0,2983.0,115800.0,-0.43391188251001855,0.6008010680907949,-1.0285335102853344,-3.6498708010335945,-3.6498708010335945,3.7881327522628183,0.0,0.09528981929495409,False,False,False
2901,ウェルディッシュ,2026-09-15,143.0,166.0,187.0,148.6,153.44,101160.0,144.0,147.0,144.0,143.0,289700.0,0.0,0.6993006993007089,-0.694444444444442,-13.855421686746983,-23.529411764705888,30.76923076923077,12.650602409638555,2.8637801502570186,False,False,False
2903,シノブフーズ,2026-09-15,1637.0,1669.0,1669.0,1615.8,1606.0,3120.0,1601.0,1601.0,1601.0,1637.0,500.0,0.0,-2.199144777031159,2.24859462835727,-1.9173157579388866,-1.9173157579388866,1.9547953573610277,0.0,0.16025641025641027,True,False,False
2904,一正蒲鉾,2026-09-15,756.0,758.0,760.0,754.4,753.64,3900.0,757.0,757.0,757.0,756.0,4000.0,0.0,0.1322751322751392,-0.13210039630119352,-0.26385224274406704,-0.5263157894736858,0.5291005291005346,0.26385224274405594,1.0256410256410255,False,False,False
2907,あじかん,2026-09-15,1526.0,1544.0,1545.0,1535.6,1527.64,1820.0,1534.0,1540.0,1525.0,1526.0,2100.0,0.0,0.5242463958060384,-0.521512385919165,-1.1658031088082943,-1.229773462783168,1.245085190039319,0.06476683937823857,1.1538461538461537,False,False,False
2908,フジッコ,2026-09-15,1625.0,1650.0,1650.0,1617.8,1615.8,34680.0,1628.0,1629.0,1625.0,1629.0,5000.0,0.2461538461538515,0.18461538461538307,0.06142506142505777,-1.2727272727272698,-1.2727272727272698,1.2891344383057168,0.0,0.14417531718569782,True,False,False
290A,Ｓｙｎｓｐｅｃｔｉｖｅ,2026-09-15,1414.0,1622.0,1622.0,1441.4,1446.4,695200.0,1398.0,1406.0,1371.0,1387.0,164500.0,-1.9094766619519143,-1.1315417256011262,-0.7868383404864066,-14.488286066584466,-14.488286066584466,16.943042537851483,0.0,0.23662255466052934,False,False,False
2910,ロック・フィールド,2026-09-15,1400.0,1449.0,1449.0,1390.2,1409.6,44040.0,1400.0,1404.0,1400.0,1400.0,41200.0,0.0,0.0,0.0,-3.3816425120772986,-3.3816425120772986,3.499999999999992,0.0,0.935513169845595,False,False,False
2911,旭松食品,2026-09-15,2252.0,2277.0,2286.0,2255.4,2259.0,260.0,2259.0,2259.0,2252.0,2252.0,300.0,0.0,0.3108348134991168,-0.3098716246126565,-1.097935880544576,-1.4873140857392775,1.5097690941385356,0.39525691699604515,1.1538461538461537,False,False,False
2914,日本たばこ産業,2026-09-15,6780.0,7109.0,7187.0,6692.0,6897.0,3030800.0,6758.0,6818.0,6746.0,6818.0,250200.0,0.560471976401189,-0.3244837758112129,0.8878366380586034,-4.093402728935147,-5.134270210101577,5.412144323848644,1.0972007314671517,0.082552461396331,True,False,False
2915,ケンコーマヨネーズ,2026-09-15,2098.0,2098.0,2098.0,2056.4,2042.76,25900.0,2076.0,2090.0,2076.0,2098.0,17600.0,0.0,-1.0486177311725409,1.0597302504816941,0.0,0.0,0.0,0.0,0.6795366795366795,True,False,False
2916,仙波糖化工業,2026-09-15,732.0,749.0,749.0,733.2,741.28,1400.0,733.0,733.0,733.0,732.0,2000.0,0.0,0.1366120218579292,-0.13642564802183177,-2.2696929238985364,-2.2696929238985364,2.3224043715847076,0.0,1.4285714285714286,False,False,False
2917,大森屋,2026-09-15,925.0,938.0,950.0,925.4,929.52,2520.0,924.0,924.0,924.0,925.0,2200.0,0.0,-0.108108108108107,0.10822510822510178,-1.3859275053304865,-2.631578947368418,2.7027027027026973,1.279317697228155,0.873015873015873,True,False,False
2918,わらべや日洋ホールディングス,2026-09-15,2758.0,2896.0,2896.0,2739.8,2800.8,71760.0,2749.0,2767.0,2749.0,2761.0,4900.0,0.10877447425670095,-0.32632342277012505,0.43652237177156383,-4.661602209944748,-4.661602209944748,4.889532777978989,0.0,0.06828316610925307,True,False,False
291A,リスキル,2026-09-15,1998.0,2060.0,2060.0,1981.0,1983.04,1400.0,1997.0,1997.0,1997.0,1998.0,1100.0,0.0,-0.05005005005005447,0.050075112669012434,-3.0097087378640808,-3.0097087378640808,3.103103103103111,0.0,0.7857142857142857,True,False,False
2922,なとり,2026-09-15,1985.0,2034.0,2034.0,1976.0,1996.72,14240.0,1985.0,1987.0,1985.0,1985.0,10700.0,0.0,0.0,0.0,-2.4090462143559477,-2.4090462143559477,2.468513853904275,0.0,0.7514044943820225,False,False,False
2923,サトウ食品,2026-09-15,7360.0,8550.0,8600.0,7520.0,8021.6,4640.0,7400.0,7600.0,7400.0,7360.0,2800.0,0.0,0.5434782608695565,-0.540540540540535,-13.918128654970763,-14.418604651162791,16.84782608695652,0.5847953216374213,0.603448275862069,False,False,False
2924,イフジ産業,2026-09-15,1910.0,1949.0,2005.0,1914.8,1925.16,1600.0,1906.0,1920.0,1905.0,1910.0,700.0,0.0,-0.20942408376963817,0.20986358866736943,-2.001026167265263,-4.738154613466339,4.973821989528804,2.8732683427398653,0.4375,True,False,False
2926,篠崎屋,2026-09-15,123.0,137.0,137.0,124.0,124.4,125280.0,123.0,124.0,123.0,123.0,118500.0,0.0,0.0,0.0,-10.21897810218978,-10.21897810218978,11.382113821138207,0.0,0.9458812260536399,False,False,False
2927,ＡＦＣ－ＨＤアムスライフサイエンス,2026-09-15,855.0,905.0,915.0,858.4,876.72,15100.0,856.0,856.0,856.0,855.0,12700.0,0.0,0.11695906432749315,-0.1168224299065379,-5.524861878453036,-6.5573770491803245,7.017543859649122,1.104972375690605,0.8410596026490066,False,False,False
2929,ファーマフーズ,2026-09-15,712.0,725.0,725.0,665.6,621.48,782840.0,715.0,721.0,710.0,716.0,60000.0,0.561797752808979,0.4213483146067398,0.13986013986013734,-1.2413793103448256,-1.2413793103448256,1.2569832402234526,0.0,0.07664401410249859,True,False,False
2930,北の達人コーポレーション,2026-09-15,132.0,136.0,136.0,129.6,129.04,343120.0,131.0,132.0,131.0,132.0,77800.0,0.0,-0.7575757575757569,0.7633587786259444,-2.941176470588236,-2.941176470588236,3.0303030303030276,0.0,0.22674283049661925,True,False,False
2931,ユーグレナ,2026-09-15,352.0,362.0,373.0,345.0,351.4,614160.0,354.0,354.0,352.0,352.0,615600.0,0.0,0.5681818181818121,-0.5649717514124242,-2.7624309392265234,-5.630026809651478,5.965909090909083,3.038674033149169,1.0023446658851114,False,False,False
2932,ＳＴＩフードホールディングス,2026-09-15,1096.0,1126.0,1126.0,1100.8,1108.28,9080.0,1096.0,1098.0,1096.0,1096.0,9600.0,0.0,0.0,0.0,-2.6642984014209614,-2.6642984014209614,2.7372262773722733,0.0,1.0572687224669604,False,False,False
2933,紀文食品,2026-09-15,1131.0,1144.0,1144.0,1127.0,1128.0,41280.0,1133.0,1133.0,1131.0,1133.0,14100.0,0.17683465959328348,0.17683465959328348,0.0,-0.9615384615384581,-0.9615384615384581,0.9708737864077666,0.0,0.34156976744186046,False,False,False
2934,ジェイフロンティア,2026-09-15,1996.0,2049.0,2095.0,1989.2,2004.4,2480.0,1995.0,1995.0,1995.0,1996.0,1300.0,0.0,-0.05010020040080443,0.05012531328321135,-2.5866276232308416,-4.725536992840096,4.959919839679361,2.2449975597852667,0.5241935483870968,True,False,False
2935,ピックルスホールディングス,2026-09-15,1214.0,1219.0,1219.0,1200.0,1190.64,17840.0,1213.0,1213.0,1211.0,1214.0,17000.0,0.0,-0.08237232289950436,0.08244023083263663,-0.41017227235439213,-0.41017227235439213,0.4118616144975329,0.0,0.952914798206278,True,False,False
2936,ベースフード,2026-09-15,279.0,282.0,310.0,274.2,272.2,24400.0,279.0,279.0,279.0,279.0,21300.0,0.0,0.0,0.0,-1.0638297872340385,-9.999999999999998,11.111111111111116,9.92907801418439,0.8729508196721312,False,False,False
2937,サンクゼール,2026-09-15,1760.0,1769.0,1769.0,1762.2,1754.52,2400.0,1768.0,1768.0,1768.0,1760.0,2500.0,0.0,0.454545454545463,-0.4524886877828038,-0.5087620124364034,-0.5087620124364034,0.5113636363636376,0.0,1.0416666666666667,False,False,False
2938,オカムラ食品工業,2026-09-15,1284.0,1323.0,1330.0,1271.0,1280.24,45820.0,1289.0,1291.0,1283.0,1291.0,5300.0,0.5451713395638658,0.3894080996884819,0.15515903801397446,-2.4187452758881345,-2.932330827067664,3.0209140201394202,0.5291005291005346,0.11567001309471846,True,False,False
2961,日本調理機,2026-09-15,1569.0,1712.0,1712.0,1546.2,1518.88,380.0,1569.0,1569.0,1569.0,1569.0,500.0,0.0,0.0,0.0,-8.35280373831776,-8.35280373831776,9.114085404716388,0.0,1.3157894736842106,False,False,False
2962,テクニスコ,2026-09-15,1718.0,2025.0,2025.0,1756.4,1606.08,267140.0,1708.0,1741.0,1705.0,1736.0,8500.0,1.0477299185098987,-0.5820721769499437,1.6393442622950838,-14.27160493827161,-14.27160493827161,16.64746543778801,0.0,0.03181852212323127,True,False,False
296A,令和アカウンティング・ホールディングス,2026-09-15,1177.0,1219.0,1219.0,1158.6,1073.88,90800.0,1188.0,1230.0,1184.0,1230.0,15400.0,4.502973661852172,0.9345794392523255,3.535353535353525,0.9023789991796649,0.9023789991796649,-0.894308943089428,0.0,0.1696035242290749,True,True,True
2970,ＧＬＣ　ＧＲＯＵＰ,2026-09-15,1085.0,1109.0,1109.0,1090.2,1069.96,3720.0,1095.0,1095.0,1095.0,1085.0,2400.0,0.0,0.9216589861751112,-0.91324200913242,-2.1641118124436476,-2.1641118124436476,2.211981566820276,0.0,0.6451612903225806,False,False,False
2975,スター・マイカ・ホールディングス,2026-09-15,1373.0,1623.0,1625.0,1377.8,1522.6,215440.0,1373.0,1392.0,1373.0,1391.0,8900.0,1.3109978150036339,0.0,1.3109978150036339,-14.294516327788042,-14.400000000000002,16.82242990654206,0.12322858903266454,0.04131080579279614,True,False,False
2978,ツクルバ,2026-09-15,337.0,352.0,354.0,339.6,339.84,9000.0,336.0,336.0,336.0,337.0,22000.0,0.0,-0.29673590504450953,0.29761904761904656,-4.261363636363635,-4.802259887005644,5.044510385756684,0.5681818181818121,2.4444444444444446,True,False,False
297A,アルピコホールディングス,2026-09-15,212.0,216.0,219.0,213.2,214.0,29900.0,213.0,213.0,213.0,212.0,75200.0,0.0,0.4716981132075526,-0.46948356807511304,-1.851851851851849,-3.1963470319634757,3.301886792452824,1.388888888888884,2.5150501672240804,False,False,False
2980,ＳＲＥホールディングス,2026-09-15,2300.0,2573.0,2818.0,2273.8,2414.28,254320.0,2300.0,2300.0,2279.0,2291.0,7900.0,-0.3913043478260825,0.0,-0.3913043478260825,-10.959968907889628,-18.70120652945352,23.003055434308163,9.521958802953744,0.031063227430009437,False,False,False
2981,ランディックス,2026-09-15,2276.0,2277.0,2277.0,2253.0,2198.88,3760.0,2260.0,2276.0,2260.0,2276.0,1900.0,0.0,-0.7029876977152849,0.707964601769917,-0.04391743522178526,-0.04391743522178526,0.04393673110720808,0.0,0.5053191489361702,True,False,False
2982,ＡＤワークスグループ,2026-09-15,420.0,444.0,444.0,419.0,425.52,202300.0,425.0,425.0,424.0,420.0,167000.0,0.0,1.1904761904761862,-1.17647058823529,-5.405405405405405,-5.405405405405405,5.714285714285716,0.0,0.8255066732575383,False,False,False
2983,アールプランナー,2026-09-15,1664.0,1819.0,1819.0,1696.2,1670.84,125760.0,1664.0,1687.0,1664.0,1664.0,106900.0,0.0,0.0,0.0,-8.521165475536009,-8.521165475536009,9.314903846153854,0.0,0.850031806615776,False,False,False
2984,ヤマイチエステート,2026-09-15,758.0,779.0,779.0,756.0,760.52,7580.0,760.0,760.0,759.0,758.0,5200.0,0.0,0.26385224274405594,-0.2631578947368429,-2.695763799743256,-2.695763799743256,2.770448548812654,0.0,0.6860158311345647,False,False,False
2986,ＬＡホールディングス,2026-09-15,2821.0,2893.0,2893.0,2806.8,2816.32,96600.0,2822.0,2842.0,2821.0,2821.0,91500.0,0.0,0.035448422545192315,-0.03543586109142627,-2.4887659868648493,-2.4887659868648493,2.5522864232541576,0.0,0.9472049689440993,False,False,False
298A,ＧＶＡ　ＴＥＣＨ,2026-09-15,333.0,383.0,383.0,347.2,337.32,4500.0,333.0,333.0,332.0,333.0,4900.0,0.0,0.0,0.0,-13.054830287206265,-13.054830287206265,15.01501501501501,0.0,1.0888888888888888,False,False,False
2991,ランドネット,2026-09-15,523.0,565.0,568.0,520.6,541.88,59300.0,521.0,526.0,521.0,523.0,23900.0,0.0,-0.3824091778202643,0.38387715930903177,-7.4336283185840735,-7.922535211267601,8.604206500956014,0.5309734513274433,0.403035413153457,True,False,False
2993,長栄,2026-09-15,2200.0,2272.0,2278.0,2203.6,2232.52,620.0,2163.0,2200.0,2163.0,2200.0,700.0,0.0,-1.6818181818181843,1.710587147480358,-3.169014084507038,-3.4240561896400346,3.5454545454545405,0.2640845070422504,1.1290322580645162,True,False,False
2997,ストレージ王,2026-09-15,1323.0,1327.0,1337.0,1323.4,1325.56,4540.0,1323.0,1323.0,1323.0,1323.0,14800.0,0.0,0.0,0.0,-0.30143180105500766,-1.0471204188481686,1.0582010582010692,0.7535795026375247,3.2599118942731278,False,False,False
2998,クリアル,2026-09-15,536.0,583.0,583.0,536.4,538.8,94820.0,535.0,535.0,535.0,536.0,86100.0,0.0,-0.1865671641791078,0.18691588785046953,-8.06174957118353,-8.06174957118353,8.768656716417912,0.0,0.9080362792659776,True,False,False
2999,ホームポジション,2026-09-15,500.0,629.0,660.0,501.8,569.36,18840.0,501.0,501.0,501.0,500.0,5500.0,0.0,0.20000000000000018,-0.1996007984031989,-20.5087440381558,-24.242424242424242,32.00000000000001,4.9284578696343395,0.291932059447983,False,False,False
299A,クラシル,2026-09-15,1243.0,1424.0,1424.0,1237.4,1252.52,226880.0,1243.0,1243.0,1226.0,1238.0,11200.0,-0.4022526146419958,0.0,-0.4022526146419958,-13.06179775280899,-13.06179775280899,15.024232633279478,0.0,0.04936530324400564,False,False,False
3001,片倉工業,2026-09-15,2945.0,3060.0,3075.0,2922.6,2944.88,24600.0,2980.0,2982.0,2980.0,2945.0,16100.0,0.0,1.1884550084889645,-1.1744966442952975,-3.7581699346405206,-4.227642276422761,4.414261460101865,0.4901960784313708,0.6544715447154471,False,False,False
3002,グンゼ,2026-09-15,4055.0,4250.0,4270.0,4038.0,4149.0,149620.0,4045.0,4055.0,4035.0,4050.0,31900.0,-0.12330456226880004,-0.2466091245376112,0.12360939431397266,-4.705882352941182,-5.152224824355967,5.432098765432092,0.47058823529411153,0.2132067905360246,True,False,False
3003,ヒューリック,2026-09-15,1733.0,1814.5,1814.5,1744.6,1764.16,1496320.0,1760.0,1761.5,1749.0,1758.0,271800.0,1.4425851125216438,1.5579919215233717,-0.1136363636363602,-3.113805456048502,-3.113805456048502,3.213879408418663,0.0,0.1816456372968349,False,False,False
3004,神栄,2026-09-15,2082.0,2135.0,2140.0,2066.8,2093.0,2720.0,2093.0,2093.0,2093.0,2082.0,6400.0,0.0,0.5283381364072914,-0.5255613951266169,-2.4824355971896916,-2.710280373831775,2.785782901056666,0.23419203747072626,2.3529411764705883,False,False,False
300A,ＭＩＣ,2026-09-15,3145.0,3400.0,3490.0,3144.0,3270.4,15480.0,3170.0,3170.0,3170.0,3145.0,11700.0,0.0,0.7949125596184325,-0.7886435331230235,-7.499999999999996,-9.885386819484243,10.969793322734489,2.6470588235294024,0.7558139534883721,False,False,False
3010,ポラリス・ホールディングス,2026-09-15,190.0,195.0,199.0,188.8,190.96,97240.0,189.0,189.0,189.0,190.0,89200.0,0.0,-0.5263157894736858,0.5291005291005346,-2.564102564102566,-4.522613065326631,4.73684210526315,2.051282051282044,0.9173179761415056,True,False,False
3011,バナーズ,2026-09-15,141.0,147.0,147.0,141.2,144.0,8500.0,141.0,141.0,141.0,141.0,11900.0,0.0,0.0,0.0,-4.081632653061229,-4.081632653061229,4.255319148936176,0.0,1.4,False,False,False
3020,アプライド,2026-09-15,4835.0,4900.0,4900.0,4712.0,4436.2,3920.0,4805.0,4810.0,4805.0,4835.0,6400.0,0.0,-0.6204756980351611,0.624349635796051,-1.3265306122449028,-1.3265306122449028,1.3443640124095158,0.0,1.6326530612244898,True,False,False
3021,パシフィックネット,2026-09-15,1591.0,1650.0,1669.0,1581.8,1610.32,7300.0,1579.0,1599.0,1579.0,1591.0,4900.0,0.0,-0.7542426147077341,0.7599746675110763,-3.5757575757575766,-4.673457159976035,4.902576995600261,1.1515151515151478,0.6712328767123288,True,False,False
3023,ラサ商事,2026-09-15,2054.0,2145.0,2145.0,2022.0,2066.48,21160.0,2046.0,2064.0,2046.0,2054.0,23400.0,0.0,-0.3894839337877265,0.3910068426197455,-4.2424242424242475,-4.2424242424242475,4.430379746835444,0.0,1.10586011342155,True,False,False
3024,クリエイト,2026-09-15,1219.0,1227.0,1227.0,1194.0,1170.84,2920.0,1227.0,1227.0,1187.0,1219.0,3300.0,0.0,0.656275635767023,-0.6519967400163029,-0.6519967400163029,-0.6519967400163029,0.656275635767023,0.0,1.13013698630137,False,False,False
3028,アルペン,2026-09-15,2325.0,2405.0,2405.0,2300.6,2345.08,68340.0,2338.0,2338.0,2330.0,2325.0,60400.0,0.0,0.5591397849462387,-0.556030795551754,-3.3264033264033266,-3.3264033264033266,3.440860215053765,0.0,0.8838162130523851,False,False,False
302A,ビースタイルホールディングス,2026-09-15,575.0,659.0,696.0,589.8,615.6,5220.0,575.0,575.0,575.0,575.0,1800.0,0.0,0.0,0.0,-12.746585735963578,-17.385057471264364,21.043478260869563,5.614567526555381,0.3448275862068966,False,False,False
3030,ハブ,2026-09-15,861.0,875.0,875.0,852.8,853.16,10340.0,861.0,861.0,861.0,861.0,6700.0,0.0,0.0,0.0,-1.6000000000000014,-1.6000000000000014,1.6260162601626105,0.0,0.6479690522243714,False,False,False
3031,ラクーンホールディングス,2026-09-15,682.0,698.0,698.0,663.2,658.56,65600.0,684.0,685.0,682.0,682.0,84300.0,0.0,0.2932551319648091,-0.29239766081871066,-2.2922636103151817,-2.2922636103151817,2.346041055718473,0.0,1.2850609756097562,False,False,False
3034,クオールホールディングス,2026-09-15,2308.0,2652.0,2655.0,2240.8,2417.4,117140.0,2313.0,2344.0,2313.0,2308.0,103400.0,0.0,0.2166377816291254,-0.2161694768698652,-12.971342383107087,-13.069679849340865,15.034662045060653,0.11312217194570096,0.8827044562062489,False,False,False
3035,ケイティケイ,2026-09-15,756.0,785.0,847.0,761.0,777.4,5180.0,757.0,763.0,757.0,756.0,4100.0,0.0,0.1322751322751392,-0.13210039630119352,-3.694267515923566,-10.743801652892559,12.037037037037045,7.8980891719745205,0.7915057915057915,False,False,False
3036,アルコニックス,2026-09-15,3260.0,3610.0,3785.0,3330.0,3428.0,103920.0,3290.0,3325.0,3275.0,3260.0,83900.0,0.0,0.9202453987730008,-0.911854103343468,-9.695290858725759,-13.870541611624832,16.104294478527613,4.84764542936289,0.8073518090839107,False,False,False
3038,神戸物産,2026-09-15,3166.0,3219.0,3219.0,3095.5,2899.16,3041680.0,3131.0,3134.0,3068.0,3084.0,216300.0,-2.590018951358186,-1.105495893872399,-1.501117853720857,-4.193849021435225,-4.193849021435225,4.377431906614793,0.0,0.07111201704321296,False,False,False
303A,ｖｉｓｕｍｏ,2026-09-15,572.0,608.0,637.0,579.2,598.4,2820.0,573.0,575.0,558.0,572.0,9500.0,0.0,0.17482517482516613,-0.17452006980802626,-5.921052631578949,-10.204081632653061,11.363636363636353,4.7697368421052655,3.368794326241135,False,False,False
3040,ソリトンシステムズ,2026-09-15,2346.0,2475.0,2593.0,2319.2,2366.16,119300.0,2340.0,2384.0,2339.0,2346.0,127700.0,0.0,-0.2557544757033292,0.2564102564102555,-5.212121212121213,-9.525645969919017,10.528559249786863,4.767676767676776,1.0704107292539815,True,False,False
3041,ビューティカダンホールディングス,2026-09-15,407.0,415.0,419.0,409.8,405.96,1900.0,409.0,409.0,409.0,407.0,1900.0,0.0,0.49140049140048436,-0.4889975550122272,-1.927710843373498,-2.863961813842486,2.9484029484029506,0.9638554216867545,1.0,False,False,False
3042,セキュアヴェイル,2026-09-15,307.0,307.0,308.0,297.4,298.72,24140.0,303.0,306.0,302.0,307.0,80300.0,0.0,-1.3029315960912058,1.320132013201314,0.0,-0.32467532467532756,0.32573289902280145,0.32573289902280145,3.3264291632145815,True,False,False
3045,カワサキ,2026-09-15,1466.0,1500.0,1501.0,1461.6,1475.04,480.0,1466.0,1466.0,1466.0,1466.0,300.0,0.0,0.0,0.0,-2.2666666666666613,-2.3317788141239193,2.3874488403820004,0.06666666666665932,0.625,False,False,False
3046,ジンズホールディングス,2026-09-15,5920.0,6520.0,6740.0,5726.0,6053.2,192480.0,5920.0,5940.0,5860.0,5860.0,12200.0,-1.0135135135135087,0.0,-1.0135135135135087,-10.122699386503065,-13.056379821958453,15.017064846416384,3.3742331288343586,0.06338320864505403,False,False,False
3048,ビックカメラ,2026-09-15,1756.0,1826.0,1826.0,1722.7,1752.88,494640.0,1757.5,1767.0,1757.0,1767.0,21800.0,0.6264236902050024,0.08542141230067912,0.540540540540535,-3.2311062431544357,-3.2311062431544357,3.3389926428975647,0.0,0.04407245673621219,True,False,False
3050,ＤＣＭホールディングス,2026-09-15,1610.0,1636.0,1636.0,1590.8,1591.56,247580.0,1613.0,1617.0,1607.0,1617.0,13100.0,0.43478260869564966,0.18633540372670065,0.24798512089274638,-1.1613691931540382,-1.1613691931540382,1.1750154607297558,0.0,0.05291218999919218,True,False,False
3053,ペッパーフードサービス,2026-09-15,202.0,213.0,220.0,201.4,204.68,223460.0,203.0,203.0,202.0,202.0,237600.0,0.0,0.4950495049504955,-0.49261083743842304,-5.164319248826288,-8.18181818181818,8.910891089108919,3.2863849765258246,1.0632775440794773,False,False,False
3054,ハイパー,2026-09-15,355.0,389.0,389.0,359.0,344.8,47860.0,358.0,361.0,358.0,355.0,103600.0,0.0,0.8450704225352101,-0.8379888268156388,-8.740359897172233,-8.740359897172233,9.577464788732403,0.0,2.1646468867530295,False,False,False
3058,三洋堂ホールディングス,2026-09-15,718.0,719.0,745.0,714.2,706.12,940.0,720.0,720.0,720.0,718.0,900.0,0.0,0.278551532033422,-0.2777777777777768,-0.13908205841446364,-3.624161073825505,3.7604456824512633,3.616133518776077,0.9574468085106383,False,False,False
3059,ヒラキ,2026-09-15,710.0,714.0,715.0,711.0,709.44,1640.0,708.0,709.0,708.0,710.0,1700.0,0.0,-0.28169014084507005,0.28248587570620654,-0.5602240896358524,-0.6993006993006978,0.7042253521126751,0.1400560224089631,1.0365853658536586,True,False,False
3063,ジェイグループホールディングス,2026-09-15,1167.0,1215.0,1218.0,1162.4,1168.2,25200.0,1170.0,1177.0,1168.0,1167.0,18700.0,0.0,0.25706940874035134,-0.2564102564102555,-3.9506172839506193,-4.187192118226601,4.370179948586128,0.24691358024691024,0.7420634920634921,False,False,False
3064,ＭｏｎｏｔａＲＯ,2026-09-15,1972.5,2027.0,2027.0,1927.0,1880.8,2019220.0,1980.0,1983.5,1964.0,1979.0,125400.0,0.3295310519645156,0.3802281368821214,-0.05050505050504528,-2.3680315737543145,-2.3680315737543145,2.4254674077817118,0.0,0.06210318835986173,False,False,False
3065,ライフフーズ,2026-09-15,1588.0,1628.0,1628.0,1588.2,1603.52,1060.0,1590.0,1590.0,1586.0,1588.0,1200.0,0.0,0.12594458438286438,-0.12578616352201255,-2.457002457002455,-2.457002457002455,2.5188916876574208,0.0,1.1320754716981132,False,False,False
3067,東京一番フーズ,2026-09-15,467.0,470.0,470.0,467.6,462.4,8740.0,465.0,465.0,464.0,467.0,12800.0,0.0,-0.4282655246252709,0.43010752688172893,-0.6382978723404209,-0.6382978723404209,0.6423982869379063,0.0,1.4645308924485125,True,False,False
3068,ＷＤＩ,2026-09-15,3050.0,3070.0,3090.0,3049.0,3039.2,1100.0,3045.0,3060.0,3045.0,3050.0,800.0,0.0,-0.16393442622950616,0.16420361247948545,-0.6514657980456029,-1.2944983818770184,1.3114754098360715,0.6514657980456029,0.7272727272727273,True,False,False
3069,ＪＦＬＡホールディングス,2026-09-15,166.0,170.0,170.0,166.4,167.64,103700.0,165.0,166.0,165.0,166.0,24500.0,0.0,-0.6024096385542133,0.60606060606061,-2.352941176470591,-2.352941176470591,2.4096385542168752,0.0,0.23625843780135006,True,False,False
3070,ジェリービーンズグループ,2026-09-15,52.0,73.0,73.0,60.4,67.44,1898500.0,52.0,53.0,52.0,52.0,647300.0,0.0,0.0,0.0,-28.767123287671236,-28.767123287671236,40.38461538461537,0.0,0.34095338425072425,False,False,False
3071,ストリーム,2026-09-15,102.0,108.0,108.0,101.6,104.04,101760.0,102.0,102.0,101.0,102.0,57900.0,0.0,0.0,0.0,-5.555555555555558,-5.555555555555558,5.882352941176472,0.0,0.5689858490566038,False,False,False
3075,銚子丸,2026-09-15,1640.0,1737.0,1737.0,1646.8,1675.8,3320.0,1640.0,1640.0,1640.0,1640.0,6600.0,0.0,0.0,0.0,-5.5843408175014435,-5.5843408175014435,5.914634146341458,0.0,1.9879518072289157,False,False,False
3076,あい　ホールディングス,2026-09-15,2967.0,3040.0,3040.0,2975.6,2960.92,109320.0,2995.0,3010.0,2978.0,2997.0,12300.0,1.0111223458038499,0.9437141894169221,0.06677796327212437,-1.4144736842105265,-1.4144736842105265,1.434768101434769,0.0,0.11251372118551042,True,False,False
3077,ホリイフードサービス,2026-09-15,1276.0,1339.0,1339.0,1278.6,1132.4,13760.0,1272.0,1272.0,1272.0,1276.0,15200.0,0.0,-0.31347962382445305,0.3144654088050425,-4.705003734129942,-4.705003734129942,4.937304075235116,0.0,1.1046511627906976,True,False,False
3080,ジェーソン,2026-09-15,815.0,822.0,822.0,813.8,811.04,1820.0,818.0,818.0,818.0,815.0,2100.0,0.0,0.36809815950920033,-0.3667481662591676,-0.8515815085158196,-0.8515815085158196,0.8588957055214674,0.0,1.1538461538461537,False,False,False
3082,きちりホールディングス,2026-09-15,982.0,988.0,988.0,979.4,975.44,3320.0,986.0,986.0,982.0,982.0,4100.0,0.0,0.40733197556008793,-0.40567951318458695,-0.6072874493927127,-0.6072874493927127,0.6109979633401208,0.0,1.2349397590361446,False,False,False
3083,スターシーズ,2026-09-15,1233.0,1358.0,1358.0,1247.0,1114.0,247980.0,1243.0,1254.0,1235.0,1250.0,24400.0,1.3787510137875048,0.8110300081102917,0.5631536604987941,-7.952871870397649,-7.952871870397649,8.640000000000004,0.0,0.09839503185740786,True,False,False
3086,Ｊ．フロント　リテイリング,2026-09-15,2635.0,3189.0,3189.0,2605.7,2857.56,1177480.0,2648.5,2653.0,2628.5,2650.5,66400.0,0.588235294117645,0.5123339658444026,0.07551444213704794,-16.886171213546564,-16.886171213546564,20.31692133559706,0.0,0.0563916159934776,True,False,False
3087,ドトール・日レスホールディングス,2026-09-15,3260.0,3455.0,3455.0,3282.0,3302.8,102200.0,3255.0,3265.0,3245.0,3260.0,115700.0,0.0,-0.15337423312883347,0.1536098310291889,-5.643994211287984,-5.643994211287984,5.981595092024539,0.0,1.1320939334637965,True,False,False
3088,マツキヨココカラ＆カンパニー,2026-09-15,2535.5,2660.5,2660.5,2517.7,2554.02,1858500.0,2533.0,2547.0,2495.5,2521.0,326100.0,-0.5718793137448275,-0.09859988168013922,-0.47374654559810825,-5.243375305393727,-5.243375305393727,5.533518445061492,0.0,0.1754640839386602,False,False,False
3089,テクノアルファ,2026-09-15,1061.0,1138.0,1138.0,1057.8,1073.68,4320.0,1061.0,1063.0,1061.0,1061.0,9200.0,0.0,0.0,0.0,-6.766256590509667,-6.766256590509667,7.257304429783229,0.0,2.1296296296296298,False,False,False
3091,ブロンコビリー,2026-09-15,2821.0,2931.0,2931.0,2809.0,2773.36,61060.0,2821.0,2835.0,2812.0,2829.0,3600.0,0.28358738036158293,0.0,0.28358738036158293,-3.4800409416581357,-3.4800409416581357,3.6055143160127257,0.0,0.05895840157222404,True,False,False
3092,ＺＯＺＯ,2026-09-15,1155.5,1182.5,1182.5,1125.7,1134.38,2843080.0,1150.5,1156.0,1142.0,1151.0,193200.0,-0.38944180008654294,-0.4327131112072724,0.04345936549325913,-2.663847780126849,-2.663847780126849,2.7367506516073004,0.0,0.06795447191074469,True,False,False
3093,トレジャー・ファクトリー,2026-09-15,1889.0,2188.0,2188.0,1860.8,2017.16,181240.0,1909.0,1909.0,1899.0,1889.0,160800.0,0.0,1.0587612493382803,-1.0476689366160308,-13.665447897623395,-13.665447897623395,15.828480677607203,0.0,0.8872213639373207,False,False,False
3096,オーシャンシステム,2026-09-15,1612.0,1627.0,1648.0,1607.8,1610.44,3180.0,1625.0,1625.0,1606.0,1612.0,5600.0,0.0,0.8064516129032251,-0.8000000000000007,-0.9219422249538978,-2.1844660194174748,2.2332506203474045,1.2907191149354569,1.7610062893081762,False,False,False
3097,物語コーポレーション,2026-09-15,5460.0,6010.0,6010.0,5558.0,5684.8,157460.0,5460.0,5460.0,5400.0,5460.0,151300.0,0.0,0.0,0.0,-9.151414309484196,-9.151414309484196,10.073260073260082,0.0,0.9608789533849866,False,False,False
3099,三越伊勢丹ホールディングス,2026-09-15,3189.0,3611.0,3909.0,3143.0,3394.4,1851960.0,3227.0,3264.0,3221.0,3259.0,281800.0,2.195045468799006,1.1915961116337304,0.9916330957545627,-9.74799224591526,-16.628293681248397,19.94476833384473,8.252561617280541,0.15216311367416144,True,False,False
3101,東洋紡,2026-09-15,1595.0,1805.0,1805.0,1619.8,1637.92,438440.0,1615.0,1623.0,1609.0,1618.0,25600.0,1.4420062695924774,1.2539184952978122,0.18575851393189957,-10.360110803324096,-10.360110803324096,11.557478368355989,0.0,0.0583888331356628,True,False,False
3103,ユニチカ,2026-09-15,1367.0,1758.0,1847.0,1433.2,1471.56,5456820.0,1373.0,1400.0,1373.0,1398.0,379700.0,2.2677395757132457,0.4389173372348232,1.8208302986161717,-20.47781569965871,-24.309691391445586,32.11731044349071,5.062571103526725,0.06958265070132422,True,False,False
3104,富士紡ホールディングス,2026-09-15,3200.0,3555.0,3965.0,3253.0,3430.4,107620.0,3200.0,3215.0,3195.0,3200.0,76500.0,0.0,0.0,0.0,-9.985935302391002,-19.293820933165197,23.906249999999996,11.533052039381154,0.7108344173945363,False,False,False
3105,日清紡ホールディングス,2026-09-15,2255.0,2344.0,2649.5,2261.0,2252.26,731040.0,2280.0,2334.0,2266.0,2334.0,49700.0,3.5033259423503216,1.1086474501108556,2.368421052631575,-0.4266211604095571,-11.907907152292886,13.517566409597247,13.033276450511956,0.06798533595972861,True,False,False
3106,倉敷紡績,2026-09-15,10790.0,11430.0,11430.0,10792.0,10764.0,27600.0,10790.0,10790.0,10790.0,10790.0,22900.0,0.0,0.0,0.0,-5.599300087489068,-5.599300087489068,5.9314179796107425,0.0,0.8297101449275363,False,False,False
3107,ダイワボウホールディングス,2026-09-15,3712.0,3863.0,3863.0,3727.6,3716.76,376000.0,3722.0,3764.0,3720.0,3761.0,75000.0,1.3200431034482651,0.26939655172413257,1.0478237506716725,-2.640434895159205,-2.640434895159205,2.7120446689710143,0.0,0.19946808510638298,True,False,False
3109,シキボウ,2026-09-15,1049.0,1100.0,1100.0,1045.6,1069.64,36280.0,1050.0,1057.0,1050.0,1057.0,4800.0,0.7626310772163913,0.09532888465204614,0.6666666666666599,-3.9090909090909065,-3.9090909090909065,4.068117313150421,0.0,0.13230429988974643,True,False,False
3110,日東紡績,2026-09-15,2884.0,3250.0,3610.0,2918.0,3051.56,4793420.0,2851.0,2891.0,2849.0,2856.0,286400.0,-0.9708737864077666,-1.1442441054091534,0.17537706068047054,-12.123076923076926,-20.88642659279778,26.40056022408963,11.076923076923073,0.05974857200078441,True,False,False
3111,オーミケンシ,2026-09-15,177.0,195.0,195.0,177.6,178.84,5160.0,176.0,176.0,176.0,177.0,4500.0,0.0,-0.5649717514124242,0.5681818181818121,-9.230769230769232,-9.230769230769232,10.169491525423723,0.0,0.872093023255814,True,False,False
3113,ＵＮＩＶＡ・Ｏａｋホールディングス,2026-09-15,82.0,89.0,89.0,84.4,81.12,316700.0,80.0,82.0,80.0,82.0,100800.0,0.0,-2.4390243902439046,2.499999999999991,-7.86516853932584,-7.86516853932584,8.536585365853666,0.0,0.31828228607514997,True,False,False
3116,トヨタ紡織,2026-09-15,2224.0,2348.0,2348.0,2223.5,2250.52,561140.0,2237.0,2243.0,2236.5,2224.0,363900.0,0.0,0.5845323741007213,-0.5811354492624043,-5.281090289608182,-5.281090289608182,5.5755395683453335,0.0,0.6485012652813914,False,False,False
3121,マーチャント・バンカーズ,2026-09-15,253.0,278.0,278.0,258.8,258.24,76680.0,251.0,252.0,251.0,253.0,65600.0,0.0,-0.7905138339920903,0.7968127490039834,-8.992805755395683,-8.992805755395683,9.881422924901194,0.0,0.8555033907146583,True,False,False
3123,サイボー,2026-09-15,650.0,656.0,660.0,648.8,649.72,2680.0,650.0,650.0,650.0,650.0,3000.0,0.0,0.0,0.0,-0.9146341463414642,-1.5151515151515138,1.538461538461533,0.6097560975609762,1.1194029850746268,False,False,False
3131,シンデン・ハイテックス,2026-09-15,6440.0,7080.0,7200.0,6378.0,6314.0,35220.0,6540.0,6540.0,6510.0,6530.0,1700.0,1.3975155279503104,1.552795031055898,-0.1529051987767538,-7.768361581920901,-9.305555555555555,10.260336906584989,1.6949152542372836,0.04826802952867689,False,False,False
3132,マクニカホールディングス,2026-09-15,3828.0,3831.0,3914.0,3714.8,3590.96,802400.0,3840.0,3865.0,3823.0,3828.0,86700.0,0.0,0.31347962382444194,-0.31250000000000444,-0.0783085356303892,-2.197240674501788,2.2466039707419005,2.1665361524406235,0.10805084745762712,False,False,False
3133,海帆,2026-09-15,60.0,78.0,91.0,61.0,69.8,403380.0,59.0,59.0,59.0,60.0,651000.0,0.0,-1.6666666666666718,1.6949152542372836,-23.076923076923073,-34.065934065934066,51.66666666666666,16.666666666666675,1.6138628588427786,True,False,False
3134,Ｈａｍｅｅ,2026-09-15,283.0,325.0,325.0,287.4,303.68,119500.0,283.0,283.0,283.0,283.0,37900.0,0.0,0.0,0.0,-12.923076923076927,-12.923076923076927,14.840989399293282,0.0,0.31715481171548116,False,False,False
3135,マーケットエンタープライズ,2026-09-15,1177.0,1236.0,1236.0,1158.6,1154.04,10860.0,1183.0,1183.0,1183.0,1177.0,28600.0,0.0,0.5097706032285432,-0.5071851225697421,-4.773462783171523,-4.773462783171523,5.012744265080715,0.0,2.6335174953959486,False,False,False
3137,ファンデリー,2026-09-15,219.0,224.0,224.0,216.4,208.56,51700.0,220.0,220.0,220.0,219.0,10300.0,0.0,0.45662100456620447,-0.4545454545454519,-2.2321428571428603,-2.2321428571428603,2.2831050228310446,0.0,0.19922630560928434,False,False,False
3138,富士山マガジンサービス,2026-09-15,1158.0,1158.0,1158.0,1131.8,1133.2,1520.0,1157.0,1157.0,1157.0,1158.0,1700.0,0.0,-0.08635578583765513,0.08643042350906516,0.0,0.0,0.0,0.0,1.118421052631579,True,False,False
3139,ラクト・ジャパン,2026-09-15,3435.0,3490.0,3490.0,3409.0,3415.4,23620.0,3450.0,3460.0,3450.0,3435.0,14000.0,0.0,0.4366812227074135,-0.43478260869564966,-1.5759312320916874,-1.5759312320916874,1.6011644832605532,0.0,0.5927180355630821,False,False,False
3140,ＢＲＵＮＯ,2026-09-15,1015.0,1029.0,1036.0,1015.4,1017.68,4600.0,1018.0,1018.0,1018.0,1015.0,7100.0,0.0,0.2955665024630516,-0.29469548133594925,-1.3605442176870763,-2.0270270270270285,2.0689655172413834,0.6802721088435382,1.5434782608695652,False,False,False
3143,オーウイル,2026-09-15,711.0,742.0,742.0,711.6,701.0,7140.0,718.0,718.0,718.0,711.0,17100.0,0.0,0.9845288326300938,-0.974930362116988,-4.17789757412399,-4.17789757412399,4.360056258790435,0.0,2.3949579831932772,False,False,False
3148,クリエイトＳＤホールディングス,2026-09-15,3345.0,3460.0,3460.0,3335.0,3380.6,61480.0,3350.0,3355.0,3345.0,3355.0,3500.0,0.2989536621823552,0.1494768310911887,0.14925373134329067,-3.0346820809248554,-3.0346820809248554,3.129657228017879,0.0,0.05692908262849707,True,False,False
3150,グリムス,2026-09-15,2422.0,2558.0,2599.0,2412.8,2468.92,41420.0,2420.0,2438.0,2420.0,2438.0,2600.0,0.6606110652353392,-0.08257638315442017,0.7438016528925617,-4.691164972634876,-6.194690265486724,6.60377358490567,1.602814698983579,0.06277160791887977,True,False,False
3151,バイタルケーエスケー・ホールディングス,2026-09-15,1612.0,1697.0,1697.0,1591.6,1627.72,62780.0,1620.0,1620.0,1615.0,1612.0,46100.0,0.0,0.496277915632759,-0.4938271604938316,-5.008839127872722,-5.008839127872722,5.272952853598012,0.0,0.7343102899012425,False,False,False
3153,八洲電機,2026-09-15,3010.0,3160.0,3160.0,2998.6,2974.48,82960.0,3030.0,3065.0,3025.0,3010.0,108900.0,0.0,0.6644518272425293,-0.660066006600657,-4.746835443037978,-4.746835443037978,4.983388704318936,0.0,1.3126808100289296,False,False,False
3154,メディアスホールディングス,2026-09-15,777.0,823.0,828.0,769.8,794.08,22500.0,772.0,779.0,772.0,779.0,2200.0,0.2574002574002643,-0.6435006435006385,0.90673575129534,-5.34629404617254,-5.91787439613527,6.290115532734264,0.6075334143377908,0.09777777777777778,True,False,False
3156,レスター,2026-09-15,5210.0,5640.0,5640.0,5210.0,5125.6,91580.0,5310.0,5350.0,5300.0,5210.0,50600.0,0.0,1.9193857965451144,-1.883239171374762,-7.624113475177308,-7.624113475177308,8.25335892514396,0.0,0.5525223848001747,False,False,False
3157,ジオリーブグループ,2026-09-15,1435.0,1477.0,1477.0,1428.8,1435.68,1520.0,1435.0,1435.0,1435.0,1435.0,2000.0,0.0,0.0,0.0,-2.843601895734593,-2.843601895734593,2.9268292682926855,0.0,1.3157894736842106,False,False,False
3159,丸善ＣＨＩホールディングス,2026-09-15,382.0,413.0,430.0,393.6,401.48,120700.0,382.0,382.0,382.0,382.0,79100.0,0.0,0.0,0.0,-7.506053268765134,-11.162790697674419,12.565445026178,4.1162227602905554,0.6553438276719138,False,False,False
3160,大光,2026-09-15,579.0,581.0,582.0,579.8,579.44,5240.0,579.0,579.0,579.0,579.0,8200.0,0.0,0.0,0.0,-0.344234079173833,-0.5154639175257714,0.5181347150259086,0.1721170395869276,1.5648854961832062,False,False,False
3161,アゼアス,2026-09-15,670.0,684.0,684.0,665.0,669.0,11240.0,675.0,675.0,671.0,670.0,18100.0,0.0,0.746268656716409,-0.7407407407407418,-2.046783625730997,-2.046783625730997,2.0895522388059806,0.0,1.6103202846975089,False,False,False
3166,ＯＣＨＩホールディングス,2026-09-15,1461.0,1480.0,1486.0,1463.6,1466.08,1540.0,1460.0,1460.0,1460.0,1460.0,400.0,-0.0684462696783017,-0.0684462696783017,0.0,-1.3513513513513487,-1.749663526244949,1.7808219178082174,0.40540540540541237,0.2597402597402597,False,False,False
3167,ＴＯＫＡＩホールディングス,2026-09-15,1362.0,1375.0,1375.0,1339.0,1293.6,465280.0,1374.0,1378.0,1368.0,1377.0,160400.0,1.1013215859030812,0.8810572687224738,0.21834061135370675,0.1454545454545375,0.1454545454545375,-0.1452432824981864,0.0,0.34473865199449794,True,True,True
3168,ＭＥＲＦ,2026-09-15,1246.0,1509.0,1651.0,1286.4,1393.24,72720.0,1243.0,1255.0,1243.0,1246.0,62000.0,0.0,-0.24077046548957037,0.24135156878519748,-17.42876076872101,-24.53058752271351,32.5040128410915,9.410205434062302,0.8525852585258525,True,False,False
3169,ミサワ,2026-09-15,676.0,692.0,692.0,675.0,671.64,6280.0,684.0,684.0,684.0,676.0,18000.0,0.0,1.183431952662728,-1.1695906432748537,-2.3121387283236983,-2.3121387283236983,2.3668639053254337,0.0,2.8662420382165603,False,False,False
3172,ティーライフ,2026-09-15,1122.0,1128.0,1143.0,1121.2,1123.2,2320.0,1122.0,1122.0,1122.0,1122.0,3400.0,0.0,0.0,0.0,-0.5319148936170248,-1.8372703412073532,1.8716577540107027,1.3297872340425565,1.4655172413793103,False,False,False
3173,Ｃｏｍｉｎｉｘ,2026-09-15,1401.0,1600.0,1730.0,1404.2,1480.92,6400.0,1413.0,1413.0,1413.0,1401.0,11100.0,0.0,0.8565310492505418,-0.849256900212314,-12.437500000000002,-19.017341040462433,23.483226266952183,8.125000000000004,1.734375,False,False,False
3174,ハピネス・アンド・ディ,2026-09-15,395.0,405.0,420.0,398.0,400.8,11160.0,394.0,394.0,394.0,395.0,22400.0,0.0,-0.25316455696202667,0.2538071065989911,-2.4691358024691357,-5.952380952380953,6.329113924050622,3.703703703703698,2.007168458781362,True,False,False
3175,エー・ピーホールディングス,2026-09-15,981.0,982.0,982.0,978.4,956.04,12140.0,981.0,981.0,981.0,981.0,18800.0,0.0,0.0,0.0,-0.10183299389001643,-0.10183299389001643,0.10193679918450993,0.0,1.5485996705107083,False,False,False
3176,三洋貿易,2026-09-15,1150.0,1227.0,1227.0,1146.6,1141.0,304420.0,1167.0,1175.0,1162.0,1174.0,60000.0,2.086956521739136,1.4782608695652177,0.5998286203941827,-4.31947840260799,-4.31947840260799,4.514480408858601,0.0,0.19709611720649103,True,False,False
3177,ありがとうサービス,2026-09-15,4370.0,4450.0,4450.0,4233.0,4303.2,1700.0,4250.0,4370.0,4245.0,4370.0,800.0,0.0,-2.7459954233409634,2.8235294117647136,-1.7977528089887618,-1.7977528089887618,1.8306636155606348,0.0,0.47058823529411764,True,False,False
3178,チムニー,2026-09-15,1208.0,1224.0,1224.0,1200.6,1197.48,10200.0,1208.0,1208.0,1208.0,1208.0,8600.0,0.0,0.0,0.0,-1.3071895424836555,-1.3071895424836555,1.324503311258285,0.0,0.8431372549019608,False,False,False
3179,シュッピン,2026-09-15,1212.0,1284.0,1400.0,1162.2,1208.44,123400.0,1200.0,1208.0,1191.0,1212.0,99800.0,0.0,-0.990099009900991,1.0000000000000009,-5.607476635514019,-13.428571428571423,15.51155115511551,9.034267912772576,0.8087520259319287,True,False,False
3180,ビューティガレージ,2026-09-15,1573.0,1700.0,1700.0,1571.4,1572.44,106080.0,1556.0,1568.0,1556.0,1568.0,1400.0,-0.31786395422759295,-1.0807374443738027,0.7712082262210762,-7.76470588235294,-7.76470588235294,8.418367346938771,0.0,0.013197586726998492,True,False,False
3181,買取王国,2026-09-15,1053.0,1096.0,1120.0,1041.8,1067.84,2540.0,1056.0,1056.0,1037.0,1053.0,2800.0,0.0,0.2849002849002913,-0.28409090909090606,-3.9233576642335732,-5.982142857142858,6.362773029439706,2.1897810218978186,1.1023622047244095,False,False,False
3182,オイシックス・ラ・大地,2026-09-15,1595.0,1798.0,1798.0,1584.4,1680.44,96160.0,1606.0,1623.0,1606.0,1595.0,101800.0,0.0,0.6896551724137945,-0.6849315068493178,-11.290322580645162,-11.290322580645162,12.72727272727272,0.0,1.0586522462562395,False,False,False
3183,ウイン・パートナーズ,2026-09-15,1264.0,1294.0,1313.0,1254.8,1269.8,16880.0,1259.0,1260.0,1259.0,1264.0,10900.0,0.0,-0.39556962025316666,0.3971405877680745,-2.3183925811437356,-3.7319116527037344,3.876582278481022,1.4683153013910433,0.6457345971563981,True,False,False
3185,夢展望,2026-09-15,104.0,151.0,154.0,131.4,142.56,355740.0,108.0,109.0,107.0,104.0,1080000.0,0.0,3.8461538461538547,-3.703703703703709,-31.12582781456954,-32.467532467532465,48.07692307692308,1.9867549668874274,3.035925113847192,False,False,False
3186,ネクステージ,2026-09-15,2955.0,3610.0,3660.0,2938.0,3307.6,667200.0,2949.0,2966.0,2921.0,2955.0,590700.0,0.0,-0.20304568527919065,0.20345879959309254,-18.144044321329645,-19.262295081967217,23.85786802030456,1.3850415512465464,0.885341726618705,True,False,False
3187,ミラタップ,2026-09-15,397.0,471.0,471.0,388.2,367.28,423320.0,413.0,413.0,402.0,402.0,12800.0,1.2594458438287104,4.030226700251882,-2.66343825665859,-14.649681528662416,-14.649681528662416,17.164179104477604,0.0,0.030237172824340925,False,False,False
3189,ＡＮＡＰホールディングス,2026-09-15,110.0,190.0,190.0,106.0,116.72,226320.0,101.0,102.0,98.0,110.0,517100.0,0.0,-8.18181818181818,8.910891089108919,-42.10526315789473,-42.10526315789473,72.72727272727273,0.0,2.2848179568752207,True,False,False
3190,ホットマン,2026-09-15,587.0,592.0,592.0,585.0,583.44,740.0,587.0,587.0,587.0,587.0,1300.0,0.0,0.0,0.0,-0.8445945945945943,-0.8445945945945943,0.8517887563884052,0.0,1.7567567567567568,False,False,False
3191,ジョイフル本田,2026-09-15,2268.0,2322.0,2378.0,2252.4,2259.36,137780.0,2280.0,2283.0,2271.0,2282.0,5000.0,0.6172839506172867,0.5291005291005346,0.0877192982456032,-1.7226528854435874,-4.037005887300249,4.206836108676604,2.4117140396210157,0.036289737262302224,True,False,False
3192,白鳩,2026-09-15,267.0,302.0,302.0,272.2,289.0,20840.0,267.0,267.0,264.0,267.0,17700.0,0.0,0.0,0.0,-11.589403973509938,-11.589403973509938,13.108614232209748,0.0,0.8493282149712092,False,False,False
3193,エターナルホスピタリティグループ,2026-09-15,1305.0,1495.0,1505.0,1343.8,1430.12,297600.0,1301.0,1307.0,1295.0,1305.0,274100.0,0.0,-0.30651340996168397,0.3074558032282848,-12.70903010033445,-13.289036544850497,15.325670498084287,0.6688963210702337,0.9210349462365591,True,False,False
3195,ジェネレーションパス,2026-09-15,497.0,746.0,746.0,636.8,658.36,61820.0,497.0,497.0,497.0,497.0,163500.0,0.0,0.0,0.0,-33.37801608579088,-33.37801608579088,50.100603621730386,0.0,2.644775153671951,False,False,False
3196,ホットランドホールディングス,2026-09-15,1648.0,1691.0,1691.0,1634.8,1641.2,63220.0,1650.0,1656.0,1650.0,1648.0,63500.0,0.0,0.12135922330096527,-0.12121212121212199,-2.542874039030163,-2.542874039030163,2.6092233009708643,0.0,1.0044289781714648,False,False,False
3197,すかいらーくホールディングス,2026-09-15,3308.0,3434.0,3434.0,3328.4,3321.4,876920.0,3304.0,3313.0,3278.0,3294.0,57800.0,-0.4232164449818665,-0.12091898428052694,-0.3026634382566562,-4.076878276062901,-4.076878276062901,4.2501517911353925,0.0,0.06591251197372622,False,False,False
3199,綿半ホールディングス,2026-09-15,1315.0,1359.0,1359.0,1312.0,1326.92,29440.0,1319.0,1319.0,1315.0,1315.0,29700.0,0.0,0.3041825095057016,-0.30326004548900665,-3.2376747608535705,-3.2376747608535705,3.3460076045627396,0.0,1.0088315217391304,False,False,False
319A,技術承継機構,2026-09-15,19300.0,22440.0,22700.0,19886.0,20204.4,43460.0,19320.0,19690.0,19320.0,19420.0,1200.0,0.6217616580310947,0.10362694300518616,0.5175983436852993,-13.458110516934042,-14.449339207048462,16.889804325437694,1.158645276292325,0.02761159687068569,True,False,False
3201,日本毛織,2026-09-15,1967.0,2025.0,2025.0,1987.8,1975.16,67300.0,1980.0,1980.0,1975.0,1967.0,55400.0,0.0,0.6609049313675674,-0.6565656565656552,-2.8641975308641987,-2.8641975308641987,2.948652770716831,0.0,0.8231797919762258,False,False,False
3202,ダイトウボウ,2026-09-15,130.0,132.0,132.0,129.6,128.64,21520.0,130.0,130.0,130.0,130.0,51300.0,0.0,0.0,0.0,-1.5151515151515138,-1.5151515151515138,1.538461538461533,0.0,2.383828996282528,False,False,False
3204,トーア紡コーポレーション,2026-09-15,500.0,507.0,507.0,500.4,499.96,4760.0,500.0,500.0,500.0,500.0,3400.0,0.0,0.0,0.0,-1.3806706114398382,-1.3806706114398382,1.4000000000000012,0.0,0.7142857142857143,False,False,False
3205,ダイドーリミテッド,2026-09-15,734.0,760.0,760.0,728.8,738.6,83660.0,733.0,734.0,733.0,734.0,51100.0,0.0,-0.13623978201634523,0.13642564802183177,-3.421052631578947,-3.421052631578947,3.542234332425065,0.0,0.6108056418838155,True,False,False
3221,ヨシックスホールディングス,2026-09-15,3235.0,3430.0,3430.0,3207.0,3280.4,28500.0,3240.0,3245.0,3235.0,3235.0,24300.0,0.0,0.15455950540959051,-0.15432098765432167,-5.6851311953352806,-5.6851311953352806,6.027820710973719,0.0,0.8526315789473684,False,False,False
3222,ユナイテッド・スーパーマーケット・ホールディングス,2026-09-15,856.0,878.0,878.0,849.4,833.96,391300.0,856.0,859.0,854.0,859.0,32700.0,0.3504672897196359,0.0,0.3504672897196359,-2.1640091116173155,-2.1640091116173155,2.211874272409786,0.0,0.08356759519550218,True,False,False
3223,エスエルディー,2026-09-15,975.0,975.0,975.0,965.2,943.28,1280.0,970.0,975.0,970.0,975.0,1300.0,0.0,-0.512820512820511,0.5154639175257714,0.0,0.0,0.0,0.0,1.015625,True,False,False
3224,ゼネラル・オイスター,2026-09-15,699.0,700.0,702.0,698.0,693.96,1740.0,699.0,699.0,699.0,699.0,300.0,0.0,0.0,0.0,-0.14285714285714457,-0.42735042735042583,0.42918454935623185,0.28571428571428914,0.1724137931034483,False,False,False
3231,野村不動産ホールディングス,2026-09-15,906.2999877929688,948.2999877929688,948.2999877929688,910.0199951171876,923.1119995117188,3627080.0,915.0,916.0,910.0999755859375,915.2000122070312,375900.0,0.9820174924349168,0.9599483972429157,0.021859257599032844,-3.490454076981786,-3.490454076981786,3.616693088335521,0.0,0.10363708547922847,True,False,False
3232,三重交通グループホールディングス,2026-09-15,603.0,633.0,633.0,593.8,587.72,153120.0,608.0,608.0,605.0,603.0,324000.0,0.0,0.8291873963515828,-0.8223684210526327,-4.739336492891,-4.739336492891,4.975124378109452,0.0,2.115987460815047,False,False,False
3236,プロパスト,2026-09-15,277.0,299.0,299.0,278.0,286.96,95660.0,279.0,279.0,276.0,277.0,37200.0,0.0,0.7220216606498298,-0.7168458781361964,-7.35785953177257,-7.35785953177257,7.942238267148016,0.0,0.3888772736776082,False,False,False
3237,イントランス,2026-09-15,94.0,109.0,110.0,95.0,99.04,174400.0,94.0,94.0,91.0,94.0,188000.0,0.0,0.0,0.0,-13.761467889908252,-14.54545454545455,17.021276595744684,0.917431192660545,1.0779816513761469,False,False,False
3238,セントラル総合開発,2026-09-15,383.0,395.0,410.0,384.6,385.88,21580.0,383.0,383.0,383.0,383.0,22700.0,0.0,0.0,0.0,-3.037974683544309,-6.585365853658532,7.049608355091386,3.797468354430378,1.051899907321594,False,False,False
323A,フライヤー,2026-09-15,372.0,439.0,439.0,370.8,372.48,3540.0,372.0,372.0,372.0,372.0,4000.0,0.0,0.0,0.0,-15.261958997722092,-15.261958997722092,18.010752688172047,0.0,1.1299435028248588,False,False,False
3241,ウィル,2026-09-15,579.0,609.0,615.0,589.0,597.64,7320.0,572.0,573.0,571.0,579.0,6200.0,0.0,-1.2089810017271163,1.2237762237762295,-4.926108374384242,-5.853658536585371,6.217616580310881,0.9852216748768461,0.8469945355191257,True,False,False
3242,アーバネットコーポレーション,2026-09-15,524.0,534.0,534.0,520.8,522.88,32720.0,525.0,525.0,524.0,524.0,20600.0,0.0,0.1908396946564972,-0.19047619047618536,-1.8726591760299671,-1.8726591760299671,1.9083969465648831,0.0,0.6295843520782396,False,False,False
3245,ディア・ライフ,2026-09-15,1083.0,1173.0,1178.0,1078.8,1128.36,280240.0,1083.0,1091.0,1083.0,1091.0,15900.0,0.7386888273314796,0.0,0.7386888273314796,-6.990622335890873,-7.3853989813242755,7.974335472044003,0.4262574595055524,0.05673708250071367,True,False,False
3246,コーセーアールイー,2026-09-15,690.0,698.0,698.0,688.2,683.88,7940.0,691.0,691.0,688.0,690.0,3100.0,0.0,0.14492753623187582,-0.14471780028944004,-1.1461318051575908,-1.1461318051575908,1.1594202898550732,0.0,0.3904282115869018,False,False,False
3248,アールエイジ,2026-09-15,897.0,897.0,897.0,888.8,887.12,3300.0,889.0,897.0,880.0,897.0,11500.0,0.0,-0.8918617614269819,0.8998875140607376,0.0,0.0,0.0,0.0,3.484848484848485,True,False,False
324A,ブッキングリゾート,2026-09-15,712.0,767.0,787.0,709.2,733.0,18440.0,718.0,719.0,708.0,712.0,19500.0,0.0,0.8426966292134797,-0.835654596100277,-7.170795306388522,-9.529860228716647,10.533707865168541,2.6075619295958363,1.0574837310195229,False,False,False
3252,地主,2026-09-15,2789.0,3045.0,3045.0,2795.0,2918.24,162080.0,2796.0,2807.0,2796.0,2789.0,124100.0,0.0,0.2509860164933597,-0.2503576537911334,-8.4072249589491,-8.4072249589491,9.178917174614565,0.0,0.7656712734452122,False,False,False
325A,ＴＥＮＴＩＡＬ,2026-09-15,1980.0,2010.0,2010.0,1825.4,1758.8,300900.0,1970.0,2001.0,1952.0,1965.0,51500.0,-0.7575757575757569,-0.5050505050505083,-0.25380710659898,-2.238805970149249,-2.238805970149249,2.2900763358778553,0.0,0.17115320704553008,False,False,False
3261,グランディーズ,2026-09-15,420.0,429.0,429.0,422.2,413.56,4000.0,425.0,425.0,425.0,420.0,1800.0,0.0,1.1904761904761862,-1.17647058823529,-2.0979020979020935,-2.0979020979020935,2.1428571428571352,0.0,0.45,False,False,False
3266,ファンドクリエーショングループ,2026-09-15,81.0,82.0,82.0,79.4,79.52,17640.0,80.0,80.0,80.0,81.0,57800.0,0.0,-1.2345679012345734,1.2499999999999956,-1.2195121951219523,-1.2195121951219523,1.2345679012345734,0.0,3.2766439909297054,True,False,False
3267,フィル・カンパニー,2026-09-15,629.0,675.0,675.0,627.8,643.92,15940.0,621.0,621.0,621.0,629.0,12600.0,0.0,-1.2718600953895098,1.2882447665056418,-6.814814814814818,-6.814814814814818,7.313195548489659,0.0,0.7904642409033877,True,False,False
3276,ＪＰＭＣ,2026-09-15,2262.0,2347.0,2347.0,2246.4,2249.72,176700.0,2266.0,2268.0,2266.0,2262.0,432700.0,0.0,0.17683465959328348,-0.1765225066195919,-3.6216446527481905,-3.6216446527481905,3.757736516357202,0.0,2.4487832484436898,False,False,False
3277,サンセイランディック,2026-09-15,836.0,847.0,881.0,823.2,816.84,16080.0,836.0,837.0,831.0,837.0,3200.0,0.11961722488038617,0.0,0.11961722488038617,-1.1806375442739103,-4.994324631101021,5.256869772998796,4.014167650531286,0.19900497512437812,True,False,False
3280,エストラスト,2026-09-15,931.0,948.0,963.0,932.8,934.76,8020.0,935.0,935.0,935.0,931.0,2400.0,0.0,0.42964554242750363,-0.42780748663101553,-1.793248945147674,-3.3229491173416448,3.4371643394199847,1.5822784810126667,0.29925187032418954,False,False,False
3284,フージャースホールディングス,2026-09-15,1273.0,1347.0,1347.0,1267.2,1301.0,293620.0,1276.0,1283.0,1276.0,1273.0,201700.0,0.0,0.23566378633150808,-0.23510971786834256,-5.493689680772085,-5.493689680772085,5.813040062843666,0.0,0.6869423063823991,False,False,False
3286,トラストホールディングス,2026-09-15,880.0,905.0,905.0,882.8,890.84,3460.0,880.0,880.0,880.0,880.0,3200.0,0.0,0.0,0.0,-2.7624309392265234,-2.7624309392265234,2.840909090909083,0.0,0.9248554913294798,False,False,False
3288,オープンハウスグループ,2026-09-15,7599.0,8260.0,8587.0,7558.2,7888.52,247760.0,7670.0,7670.0,7646.0,7599.0,233000.0,0.0,0.9343334649295931,-0.9256844850065171,-8.002421307506058,-11.505764527774542,13.001710751414652,3.9588377723970947,0.940426218921537,False,False,False
3289,東急不動産ホールディングス,2026-09-15,1283.0,1362.5,1362.5,1291.2,1319.24,2239180.0,1300.0,1300.0,1292.0,1298.0,139300.0,1.1691348402182333,1.3250194855806807,-0.15384615384614886,-4.733944954128444,-4.733944954128444,4.969183359013862,0.0,0.062210273403656695,False,False,False
3291,飯田グループホールディングス,2026-09-15,2255.0,2402.0,2402.0,2243.3,2311.8,462940.0,2267.5,2274.5,2260.5,2274.5,16600.0,0.8647450110864652,0.5543237250554389,0.30871003307606504,-5.308076602830969,-5.308076602830969,5.605627610463837,0.0,0.03585777854581587,True,False,False
3293,アズマハウス,2026-09-15,764.0,780.0,780.0,766.0,771.64,3960.0,766.0,766.0,766.0,764.0,500.0,0.0,0.2617801047120505,-0.26109660574412663,-2.051282051282055,-2.051282051282055,2.0942408376963373,0.0,0.12626262626262627,False,False,False
3297,東武住販,2026-09-15,1176.0,1193.0,1193.0,1174.6,1179.72,880.0,1176.0,1176.0,1176.0,1176.0,400.0,0.0,0.0,0.0,-1.4249790444258226,-1.4249790444258226,1.4455782312925214,0.0,0.45454545454545453,False,False,False
3299,ムゲンエステート,2026-09-15,1706.0,1761.0,1922.0,1699.0,1719.84,91980.0,1706.0,1712.0,1705.0,1706.0,107900.0,0.0,0.0,0.0,-3.12322544009086,-11.238293444328828,12.661195779601409,9.142532651902325,1.173081104587954,False,False,False
3300,アンビション　ＤＸ　ホールディングス,2026-09-15,1859.0,1980.0,2297.0,1836.6,1923.28,48420.0,1861.0,1872.0,1861.0,1859.0,42600.0,0.0,0.10758472296934496,-0.10746910263299547,-6.111111111111112,-19.06835002176752,23.561054330285103,16.010101010101007,0.8798017348203222,False,False,False
3302,帝国繊維,2026-09-15,3060.0,3440.0,3445.0,3046.0,3213.6,35100.0,3060.0,3070.0,3050.0,3060.0,1600.0,0.0,0.0,0.0,-11.046511627906973,-11.175616835994195,12.581699346405228,0.14534883720929148,0.045584045584045586,False,False,False
3306,日本製麻,2026-09-15,692.0,725.0,783.0,695.2,642.68,25120.0,699.0,699.0,699.0,692.0,11000.0,0.0,1.011560693641611,-1.0014306151645225,-4.551724137931035,-11.62196679438059,13.150289017341033,8.000000000000007,0.43789808917197454,False,False,False
330A,ＴａｌｅｎｔＸ,2026-09-15,550.0,603.0,603.0,548.8,525.84,12440.0,546.0,550.0,535.0,550.0,9400.0,0.0,-0.727272727272732,0.73260073260073,-8.789386401326704,-8.789386401326704,9.636363636363644,0.0,0.7556270096463023,True,False,False
3315,日本コークス工業,2026-09-15,101.0,106.0,108.0,101.0,102.08,7817860.0,101.0,102.0,101.0,101.0,1568400.0,0.0,0.0,0.0,-4.716981132075471,-6.481481481481477,6.930693069306937,1.8867924528301883,0.20061756030422648,False,False,False
3317,フライングガーデン,2026-09-15,1480.0,1496.0,1504.0,1487.0,1477.96,1080.0,1485.0,1485.0,1485.0,1480.0,2500.0,0.0,0.33783783783782884,-0.33670033670033517,-1.0695187165775444,-1.5957446808510634,1.6216216216216273,0.5347593582887722,2.314814814814815,False,False,False
331A,メディックス,2026-09-15,487.0,495.0,507.0,486.8,489.76,2120.0,487.0,487.0,487.0,487.0,2100.0,0.0,0.0,0.0,-1.6161616161616155,-3.9447731755424043,4.106776180698146,2.4242424242424176,0.9905660377358491,False,False,False
3320,クロスプラス,2026-09-15,1301.0,1346.0,1346.0,1301.2,1311.0,6980.0,1301.0,1301.0,1301.0,1301.0,8200.0,0.0,0.0,0.0,-3.3432392273402667,-3.3432392273402667,3.458877786318215,0.0,1.174785100286533,False,False,False
3321,ミタチ産業,2026-09-15,1670.0,1733.0,1739.0,1658.2,1675.2,17900.0,1663.0,1680.0,1663.0,1670.0,17000.0,0.0,-0.41916167664670656,0.42092603728201006,-3.6353144835545304,-3.9677975848188662,4.131736526946117,0.34622042700518385,0.9497206703910615,True,False,False
3323,レカム,2026-09-15,92.0,99.0,110.0,92.4,93.32,200600.0,93.0,93.0,92.0,92.0,84800.0,0.0,1.0869565217391353,-1.0752688172043001,-7.070707070707072,-16.36363636363637,19.565217391304344,11.111111111111116,0.42273180458624127,False,False,False
3326,ランシステム,2026-09-15,664.0,665.0,671.0,653.6,652.92,2760.0,664.0,664.0,664.0,664.0,3200.0,0.0,0.0,0.0,-0.15037593984962294,-1.0432190760059634,1.0542168674698704,0.9022556390977376,1.1594202898550725,False,False,False
3329,東和フードサービス,2026-09-15,2145.0,2148.0,2148.0,2142.4,2131.24,1660.0,2142.0,2145.0,2140.0,2145.0,2400.0,0.0,-0.13986013986013734,0.1400560224089631,-0.13966480446927498,-0.13966480446927498,0.13986013986013734,0.0,1.4457831325301205,True,False,False
332A,ミーク,2026-09-15,1154.0,1164.0,1164.0,1133.2,1100.76,44040.0,1157.0,1166.0,1153.0,1154.0,54600.0,0.0,0.25996533795493715,-0.2592912705272288,-0.8591065292096189,-0.8591065292096189,0.8665511265164572,0.0,1.2397820163487738,False,False,False
3333,あさひ,2026-09-15,1312.0,1379.0,1390.0,1293.0,1329.08,91300.0,1308.0,1320.0,1304.0,1319.0,7700.0,0.5335365853658569,-0.3048780487804881,0.8409785932721681,-4.350978970268315,-5.107913669064745,5.382865807429882,0.797679477882518,0.08433734939759036,True,False,False
3349,コスモス薬品,2026-09-15,6608.0,6981.0,6981.0,6603.6,6549.56,483440.0,6554.0,6615.0,6498.0,6561.0,46300.0,-0.7112590799031482,-0.8171912832929729,0.10680500457735942,-6.01633003867641,-6.01633003867641,6.401463191586654,0.0,0.09577196756577859,True,False,False
334A,ビジュアル・プロセッシング・ジャパン,2026-09-15,1099.0,1127.0,1127.0,1073.4,1012.76,3240.0,1088.0,1098.0,1088.0,1099.0,2400.0,0.0,-1.0009099181073733,1.0110294117646967,-2.4844720496894457,-2.4844720496894457,2.547770700636942,0.0,0.7407407407407407,True,False,False
3350,メタプラネット,2026-09-15,251.0,359.0,359.0,251.4,270.56,17919840.0,235.0,236.0,233.0,234.0,3370300.0,-6.772908366533869,-6.3745019920318775,-0.42553191489361764,-34.81894150417827,-34.81894150417827,53.41880341880343,0.0,0.18807645603978607,False,False,False
3353,メディカル一光グループ,2026-09-15,2785.0,2900.0,2900.0,2796.2,2839.4,1840.0,2796.0,2796.0,2796.0,2785.0,2700.0,0.0,0.39497307001794546,-0.3934191702432033,-3.9655172413793127,-3.9655172413793127,4.129263913824066,0.0,1.4673913043478262,False,False,False
3355,クリヤマホールディングス,2026-09-15,1784.0,1876.0,1876.0,1750.2,1801.12,27900.0,1802.0,1808.0,1799.0,1808.0,5000.0,1.3452914798206317,1.0089686098654793,0.33296337402886067,-3.6247334754797467,-3.6247334754797467,3.761061946902644,0.0,0.17921146953405018,True,False,False
3358,Ｔｒａｉｌｈｅａｄ　Ｇｌｏｂａｌ　Ｈｏｌｄｉｎｇｓ,2026-09-15,95.0,101.0,111.0,94.4,96.68,58920.0,95.0,95.0,95.0,95.0,19000.0,0.0,0.0,0.0,-5.940594059405946,-14.414414414414411,16.842105263157904,9.90099009900991,0.3224711473183978,False,False,False
3359,ｃｏｔｔａ,2026-09-15,520.0,532.0,532.0,523.8,524.12,22660.0,520.0,521.0,520.0,520.0,30400.0,0.0,0.0,0.0,-2.2556390977443663,-2.2556390977443663,2.3076923076922995,0.0,1.3415710503089144,False,False,False
335A,ミライロ,2026-09-15,319.0,410.0,410.0,321.6,341.08,10620.0,322.0,322.0,322.0,319.0,11100.0,0.0,0.940438871473348,-0.9316770186335366,-22.19512195121951,-22.19512195121951,28.526645768025084,0.0,1.0451977401129944,False,False,False
3360,シップヘルスケアホールディングス,2026-09-15,2442.5,2495.0,2495.0,2418.4,2385.28,244880.0,2475.5,2480.0,2467.5,2442.5,254600.0,0.0,1.3510747185260907,-1.3330640274691996,-2.104208416833664,-2.104208416833664,2.149437052200609,0.0,1.0396929108134596,False,False,False
3361,トーエル,2026-09-15,910.0,913.0,913.0,895.0,888.6,5180.0,909.0,909.0,909.0,910.0,4300.0,0.0,-0.1098901098901095,0.11001100110010764,-0.3285870755750264,-0.3285870755750264,0.3296703296703285,0.0,0.8301158301158301,True,False,False
336A,ダイナミックマッププラットフォーム,2026-09-15,1315.0,2045.0,2045.0,1415.6,1122.36,4967480.0,1285.0,1347.0,1285.0,1341.0,229900.0,1.9771863117870714,-2.281368821292773,4.357976653696505,-34.42542787286064,-34.42542787286064,52.498135719612236,0.0,0.046281011700097435,True,False,False
3370,フジタコーポレーション,2026-09-15,470.0,494.0,494.0,480.6,472.48,19720.0,473.0,473.0,473.0,470.0,12600.0,0.0,0.6382978723404209,-0.6342494714587699,-4.858299595141702,-4.858299595141702,5.106382978723412,0.0,0.6389452332657201,False,False,False
3371,ソフトクリエイトホールディングス,2026-09-15,2146.0,2222.0,2222.0,2064.8,2095.12,40980.0,2149.0,2164.0,2146.0,2146.0,53700.0,0.0,0.13979496738116826,-0.13959981386691966,-3.4203420342034163,-3.4203420342034163,3.5414725069897512,0.0,1.3103953147877012,False,False,False
3372,関門海,2026-09-15,220.0,221.0,222.0,220.4,220.24,10420.0,221.0,221.0,221.0,220.0,20200.0,0.0,0.454545454545463,-0.4524886877828038,-0.4524886877828038,-0.9009009009009028,0.9090909090909038,0.4524886877828038,1.9385796545105567,False,False,False
3374,内外テック,2026-09-15,3875.0,4410.0,4650.0,3932.0,4128.4,16540.0,3885.0,3915.0,3885.0,3875.0,16300.0,0.0,0.2580645161290418,-0.2574002574002532,-12.131519274376412,-16.666666666666664,19.999999999999996,5.442176870748305,0.9854897218863361,False,False,False
3375,ＺＯＡ,2026-09-15,1790.0,1813.0,1813.0,1758.6,1758.12,160.0,1759.0,1790.0,1759.0,1790.0,200.0,0.0,-1.7318435754189898,1.7623649801023378,-1.2686155543298439,-1.2686155543298439,1.2849162011173254,0.0,1.25,True,False,False
3377,バイク王＆カンパニー,2026-09-15,382.0,399.0,399.0,382.6,390.04,3660.0,382.0,384.0,382.0,382.0,5300.0,0.0,0.0,0.0,-4.260651629072687,-4.260651629072687,4.450261780104703,0.0,1.4480874316939891,False,False,False
3382,セブン＆アイ・ホールディングス,2026-09-15,2040.0,2078.5,2107.5,2026.0,2036.92,7517720.0,2047.0,2052.0,2036.0,2051.5,575100.0,0.5637254901960764,0.34313725490195957,0.21983390327309227,-1.2990137118114031,-2.657176749703438,2.7297099683158743,1.3952369497233663,0.07649925775368063,True,False,False
3386,コスモ・バイオ,2026-09-15,1240.0,1267.0,1284.0,1248.0,1246.28,840.0,1246.0,1246.0,1246.0,1240.0,700.0,0.0,0.4838709677419395,-0.48154093097912964,-2.131018153117603,-3.4267912772585674,3.548387096774186,1.3417521704814472,0.8333333333333334,False,False,False
3387,クリエイト・レストランツ・ホールディングス,2026-09-15,768.0,789.0,789.0,770.6,769.88,926320.0,765.0,768.0,765.0,767.0,38300.0,-0.13020833333333703,-0.390625,0.2614379084967311,-2.7883396704689534,-2.7883396704689534,2.8683181225554133,0.0,0.041346402970895584,True,False,False
3388,明治電機工業,2026-09-15,2099.0,2172.0,2172.0,2071.6,2107.36,28400.0,2107.0,2115.0,2107.0,2114.0,3600.0,0.7146260123868542,0.3811338732729874,0.33222591362125353,-2.6703499079189674,-2.6703499079189674,2.7436140018921584,0.0,0.1267605633802817,True,False,False
338A,ＺｅｎｍｕＴｅｃｈ,2026-09-15,3100.0,3580.0,3580.0,2995.8,2354.0,1282140.0,3050.0,3195.0,3050.0,3185.0,60300.0,2.741935483870961,-1.6129032258064502,4.426229508196711,-11.033519553072624,-11.033519553072624,12.401883830455262,0.0,0.04703074547241331,True,False,False
3391,ツルハホールディングス,2026-09-15,2277.0,2444.0,2444.0,2284.3,2341.78,1486420.0,2269.0,2269.0,2241.5,2253.0,111900.0,-1.0540184453227908,-0.3513394817742599,-0.7051564565888069,-7.815057283142391,-7.815057283142391,8.477585441633373,0.0,0.07528154895655333,False,False,False
3392,デリカフーズホールディングス,2026-09-15,803.0,837.0,845.0,804.6,807.08,11280.0,801.0,801.0,799.0,803.0,14000.0,0.0,-0.24906600249066102,0.24968789013732895,-4.062126642771801,-4.970414201183438,5.230386052303859,0.9557945041815952,1.2411347517730495,True,False,False
3393,スターティアホールディングス,2026-09-15,3115.0,3150.0,3150.0,3046.0,3024.0,44240.0,3130.0,3135.0,3120.0,3135.0,10000.0,0.6420545746388395,0.48154093097914075,0.15974440894568342,-0.4761904761904745,-0.4761904761904745,0.4784688995215225,0.0,0.22603978300180833,True,False,False
3395,サンマルクホールディングス,2026-09-15,2494.0,2546.0,2546.0,2463.0,2468.88,73520.0,2500.0,2506.0,2497.0,2494.0,76400.0,0.0,0.2405773857257376,-0.23999999999999577,-2.04241948153967,-2.04241948153967,2.0850040096231037,0.0,1.0391730141458106,False,False,False
3396,フェリシモ,2026-09-15,859.0,885.0,885.0,863.6,870.52,1740.0,859.0,859.0,859.0,859.0,800.0,0.0,0.0,0.0,-2.9378531073446346,-2.9378531073446346,3.0267753201397074,0.0,0.45977011494252873,False,False,False
3397,トリドールホールディングス,2026-09-15,4337.0,4439.0,4439.0,4278.0,4289.08,332520.0,4389.0,4389.0,4352.0,4367.0,59800.0,0.6917223887479729,1.1989854738298389,-0.5012531328320802,-1.6219869339941462,-1.6219869339941462,1.6487291046485053,0.0,0.1798388066883195,False,False,False
3399,丸千代山岡家,2026-09-15,3670.0,4250.0,4250.0,3863.0,3906.6,175420.0,3670.0,3690.0,3645.0,3670.0,117800.0,0.0,0.0,0.0,-13.647058823529413,-13.647058823529413,15.803814713896447,0.0,0.6715311823053244,False,False,False
339A,プログレス・テクノロジーズ　グループ,2026-09-15,909.0,959.0,959.0,900.8,919.52,9700.0,905.0,905.0,905.0,909.0,13600.0,0.0,-0.44004400440044167,0.44198895027625085,-5.213764337851934,-5.213764337851934,5.500550055005493,0.0,1.402061855670103,True,False,False
3401,帝人,2026-09-15,1676.5,1825.0,1825.0,1657.7,1728.42,621180.0,1688.0,1692.5,1680.5,1690.5,26700.0,0.8350730688935215,0.6859528780196911,0.1481042654028375,-7.36986301369863,-7.36986301369863,7.956225968648334,0.0,0.042982710325509516,True,False,False
3402,東レ,2026-09-15,1226.5,1319.0,1395.0,1229.4,1281.08,3646520.0,1250.0,1250.5,1236.0,1249.0,343500.0,1.8344883815735846,1.9160211985324027,-0.08000000000000229,-5.307050796057622,-10.465949820788534,11.68935148118495,5.761940864291137,0.09419940107280365,False,False,False
3405,クラレ,2026-09-15,1779.0,1905.0,2088.0,1778.2,1829.36,1195900.0,1817.5,1818.5,1801.5,1814.0,89200.0,1.967397414277694,2.164137155705448,-0.19257221458046647,-4.776902887139112,-13.122605363984674,15.104740904079383,9.606299212598435,0.07458817626891881,False,False,False
3407,旭化成,2026-09-15,1568.0,1700.0,1753.5,1561.7,1633.62,4616540.0,1581.0,1596.5,1575.5,1593.0,580200.0,1.5943877551020336,0.8290816326530503,0.7590132827324458,-6.294117647058828,-9.153122326775021,10.075329566854997,3.147058823529414,0.1256785384725357,True,False,False
3409,北紡,2026-09-15,85.0,98.0,99.0,87.8,91.88,61380.0,85.0,85.0,85.0,85.0,42900.0,0.0,0.0,0.0,-13.265306122448983,-14.141414141414144,16.470588235294127,1.0204081632652962,0.6989247311827957,False,False,False
340A,ジグザグ,2026-09-15,325.0,340.0,340.0,323.6,321.52,6660.0,326.0,326.0,326.0,325.0,10000.0,0.0,0.3076923076922977,-0.30674846625766694,-4.411764705882348,-4.411764705882348,4.615384615384621,0.0,1.5015015015015014,False,False,False
3415,ＴＯＫＹＯ　ＢＡＳＥ,2026-09-15,348.0,384.0,402.0,346.6,366.44,370400.0,346.0,351.0,346.0,348.0,614400.0,0.0,-0.5747126436781658,0.5780346820809301,-9.375,-13.432835820895528,15.517241379310342,4.6875,1.6587473002159827,True,False,False
3416,ピクスタ,2026-09-15,902.0,935.0,935.0,912.4,896.56,1040.0,901.0,901.0,901.0,902.0,400.0,0.0,-0.11086474501108556,0.11098779134295356,-3.529411764705881,-3.529411764705881,3.658536585365857,0.0,0.38461538461538464,True,False,False
3417,大木ヘルスケアホールディングス,2026-09-15,1003.0,1073.0,1088.0,1001.0,1036.36,7540.0,996.0,996.0,996.0,1003.0,4100.0,0.0,-0.6979062811565351,0.7028112449799284,-6.523765144454796,-7.8125,8.47457627118644,1.3979496738117492,0.5437665782493368,True,False,False
3418,バルニバービ,2026-09-15,1051.0,1074.0,1074.0,1048.8,1050.88,17100.0,1051.0,1055.0,1051.0,1051.0,11000.0,0.0,0.0,0.0,-2.141527001862198,-2.141527001862198,2.1883920076118057,0.0,0.6432748538011696,False,False,False
341A,トヨコー,2026-09-15,2257.0,2346.0,2346.0,2220.8,2083.28,41500.0,2251.0,2277.0,2251.0,2276.0,3900.0,0.8418254319893625,-0.2658396101019034,1.1106175033318566,-2.983802216538789,-2.983802216538789,3.075571177504388,0.0,0.09397590361445783,True,False,False
3420,ケー・エフ・シー,2026-09-15,1556.0,1614.0,1710.0,1558.4,1591.44,2860.0,1556.0,1556.0,1548.0,1556.0,4900.0,0.0,0.0,0.0,-3.5935563816604676,-9.005847953216373,9.89717223650386,5.947955390334569,1.7132867132867133,False,False,False
3421,稲葉製作所,2026-09-15,1606.0,1763.0,1763.0,1674.0,1720.28,33340.0,1606.0,1614.0,1606.0,1606.0,40200.0,0.0,0.0,0.0,-8.90527509926262,-8.90527509926262,9.7758405977584,0.0,1.2057588482303538,False,False,False
3422,Ｊ－ＭＡＸ,2026-09-15,602.0,659.0,727.0,603.2,625.88,23440.0,612.0,612.0,607.0,602.0,21400.0,0.0,1.661129568106312,-1.6339869281045805,-8.649468892261003,-17.193947730398897,20.76411960132891,10.3186646433991,0.9129692832764505,False,False,False
3423,エスイー,2026-09-15,272.0,279.0,280.0,273.0,274.92,3840.0,273.0,273.0,273.0,272.0,2300.0,0.0,0.3676470588235281,-0.366300366300365,-2.508960573476704,-2.857142857142858,2.941176470588225,0.35842293906809264,0.5989583333333334,False,False,False
3426,アトムリビンテック,2026-09-15,1292.0,1304.0,1305.0,1290.4,1293.52,600.0,1287.0,1292.0,1287.0,1292.0,800.0,0.0,-0.38699690402477227,0.38850038850037905,-0.9202453987730008,-0.9961685823754785,1.0061919504643857,0.07668711656441118,1.3333333333333333,True,False,False
3431,宮地エンジニアリンググループ,2026-09-15,1566.0,1661.0,1661.0,1559.4,1602.4,55920.0,1572.0,1579.0,1572.0,1566.0,44900.0,0.0,0.3831417624521105,-0.3816793893129722,-5.719446116797111,-5.719446116797111,6.066411238825031,0.0,0.8029327610872675,False,False,False
3433,トーカロ,2026-09-15,2772.0,2835.0,3220.0,2771.2,2799.88,188240.0,2785.0,2813.0,2782.0,2810.0,30500.0,1.370851370851378,0.46897546897546327,0.8976660682226134,-0.881834215167554,-12.73291925465838,14.590747330960863,13.58024691358024,0.162027199320017,True,False,False
3434,アルファＣｏ,2026-09-15,1244.0,1275.0,1275.0,1242.8,1245.36,2860.0,1249.0,1249.0,1249.0,1244.0,2300.0,0.0,0.4019292604501512,-0.4003202562049668,-2.431372549019606,-2.431372549019606,2.4919614147909996,0.0,0.8041958041958042,False,False,False
3435,サンコーテクノ,2026-09-15,1532.0,1564.0,1564.0,1538.4,1490.76,2060.0,1532.0,1532.0,1532.0,1532.0,1300.0,0.0,0.0,0.0,-2.0460358056266004,-2.0460358056266004,2.088772845953013,0.0,0.6310679611650486,False,False,False
3436,ＳＵＭＣＯ,2026-09-15,2900.5,3633.0,4245.0,2981.1,3376.26,10690460.0,2883.0,2897.5,2835.5,2860.0,584100.0,-1.3963109808653673,-0.6033442509912113,-0.7977800901838417,-21.277181392788325,-32.6266195524146,48.42657342657341,16.84558216350125,0.05463749922828391,False,False,False
3437,特殊電極,2026-09-15,2631.0,2779.0,2779.0,2649.2,2713.16,360.0,2647.0,2647.0,2631.0,2631.0,200.0,0.0,0.6081337894336736,-0.604457876841713,-5.325656711047144,-5.325656711047144,5.625237552261497,0.0,0.5555555555555556,False,False,False
3439,三ツ知,2026-09-15,686.0,689.0,690.0,677.0,675.44,1080.0,686.0,686.0,686.0,686.0,2700.0,0.0,0.0,0.0,-0.43541364296081353,-0.5797101449275366,0.5830903790087438,0.14513788098693414,2.5,False,False,False
343A,ＩＡＣＥトラベル,2026-09-15,1310.0,1360.0,1550.0,1297.6,1323.48,6720.0,1302.0,1328.0,1302.0,1328.0,2300.0,1.3740458015267132,-0.6106870229007688,1.9969278033794113,-2.352941176470591,-14.322580645161286,16.716867469879524,13.970588235294112,0.34226190476190477,True,False,False
3440,日創グループ,2026-09-15,857.0,963.0,963.0,857.2,903.8,9000.0,865.0,865.0,865.0,857.0,9100.0,0.0,0.9334889148191472,-0.9248554913294793,-11.007268951194183,-11.007268951194183,12.368728121353566,0.0,1.011111111111111,False,False,False
3441,山王,2026-09-15,2195.0,2908.0,3060.0,2658.2,2733.8,59360.0,2195.0,2195.0,2195.0,2195.0,13400.0,0.0,0.0,0.0,-24.518569463548832,-28.26797385620915,39.407744874715256,5.226960110041268,0.22574123989218328,False,False,False
3443,川田テクノロジーズ,2026-09-15,1392.0,1432.0,1443.0,1387.4,1385.92,208520.0,1400.0,1412.0,1394.0,1409.0,31800.0,1.2212643678160884,0.5747126436781658,0.642857142857145,-1.6061452513966512,-2.3562023562023526,2.4130589070262554,0.7681564245810124,0.15250335699213505,True,False,False
3444,菊池製作所,2026-09-15,1215.0,1345.0,1345.0,1086.8,1036.32,2054060.0,1250.0,1258.0,1224.0,1228.0,66800.0,1.0699588477366184,2.8806584362139898,-1.759999999999995,-8.698884758364311,-8.698884758364311,9.527687296416932,0.0,0.03252095849196226,False,False,False
3445,ＲＳ　Ｔｅｃｈｎｏｌｏｇｉｅｓ,2026-09-15,5330.0,5960.0,7300.0,5384.0,5751.2,176600.0,5230.0,5300.0,5220.0,5330.0,145000.0,0.0,-1.8761726078799223,1.9120458891013437,-10.570469798657722,-26.986301369863007,36.96060037523452,22.483221476510074,0.8210645526613817,True,False,False
3446,ジェイテックコーポレーション,2026-09-15,1609.0,1686.0,1686.0,1619.6,1599.4,14300.0,1609.0,1620.0,1609.0,1609.0,14000.0,0.0,0.0,0.0,-4.56702253855279,-4.56702253855279,4.785581106277181,0.0,0.9790209790209791,False,False,False
3447,信和,2026-09-15,1015.0,1038.0,1053.0,1005.8,1019.36,21320.0,1015.0,1018.0,1015.0,1018.0,4400.0,0.2955665024630516,0.0,0.2955665024630516,-1.9267822736030782,-3.3238366571699873,3.438113948919441,1.4450867052023142,0.20637898686679174,True,False,False
3449,テクノフレックス,2026-09-15,3945.0,4145.0,5290.0,3985.0,3950.6,88140.0,3935.0,3960.0,3870.0,3945.0,86500.0,0.0,-0.25348542458808465,0.2541296060991183,-4.825090470446325,-25.42533081285444,34.09378960709759,27.623642943305192,0.9813932380304061,True,False,False
3452,ビーロット,2026-09-15,1430.0,1525.0,1554.0,1429.8,1477.0,58040.0,1441.0,1443.0,1437.0,1430.0,24800.0,0.0,0.7692307692307665,-0.7633587786259555,-6.229508196721312,-7.979407979407982,8.67132867132867,1.9016393442622848,0.4272915230875258,False,False,False
3454,ファーストブラザーズ,2026-09-15,1257.0,1300.0,1300.0,1259.6,1270.56,1980.0,1259.0,1259.0,1259.0,1257.0,500.0,0.0,0.15910898965791898,-0.1588562351072298,-3.3076923076923115,-3.3076923076923115,3.4208432776451803,0.0,0.25252525252525254,False,False,False
3457,Ａｎｄ　Ｄｏホールディングス,2026-09-15,916.0,943.0,952.0,917.6,929.32,121120.0,920.0,920.0,917.0,916.0,69700.0,0.0,0.4366812227074135,-0.43478260869564966,-2.8632025450689325,-3.7815126050420145,3.9301310043668103,0.9544008483563182,0.5754623513870541,False,False,False
3461,パルマ,2026-09-15,620.0,640.0,640.0,619.0,613.12,6080.0,627.0,627.0,627.0,620.0,7100.0,0.0,1.1290322580645107,-1.1164274322169043,-3.125,-3.125,3.2258064516129004,0.0,1.167763157894737,False,False,False
3465,ケイアイスター不動産,2026-09-15,3235.0,3990.0,4020.0,3222.0,3576.8,121660.0,3240.0,3270.0,3240.0,3270.0,9000.0,1.0819165378670892,0.15455950540959051,0.92592592592593,-18.045112781954884,-18.656716417910445,22.935779816513758,0.7518796992481258,0.07397665625513727,True,False,False
3467,アグレ都市デザイン,2026-09-15,2729.0,3030.0,3030.0,2705.8,2858.44,6920.0,2748.0,2748.0,2748.0,2729.0,3300.0,0.0,0.6962257237083103,-0.6914119359534232,-9.933993399339936,-9.933993399339936,11.029681201905461,0.0,0.476878612716763,False,False,False
3469,デュアルタップ,2026-09-15,870.0,904.0,909.0,887.0,894.84,4020.0,885.0,886.0,885.0,870.0,12700.0,0.0,1.724137931034475,-1.6949152542372836,-3.761061946902655,-4.290429042904287,4.482758620689653,0.5530973451327359,3.1592039800995027,False,False,False
3474,Ｇ－ＦＡＣＴＯＲＹ,2026-09-15,596.0,610.0,610.0,599.0,592.88,2460.0,596.0,596.0,596.0,596.0,3300.0,0.0,0.0,0.0,-2.2950819672131195,-2.2950819672131195,2.348993288590595,0.0,1.3414634146341464,False,False,False
3475,グッドコムアセット,2026-09-15,1479.0,1612.0,1612.0,1435.4,1524.76,158540.0,1481.0,1494.0,1479.0,1488.0,13700.0,0.6085192697768749,0.13522650439485862,0.47265361242403436,-7.692307692307687,-7.692307692307687,8.333333333333325,0.0,0.08641352340103443,True,False,False
3477,フォーライフ,2026-09-15,904.0,914.0,914.0,900.8,892.28,2340.0,910.0,912.0,910.0,904.0,3100.0,0.0,0.6637168141592875,-0.659340659340657,-1.094091903719907,-1.094091903719907,1.106194690265494,0.0,1.3247863247863247,False,False,False
3479,ＴＫＰ,2026-09-15,1878.0,1920.0,1968.0,1873.6,1869.92,38180.0,1870.0,1885.0,1870.0,1885.0,3900.0,0.37273695420660946,-0.42598509052182987,0.8021390374331583,-1.822916666666663,-4.217479674796742,4.403183023872681,2.499999999999991,0.10214772132006286,True,False,False
3482,ロードスターキャピタル,2026-09-15,2541.0,2682.0,2771.0,2513.8,2583.32,92120.0,2534.0,2555.0,2534.0,2555.0,5800.0,0.5509641873278293,-0.27548209366391463,0.8287292817679592,-4.735272184936612,-7.795019848430174,8.454011741682965,3.3184190902311617,0.06296135475466783,True,False,False
3484,イノベーションホールディングス,2026-09-15,1200.0,1235.0,1235.0,1170.6,1119.32,6000.0,1214.0,1214.0,1214.0,1200.0,6400.0,0.0,1.1666666666666714,-1.1532125205930832,-2.8340080971659964,-2.8340080971659964,2.9166666666666563,0.0,1.0666666666666667,False,False,False
3486,グローバル・リンク・マネジメント,2026-09-15,2004.0,2029.0,2029.0,1966.8,1964.28,70860.0,2017.0,2023.0,2008.0,2004.0,119400.0,0.0,0.6487025948103797,-0.6445215666831983,-1.2321340561853078,-1.2321340561853078,1.2475049900199542,0.0,1.685012701100762,False,False,False
3489,フェイスネットワーク,2026-09-15,785.0,882.0,885.0,783.0,832.76,46560.0,792.0,792.0,792.0,785.0,26000.0,0.0,0.8917197452229297,-0.8838383838383868,-10.997732426303852,-11.299435028248583,12.73885350318471,0.340136054421758,0.5584192439862543,False,False,False
3490,アズ企画設計,2026-09-15,3015.0,3290.0,3290.0,3045.0,3114.4,640.0,3040.0,3070.0,3010.0,3015.0,1300.0,0.0,0.8291873963515828,-0.8223684210526327,-8.35866261398176,-8.35866261398176,9.121061359867323,0.0,2.03125,False,False,False
3491,ＧＡ　ｔｅｃｈｎｏｌｏｇｉｅｓ,2026-09-15,1299.0,1625.0,1625.0,1431.6,1524.28,359720.0,1312.0,1334.0,1310.0,1299.0,954300.0,0.0,1.000769822940728,-0.9908536585365835,-20.061538461538465,-20.061538461538465,25.09622786759045,0.0,2.6528966974313355,False,False,False
3494,マリオン,2026-09-15,456.0,460.0,460.0,456.4,447.08,4660.0,459.0,459.0,459.0,456.0,11100.0,0.0,0.6578947368421018,-0.6535947712418277,-0.8695652173912993,-0.8695652173912993,0.8771929824561431,0.0,2.3819742489270386,False,False,False
3495,香陵住販,2026-09-15,2364.0,2367.0,2400.0,2293.0,2315.92,380.0,2318.0,2364.0,2318.0,2364.0,1300.0,0.0,-1.9458544839255465,1.9844693701466687,-0.12674271229404788,-1.5000000000000013,1.522842639593902,1.3941698352344822,3.4210526315789473,True,False,False
3496,アズーム,2026-09-15,4775.0,5060.0,5060.0,4786.0,4797.0,45060.0,4775.0,4775.0,4700.0,4775.0,32100.0,0.0,0.0,0.0,-5.632411067193677,-5.632411067193677,5.96858638743456,0.0,0.7123834886817576,False,False,False
3498,霞ヶ関キャピタル,2026-09-15,7120.0,8160.0,8290.0,7258.0,7624.4,186860.0,7100.0,7140.0,7080.0,7130.0,10900.0,0.1404494382022392,-0.2808988764044895,0.42253521126760507,-12.622549019607842,-13.99276236429433,16.26928471248248,1.5931372549019551,0.05833244139997859,True,False,False
3501,ＳＵＭＩＮＯＥ,2026-09-15,1175.0,1207.0,1207.0,1163.0,1178.12,18800.0,1171.0,1181.0,1171.0,1175.0,11800.0,0.0,-0.34042553191488967,0.3415883859948732,-2.6512013256006606,-2.6512013256006606,2.7234042553191395,0.0,0.6276595744680851,True,False,False
350A,デジタルグリッド,2026-09-15,692.0,870.0,870.0,750.6,778.72,1411260.0,683.0,702.0,679.0,702.0,156400.0,1.4450867052023142,-1.3005780346820761,2.7818448023426035,-19.310344827586214,-19.310344827586214,23.931623931623935,0.0,0.11082295253886598,True,False,False
3512,日本フエルト,2026-09-15,1016.0,1080.0,1080.0,1025.6,1019.84,32840.0,1014.0,1030.0,1014.0,1016.0,123400.0,0.0,-0.19685039370078705,0.19723865877712132,-5.925925925925924,-5.925925925925924,6.299212598425208,0.0,3.7576126674786847,True,False,False
3513,イチカワ,2026-09-15,3500.0,3600.0,3600.0,3489.0,3401.6,2440.0,3500.0,3500.0,3500.0,3500.0,2000.0,0.0,0.0,0.0,-2.777777777777779,-2.777777777777779,2.857142857142847,0.0,0.819672131147541,False,False,False
3521,テルマー湯ホールディングス,2026-09-15,156.0,158.0,158.0,156.2,156.16,17360.0,156.0,156.0,156.0,156.0,11100.0,0.0,0.0,0.0,-1.2658227848101222,-1.2658227848101222,1.2820512820512775,0.0,0.6394009216589862,False,False,False
3524,日東製網,2026-09-15,1481.0,1499.0,1509.0,1485.6,1486.8,1360.0,1485.0,1485.0,1485.0,1481.0,2100.0,0.0,0.27008777852801646,-0.2693602693602748,-1.200800533689128,-1.8555334658714395,1.8906144496961597,0.6671114076050699,1.5441176470588236,False,False,False
3529,アツギ,2026-09-15,1045.0,1075.0,1075.0,1014.2,1036.64,51260.0,1045.0,1053.0,1045.0,1045.0,44200.0,0.0,0.0,0.0,-2.7906976744186074,-2.7906976744186074,2.8708133971291794,0.0,0.8622707764338665,False,False,False
352A,ＬＯＩＶＥ,2026-09-15,544.0,557.0,580.0,538.6,542.44,4320.0,534.0,534.0,534.0,544.0,2000.0,0.0,-1.8382352941176516,1.8726591760299671,-2.333931777378817,-6.206896551724139,6.617647058823528,4.129263913824066,0.46296296296296297,True,False,False
3536,アクサスホールディングス,2026-09-15,127.0,131.0,131.0,127.4,129.0,7420.0,127.0,127.0,127.0,127.0,14700.0,0.0,0.0,0.0,-3.053435114503822,-3.053435114503822,3.149606299212593,0.0,1.9811320754716981,False,False,False
3537,昭栄薬品,2026-09-15,1755.0,1790.0,1790.0,1756.0,1738.0,700.0,1747.0,1755.0,1742.0,1755.0,800.0,0.0,-0.4558404558404505,0.4579278763594763,-1.9553072625698276,-1.9553072625698276,1.9943019943019946,0.0,1.1428571428571428,True,False,False
3538,ウイルプラスホールディングス,2026-09-15,1006.0,1040.0,1048.0,1003.4,1014.12,14080.0,1010.0,1014.0,1010.0,1006.0,16100.0,0.0,0.3976143141153132,-0.3960396039603964,-3.2692307692307687,-4.007633587786263,4.174950298210733,0.7692307692307665,1.1434659090909092,False,False,False
3539,ＪＭホールディングス,2026-09-15,1442.0,1520.0,1520.0,1385.2,1435.28,232620.0,1442.0,1447.0,1437.0,1442.0,252900.0,0.0,0.0,0.0,-5.13157894736842,-5.13157894736842,5.409153952843271,0.0,1.0871808099045654,False,False,False
3542,ベガコーポレーション,2026-09-15,1527.0,1596.0,1596.0,1504.0,1481.4,20260.0,1501.0,1501.0,1501.0,1527.0,10600.0,0.0,-1.7026850032743956,1.7321785476348994,-4.323308270676696,-4.323308270676696,4.518664047151266,0.0,0.5231984205330701,True,False,False
3543,コメダホールディングス,2026-09-15,2888.0,3020.0,3020.0,2866.2,2916.64,182760.0,2880.0,2886.0,2880.0,2888.0,208900.0,0.0,-0.27700831024930483,0.2777777777777768,-4.37086092715232,-4.37086092715232,4.570637119113563,0.0,1.1430291092142701,True,False,False
3544,サツドラホールディングス,2026-09-15,1249.0,1253.0,1253.0,1248.8,1248.6,8000.0,1249.0,1253.0,1249.0,1249.0,10200.0,0.0,0.0,0.0,-0.31923383878691425,-0.31923383878691425,0.32025620496396456,0.0,1.275,False,False,False
3547,ユニシアホールディングス,2026-09-15,1895.0,1915.0,1915.0,1884.2,1861.4,22620.0,1891.0,1896.0,1888.0,1896.0,2700.0,0.05277044854881119,-0.21108179419525586,0.26441036488631386,-0.992167101827679,-0.992167101827679,1.0021097046413407,0.0,0.11936339522546419,True,False,False
3548,バロックジャパンリミテッド,2026-09-15,671.0,740.0,740.0,674.4,711.8,160920.0,672.0,673.0,671.0,671.0,94100.0,0.0,0.14903129657228842,-0.14880952380952328,-9.32432432432433,-9.32432432432433,10.283159463487323,0.0,0.5847626149639572,False,False,False
3549,クスリのアオキホールディングス,2026-09-15,4057.0,4297.0,4297.0,4036.2,4083.76,244600.0,4057.0,4063.0,4026.0,4057.0,258800.0,0.0,0.0,0.0,-5.585292064230862,-5.585292064230862,5.915701257086514,0.0,1.0580539656582175,False,False,False
3550,スタジオアタオ,2026-09-15,215.0,220.0,221.0,215.8,216.92,18840.0,215.0,215.0,215.0,215.0,15500.0,0.0,0.0,0.0,-2.2727272727272707,-2.714932126696834,2.7906976744185963,0.454545454545463,0.8227176220806794,False,False,False
3551,ダイニック,2026-09-15,1590.0,1656.0,1656.0,1573.8,1591.48,17340.0,1590.0,1590.0,1584.0,1590.0,18500.0,0.0,0.0,0.0,-3.985507246376807,-3.985507246376807,4.150943396226414,0.0,1.0668973471741638,False,False,False
3553,共和レザー,2026-09-15,928.0,940.0,952.0,923.2,926.68,30800.0,928.0,928.0,928.0,928.0,21000.0,0.0,0.0,0.0,-1.276595744680853,-2.5210084033613467,2.586206896551735,1.2765957446808418,0.6818181818181818,False,False,False
3556,リネットジャパングループ,2026-09-15,790.0,904.0,923.0,787.6,833.52,29400.0,789.0,795.0,788.0,790.0,25200.0,0.0,-0.12658227848101333,0.12674271229404788,-12.610619469026553,-14.409534127843981,16.835443037974684,2.101769911504414,0.8571428571428571,True,False,False
3557,ユナイテッド＆コレクティブ,2026-09-15,510.0,575.0,577.0,511.0,537.6,3720.0,510.0,510.0,509.0,510.0,2800.0,0.0,0.0,0.0,-11.304347826086957,-11.611785095320625,13.137254901960782,0.3478260869565153,0.7526881720430108,False,False,False
3558,ジェイドグループ,2026-09-15,1904.0,1937.0,1937.0,1877.6,1811.56,92900.0,1915.0,1916.0,1915.0,1916.0,1300.0,0.6302521008403339,0.5777310924369727,0.05221932114882755,-1.0841507485802815,-1.0841507485802815,1.096033402922747,0.0,0.013993541442411194,True,False,False
3559,ピーバンドットコム,2026-09-15,466.0,475.0,475.0,455.8,446.44,4600.0,467.0,467.0,467.0,466.0,8200.0,0.0,0.21459227467810482,-0.21413276231263545,-1.8947368421052602,-1.8947368421052602,1.93133047210301,0.0,1.7826086956521738,False,False,False
3560,ほぼ日,2026-09-15,4305.0,4515.0,4515.0,4269.0,4364.4,1900.0,4320.0,4320.0,4320.0,4305.0,3000.0,0.0,0.34843205574912606,-0.347222222222221,-4.651162790697672,-4.651162790697672,4.878048780487809,0.0,1.5789473684210527,False,False,False
3561,力の源ホールディングス,2026-09-15,1504.0,1675.0,1675.0,1492.6,1581.96,99420.0,1504.0,1504.0,1500.0,1503.0,9900.0,-0.06648936170212671,0.0,-0.06648936170212671,-10.268656716417912,-10.268656716417912,11.443779108449759,0.0,0.0995775497887749,False,False,False
3562,Ｎｏ．１,2026-09-15,1588.0,1611.0,1611.0,1569.2,1579.48,14960.0,1580.0,1596.0,1580.0,1596.0,1300.0,0.5037783375314797,-0.5037783375314908,1.0126582278481067,-0.9310986964618295,-0.9310986964618295,0.9398496240601517,0.0,0.08689839572192513,True,False,False
3563,ＦＯＯＤ　＆　ＬＩＦＥ　ＣＯＭＰＡＮＩＥＳ,2026-09-15,4946.0,6135.0,6135.0,5220.0,5679.24,2657380.0,4925.0,4934.0,4834.0,4874.0,325700.0,-1.455721795390219,-0.4245855236554741,-1.03553299492386,-20.55419722901386,-20.55419722901386,25.871973738202712,0.0,0.1225643302802008,False,False,False
3565,アセンテック,2026-09-15,491.0,498.0,498.0,485.6,466.04,420400.0,490.0,506.0,490.0,499.0,43800.0,1.6293279022403295,-0.20366598778004397,1.8367346938775508,0.20080321285140812,0.20080321285140812,-0.2004008016032066,0.0,0.10418648905803997,True,True,True
3566,ユニフォームネクスト,2026-09-15,701.0,775.0,856.0,700.4,746.36,7340.0,701.0,705.0,701.0,701.0,4600.0,0.0,0.0,0.0,-9.548387096774192,-18.10747663551402,22.111269614835937,10.451612903225804,0.6267029972752044,False,False,False
3569,セーレン,2026-09-15,3230.0,3560.0,3615.0,3240.0,3403.0,153960.0,3250.0,3265.0,3250.0,3265.0,4400.0,1.0835913312693402,0.6191950464396356,0.4615384615384688,-8.286516853932579,-9.681881051175656,10.719754977029105,1.54494382022472,0.028578851649779163,True,False,False
3571,ソトー,2026-09-15,721.0,747.0,747.0,719.8,723.68,3500.0,721.0,721.0,721.0,721.0,3600.0,0.0,0.0,0.0,-3.4805890227576963,-3.4805890227576963,3.606102635228847,0.0,1.0285714285714285,False,False,False
3577,東海染工,2026-09-15,921.0,966.0,966.0,922.4,939.44,1260.0,921.0,921.0,921.0,921.0,1500.0,0.0,0.0,0.0,-4.6583850931677055,-4.6583850931677055,4.885993485342022,0.0,1.1904761904761905,False,False,False
3580,小松マテーレ,2026-09-15,760.0,775.0,775.0,749.2,757.0,50840.0,760.0,768.0,760.0,768.0,8800.0,1.0526315789473717,0.0,1.0526315789473717,-0.903225806451613,-0.903225806451613,0.9114583333333259,0.0,0.17309205350118018,True,False,False
3583,オーベクス,2026-09-15,1345.0,1359.0,1359.0,1346.6,1323.12,340.0,1345.0,1345.0,1345.0,1345.0,100.0,0.0,0.0,0.0,-1.0301692420897735,-1.0301692420897735,1.0408921933085402,0.0,0.29411764705882354,False,False,False
3591,ワコールホールディングス,2026-09-15,4027.0,4355.0,4543.0,3993.4,4182.6,122540.0,4000.0,4011.0,3994.0,4006.0,4400.0,-0.5214800099329508,-0.6704742984852241,0.15000000000000568,-8.013777267508615,-11.820383006823686,13.404892661008482,4.31687715269804,0.03590664272890485,True,False,False
3597,自重堂,2026-09-15,8910.0,9200.0,9200.0,8880.0,9058.4,2280.0,8910.0,8910.0,8910.0,8910.0,600.0,0.0,0.0,0.0,-3.1521739130434767,-3.1521739130434767,3.2547699214365844,0.0,0.2631578947368421,False,False,False
3598,山喜,2026-09-15,166.0,170.0,170.0,166.2,164.24,10220.0,166.0,166.0,166.0,166.0,9400.0,0.0,0.0,0.0,-2.352941176470591,-2.352941176470591,2.4096385542168752,0.0,0.9197651663405088,False,False,False
3607,クラウディアホールディングス,2026-09-15,361.0,369.0,369.0,355.4,358.44,19340.0,363.0,363.0,363.0,361.0,39000.0,0.0,0.5540166204986097,-0.5509641873278182,-2.168021680216803,-2.168021680216803,2.216066481994461,0.0,2.016546018614271,False,False,False
3608,ＴＳＩホールディングス,2026-09-15,1239.0,1293.0,1293.0,1227.6,1251.12,186760.0,1239.0,1245.0,1239.0,1245.0,11100.0,0.4842615012106588,0.0,0.4842615012106588,-3.7122969837587005,-3.7122969837587005,3.855421686746996,0.0,0.05943456843007068,True,False,False
3611,マツオカコーポレーション,2026-09-15,2377.0,2575.0,2575.0,2379.6,2457.16,33560.0,2375.0,2382.0,2375.0,2377.0,18100.0,0.0,-0.08413967185527671,0.08421052631579773,-7.689320388349518,-7.689320388349518,8.329827513672704,0.0,0.5393325387365911,True,False,False
3612,ワールド,2026-09-15,1599.0,1728.0,1728.0,1578.2,1629.48,258260.0,1595.0,1605.0,1595.0,1604.0,11200.0,0.3126954346466482,-0.250156347717323,0.5642633228840177,-7.17592592592593,-7.17592592592593,7.730673316708225,0.0,0.04336714938434136,True,False,False
3622,ネットイヤーグループ,2026-09-15,494.0,505.0,505.0,494.4,495.04,3740.0,494.0,494.0,489.0,494.0,2600.0,0.0,0.0,0.0,-2.17821782178218,-2.17821782178218,2.2267206477732726,0.0,0.6951871657754011,False,False,False
3623,ビリングシステム,2026-09-15,1268.0,1320.0,1320.0,1239.0,1211.6,21160.0,1269.0,1270.0,1269.0,1268.0,6300.0,0.0,0.07886435331230235,-0.07880220646178104,-3.9393939393939426,-3.9393939393939426,4.100946372239744,0.0,0.29773156899810965,False,False,False
3624,アクセルマーク,2026-09-15,96.0,100.0,100.0,88.6,84.84,1616740.0,97.0,97.0,94.0,94.0,151700.0,-2.083333333333337,1.041666666666674,-3.0927835051546393,-6.000000000000005,-6.000000000000005,6.382978723404253,0.0,0.09383079530413053,False,False,False
3625,テックファームホールディングス,2026-09-15,680.0,685.0,685.0,661.8,656.32,8720.0,682.0,682.0,682.0,680.0,7000.0,0.0,0.2941176470588225,-0.2932551319648091,-0.7299270072992692,-0.7299270072992692,0.7352941176470562,0.0,0.8027522935779816,False,False,False
3626,ＴＩＳ,2026-09-15,3991.0,4160.0,4160.0,3922.2,3877.84,878620.0,4061.0,4061.0,4004.0,4025.0,45000.0,0.8519168128288568,1.7539463793535548,-0.8864811622752988,-3.245192307692313,-3.245192307692313,3.354037267080745,0.0,0.05121668070383101,False,False,False
3627,テクミラホールディングス,2026-09-15,262.0,275.0,275.0,264.2,265.92,9940.0,263.0,263.0,263.0,262.0,15800.0,0.0,0.3816793893129722,-0.38022813688213253,-4.727272727272725,-4.727272727272725,4.961832061068705,0.0,1.5895372233400402,False,False,False
3628,データホライゾン,2026-09-15,669.0,679.0,679.0,667.2,617.04,7120.0,659.0,659.0,659.0,669.0,1500.0,0.0,-1.4947683109118093,1.5174506828528056,-1.4727540500736325,-1.4727540500736325,1.4947683109117982,0.0,0.21067415730337077,True,False,False
3632,グリーホールディングス,2026-09-15,425.0,434.0,434.0,414.6,420.76,674800.0,425.0,427.0,424.0,425.0,34000.0,0.0,0.0,0.0,-2.073732718894006,-2.073732718894006,2.117647058823535,0.0,0.05038529934795495,False,False,False
3633,ＧＭＯペパボ,2026-09-15,2558.0,2749.0,2749.0,2497.8,2442.32,19360.0,2553.0,2553.0,2552.0,2553.0,1300.0,-0.195465207193124,-0.195465207193124,0.0,-7.129865405602032,-7.129865405602032,7.677242459851152,0.0,0.06714876033057851,False,False,False
3634,ソケッツ,2026-09-15,594.0,620.0,620.0,588.4,592.28,1040.0,595.0,595.0,595.0,594.0,800.0,0.0,0.16835016835017313,-0.1680672268907557,-4.193548387096779,-4.193548387096779,4.377104377104368,0.0,0.7692307692307693,False,False,False
3635,コーエーテクモホールディングス,2026-09-15,1683.0,1756.0,1756.0,1657.5,1674.72,738260.0,1699.0,1704.0,1690.5,1699.0,57700.0,0.9506833036244888,0.9506833036244888,0.0,-3.246013667425973,-3.246013667425973,3.354914655679808,0.0,0.07815674694552055,False,False,False
3636,三菱総合研究所,2026-09-15,4940.0,5270.0,5270.0,4840.0,4952.8,43460.0,4905.0,4940.0,4875.0,4940.0,29300.0,0.0,-0.7085020242915019,0.7135575942915473,-6.261859582542694,-6.261859582542694,6.68016194331984,0.0,0.6741831569259089,True,False,False
3639,ボルテージ,2026-09-15,236.0,242.0,242.0,232.6,229.04,4780.0,234.0,234.0,234.0,236.0,10600.0,0.0,-0.8474576271186418,0.8547008547008517,-2.4793388429752095,-2.4793388429752095,2.5423728813559254,0.0,2.217573221757322,True,False,False
3640,電算,2026-09-15,2810.0,2898.0,2898.0,2747.0,2783.52,4720.0,2788.0,2788.0,2788.0,2810.0,2600.0,0.0,-0.7829181494661941,0.7890961262553731,-3.0365769496204287,-3.0365769496204287,3.1316725978647764,0.0,0.5508474576271186,True,False,False
3641,パピレス,2026-09-15,999.0,999.0,999.0,990.8,982.2,4800.0,999.0,999.0,996.0,999.0,5700.0,0.0,0.0,0.0,0.0,0.0,0.0,0.0,1.1875,False,False,False
3645,メディカルネット,2026-09-15,255.0,310.0,310.0,264.2,254.04,50020.0,253.0,254.0,251.0,255.0,46700.0,0.0,-0.7843137254901933,0.7905138339920903,-17.741935483870964,-17.741935483870964,21.568627450980383,0.0,0.9336265493802479,True,False,False
3646,駅探,2026-09-15,350.0,421.0,421.0,348.6,346.8,6100.0,347.0,350.0,345.0,350.0,6000.0,0.0,-0.8571428571428563,0.8645533141210304,-16.864608076009503,-16.864608076009503,20.285714285714285,0.0,0.9836065573770492,True,False,False
3647,アスリナ,2026-09-15,119.0,148.0,148.0,117.8,119.04,71120.0,119.0,120.0,119.0,119.0,96900.0,0.0,0.0,0.0,-19.594594594594593,-19.594594594594593,24.369747899159666,0.0,1.3624859392575928,False,False,False
3648,ＡＧＳ,2026-09-15,1058.0,1109.0,1109.0,1060.6,1061.64,4440.0,1065.0,1065.0,1065.0,1058.0,2100.0,0.0,0.6616257088846833,-0.6572769953051671,-4.598737601442737,-4.598737601442737,4.820415879017004,0.0,0.47297297297297297,False,False,False
3649,ファインデックス,2026-09-15,915.0,915.0,915.0,860.2,856.28,88840.0,915.0,915.0,900.0,915.0,127400.0,0.0,0.0,0.0,0.0,0.0,0.0,0.0,1.4340387212967132,False,False,False
3652,ディジタルメディアプロフェッショナル,2026-09-15,2529.0,2675.0,2675.0,2522.6,2482.76,33420.0,2503.0,2503.0,2489.0,2529.0,42500.0,0.0,-1.0280743376828827,1.0387534958050448,-5.457943925233644,-5.457943925233644,5.7730328192961755,0.0,1.2716935966487133,True,False,False
3653,モルフォ,2026-09-15,1143.0,1679.0,1679.0,1277.6,967.52,3461780.0,1100.0,1122.0,1085.0,1100.0,47800.0,-3.7620297462817143,-3.7620297462817143,0.0,-34.48481238832638,-34.48481238832638,52.63636363636364,0.0,0.01380792540253858,False,False,False
3656,ＫＬａｂ,2026-09-15,179.0,199.0,260.0,177.0,190.72,2187960.0,179.0,181.0,178.0,181.0,162800.0,1.1173184357541999,0.0,1.1173184357541999,-9.045226130653262,-30.384615384615387,43.64640883977901,30.6532663316583,0.07440721036947659,True,False,False
3657,ポールトゥウィンホールディングス,2026-09-15,378.0,384.0,384.0,363.2,360.72,347200.0,381.0,387.0,381.0,386.0,85500.0,2.1164021164021163,0.7936507936507908,1.3123359580052396,0.5208333333333259,0.5208333333333259,-0.5181347150259086,0.0,0.2462557603686636,True,True,True
3659,ネクソン,2026-09-15,3177.0,3250.0,3349.0,3123.0,3054.9,2940800.0,3190.0,3208.0,3175.0,3191.0,235600.0,0.440667296191366,0.4091910607491256,0.031347962382444194,-1.8153846153846187,-4.717826216781129,4.9514258853024185,3.046153846153854,0.08011425462459194,True,False,False
365A,伊澤タオル,2026-09-15,788.0,802.0,820.0,778.8,790.96,27340.0,792.0,793.0,789.0,788.0,112700.0,0.0,0.50761421319796,-0.5050505050505083,-1.7456359102244412,-3.9024390243902474,4.060913705583746,2.244389027431426,4.122165325530358,False,False,False
3660,アイスタイル,2026-09-15,489.0,554.0,569.0,482.8,511.6,1035440.0,482.0,484.0,481.0,483.0,67800.0,-1.2269938650306789,-1.4314928425357865,0.20746887966804906,-12.8158844765343,-15.114235500878737,17.805383022774322,2.707581227436817,0.06547940971953951,True,False,False
3661,エムアップホールディングス,2026-09-15,803.0,879.0,879.0,792.8,824.28,480420.0,794.0,798.0,794.0,797.0,12500.0,-0.7471980074719831,-1.1207970112079746,0.37783375314861534,-9.328782707622295,-9.328782707622295,10.288582183186957,0.0,0.026018900129053744,True,False,False
3662,エイチームホールディングス,2026-09-15,949.0,998.0,998.0,934.0,961.08,57080.0,951.0,951.0,945.0,949.0,12100.0,0.0,0.21074815595363283,-0.2103049421661396,-4.909819639278556,-4.909819639278556,5.163329820864071,0.0,0.21198318149964962,False,False,False
3663,セルシス,2026-09-15,1853.0,2013.0,2013.0,1789.0,1860.6,150080.0,1850.0,1860.0,1845.0,1860.0,9300.0,0.37776578521315773,-0.1618996222342184,0.540540540540535,-7.6005961251862875,-7.6005961251862875,8.225806451612904,0.0,0.06196695095948827,True,False,False
3664,ＷＩＺＥ,2026-09-15,25.0,30.0,30.0,25.2,25.08,41987320.0,24.0,24.0,24.0,25.0,66093400.0,0.0,-4.0000000000000036,4.166666666666674,-16.666666666666664,-16.666666666666664,19.999999999999996,0.0,1.5741276175759729,True,False,False
3665,エニグモ,2026-09-15,408.0,437.0,437.0,415.6,420.28,221880.0,410.0,410.0,409.0,410.0,15100.0,0.4901960784313708,0.4901960784313708,0.0,-6.178489702517165,-6.178489702517165,6.585365853658542,0.0,0.06805480439877411,False,False,False
3667,ｅｎｉｓｈ,2026-09-15,27.0,30.0,30.0,27.4,27.56,215080.0,27.0,27.0,27.0,27.0,206300.0,0.0,0.0,0.0,-9.999999999999998,-9.999999999999998,11.111111111111116,0.0,0.9591779802864051,False,False,False
3668,コロプラ,2026-09-15,438.0,449.0,449.0,428.0,428.72,317260.0,442.0,446.0,441.0,438.0,431000.0,0.0,0.9132420091324311,-0.9049773755656076,-2.4498886414253906,-2.4498886414253906,2.511415525114158,0.0,1.3585072180545925,False,False,False
366A,ウェルネス・コミュニケーションズ,2026-09-15,1143.0,1234.0,1234.0,1133.8,1141.28,16900.0,1164.0,1164.0,1153.0,1143.0,7300.0,0.0,1.8372703412073532,-1.8041237113402109,-7.374392220421388,-7.374392220421388,7.961504811898523,0.0,0.4319526627218935,False,False,False
3671,ソフトマックス,2026-09-15,309.0,315.0,332.0,306.2,306.84,7480.0,306.0,306.0,306.0,309.0,7600.0,0.0,-0.9708737864077666,0.9803921568627416,-1.904761904761909,-6.927710843373491,7.4433656957928696,5.3968253968254,1.0160427807486632,True,False,False
3672,オルトプラス,2026-09-15,29.0,34.0,34.0,28.8,28.68,73300.0,28.0,28.0,28.0,29.0,123000.0,0.0,-3.4482758620689613,3.571428571428581,-14.70588235294118,-14.70588235294118,17.24137931034482,0.0,1.6780354706684857,True,False,False
3673,ブロードリーフ,2026-09-15,475.0,507.0,507.0,459.4,462.28,1060460.0,483.0,487.0,480.0,487.0,53400.0,2.5263157894736876,1.6842105263157992,0.8281573498964745,-3.9447731755424043,-3.9447731755424043,4.106776180698146,0.0,0.05035550610112593,True,False,False
3674,オークファン,2026-09-15,339.0,352.0,352.0,336.6,336.32,5260.0,340.0,340.0,340.0,339.0,6900.0,0.0,0.2949852507374562,-0.2941176470588225,-3.6931818181818232,-3.6931818181818232,3.834808259587019,0.0,1.311787072243346,False,False,False
3675,クロス・マーケティンググループ,2026-09-15,601.0,625.0,631.0,595.2,603.08,32080.0,600.0,600.0,600.0,601.0,46000.0,0.0,-0.16638935108153063,0.16666666666667052,-3.839999999999999,-4.754358161648176,4.991680532445919,0.9600000000000053,1.4339152119700749,True,False,False
3676,デジタルハーツホールディングス,2026-09-15,1058.0,1060.0,1060.0,1057.8,1058.12,358440.0,1059.0,1059.0,1057.0,1058.0,1321800.0,0.0,0.0945179584120881,-0.09442870632672129,-0.18867924528301883,-0.18867924528301883,0.1890359168241984,0.0,3.687646468028122,False,False,False
3678,メディアドゥ,2026-09-15,1257.0,1305.0,1325.0,1246.2,1277.4,24360.0,1247.0,1260.0,1247.0,1257.0,22300.0,0.0,-0.7955449482895838,0.8019246190858142,-3.67816091954023,-5.1320754716981165,5.409705648369134,1.5325670498084198,0.9154351395730707,True,False,False
3679,じげん,2026-09-15,447.0,472.0,472.0,438.6,447.96,334500.0,449.0,451.0,449.0,451.0,62900.0,0.8948545861297452,0.4474272930648837,0.44543429844097204,-4.449152542372881,-4.449152542372881,4.656319290465638,0.0,0.18804185351270553,True,False,False
367A,プリモグローバルホールディングス,2026-09-15,2793.0,2985.0,2985.0,2813.4,2843.36,25160.0,2793.0,2798.0,2793.0,2793.0,11800.0,0.0,0.0,0.0,-6.4321608040201035,-6.4321608040201035,6.874328678839947,0.0,0.46899841017488075,False,False,False
3680,ホットリンク,2026-09-15,203.0,216.0,217.0,205.0,209.04,58960.0,202.0,204.0,202.0,204.0,3400.0,0.49261083743843415,-0.49261083743842304,0.990099009900991,-5.555555555555558,-5.990783410138246,6.372549019607843,0.4629629629629539,0.057666214382632294,True,False,False
3682,エンカレッジ・テクノロジ,2026-09-15,578.0,632.0,635.0,575.8,586.16,4600.0,578.0,578.0,578.0,578.0,7200.0,0.0,0.0,0.0,-8.544303797468356,-8.976377952755909,9.861591695501737,0.4746835443038,1.565217391304348,False,False,False
3683,サイバーリンクス,2026-09-15,1080.0,1162.0,1162.0,1101.2,1112.92,15560.0,1080.0,1080.0,1080.0,1080.0,28300.0,0.0,0.0,0.0,-7.0567986230636865,-7.0567986230636865,7.592592592592595,0.0,1.8187660668380463,False,False,False
3686,ディー・エル・イー,2026-09-15,63.0,63.0,64.0,61.6,60.04,188160.0,62.0,62.0,62.0,63.0,229600.0,0.0,-1.5873015873015928,1.6129032258064502,0.0,-1.5625,1.5873015873015817,1.5873015873015817,1.2202380952380953,True,False,False
3687,フィックスターズ,2026-09-15,2205.0,2400.0,2400.0,2220.6,2201.84,711000.0,2188.0,2210.0,2179.0,2204.0,17100.0,-0.045351473922905505,-0.7709750566893381,0.7312614259597838,-8.166666666666666,-8.166666666666666,8.892921960072586,0.0,0.024050632911392405,True,False,False
368A,北里コーポレーション,2026-09-15,1438.0,1558.0,1620.0,1421.8,1486.2,93440.0,1445.0,1456.0,1443.0,1449.0,13800.0,0.7649513212795611,0.48678720445063384,0.27681660899654403,-6.9961489088575135,-10.555555555555552,11.801242236024834,3.979460847240057,0.14768835616438356,True,False,False
3690,イルグルム,2026-09-15,574.0,600.0,600.0,579.0,568.64,12300.0,576.0,577.0,576.0,574.0,5600.0,0.0,0.34843205574912606,-0.347222222222221,-4.333333333333334,-4.333333333333334,4.529616724738683,0.0,0.45528455284552843,False,False,False
3691,デジタルプラス,2026-09-15,1861.0,1997.0,1997.0,1824.4,1827.92,18140.0,1871.0,1923.0,1871.0,1861.0,13400.0,0.0,0.5373455131649552,-0.5344735435595993,-6.810215322984481,-6.810215322984481,7.3078989790435145,0.0,0.7386990077177509,False,False,False
3692,ＦＦＲＩセキュリティ,2026-09-15,7200.0,7810.0,7810.0,6568.0,5576.8,338800.0,7070.0,7140.0,7010.0,7090.0,21700.0,-1.5277777777777724,-1.8055555555555602,0.28288543140029265,-9.218950064020481,-9.218950064020481,10.155148095909738,0.0,0.0640495867768595,True,False,False
3694,オプティム,2026-09-15,463.0,472.0,472.0,445.6,441.92,164200.0,461.0,463.0,461.0,463.0,230100.0,0.0,-0.4319654427645814,0.433839479392617,-1.906779661016944,-1.906779661016944,1.943844492440605,0.0,1.4013398294762485,True,False,False
3695,ＧＭＯプロダクトプラットフォーム,2026-09-15,1625.0,1664.0,1664.0,1613.6,1498.56,7920.0,1627.0,1627.0,1627.0,1625.0,8000.0,0.0,0.12307692307691465,-0.12292562999385304,-2.34375,-2.34375,2.400000000000002,0.0,1.0101010101010102,False,False,False
3696,セレス,2026-09-15,2159.0,2319.0,2319.0,2129.0,2179.88,78240.0,2141.0,2154.0,2141.0,2159.0,45100.0,0.0,-0.8337193144974497,0.8407286314806139,-6.899525657611038,-6.899525657611038,7.410838351088467,0.0,0.5764314928425358,True,False,False
3697,ＳＨＩＦＴ,2026-09-15,872.5,1021.0,1021.0,851.6599975585938,906.8480004882812,4072620.0,870.0,870.2000122070312,858.7000122070312,864.2000122070312,160900.0,-0.9512879991941281,-0.2865329512893977,-0.6666652635596293,-15.357491458664907,-15.357491458664907,18.14394649133668,0.0,0.0395077370341451,False,False,False
3698,ＣＲＩ・ミドルウェア,2026-09-15,1226.0,1245.0,1245.0,1213.8,1192.52,4520.0,1218.0,1227.0,1218.0,1227.0,700.0,0.08156606851550396,-0.6525285481239762,0.738916256157629,-1.4457831325301207,-1.4457831325301207,1.4669926650366705,0.0,0.15486725663716813,True,False,False
369A,エータイ,2026-09-15,2620.0,2652.0,2652.0,2612.6,2536.92,8040.0,2639.0,2639.0,2639.0,2620.0,4700.0,0.0,0.7251908396946671,-0.719969685486932,-1.2066365007541435,-1.2066365007541435,1.2213740458015376,0.0,0.5845771144278606,False,False,False
3708,特種東海製紙,2026-09-15,2174.0,2223.0,2223.0,2138.8,2146.48,48340.0,2175.0,2187.0,2175.0,2187.0,4400.0,0.5979760809567525,0.04599816007360147,0.5517241379310311,-1.619433198380571,-1.619433198380571,1.6460905349794164,0.0,0.09102192800992967,True,False,False
3710,ジョルダン,2026-09-15,640.0,654.0,691.0,639.4,642.08,2420.0,637.0,637.0,637.0,640.0,3300.0,0.0,-0.46874999999999556,0.47095761381474865,-2.1406727828746197,-7.38060781476122,7.968749999999991,5.657492354740068,1.3636363636363635,True,False,False
3712,情報企画,2026-09-15,996.0,1106.0,1106.0,1041.2,1036.52,5880.0,1001.0,1002.0,1001.0,996.0,14300.0,0.0,0.5020080321285203,-0.4995004995005048,-9.945750452079572,-9.945750452079572,11.044176706827313,0.0,2.431972789115646,False,False,False
3719,ＡＩストーム,2026-09-15,117.0,125.0,148.0,116.2,119.12,184980.0,116.0,116.0,116.0,117.0,188600.0,0.0,-0.8547008547008517,0.8620689655172376,-6.399999999999995,-20.945945945945944,26.49572649572649,18.399999999999995,1.0195696832089955,True,False,False
3723,日本ファルコム,2026-09-15,2742.0,2917.0,3045.0,2669.0,2781.48,13360.0,2742.0,2742.0,2739.0,2742.0,9800.0,0.0,0.0,0.0,-5.9993143640726725,-9.950738916256153,11.050328227571127,4.38806993486458,0.7335329341317365,False,False,False
3726,フォーシーズＨＤ,2026-09-15,399.0,410.0,411.0,400.0,403.76,14400.0,400.0,400.0,400.0,399.0,26600.0,0.0,0.25062656641603454,-0.24999999999999467,-2.682926829268295,-2.9197080291970767,3.007518796992481,0.24390243902439046,1.8472222222222223,False,False,False
3727,アプリックス,2026-09-15,169.0,175.0,175.0,166.6,158.8,88420.0,170.0,170.0,169.0,169.0,46600.0,0.0,0.591715976331364,-0.588235294117645,-3.4285714285714253,-3.4285714285714253,3.5502958579881616,0.0,0.5270300836914725,False,False,False
372A,レント,2026-09-15,5550.0,5750.0,5750.0,5542.0,5567.6,5280.0,5550.0,5550.0,5550.0,5550.0,4000.0,0.0,0.0,0.0,-3.4782608695652195,-3.4782608695652195,3.603603603603611,0.0,0.7575757575757576,False,False,False
3733,ソフトウェア・サービス,2026-09-15,12080.0,12810.0,12810.0,11878.0,12193.6,3700.0,12080.0,12080.0,12080.0,12080.0,2800.0,0.0,0.0,0.0,-5.698672911787661,-5.698672911787661,6.0430463576159,0.0,0.7567567567567568,False,False,False
373A,リップス,2026-09-15,1460.0,1483.0,1496.0,1462.8,1465.96,1720.0,1464.0,1469.0,1460.0,1460.0,2600.0,0.0,0.273972602739736,-0.2732240437158473,-1.550910316925147,-2.4064171122994638,2.465753424657535,0.8766014834794333,1.5116279069767442,False,False,False
3741,セック,2026-09-15,3120.0,3445.0,3445.0,3117.0,3216.6,52400.0,3135.0,3155.0,3130.0,3120.0,43400.0,0.0,0.48076923076922906,-0.4784688995215336,-9.433962264150942,-9.433962264150942,10.416666666666675,0.0,0.8282442748091603,False,False,False
3744,サイオス,2026-09-15,457.0,467.0,544.0,457.2,457.12,12760.0,461.0,461.0,461.0,457.0,5300.0,0.0,0.875273522975939,-0.8676789587852451,-2.1413276231263434,-15.992647058823529,19.037199124726477,16.488222698072796,0.4153605015673981,False,False,False
3747,インタートレード,2026-09-15,405.0,498.0,498.0,406.8,425.8,31360.0,401.0,406.0,401.0,406.0,3400.0,0.24691358024691024,-0.987654320987652,1.2468827930174564,-18.473895582329313,-18.473895582329313,22.66009852216748,0.0,0.10841836734693877,True,False,False
3750,ＡＤＲ１２０Ｓ,2026-09-15,836.0,853.0,853.0,834.4,803.4,3600.0,836.0,845.0,836.0,836.0,4700.0,0.0,0.0,0.0,-1.992966002344665,-1.992966002344665,2.0334928229664984,0.0,1.3055555555555556,False,False,False
3753,フライトソリューションズ,2026-09-15,215.0,265.0,265.0,215.8,232.76,174960.0,213.0,216.0,213.0,215.0,84500.0,0.0,-0.9302325581395321,0.9389671361502261,-18.867924528301884,-18.867924528301884,23.25581395348837,0.0,0.48296753543667126,True,False,False
3758,アエリア,2026-09-15,246.0,256.0,256.0,245.4,245.4,16640.0,247.0,247.0,247.0,246.0,11400.0,0.0,0.40650406504065817,-0.4048582995951455,-3.90625,-3.90625,4.065040650406515,0.0,0.6850961538461539,False,False,False
3760,ケイブ,2026-09-15,710.0,745.0,770.0,700.0,722.6,11400.0,710.0,710.0,707.0,710.0,8900.0,0.0,0.0,0.0,-4.697986577181212,-7.792207792207795,8.450704225352123,3.3557046979865834,0.7807017543859649,False,False,False
3762,テクマトリックス,2026-09-15,2525.0,2540.0,2540.0,2406.0,2382.24,280460.0,2518.0,2533.0,2503.0,2526.0,11700.0,0.03960396039603964,-0.2772277227722775,0.3177124702144596,-0.5511811023622082,-0.5511811023622082,0.5542359461599311,0.0,0.04171717892034515,True,False,False
3763,プロシップ,2026-09-15,2009.0,2520.0,2520.0,2001.0,2162.4,82040.0,2009.0,2029.0,2009.0,2029.0,2400.0,0.9955201592832363,0.0,0.9955201592832363,-19.48412698412698,-19.48412698412698,24.199112863479556,0.0,0.02925402242808386,True,False,False
3765,ガンホー・オンライン・エンターテイメント,2026-09-15,2543.0,2695.0,2695.0,2510.8,2489.36,205080.0,2532.0,2532.0,2511.0,2543.0,214500.0,0.0,-0.4325599685410908,0.43443917851500036,-5.640074211502788,-5.640074211502788,5.9771922925678345,0.0,1.0459332943241662,True,False,False
3768,リスクモンスター,2026-09-15,559.0,574.0,590.0,555.4,559.2,2280.0,559.0,559.0,559.0,559.0,4500.0,0.0,0.0,0.0,-2.6132404181184676,-5.254237288135588,5.545617173524153,2.7874564459930307,1.9736842105263157,False,False,False
3769,ＧＭＯペイメントゲートウェイ,2026-09-15,8707.0,9832.0,10455.0,8498.8,9172.04,318720.0,8678.0,8678.0,8600.0,8707.0,371900.0,0.0,-0.3330653497186198,0.33417838211569073,-11.442229454841335,-16.719273075083695,20.075801079591127,6.336452400325476,1.1668549196787148,True,False,False
3771,システムリサーチ,2026-09-15,1892.0,2000.0,2000.0,1875.4,1909.88,112940.0,1898.0,1907.0,1898.0,1892.0,101600.0,0.0,0.3171247357293794,-0.31612223393044925,-5.400000000000005,-5.400000000000005,5.708245243128962,0.0,0.8995927040906676,False,False,False
3772,ウェルス・マネジメント,2026-09-15,1098.0,1111.0,1111.0,1096.0,1089.68,14680.0,1100.0,1102.0,1098.0,1098.0,17900.0,0.0,0.18214936247722413,-0.181818181818183,-1.170117011701166,-1.170117011701166,1.1839708561020013,0.0,1.2193460490463215,False,False,False
3773,アドバンスト・メディア,2026-09-15,1069.0,1091.0,1139.0,1059.0,1055.96,34280.0,1066.0,1066.0,1064.0,1069.0,33000.0,0.0,-0.280636108512633,0.2814258911819856,-2.016498625114571,-6.145741878841093,6.548175865294659,4.399633363886335,0.9626604434072346,True,False,False
3774,インターネットイニシアティブ,2026-09-15,3399.0,3560.0,3650.0,3343.4,3365.96,459900.0,3449.0,3452.0,3416.0,3399.0,387800.0,0.0,1.4710208884966214,-1.4496955639315745,-4.522471910112358,-6.876712328767121,7.384524860253006,2.528089887640439,0.8432267884322678,False,False,False
3776,ブロードバンドタワー,2026-09-15,248.0,254.0,259.0,243.0,247.24,79280.0,248.0,249.0,248.0,248.0,1100.0,0.0,0.0,0.0,-2.3622047244094446,-4.24710424710425,4.435483870967749,1.9685039370078705,0.013874873864783047,False,False,False
3777,環境フレンドリーホールディングス,2026-09-15,44.0,49.0,50.0,45.4,46.72,1726280.0,44.0,44.0,43.0,44.0,168200.0,0.0,0.0,0.0,-10.204081632653061,-12.0,13.636363636363647,2.0408163265306145,0.09743494682206827,False,False,False
3778,さくらインターネット,2026-09-15,3580.0,4280.0,4350.0,3696.0,3696.6,704600.0,3600.0,3605.0,3555.0,3575.0,40500.0,-0.13966480446927498,0.5586592178770999,-0.694444444444442,-16.471962616822434,-17.816091954022983,21.678321678321687,1.6355140186915973,0.05747942094805564,False,False,False
3779,ジェイ・エスコムホールディングス,2026-09-15,129.0,134.0,134.0,128.4,130.4,5100.0,129.0,129.0,129.0,129.0,2200.0,0.0,0.0,0.0,-3.731343283582089,-3.731343283582089,3.875968992248069,0.0,0.43137254901960786,False,False,False
3787,テクノマセマティカル,2026-09-15,486.0,486.0,486.0,372.6,344.0,9280.0,486.0,486.0,486.0,486.0,3000.0,0.0,0.0,0.0,0.0,0.0,0.0,0.0,0.3232758620689655,False,False,False
3788,ＧＭＯグローバルサイン・ホールディングス,2026-09-15,1984.0,2193.0,2401.0,1915.6,2069.0,31380.0,1984.0,2025.0,1984.0,1984.0,47900.0,0.0,0.0,0.0,-9.530323757409942,-17.36776343190337,21.018145161290324,9.484724122207023,1.5264499681325685,False,False,False
378A,ヒット,2026-09-15,902.0,1048.0,1219.0,902.0,998.2,61460.0,901.0,907.0,901.0,902.0,34200.0,0.0,-0.11086474501108556,0.11098779134295356,-13.931297709923662,-26.004922067268254,35.14412416851442,16.316793893129766,0.5564594858444517,True,False,False
3791,ＩＧポート,2026-09-15,1045.0,1147.0,1147.0,1034.4,1080.6,50120.0,1046.0,1046.0,1046.0,1045.0,67200.0,0.0,0.0956937799043045,-0.09560229445506607,-8.892763731473408,-8.892763731473408,9.760765550239237,0.0,1.3407821229050279,False,False,False
3793,ドリコム,2026-09-15,534.0,534.0,534.0,513.4,494.4,97520.0,532.0,542.0,531.0,541.0,25700.0,1.3108614232209659,-0.3745318352059934,1.6917293233082775,1.3108614232209659,1.3108614232209659,-1.2939001848428888,0.0,0.2635356849876948,True,True,True
3796,いい生活,2026-09-15,328.0,344.0,344.0,323.2,313.76,23960.0,326.0,328.0,326.0,328.0,20700.0,0.0,-0.6097560975609762,0.6134969325153339,-4.651162790697672,-4.651162790697672,4.878048780487809,0.0,0.8639398998330551,True,False,False
3798,ＵＬＳグループ,2026-09-15,547.0,561.0,571.0,528.8,533.24,195800.0,548.0,548.0,546.0,547.0,19000.0,0.0,0.1828153564899404,-0.18248175182481452,-2.4955436720142554,-4.203152364273199,4.387568555758681,1.7825311942959,0.09703779366700716,False,False,False
3799,キーウェアソリューションズ,2026-09-15,1127.0,1150.0,1178.0,1123.8,1123.56,2740.0,1128.0,1128.0,1128.0,1127.0,2000.0,0.0,0.08873114463177068,-0.08865248226950229,-2.0000000000000018,-4.329371816638372,4.52528837622006,2.4347826086956514,0.7299270072992701,False,False,False
3800,ユニリタ,2026-09-15,1972.0,1980.0,2045.0,1969.8,1973.28,680.0,1963.0,1963.0,1962.0,1962.0,200.0,-0.5070993914807254,-0.4563894523326617,-0.05094243504839557,-0.9090909090909038,-4.058679706601465,4.230377166156973,3.2828282828282873,0.29411764705882354,False,False,False
3802,エコミック,2026-09-15,502.0,508.0,508.0,503.6,499.56,1140.0,502.0,502.0,502.0,502.0,1100.0,0.0,0.0,0.0,-1.1811023622047223,-1.1811023622047223,1.195219123505975,0.0,0.9649122807017544,False,False,False
3803,イメージ情報開発,2026-09-15,586.0,628.0,628.0,598.8,580.0,9520.0,588.0,589.0,588.0,586.0,10100.0,0.0,0.34129692832765013,-0.3401360544217691,-6.6878980891719735,-6.6878980891719735,7.167235494880542,0.0,1.0609243697478992,False,False,False
3804,システム　ディ,2026-09-15,445.0,482.0,482.0,460.4,457.32,3960.0,442.0,442.0,441.0,445.0,10100.0,0.0,-0.6741573033707815,0.6787330316742057,-7.676348547717837,-7.676348547717837,8.314606741573026,0.0,2.5505050505050506,True,False,False
3807,フィスコ,2026-09-15,89.0,93.0,93.0,88.6,87.8,258780.0,88.0,88.0,88.0,89.0,344900.0,0.0,-1.1235955056179803,1.1363636363636465,-4.3010752688172005,-4.3010752688172005,4.494382022471921,0.0,1.3327923332560476,True,False,False
3810,サイバーステップホールディングス,2026-09-15,186.0,260.0,260.0,178.6,196.2,494940.0,187.0,187.0,184.0,186.0,25400.0,0.0,0.5376344086021501,-0.5347593582887722,-28.46153846153846,-28.46153846153846,39.78494623655915,0.0,0.05131935184062714,False,False,False
3815,メディア工房,2026-09-15,427.0,466.0,466.0,427.4,443.52,4680.0,430.0,430.0,429.0,429.0,5400.0,0.4683840749414525,0.7025761124121788,-0.23255813953488857,-7.939914163090133,-7.939914163090133,8.624708624708632,0.0,1.1538461538461537,False,False,False
3816,大和コンピューター,2026-09-15,1104.0,1168.0,1168.0,1107.2,1124.12,980.0,1100.0,1104.0,1098.0,1104.0,500.0,0.0,-0.36231884057971175,0.363636363636366,-5.47945205479452,-5.47945205479452,5.797101449275366,0.0,0.5102040816326531,True,False,False
3817,ＳＲＡホールディングス,2026-09-15,4770.0,5020.0,5020.0,4717.0,4837.0,31620.0,4770.0,4800.0,4770.0,4770.0,25000.0,0.0,0.0,0.0,-4.980079681274896,-4.980079681274896,5.2410901467505155,0.0,0.7906388361796332,False,False,False
3823,ＴＨＥ　ＷＨＹ　ＨＯＷ　ＤＯ　ＣＯＭＰＡＮＹ,2026-09-15,53.0,53.0,53.0,35.8,32.08,9775440.0,49.0,50.0,48.0,49.0,3434500.0,-7.547169811320753,-7.547169811320753,0.0,-7.547169811320753,-7.547169811320753,8.163265306122458,0.0,0.3513396839426154,False,False,False
3825,リミックスポイント,2026-09-15,225.0,270.0,270.0,226.0,228.84,881320.0,220.0,220.0,216.0,217.0,173200.0,-3.5555555555555562,-2.2222222222222254,-1.3636363636363669,-19.62962962962963,-19.62962962962963,24.423963133640548,0.0,0.19652339672309718,False,False,False
3826,システムインテグレータ,2026-09-15,495.0,503.0,513.0,495.0,496.76,11320.0,495.0,495.0,491.0,495.0,13800.0,0.0,0.0,0.0,-1.5904572564612307,-3.508771929824561,3.6363636363636376,1.988071570576544,1.2190812720848057,False,False,False
3834,朝日ネット,2026-09-15,606.0,630.0,634.0,604.2,616.36,58020.0,606.0,609.0,606.0,606.0,45400.0,0.0,0.0,0.0,-3.809523809523807,-4.416403785488954,4.62046204620461,0.6349206349206327,0.7824887969665633,False,False,False
3835,ｅＢＡＳＥ,2026-09-15,434.0,443.0,443.0,428.6,431.0,50360.0,434.0,434.0,433.0,434.0,75600.0,0.0,0.0,0.0,-2.031602708803615,-2.031602708803615,2.073732718894017,0.0,1.5011914217633042,False,False,False
3836,アバントグループ,2026-09-15,1218.0,1232.0,1241.0,1202.2,1193.72,79220.0,1209.0,1220.0,1205.0,1218.0,76400.0,0.0,-0.7389162561576401,0.7444168734491274,-1.1363636363636354,-1.8533440773569665,1.8883415435139606,0.7305194805194759,0.9644029285533956,True,False,False
3837,アドソル日進,2026-09-15,1356.0,1535.0,1544.0,1340.0,1426.56,106500.0,1356.0,1375.0,1356.0,1356.0,69200.0,0.0,0.0,0.0,-11.661237785016286,-12.176165803108807,13.864306784660773,0.5863192182410382,0.6497652582159624,False,False,False
3839,ＯＤＫソリューションズ,2026-09-15,623.0,647.0,647.0,627.6,635.28,5900.0,622.0,622.0,621.0,623.0,10700.0,0.0,-0.16051364365970988,0.1607717041800738,-3.7094281298299836,-3.7094281298299836,3.8523274478330594,0.0,1.8135593220338984,True,False,False
3840,パス,2026-09-15,61.0,64.0,64.0,61.8,58.8,90760.0,60.0,60.0,60.0,61.0,159700.0,0.0,-1.6393442622950838,1.6666666666666607,-4.6875,-4.6875,4.918032786885251,0.0,1.759585720581754,True,False,False
3841,ジーダット,2026-09-15,1318.0,1430.0,1430.0,1327.6,1325.84,1280.0,1318.0,1318.0,1318.0,1318.0,100.0,0.0,0.0,0.0,-7.832167832167835,-7.832167832167835,8.497723823975711,0.0,0.078125,False,False,False
3842,ネクストジェン,2026-09-15,1163.0,1165.0,1165.0,1096.2,1054.6,9020.0,1153.0,1155.0,1150.0,1155.0,1200.0,-0.6878761822871837,-0.8598452278589908,0.17346053772766545,-0.8583690987124415,-0.8583690987124415,0.8658008658008587,0.0,0.13303769401330376,True,False,False
3843,フリービット,2026-09-15,1715.0,1820.0,1820.0,1690.2,1721.36,35100.0,1709.0,1712.0,1699.0,1715.0,31600.0,0.0,-0.3498542274052441,0.3510825043885335,-5.769230769230771,-5.769230769230771,6.1224489795918435,0.0,0.9002849002849003,True,False,False
3844,コムチュア,2026-09-15,1353.0,1434.0,1483.0,1294.2,1352.4,387980.0,1349.0,1356.0,1348.0,1356.0,29100.0,0.22172949002217113,-0.2956393200295615,0.5189028910304039,-5.4393305439330515,-8.563722184760625,9.365781710914444,3.4170153417015348,0.075003866178669,True,False,False
3845,アイフリークモバイル,2026-09-15,320.0,327.0,327.0,317.0,281.36,226660.0,317.0,318.0,315.0,320.0,425000.0,0.0,-0.9375000000000022,0.9463722397476282,-2.1406727828746197,-2.1406727828746197,2.187500000000009,0.0,1.8750551486808436,True,False,False
3848,データ・アプリケーション,2026-09-15,833.0,860.0,860.0,838.2,841.72,1980.0,836.0,837.0,826.0,833.0,2000.0,0.0,0.36014405762305746,-0.3588516746411474,-3.139534883720929,-3.139534883720929,3.2412965186074505,0.0,1.0101010101010102,False,False,False
3850,エヌ・ティ・ティ・データ・イントラマート,2026-09-15,3915.0,3940.0,3940.0,3782.0,3564.6,34320.0,3900.0,3910.0,3900.0,3915.0,52700.0,0.0,-0.3831417624521105,0.38461538461538325,-0.6345177664974666,-0.6345177664974666,0.638569604086836,0.0,1.5355477855477855,True,False,False
3851,日本一ソフトウェア,2026-09-15,1455.0,1561.0,1561.0,1421.6,1322.92,132180.0,1455.0,1469.0,1450.0,1455.0,131300.0,0.0,0.0,0.0,-6.790518898142217,-6.790518898142217,7.285223367697591,0.0,0.9933424118626116,False,False,False
3853,アステリア,2026-09-15,1067.0,1253.0,1309.0,1073.0,1140.72,128400.0,1059.0,1068.0,1059.0,1068.0,7500.0,0.09372071227742307,-0.7497656982193068,0.8498583569405138,-14.76456504389465,-18.411000763941942,22.565543071161052,4.469273743016755,0.05841121495327103,True,False,False
3854,アイル,2026-09-15,2139.0,2550.0,2550.0,2127.2,2358.32,197720.0,2120.0,2139.0,2120.0,2139.0,5400.0,0.0,-0.8882655446470267,0.8962264150943478,-16.117647058823525,-16.117647058823525,19.21458625525947,0.0,0.02731134938296581,True,False,False
3856,Ａｂａｌａｎｃｅ,2026-09-15,259.0,540.0,540.0,247.8,304.48,601380.0,243.0,243.0,242.0,259.0,1478400.0,0.0,-6.177606177606176,6.584362139917688,-52.03703703703704,-52.03703703703704,108.49420849420848,0.0,2.4583458046493067,True,False,False
3858,ユビキタスＡＩ,2026-09-15,304.0,312.0,312.0,306.2,299.64,24240.0,304.0,304.0,304.0,304.0,25400.0,0.0,0.0,0.0,-2.564102564102566,-2.564102564102566,2.6315789473684292,0.0,1.0478547854785478,False,False,False
3861,王子ホールディングス,2026-09-15,869.7999877929688,892.2999877929688,892.2999877929688,866.7599975585938,871.4680004882813,2682240.0,872.0,876.0,870.0,875.7999877929688,288800.0,0.6898137599684828,0.25293311541811914,0.4357784166248546,-1.849153897313327,-1.849153897313327,1.8839918052043325,0.0,0.10767120019088523,True,False,False
3863,日本製紙,2026-09-15,1324.0,1429.0,1441.0,1307.0,1352.4,428200.0,1331.0,1335.0,1329.0,1324.0,434500.0,0.0,0.5287009063444037,-0.5259203606311047,-7.347795661301615,-8.119361554476058,8.836858006042302,0.8397480755773179,1.0147127510509109,False,False,False
3864,三菱製紙,2026-09-15,1197.0,1233.0,1233.0,1178.4,1176.32,108000.0,1197.0,1212.0,1195.0,1197.0,111500.0,0.0,0.0,0.0,-2.9197080291970767,-2.9197080291970767,3.007518796992481,0.0,1.0324074074074074,False,False,False
3865,北越コーポレーション,2026-09-15,911.0,934.0,958.0,902.8,905.6,202240.0,912.0,917.0,912.0,917.0,7600.0,0.658616904500553,0.1097694840834329,0.5482456140350811,-1.8201284796573902,-4.2797494780793315,4.471101417666312,2.569593147751603,0.03757911392405063,True,False,False
386A,みのや,2026-09-15,1251.0,1269.0,1288.0,1251.2,1259.56,3320.0,1252.0,1252.0,1252.0,1251.0,8300.0,0.0,0.07993605115907965,-0.07987220447284171,-1.4184397163120588,-2.8726708074534146,2.9576338928856805,1.4972419227738287,2.5,False,False,False
3877,中越パルプ工業,2026-09-15,2225.0,2280.0,2280.0,2206.6,2222.52,42680.0,2225.0,2235.0,2225.0,2233.0,2000.0,0.35955056179775013,0.0,0.35955056179775013,-2.0614035087719307,-2.0614035087719307,2.104791759964164,0.0,0.046860356138706656,True,False,False
3878,巴川コーポレーション,2026-09-15,825.0,898.0,935.0,828.8,868.04,25180.0,825.0,829.0,825.0,829.0,2700.0,0.48484848484848797,0.0,0.48484848484848797,-7.683741648106901,-11.336898395721928,12.78648974668275,4.120267260579058,0.10722795869737888,True,False,False
387A,フラー,2026-09-15,915.0,955.0,1050.0,916.6,934.56,2220.0,919.0,919.0,919.0,919.0,1300.0,0.43715846994536456,0.43715846994536456,0.0,-3.7696335078533982,-12.476190476190474,14.254624591947774,9.947643979057585,0.5855855855855856,False,False,False
3880,大王製紙,2026-09-15,981.0,1001.0,1001.0,961.4,970.48,208620.0,981.0,989.0,981.0,989.0,17700.0,0.815494393476035,0.0,0.815494393476035,-1.1988011988012026,-1.1988011988012026,1.213346814964611,0.0,0.08484325568018407,True,False,False
3891,ニッポン高度紙工業,2026-09-15,6270.0,6880.0,7750.0,6270.0,6578.8,115840.0,6200.0,6270.0,6200.0,6270.0,2800.0,0.0,-1.1164274322169043,1.1290322580645107,-8.866279069767447,-19.096774193548384,23.60446570972887,12.64534883720929,0.024171270718232045,True,False,False
3892,岡山製紙,2026-09-15,1592.0,1616.0,1621.0,1576.2,1569.32,1720.0,1563.0,1563.0,1563.0,1563.0,600.0,-1.821608040201006,-1.821608040201006,0.0,-3.279702970297027,-3.5780382479950634,3.710812539987196,0.30940594059405413,0.3488372093023256,False,False,False
3895,ハビックス,2026-09-15,474.0,538.0,569.0,474.6,485.6,29560.0,470.0,470.0,470.0,470.0,700.0,-0.8438818565400852,-0.8438818565400852,0.0,-12.639405204460964,-17.398945518453424,21.063829787234045,5.762081784386619,0.02368064952638701,False,False,False
3896,阿波製紙,2026-09-15,411.0,429.0,429.0,411.6,403.96,9200.0,410.0,415.0,410.0,411.0,6000.0,0.0,-0.24330900243308973,0.24390243902439046,-4.1958041958041985,-4.1958041958041985,4.379562043795615,0.0,0.6521739130434783,True,False,False
3900,クラウドワークス,2026-09-15,675.0,703.0,750.0,656.6,669.44,67540.0,667.0,672.0,667.0,670.0,900.0,-0.7407407407407418,-1.1851851851851891,0.4497751124437732,-4.694167852062591,-10.666666666666668,11.940298507462677,6.685633001422464,0.013325436778205508,True,False,False
3901,マークラインズ,2026-09-15,1525.0,1643.0,1643.0,1495.4,1551.08,75500.0,1520.0,1527.0,1520.0,1522.0,4000.0,-0.19672131147541183,-0.3278688524590123,0.1315789473684159,-7.364576993304928,-7.364576993304928,7.9500657030223465,0.0,0.052980132450331126,True,False,False
3903,ｇｕｍｉ,2026-09-15,206.0,291.0,291.0,231.4,264.24,1381920.0,205.0,205.0,202.0,204.0,171000.0,-0.9708737864077666,-0.4854368932038833,-0.4878048780487809,-29.89690721649485,-29.89690721649485,42.64705882352941,0.0,0.12374088225078152,False,False,False
3904,カヤック,2026-09-15,423.0,439.0,439.0,422.2,426.88,7660.0,419.0,419.0,419.0,419.0,800.0,-0.9456264775413725,-0.9456264775413725,0.0,-4.555808656036442,-4.555808656036442,4.7732696897374804,0.0,0.10443864229765012,False,False,False
3905,データセクション,2026-09-15,1509.0,1894.0,2407.0,1535.2,1646.32,1682960.0,1492.0,1503.0,1472.0,1484.0,178800.0,-1.656726308813783,-1.1265738899933764,-0.536193029490617,-21.64730728616684,-38.34648940589946,62.1967654986523,27.08553326293559,0.10624138422778913,False,False,False
3907,シリコンスタジオ,2026-09-15,1956.0,2988.0,2988.0,2077.2,1948.4,252960.0,1956.0,1956.0,1912.0,1947.0,9900.0,-0.4601226993865004,0.0,-0.4601226993865004,-34.83935742971887,-34.83935742971887,53.4668721109399,0.0,0.03913662239089184,False,False,False
3908,コラボス,2026-09-15,355.0,358.0,358.0,355.0,352.08,3780.0,354.0,357.0,354.0,355.0,1800.0,0.0,-0.28169014084507005,0.28248587570620654,-0.8379888268156388,-0.8379888268156388,0.8450704225352101,0.0,0.47619047619047616,True,False,False
3909,ショーケース,2026-09-15,192.0,196.0,230.0,188.8,192.08,6300.0,191.0,191.0,191.0,191.0,500.0,-0.520833333333337,-0.520833333333337,0.0,-2.5510204081632626,-16.956521739130437,20.418848167539274,17.34693877551021,0.07936507936507936,False,False,False
3910,エムケイシステム,2026-09-15,284.0,290.0,290.0,285.0,282.08,5300.0,284.0,284.0,284.0,284.0,200.0,0.0,0.0,0.0,-2.0689655172413834,-2.0689655172413834,2.1126760563380254,0.0,0.03773584905660377,False,False,False
3911,Ａｉｍｉｎｇ,2026-09-15,178.0,186.0,186.0,174.8,178.0,166620.0,179.0,180.0,179.0,180.0,23200.0,1.1235955056179803,0.561797752808979,0.5586592178770999,-3.2258064516129004,-3.2258064516129004,3.3333333333333437,0.0,0.13923898691633657,True,False,False
3912,モバイルファクトリー,2026-09-15,1136.0,1144.0,1144.0,1129.6,1128.56,3320.0,1124.0,1136.0,1124.0,1136.0,4200.0,0.0,-1.0563380281690127,1.067615658362997,-0.6993006993006978,-0.6993006993006978,0.7042253521126751,0.0,1.2650602409638554,True,False,False
3913,ＧｒｅｅｎＢｅｅ,2026-09-15,1158.0,1200.0,1200.0,1147.4,1128.8,4040.0,1153.0,1153.0,1153.0,1153.0,300.0,-0.43177892918825345,-0.43177892918825345,0.0,-3.9166666666666683,-3.9166666666666683,4.076322636600183,0.0,0.07425742574257425,False,False,False
3914,ＪＩＧ－ＳＡＷ,2026-09-15,2660.0,2660.0,2660.0,2466.0,2378.4,16420.0,2663.0,2663.0,2651.0,2651.0,800.0,-0.33834586466164884,0.11278195488721998,-0.45061960195268425,-0.33834586466164884,-0.33834586466164884,0.3394945303659025,0.0,0.048721071863580996,False,False,False
3915,テラスカイ,2026-09-15,2305.0,2510.0,2510.0,2290.0,2346.72,70840.0,2255.0,2280.0,2255.0,2278.0,5100.0,-1.1713665943600904,-2.1691973969631184,1.0199556541020005,-9.243027888446221,-9.243027888446221,10.184372256365236,0.0,0.07199322416713722,True,False,False
3916,デジタル・インフォメーション・テクノロジー,2026-09-15,944.0,997.0,997.0,936.4,955.76,72660.0,947.0,947.0,942.0,947.0,4400.0,0.3177966101694851,0.3177966101694851,0.0,-5.015045135406215,-5.015045135406215,5.279831045406547,0.0,0.060556014313239745,False,False,False
3917,アイリッジ,2026-09-15,489.0,491.0,505.0,483.4,470.6,12240.0,487.0,487.0,487.0,487.0,100.0,-0.4089979550102263,-0.4089979550102263,0.0,-0.8146639511201648,-3.5643564356435675,3.696098562628336,2.851323828920571,0.008169934640522876,False,False,False
3918,ＰＣＩホールディングス,2026-09-15,1172.0,1244.0,1244.0,1165.8,1175.64,4800.0,1172.0,1172.0,1172.0,1172.0,1200.0,0.0,0.0,0.0,-5.787781350482312,-5.787781350482312,6.1433447098976135,0.0,0.25,False,False,False
3921,ネオジャパン,2026-09-15,1610.0,1696.0,1696.0,1594.0,1620.08,23460.0,1598.0,1598.0,1596.0,1596.0,900.0,-0.8695652173912993,-0.7453416149068359,-0.12515644555695093,-5.8962264150943415,-5.8962264150943415,6.265664160400997,0.0,0.03836317135549872,False,False,False
3922,ＰＲ　ＴＩＭＥＳ,2026-09-15,2230.0,2269.0,2269.0,2182.2,2157.44,27540.0,2230.0,2230.0,2225.0,2225.0,2900.0,-0.22421524663677195,0.0,-0.22421524663677195,-1.9391802556192106,-1.9391802556192106,1.977528089887648,0.0,0.10530137981118373,False,False,False
3923,ラクス,2026-09-15,1084.0,1209.0,1209.0,1052.4,1099.42,1725380.0,1084.0,1091.0,1072.5,1081.5,100700.0,-0.23062730627306793,0.0,-0.23062730627306793,-10.545905707196034,-10.545905707196034,11.789181692094308,0.0,0.058363954607101046,False,False,False
3925,ダブルスタンダード,2026-09-15,1311.0,1398.0,1398.0,1288.8,1326.88,43240.0,1312.0,1319.0,1312.0,1319.0,800.0,0.6102212051868783,0.07627765064837089,0.5335365853658569,-5.650929899856938,-5.650929899856938,5.989385898407895,0.0,0.018501387604070305,True,False,False
3926,オープンドア,2026-09-15,476.0,495.0,495.0,458.8,419.4,67160.0,476.0,476.0,475.0,475.0,2700.0,-0.21008403361344463,0.0,-0.21008403361344463,-4.040404040404044,-4.040404040404044,4.210526315789465,0.0,0.04020250148898154,False,False,False
3927,フーバーブレイン,2026-09-15,914.0,947.0,1018.0,890.8,910.4,21680.0,904.0,904.0,900.0,900.0,3100.0,-1.5317286652078765,-1.094091903719907,-0.4424778761061954,-4.96304118268216,-11.591355599214149,13.111111111111118,7.4973600844773,0.1429889298892989,False,False,False
3928,マイネット,2026-09-15,242.0,243.0,267.0,240.0,237.88,8660.0,242.0,242.0,242.0,242.0,500.0,0.0,0.0,0.0,-0.4115226337448541,-9.363295880149813,10.330578512396693,9.876543209876543,0.057736720554272515,False,False,False
3929,ソーシャルワイヤー,2026-09-15,243.0,288.0,288.0,240.2,245.32,13860.0,244.0,244.0,243.0,243.0,2200.0,0.0,0.4115226337448652,-0.4098360655737654,-15.625,-15.625,18.518518518518512,0.0,0.15873015873015872,False,False,False
3930,はてな,2026-09-15,770.0,807.0,807.0,784.8,765.36,14000.0,771.0,771.0,771.0,771.0,100.0,0.12987012987013546,0.12987012987013546,0.0,-4.460966542750933,-4.460966542750933,4.669260700389111,0.0,0.007142857142857143,False,False,False
3931,バリューゴルフ,2026-09-15,1499.0,1543.0,1543.0,1498.4,1507.76,1060.0,1491.0,1502.0,1490.0,1499.0,1800.0,0.0,-0.5336891260840582,0.5365526492287165,-2.8515878159429686,-2.8515878159429686,2.9352901934623032,0.0,1.6981132075471699,True,False,False
3932,アカツキ,2026-09-15,3695.0,4025.0,4025.0,3493.0,3607.8,90520.0,3700.0,3750.0,3700.0,3720.0,7400.0,0.6765899864682012,0.13531799729364913,0.540540540540535,-7.5776397515528,-7.5776397515528,8.1989247311828,0.0,0.08174988952717631,True,False,False
3933,チエル,2026-09-15,545.0,575.0,602.0,546.2,551.92,2440.0,545.0,545.0,545.0,545.0,100.0,0.0,0.0,0.0,-5.21739130434783,-9.46843853820598,10.45871559633027,4.695652173913034,0.040983606557377046,False,False,False
3934,ベネフィットジャパン,2026-09-15,2280.0,2328.0,2497.0,2286.0,2299.68,1940.0,2283.0,2283.0,2283.0,2283.0,500.0,0.1315789473684159,0.1315789473684159,0.0,-1.9329896907216537,-8.570284341209454,9.373631187034604,7.259450171821302,0.25773195876288657,False,False,False
3935,エディア,2026-09-15,729.0,734.0,734.0,722.4,698.2,26140.0,729.0,744.0,729.0,744.0,7200.0,2.0576131687242816,0.0,2.0576131687242816,1.3623978201634968,1.3623978201634968,-1.3440860215053752,0.0,0.2754399387911247,True,True,True
3936,グローバルウェイ,2026-09-15,130.0,165.0,206.0,133.4,149.96,353540.0,130.0,131.0,130.0,131.0,10700.0,0.7692307692307665,0.0,0.7692307692307665,-20.606060606060606,-36.40776699029126,57.25190839694656,24.84848484848485,0.030265316512982973,True,False,False
3937,Ｕｂｉｃｏｍホールディングス,2026-09-15,1173.0,1314.0,1314.0,1164.2,1200.52,64720.0,1164.0,1170.0,1162.0,1162.0,1900.0,-0.9377664109121886,-0.7672634271099765,-0.1718213058419238,-11.56773211567732,-11.56773211567732,13.080895008605854,0.0,0.029357231149567366,False,False,False
3939,カナミックネットワーク,2026-09-15,490.0,546.0,546.0,487.6,514.04,109060.0,489.0,491.0,489.0,491.0,7500.0,0.20408163265306367,-0.20408163265306367,0.4089979550102152,-10.073260073260071,-10.073260073260071,11.201629327902229,0.0,0.06876948468732808,True,False,False
3940,ノムラシステムコーポレーション,2026-09-15,133.0,135.0,135.0,131.0,129.12,267420.0,134.0,134.0,134.0,134.0,40800.0,0.7518796992481258,0.7518796992481258,0.0,-0.7407407407407418,-0.7407407407407418,0.746268656716409,0.0,0.15256899259591652,False,False,False
3941,レンゴー,2026-09-15,1523.0,1641.5,1665.0,1515.8,1571.54,805980.0,1530.0,1540.5,1529.0,1540.5,58400.0,1.1490479317137314,0.45961917268548813,0.6862745098039191,-6.152908924763933,-7.477477477477478,8.081791626095413,1.431617423088638,0.07245837365691456,True,False,False
3943,大石産業,2026-09-15,1322.0,1343.0,1353.0,1320.0,1325.52,2340.0,1322.0,1323.0,1322.0,1322.0,600.0,0.0,0.0,0.0,-1.5636634400595706,-2.291204730229124,2.344931921331317,0.7446016381235987,0.2564102564102564,False,False,False
3944,古林紙工,2026-09-15,3140.0,3260.0,3260.0,3196.0,3162.4,200.0,3140.0,3140.0,3140.0,3140.0,500.0,0.0,0.0,0.0,-3.6809815950920255,-3.6809815950920255,3.821656050955413,0.0,2.5,False,False,False
3945,スーパーバッグ,2026-09-15,2159.0,2213.0,2380.0,2171.6,2170.28,1140.0,2159.0,2159.0,2159.0,2159.0,600.0,0.0,0.0,0.0,-2.4401265250790782,-9.285714285714286,10.236220472440948,7.546317216448251,0.5263157894736842,False,False,False
3946,トーモク,2026-09-15,4355.0,4820.0,4820.0,4307.0,4518.4,46980.0,4360.0,4410.0,4360.0,4400.0,5500.0,1.0332950631458004,0.11481056257176547,0.917431192660545,-8.713692946058094,-8.713692946058094,9.545454545454547,0.0,0.11707109408258834,True,False,False
3947,ダイナパック,2026-09-15,2452.0,2500.0,2505.0,2460.0,2461.8,2800.0,2474.0,2475.0,2452.0,2452.0,1300.0,0.0,0.897226753670477,-0.8892481810832686,-1.9199999999999995,-2.1157684630738527,2.1615008156606885,0.20000000000000018,0.4642857142857143,False,False,False
3948,光ビジネスフォーム,2026-09-15,1180.0,1250.0,1250.0,1173.6,1166.2,1440.0,1171.0,1180.0,1171.0,1180.0,3100.0,0.0,-0.7627118644067843,0.7685738684884758,-5.600000000000005,-5.600000000000005,5.932203389830515,0.0,2.1527777777777777,True,False,False
3950,ザ・パック,2026-09-15,1462.0,1546.0,1546.0,1457.6,1479.24,85680.0,1473.0,1475.0,1469.0,1475.0,12100.0,0.8891928864569021,0.7523939808481428,0.13577732518670338,-4.592496765847343,-4.592496765847343,4.813559322033889,0.0,0.14122315592903828,True,False,False
3951,朝日印刷,2026-09-15,906.0,921.0,921.0,908.0,903.52,13500.0,906.0,910.0,906.0,910.0,2100.0,0.44150110375276164,0.0,0.44150110375276164,-1.1943539630836053,-1.1943539630836053,1.2087912087912045,0.0,0.15555555555555556,True,False,False
3953,大村紙業,2026-09-15,779.0,805.0,809.0,782.2,792.68,1200.0,778.0,778.0,778.0,778.0,100.0,-0.12836970474967568,-0.12836970474967568,0.0,-3.354037267080745,-3.8318912237330083,3.984575835475579,0.496894409937898,0.08333333333333333,False,False,False
3954,昭和パックス,2026-09-15,2982.0,3300.0,3300.0,2976.2,3167.24,260.0,3035.0,3035.0,3035.0,3035.0,500.0,1.7773306505700859,1.7773306505700859,0.0,-8.030303030303031,-8.030303030303031,8.731466227347617,0.0,1.9230769230769231,False,False,False
3955,イムラ,2026-09-15,861.0,869.0,869.0,856.6,847.24,6740.0,866.0,866.0,866.0,866.0,500.0,0.5807200929152101,0.5807200929152101,0.0,-0.345224395857302,-0.345224395857302,0.34642032332563577,0.0,0.07418397626112759,False,False,False
3958,笹徳印刷,2026-09-15,548.0,562.0,562.0,545.2,549.12,6240.0,548.0,548.0,548.0,548.0,700.0,0.0,0.0,0.0,-2.491103202846978,-2.491103202846978,2.5547445255474477,0.0,0.11217948717948718,False,False,False
3962,チェンジホールディングス,2026-09-15,994.0,1043.0,1043.0,975.4,994.64,151140.0,994.0,994.0,991.0,993.0,6100.0,-0.1006036217303774,0.0,-0.1006036217303774,-4.793863854266533,-4.793863854266533,5.035246727089637,0.0,0.04035993118962551,False,False,False
3963,シンクロ・フード,2026-09-15,327.0,363.0,379.0,324.0,343.8,67840.0,326.0,326.0,326.0,326.0,1400.0,-0.3058103975535187,-0.3058103975535187,0.0,-10.192837465564741,-13.984168865435354,16.257668711656436,4.40771349862259,0.020636792452830188,False,False,False
3964,オークネット,2026-09-15,1288.0,1501.0,1526.0,1280.8,1395.92,389400.0,1299.0,1304.0,1294.0,1302.0,39600.0,1.0869565217391353,0.8540372670807539,0.23094688221709792,-13.257828114590275,-14.678899082568808,17.204301075268823,1.6655562958028058,0.1016949152542373,True,False,False
3965,キャピタル・アセット・プランニング,2026-09-15,885.0,930.0,930.0,889.0,892.2,6040.0,884.0,884.0,884.0,884.0,500.0,-0.1129943502824804,-0.1129943502824804,0.0,-4.946236559139782,-4.946236559139782,5.203619909502266,0.0,0.08278145695364239,False,False,False
3967,エルテス,2026-09-15,566.0,618.0,618.0,562.6,585.12,26720.0,572.0,573.0,572.0,573.0,800.0,1.2367491166077826,1.0600706713780994,0.17482517482516613,-7.281553398058249,-7.281553398058249,7.853403141361248,0.0,0.029940119760479042,True,False,False
3968,セグエグループ,2026-09-15,647.0,688.0,688.0,625.0,634.04,205820.0,643.0,644.0,640.0,643.0,12100.0,-0.6182380216383287,-0.6182380216383287,0.0,-6.540697674418605,-6.540697674418605,6.998444790046654,0.0,0.0587892333106598,False,False,False
3969,エイトレッド,2026-09-15,1410.0,1418.0,1468.0,1404.2,1408.68,4060.0,1409.0,1409.0,1408.0,1408.0,400.0,-0.14184397163120588,-0.07092198581559739,-0.07097232079489313,-0.7052186177715081,-4.087193460490468,4.2613636363636465,3.5260930888575404,0.09852216748768473,False,False,False
3970,イノベーション,2026-09-15,855.0,882.0,975.0,846.4,851.16,1980.0,855.0,855.0,855.0,855.0,400.0,0.0,0.0,0.0,-3.0612244897959218,-12.307692307692308,14.035087719298245,10.54421768707483,0.20202020202020202,False,False,False
3974,ＳＣＡＴ,2026-09-15,667.0,675.0,675.0,669.2,669.56,4940.0,665.0,665.0,665.0,665.0,100.0,-0.2998500749625155,-0.2998500749625155,0.0,-1.4814814814814836,-1.4814814814814836,1.5037593984962516,0.0,0.020242914979757085,False,False,False
3976,シャノン,2026-09-15,594.0,747.0,747.0,581.0,627.52,29520.0,599.0,601.0,599.0,601.0,1100.0,1.1784511784511675,0.8417508417508435,0.33388981636059967,-19.544846050870145,-19.544846050870145,24.292845257903494,0.0,0.03726287262872629,True,False,False
3979,うるる,2026-09-15,454.0,457.0,457.0,447.8,432.04,7000.0,454.0,455.0,454.0,454.0,300.0,0.0,0.0,0.0,-0.6564551422319487,-0.6564551422319487,0.6607929515418443,0.0,0.04285714285714286,False,False,False
3981,ビーグリー,2026-09-15,1220.0,1240.0,1240.0,1218.6,1216.28,2280.0,1218.0,1220.0,1215.0,1220.0,2300.0,0.0,-0.16393442622950616,0.16420361247948545,-1.6129032258064502,-1.6129032258064502,1.6393442622950838,0.0,1.0087719298245614,True,False,False
3983,オロ,2026-09-15,1925.0,2189.0,2300.0,1890.2,2069.44,59840.0,1909.0,1933.0,1908.0,1909.0,2300.0,-0.831168831168827,-0.831168831168827,0.0,-12.791228871630878,-17.000000000000004,20.481927710843383,5.070808588396525,0.03843582887700535,False,False,False
3984,ユーザーローカル,2026-09-15,1550.0,1613.0,1880.0,1539.2,1547.96,83680.0,1541.0,1552.0,1541.0,1552.0,2700.0,0.1290322580645098,-0.5806451612903274,0.7138221933809197,-3.7817730936143823,-17.446808510638302,21.134020618556693,16.55300681959082,0.032265774378585084,True,False,False
3985,テモナ,2026-09-15,193.0,195.0,195.0,192.8,187.36,5980.0,194.0,194.0,194.0,194.0,300.0,0.5181347150259086,0.5181347150259086,0.0,-0.512820512820511,-0.512820512820511,0.5154639175257714,0.0,0.05016722408026756,False,False,False
3986,ビーブレイクシステムズ,2026-09-15,473.0,488.0,499.0,471.4,477.88,3280.0,473.0,473.0,473.0,473.0,300.0,0.0,0.0,0.0,-3.0737704918032738,-5.210420841683372,5.496828752642702,2.254098360655732,0.09146341463414634,False,False,False
3987,エコモット,2026-09-15,622.0,757.0,757.0,624.8,662.8,12880.0,632.0,632.0,632.0,632.0,700.0,1.6077170418006492,1.6077170418006492,0.0,-16.512549537648614,-16.512549537648614,19.778481012658222,0.0,0.05434782608695652,False,False,False
3988,ＳＹＳホールディングス,2026-09-15,559.0,577.0,577.0,555.6,558.68,12880.0,559.0,559.0,559.0,559.0,200.0,0.0,0.0,0.0,-3.119584055459268,-3.119584055459268,3.220035778175312,0.0,0.015527950310559006,False,False,False
3989,シェアリングテクノロジー,2026-09-15,1545.0,1627.0,1627.0,1528.6,1528.84,1360760.0,1545.0,1546.0,1545.0,1546.0,796000.0,0.06472491909386147,0.0,0.06472491909386147,-4.97848801475107,-4.97848801475107,5.239327296248386,0.0,0.5849672241982422,True,False,False
3991,ウォンテッドリー,2026-09-15,959.0,1060.0,1060.0,960.0,958.92,2900.0,950.0,950.0,950.0,950.0,600.0,-0.9384775808133461,-0.9384775808133461,0.0,-10.377358490566035,-10.377358490566035,11.578947368421044,0.0,0.20689655172413793,False,False,False
3992,ニーズウェル,2026-09-15,473.0,490.0,490.0,468.6,468.4,41980.0,475.0,475.0,473.0,475.0,6100.0,0.42283298097252064,0.42283298097252064,0.0,-3.0612244897959218,-3.0612244897959218,3.157894736842115,0.0,0.14530728918532634,False,False,False
3993,ＰＫＳＨＡ　Ｔｅｃｈｎｏｌｏｇｙ,2026-09-15,3175.0,3495.0,3495.0,3144.0,3154.8,206900.0,3175.0,3195.0,3165.0,3190.0,7900.0,0.47244094488188004,0.0,0.47244094488188004,-8.72675250357654,-8.72675250357654,9.561128526645767,0.0,0.03818269695505075,True,False,False
3994,マネーフォワード,2026-09-15,6136.0,7050.0,7050.0,6074.4,6171.2,459680.0,6086.0,6150.0,5993.0,6059.0,23400.0,-1.2548891786179905,-0.8148631029986975,-0.44364114360828655,-14.05673758865248,-14.05673758865248,16.355834296088467,0.0,0.05090497737556561,False,False,False
3996,サインポスト,2026-09-15,207.0,221.0,221.0,202.4,200.32,24580.0,212.0,212.0,208.0,208.0,10300.0,0.48309178743961567,2.4154589371980784,-1.8867924528301883,-5.882352941176472,-5.882352941176472,6.25,0.0,0.41903986981285596,False,False,False
3997,トレードワークス,2026-09-15,407.0,407.0,425.0,396.4,386.16,85360.0,408.0,408.0,406.0,406.0,600.0,-0.24570024570024218,0.24570024570025328,-0.4901960784313708,-0.24570024570024218,-4.470588235294115,4.679802955665036,4.422604422604426,0.007029053420805998,False,False,False
3998,すららネット,2026-09-15,291.0,303.0,332.0,291.8,293.96,3020.0,292.0,292.0,288.0,291.0,3700.0,0.0,0.3436426116838476,-0.3424657534246589,-3.960396039603964,-12.349397590361445,14.089347079037795,9.570957095709565,1.2251655629139073,False,False,False
4004,レゾナック・ホールディングス,2026-09-15,13710.0,16990.0,18010.0,14704.0,15900.8,2345040.0,13855.0,13900.0,13715.0,13715.0,70400.0,0.03646973012398913,1.0576221735959068,-1.010465535907612,-19.27604473219541,-23.847862298722934,31.316077287641274,6.003531489111236,0.030020809879575616,False,False,False
4005,住友化学,2026-09-15,560.5,638.7999877929688,638.7999877929688,563.2,560.9239990234375,10003400.0,570.0,578.0,567.7000122070312,578.0,788800.0,3.1222123104371002,1.6949152542372836,1.403508771929829,-9.517844232125071,-9.517844232125071,10.519029029925386,0.0,0.07885318991542875,True,False,False
4008,住友精化,2026-09-15,1454.0,1574.0,1588.0,1439.6,1504.08,140460.0,1459.0,1481.0,1459.0,1478.0,16800.0,1.6506189821182904,0.3438789546079679,1.3022618231665506,-6.09911054637865,-6.92695214105793,7.4424898511502136,0.8894536213468918,0.1196070055531824,True,False,False
4011,ヘッドウォータース,2026-09-15,2333.0,2717.0,2717.0,2398.6,2356.0,38680.0,2323.0,2323.0,2300.0,2300.0,2900.0,-1.4144877839691428,-0.4286326618088254,-0.990099009900991,-15.347810084652192,-15.347810084652192,18.130434782608695,0.0,0.0749741468459152,False,False,False
4012,アクシス,2026-09-15,1701.0,1760.0,1786.0,1700.2,1737.16,4960.0,1701.0,1701.0,1701.0,1701.0,200.0,0.0,0.0,0.0,-3.3522727272727315,-4.759238521836506,4.997060552616106,1.4772727272727382,0.04032258064516129,False,False,False
4013,勤次郎,2026-09-15,639.0,687.0,750.0,638.2,662.44,27580.0,645.0,645.0,639.0,639.0,800.0,0.0,0.9389671361502261,-0.9302325581395321,-6.986899563318783,-14.800000000000002,17.37089201877935,9.170305676855905,0.029006526468455404,False,False,False
4014,カラダノート,2026-09-15,472.0,558.0,558.0,509.6,507.4,95740.0,472.0,472.0,472.0,472.0,200.0,0.0,0.0,0.0,-15.412186379928317,-15.412186379928317,18.220338983050844,0.0,0.0020889910173386254,False,False,False
4015,ペイクラウドホールディングス,2026-09-15,518.0,569.0,570.0,509.8,534.8,19900.0,518.0,518.0,518.0,518.0,100.0,0.0,0.0,0.0,-8.96309314586995,-9.122807017543854,10.038610038610042,0.17574692442883233,0.005025125628140704,False,False,False
4016,ＭＩＴホールディングス,2026-09-15,1083.0,1084.0,1084.0,1067.0,1007.28,2760.0,1080.0,1080.0,1080.0,1080.0,1600.0,-0.27700831024930483,-0.27700831024930483,0.0,-0.36900369003689537,-0.36900369003689537,0.37037037037037646,0.0,0.5797101449275363,False,False,False
4017,クリーマ,2026-09-15,215.0,222.0,222.0,213.2,213.64,4640.0,215.0,216.0,215.0,216.0,700.0,0.46511627906977715,0.0,0.46511627906977715,-2.7027027027026973,-2.7027027027026973,2.777777777777768,0.0,0.15086206896551724,True,False,False
4019,スタメン,2026-09-15,630.0,696.0,704.0,620.8,638.96,26760.0,626.0,626.0,623.0,623.0,700.0,-1.1111111111111072,-0.6349206349206327,-0.4792332268370614,-10.488505747126442,-11.505681818181824,13.0016051364366,1.1494252873563315,0.026158445440956652,False,False,False
4020,ビートレンド,2026-09-15,815.0,850.0,850.0,827.0,811.4,1380.0,816.0,820.0,815.0,815.0,1500.0,0.0,0.12269938650306678,-0.1225490196078427,-4.117647058823525,-4.117647058823525,4.294478527607359,0.0,1.0869565217391304,False,False,False
4021,日産化学,2026-09-15,7964.0,8370.0,8370.0,7924.8,8018.96,560640.0,8062.0,8106.0,8062.0,8078.0,35100.0,1.4314414866900993,1.2305374183827267,0.19846192011907515,-3.4886499402628446,-3.4886499402628446,3.6147561277543927,0.0,0.0626070205479452,True,False,False
4022,ラサ工業,2026-09-15,1793.0,2319.0,2573.0,1855.0,2089.96,582540.0,1801.0,1812.0,1792.0,1797.0,36900.0,0.2230897936419396,0.4461795872838792,-0.2220988339811214,-22.509702457956017,-30.159347065682084,43.18308291597106,10.952996981457531,0.06334328973117725,False,False,False
4023,クレハ,2026-09-15,4405.0,4680.0,4680.0,4382.0,4489.8,216060.0,4425.0,4445.0,4425.0,4440.0,15400.0,0.7945516458569779,0.4540295119182858,0.3389830508474523,-5.128205128205132,-5.128205128205132,5.405405405405395,0.0,0.07127649726927705,True,False,False
4025,多木化学,2026-09-15,5420.0,6380.0,6380.0,5534.0,5840.4,23980.0,5440.0,5470.0,5440.0,5460.0,1100.0,0.7380073800737907,0.36900369003689537,0.3676470588235281,-14.420062695924763,-14.420062695924763,16.849816849816857,0.0,0.045871559633027525,True,False,False
4026,神島化学工業,2026-09-15,1539.0,1714.0,1714.0,1562.6,1633.04,185960.0,1550.0,1552.0,1547.0,1547.0,3500.0,0.5198180636777128,0.7147498375568606,-0.1935483870967758,-9.743290548424731,-9.743290548424731,10.795087265675507,0.0,0.01882125188212519,False,False,False
4027,テイカ,2026-09-15,2338.0,2517.0,2517.0,2349.0,2378.2,48040.0,2339.0,2392.0,2339.0,2383.0,1900.0,1.924721984602229,0.0427715996578204,1.8811457887986327,-5.323798172427496,-5.323798172427496,5.623164078892162,0.0,0.0395503746877602,True,False,False
4028,石原産業,2026-09-15,2873.0,3285.0,3285.0,2913.4,3075.72,203020.0,2887.0,2897.0,2886.0,2897.0,9900.0,0.8353637312913387,0.4872955099199494,0.3463803255975062,-11.81126331811263,-11.81126331811263,13.393165343458758,0.0,0.048763668604078415,True,False,False
402A,アクセルスペースホールディングス,2026-09-15,520.0,568.0,568.0,521.8,526.0,990700.0,516.0,525.0,515.0,524.0,71700.0,0.7692307692307665,-0.7692307692307665,1.5503875968992276,-7.746478873239438,-7.746478873239438,8.3969465648855,0.0,0.0723730695467851,True,False,False
4031,片倉コープアグリ,2026-09-15,1089.0,1150.0,1161.0,1086.8,1104.16,12120.0,1089.0,1089.0,1086.0,1086.0,300.0,-0.27548209366391463,0.0,-0.27548209366391463,-5.565217391304344,-6.459948320413433,6.906077348066297,0.9565217391304337,0.024752475247524754,False,False,False
4040,南海化学,2026-09-15,3830.0,4065.0,4065.0,3828.0,3864.0,5420.0,3830.0,3830.0,3830.0,3830.0,100.0,0.0,0.0,0.0,-5.781057810578105,-5.781057810578105,6.135770234986948,0.0,0.01845018450184502,False,False,False
4041,日本曹達,2026-09-15,3830.0,4095.0,4095.0,3829.0,3925.0,94460.0,3875.0,3875.0,3850.0,3870.0,9700.0,1.0443864229765065,1.1749347258485532,-0.1290322580645209,-5.494505494505497,-5.494505494505497,5.813953488372103,0.0,0.10268896887571459,False,False,False
4042,東ソー,2026-09-15,2561.0,2731.5,2790.0,2568.6,2652.24,876160.0,2586.5,2601.5,2586.5,2597.5,58900.0,1.42522452167122,0.9957048028113924,0.42528513435144966,-4.905729452681673,-6.899641577060933,7.410972088546686,2.1416803953871577,0.06722516435354273,True,False,False
4043,トクヤマ,2026-09-15,4044.0,4179.0,4416.0,4042.0,4052.16,427840.0,4100.0,4123.0,4079.0,4119.0,35300.0,1.85459940652819,1.3847675568743778,0.4634146341463419,-1.4357501794687755,-6.725543478260865,7.21048798252002,5.671213208901649,0.0825074794315632,True,False,False
4044,セントラル硝子,2026-09-15,4285.0,4630.0,4790.0,4250.0,4468.6,68940.0,4320.0,4360.0,4320.0,4360.0,2300.0,1.75029171528589,0.8168028004667427,0.92592592592593,-5.831533477321815,-8.977035490605424,9.86238532110091,3.455723542116629,0.0333623440673049,True,False,False
4045,東亞合成,2026-09-15,1798.5,1908.0,1908.0,1801.5,1845.22,380800.0,1820.0,1821.5,1816.0,1820.0,12800.0,1.1954406449819377,1.1954406449819377,0.0,-4.612159329140464,-4.612159329140464,4.83516483516484,0.0,0.03361344537815126,False,False,False
4046,大阪ソーダ,2026-09-15,1992.0,2153.0,2153.0,1982.8,2041.84,283200.0,1985.0,2003.0,1975.0,1994.0,18000.0,0.10040160642570406,-0.3514056224899642,0.45340050377833396,-7.385044124477469,-7.385044124477469,7.973921765295877,0.0,0.0635593220338983,True,False,False
4047,関東電化工業,2026-09-15,2135.0,2480.0,3080.0,2148.2,2329.76,586740.0,2135.0,2149.0,2128.0,2142.0,28400.0,0.3278688524590123,0.0,0.3278688524590123,-13.62903225806451,-30.454545454545457,43.790849673202615,24.193548387096776,0.048403040529024784,True,False,False
4051,ＧＭＯフィナンシャルゲート,2026-09-15,5900.0,6860.0,7060.0,5882.0,6382.4,39320.0,6000.0,6010.0,5950.0,5950.0,2400.0,0.8474576271186418,1.6949152542372836,-0.8333333333333304,-13.265306122448983,-15.722379603399439,18.65546218487395,2.9154518950437414,0.061037639877924724,False,False,False
4052,フィーチャ,2026-09-15,948.0,1620.0,1620.0,1076.8,730.72,7074160.0,918.0,943.0,911.0,918.0,123300.0,-3.164556962025311,-3.164556962025311,0.0,-43.333333333333336,-43.333333333333336,76.47058823529412,0.0,0.017429631221233335,False,False,False
4053,Ｓｕｎ　Ａｓｔｅｒｉｓｋ,2026-09-15,469.0,499.0,499.0,455.6,458.2,146740.0,473.0,475.0,469.0,475.0,31900.0,1.279317697228155,0.8528784648187626,0.42283298097252064,-4.809619238476959,-4.809619238476959,5.052631578947375,0.0,0.21739130434782608,True,False,False
4054,日本情報クリエイト,2026-09-15,520.0,534.0,580.0,519.6,526.56,8340.0,520.0,520.0,520.0,520.0,3000.0,0.0,0.0,0.0,-2.621722846441943,-10.344827586206895,11.538461538461542,8.614232209737827,0.3597122302158273,False,False,False
4055,ティアンドエスグループ,2026-09-15,1605.0,1746.0,1746.0,1637.8,1631.08,25640.0,1630.0,1630.0,1630.0,1630.0,600.0,1.5576323987538832,1.5576323987538832,0.0,-6.643757159221075,-6.643757159221075,7.116564417177917,0.0,0.0234009360374415,False,False,False
4056,ニューラルグループ,2026-09-15,208.0,304.0,304.0,218.8,227.8,449540.0,207.0,210.0,207.0,209.0,11600.0,0.48076923076922906,-0.48076923076922906,0.9661835748792313,-31.25,-31.25,45.45454545454546,0.0,0.02580415535881123,True,False,False
4057,インターファクトリー,2026-09-15,348.0,360.0,360.0,351.4,353.24,3260.0,350.0,350.0,350.0,350.0,100.0,0.5747126436781658,0.5747126436781658,0.0,-2.777777777777779,-2.777777777777779,2.857142857142847,0.0,0.03067484662576687,False,False,False
4058,トヨクモ,2026-09-15,2365.0,2620.0,2620.0,2302.2,2397.4,24620.0,2365.0,2365.0,2324.0,2341.0,1800.0,-1.014799154334034,0.0,-1.014799154334034,-10.648854961832066,-10.648854961832066,11.917983767620676,0.0,0.07311129163281885,False,False,False
4059,まぐまぐ,2026-09-15,396.0,422.0,422.0,391.6,399.92,1960.0,390.0,390.0,390.0,390.0,2400.0,-1.5151515151515138,-1.5151515151515138,0.0,-7.5829383886255926,-7.5829383886255926,8.205128205128197,0.0,1.2244897959183674,False,False,False
4060,ｒａｋｕｍｏ,2026-09-15,1204.0,1250.0,1250.0,1199.8,1194.68,5120.0,1193.0,1193.0,1193.0,1193.0,400.0,-0.913621262458475,-0.913621262458475,0.0,-4.559999999999997,-4.559999999999997,4.77787091366304,0.0,0.078125,False,False,False
4061,デンカ,2026-09-15,3245.0,3463.0,3910.0,3278.6,3368.88,637160.0,3274.0,3302.0,3272.0,3296.0,42700.0,1.5716486902927596,0.8936825885978328,0.6719609040928498,-4.822408316488591,-15.703324808184139,18.628640776699037,12.90788333814612,0.06701613409504677,True,False,False
4062,イビデン,2026-09-15,19115.0,22370.0,22515.0,19983.0,20289.4,8797440.0,18885.0,19020.0,18580.0,18630.0,393500.0,-2.537274391838873,-1.203243526026676,-1.3502779984114421,-16.718819848010725,-17.25516322451699,20.853462157809986,0.6481895395619164,0.044728921140695474,False,False,False
4063,信越化学工業,2026-09-15,5693.0,6199.0,6508.0,5732.4,5991.76,6393240.0,5749.0,5760.0,5723.0,5745.0,603800.0,0.913402424029508,0.9836641489548548,-0.06957731779440035,-7.323761897080172,-11.724031960663794,13.281114012184503,4.9846749475721985,0.09444350595316303,False,False,False
4064,日本カーバイド工業,2026-09-15,3480.0,3610.0,3610.0,3470.0,3405.0,71940.0,3490.0,3535.0,3490.0,3530.0,7600.0,1.4367816091954033,0.2873563218390718,1.1461318051575908,-2.216066481994461,-2.216066481994461,2.2662889518413554,0.0,0.105643591882124,True,False,False
4068,ベイシス,2026-09-15,1774.0,1796.0,1796.0,1759.4,1741.72,1100.0,1737.0,1737.0,1737.0,1737.0,400.0,-2.085682074408113,-2.085682074408113,0.0,-3.2850779510022243,-3.2850779510022243,3.3966609096142797,0.0,0.36363636363636365,False,False,False
4069,ＢｌｕｅＭｅｍｅ,2026-09-15,661.0,750.0,750.0,665.8,685.04,7360.0,671.0,671.0,671.0,671.0,600.0,1.5128593040847127,1.5128593040847127,0.0,-10.533333333333328,-10.533333333333328,11.773472429210141,0.0,0.08152173913043478,False,False,False
4071,プラスアルファ・コンサルティング,2026-09-15,2092.0,2299.0,2405.0,2063.0,2160.0,219100.0,2100.0,2103.0,2085.0,2103.0,11800.0,0.5258126195028634,0.3824091778202643,0.14285714285713347,-8.525445846020007,-12.557172557172558,14.360437470280552,4.610700304480209,0.053856686444545866,True,False,False
4072,電算システムホールディングス,2026-09-15,3130.0,3180.0,3180.0,3072.0,3077.4,34080.0,3120.0,3140.0,3115.0,3140.0,3500.0,0.31948881789136685,-0.31948881789137795,0.6410256410256387,-1.2578616352201255,-1.2578616352201255,1.273885350318471,0.0,0.10269953051643192,True,False,False
4073,ジィ・シィ企画,2026-09-15,468.0,537.0,729.0,469.2,498.2,9040.0,470.0,470.0,470.0,470.0,700.0,0.42735042735042583,0.42735042735042583,0.0,-12.476722532588457,-35.5281207133059,55.10638297872341,35.75418994413408,0.07743362831858407,False,False,False
4074,ラキール,2026-09-15,776.0,830.0,1072.0,787.2,777.2,2940.0,775.0,779.0,775.0,779.0,500.0,0.3865979381443285,-0.12886597938144284,0.5161290322580614,-6.144578313253013,-27.332089552238802,37.61232349165597,29.156626506024086,0.17006802721088435,True,False,False
4075,ブレインズテクノロジー,2026-09-15,1343.0,2035.0,2035.0,1219.4,1102.84,569600.0,1316.0,1336.0,1275.0,1294.0,101000.0,-3.6485480268056536,-2.010424422933732,-1.6717325227963542,-36.41277641277642,-36.41277641277642,57.264296754250374,0.0,0.17731741573033707,False,False,False
4076,シイエヌエス,2026-09-15,1974.0,2025.0,2025.0,1967.0,1981.8,1060.0,1956.0,1956.0,1956.0,1956.0,300.0,-0.911854103343468,-0.911854103343468,0.0,-3.4074074074074034,-3.4074074074074034,3.527607361963181,0.0,0.2830188679245283,False,False,False
4078,堺化学工業,2026-09-15,3575.0,4035.0,4405.0,3593.0,3841.8,166660.0,3620.0,3630.0,3600.0,3610.0,9900.0,0.9790209790209836,1.2587412587412583,-0.2762430939226568,-10.532837670384144,-18.047673098751417,22.022160664819946,9.169764560099125,0.0594023760950438,False,False,False
407A,ＵＮＩＣＯＮホールディングス,2026-09-15,926.0,974.0,974.0,928.0,924.32,10960.0,949.0,949.0,926.0,926.0,11300.0,0.0,2.4838012958963374,-2.423603793466811,-4.928131416837777,-4.928131416837777,5.183585313174954,0.0,1.031021897810219,False,False,False
4082,第一稀元素化学工業,2026-09-15,2430.0,3095.0,3095.0,2434.8,2348.28,345860.0,2410.0,2448.0,2410.0,2447.0,28600.0,0.6995884773662642,-0.8230452674897082,1.535269709543563,-20.936995153473347,-20.936995153473347,26.481405803024117,0.0,0.08269241889781993,True,False,False
4088,エア・ウォーター,2026-09-15,3000.0,3215.0,3215.0,2972.4,2698.48,1157400.0,3050.0,3060.0,3005.0,3020.0,106000.0,0.6666666666666599,1.6666666666666607,-0.983606557377048,-6.065318818040433,-6.065318818040433,6.4569536423841,0.0,0.0915845861413513,False,False,False
4091,日本酸素ホールディングス,2026-09-15,5442.0,5944.0,6200.0,5432.8,5669.72,636900.0,5494.0,5501.0,5450.0,5463.0,82200.0,0.38588754134509795,0.9555310547592732,-0.5642519111758282,-8.092193808882907,-11.887096774193552,13.490755994874615,4.306864064602967,0.1290626471973622,False,False,False
4092,日本化学工業,2026-09-15,5370.0,5600.0,6200.0,5348.0,5374.0,162300.0,5330.0,5420.0,5330.0,5410.0,3500.0,0.7448789571694592,-0.7448789571694592,1.5009380863039379,-3.392857142857142,-12.74193548387097,14.602587800369694,10.71428571428572,0.021565003080714726,True,False,False
4093,東邦アセチレン,2026-09-15,421.0,433.0,441.0,420.6,422.92,12440.0,420.0,423.0,420.0,423.0,2600.0,0.47505938242280443,-0.23752969121140222,0.7142857142857117,-2.3094688221709014,-4.081632653061229,4.255319148936176,1.8475750577367167,0.2090032154340836,True,False,False
4094,日本化学産業,2026-09-15,2281.0,2327.0,2327.0,2257.8,2276.64,11120.0,2288.0,2288.0,2288.0,2288.0,100.0,0.3068829460762812,0.3068829460762812,0.0,-1.6759776536312887,-1.6759776536312887,1.7045454545454586,0.0,0.008992805755395683,False,False,False
4095,日本パーカライジング,2026-09-15,1745.0,1787.0,1787.0,1746.8,1742.0,195920.0,1759.0,1765.0,1745.0,1764.0,9500.0,1.0888252148997024,0.8022922636103047,0.2842524161455362,-1.2870733072188,-1.2870733072188,1.303854875283439,0.0,0.04848917925683953,True,False,False
4097,高圧ガス工業,2026-09-15,1194.0,1257.0,1257.0,1186.6,1196.2,51160.0,1199.0,1199.0,1190.0,1194.0,4200.0,0.0,0.41876046901172526,-0.4170141784820669,-5.011933174224348,-5.011933174224348,5.276381909547734,0.0,0.08209538702111024,False,False,False
4098,チタン工業,2026-09-15,994.0,1050.0,1100.0,1000.0,1016.8,4120.0,993.0,1005.0,993.0,994.0,7700.0,0.0,-0.1006036217303774,0.10070493454179541,-5.333333333333334,-9.636363636363631,10.663983903420515,4.761904761904767,1.8689320388349515,True,False,False
4099,四国化成ホールディングス,2026-09-15,2099.0,2677.0,3225.0,2138.6,2418.44,965460.0,2100.0,2140.0,2087.0,2092.0,1022400.0,-0.33349213911386677,0.04764173415912065,-0.3809523809523818,-21.85282032125514,-35.13178294573643,54.15869980879542,20.470676129996267,1.0589770679261699,False,False,False
409A,オリオンビール,2026-09-15,1168.0,1217.0,1263.0,1173.0,1187.08,125680.0,1165.0,1165.0,1160.0,1163.0,33600.0,-0.42808219178082085,-0.25684931506849695,-0.17167381974249052,-4.437140509449467,-7.917656373713378,8.598452278589864,3.7797863599013937,0.2673456397199236,False,False,False
4100,戸田工業,2026-09-15,1633.0,1658.0,1658.0,1611.6,1580.32,64020.0,1649.0,1659.0,1638.0,1656.0,9400.0,1.4084507042253502,0.9797917942437229,0.42449969678592936,-0.12062726176115257,-0.12062726176115257,0.12077294685990392,0.0,0.14682911590128084,True,False,False
4107,伊勢化学工業,2026-09-15,3890.0,4500.0,4500.0,3916.0,3990.2,159200.0,3895.0,3910.0,3835.0,3850.0,12000.0,-1.0282776349614386,0.12853470437017567,-1.1553273427471145,-14.444444444444448,-14.444444444444448,16.883116883116877,0.0,0.07537688442211055,False,False,False
4109,ステラ　ケミファ,2026-09-15,5230.0,5610.0,5800.0,5280.0,5421.6,43100.0,5230.0,5230.0,5230.0,5230.0,50600.0,0.0,0.0,0.0,-6.773618538324422,-9.827586206896555,10.898661567877621,3.3868092691622165,1.174013921113689,False,False,False
410A,ＧＭＯコマース,2026-09-15,1130.0,1188.0,1188.0,1122.4,1135.64,6340.0,1143.0,1143.0,1141.0,1130.0,6200.0,0.0,1.1504424778761013,-1.1373578302712128,-4.882154882154888,-4.882154882154888,5.132743362831849,0.0,0.9779179810725552,False,False,False
4112,保土谷化学工業,2026-09-15,2048.0,2296.0,2355.0,2063.8,2198.88,45820.0,2048.0,2089.0,2048.0,2048.0,41700.0,0.0,0.0,0.0,-10.801393728222997,-13.036093418259021,14.990234375,2.5696864111498297,0.9100829332169358,False,False,False
4113,田岡化学工業,2026-09-15,788.0,858.0,858.0,790.4,775.48,17340.0,788.0,794.0,788.0,788.0,32700.0,0.0,0.0,0.0,-8.158508158508159,-8.158508158508159,8.883248730964466,0.0,1.8858131487889274,False,False,False
4114,日本触媒,2026-09-15,2521.5,2733.5,2733.5,2518.2,2615.14,734240.0,2530.0,2545.5,2530.0,2544.0,59700.0,0.8923259964306984,0.33710093198493496,0.5533596837944632,-6.932504115602711,-6.932504115602711,7.448899371069184,0.0,0.08130856395728916,True,False,False
4116,大日精化工業,2026-09-15,1288.0,1416.0,1416.0,1297.6,1341.48,119800.0,1333.0,1339.0,1317.0,1317.0,42500.0,2.2515527950310643,3.493788819875787,-1.2003000750187565,-6.991525423728817,-6.991525423728817,7.51708428246014,0.0,0.3547579298831386,False,False,False
4118,カネカ,2026-09-15,5957.0,6343.0,6570.0,5937.6,6121.6,167960.0,5986.0,6027.0,5986.0,6005.0,13400.0,0.8057747188181974,0.48682222595266555,0.31740728366187465,-5.32870881286458,-8.599695585996958,9.408825978351377,3.578748226391304,0.07978090021433674,True,False,False
4119,日本ピグメントホールディングス,2026-09-15,5980.0,6100.0,6400.0,5978.0,5931.2,1400.0,6000.0,6100.0,5980.0,5980.0,1400.0,0.0,0.33444816053511683,-0.33333333333332993,-1.967213114754096,-6.562500000000004,7.0234113712374535,4.918032786885251,1.0,False,False,False
4120,スガイ化学工業,2026-09-15,2930.0,3195.0,3345.0,2974.4,2994.04,480.0,2930.0,2930.0,2930.0,2930.0,800.0,0.0,0.0,0.0,-8.294209702660405,-12.406576980568007,14.163822525597269,4.694835680751175,1.6666666666666667,False,False,False
4124,大阪油化工業,2026-09-15,2975.0,3100.0,3100.0,2994.2,2940.6,820.0,2995.0,2995.0,2995.0,2975.0,500.0,0.0,0.6722689075630228,-0.6677796327211993,-4.0322580645161255,-4.0322580645161255,4.201680672268915,0.0,0.6097560975609756,False,False,False
4125,三和油化工業,2026-09-15,3535.0,3945.0,4100.0,3586.0,3768.8,14060.0,3550.0,3550.0,3550.0,3535.0,8300.0,0.0,0.4243281471004279,-0.42253521126760507,-10.392902408111537,-13.78048780487805,15.98302687411599,3.9290240811153287,0.5903271692745377,False,False,False
414A,オーバーラップホールディングス,2026-09-15,860.0,914.0,914.0,847.8,871.48,74960.0,857.0,861.0,857.0,860.0,97700.0,0.0,-0.34883720930232176,0.3500583430571691,-5.908096280087527,-5.908096280087527,6.279069767441858,0.0,1.3033617929562433,True,False,False
4151,協和キリン,2026-09-15,2241.0,2689.0,2689.0,2217.6,2482.38,2061600.0,2240.5,2245.5,2226.5,2236.5,96100.0,-0.20080321285140812,-0.022311468094604603,-0.17853157777282247,-16.82781703235403,-16.82781703235403,20.232506147999096,0.0,0.04661428017074117,False,False,False
415A,ＧＭＯ　ＴＥＣＨホールディングス,2026-09-15,5580.0,5590.0,5590.0,5262.0,5106.2,2580.0,5350.0,5590.0,5300.0,5580.0,6900.0,0.0,-4.121863799283155,4.299065420560755,-0.17889087656529634,-0.17889087656529634,0.17921146953405742,0.0,2.6744186046511627,True,False,False
4165,プレイド,2026-09-15,656.0,758.0,758.0,642.0,686.16,338540.0,653.0,659.0,651.0,655.0,14200.0,-0.1524390243902385,-0.45731707317072656,0.3062787136294043,-13.588390501319259,-13.588390501319259,15.725190839694658,0.0,0.041944821882200035,True,False,False
4166,かっこ,2026-09-15,619.0,647.0,649.0,623.6,631.6,4300.0,618.0,625.0,618.0,619.0,6000.0,0.0,-0.1615508885298822,0.16181229773462036,-4.327666151468312,-4.6224961479198745,4.846526655896599,0.3091190108191588,1.3953488372093024,True,False,False
4167,ココペリ,2026-09-15,327.0,349.0,349.0,326.6,326.16,16740.0,325.0,330.0,325.0,327.0,10400.0,0.0,-0.6116207951070374,0.6153846153846176,-6.30372492836676,-6.30372492836676,6.727828746177367,0.0,0.6212664277180406,True,False,False
4168,ヤプリ,2026-09-15,790.0,810.0,815.0,769.8,767.04,35600.0,789.0,789.0,787.0,790.0,39600.0,0.0,-0.12658227848101333,0.12674271229404788,-2.4691358024691357,-3.0674846625766916,3.164556962025311,0.6172839506172867,1.1123595505617978,True,False,False
4169,ＥＮＥＣＨＡＮＧＥ,2026-09-15,250.0,333.0,342.0,248.4,282.92,511800.0,250.0,250.0,248.0,250.0,300300.0,0.0,0.0,0.0,-24.92492492492493,-26.900584795321635,36.80000000000001,2.7027027027026973,0.5867526377491208,False,False,False
416A,富士ユナイトホールディングス,2026-09-15,1347.0,1347.0,1347.0,1317.8,1293.44,18140.0,1350.0,1354.0,1350.0,1347.0,19400.0,0.0,0.22271714922048602,-0.22222222222222365,0.0,0.0,0.0,0.0,1.069459757442117,False,False,False
4170,Ｋａｉｚｅｎ　Ｐｌａｔｆｏｒｍ,2026-09-15,120.0,302.0,302.0,122.4,136.32,386760.0,120.0,121.0,120.0,120.0,124300.0,0.0,0.0,0.0,-60.264900662251655,-60.264900662251655,151.66666666666666,0.0,0.3213879408418658,False,False,False
4172,Ｈｉクラテス,2026-09-15,2300.0,2372.0,2372.0,2310.2,2302.96,1760.0,2300.0,2300.0,2300.0,2300.0,2200.0,0.0,0.0,0.0,-3.0354131534570006,-3.0354131534570006,3.1304347826087042,0.0,1.25,False,False,False
4174,アピリッツ,2026-09-15,1078.0,1279.0,1279.0,1010.8,871.76,890980.0,1104.0,1200.0,1104.0,1187.0,166700.0,10.111317254174402,2.4118738404452778,7.51811594202898,-7.193119624706801,-7.193119624706801,7.750631844987366,0.0,0.18709735347594783,True,False,False
4175,ｃｏｌｙ,2026-09-15,2989.0,2989.0,2989.0,2886.6,2830.32,6620.0,2990.0,2990.0,2940.0,2989.0,12600.0,0.0,0.033456005352960894,-0.03344481605350724,0.0,0.0,0.0,0.0,1.903323262839879,False,False,False
4176,ココナラ,2026-09-15,277.0,301.0,301.0,275.2,277.76,74140.0,280.0,280.0,279.0,277.0,94800.0,0.0,1.0830324909747224,-1.0714285714285676,-7.973421926910296,-7.973421926910296,8.664259927797824,0.0,1.278661990828163,False,False,False
4177,ｉ‐ｐｌｕｇ,2026-09-15,1480.0,1557.0,1599.0,1491.6,1519.04,2180.0,1478.0,1479.0,1478.0,1480.0,1100.0,0.0,-0.13513513513513375,0.13531799729364913,-4.94540783558125,-7.442151344590364,8.04054054054053,2.6974951830443183,0.5045871559633027,True,False,False
4178,Ｓｈａｒｉｎｇ　Ｉｎｎｏｖａｔｉｏｎｓ,2026-09-15,530.0,565.0,565.0,525.4,523.04,2340.0,526.0,533.0,526.0,530.0,3400.0,0.0,-0.7547169811320753,0.7604562737642651,-6.194690265486724,-6.194690265486724,6.60377358490567,0.0,1.452991452991453,True,False,False
4179,ジーネクスト,2026-09-15,345.0,380.0,391.0,354.4,360.64,32820.0,339.0,342.0,339.0,345.0,43300.0,0.0,-1.7391304347826098,1.7699115044247815,-9.210526315789469,-11.764705882352944,13.33333333333333,2.894736842105261,1.3193174893357709,True,False,False
417A,ブルーゾーンホールディングス,2026-09-15,1918.0,1946.5,1946.5,1910.4,1864.86,228940.0,1924.5,1925.0,1910.0,1920.5,6800.0,0.13034410844630084,0.33889468196037775,-0.20784619381657432,-1.3357307988697609,-1.3357307988697609,1.3538141109086244,0.0,0.029702105355114878,False,False,False
4180,Ａｐｐｉｅｒ　Ｇｒｏｕｐ,2026-09-15,1532.0,1547.0,1547.0,1459.0,1336.64,1426280.0,1522.0,1529.0,1505.0,1528.0,96800.0,-0.26109660574412663,-0.652741514360311,0.3942181340341744,-1.2281835811247532,-1.2281835811247532,1.2434554973822065,0.0,0.06786886165409317,True,False,False
4182,三菱瓦斯化学,2026-09-15,3720.0,3974.0,4736.0,3787.2,3891.44,1593640.0,3727.0,3750.0,3720.0,3740.0,58100.0,0.5376344086021501,0.18817204301075918,0.3488060101958679,-5.888273779567188,-21.030405405405407,26.631016042780754,19.174635128334174,0.03645741823749404,True,False,False
4183,三井化学,2026-09-15,2119.5,2341.5,2341.5,2123.4,2174.16,1934340.0,2158.0,2182.5,2152.0,2182.5,201700.0,2.972399150743099,1.8164661476763433,1.1353104726598673,-6.790518898142217,-6.790518898142217,7.285223367697591,0.0,0.10427329218234643,True,False,False
4186,東京応化工業,2026-09-15,8015.0,8957.0,10050.0,8133.8,8638.08,754280.0,8017.0,8055.0,8010.0,8015.0,756500.0,0.0,0.024953212726130936,-0.024946987651242036,-10.516914145361167,-20.248756218905474,25.38989394884592,12.202746455286363,1.0029432041151827,False,False,False
4187,大阪有機化学工業,2026-09-15,3980.0,4745.0,5220.0,4063.0,4480.6,145760.0,3980.0,3990.0,3955.0,3975.0,8000.0,-0.12562814070351536,0.0,-0.12562814070351536,-16.22760800842993,-23.85057471264368,31.320754716981124,10.010537407797692,0.054884742041712405,False,False,False
4188,三菱ケミカルグループ,2026-09-15,1154.0,1305.0,1305.0,1162.9,1188.22,4706640.0,1166.0,1191.0,1166.0,1189.5,513700.0,3.0762564991334562,1.0398613518197486,2.0154373927958824,-8.850574712643677,-8.850574712643677,9.70996216897857,0.0,0.10914367786786328,True,False,False
4189,ＫＨネオケム,2026-09-15,3185.0,3505.0,3570.0,3184.0,3338.4,93180.0,3190.0,3220.0,3190.0,3185.0,85500.0,0.0,0.15698587127157548,-0.15673981191222097,-9.129814550641935,-10.784313725490192,12.08791208791209,1.854493580599148,0.9175788795878944,False,False,False
4192,スパイダープラス,2026-09-15,304.0,323.0,323.0,299.2,287.08,81460.0,306.0,309.0,306.0,304.0,63900.0,0.0,0.6578947368421018,-0.6535947712418277,-5.882352941176472,-5.882352941176472,6.25,0.0,0.7844340780751289,False,False,False
4193,ファブリカホールディングス,2026-09-15,2161.0,2189.0,2450.0,2156.4,2167.32,3180.0,2162.0,2162.0,2162.0,2161.0,3100.0,0.0,0.04627487274408981,-0.046253469010171244,-1.2791228871630866,-11.795918367346935,13.373438223044886,11.923252626770209,0.9748427672955975,False,False,False
4194,ビジョナル,2026-09-15,8600.0,9628.0,9628.0,8492.0,9049.12,485680.0,8639.0,8659.0,8528.0,8541.0,11900.0,-0.6860465116279024,0.45348837209302495,-1.1343905544623167,-11.289987536352308,-11.289987536352308,12.726846973422322,0.0,0.024501729533849447,False,False,False
4196,ネオマーケティング,2026-09-15,2140.0,2200.0,2200.0,2164.8,2089.0,12700.0,2140.0,2140.0,2140.0,2140.0,28500.0,0.0,0.0,0.0,-2.7272727272727226,-2.7272727272727226,2.8037383177569986,0.0,2.2440944881889764,False,False,False
4197,アスマーク,2026-09-15,2361.0,2395.0,2395.0,2368.2,2357.12,420.0,2382.0,2382.0,2382.0,2361.0,900.0,0.0,0.8894536213468918,-0.8816120906801062,-1.4196242171189977,-1.4196242171189977,1.4400677678949592,0.0,2.142857142857143,False,False,False
4198,テンダ,2026-09-15,505.0,518.0,518.0,500.8,498.28,1680.0,504.0,504.0,502.0,505.0,2700.0,0.0,-0.1980198019801982,0.1984126984126977,-2.5096525096525046,-2.5096525096525046,2.5742574257425765,0.0,1.6071428571428572,True,False,False
4199,ワンダープラネット,2026-09-15,796.0,993.0,993.0,803.0,818.56,4120.0,793.0,793.0,793.0,796.0,4400.0,0.0,-0.37688442211055717,0.3783102143757988,-19.83887210473313,-19.83887210473313,24.74874371859297,0.0,1.0679611650485437,True,False,False
4202,ダイセル,2026-09-15,1405.5,1520.0,1520.0,1401.0,1453.26,725300.0,1415.0,1425.0,1413.0,1425.0,79700.0,1.387406616862319,0.6759160441124124,0.7067137809187329,-6.25,-6.25,6.666666666666665,0.0,0.10988556459396112,True,False,False
4203,住友ベークライト,2026-09-15,7804.0,7905.0,7975.0,7667.4,7462.4,1016360.0,7803.0,7842.0,7753.0,7780.0,40600.0,-0.3075345976422339,-0.012813941568423637,-0.294758426246311,-1.5812776723592714,-2.445141065830725,2.5064267352185032,0.8855154965211831,0.03994647565823133,False,False,False
4204,積水化学工業,2026-09-15,2489.0,2688.0,2711.0,2491.4,2599.32,1310340.0,2519.5,2521.5,2504.0,2515.0,80500.0,1.0445962233828876,1.2253917235837797,-0.17860686644175505,-6.436011904761907,-7.229804500184434,7.793240556660042,0.8556547619047672,0.06143443686371476,False,False,False
4205,日本ゼオン,2026-09-15,2345.5,2618.0,2618.0,2338.1,2421.1,803120.0,2363.0,2384.0,2360.5,2379.5,39700.0,1.4495843103815798,0.7461095715199262,0.6982649174777755,-9.110007639419404,-9.110007639419404,10.02311409960075,0.0,0.04943221436398047,True,False,False
4206,アイカ工業,2026-09-15,4151.0,4245.0,4245.0,4135.2,4125.52,160700.0,4183.0,4194.0,4156.0,4194.0,10400.0,1.0358949650686622,0.7708985786557543,0.26296916088930367,-1.201413427561837,-1.201413427561837,1.2160228898426384,0.0,0.06471686372121967,True,False,False
4208,ＵＢＥ,2026-09-15,3408.0,3674.0,3713.0,3404.2,3526.72,650120.0,3431.0,3459.0,3430.0,3447.0,70000.0,1.1443661971830998,0.6748826291079757,0.4663363450889024,-6.178551986935221,-7.164018314031784,7.716855236437481,1.0615133369624496,0.10767242970528518,True,False,False
4212,積水樹脂,2026-09-15,2960.0,2999.0,2999.0,2915.6,2886.84,57800.0,2962.0,2995.0,2962.0,2995.0,2200.0,1.1824324324324342,0.06756756756756133,1.1141120864280873,-0.13337779259753324,-0.13337779259753324,0.13355592654424875,0.0,0.03806228373702422,True,False,False
4216,旭有機材,2026-09-15,6050.0,6110.0,6360.0,5994.0,5943.2,59560.0,6000.0,6040.0,5950.0,6050.0,58800.0,0.0,-0.8264462809917328,0.8333333333333304,-0.9819967266775809,-4.874213836477992,5.123966942148761,4.091653027823239,0.9872397582269979,True,False,False
4218,ニチバン,2026-09-15,1934.0,1984.0,2006.0,1917.2,1942.68,22680.0,1933.0,1938.0,1933.0,1938.0,5300.0,0.20682523267838704,-0.05170630816959676,0.2586652871184647,-2.318548387096775,-3.3898305084745783,3.5087719298245723,1.1088709677419262,0.23368606701940034,True,False,False
421A,ムービン・ストラテジック・キャリア,2026-09-15,3810.0,4450.0,4450.0,3671.0,3887.0,68900.0,3765.0,3785.0,3755.0,3785.0,2700.0,-0.6561679790026198,-1.1811023622047223,0.5312084993359889,-14.943820224719106,-14.943820224719106,17.569352708058126,0.0,0.03918722786647315,True,False,False
4220,リケンテクノス,2026-09-15,2347.0,2709.0,2915.0,2349.4,2562.88,95580.0,2352.0,2385.0,2352.0,2385.0,21000.0,1.619088197699181,0.21303792074989225,1.4030612244897878,-11.960132890365449,-18.181818181818176,22.222222222222232,7.604282022886677,0.2197112366603892,True,False,False
4221,大倉工業,2026-09-15,5430.0,5810.0,5810.0,5400.0,5580.4,25280.0,5440.0,5510.0,5440.0,5430.0,24000.0,0.0,0.18416206261511192,-0.18382352941176405,-6.540447504302927,-6.540447504302927,6.998158379373853,0.0,0.9493670886075949,False,False,False
4222,児玉化学工業,2026-09-15,650.0,733.0,745.0,667.8,686.92,518420.0,650.0,657.0,650.0,655.0,25000.0,0.7692307692307665,0.0,0.7692307692307665,-10.641200545702588,-12.080536912751683,13.740458015267176,1.6371077762619368,0.04822344816943791,True,False,False
4224,ロンシール工業,2026-09-15,2106.0,2190.0,2190.0,2106.4,2131.6,4040.0,2103.0,2128.0,2103.0,2106.0,1000.0,0.0,-0.14245014245014564,0.14265335235377208,-3.8356164383561597,-3.8356164383561597,3.9886039886039892,0.0,0.24752475247524752,True,False,False
4228,積水化成品工業,2026-09-15,579.0,641.0,668.0,570.4,602.72,191480.0,579.0,582.0,576.0,579.0,151500.0,0.0,0.0,0.0,-9.672386895475816,-13.323353293413176,15.371329879101904,4.212168486739465,0.7912053478170044,False,False,False
4229,群栄化学工業,2026-09-15,4110.0,4605.0,4750.0,4126.0,4370.8,22080.0,4095.0,4150.0,4095.0,4130.0,2100.0,0.48661800486617945,-0.36496350364964014,0.8547008547008517,-10.314875135722046,-13.052631578947372,15.012106537530268,3.148751357220414,0.09510869565217392,True,False,False
4231,タイガースポリマー,2026-09-15,1027.0,1067.0,1067.0,1027.2,1029.0,16260.0,1027.0,1027.0,1027.0,1027.0,9500.0,0.0,0.0,0.0,-3.748828491096534,-3.748828491096534,3.8948393378773094,0.0,0.5842558425584256,False,False,False
4234,サンエー化研,2026-09-15,997.0,1082.0,1082.0,1013.4,993.36,24380.0,997.0,1008.0,997.0,997.0,18800.0,0.0,0.0,0.0,-7.8558225508317925,-7.8558225508317925,8.525576730190565,0.0,0.771123872026251,False,False,False
4235,ウルトラファブリックス・ホールディングス,2026-09-15,671.0,698.0,735.0,669.8,689.0,11040.0,675.0,675.0,674.0,671.0,16600.0,0.0,0.5961251862891315,-0.592592592592589,-3.86819484240688,-8.70748299319728,9.538002980625926,5.300859598853869,1.5036231884057971,False,False,False
4237,フジプレアム,2026-09-15,337.0,370.0,370.0,336.4,345.44,34860.0,337.0,337.0,337.0,337.0,13400.0,0.0,0.0,0.0,-8.918918918918916,-8.918918918918916,9.792284866468837,0.0,0.3843947217441193,False,False,False
4238,ミライアル,2026-09-15,1787.0,1965.0,1965.0,1832.0,1805.4,129140.0,1805.0,1805.0,1788.0,1787.0,42100.0,0.0,1.0072747621712397,-0.9972299168975018,-9.058524173027994,-9.058524173027994,9.96082820369335,0.0,0.3260027876722936,False,False,False
423A,ライオン事務器,2026-09-15,319.0,328.0,328.0,320.0,321.04,27720.0,320.0,320.0,320.0,319.0,13800.0,0.0,0.31347962382444194,-0.31250000000000444,-2.7439024390243927,-2.7439024390243927,2.8213166144200663,0.0,0.49783549783549785,False,False,False
4240,クラスターテクノロジー,2026-09-15,316.0,336.0,352.0,313.6,320.84,3480.0,318.0,318.0,311.0,316.0,8300.0,0.0,0.6329113924050667,-0.6289308176100628,-5.952380952380953,-10.22727272727273,11.392405063291132,4.761904761904767,2.3850574712643677,False,False,False
4241,アテクト,2026-09-15,650.0,678.0,678.0,653.8,661.04,12500.0,652.0,652.0,652.0,650.0,3200.0,0.0,0.3076923076922977,-0.30674846625766694,-4.129793510324486,-4.129793510324486,4.307692307692301,0.0,0.256,False,False,False
4242,タカギセイコー,2026-09-15,1764.0,1820.0,1920.0,1762.0,1791.88,1860.0,1752.0,1752.0,1752.0,1764.0,2100.0,0.0,-0.6802721088435382,0.6849315068493178,-3.076923076923077,-8.125000000000004,8.843537414965997,5.494505494505497,1.1290322580645162,True,False,False
4243,ニックス,2026-09-15,1004.0,1149.0,1149.0,1018.4,1025.2,3720.0,1005.0,1005.0,1005.0,1004.0,2200.0,0.0,0.09960159362549792,-0.09950248756218638,-12.619669277632727,-12.619669277632727,14.44223107569722,0.0,0.5913978494623656,False,False,False
4245,ダイキアクシス,2026-09-15,707.0,729.0,729.0,705.4,712.8,12080.0,707.0,707.0,707.0,707.0,5200.0,0.0,0.0,0.0,-3.017832647462282,-3.017832647462282,3.111739745403108,0.0,0.4304635761589404,False,False,False
4246,ダイキョーニシカワ,2026-09-15,1078.0,1163.0,1163.0,1061.4,1108.32,193200.0,1082.0,1089.0,1082.0,1087.0,10600.0,0.8348794063079756,0.37105751391466324,0.46210720887245316,-6.53482373172829,-6.53482373172829,6.991720331186757,0.0,0.054865424430641824,True,False,False
4248,竹本容器,2026-09-15,881.0,893.0,895.0,878.4,884.12,3300.0,881.0,881.0,880.0,881.0,2100.0,0.0,0.0,0.0,-1.3437849944008984,-1.5642458100558643,1.5891032917139558,0.22396416573349232,0.6363636363636364,False,False,False
4249,森六,2026-09-15,2797.0,3020.0,3020.0,2831.4,2908.76,24840.0,2766.0,2813.0,2766.0,2797.0,15900.0,0.0,-1.1083303539506595,1.120751988430957,-7.384105960264897,-7.384105960264897,7.972828030032186,0.0,0.6400966183574879,True,False,False
4251,恵和,2026-09-15,1176.0,1195.0,1320.0,1157.2,1188.88,97200.0,1173.0,1178.0,1173.0,1175.0,11400.0,-0.08503401360544505,-0.25510204081632404,0.17050298380221207,-1.673640167364021,-10.984848484848486,12.3404255319149,10.460251046025103,0.11728395061728394,True,False,False
4255,ＴＨＥＣＯＯ,2026-09-15,3570.0,3720.0,3890.0,3540.0,3513.76,4060.0,3560.0,3560.0,3560.0,3570.0,5000.0,0.0,-0.2801120448179262,0.2808988764045006,-4.0322580645161255,-8.22622107969152,8.963585434173659,4.5698924731182755,1.2315270935960592,True,False,False
4256,サインド,2026-09-15,1132.0,1144.0,1144.0,1126.4,1057.6,2300.0,1132.0,1132.0,1132.0,1132.0,3500.0,0.0,0.0,0.0,-1.0489510489510523,-1.0489510489510523,1.0600706713780994,0.0,1.5217391304347827,False,False,False
4258,網屋,2026-09-15,5260.0,5630.0,5630.0,5064.0,4594.0,105480.0,5190.0,5300.0,5100.0,5260.0,154100.0,0.0,-1.3307984790874472,1.348747591522148,-6.571936056838368,-6.571936056838368,7.034220532319391,0.0,1.4609404626469473,True,False,False
4259,エクサウィザーズ,2026-09-15,883.0,896.0,896.0,836.4,804.96,1032660.0,881.0,881.0,868.0,868.0,71300.0,-1.6987542468856143,-0.22650056625141968,-1.4755959137343955,-3.125,-3.125,3.2258064516129004,0.0,0.06904499060678249,False,False,False
4260,ハイブリッドテクノロジーズ,2026-09-15,215.0,222.0,226.0,213.8,212.68,5760.0,219.0,219.0,215.0,215.0,3400.0,0.0,1.8604651162790642,-1.82648401826484,-3.1531531531531543,-4.867256637168138,5.116279069767438,1.8018018018018056,0.5902777777777778,False,False,False
4261,アジアクエスト,2026-09-15,2941.0,3025.0,3325.0,2950.2,2972.32,3160.0,2940.0,2940.0,2940.0,2941.0,1400.0,0.0,-0.03400204012240504,0.03401360544217358,-2.776859504132234,-11.54887218045113,13.056783407004424,9.917355371900815,0.4430379746835443,True,False,False
4262,ニフティライフスタイル,2026-09-15,1393.0,1417.0,1417.0,1387.6,1379.64,2780.0,1390.0,1390.0,1390.0,1393.0,4400.0,0.0,-0.2153625269203152,0.21582733812950394,-1.6937191249117856,-1.6937191249117856,1.7229002153625217,0.0,1.5827338129496402,True,False,False
4263,サスメド,2026-09-15,422.0,582.0,717.0,412.6,483.96,124000.0,420.0,421.0,420.0,422.0,42700.0,0.0,-0.4739336492891044,0.4761904761904745,-27.491408934707906,-41.14365411436541,69.90521327014218,23.1958762886598,0.3443548387096774,True,False,False
4264,セキュア,2026-09-15,1450.0,1519.0,1650.0,1411.6,1474.36,28980.0,1420.0,1430.0,1420.0,1450.0,15400.0,0.0,-2.0689655172413834,2.1126760563380254,-4.542462146148784,-12.121212121212121,13.793103448275868,8.624094799210003,0.5314009661835749,True,False,False
4265,Ｉｎｓｔｉｔｕｔｉｏｎ　ｆｏｒ　ａ　Ｇｌｏｂａｌ　Ｓｏｃｉｅｔｙ,2026-09-15,281.0,298.0,301.0,282.4,285.08,15980.0,281.0,281.0,281.0,281.0,17500.0,0.0,0.0,0.0,-5.7046979865771785,-6.644518272425248,7.117437722419928,1.0067114093959662,1.0951188986232792,False,False,False
4270,ＢｅｅＸ,2026-09-15,1890.0,1970.0,1970.0,1882.6,1891.24,2120.0,1870.0,1870.0,1870.0,1890.0,2500.0,0.0,-1.0582010582010581,1.0695187165775444,-4.060913705583758,-4.060913705583758,4.232804232804233,0.0,1.179245283018868,True,False,False
4272,日本化薬,2026-09-15,2053.5,2130.5,2143.5,2042.7,2079.02,397620.0,2071.5,2075.0,2063.5,2070.5,38600.0,0.8278548819089293,0.8765522279035709,-0.04827419744146688,-2.8162403191739016,-3.405644973174715,3.52571842550109,0.610185402487673,0.0970776117901514,False,False,False
4274,細谷火工,2026-09-15,1236.0,1350.0,1350.0,1134.2,1098.16,685600.0,1250.0,1285.0,1209.0,1259.0,139600.0,1.860841423948223,1.132686084142387,0.7200000000000095,-6.740740740740736,-6.740740740740736,7.227958697378867,0.0,0.20361726954492415,True,False,False
4275,カーリット,2026-09-15,2005.0,2211.0,2463.0,1960.6,2048.96,248100.0,2025.0,2047.0,2023.0,2044.0,14400.0,1.945137157107224,0.9975062344139696,0.9382716049382678,-7.553143374038895,-17.011774259033697,20.49902152641878,11.397557666214375,0.05804111245465538,True,False,False
4284,ソルクシーズ,2026-09-15,449.0,472.0,472.0,445.2,443.4,22080.0,453.0,453.0,452.0,449.0,28700.0,0.0,0.8908685968819663,-0.8830022075055233,-4.8728813559322015,-4.8728813559322015,5.122494432071267,0.0,1.2998188405797102,False,False,False
4286,ＣＬホールディングス,2026-09-15,1298.0,1392.0,1392.0,1259.8,1263.96,15900.0,1293.0,1293.0,1293.0,1298.0,27200.0,0.0,-0.38520801232665436,0.3866976024748725,-6.752873563218387,-6.752873563218387,7.241910631741133,0.0,1.7106918238993711,True,False,False
4287,ジャストプランニング,2026-09-15,468.0,500.0,500.0,469.8,486.56,95480.0,468.0,474.0,466.0,472.0,5000.0,0.8547008547008517,0.0,0.8547008547008517,-5.600000000000005,-5.600000000000005,5.932203389830515,0.0,0.05236698785085882,True,False,False
4288,アズジェント,2026-09-15,464.0,485.0,485.0,459.2,465.44,8900.0,464.0,464.0,464.0,464.0,7300.0,0.0,0.0,0.0,-4.32989690721649,-4.32989690721649,4.525862068965525,0.0,0.8202247191011236,False,False,False
428A,サイプレス・ホールディングス,2026-09-15,1630.0,1643.0,1643.0,1586.2,1481.52,15580.0,1644.0,1644.0,1625.0,1630.0,14600.0,0.0,0.8588957055214674,-0.8515815085158196,-0.7912355447352359,-0.7912355447352359,0.797546012269934,0.0,0.9370988446726572,False,False,False
4290,プレステージ・インターナショナル,2026-09-15,696.0,749.0,749.0,680.0,710.28,578400.0,701.0,703.0,700.0,702.0,71500.0,0.8620689655172376,0.7183908045977017,0.14265335235377208,-6.275033377837113,-6.275033377837113,6.695156695156701,0.0,0.12361687413554634,True,False,False
4293,セプテーニ・ホールディングス,2026-09-15,513.0,537.0,537.0,509.2,514.2,396140.0,510.0,513.0,509.0,513.0,22800.0,0.0,-0.5847953216374324,0.588235294117645,-4.469273743016755,-4.469273743016755,4.678362573099415,0.0,0.05755540970364013,True,False,False
4299,ハイマックス,2026-09-15,1210.0,1247.0,1258.0,1205.6,1223.32,5260.0,1210.0,1210.0,1210.0,1210.0,3300.0,0.0,0.0,0.0,-2.967121090617486,-3.8155802861685184,3.966942148760322,0.8821170809943935,0.6273764258555133,False,False,False
429A,テクセンドフォトマスク,2026-09-15,3665.0,4035.0,4420.0,3773.0,3752.6,616020.0,3655.0,3660.0,3615.0,3625.0,28200.0,-1.0914051841746208,-0.27285129604365244,-0.8207934336525335,-10.161090458488232,-17.98642533936652,21.931034482758616,9.541511771995047,0.045777734489139965,False,False,False
4301,アミューズ,2026-09-15,1876.0,1970.0,2020.0,1844.0,1904.6,18360.0,1870.0,1879.0,1864.0,1876.0,13800.0,0.0,-0.31982942430703876,0.3208556149732589,-4.771573604060919,-7.128712871287124,7.6759061833688635,2.538071065989844,0.7516339869281046,True,False,False
4307,野村総合研究所,2026-09-15,5170.0,5410.0,5410.0,5001.2,5055.96,2378240.0,5187.0,5197.0,5122.0,5157.0,113700.0,-0.2514506769825897,0.3288201160541515,-0.5783689994216301,-4.676524953789274,-4.676524953789274,4.905953073492331,0.0,0.047808463401507,False,False,False
4308,Ｊストリーム,2026-09-15,354.0,365.0,365.0,354.2,356.44,15040.0,354.0,354.0,354.0,354.0,12500.0,0.0,0.0,0.0,-3.013698630136985,-3.013698630136985,3.1073446327683607,0.0,0.8311170212765957,False,False,False
4310,ドリームインキュベータ,2026-09-15,2486.0,2594.0,2602.0,2458.2,2512.52,13740.0,2465.0,2494.0,2465.0,2486.0,9000.0,0.0,-0.8447304907481912,0.8519269776876337,-4.1634541249036205,-4.458109146810141,4.666130329847151,0.30840400925211675,0.6550218340611353,True,False,False
4316,ビーマップ,2026-09-15,88.0,180.0,180.0,100.8,97.44,1094880.0,88.0,88.0,79.0,80.0,46800.0,-9.090909090909093,0.0,-9.090909090909093,-55.55555555555556,-55.55555555555556,125.0,0.0,0.04274441034633932,False,False,False
4317,レイ,2026-09-15,564.0,580.0,580.0,567.0,565.28,3800.0,558.0,565.0,558.0,564.0,600.0,0.0,-1.0638297872340385,1.0752688172043001,-2.758620689655178,-2.758620689655178,2.8368794326241176,0.0,0.15789473684210525,True,False,False
4318,クイック,2026-09-15,848.0,875.0,875.0,827.6,839.04,78500.0,850.0,855.0,850.0,853.0,5000.0,0.5896226415094352,0.2358490566037652,0.3529411764705781,-2.5142857142857133,-2.5142857142857133,2.579132473622514,0.0,0.06369426751592357,True,False,False
431A,ユーソナー,2026-09-15,2722.0,2860.0,2860.0,2680.4,2437.6,28840.0,2772.0,2772.0,2671.0,2745.0,12100.0,0.8449669360764078,1.8368846436443764,-0.9740259740259716,-4.020979020979021,-4.020979020979021,4.18943533697631,0.0,0.41955617198335643,False,False,False
4320,ＣＥホールディングス,2026-09-15,1645.0,1687.0,1749.0,1646.6,1651.84,235620.0,1641.0,1641.0,1641.0,1645.0,206500.0,0.0,-0.2431610942249196,0.24375380865326868,-2.4896265560165998,-5.946255002858781,6.322188449848021,3.6751630112626055,0.8764111705288176,True,False,False
4323,日本システム技術,2026-09-15,1921.0,2011.0,2011.0,1866.4,1914.72,40900.0,1920.0,1920.0,1914.0,1921.0,37200.0,0.0,-0.05205622071837723,0.05208333333333037,-4.47538538040776,-4.47538538040776,4.685059864653818,0.0,0.9095354523227384,True,False,False
4324,電通グループ,2026-09-15,3633.0,3826.0,3826.0,3601.6,3628.56,972520.0,3658.0,3664.0,3623.0,3650.0,48200.0,0.46793283787502915,0.6881365262868089,-0.2186987424822262,-4.600104547830631,-4.600104547830631,4.821917808219167,0.0,0.049561962735984864,False,False,False
4326,インテージホールディングス,2026-09-15,1971.0,2156.0,2156.0,1956.4,1967.56,22360.0,1971.0,1971.0,1971.0,1971.0,15900.0,0.0,0.0,0.0,-8.580705009276436,-8.580705009276436,9.386098427194312,0.0,0.7110912343470484,False,False,False
4331,テイクアンドギヴ・ニーズ,2026-09-15,751.0,755.0,755.0,741.8,737.72,55060.0,745.0,754.0,745.0,751.0,52600.0,0.0,-0.7989347536617841,0.8053691275167862,-0.5298013245033095,-0.5298013245033095,0.5326231691078487,0.0,0.9553214674900109,True,False,False
4334,ユークス,2026-09-15,384.0,403.0,403.0,387.0,388.8,28100.0,384.0,384.0,384.0,384.0,9900.0,0.0,0.0,0.0,-4.714640198511166,-4.714640198511166,4.947916666666674,0.0,0.35231316725978645,False,False,False
4335,ＩＰＳホールディングス,2026-09-15,1085.0,1102.0,1108.0,1089.4,1093.6,1740.0,1085.0,1085.0,1085.0,1085.0,1400.0,0.0,0.0,0.0,-1.5426497277676976,-2.0758122743682272,2.1198156682027625,0.5444646098003547,0.8045977011494253,False,False,False
4337,ぴあ,2026-09-15,2606.0,2886.0,2886.0,2614.0,2721.52,18400.0,2600.0,2601.0,2591.0,2606.0,16600.0,0.0,-0.23023791250958991,0.2307692307692344,-9.702009702009706,-9.702009702009706,10.744435917114359,0.0,0.9021739130434783,True,False,False
4341,西菱電機,2026-09-15,920.0,950.0,950.0,917.2,898.04,1520.0,920.0,920.0,918.0,920.0,800.0,0.0,0.0,0.0,-3.157894736842104,-3.157894736842104,3.2608695652173836,0.0,0.5263157894736842,False,False,False
4343,イオンファンタジー,2026-09-15,2742.0,2946.0,2946.0,2736.2,2824.56,56160.0,2744.0,2770.0,2744.0,2742.0,39800.0,0.0,0.07293946024800047,-0.07288629737609575,-6.924643584521384,-6.924643584521384,7.4398249452954035,0.0,0.7086894586894587,False,False,False
4344,ソースネクスト,2026-09-15,112.0,121.0,121.0,111.2,113.64,736860.0,110.0,112.0,110.0,111.0,331300.0,-0.8928571428571397,-1.7857142857142905,0.9090909090909038,-8.264462809917351,-8.264462809917351,9.009009009009006,0.0,0.449610509459056,True,False,False
4345,シーティーエス,2026-09-15,844.0,854.0,854.0,834.0,837.6,51920.0,836.0,843.0,836.0,844.0,54700.0,0.0,-0.9478672985781977,0.9569377990430672,-1.1709601873536313,-1.1709601873536313,1.1848341232227444,0.0,1.0535439137134053,True,False,False
4346,ＮＥＸＹＺ．Ｇｒｏｕｐ,2026-09-15,1055.0,1119.0,1119.0,1026.8,951.48,149100.0,1040.0,1066.0,1037.0,1057.0,15000.0,0.18957345971564177,-1.4218009478673022,1.6346153846153788,-5.540661304736371,-5.540661304736371,5.865657521286671,0.0,0.1006036217303823,True,False,False
4347,ブロードメディア,2026-09-15,1843.0,1883.0,1883.0,1774.4,1684.68,26280.0,1806.0,1831.0,1806.0,1843.0,32600.0,0.0,-2.0075963103635353,2.048726467331119,-2.1242697822623446,-2.1242697822623446,2.170374389582208,0.0,1.2404870624048707,True,False,False
4350,メディカルシステムネットワーク,2026-09-15,505.0,527.0,527.0,494.8,492.28,192860.0,507.0,510.0,502.0,505.0,64600.0,0.0,0.3960396039603964,-0.39447731755424265,-4.174573055028463,-4.174573055028463,4.35643564356436,0.0,0.334958000622213,False,False,False
4351,山田再生系債権回収総合事務所,2026-09-15,848.0,899.0,899.0,858.0,840.56,3140.0,842.0,842.0,842.0,848.0,3000.0,0.0,-0.7075471698113178,0.7125890736342066,-5.6729699666295925,-5.6729699666295925,6.014150943396235,0.0,0.9554140127388535,True,False,False
4356,応用技術,2026-09-15,1614.0,1664.0,1685.0,1618.0,1637.44,180.0,1613.0,1613.0,1613.0,1614.0,200.0,0.0,-0.06195786864932051,0.061996280223186595,-3.004807692307687,-4.21364985163205,4.399008674101612,1.262019230769229,1.1111111111111112,True,False,False
4360,マナック・ケミカル・パートナーズ,2026-09-15,960.0,1040.0,1040.0,952.8,941.64,7040.0,972.0,972.0,972.0,960.0,4300.0,0.0,1.2499999999999956,-1.2345679012345734,-7.692307692307687,-7.692307692307687,8.333333333333325,0.0,0.6107954545454546,False,False,False
4361,川口化学工業,2026-09-15,1581.0,1613.0,1613.0,1567.0,1563.44,1620.0,1581.0,1581.0,1581.0,1581.0,3500.0,0.0,0.0,0.0,-1.983880967141971,-1.983880967141971,2.024035420619863,0.0,2.1604938271604937,False,False,False
4362,日本精化,2026-09-15,2645.0,2787.0,2787.0,2625.4,2683.96,21160.0,2644.0,2661.0,2644.0,2645.0,17200.0,0.0,-0.03780718336483524,0.03782148260211837,-5.095084320057408,-5.095084320057408,5.368620037807181,0.0,0.8128544423440454,True,False,False
4365,松本油脂製薬,2026-09-15,25000.0,25810.0,25810.0,24940.0,22499.6,200.0,25000.0,25000.0,25000.0,25000.0,200.0,0.0,0.0,0.0,-3.138318481208835,-3.138318481208835,3.2399999999999984,0.0,1.0,False,False,False
4366,ダイトーケミックス,2026-09-15,436.0,467.0,478.0,438.0,438.24,60840.0,446.0,450.0,446.0,436.0,38300.0,0.0,2.2935779816513735,-2.2421524663677084,-6.638115631691644,-8.786610878661083,9.633027522935777,2.3554603854389677,0.6295200525969756,False,False,False
4368,扶桑化学工業,2026-09-15,2871.0,3315.0,4285.0,2847.0,3052.28,816400.0,2858.0,2895.0,2857.0,2883.0,47400.0,0.4179728317659448,-0.452803901079768,0.8747375787263811,-13.031674208144794,-32.718786464410734,48.62989941033646,29.26093514328809,0.05805977462028417,True,False,False
4369,トリケミカル研究所,2026-09-15,2941.0,3290.0,3750.0,2967.4,3150.44,478740.0,2900.0,2904.0,2885.0,2890.0,25700.0,-1.7341040462427793,-1.3940836450187066,-0.34482758620689724,-12.158054711246201,-22.933333333333326,29.757785467128016,13.981762917933139,0.05368258344821824,False,False,False
436A,サイバーソリューションズ,2026-09-15,1328.0,1341.0,1341.0,1247.8,1165.56,115680.0,1352.0,1365.0,1346.0,1328.0,110600.0,0.0,1.8072289156626509,-1.7751479289940808,-0.9694258016405666,-0.9694258016405666,0.9789156626506035,0.0,0.9560857538035962,False,False,False
4370,モビルス,2026-09-15,404.0,506.0,506.0,426.6,355.76,401340.0,400.0,400.0,395.0,404.0,103200.0,0.0,-0.990099009900991,1.0000000000000009,-20.158102766798415,-20.158102766798415,25.247524752475247,0.0,0.2571385857377784,True,False,False
4371,コアコンセプト・テクノロジー,2026-09-15,1454.0,1499.0,1570.0,1453.4,1417.16,10180.0,1451.0,1479.0,1451.0,1454.0,21800.0,0.0,-0.20632737276479185,0.2067539627842896,-3.0020013342228147,-7.388535031847132,7.9779917469051,4.736490993996001,2.1414538310412574,True,False,False
4373,シンプレクス・ホールディングス,2026-09-15,1162.0,1280.0,1280.0,1130.6,1168.12,1459220.0,1173.0,1174.0,1149.0,1158.0,314000.0,-0.344234079173833,0.9466437177280573,-1.2787723785166238,-9.531250000000002,-9.531250000000002,10.535405872193436,0.0,0.21518345417414783,False,False,False
4374,ＲＯＢＯＴ　ＰＡＹＭＥＮＴ,2026-09-15,2506.0,2560.0,2590.0,2492.0,2475.24,8060.0,2493.0,2499.0,2483.0,2506.0,6300.0,0.0,-0.5187549880287357,0.5214600882470943,-2.109375000000002,-3.2432432432432434,3.3519553072625774,1.171875,0.7816377171215881,True,False,False
4375,セーフィー,2026-09-15,680.0,714.0,714.0,665.4,664.96,124560.0,690.0,690.0,681.0,684.0,21500.0,0.588235294117645,1.4705882352941124,-0.8695652173912993,-4.201680672268903,-4.201680672268903,4.385964912280693,0.0,0.17260757867694285,False,False,False
4376,くふうカンパニーホールディングス,2026-09-15,178.0,178.0,180.0,167.4,165.64,52120.0,180.0,180.0,178.0,178.0,60700.0,0.0,1.1235955056179803,-1.1111111111111072,0.0,-1.1111111111111072,1.1235955056179803,1.1235955056179803,1.1646201074443592,False,False,False
4377,ワンキャリア,2026-09-15,2309.0,2666.0,2666.0,2280.4,2409.08,59960.0,2348.0,2348.0,2314.0,2309.0,69600.0,0.0,1.6890428757037723,-1.6609880749574146,-13.390847711927979,-13.390847711927979,15.461238631442175,0.0,1.160773849232822,False,False,False
4378,ＣＩＮＣ,2026-09-15,464.0,559.0,559.0,497.2,515.4,42960.0,468.0,471.0,468.0,464.0,27400.0,0.0,0.8620689655172376,-0.8547008547008517,-16.99463327370304,-16.99463327370304,20.474137931034477,0.0,0.6378026070763501,False,False,False
4379,Ｐｈｏｔｏｓｙｎｔｈ,2026-09-15,467.0,480.0,480.0,439.4,437.76,98140.0,465.0,483.0,461.0,481.0,31800.0,2.997858672376874,-0.4282655246252709,3.440860215053765,0.2083333333333437,0.2083333333333437,-0.20790020790020236,0.0,0.3240269003464439,True,True,True
4380,Ｍマート,2026-09-15,699.0,729.0,729.0,696.0,679.88,11960.0,699.0,699.0,699.0,699.0,14500.0,0.0,0.0,0.0,-4.115226337448563,-4.115226337448563,4.29184549356223,0.0,1.2123745819397993,False,False,False
4381,ビープラッツ,2026-09-15,235.0,376.0,488.0,245.4,314.12,524840.0,235.0,240.0,234.0,235.0,175900.0,0.0,0.0,0.0,-37.5,-51.84426229508197,107.6595744680851,29.78723404255319,0.3351497599268348,False,False,False
4382,ＨＥＲＯＺ,2026-09-15,836.0,867.0,867.0,793.2,766.56,255680.0,824.0,833.0,818.0,821.0,14800.0,-1.7942583732057371,-1.4354066985645897,-0.364077669902918,-5.305651672433676,-5.305651672433676,5.602923264311821,0.0,0.05788485607008761,False,False,False
4385,メルカリ,2026-09-15,3867.0,4914.0,5111.0,3893.4,4423.88,1630760.0,3797.0,3814.0,3765.0,3765.0,309600.0,-2.637703646237388,-1.81018877682958,-0.8427706083750319,-23.382173382173377,-26.33535511641557,35.75033200531208,4.008954008954002,0.18985013122715788,False,False,False
4386,ＳＩＧグループ,2026-09-15,871.0,912.0,945.0,876.2,895.4,2620.0,872.0,872.0,872.0,871.0,2200.0,0.0,0.11481056257176547,-0.11467889908256534,-4.495614035087714,-7.8306878306878325,8.495981630309979,3.6184210526315708,0.8396946564885496,False,False,False
4387,ＺＵＵ,2026-09-15,520.0,593.0,593.0,510.8,513.0,10380.0,520.0,520.0,520.0,520.0,6600.0,0.0,0.0,0.0,-12.310286677908932,-12.310286677908932,14.038461538461533,0.0,0.6358381502890174,False,False,False
4388,エーアイ,2026-09-15,378.0,380.0,380.0,376.2,370.72,17440.0,378.0,378.0,378.0,378.0,13000.0,0.0,0.0,0.0,-0.5263157894736858,-0.5263157894736858,0.5291005291005346,0.0,0.7454128440366973,False,False,False
4389,プロパティデータバンク,2026-09-15,1034.0,1134.0,1160.0,1067.6,1055.04,9960.0,1064.0,1064.0,1064.0,1034.0,5100.0,0.0,2.9013539651837617,-2.819548872180455,-8.818342151675484,-10.862068965517246,12.185686653771754,2.2927689594356204,0.5120481927710844,False,False,False
438A,インフキュリオン,2026-09-15,1044.0,1074.0,1074.0,1013.2,986.12,120980.0,1065.0,1081.0,1060.0,1066.0,29000.0,2.1072796934865856,2.011494252873569,0.09389671361501595,-0.7448789571694592,-0.7448789571694592,0.7504690431519689,0.0,0.23970904281699454,True,False,False
4390,ＩＰＳ,2026-09-15,4110.0,4320.0,4320.0,4092.0,4027.2,53280.0,4070.0,4130.0,4070.0,4115.0,2000.0,0.12165450121655041,-0.9732360097323589,1.1056511056511065,-4.745370370370372,-4.745370370370372,4.981773997569872,0.0,0.03753753753753754,True,False,False
4391,ロジザード,2026-09-15,1130.0,1168.0,1188.0,1148.4,1141.12,3860.0,1131.0,1131.0,1131.0,1130.0,3200.0,0.0,0.08849557522123686,-0.08841732979664174,-3.253424657534243,-4.882154882154888,5.132743362831849,1.7123287671232834,0.8290155440414507,False,False,False
4392,ＦＩＧ,2026-09-15,981.0,1433.0,1433.0,987.2,1083.6,1310900.0,968.0,972.0,960.0,970.0,93500.0,-1.1213047910295648,-1.3251783893985736,0.20661157024792765,-32.30983949755757,-32.30983949755757,47.731958762886606,0.0,0.07132504386299489,True,False,False
4393,バンク・オブ・イノベーション,2026-09-15,5880.0,6280.0,6280.0,5674.0,5504.0,38120.0,5900.0,5900.0,5850.0,5880.0,29700.0,0.0,0.340136054421758,-0.3389830508474523,-6.369426751592355,-6.369426751592355,6.802721088435382,0.0,0.779118572927597,False,False,False
4394,エクスモーション,2026-09-15,679.0,762.0,762.0,658.0,609.4,37820.0,677.0,677.0,662.0,679.0,56300.0,0.0,-0.2945508100147265,0.2954209748892156,-10.89238845144357,-10.89238845144357,12.223858615611194,0.0,1.4886303543098889,True,False,False
4395,アクリート,2026-09-15,582.0,775.0,775.0,589.0,683.04,195120.0,582.0,589.0,582.0,582.0,76700.0,0.0,0.0,0.0,-24.903225806451612,-24.903225806451612,33.161512027491405,0.0,0.39309143091430915,False,False,False
4396,システムサポートホールディングス,2026-09-15,1365.0,1455.0,1455.0,1334.2,1371.52,77600.0,1365.0,1381.0,1364.0,1371.0,4700.0,0.439560439560438,0.0,0.439560439560438,-5.7731958762886615,-5.7731958762886615,6.126914660831506,0.0,0.06056701030927835,True,False,False
4397,チームスピリット,2026-09-15,401.0,439.0,441.0,397.4,411.92,30000.0,397.0,397.0,397.0,401.0,20400.0,0.0,-0.9975062344139696,1.0075566750629816,-8.656036446469251,-9.0702947845805,9.975062344139651,0.4555808656036442,0.68,True,False,False
4398,ブロードバンドセキュリティ,2026-09-15,1321.0,1368.0,1368.0,1309.0,1293.24,4420.0,1323.0,1323.0,1323.0,1321.0,7600.0,0.0,0.15140045420136694,-0.15117157974300355,-3.4356725146198808,-3.4356725146198808,3.557910673732012,0.0,1.7194570135746607,False,False,False
4401,ＡＤＥＫＡ,2026-09-15,4420.0,4785.0,4913.0,4422.4,4587.4,238680.0,4480.0,4518.0,4480.0,4506.0,15500.0,1.9457013574660564,1.3574660633484115,0.5803571428571352,-5.830721003134798,-8.28414410746998,9.03240124278739,2.6750261233019934,0.0649405061169767,True,False,False
4403,日油,2026-09-15,2584.5,2812.0,2820.0,2611.0,2705.16,900220.0,2602.0,2609.0,2595.0,2598.5,32300.0,0.5416908492938743,0.6771135616173263,-0.13451191391237183,-7.592460881934571,-7.854609929078016,8.524148547238797,0.2844950213371167,0.03588011819333052,False,False,False
4404,ミヨシ油脂,2026-09-15,2219.0,2252.0,2252.0,2216.0,2161.8,15600.0,2219.0,2238.0,2219.0,2219.0,16400.0,0.0,0.0,0.0,-1.4653641207815316,-1.4653641207815316,1.4871563767462792,0.0,1.0512820512820513,False,False,False
4406,新日本理化,2026-09-15,233.0,257.0,262.0,235.2,247.92,275640.0,236.0,236.0,236.0,236.0,42600.0,1.2875536480686733,1.2875536480686733,0.0,-8.171206225680939,-9.92366412213741,11.016949152542367,1.9455252918287869,0.1545494122768829,False,False,False
4409,東邦化学工業,2026-09-15,786.0,794.0,794.0,788.8,779.92,4160.0,785.0,790.0,785.0,786.0,2500.0,0.0,-0.12722646310432406,0.1273885350318471,-1.0075566750629705,-1.0075566750629705,1.0178117048346147,0.0,0.6009615384615384,True,False,False
4410,ハリマ化成グループ,2026-09-15,1073.0,1185.0,1185.0,1073.4,1126.92,35600.0,1130.0,1131.0,1118.0,1120.0,24300.0,4.380242311276783,5.312208760484616,-0.8849557522123908,-5.485232067510548,-5.485232067510548,5.803571428571419,0.0,0.6825842696629213,False,False,False
4412,サイエンスアーツ,2026-09-15,1346.0,1425.0,1425.0,1341.6,1286.84,8360.0,1341.0,1341.0,1341.0,1346.0,4300.0,0.0,-0.3714710252600284,0.37285607755406236,-5.5438596491228065,-5.5438596491228065,5.869242199108471,0.0,0.5143540669856459,True,False,False
4413,ボードルア,2026-09-15,2966.0,3290.0,3290.0,2965.0,2952.8,305780.0,2968.0,2968.0,2967.0,2968.0,30500.0,0.06743088334457692,0.06743088334457692,0.0,-9.787234042553195,-9.787234042553195,10.849056603773576,0.0,0.09974491464451567,False,False,False
4414,フレクト,2026-09-15,1080.0,1343.0,1343.0,1081.2,1116.28,8200.0,1078.0,1078.0,1075.0,1080.0,8000.0,0.0,-0.18518518518518823,0.18552875695732052,-19.583023082650787,-19.583023082650787,24.351851851851848,0.0,0.975609756097561,True,False,False
4415,ブロードエンタープライズ,2026-09-15,1409.0,1437.0,1494.0,1393.8,1380.4,12000.0,1411.0,1411.0,1409.0,1409.0,11000.0,0.0,0.14194464158978626,-0.14174344436569397,-1.9485038274182354,-5.689424364123163,6.0326472675656495,3.9665970772442494,0.9166666666666666,False,False,False
4416,Ｔｒｕｅ　Ｄａｔａ,2026-09-15,405.0,445.0,466.0,407.0,410.44,3620.0,402.0,402.0,402.0,405.0,3000.0,0.0,-0.7407407407407418,0.746268656716409,-8.98876404494382,-13.090128755364805,15.061728395061724,4.719101123595504,0.8287292817679558,True,False,False
4417,グローバルセキュリティエキスパート,2026-09-15,5300.0,5500.0,5500.0,4660.0,4576.2,99700.0,5400.0,5400.0,5130.0,5250.0,32200.0,-0.9433962264150941,1.8867924528301883,-2.777777777777779,-4.545454545454541,-4.545454545454541,4.761904761904767,0.0,0.3229689067201605,False,False,False
4418,ＪＤＳＣ,2026-09-15,1090.0,1163.0,1163.0,1053.6,1033.36,156720.0,1096.0,1110.0,1093.0,1099.0,13600.0,0.8256880733944927,0.5504587155963359,0.27372262773721623,-5.5030094582975035,-5.5030094582975035,5.82347588717016,0.0,0.08677896886166411,True,False,False
4419,Ｆｉｎａｔｅｘｔホールディングス,2026-09-15,1415.0,1510.0,1674.0,1370.8,1384.24,298920.0,1422.0,1422.0,1402.0,1415.0,309400.0,0.0,0.4946996466431042,-0.4922644163150469,-6.29139072847682,-15.471923536439668,18.303886925795055,10.860927152317878,1.0350595477050717,False,False,False
441A,ＮＥ,2026-09-15,275.0,289.0,289.0,268.0,271.72,62680.0,275.0,279.0,275.0,275.0,60900.0,0.0,0.0,0.0,-4.844290657439442,-4.844290657439442,5.0909090909091015,0.0,0.9716017868538609,False,False,False
4420,イーソル,2026-09-15,820.0,1010.0,1010.0,821.0,770.68,376200.0,820.0,821.0,819.0,820.0,533300.0,0.0,0.0,0.0,-18.811881188118807,-18.811881188118807,23.17073170731707,0.0,1.4175970228601809,False,False,False
4421,ディ・アイ・システム,2026-09-15,951.0,957.0,957.0,950.8,941.92,3580.0,950.0,950.0,950.0,951.0,4200.0,0.0,-0.1051524710830698,0.10526315789474161,-0.6269592476489061,-0.6269592476489061,0.6309148264984188,0.0,1.1731843575418994,True,False,False
4422,ＶＡＬＵＥＮＥＸ,2026-09-15,505.0,664.0,664.0,524.6,570.4,192680.0,509.0,525.0,509.0,505.0,179800.0,0.0,0.7920792079207928,-0.7858546168958758,-23.945783132530117,-23.945783132530117,31.485148514851492,0.0,0.9331534149885821,False,False,False
4424,Ａｍａｚｉａ,2026-09-15,328.0,430.0,430.0,328.0,339.08,47880.0,330.0,331.0,330.0,328.0,23700.0,0.0,0.6097560975609762,-0.60606060606061,-23.720930232558135,-23.720930232558135,31.09756097560976,0.0,0.4949874686716792,False,False,False
4425,Ｋｕｄａｎ,2026-09-15,1414.0,1630.0,1755.0,1459.2,1522.04,196860.0,1419.0,1420.0,1418.0,1414.0,127200.0,0.0,0.35360678925036026,-0.35236081747709314,-13.25153374233129,-19.430199430199437,24.115983026874122,7.668711656441718,0.6461444681499543,False,False,False
4427,ＥｄｕＬａｂ,2026-09-15,239.0,248.0,248.0,232.6,222.48,31420.0,242.0,242.0,242.0,239.0,17500.0,0.0,1.2552301255230214,-1.2396694214875992,-3.629032258064513,-3.629032258064513,3.765690376569042,0.0,0.5569700827498408,False,False,False
4429,リックソフト,2026-09-15,748.0,771.0,771.0,728.2,723.64,3900.0,746.0,749.0,738.0,748.0,1800.0,0.0,-0.2673796791443861,0.2680965147453085,-2.983138780804151,-2.983138780804151,3.074866310160429,0.0,0.46153846153846156,True,False,False
442A,クラシコ,2026-09-15,856.0,993.0,993.0,949.2,970.4,8200.0,860.0,861.0,856.0,856.0,33200.0,0.0,0.4672897196261738,-0.46511627906976605,-13.796576032225582,-13.796576032225582,16.004672897196272,0.0,4.048780487804878,False,False,False
4430,東海ソフト,2026-09-15,1760.0,1840.0,1840.0,1747.8,1726.8,10440.0,1753.0,1753.0,1753.0,1760.0,6100.0,0.0,-0.39772727272727737,0.3993154592127679,-4.347826086956519,-4.347826086956519,4.545454545454541,0.0,0.5842911877394636,True,False,False
4431,スマレジ,2026-09-15,3340.0,3825.0,3825.0,3326.0,3421.8,125160.0,3325.0,3350.0,3280.0,3340.0,334000.0,0.0,-0.44910179640718084,0.4511278195488799,-12.679738562091503,-12.679738562091503,14.520958083832337,0.0,2.668584212208373,True,False,False
4432,ウイングアーク１ｓｔ,2026-09-15,3290.0,3585.0,3585.0,3201.0,3287.2,99220.0,3290.0,3320.0,3275.0,3320.0,5900.0,0.911854103343468,0.0,0.911854103343468,-7.3919107391910766,-7.3919107391910766,7.981927710843384,0.0,0.059463817778673655,True,False,False
4433,ヒト・コミュニケーションズ・ホールディングス,2026-09-15,865.0,912.0,912.0,854.2,882.64,33840.0,862.0,866.0,861.0,865.0,32600.0,0.0,-0.3468208092485603,0.34802784222738303,-5.153508771929827,-5.153508771929827,5.433526011560685,0.0,0.9633569739952719,True,False,False
4434,サーバーワークス,2026-09-15,2413.0,2682.0,2682.0,2417.0,2459.24,27420.0,2429.0,2433.0,2413.0,2413.0,20500.0,0.0,0.6630750103605365,-0.6587072869493671,-10.029828486204329,-10.029828486204329,11.147948611686687,0.0,0.7476294675419402,False,False,False
4436,ミンカブ・ジ・インフォノイド,2026-09-15,418.0,427.0,472.0,415.2,422.8,14940.0,421.0,421.0,417.0,418.0,19100.0,0.0,0.7177033492822948,-0.7125890736342066,-2.1077283372365363,-11.440677966101697,12.91866028708133,10.53864168618266,1.2784471218206157,False,False,False
4437,ｇｏｏｄｄａｙｓホールディングス,2026-09-15,729.0,805.0,837.0,732.6,765.84,2380.0,729.0,729.0,729.0,729.0,800.0,0.0,0.0,0.0,-9.440993788819874,-12.903225806451612,14.814814814814813,3.9751552795030953,0.33613445378151263,False,False,False
4438,Ｗｅｌｂｙ,2026-09-15,246.0,274.0,274.0,251.0,257.44,10120.0,250.0,251.0,244.0,246.0,13100.0,0.0,1.6260162601626105,-1.6000000000000014,-10.21897810218978,-10.21897810218978,11.382113821138207,0.0,1.2944664031620554,False,False,False
4439,東名,2026-09-15,801.0,820.0,820.0,785.8,779.04,3000.0,779.0,801.0,775.0,801.0,4100.0,0.0,-2.7465667915106073,2.8241335044929317,-2.3170731707317094,-2.3170731707317094,2.372034956304625,0.0,1.3666666666666667,True,False,False
4440,ヴィッツ,2026-09-15,2185.0,3070.0,3070.0,2316.8,1590.4,4080060.0,2136.0,2189.0,2110.0,2122.0,96200.0,-2.8832951945080065,-2.2425629290617866,-0.6554307116104829,-30.879478827361563,-30.879478827361563,44.674835061262954,0.0,0.023578084636010254,False,False,False
4441,トビラシステムズ,2026-09-15,1514.0,1602.0,1670.0,1513.8,1484.24,35160.0,1525.0,1530.0,1517.0,1514.0,19800.0,0.0,0.7265521796565366,-0.721311475409836,-5.493133583021226,-9.341317365269465,10.303830911492739,4.244694132334592,0.5631399317406144,False,False,False
4442,バルテス・ホールディングス,2026-09-15,402.0,416.0,416.0,402.0,403.64,26140.0,402.0,403.0,402.0,402.0,41700.0,0.0,0.0,0.0,-3.3653846153846145,-3.3653846153846145,3.482587064676612,0.0,1.5952563121652639,False,False,False
4443,Ｓａｎｓａｎ,2026-09-15,2080.0,2355.0,2355.0,2020.6,2110.12,1049600.0,2087.0,2092.0,2045.0,2066.0,92700.0,-0.6730769230769207,0.33653846153847145,-1.0062290368950677,-12.271762208067937,-12.271762208067937,13.98838334946757,0.0,0.08831935975609756,False,False,False
4444,インフォネット,2026-09-15,955.0,969.0,1050.0,947.0,952.24,1540.0,955.0,955.0,955.0,955.0,2900.0,0.0,0.0,0.0,-1.4447884416924683,-9.04761904761905,9.947643979057585,8.359133126934992,1.8831168831168832,False,False,False
4445,リビン・テクノロジーズ,2026-09-15,1972.0,1989.0,1989.0,1955.0,1894.36,1660.0,1975.0,1975.0,1975.0,1972.0,2200.0,0.0,0.15212981744421317,-0.15189873417721378,-0.8547008547008517,-0.8547008547008517,0.8620689655172376,0.0,1.3253012048192772,False,False,False
4446,Ｌｉｎｋ－Ｕグループ,2026-09-15,760.0,924.0,924.0,856.4,847.72,152340.0,752.0,753.0,746.0,747.0,15900.0,-1.7105263157894735,-1.0526315789473717,-0.6648936170212782,-19.15584415584416,-19.15584415584416,23.69477911646587,0.0,0.10437179992122883,False,False,False
4447,ピー・ビーシステムズ,2026-09-15,500.0,511.0,511.0,496.6,496.52,6900.0,501.0,501.0,501.0,500.0,7800.0,0.0,0.20000000000000018,-0.1996007984031989,-2.1526418786692814,-2.1526418786692814,2.200000000000002,0.0,1.1304347826086956,False,False,False
4448,ｋｕｂｅｌｌ,2026-09-15,358.0,378.0,378.0,352.0,350.12,88720.0,361.0,361.0,361.0,358.0,45200.0,0.0,0.8379888268156499,-0.8310249307479256,-5.291005291005291,-5.291005291005291,5.586592178770955,0.0,0.5094679891794409,False,False,False
4450,パワーソリューションズ,2026-09-15,2320.0,2384.0,2384.0,2322.8,2285.92,1600.0,2320.0,2320.0,2320.0,2320.0,1400.0,0.0,0.0,0.0,-2.684563758389258,-2.684563758389258,2.758620689655178,0.0,0.875,False,False,False
4452,花王,2026-09-15,3443.0,3699.0,3782.0,3427.4,3532.64,2737640.0,3448.0,3470.0,3448.0,3469.0,120000.0,0.7551553877432449,0.1452221899506334,0.6090487238979092,-6.217896728845629,-8.276044420941297,9.022773133467865,2.2438496891051596,0.04383337473152058,True,False,False
4461,第一工業製薬,2026-09-15,12020.0,14770.0,15900.0,12542.0,13560.0,173740.0,11950.0,12110.0,11950.0,12020.0,93500.0,0.0,-0.5823627287853572,0.585774058577404,-18.618821936357477,-24.402515723270433,32.279534109816964,7.650643195666884,0.538160469667319,True,False,False
4462,石原ケミカル,2026-09-15,2809.0,3140.0,3380.0,2821.8,2992.76,27660.0,2837.0,2859.0,2811.0,2809.0,26800.0,0.0,0.9967960128159481,-0.9869580542826939,-10.541401273885354,-16.89349112426035,20.32751868992524,7.643312101910826,0.9689081706435285,False,False,False
4463,日華化学,2026-09-15,1970.0,2092.0,2121.0,1931.8,2010.72,28860.0,1963.0,1970.0,1959.0,1970.0,53300.0,0.0,-0.35532994923858086,0.356597045338769,-5.8317399617590855,-7.1192833569071245,7.664974619289344,1.3862332695984803,1.8468468468468469,True,False,False
4464,ソフト９９コーポレーション,2026-09-15,4045.0,4050.0,4050.0,3678.0,3577.4,11160.0,4045.0,4050.0,4045.0,4045.0,14500.0,0.0,0.0,0.0,-0.12345679012345512,-0.12345679012345512,0.12360939431397266,0.0,1.299283154121864,False,False,False
4465,ニイタカ,2026-09-15,2354.0,2499.0,2499.0,2372.6,2389.48,6540.0,2354.0,2354.0,2354.0,2354.0,2600.0,0.0,0.0,0.0,-5.802320928371351,-5.802320928371351,6.159728122344954,0.0,0.39755351681957185,False,False,False
446A,ノースサンド,2026-09-15,2099.0,2354.0,2354.0,1995.2,2010.52,985120.0,2103.0,2103.0,2060.0,2097.0,44900.0,-0.0952834683182413,0.1905669366364826,-0.28530670470755526,-10.917587085811387,-10.917587085811387,12.255603242727698,0.0,0.04557820367061881,False,False,False
4471,三洋化成工業,2026-09-15,6010.0,6740.0,6740.0,5964.0,6254.8,91100.0,6040.0,6090.0,6010.0,6070.0,6500.0,0.9983361064891838,0.4991680532445919,0.4966887417218624,-9.940652818991103,-9.940652818991103,11.037891268533762,0.0,0.07135016465422613,True,False,False
4475,ＨＥＮＮＧＥ,2026-09-15,1739.0,1816.0,1816.0,1684.4,1586.64,669540.0,1724.0,1755.0,1721.0,1752.0,37300.0,0.7475560667050019,-0.8625646923519303,1.6241299303944245,-3.524229074889873,-3.524229074889873,3.65296803652968,0.0,0.05570989037249455,True,False,False
4476,ＡＩ　ＣＲＯＳＳ,2026-09-15,1081.0,1204.0,1204.0,1079.4,1118.72,10180.0,1091.0,1096.0,1090.0,1081.0,7000.0,0.0,0.9250693802035137,-0.9165902841429929,-10.215946843853818,-10.215946843853818,11.378353376503236,0.0,0.68762278978389,False,False,False
4477,ＢＡＳＥ,2026-09-15,339.0,375.0,375.0,337.8,324.0,928360.0,338.0,338.0,337.0,339.0,858900.0,0.0,-0.2949852507374673,0.2958579881656709,-9.599999999999998,-9.599999999999998,10.619469026548668,0.0,0.925179887112758,True,False,False
4478,フリー,2026-09-15,3930.0,4585.0,4585.0,3861.0,3783.64,498480.0,3920.0,3945.0,3865.0,3910.0,14600.0,-0.5089058524173073,-0.2544529262086481,-0.25510204081632404,-14.721919302071973,-14.721919302071973,17.263427109974415,0.0,0.029289038677579843,False,False,False
4479,マクアケ,2026-09-15,982.0,1035.0,1035.0,963.2,929.96,27960.0,978.0,981.0,978.0,982.0,15700.0,0.0,-0.40733197556007683,0.4089979550102152,-5.120772946859908,-5.120772946859908,5.397148676171071,0.0,0.5615164520743919,True,False,False
4480,メドレー,2026-09-15,2380.0,2995.0,3040.0,2411.8,2601.64,270700.0,2370.0,2387.0,2344.0,2358.0,14900.0,-0.9243697478991564,-0.42016806722688926,-0.5063291139240533,-21.268781302170282,-22.43421052631579,28.922815945716707,1.5025041736226985,0.05504248245289989,False,False,False
4481,ベース,2026-09-15,3255.0,3445.0,3445.0,3227.0,3296.4,64080.0,3245.0,3260.0,3245.0,3255.0,34800.0,0.0,-0.3072196620583667,0.30816640986133237,-5.515239477503631,-5.515239477503631,5.837173579109067,0.0,0.5430711610486891,True,False,False
4482,ウィルズ,2026-09-15,748.0,748.0,755.0,743.8,736.32,6180.0,749.0,749.0,749.0,748.0,6200.0,0.0,0.13368983957218195,-0.1335113484646211,0.0,-0.9271523178807972,0.9358288770053402,0.9358288770053402,1.0032362459546926,False,False,False
4483,ＪＭＤＣ,2026-09-15,3610.0,3655.0,3655.0,3560.0,3474.2,313220.0,3610.0,3610.0,3570.0,3610.0,208600.0,0.0,0.0,0.0,-1.2311901504788003,-1.2311901504788003,1.2465373961218829,0.0,0.6659855692484515,False,False,False
4484,ランサーズ,2026-09-15,297.0,309.0,309.0,296.8,293.32,7800.0,299.0,299.0,299.0,297.0,9700.0,0.0,0.6734006734006703,-0.6688963210702337,-3.8834951456310662,-3.8834951456310662,4.040404040404044,0.0,1.2435897435897436,False,False,False
4486,ユナイトアンドグロウ,2026-09-15,674.0,709.0,709.0,667.6,684.88,5040.0,680.0,680.0,677.0,674.0,9600.0,0.0,0.8902077151335286,-0.8823529411764675,-4.936530324400568,-4.936530324400568,5.192878338278928,0.0,1.9047619047619047,False,False,False
4487,スペースマーケット,2026-09-15,228.0,235.0,239.0,231.4,229.76,2240.0,228.0,228.0,228.0,228.0,3500.0,0.0,0.0,0.0,-2.9787234042553234,-4.602510460251041,4.824561403508776,1.7021276595744705,1.5625,False,False,False
4488,ＡＩ　ｉｎｓｉｄｅ,2026-09-15,2140.0,2380.0,2380.0,2118.4,2179.12,7080.0,2129.0,2129.0,2126.0,2140.0,6200.0,0.0,-0.5140186915887801,0.5166744950681146,-10.084033613445376,-10.084033613445376,11.214953271028039,0.0,0.8757062146892656,True,False,False
4490,ビザスク,2026-09-15,655.0,689.0,690.0,644.2,663.44,7260.0,655.0,655.0,655.0,655.0,3600.0,0.0,0.0,0.0,-4.934687953555883,-5.072463768115942,5.343511450381677,0.14513788098693414,0.49586776859504134,False,False,False
4491,コンピューターマネージメント,2026-09-15,3310.0,3390.0,3390.0,3332.0,3286.0,2340.0,3310.0,3310.0,3295.0,3310.0,4100.0,0.0,0.0,0.0,-2.359882005899705,-2.359882005899705,2.4169184290030232,0.0,1.7521367521367521,False,False,False
4492,ゼネテック,2026-09-15,399.0,430.0,430.0,400.8,388.8,32860.0,398.0,399.0,395.0,399.0,1000.0,0.0,-0.25062656641604564,0.2512562814070307,-7.20930232558139,-7.20930232558139,7.769423558897248,0.0,0.030432136335970784,True,False,False
4493,サイバーセキュリティクラウド,2026-09-15,1924.0,2048.0,2048.0,1801.8,1867.28,212860.0,1900.0,1911.0,1885.0,1894.0,17700.0,-1.5592515592515621,-1.2474012474012475,-0.31578947368421373,-7.51953125,-7.51953125,8.130939809926074,0.0,0.0831532462651508,False,False,False
4495,アイキューブドシステムズ,2026-09-15,2061.0,2196.0,2196.0,2012.0,1990.8,9980.0,2041.0,2041.0,2040.0,2061.0,5200.0,0.0,-0.9704027171276053,0.9799118079372837,-6.147540983606559,-6.147540983606559,6.550218340611358,0.0,0.5210420841683366,True,False,False
4496,コマースＯｎｅホールディングス,2026-09-15,778.0,796.0,824.0,774.4,776.4,5000.0,773.0,773.0,773.0,778.0,7500.0,0.0,-0.6426735218509005,0.6468305304010435,-2.261306532663321,-5.582524271844658,5.9125964010282805,3.5175879396984966,1.5,True,False,False
4498,サイバートラスト,2026-09-15,1163.0,1396.0,1396.0,1165.6,1274.8,162620.0,1159.0,1163.0,1145.0,1163.0,6100.0,0.0,-0.34393809114359186,0.3451251078516071,-16.690544412607455,-16.690544412607455,20.03439380911436,0.0,0.03751076128397491,True,False,False
4499,Ｓｐｅｅｅ,2026-09-15,2249.0,2940.0,2940.0,2273.6,2469.32,118580.0,2215.0,2236.0,2215.0,2233.0,24400.0,-0.7114273010226713,-1.5117830146731848,0.812641083521437,-24.04761904761905,-24.04761904761905,31.661442006269592,0.0,0.20576825771630966,True,False,False
4502,武田薬品工業,2026-09-15,5847.0,5917.0,5917.0,5704.4,5741.52,4358200.0,5846.0,5884.0,5820.0,5884.0,440500.0,0.6328031469129414,-0.017102787754408322,0.6500171057133075,-0.5577150583065738,-0.5577150583065738,0.5608429639700985,0.0,0.10107383782295443,True,False,False
4503,アステラス製薬,2026-09-15,2315.0,2455.0,2455.0,2262.4,2344.9,5566140.0,2313.5,2322.5,2302.0,2322.5,402700.0,0.3239740820734305,-0.06479481641468166,0.38902096390749374,-5.397148676171081,-5.397148676171081,5.7050592034445735,0.0,0.07234816228122182,True,False,False
4506,住友ファーマ,2026-09-15,1582.5,1699.0,1699.0,1551.5,1495.08,3471820.0,1574.5,1585.5,1553.5,1567.5,253800.0,-0.9478672985781977,-0.5055292259083743,-0.44458558272467696,-7.739846968805175,-7.739846968805175,8.389154704944168,0.0,0.07310286823625649,False,False,False
4507,塩野義製薬,2026-09-15,2904.0,3026.0,3026.0,2852.5,2889.64,2668960.0,2887.5,2903.0,2871.0,2901.5,266800.0,-0.08608815426996985,-0.5681818181818232,0.48484848484848797,-4.114342366159951,-4.114342366159951,4.29088402550406,0.0,0.09996403093339727,True,False,False
4512,わかもと製薬,2026-09-15,302.0,319.0,319.0,294.6,295.08,27800.0,303.0,303.0,301.0,302.0,38500.0,0.0,0.3311258278145601,-0.330033003300334,-5.3291536050156685,-5.3291536050156685,5.629139072847678,0.0,1.3848920863309353,False,False,False
4516,日本新薬,2026-09-15,3429.0,3704.0,3761.0,3387.0,3531.76,332680.0,3411.0,3428.0,3407.0,3428.0,16500.0,-0.02916302128900261,-0.5249343832021025,0.4983875696276785,-7.45140388768899,-8.854028183993623,9.71411901983663,1.538876889848817,0.04959721053264398,True,False,False
4519,中外製薬,2026-09-15,6500.0,7141.0,7229.0,6446.0,6825.84,2536880.0,6470.0,6476.0,6411.0,6460.0,308900.0,-0.6153846153846176,-0.4615384615384577,-0.1545595054095794,-9.536479484666016,-10.63770922672569,11.904024767801857,1.232320403304854,0.12176374128851188,False,False,False
4521,科研製薬,2026-09-15,3905.0,4055.0,4060.0,3864.0,3959.4,100380.0,3905.0,3925.0,3905.0,3925.0,5000.0,0.5121638924455718,0.0,0.5121638924455718,-3.205918618988901,-3.325123152709364,3.439490445859872,0.12330456226881115,0.049810719266786214,True,False,False
4523,エーザイ,2026-09-15,4767.0,5040.0,5040.0,4691.2,4783.08,1188540.0,4789.0,4805.0,4755.0,4805.0,59400.0,0.7971470526536573,0.4615061883784355,0.33409897682188383,-4.662698412698408,-4.662698412698408,4.8907388137356955,0.0,0.049977283053157656,True,False,False
4524,森下仁丹,2026-09-15,2246.0,2249.0,2249.0,2241.4,2242.08,860.0,2238.0,2246.0,2236.0,2246.0,1200.0,0.0,-0.3561887800534236,0.3574620196604039,-0.13339261894175225,-0.13339261894175225,0.13357079252003246,0.0,1.3953488372093024,True,False,False
4526,理研ビタミン,2026-09-15,3315.0,3470.0,3470.0,3299.0,3320.2,75660.0,3320.0,3325.0,3315.0,3325.0,17800.0,0.3016591251885359,0.15082956259426794,0.1506024096385561,-4.17867435158501,-4.17867435158501,4.360902255639099,0.0,0.2352630187681734,True,False,False
4527,ロート製薬,2026-09-15,2865.0,3122.0,3122.0,2832.3,2910.72,889800.0,2873.0,2909.5,2856.0,2905.0,69000.0,1.3961605584642323,0.2792321116928509,1.1138183083884368,-6.950672645739909,-6.950672645739909,7.469879518072298,0.0,0.07754551584625759,True,False,False
4528,小野薬品工業,2026-09-15,2353.5,2517.5,2517.5,2341.5,2428.16,1289440.0,2355.0,2358.0,2335.5,2351.0,61400.0,-0.10622477161673638,0.06373486297004405,-0.1698513800424628,-6.613704071499504,-6.613704071499504,7.082092726499356,0.0,0.04761757041816603,False,False,False
4531,有機合成薬品工業,2026-09-15,353.0,374.0,374.0,352.2,359.8,27680.0,353.0,354.0,353.0,353.0,12500.0,0.0,0.0,0.0,-5.614973262032086,-5.614973262032086,5.9490084985835745,0.0,0.4515895953757225,False,False,False
4534,持田製薬,2026-09-15,3250.0,3340.0,3340.0,3198.0,3247.2,37660.0,3260.0,3275.0,3225.0,3275.0,3100.0,0.7692307692307665,0.3076923076922977,0.4601226993865115,-1.9461077844311392,-1.9461077844311392,1.984732824427482,0.0,0.08231545406266595,True,False,False
4536,参天製薬,2026-09-15,1742.0,1964.5,1990.0,1742.7,1853.44,952040.0,1734.5,1745.0,1728.0,1744.5,43700.0,0.14351320321470684,-0.4305396096440872,0.5765350245027445,-11.198778315092895,-12.336683417085425,14.07280022929207,1.2980402137948488,0.04590143271291122,True,False,False
4538,扶桑薬品工業,2026-09-15,2231.0,2330.0,2330.0,2209.4,2270.88,13580.0,2231.0,2231.0,2231.0,2231.0,15100.0,0.0,0.0,0.0,-4.248927038626604,-4.248927038626604,4.437471985656649,0.0,1.1119293078055965,False,False,False
4539,日本ケミファ,2026-09-15,1550.0,1612.0,1612.0,1551.6,1570.68,1140.0,1550.0,1550.0,1543.0,1550.0,2000.0,0.0,0.0,0.0,-3.8461538461538436,-3.8461538461538436,4.0000000000000036,0.0,1.7543859649122806,False,False,False
4540,ツムラ,2026-09-15,3766.0,3870.0,3870.0,3729.8,3751.68,647080.0,3798.0,3798.0,3764.0,3791.0,16300.0,0.6638343069569785,0.849707912904929,-0.18430753027909308,-2.0413436692506504,-2.0413436692506504,2.0838828805064713,0.0,0.02519008468813748,False,False,False
4543,テルモ,2026-09-15,2242.5,2645.5,2689.0,2250.8,2478.12,5366080.0,2254.0,2269.5,2252.0,2269.0,190800.0,1.1817168338907447,0.512820512820511,0.6654835847382357,-14.231714231714232,-15.619189289698776,18.510356985456156,1.644301644301649,0.0355566819726877,True,False,False
4544,Ｈ．Ｕ．グループホールディングス,2026-09-15,3516.0,3716.0,3717.0,3433.0,3559.16,198760.0,3520.0,3547.0,3510.0,3516.0,149300.0,0.0,0.11376564277587597,-0.1136363636363602,-5.382131324004302,-5.407586763518967,5.716723549488045,0.026910656620016127,0.7511571744817871,False,False,False
4547,キッセイ薬品工業,2026-09-15,4015.0,4155.0,4180.0,3993.0,4072.4,54880.0,4015.0,4015.0,3990.0,4015.0,48400.0,0.0,0.0,0.0,-3.369434416365824,-3.9473684210526327,4.109589041095885,0.6016847172081841,0.8819241982507289,False,False,False
4548,生化学工業,2026-09-15,672.0,734.0,734.0,673.8,702.2,410600.0,672.0,676.0,672.0,676.0,34200.0,0.5952380952380931,0.0,0.5952380952380931,-7.901907356948223,-7.901907356948223,8.579881656804744,0.0,0.08329274232830004,True,False,False
4549,栄研化学,2026-09-15,2260.0,2392.0,2392.0,2246.0,2303.36,133840.0,2272.0,2280.0,2269.0,2273.0,7300.0,0.5752212389380507,0.5309734513274433,0.044014084507049134,-4.974916387959871,-4.974916387959871,5.235371755389351,0.0,0.0545427375971309,True,False,False
4552,ＪＣＲファーマ,2026-09-15,516.0,546.0,546.0,518.4,525.12,449940.0,515.0,518.0,515.0,516.0,274700.0,0.0,-0.19379844961240345,0.1941747572815622,-5.494505494505497,-5.494505494505497,5.813953488372103,0.0,0.6105258478908299,True,False,False
4553,東和薬品,2026-09-15,3625.0,3995.0,3995.0,3545.0,3731.2,120900.0,3635.0,3640.0,3615.0,3635.0,4800.0,0.2758620689655267,0.2758620689655267,0.0,-9.011264080100123,-9.011264080100123,9.903713892709764,0.0,0.03970223325062035,False,False,False
4554,富士製薬工業,2026-09-15,1802.0,1892.0,1892.0,1750.6,1805.0,90860.0,1791.0,1807.0,1772.0,1806.0,6800.0,0.2219755826859071,-0.6104328523862335,0.8375209380234505,-4.545454545454541,-4.545454545454541,4.761904761904767,0.0,0.07484041382346467,True,False,False
4558,中京医薬品,2026-09-15,201.0,203.0,203.0,200.4,201.0,6020.0,200.0,201.0,200.0,201.0,6900.0,0.0,-0.497512437810943,0.49999999999998934,-0.9852216748768461,-0.9852216748768461,0.995024875621886,0.0,1.1461794019933556,True,False,False
4559,ゼリア新薬工業,2026-09-15,2014.0,2173.0,2173.0,1994.2,2048.4,137700.0,2014.0,2018.0,2014.0,2016.0,13800.0,0.09930486593843213,0.0,0.09930486593843213,-7.2250345144960875,-7.2250345144960875,7.787698412698418,0.0,0.10021786492374728,True,False,False
4563,アンジェス,2026-09-15,36.0,45.0,51.0,37.0,40.72,2528780.0,35.0,36.0,35.0,36.0,104200.0,0.0,-2.777777777777779,2.857142857142847,-19.999999999999996,-29.411764705882348,41.66666666666667,13.33333333333333,0.041205640664668336,True,False,False
4564,オンコセラピー・サイエンス,2026-09-15,23.0,23.0,23.0,22.6,21.52,167797280.0,23.0,23.0,22.0,23.0,286073200.0,0.0,0.0,0.0,0.0,0.0,0.0,0.0,1.7048738811499209,False,False,False
4565,ネクセラファーマ,2026-09-15,1233.0,1264.0,1264.0,1219.0,1143.76,1194840.0,1230.0,1240.0,1228.0,1237.0,47500.0,0.32441200324411223,-0.24330900243308973,0.5691056910569037,-2.136075949367089,-2.136075949367089,2.182700080840738,0.0,0.03975427672324328,True,False,False
4568,第一三共,2026-09-15,2836.5,2958.0,2958.0,2774.7,2803.56,5380540.0,2825.0,2836.0,2813.0,2834.0,357800.0,-0.08813678829543425,-0.40542922615900423,0.3185840707964571,-4.192021636240706,-4.192021636240706,4.375441072688768,0.0,0.06649890159723745,True,False,False
4569,杏林製薬,2026-09-15,1124.0,1205.0,1205.0,1108.2,1141.28,188240.0,1125.0,1127.0,1124.0,1124.0,201000.0,0.0,0.0889679715302405,-0.0888888888888939,-6.721991701244812,-6.721991701244812,7.206405693950169,0.0,1.0677858053548661,False,False,False
456A,ＨＵＭＡＮ　ＭＡＤＥ,2026-09-15,1459.0,1799.0,1799.0,1421.6,1503.72,923620.0,1450.0,1469.0,1444.0,1450.0,37300.0,-0.6168608636052064,-0.6168608636052064,0.0,-19.399666481378542,-19.399666481378542,24.06896551724138,0.0,0.04038457374244819,False,False,False
4570,免疫生物研究所,2026-09-15,1162.0,1192.0,1192.0,1145.2,1081.68,133860.0,1165.0,1188.0,1156.0,1170.0,21900.0,0.688468158347666,0.2581755593803692,0.42918454935623185,-1.845637583892612,-1.845637583892612,1.8803418803418737,0.0,0.1636037651277454,True,False,False
4571,ＮＡＮＯホールディングス,2026-09-15,98.0,118.0,118.0,99.4,102.8,350900.0,98.0,98.0,97.0,98.0,419700.0,0.0,0.0,0.0,-16.94915254237288,-16.94915254237288,20.408163265306122,0.0,1.1960672556283842,False,False,False
4572,カルナバイオサイエンス,2026-09-15,432.0,470.0,470.0,432.6,404.28,69620.0,435.0,435.0,433.0,433.0,8100.0,0.23148148148148806,0.694444444444442,-0.45977011494252595,-7.87234042553191,-7.87234042553191,8.545034642032334,0.0,0.11634587762137318,False,False,False
4574,大幸薬品,2026-09-15,258.0,272.0,273.0,252.4,260.28,72820.0,256.0,256.0,255.0,258.0,62000.0,0.0,-0.7751937984496138,0.78125,-5.147058823529416,-5.494505494505497,5.813953488372103,0.3676470588235281,0.8514144465806097,True,False,False
4575,キャンバス,2026-09-15,735.0,925.0,925.0,748.0,795.16,125380.0,730.0,733.0,722.0,731.0,10400.0,-0.5442176870748328,-0.6802721088435382,0.136986301369868,-20.97297297297297,-20.97297297297297,26.5389876880985,0.0,0.08294783857074493,True,False,False
4576,デ・ウエスタン・セラピテクス研究所,2026-09-15,69.0,91.0,91.0,84.2,85.72,577220.0,71.0,71.0,70.0,69.0,2369600.0,0.0,2.898550724637672,-2.8169014084507005,-24.17582417582418,-24.17582417582418,31.8840579710145,0.0,4.105193860226604,False,False,False
4577,ダイト,2026-09-15,1289.0,1385.0,1385.0,1270.4,1316.88,71900.0,1289.0,1300.0,1289.0,1300.0,6100.0,0.853374709076804,0.0,0.853374709076804,-6.137184115523464,-6.137184115523464,6.538461538461537,0.0,0.08484005563282336,True,False,False
4578,大塚ホールディングス,2026-09-15,11425.0,12655.0,12795.0,11433.0,12011.6,1297620.0,11360.0,11410.0,11150.0,11245.0,116400.0,-1.5754923413566768,-0.5689277899343592,-1.0123239436619746,-11.141841169498223,-12.11410707307542,13.783903957314369,1.1062821019359959,0.08970268645674388,False,False,False
4579,ラクオリア創薬,2026-09-15,568.0,617.0,617.0,554.6,552.76,103020.0,575.0,580.0,574.0,579.0,41700.0,1.936619718309851,1.232394366197176,0.6956521739130528,-6.158833063209079,-6.158833063209079,6.563039723661479,0.0,0.40477577169481654,True,False,False
4582,シンバイオ製薬,2026-09-15,56.0,69.0,74.0,57.2,63.4,933980.0,55.0,55.0,55.0,56.0,725800.0,0.0,-1.7857142857142905,1.8181818181818077,-18.840579710144922,-24.32432432432432,32.14285714285714,7.246376811594213,0.7771044347844708,True,False,False
4583,カイオム・バイオサイエンス,2026-09-15,88.0,119.0,119.0,89.0,86.2,2112600.0,87.0,87.0,86.0,88.0,1051800.0,0.0,-1.1363636363636354,1.1494252873563315,-26.050420168067223,-26.050420168067223,35.22727272727273,0.0,0.4978699233172394,True,False,False
4584,キッズウェル・バイオ,2026-09-15,165.0,186.0,186.0,165.4,167.72,200080.0,167.0,167.0,166.0,167.0,30200.0,1.21212121212122,1.21212121212122,0.0,-10.215053763440862,-10.215053763440862,11.377245508982025,0.0,0.15093962415033987,False,False,False
4586,メドレックス,2026-09-15,61.0,68.0,72.0,60.2,63.32,535020.0,60.0,60.0,60.0,60.0,75900.0,-1.6393442622950838,-1.6393442622950838,0.0,-11.764705882352944,-16.666666666666664,19.999999999999996,5.882352941176472,0.14186385555680162,False,False,False
4587,ペプチドリーム,2026-09-15,1060.5,1155.0,1155.0,1065.7,1073.72,676160.0,1060.0,1064.0,1050.0,1052.0,39900.0,-0.8015087223008033,-0.047147571900052476,-0.7547169811320753,-8.917748917748913,-8.917748917748913,9.790874524714832,0.0,0.05900970184571699,False,False,False
4588,オンコリスバイオファーマ,2026-09-15,6390.0,6480.0,6480.0,5942.0,4381.2,2080140.0,6380.0,6660.0,6380.0,6640.0,247200.0,3.9123630672926346,-0.15649452269170805,4.0752351097178785,2.4691358024691468,2.4691358024691468,-2.409638554216864,0.0,0.11883815512417434,True,True,True
4591,リボミック,2026-09-15,79.0,95.0,95.0,81.0,83.4,505060.0,79.0,79.0,79.0,79.0,377800.0,0.0,0.0,0.0,-16.84210526315789,-16.84210526315789,20.253164556962023,0.0,0.7480299370371837,False,False,False
4592,サンバイオ,2026-09-15,906.0,1060.0,1062.0,930.0,975.24,732280.0,903.0,907.0,895.0,902.0,55900.0,-0.44150110375276164,-0.3311258278145712,-0.11074197120708451,-14.905660377358487,-15.065913370998118,17.738359201773847,0.18867924528302993,0.07633692030370896,False,False,False
4593,ヘリオス,2026-09-15,289.0,309.0,309.0,285.2,281.16,1334660.0,290.0,291.0,288.0,290.0,90800.0,0.34602076124568004,0.34602076124568004,0.0,-6.148867313915862,-6.148867313915862,6.5517241379310365,0.0,0.06803230785368558,False,False,False
4594,ブライトパス・バイオ,2026-09-15,60.0,63.0,63.0,58.2,53.96,1880120.0,60.0,61.0,60.0,60.0,1171300.0,0.0,0.0,0.0,-4.761904761904767,-4.761904761904767,5.000000000000004,0.0,0.62299214943727,False,False,False
4595,ミズホメディー,2026-09-15,1718.0,1760.0,1760.0,1704.2,1716.04,58460.0,1722.0,1724.0,1720.0,1724.0,1500.0,0.34924330616996624,0.2328288707799775,0.11614401858304202,-2.0454545454545503,-2.0454545454545503,2.088167053364276,0.0,0.02565856996236743,True,False,False
4596,窪田製薬ホールディングス,2026-09-15,67.0,75.0,75.0,66.0,66.64,2551460.0,66.0,67.0,66.0,66.0,48100.0,-1.4925373134328401,-1.4925373134328401,0.0,-12.0,-12.0,13.636363636363647,0.0,0.018851951431729283,False,False,False
4597,ソレイジア・ファーマ,2026-09-15,29.0,36.0,36.0,29.0,30.52,66573860.0,29.0,29.0,28.0,29.0,86356000.0,0.0,0.0,0.0,-19.444444444444443,-19.444444444444443,24.13793103448276,0.0,1.2971457566077738,False,False,False
4598,Ｄｅｌｔａ－Ｆｌｙ　Ｐｈａｒｍａ,2026-09-15,111.0,159.0,159.0,115.6,112.4,5564000.0,112.0,112.0,110.0,111.0,41700.0,0.0,0.9009009009008917,-0.8928571428571397,-30.188679245283023,-30.188679245283023,43.24324324324324,0.0,0.007494608195542775,False,False,False
4599,ステムリム,2026-09-15,180.0,368.0,368.0,220.0,317.48,1788400.0,176.0,180.0,176.0,180.0,1370100.0,0.0,-2.2222222222222254,2.2727272727272707,-51.08695652173913,-51.08695652173913,104.44444444444443,0.0,0.7661037799150078,True,False,False
460A,ＢＲＡＮＵ,2026-09-15,1190.0,1231.0,1231.0,1063.4,1041.56,51800.0,1192.0,1204.0,1178.0,1190.0,207800.0,0.0,0.1680672268907557,-0.1677852348993314,-3.3306255077172997,-3.3306255077172997,3.445378151260514,0.0,4.011583011583012,False,False,False
4611,大日本塗料,2026-09-15,1548.0,1649.0,1649.0,1527.8,1539.6,48100.0,1558.0,1570.0,1558.0,1548.0,59500.0,0.0,0.6459948320413522,-0.6418485237484006,-6.124924196482717,-6.124924196482717,6.524547803617575,0.0,1.237006237006237,False,False,False
4612,日本ペイントホールディングス,2026-09-15,1115.0,1223.0,1282.5,1113.5,1176.5,2775000.0,1122.5,1129.0,1120.0,1128.5,132500.0,1.2107623318385663,0.6726457399103047,0.5345211581291753,-7.726901062959934,-12.007797270955168,13.646433318564476,4.865085854456264,0.047747747747747746,True,False,False
4613,関西ペイント,2026-09-15,2859.5,2935.0,3091.0,2828.1,2869.62,1008220.0,2868.5,2876.0,2846.0,2846.0,30700.0,-0.47211050883021466,0.3147403392201431,-0.7843820812271196,-3.0323679727427555,-7.926237463604013,8.60857343640198,5.3151618398637135,0.03044970343774176,False,False,False
4615,神東塗料,2026-09-15,131.0,135.0,136.0,130.6,132.08,24160.0,131.0,131.0,131.0,131.0,22900.0,0.0,0.0,0.0,-2.9629629629629672,-3.676470588235292,3.8167938931297662,0.7407407407407307,0.9478476821192053,False,False,False
4616,川上塗料,2026-09-15,2505.0,2688.0,2688.0,2488.8,2251.0,1300.0,2549.0,2550.0,2548.0,2505.0,1000.0,0.0,1.7564870259481058,-1.7261671243624988,-6.80803571428571,-6.80803571428571,7.305389221556879,0.0,0.7692307692307693,False,False,False
4617,中国塗料,2026-09-15,3490.0,3670.0,3760.0,3466.0,3565.8,214180.0,3515.0,3535.0,3485.0,3490.0,492500.0,0.0,0.7163323782235054,-0.7112375533428139,-4.904632152588551,-7.180851063829785,7.73638968481376,2.452316076294281,2.299467737417126,False,False,False
4619,日本特殊塗料,2026-09-15,2620.0,2761.0,2761.0,2614.2,2685.0,29980.0,2620.0,2639.0,2620.0,2635.0,4000.0,0.5725190839694694,0.0,0.5725190839694694,-4.563563926113723,-4.563563926113723,4.781783681214424,0.0,0.133422281521014,True,False,False
4620,藤倉化成,2026-09-15,982.0,1000.0,1000.0,970.6,959.48,88740.0,984.0,996.0,980.0,996.0,127000.0,1.4256619144602745,0.20366598778003286,1.2195121951219523,-0.40000000000000036,-0.40000000000000036,0.40160642570281624,0.0,1.431147171512283,True,False,False
4623,アサヒペン,2026-09-15,1865.0,1895.0,1895.0,1841.4,1855.0,2080.0,1865.0,1865.0,1865.0,1865.0,2300.0,0.0,0.0,0.0,-1.58311345646438,-1.58311345646438,1.608579088471851,0.0,1.1057692307692308,False,False,False
4624,イサム塗料,2026-09-15,3940.0,4170.0,4170.0,3991.0,3981.0,1620.0,4010.0,4010.0,3940.0,3940.0,300.0,0.0,1.7766497461928932,-1.7456359102244412,-5.515587529976019,-5.515587529976019,5.8375634517766395,0.0,0.18518518518518517,False,False,False
4625,アトミクス,2026-09-15,867.0,898.0,898.0,857.6,819.04,14940.0,890.0,890.0,867.0,867.0,12800.0,0.0,2.6528258362168433,-2.5842696629213457,-3.4521158129176,-3.4521158129176,3.5755478662053086,0.0,0.856760374832664,False,False,False
4626,太陽ホールディングス,2026-09-15,4728.0,4796.0,4981.0,4721.4,4755.88,290220.0,4730.0,4734.0,4725.0,4726.0,15200.0,-0.04230118443316888,0.04230118443315778,-0.08456659619450191,-1.4595496246872397,-5.119453924914675,5.395683453237421,3.857381150959127,0.05237406105712907,False,False,False
4627,ナトコ,2026-09-15,1916.0,1979.0,1979.0,1914.0,1877.32,11540.0,1930.0,1930.0,1930.0,1916.0,3800.0,0.0,0.7306889352818313,-0.7253886010362698,-3.183425972713494,-3.183425972713494,3.288100208768263,0.0,0.3292894280762565,False,False,False
4628,エスケー化研,2026-09-15,9880.0,9940.0,9940.0,9784.0,9339.2,11800.0,9900.0,9910.0,9890.0,9880.0,6700.0,0.0,0.2024291497975783,-0.20202020202020332,-0.6036217303822977,-0.6036217303822977,0.6072874493927127,0.0,0.5677966101694916,False,False,False
4629,大伸化学,2026-09-15,2607.0,2620.0,2620.0,2557.6,2262.56,12240.0,2560.0,2560.0,2547.0,2607.0,6900.0,0.0,-1.8028385116992673,1.8359374999999956,-0.4961832061068705,-0.4961832061068705,0.49865746068278316,0.0,0.5637254901960784,True,False,False
462A,ＦＵＮＤＩＮＮＯ,2026-09-15,274.0,425.0,425.0,273.2,278.24,272340.0,275.0,275.0,274.0,274.0,182200.0,0.0,0.36496350364962904,-0.363636363636366,-35.529411764705884,-35.529411764705884,55.1094890510949,0.0,0.6690166703385474,False,False,False
4631,ＤＩＣ,2026-09-15,4637.0,5425.0,5876.0,4633.0,5059.64,590440.0,4692.0,4749.0,4667.0,4736.0,43700.0,2.1350010782833717,1.1861117101574337,0.9377664109121886,-12.700460829493087,-19.400953029271616,24.070945945945944,8.313364055299544,0.0740126007723054,True,False,False
4633,サカタインクス,2026-09-15,2597.0,2712.0,2716.0,2551.4,2629.84,114760.0,2608.0,2625.0,2605.0,2597.0,138300.0,0.0,0.4235656526761611,-0.4217791411042948,-4.240412979351027,-4.381443298969067,4.582210242587603,0.1474926253687281,1.2051237364935519,False,False,False
4634,ａｒｔｉｅｎｃｅ,2026-09-15,4980.0,5220.0,5220.0,5028.0,5045.6,144940.0,5050.0,5080.0,5030.0,4980.0,134500.0,0.0,1.4056224899598346,-1.3861386138613874,-4.597701149425292,-4.597701149425292,4.819277108433728,0.0,0.9279701945632676,False,False,False
4635,東京インキ,2026-09-15,2072.0,2210.0,2210.0,2073.8,2102.92,27940.0,2072.0,2080.0,2072.0,2072.0,38000.0,0.0,0.0,0.0,-6.244343891402715,-6.244343891402715,6.660231660231664,0.0,1.3600572655690766,False,False,False
463A,インテリックスホールディングス,2026-09-15,1008.0,1034.0,1034.0,1009.2,990.68,12240.0,1017.0,1017.0,1017.0,1008.0,16600.0,0.0,0.8928571428571397,-0.8849557522123908,-2.5145067698259194,-2.5145067698259194,2.57936507936507,0.0,1.3562091503267975,False,False,False
4641,アルプス技研,2026-09-15,866.0,895.0,895.0,852.8,856.28,74180.0,866.0,870.0,866.0,866.0,89600.0,0.0,0.0,0.0,-3.240223463687153,-3.240223463687153,3.3487297921477976,0.0,1.20787274197897,False,False,False
4642,オリジナル設計,2026-09-15,1420.0,1449.0,1449.0,1415.2,1413.4,2060.0,1406.0,1406.0,1406.0,1420.0,700.0,0.0,-0.9859154929577452,0.9957325746799528,-2.00138026224983,-2.00138026224983,2.042253521126769,0.0,0.33980582524271846,True,False,False
4644,イマジニア,2026-09-15,1058.0,1074.0,1074.0,1053.8,1057.8,8520.0,1059.0,1059.0,1059.0,1058.0,6200.0,0.0,0.0945179584120881,-0.09442870632672129,-1.4897579143389184,-1.4897579143389184,1.512287334593565,0.0,0.7276995305164319,False,False,False
4645,市進ホールディングス,2026-09-15,438.0,438.0,438.0,436.2,434.48,780.0,437.0,438.0,436.0,438.0,900.0,0.0,-0.22831050228310223,0.22883295194509046,0.0,0.0,0.0,0.0,1.1538461538461537,True,False,False
464A,ＱＰＳホールディングス,2026-09-15,1670.0,1945.0,1945.0,1661.6,1765.92,1172000.0,1647.0,1678.0,1645.0,1656.0,101100.0,-0.8383233532934131,-1.377245508982039,0.5464480874316946,-14.858611825192803,-14.858611825192803,17.451690821256037,0.0,0.08626279863481229,True,False,False
4650,ＳＤエンターテイメント,2026-09-15,271.0,273.0,275.0,270.6,269.8,5040.0,272.0,272.0,271.0,271.0,9700.0,0.0,0.36900369003689537,-0.3676470588235281,-0.73260073260073,-1.4545454545454528,1.4760147601476037,0.73260073260073,1.9246031746031746,False,False,False
4651,サニックスホールディングス,2026-09-15,248.0,289.0,289.0,257.4,270.16,436700.0,247.0,247.0,245.0,247.0,22900.0,-0.40322580645161255,-0.40322580645161255,0.0,-14.53287197231834,-14.53287197231834,17.004048582995956,0.0,0.05243874513395924,False,False,False
4657,環境管理センター,2026-09-15,454.0,486.0,509.0,460.2,470.64,6000.0,455.0,458.0,452.0,454.0,2100.0,0.0,0.22026431718060735,-0.219780219780219,-6.584362139917699,-10.805500982318271,12.114537444933916,4.73251028806585,0.35,False,False,False
4658,日本空調サービス,2026-09-15,1568.0,1633.0,1633.0,1542.8,1557.44,135720.0,1575.0,1586.0,1575.0,1568.0,159700.0,0.0,0.44642857142858094,-0.4444444444444473,-3.9804041641151255,-3.9804041641151255,4.145408163265296,0.0,1.1766872973769527,False,False,False
4661,オリエンタルランド,2026-09-15,3053.0,3196.0,3196.0,3113.2,3032.76,5211700.0,3055.0,3065.0,3031.0,3049.0,529500.0,-0.13101867016049873,0.06550933508024936,-0.1963993453355184,-4.599499374217775,-4.599499374217775,4.82125286979338,0.0,0.10159832684152964,False,False,False
4662,フォーカスシステムズ,2026-09-15,1621.0,1741.0,1769.0,1603.6,1671.12,32860.0,1610.0,1618.0,1610.0,1621.0,31400.0,0.0,-0.6785934608266486,0.6832298136645987,-6.892590465249859,-8.366308648954213,9.130166563849485,1.6082711085583012,0.9555690809494827,True,False,False
4664,アール・エス・シー,2026-09-15,1139.0,1235.0,1235.0,1146.4,1025.4,154400.0,1142.0,1158.0,1142.0,1139.0,140400.0,0.0,0.26338893766462146,-0.26269702276707774,-7.773279352226725,-7.773279352226725,8.428446005267777,0.0,0.9093264248704663,False,False,False
4665,ダスキン,2026-09-15,4646.0,4735.0,4735.0,4619.0,4635.8,82440.0,4692.0,4698.0,4657.0,4646.0,91200.0,0.0,0.990099009900991,-0.9803921568627416,-1.8796198521647267,-1.8796198521647267,1.9156263452432265,0.0,1.1062590975254731,False,False,False
4666,パーク２４,2026-09-15,1996.5,2076.0,2076.0,1968.2,2000.5,801700.0,1999.0,2004.5,1996.5,2004.5,24700.0,0.4007012271475041,0.1252191334836006,0.27513756878438933,-3.444123314065506,-3.444123314065506,3.5669743078074356,0.0,0.030809529749282773,True,False,False
4667,アイサンテクノロジー,2026-09-15,3145.0,4100.0,4100.0,3420.0,2669.4,1366820.0,3135.0,3220.0,3120.0,3200.0,20200.0,1.748807631160565,-0.31796502384737746,2.0733652312599604,-21.95121951219512,-21.95121951219512,28.125,0.0,0.014778829692278428,True,False,False
4668,明光ネットワークジャパン,2026-09-15,758.0,800.0,800.0,762.8,775.32,57460.0,760.0,760.0,760.0,758.0,70000.0,0.0,0.26385224274405594,-0.2631578947368429,-5.249999999999999,-5.249999999999999,5.54089709762533,0.0,1.2182387747998609,False,False,False
4671,ファルコホールディングス,2026-09-15,2885.0,2964.0,2964.0,2867.0,2865.4,11600.0,2885.0,2885.0,2885.0,2885.0,900.0,0.0,0.0,0.0,-2.665317139001344,-2.665317139001344,2.7383015597920224,0.0,0.07758620689655173,False,False,False
4673,川崎地質,2026-09-15,4835.0,5100.0,5100.0,4766.0,4841.0,1720.0,4710.0,4840.0,4710.0,4835.0,900.0,0.0,-2.585315408479838,2.6539278131634925,-5.196078431372553,-5.196078431372553,5.4808686659772565,0.0,0.5232558139534884,True,False,False
4674,クレスコ,2026-09-15,1795.0,2108.0,2108.0,1770.6,1929.6,165360.0,1792.0,1804.0,1789.0,1795.0,139600.0,0.0,-0.16713091922005985,0.16741071428572063,-14.848197343453506,-14.848197343453506,17.43732590529248,0.0,0.8442186744073537,True,False,False
4676,フジ・メディア・ホールディングス,2026-09-15,4109.0,4262.0,4262.0,4064.4,4127.64,446660.0,4109.0,4118.0,4088.0,4118.0,20600.0,0.21903139449988007,0.0,0.21903139449988007,-3.378695448146407,-3.378695448146407,3.496843127731908,0.0,0.04612009134464694,True,False,False
4678,秀英予備校,2026-09-15,330.0,335.0,335.0,330.2,328.96,4040.0,330.0,330.0,330.0,330.0,4200.0,0.0,0.0,0.0,-1.4925373134328401,-1.4925373134328401,1.5151515151515138,0.0,1.0396039603960396,False,False,False
4679,田谷,2026-09-15,263.0,270.0,270.0,262.6,262.72,3540.0,262.0,262.0,262.0,263.0,12100.0,0.0,-0.38022813688213253,0.3816793893129722,-2.592592592592591,-2.592592592592591,2.6615969581748944,0.0,3.4180790960451977,True,False,False
4680,ラウンドワン,2026-09-15,1182.5,1389.0,1409.0,1196.4,1290.04,2113720.0,1170.0,1176.5,1166.0,1174.5,122400.0,-0.6765327695560264,-1.0570824524312905,0.38461538461538325,-15.442764578833689,-16.643009226401706,19.965942954448714,1.4398848092152639,0.05790738603031622,True,False,False
4681,リゾートトラスト,2026-09-15,1781.5,1916.5,1939.0,1770.9,1833.34,451480.0,1784.5,1789.5,1774.5,1779.5,18700.0,-0.11226494527083464,0.16839741790626306,-0.28019052956009816,-7.148447691103577,-8.225889633831873,8.963191907839274,1.1740151317505942,0.04141933197483831,False,False,False
4684,オービック,2026-09-15,5067.0,5180.0,5180.0,4950.4,4842.44,1952020.0,5100.0,5103.0,5051.0,5085.0,86700.0,0.3552397868561208,0.6512729425695696,-0.2941176470588225,-1.8339768339768359,-1.8339768339768359,1.868239921337267,0.0,0.04441552852942081,False,False,False
4685,菱友システムズ,2026-09-15,2686.0,2785.0,2785.0,2650.8,2690.88,19580.0,2672.0,2690.0,2672.0,2686.0,17400.0,0.0,-0.5212211466865235,0.5239520958083776,-3.5547576301615758,-3.5547576301615758,3.6857781087118457,0.0,0.8886618998978549,True,False,False
4686,ジャストシステム,2026-09-15,4325.0,4335.0,4335.0,4252.0,4149.8,86560.0,4340.0,4370.0,4310.0,4365.0,9600.0,0.9248554913294793,0.3468208092485492,0.5760368663594528,0.6920415224913601,0.6920415224913601,-0.6872852233676952,0.0,0.11090573012939002,True,True,True
4687,ＴＤＣソフト,2026-09-15,1057.0,1086.0,1086.0,1038.4,1033.72,83560.0,1067.0,1067.0,1056.0,1062.0,2600.0,0.47303689687796524,0.9460737937559083,-0.46860356138707093,-2.209944751381221,-2.209944751381221,2.259887005649719,0.0,0.031115366203925323,False,False,False
4689,ＬＩＮＥヤフー,2026-09-15,564.9000244140625,569.5,569.5,542.2000122070312,529.7240014648437,17457500.0,570.0,570.9000244140625,564.0999755859375,567.4000244140625,1893200.0,0.4425561855114335,0.9028102966055718,-0.4561360677083348,-0.3687402258011452,-0.3687402258011452,0.37010495163549706,0.0,0.10844622655019333,False,False,False
4691,ワシントンホテル,2026-09-15,2065.0,2457.0,2457.0,2109.6,2201.96,48100.0,2059.0,2066.0,2056.0,2056.0,2000.0,-0.43583535108958626,-0.29055690072639084,-0.14570179698882857,-16.320716320716322,-16.320716320716322,19.503891050583654,0.0,0.04158004158004158,False,False,False
4694,ビー・エム・エル,2026-09-15,3640.0,3710.0,3710.0,3587.0,3619.8,60060.0,3670.0,3680.0,3670.0,3680.0,3400.0,1.098901098901095,0.8241758241758212,0.27247956403269047,-0.8086253369272267,-0.8086253369272267,0.8152173913043459,0.0,0.05661005661005661,True,False,False
469A,フィットクルー,2026-09-15,1729.0,1730.0,1730.0,1694.8,1632.0,4700.0,1729.0,1730.0,1729.0,1729.0,3700.0,0.0,0.0,0.0,-0.05780346820809523,-0.05780346820809523,0.05783689994216523,0.0,0.7872340425531915,False,False,False
4704,トレンドマイクロ,2026-09-15,6332.0,6424.0,6982.0,5911.6,5864.16,1327800.0,6383.0,6423.0,6334.0,6386.0,111600.0,0.8528111181301368,0.8054327226784563,0.04699984333385032,-0.5915317559153199,-8.536236035519906,9.332915753210159,8.686176836861769,0.08404880253050158,True,False,False
4705,クリップコーポレーション,2026-09-15,795.0,800.0,805.0,791.0,791.08,520.0,790.0,790.0,790.0,795.0,500.0,0.0,-0.6289308176100628,0.6329113924050667,-0.6249999999999978,-1.2422360248447228,1.2578616352201255,0.6250000000000089,0.9615384615384616,True,False,False
4707,キタック,2026-09-15,341.0,369.0,369.0,338.6,336.68,9000.0,342.0,342.0,342.0,341.0,6300.0,0.0,0.2932551319648091,-0.29239766081871066,-7.5880758807588045,-7.5880758807588045,8.211143695014655,0.0,0.7,False,False,False
4709,ＩＤホールディングス,2026-09-15,1077.0,1108.0,1108.0,1055.8,1072.12,41280.0,1075.0,1082.0,1075.0,1077.0,37900.0,0.0,-0.18570102135562205,0.18604651162790198,-2.797833935018046,-2.797833935018046,2.878365831012064,0.0,0.9181201550387597,True,False,False
4712,ＫｅｙＨｏｌｄｅｒ,2026-09-15,810.0,837.0,837.0,808.6,802.76,7740.0,809.0,809.0,809.0,810.0,2400.0,0.0,-0.12345679012345512,0.12360939431397266,-3.2258064516129004,-3.2258064516129004,3.3333333333333437,0.0,0.31007751937984496,True,False,False
4714,リソー教育グループ,2026-09-15,212.0,215.0,215.0,210.8,207.8,769300.0,213.0,213.0,212.0,213.0,237900.0,0.4716981132075526,0.4716981132075526,0.0,-0.9302325581395321,-0.9302325581395321,0.9389671361502261,0.0,0.30924216820486156,False,False,False
4716,日本オラクル,2026-09-15,9237.0,9585.0,9588.0,9079.8,9228.92,249780.0,9258.0,9262.0,9166.0,9220.0,12100.0,-0.18404243802100373,0.22734654108476082,-0.4104558219917953,-3.8080333854981774,-3.8381309970796806,3.9913232104121565,0.03129890453834605,0.048442629513972296,False,False,False
4718,早稲田アカデミー,2026-09-15,2539.0,2655.0,2655.0,2518.6,2505.12,42080.0,2540.0,2552.0,2539.0,2539.0,35000.0,0.0,0.03938558487592836,-0.03937007874015297,-4.369114877589453,-4.369114877589453,4.568727845608511,0.0,0.8317490494296578,False,False,False
4719,アルファシステムズ,2026-09-15,3280.0,3495.0,3510.0,3264.0,3381.0,13460.0,3280.0,3300.0,3280.0,3280.0,8700.0,0.0,0.0,0.0,-6.151645207439193,-6.552706552706555,7.012195121951215,0.42918454935623185,0.6463595839524517,False,False,False
471A,ＮＳグループ,2026-09-15,1543.0,1646.0,1646.0,1531.2,1576.92,191820.0,1549.0,1554.0,1546.0,1552.0,22000.0,0.5832793259883395,0.38885288399221896,0.1936733376371791,-5.710814094775207,-5.710814094775207,6.056701030927836,0.0,0.1146908560108435,True,False,False
4720,城南進学研究社,2026-09-15,242.0,248.0,248.0,244.4,243.04,1720.0,242.0,242.0,242.0,242.0,2600.0,0.0,0.0,0.0,-2.4193548387096753,-2.4193548387096753,2.4793388429751984,0.0,1.5116279069767442,False,False,False
4722,フューチャー,2026-09-15,2426.0,2472.0,2472.0,2423.0,2441.96,729180.0,2426.0,2427.0,2425.0,2426.0,50200.0,0.0,0.0,0.0,-1.860841423948223,-1.860841423948223,1.8961253091508645,0.0,0.0688444554156724,False,False,False
4725,ＣＡＣ　Ｈｏｌｄｉｎｇｓ,2026-09-15,1929.0,1988.0,1988.0,1920.2,1939.2,38720.0,1925.0,1939.0,1925.0,1939.0,4500.0,0.5184033177812353,-0.20736132711249855,0.727272727272732,-2.464788732394363,-2.464788732394363,2.5270758122743597,0.0,0.11621900826446281,True,False,False
4728,トーセ,2026-09-15,652.0,682.0,682.0,649.6,650.72,3600.0,646.0,646.0,646.0,652.0,4200.0,0.0,-0.9202453987730008,0.9287925696594534,-4.398826979472137,-4.398826979472137,4.601226993865026,0.0,1.1666666666666667,True,False,False
472A,ミラティブ,2026-09-15,561.0,616.0,616.0,539.0,551.28,121840.0,571.0,575.0,565.0,561.0,273000.0,0.0,1.7825311942959,-1.7513134851138368,-8.92857142857143,-8.92857142857143,9.80392156862746,0.0,2.24064346684176,False,False,False
4732,ユー・エス・エス,2026-09-15,1907.5,2019.0,2026.5,1913.7,1969.2,1296260.0,1919.0,1919.0,1905.0,1912.0,141800.0,0.2359108781127217,0.6028833551769308,-0.36477331943720603,-5.299653293709761,-5.650135701949177,5.988493723849375,0.3714710252600284,0.10939163439433447,False,False,False
4733,オービックビジネスコンサルタント,2026-09-15,8301.0,8891.0,8891.0,8171.8,8309.92,196340.0,8315.0,8315.0,8227.0,8297.0,8500.0,-0.04818696542585599,0.16865437899047375,-0.21647624774503438,-6.680913283095268,-6.680913283095268,7.159214173797768,0.0,0.043292248140979935,False,False,False
4735,京進,2026-09-15,299.0,309.0,309.0,299.6,301.6,6760.0,299.0,299.0,299.0,299.0,10500.0,0.0,0.0,0.0,-3.2362459546925515,-3.2362459546925515,3.3444816053511683,0.0,1.5532544378698225,False,False,False
4736,日本ラッド,2026-09-15,590.0,595.0,600.0,584.2,585.8,2240.0,580.0,592.0,580.0,590.0,3800.0,0.0,-1.6949152542372836,1.724137931034475,-0.8403361344537785,-1.6666666666666718,1.6949152542372836,0.8403361344537785,1.6964285714285714,True,False,False
4743,アイティフォー,2026-09-15,1654.0,1707.0,1758.0,1617.4,1658.0,106000.0,1654.0,1656.0,1651.0,1654.0,92300.0,0.0,0.0,0.0,-3.104862331575864,-5.915813424345851,6.2877871825876674,2.987697715289972,0.870754716981132,False,False,False
4746,東計電算,2026-09-15,7230.0,7270.0,7270.0,7122.0,6832.8,32420.0,7300.0,7370.0,7300.0,7370.0,3500.0,1.9363762102351245,0.9681881051175623,0.9589041095890316,1.375515818431916,1.375515818431916,-1.3568521031207648,0.0,0.107958050586058,True,True,True
4750,ダイサン,2026-09-15,547.0,576.0,576.0,551.4,564.8,3180.0,544.0,544.0,544.0,547.0,5500.0,0.0,-0.5484460694698323,0.5514705882353033,-5.034722222222221,-5.034722222222221,5.301645338208405,0.0,1.729559748427673,True,False,False
4751,サイバーエージェント,2026-09-15,1263.0,1371.5,1509.0,1241.8,1284.36,4720820.0,1259.0,1264.5,1248.5,1264.5,479100.0,0.11876484560569,-0.31670625494854,0.43685464654488193,-7.8016769959897925,-16.20278330019881,19.335705812574133,10.02551950419248,0.10148660614045865,True,False,False
4752,昭和システムエンジニアリング,2026-09-15,1595.0,1597.0,1620.0,1583.0,1576.96,660.0,1594.0,1594.0,1594.0,1595.0,1600.0,0.0,-0.06269592476488839,0.06273525721456341,-0.125234815278652,-1.5432098765432056,1.5673981191222541,1.440200375704448,2.4242424242424243,True,False,False
4754,トスネット,2026-09-15,1500.0,1517.0,1590.0,1493.6,1503.16,1260.0,1490.0,1519.0,1490.0,1500.0,1700.0,0.0,-0.666666666666671,0.6711409395973256,-1.1206328279498967,-5.660377358490565,6.000000000000005,4.8121292023731055,1.3492063492063493,True,False,False
4755,楽天グループ,2026-09-15,733.5999755859375,794.5999755859375,886.5,725.0599853515625,754.9480029296875,13447580.0,728.0,729.4000244140625,723.0999755859375,728.7000122070312,637900.0,-0.6679339615561664,-0.7633554760501093,0.09615552294386376,-8.293476642798991,-17.80033703248378,21.655000020520944,11.565571009021935,0.047436044254802724,True,False,False
475A,ギミック,2026-09-15,696.0,729.0,729.0,700.8,652.6,13180.0,696.0,696.0,696.0,696.0,23800.0,0.0,0.0,0.0,-4.526748971193417,-4.526748971193417,4.741379310344818,0.0,1.8057663125948407,False,False,False
4760,アルファ,2026-09-15,1403.0,1742.0,1742.0,1462.0,1617.64,3380.0,1397.0,1397.0,1397.0,1403.0,2600.0,0.0,-0.4276550249465383,0.42949176807445255,-19.46039035591275,-19.46039035591275,24.162508909479683,0.0,0.7692307692307693,True,False,False
4761,さくらケーシーエス,2026-09-15,1479.0,1498.0,1498.0,1451.2,1442.4,8100.0,1487.0,1488.0,1487.0,1479.0,15000.0,0.0,0.5409060175794567,-0.5379959650302579,-1.2683578104138893,-1.2683578104138893,1.2846517917511902,0.0,1.8518518518518519,False,False,False
4762,エックスネット,2026-09-15,2114.0,2199.0,2201.0,2131.6,2096.56,2280.0,2098.0,2180.0,2098.0,2114.0,1700.0,0.0,-0.7568590350047311,0.7626310772163913,-3.865393360618463,-3.952748750567925,4.115421002838215,0.09095043201454711,0.7456140350877193,True,False,False
4763,クリーク・アンド・リバー社,2026-09-15,1489.0,1547.0,1547.0,1469.6,1492.8,30540.0,1485.0,1495.0,1485.0,1495.0,1700.0,0.4029550033579632,-0.2686366689053088,0.6734006734006703,-3.361344537815125,-3.361344537815125,3.4782608695652195,0.0,0.05566470203012443,True,False,False
4765,ＳＢＩグローバルアセットマネジメント,2026-09-15,627.0,653.0,653.0,619.0,626.36,308260.0,626.0,628.0,625.0,627.0,503900.0,0.0,-0.15948963317384823,0.15974440894568342,-3.9816232771822335,-3.9816232771822335,4.146730462519943,0.0,1.6346590540452866,True,False,False
4766,ピーエイ,2026-09-15,199.0,216.0,216.0,207.2,205.52,13760.0,199.0,199.0,199.0,199.0,52900.0,0.0,0.0,0.0,-7.870370370370372,-7.870370370370372,8.5427135678392,0.0,3.8444767441860463,False,False,False
4767,テー・オー・ダブリュー,2026-09-15,388.0,409.0,409.0,381.2,387.12,92960.0,390.0,390.0,388.0,388.0,147100.0,0.0,0.5154639175257714,-0.512820512820511,-5.134474327628357,-5.134474327628357,5.4123711340206215,0.0,1.5824010327022375,False,False,False
4768,大塚商会,2026-09-15,3606.0,3690.0,3690.0,3548.4,3536.56,1185520.0,3643.0,3649.0,3577.0,3609.0,94200.0,0.08319467554076532,1.0260676650027722,-0.9332967334614306,-2.195121951219514,-2.195121951219514,2.244389027431426,0.0,0.07945880288818409,False,False,False
4769,ＩＣ,2026-09-15,1150.0,1170.0,1170.0,1149.4,1137.68,1060.0,1150.0,1150.0,1150.0,1150.0,200.0,0.0,0.0,0.0,-1.7094017094017144,-1.7094017094017144,1.7391304347825987,0.0,0.18867924528301888,False,False,False
476A,辻・本郷ＩＴコンサルティング,2026-09-15,1655.0,1695.0,1695.0,1646.0,1614.96,1240.0,1675.0,1675.0,1675.0,1655.0,800.0,0.0,1.2084592145015005,-1.1940298507462699,-2.359882005899705,-2.359882005899705,2.4169184290030232,0.0,0.6451612903225806,False,False,False
4771,エフアンドエム,2026-09-15,2746.0,2802.0,2802.0,2677.4,2694.32,21640.0,2750.0,2776.0,2750.0,2774.0,3500.0,1.0196649672250535,0.1456664238892902,0.8727272727272695,-0.9992862241256284,-0.9992862241256284,1.0093727469358438,0.0,0.16173752310536044,True,False,False
4772,ＳＭ　ＥＮＴＥＲＴＡＩＮＭＥＮＴ　ＪＡＰＡＮ,2026-09-15,72.0,73.0,84.0,71.8,71.68,76860.0,72.0,72.0,72.0,72.0,147900.0,0.0,0.0,0.0,-1.3698630136986356,-14.28571428571429,16.666666666666675,15.068493150684926,1.9242779078844652,False,False,False
4776,サイボウズ,2026-09-15,3070.0,3375.0,3375.0,2988.6,3021.52,184080.0,3060.0,3060.0,3005.0,3040.0,20400.0,-0.9771986970684043,-0.32573289902280145,-0.6535947712418277,-9.925925925925927,-9.925925925925927,11.019736842105265,0.0,0.11082138200782268,False,False,False
4777,ガーラ,2026-09-15,197.0,205.0,211.0,198.6,201.0,25360.0,197.0,197.0,197.0,197.0,42300.0,0.0,0.0,0.0,-3.9024390243902474,-6.635071090047395,7.106598984771573,2.9268292682926855,1.6679810725552051,False,False,False
477A,スタートライン,2026-09-15,880.0,936.0,936.0,872.8,744.24,52240.0,873.0,892.0,873.0,880.0,41900.0,0.0,-0.7954545454545436,0.8018327605956443,-5.982905982905984,-5.982905982905984,6.363636363636371,0.0,0.8020673813169985,True,False,False
4783,ＮＣＤ,2026-09-15,2641.0,2700.0,2700.0,2609.0,2616.68,19620.0,2649.0,2649.0,2644.0,2641.0,13400.0,0.0,0.30291556228700944,-0.3020007550018855,-2.18518518518519,-2.18518518518519,2.2340022718667196,0.0,0.6829765545361876,False,False,False
4784,ＧＭＯインターネット,2026-09-15,547.0,613.0,613.0,530.8,556.52,1281880.0,548.0,562.0,546.0,558.0,312900.0,2.010968921389389,0.1828153564899404,1.8248175182481674,-8.972267536704726,-8.972267536704726,9.856630824372758,0.0,0.24409461104003494,True,False,False
478A,フツパー,2026-09-15,781.0,837.0,837.0,769.6,786.12,79920.0,777.0,781.0,777.0,781.0,3600.0,0.0,-0.5121638924455829,0.5148005148005064,-6.690561529271211,-6.690561529271211,7.170294494238161,0.0,0.04504504504504504,True,False,False
4792,山田コンサルティンググループ,2026-09-15,1775.0,1819.0,1819.0,1758.0,1752.08,16420.0,1770.0,1775.0,1770.0,1775.0,14800.0,0.0,-0.28169014084507005,0.28248587570620654,-2.4189114898295783,-2.4189114898295783,2.4788732394366297,0.0,0.9013398294762485,True,False,False
479A,ＰＲＯＮＩ,2026-09-15,1999.0,2049.0,2049.0,1932.4,1858.64,68840.0,1999.0,2009.0,1987.0,2008.0,2900.0,0.4502251125562795,0.0,0.4502251125562795,-2.000976085895556,-2.000976085895556,2.0418326693227185,0.0,0.0421266705403835,True,False,False
4800,オリコン,2026-09-15,1357.0,1359.0,1359.0,1357.0,1357.4,20300.0,1357.0,1357.0,1357.0,1357.0,11400.0,0.0,0.0,0.0,-0.14716703458425018,-0.14716703458425018,0.14738393515105752,0.0,0.5615763546798029,False,False,False
4801,セントラルスポーツ,2026-09-15,2429.0,2485.0,2485.0,2413.2,2442.76,13760.0,2430.0,2435.0,2430.0,2435.0,9400.0,0.2470152326060182,0.04116920543433267,0.2057613168724215,-2.012072434607648,-2.012072434607648,2.053388090349073,0.0,0.6831395348837209,True,False,False
4809,パラカ,2026-09-15,2035.0,2090.0,2090.0,2010.6,2041.28,15500.0,2041.0,2047.0,2036.0,2047.0,1900.0,0.5896805896805857,0.29484029484030394,0.29397354238118734,-2.05741626794258,-2.05741626794258,2.1006350757205583,0.0,0.12258064516129032,True,False,False
480A,リブ・コンサルティング,2026-09-15,931.0,972.0,1054.0,930.4,921.28,13920.0,939.0,962.0,939.0,931.0,15600.0,0.0,0.8592910848549851,-0.8519701810436597,-4.218106995884774,-11.669829222011385,13.211600429645532,8.436213991769549,1.1206896551724137,False,False,False
4811,ドリーム・アーツ,2026-09-15,890.0,950.0,950.0,877.2,865.64,19800.0,890.0,890.0,890.0,890.0,16700.0,0.0,0.0,0.0,-6.315789473684208,-6.315789473684208,6.741573033707859,0.0,0.8434343434343434,False,False,False
4812,電通総研,2026-09-15,2864.0,2930.0,2930.0,2860.0,2790.76,788040.0,2866.0,2868.0,2864.0,2867.0,83500.0,0.10474860335194514,0.06983240223463749,0.03489183531053541,-2.150170648464167,-2.150170648464167,2.197418904778514,0.0,0.10595908837114867,True,False,False
4813,ＡＣＣＥＳＳ,2026-09-15,384.0,490.0,490.0,400.2,427.84,603320.0,385.0,385.0,378.0,379.0,95300.0,-1.302083333333337,0.26041666666667407,-1.558441558441559,-22.6530612244898,-22.6530612244898,29.287598944591032,0.0,0.15795929191805344,False,False,False
4814,ネクストウェア,2026-09-15,162.0,178.0,178.0,167.4,166.12,66040.0,162.0,162.0,161.0,162.0,27200.0,0.0,0.0,0.0,-8.98876404494382,-8.98876404494382,9.876543209876543,0.0,0.4118715929739552,False,False,False
4816,東映アニメーション,2026-09-15,3135.0,3170.0,3170.0,3046.8,2971.08,404620.0,3135.0,3145.0,3120.0,3130.0,20300.0,-0.15948963317384823,0.0,-0.15948963317384823,-1.2618296529968487,-1.2618296529968487,1.2779552715654896,0.0,0.05017053037417824,False,False,False
4819,デジタルガレージ,2026-09-15,2301.0,2368.0,2420.0,2267.8,2257.16,268860.0,2342.0,2342.0,2318.0,2301.0,346200.0,0.0,1.781833985223824,-1.7506404782237417,-2.829391891891897,-4.917355371900822,5.171664493698391,2.195945945945943,1.287659004686454,False,False,False
4820,イーエムシステムズ,2026-09-15,585.0,613.0,613.0,582.0,591.28,77080.0,588.0,588.0,585.0,587.0,5700.0,0.34188034188034067,0.512820512820511,-0.170068027210879,-4.241435562805873,-4.241435562805873,4.429301533219765,0.0,0.07394914374675661,False,False,False
4825,ウェザーニューズ,2026-09-15,2011.0,2161.0,2161.0,1995.2,2049.12,155360.0,2010.0,2017.0,2004.0,2014.0,7700.0,0.1491795126802531,-0.04972650422675473,0.19900497512437276,-6.80240629338269,-6.80240629338269,7.298907646474673,0.0,0.049562306900102986,True,False,False
4826,ＣＩＪ,2026-09-15,540.0,563.0,563.0,531.6,537.56,175580.0,540.0,542.0,540.0,540.0,146100.0,0.0,0.0,0.0,-4.085257548845467,-4.085257548845467,4.2592592592592515,0.0,0.832099327941679,False,False,False
4828,ビジネスエンジニアリング,2026-09-15,1364.0,1492.0,1492.0,1358.8,1394.12,88160.0,1373.0,1380.0,1366.0,1364.0,78100.0,0.0,0.6598240469208205,-0.6554989075018169,-8.579088471849861,-8.579088471849861,9.384164222873892,0.0,0.8858892921960072,False,False,False
4829,日本エンタープライズ,2026-09-15,107.0,112.0,112.0,107.2,109.52,178340.0,106.0,106.0,106.0,107.0,244600.0,0.0,-0.9345794392523366,0.9433962264151052,-4.46428571428571,-4.46428571428571,4.672897196261672,0.0,1.3715375126163507,True,False,False
4832,ＪＦＥシステムズ,2026-09-15,1912.0,2031.0,2031.0,1916.8,1947.64,10520.0,1911.0,1911.0,1911.0,1912.0,7100.0,0.0,-0.052301255230124966,0.05232862375719183,-5.859182668636143,-5.859182668636143,6.2238493723849375,0.0,0.6749049429657795,True,False,False
4833,Ｄｅｆ　ｃｏｎｓｕｌｔｉｎｇ,2026-09-15,53.0,77.0,77.0,54.2,54.68,1812160.0,50.0,51.0,50.0,51.0,636600.0,-3.7735849056603765,-5.660377358490565,2.0000000000000018,-33.76623376623377,-33.76623376623377,50.98039215686274,0.0,0.3512934840190712,True,False,False
4838,スペースシャワーＳＫＩＹＡＫＩホールディングス,2026-09-15,719.0,737.0,737.0,709.8,693.0,56760.0,722.0,727.0,722.0,727.0,2000.0,1.112656467315709,0.4172461752433909,0.6925207756232732,-1.3568521031207648,-1.3568521031207648,1.375515818431916,0.0,0.035236081747709654,True,False,False
4839,ＷＯＷＯＷ,2026-09-15,1006.0,1025.0,1025.0,1003.2,1007.44,64660.0,1005.0,1006.0,1005.0,1006.0,46700.0,0.0,-0.09940357852882276,0.09950248756218638,-1.8536585365853675,-1.8536585365853675,1.8886679920477212,0.0,0.7222394061243427,True,False,False
483A,テラテクノロジー,2026-09-15,2158.0,2200.0,2247.0,2160.2,2175.28,1380.0,2166.0,2166.0,2166.0,2158.0,500.0,0.0,0.3707136237256714,-0.3693444136657398,-1.9090909090909047,-3.9608366711170406,4.124189063948092,2.1363636363636473,0.36231884057971014,False,False,False
4840,トライアイズ,2026-09-15,721.0,970.0,970.0,681.8,647.44,127120.0,707.0,730.0,692.0,721.0,196300.0,0.0,-1.9417475728155331,1.980198019801982,-25.670103092783503,-25.670103092783503,34.53536754507629,0.0,1.5442101950912523,True,False,False
4845,スカラ,2026-09-15,350.0,362.0,364.0,345.8,351.88,30800.0,347.0,347.0,346.0,350.0,37400.0,0.0,-0.8571428571428563,0.8645533141210304,-3.314917127071826,-3.8461538461538436,4.0000000000000036,0.5524861878453136,1.2142857142857142,True,False,False
4847,インテリジェント　ウェイブ,2026-09-15,1427.0,1434.0,1434.0,1392.4,1342.68,74020.0,1440.0,1444.0,1428.0,1427.0,103500.0,0.0,0.9110021023125414,-0.9027777777777746,-0.4881450488145034,-0.4881450488145034,0.4905395935529189,0.0,1.398270737638476,False,False,False
4848,フルキャストホールディングス,2026-09-15,1886.0,1918.0,1918.0,1827.6,1852.16,61080.0,1871.0,1907.0,1871.0,1899.0,8100.0,0.6892895015906619,-0.7953340402969244,1.4965259219668736,-0.9906152241918709,-0.9906152241918709,1.0005265929436513,0.0,0.13261296660117877,True,False,False
4849,エン,2026-09-15,1683.0,1715.0,1715.0,1608.0,1594.92,362420.0,1695.0,1698.0,1679.0,1696.0,20800.0,0.7724301841948833,0.7130124777183555,0.05899705014749124,-1.1078717201166155,-1.1078717201166155,1.1202830188679291,0.0,0.057391976160256056,True,False,False
485A,パワーエックス,2026-09-15,2400.0,2410.0,2410.0,2206.0,1884.16,17799980.0,2425.0,2437.0,2308.0,2341.0,1378100.0,-2.458333333333329,1.041666666666674,-3.463917525773197,-2.863070539419088,-2.863070539419088,2.947458351131993,0.0,0.0774214353049835,False,False,False
4880,セルソース,2026-09-15,326.0,366.0,366.0,324.2,341.72,148800.0,322.0,325.0,322.0,325.0,1700.0,-0.30674846625766694,-1.2269938650306789,0.9316770186335477,-11.202185792349727,-11.202185792349727,12.615384615384606,0.0,0.0114247311827957,True,False,False
4881,ファンペップ,2026-09-15,50.0,54.0,54.0,51.6,50.68,145460.0,50.0,51.0,50.0,50.0,104900.0,0.0,0.0,0.0,-7.4074074074074066,-7.4074074074074066,8.000000000000007,0.0,0.7211604564828819,False,False,False
4882,ペルセウスプロテオミクス,2026-09-15,171.0,194.0,194.0,164.6,150.16,746320.0,176.0,180.0,176.0,178.0,118000.0,4.093567251461994,2.923976608187129,1.1363636363636465,-8.247422680412376,-8.247422680412376,8.98876404494382,0.0,0.15810912209240005,True,False,False
4883,モダリス,2026-09-15,32.0,50.0,50.0,36.0,34.04,10769580.0,33.0,33.0,32.0,32.0,2081600.0,0.0,3.125,-3.0303030303030276,-36.0,-36.0,56.25,0.0,0.19328516060979165,False,False,False
4884,クリングルファーマ,2026-09-15,440.0,463.0,463.0,439.6,432.44,73420.0,440.0,440.0,438.0,440.0,36400.0,0.0,0.0,0.0,-4.9676025917926525,-4.9676025917926525,5.227272727272725,0.0,0.495777717243258,False,False,False
4885,室町ケミカル,2026-09-15,853.0,914.0,914.0,872.6,894.68,10160.0,853.0,854.0,853.0,853.0,9200.0,0.0,0.0,0.0,-6.673960612691465,-6.673960612691465,7.151230949589693,0.0,0.905511811023622,False,False,False
4886,あすか製薬ホールディングス,2026-09-15,2110.0,2238.0,2238.0,2070.0,2112.6,42620.0,2110.0,2120.0,2110.0,2110.0,39400.0,0.0,0.0,0.0,-5.719392314566574,-5.719392314566574,6.06635071090047,0.0,0.9244486156733928,False,False,False
4887,サワイグループホールディングス,2026-09-15,1625.0,1647.0,1725.0,1603.5,1608.12,696060.0,1625.0,1634.0,1624.5,1633.0,33600.0,0.492307692307703,0.0,0.492307692307703,-0.850030358227083,-5.333333333333334,5.633802816901401,4.735883424408005,0.048271700715455564,True,False,False
4888,ステラファーマ,2026-09-15,402.0,431.0,431.0,404.4,363.28,541480.0,401.0,410.0,401.0,410.0,26800.0,1.990049751243772,-0.24875621890547706,2.244389027431426,-4.872389791183296,-4.872389791183296,5.1219512195122,0.0,0.049493979463692106,True,False,False
4889,レナサイエンス,2026-09-15,1148.0,1401.0,1577.0,1174.8,1242.2,180940.0,1130.0,1142.0,1130.0,1142.0,4700.0,-0.5226480836236891,-1.5679442508710784,1.0619469026548645,-18.486795146324052,-27.58402029169309,38.09106830122593,12.562455389007843,0.025975461478943297,True,False,False
4890,坪田ラボ,2026-09-15,268.0,305.0,305.0,265.2,281.52,49340.0,270.0,270.0,263.0,268.0,55000.0,0.0,0.746268656716409,-0.7407407407407418,-12.131147540983612,-12.131147540983612,13.805970149253731,0.0,1.1147142278070532,False,False,False
4891,ティムス,2026-09-15,125.0,127.0,127.0,121.0,110.52,851340.0,126.0,129.0,126.0,129.0,56500.0,3.200000000000003,0.8000000000000007,2.3809523809523725,1.5748031496062964,1.5748031496062964,-1.5503875968992276,0.0,0.06636596424460263,True,True,True
4892,サイフューズ,2026-09-15,670.0,699.0,699.0,632.8,582.68,146480.0,687.0,695.0,665.0,670.0,177100.0,0.0,2.5373134328358304,-2.4745269286754024,-4.14878397711016,-4.14878397711016,4.32835820895523,0.0,1.2090387766247952,False,False,False
4893,ノイルイミューン・バイオテック,2026-09-15,139.0,172.0,172.0,140.2,144.28,77440.0,138.0,140.0,138.0,139.0,52100.0,0.0,-0.7194244604316502,0.7246376811594235,-19.186046511627907,-19.186046511627907,23.741007194244613,0.0,0.6727789256198347,True,False,False
4894,クオリプス,2026-09-15,5740.0,6110.0,6110.0,5490.0,5424.4,79980.0,5870.0,5890.0,5820.0,5880.0,10700.0,2.4390243902439046,2.2648083623693305,0.17035775127767216,-3.764320785597386,-3.764320785597386,3.911564625850339,0.0,0.13378344586146537,True,False,False
4896,ケイファーマ,2026-09-15,813.0,845.0,845.0,809.2,786.72,16220.0,805.0,814.0,805.0,813.0,2200.0,0.0,-0.9840098400983988,0.9937888198757738,-3.7869822485207094,-3.7869822485207094,3.936039360393595,0.0,0.13563501849568435,True,False,False
4901,富士フイルムホールディングス,2026-09-15,3230.0,3463.0,3908.0,3229.2,3266.44,3496940.0,3246.0,3268.0,3243.0,3264.0,340900.0,1.0526315789473717,0.4953560371516952,0.5545286506469571,-5.746462604678026,-16.47901740020471,19.73039215686274,12.850129945134281,0.0974852299438938,True,False,False
4902,コニカミノルタ,2026-09-15,623.0999755859375,696.0,698.9000244140625,599.8000122070313,643.5760034179688,4188500.0,630.0,641.7999877929688,625.5999755859375,640.5999755859375,439200.0,2.808538065427424,1.1073703553870384,1.682535807291674,-7.959773622710131,-8.341686477547638,9.100850928818671,0.4166701744342749,0.10485854124388205,True,False,False
4911,資生堂,2026-09-15,3475.0,3821.0,3821.0,3403.2,3535.24,2651020.0,3491.0,3512.0,3476.0,3507.0,121400.0,0.9208633093525265,0.46043165467626324,0.45832139788026804,-8.217744046061238,-8.217744046061238,8.953521528371834,0.0,0.04579369450249338,True,False,False
4912,ライオン,2026-09-15,1753.5,1946.0,1946.0,1755.1,1849.0,1008000.0,1749.5,1749.5,1736.0,1743.5,56000.0,-0.5702879954376905,-0.22811519817508286,-0.34295513003714806,-10.40596094552929,-10.40596094552929,11.61456839690278,0.0,0.05555555555555555,False,False,False
4914,高砂香料工業,2026-09-15,1306.0,1357.0,1357.0,1289.2,1302.64,129440.0,1316.0,1319.0,1314.0,1318.0,4700.0,0.9188361408882129,0.7656967840734996,0.1519756838905817,-2.8739867354458326,-2.8739867354458326,2.959028831562982,0.0,0.03631025957972806,True,False,False
4918,アイビー化粧品,2026-09-15,292.0,308.0,329.0,295.8,300.32,9340.0,294.0,294.0,294.0,292.0,19900.0,0.0,0.6849315068493178,-0.6802721088435382,-5.1948051948051965,-11.246200607902734,12.671232876712324,6.818181818181812,2.1306209850107067,False,False,False
4919,ミルボン,2026-09-15,3170.0,3360.0,3360.0,3130.0,3205.4,170640.0,3170.0,3180.0,3160.0,3170.0,155900.0,0.0,0.0,0.0,-5.654761904761907,-5.654761904761907,5.993690851735023,0.0,0.9136193155180496,False,False,False
4920,日本色材工業研究所,2026-09-15,1130.0,1151.0,1151.0,1122.4,1129.4,260.0,1130.0,1130.0,1130.0,1130.0,100.0,0.0,0.0,0.0,-1.8245004344048632,-1.8245004344048632,1.8584070796460184,0.0,0.38461538461538464,False,False,False
4922,コーセーホールディングス,2026-09-15,5649.0,6079.0,6118.0,5593.0,5753.4,271800.0,5710.0,5730.0,5677.0,5718.0,12100.0,1.221455124800852,1.0798371393166972,0.14010507880910517,-5.938476723145259,-6.538084341287997,6.995452955578885,0.641552886987995,0.044518027961736574,True,False,False
4923,コタ,2026-09-15,1235.0,1276.0,1276.0,1217.8,1236.96,22780.0,1232.0,1237.0,1231.0,1235.0,2100.0,0.0,-0.24291497975708065,0.24350649350648457,-3.21316614420063,-3.21316614420063,3.319838056680169,0.0,0.09218612818261633,True,False,False
4925,ハーバー研究所,2026-09-15,1735.0,1760.0,1777.0,1732.4,1732.28,1880.0,1735.0,1735.0,1735.0,1735.0,700.0,0.0,0.0,0.0,-1.4204545454545414,-2.363534046145188,2.420749279538903,0.9659090909091006,0.3723404255319149,False,False,False
4926,シーボン,2026-09-15,1246.0,1255.0,1260.0,1246.2,1246.08,640.0,1246.0,1246.0,1246.0,1246.0,500.0,0.0,0.0,0.0,-0.7171314741035828,-1.1111111111111072,1.1235955056179803,0.3984063745019917,0.78125,False,False,False
4927,ポーラ・オルビスホールディングス,2026-09-15,1371.5,1421.0,1434.5,1349.9,1381.92,423440.0,1379.5,1379.5,1369.0,1379.0,20200.0,0.5468465184105042,0.5833029529711986,-0.03624501631025456,-2.9556650246305383,-3.8689438828860223,4.024655547498179,0.950035186488396,0.04770451539769507,False,False,False
4928,ノエビアホールディングス,2026-09-15,4820.0,4985.0,4985.0,4778.0,4836.0,78980.0,4850.0,4850.0,4830.0,4840.0,18900.0,0.4149377593360981,0.6224066390041472,-0.20618556701030855,-2.9087261785356033,-2.9087261785356033,2.9958677685950397,0.0,0.2393010888832616,False,False,False
4929,アジュバンホールディングス,2026-09-15,740.0,743.0,743.0,739.4,738.92,1680.0,737.0,737.0,737.0,740.0,2700.0,0.0,-0.40540540540540126,0.4070556309362372,-0.40376850605652326,-0.40376850605652326,0.40540540540541237,0.0,1.6071428571428572,True,False,False
4931,新日本製薬,2026-09-15,2045.0,2126.0,2126.0,2025.0,2059.32,42760.0,2062.0,2076.0,2062.0,2071.0,16700.0,1.271393643031793,0.831295843520774,0.43646944713870983,-2.587017873941677,-2.587017873941677,2.655721873491057,0.0,0.39055191768007486,True,False,False
4932,アルマード,2026-09-15,826.0,845.0,845.0,817.0,773.56,21020.0,829.0,829.0,826.0,826.0,7900.0,0.0,0.363196125907983,-0.3618817852834688,-2.2485207100591764,-2.2485207100591764,2.300242130750596,0.0,0.3758325404376784,False,False,False
4933,Ｉ－ｎｅ,2026-09-15,1681.0,1681.0,1681.0,1474.6,1453.68,66020.0,1440.0,1681.0,1430.0,1681.0,143100.0,0.0,-14.336704342653183,16.736111111111107,0.0,0.0,0.0,0.0,2.1675249924265376,True,False,False
4934,プレミアアンチエイジング,2026-09-15,601.0,617.0,617.0,602.4,597.6,20140.0,601.0,601.0,601.0,601.0,31400.0,0.0,0.0,0.0,-2.593192868719607,-2.593192868719607,2.66222961730449,0.0,1.5590863952333665,False,False,False
4935,リベルタ,2026-09-15,189.0,223.0,262.0,194.8,208.4,168440.0,191.0,193.0,189.0,189.0,129900.0,0.0,1.0582010582010692,-1.0471204188481686,-15.246636771300448,-27.862595419847324,38.62433862433863,17.48878923766817,0.7711944906198053,False,False,False
4936,アクシージア,2026-09-15,309.0,329.0,329.0,313.0,319.84,45060.0,310.0,310.0,309.0,309.0,101200.0,0.0,0.3236245954692629,-0.3225806451612856,-6.079027355623101,-6.079027355623101,6.472491909385103,0.0,2.2458943630714603,False,False,False
4937,Ｗａｑｏｏ,2026-09-15,2402.0,2508.0,2508.0,2424.2,2326.32,3180.0,2381.0,2381.0,2381.0,2402.0,2000.0,0.0,-0.8742714404662788,0.8819823603527954,-4.226475279106856,-4.226475279106856,4.412989175686932,0.0,0.6289308176100629,True,False,False
4951,エステー,2026-09-15,1531.0,1570.0,1570.0,1515.2,1522.28,21240.0,1529.0,1530.0,1529.0,1531.0,26900.0,0.0,-0.1306335728282204,0.1308044473512071,-2.4840764331210186,-2.4840764331210186,2.547354670150237,0.0,1.2664783427495292,True,False,False
4956,コニシ,2026-09-15,1472.0,1505.0,1505.0,1465.2,1463.72,56660.0,1482.0,1487.0,1478.0,1472.0,53000.0,0.0,0.6793478260869623,-0.6747638326585648,-2.192691029900329,-2.192691029900329,2.2418478260869623,0.0,0.9354041651959054,False,False,False
4958,長谷川香料,2026-09-15,3395.0,3415.0,3415.0,3277.0,3319.6,76800.0,3420.0,3430.0,3410.0,3395.0,163800.0,0.0,0.7363770250368162,-0.7309941520467822,-0.5856515373352855,-0.5856515373352855,0.589101620029453,0.0,2.1328125,False,False,False
4960,ケミプロ化成,2026-09-15,554.0,695.0,695.0,563.2,553.28,32000.0,554.0,561.0,554.0,554.0,24700.0,0.0,0.0,0.0,-20.28776978417266,-20.28776978417266,25.451263537906144,0.0,0.771875,False,False,False
4966,上村工業,2026-09-15,19080.0,20680.0,25750.0,19046.0,19810.0,57720.0,19160.0,19280.0,18980.0,19060.0,4400.0,-0.10482180293500676,0.41928721174004924,-0.5219206680584509,-7.833655705996135,-25.980582524271846,35.09968520461699,24.516441005802704,0.07623007623007623,False,False,False
4967,小林製薬,2026-09-15,5814.0,5922.0,5922.0,5769.8,5672.32,222300.0,5821.0,5835.0,5812.0,5831.0,7900.0,0.29239766081872176,0.12039903680769459,0.17179178835251552,-1.5366430260047248,-1.5366430260047248,1.5606242496998712,0.0,0.03553756185335133,True,False,False
4968,荒川化学工業,2026-09-15,2069.0,2447.0,2673.0,2097.6,2213.32,180800.0,2080.0,2106.0,2080.0,2103.0,9700.0,1.643305944900919,0.531657805703234,1.105769230769238,-14.058030241111563,-21.324354657687994,27.10413694721825,9.23579893747446,0.053650442477876106,True,False,False
4970,東洋合成工業,2026-09-15,9610.0,12300.0,15340.0,9818.0,11164.8,85400.0,9670.0,9700.0,9640.0,9610.0,54600.0,0.0,0.624349635796051,-0.6204756980351611,-21.869918699186996,-37.35332464146024,59.62539021852238,24.715447154471537,0.639344262295082,False,False,False
4971,メック,2026-09-15,6100.0,7140.0,10020.0,6104.0,6732.0,262380.0,6100.0,6150.0,6100.0,6110.0,17500.0,0.16393442622950616,0.0,0.16393442622950616,-14.425770308123253,-39.02195608782435,63.993453355155474,40.336134453781504,0.06669715679548746,True,False,False
4972,綜研化学,2026-09-15,3870.0,4240.0,4240.0,3799.0,3642.6,59360.0,3870.0,3955.0,3870.0,3945.0,2600.0,1.9379844961240345,0.0,1.9379844961240345,-6.957547169811318,-6.957547169811318,7.477820025348536,0.0,0.04380053908355795,True,False,False
4973,日本高純度化学,2026-09-15,4800.0,4895.0,4930.0,4757.0,4760.0,52100.0,4775.0,4790.0,4775.0,4785.0,2600.0,-0.31250000000000444,-0.520833333333337,0.20942408376962707,-2.2471910112359605,-2.941176470588236,3.0303030303030276,0.7150153217568844,0.04990403071017274,True,False,False
4975,ＪＣＵ,2026-09-15,5750.0,5870.0,6800.0,5728.0,5558.8,95880.0,5790.0,5810.0,5770.0,5750.0,87600.0,0.0,0.6956521739130528,-0.6908462867012077,-2.044293015332199,-15.441176470588236,18.260869565217398,15.843270868824533,0.9136420525657072,False,False,False
4976,東洋ドライルーブ,2026-09-15,1570.0,1745.0,1745.0,1597.4,1502.84,1760.0,1582.0,1582.0,1565.0,1570.0,1200.0,0.0,0.7643312101910826,-0.7585335018963302,-10.028653295128942,-10.028653295128942,11.146496815286632,0.0,0.6818181818181818,False,False,False
4977,新田ゼラチン,2026-09-15,1185.0,1232.0,1358.0,1184.0,1207.04,26360.0,1183.0,1190.0,1183.0,1185.0,26600.0,0.0,-0.16877637130802148,0.16906170752324368,-3.8149350649350655,-12.739322533136965,14.599156118143464,10.22727272727273,1.0091047040971168,True,False,False
4978,リプロセル,2026-09-15,137.0,156.0,157.0,137.0,146.28,743760.0,137.0,138.0,137.0,137.0,128900.0,0.0,0.0,0.0,-12.17948717948718,-12.73885350318471,14.598540145985407,0.6410256410256387,0.17330859417016242,False,False,False
4979,ＯＡＴアグリオ,2026-09-15,2882.0,3045.0,3045.0,2887.8,2795.0,16700.0,2869.0,2926.0,2869.0,2923.0,3700.0,1.422623178348359,-0.4510756419153328,1.882188915998606,-4.0065681444991785,-4.0065681444991785,4.173794047211765,0.0,0.2215568862275449,True,False,False
4980,デクセリアルズ,2026-09-15,2875.0,3156.0,3492.0,2848.4,2975.14,1410660.0,2841.0,2953.0,2840.5,2937.5,207500.0,2.1739130434782705,-1.1826086956521764,3.396691305878208,-6.923320659062105,-15.879152348224512,18.876595744680856,10.646387832699622,0.14709426793132294,True,False,False
4985,アース製薬,2026-09-15,4730.0,4970.0,4970.0,4685.0,4820.8,50540.0,4760.0,4765.0,4740.0,4760.0,2500.0,0.634249471458781,0.634249471458781,0.0,-4.225352112676061,-4.225352112676061,4.4117647058823595,0.0,0.049465769687376336,False,False,False
4990,昭和化学工業,2026-09-15,525.0,568.0,568.0,530.8,515.24,4640.0,529.0,529.0,529.0,525.0,2700.0,0.0,0.7619047619047636,-0.7561436672967825,-7.570422535211263,-7.570422535211263,8.190476190476193,0.0,0.5818965517241379,False,False,False
4992,北興化学工業,2026-09-15,1855.0,2069.0,2069.0,1875.0,1980.88,53600.0,1862.0,1882.0,1862.0,1882.0,3900.0,1.4555256064689992,0.37735849056603765,1.074113856068748,-9.038182696955054,-9.038182696955054,9.936238044633372,0.0,0.07276119402985075,True,False,False
4994,大成ラミックグループ,2026-09-15,2776.0,2937.0,2937.0,2738.4,2800.12,11740.0,2761.0,2797.0,2761.0,2776.0,10600.0,0.0,-0.5403458213256496,0.5432814197754432,-5.4817841334695245,-5.4817841334695245,5.799711815561959,0.0,0.9028960817717206,True,False,False
4996,クミアイ化学工業,2026-09-15,660.0,807.0,807.0,701.4,760.64,1263500.0,668.0,668.0,663.0,667.0,135900.0,1.0606060606060508,1.21212121212122,-0.14970059880239361,-17.348203221809165,-17.348203221809165,20.989505247376307,0.0,0.1075583696082311,False,False,False
4997,日本農薬,2026-09-15,1147.0,1326.0,1326.0,1162.0,1213.48,399200.0,1165.0,1168.0,1162.0,1167.0,59600.0,1.7436791630339954,1.5693112467306092,0.17167381974247942,-11.990950226244346,-11.990950226244346,13.624678663239065,0.0,0.1492985971943888,True,False,False
4998,フマキラー,2026-09-15,1170.0,1214.0,1214.0,1165.6,1186.16,8380.0,1168.0,1168.0,1168.0,1170.0,8700.0,0.0,-0.17094017094017033,0.1712328767123239,-3.6243822075782584,-3.6243822075782584,3.7606837606837695,0.0,1.0381861575178997,True,False,False
500A,ＴＯブックス,2026-09-15,3545.0,3615.0,3615.0,3509.0,3343.2,15060.0,3590.0,3590.0,3570.0,3575.0,2100.0,0.8462623413258097,1.2693935119887145,-0.41782729805014407,-1.1065006915629283,-1.1065006915629283,1.118881118881121,0.0,0.1394422310756972,False,False,False
5010,日本精蝋,2026-09-15,292.0,333.0,370.0,287.6,291.16,143280.0,292.0,297.0,292.0,296.0,16500.0,1.3698630136986356,0.0,1.3698630136986356,-11.111111111111116,-19.999999999999996,25.0,11.111111111111116,0.11515912897822446,True,False,False
5011,ニチレキグループ,2026-09-15,2323.0,2426.0,2426.0,2291.8,2306.12,61980.0,2330.0,2335.0,2320.0,2323.0,63800.0,0.0,0.3013344812742069,-0.30042918454935563,-4.2456718878812865,-4.2456718878812865,4.433921653034867,0.0,1.0293643110680866,False,False,False
5013,ユシロ,2026-09-15,2836.0,3060.0,3210.0,2833.6,2945.92,29280.0,2852.0,2864.0,2851.0,2860.0,2700.0,0.8462623413258097,0.5641748942172065,0.28050490883591017,-6.5359477124183,-10.90342679127726,12.23776223776223,4.90196078431373,0.09221311475409837,True,False,False
5015,ビーピー・カストロール,2026-09-15,1000.0,1005.0,1015.0,1000.2,1001.56,4460.0,1001.0,1001.0,1001.0,1000.0,5000.0,0.0,0.09999999999998899,-0.09990009990009652,-0.497512437810943,-1.4778325123152691,1.4999999999999902,0.995024875621886,1.1210762331838564,False,False,False
5016,ＪＸ金属,2026-09-15,3654.0,3944.0,4350.0,3737.4,3748.76,16751280.0,3607.0,3640.0,3601.0,3623.0,773800.0,-0.8483853311439526,-1.2862616310892139,0.4435819240365957,-8.138945233265716,-16.712643678160923,20.066243444659126,10.294117647058831,0.04619348491577957,True,False,False
5018,ＭＯＲＥＳＣＯ,2026-09-15,2374.0,2440.0,2440.0,2343.6,2297.28,11300.0,2362.0,2371.0,2362.0,2374.0,15700.0,0.0,-0.5054759898904804,0.508044030482635,-2.704918032786885,-2.704918032786885,2.780117944397631,0.0,1.3893805309734513,True,False,False
5019,出光興産,2026-09-15,1601.0,1708.5,1708.5,1639.5,1443.38,6710840.0,1640.0,1658.0,1639.0,1656.5,455400.0,3.4665833853841255,2.435977514053711,1.006097560975605,-3.043605501902258,-3.043605501902258,3.1391488077271434,0.0,0.06786035727271102,True,False,False
5020,ＥＮＥＯＳホールディングス,2026-09-15,1404.0,1496.0,1496.0,1442.8,1351.84,11075140.0,1433.5,1458.0,1430.0,1455.0,1005500.0,3.6324786324786418,2.101139601139601,1.4998256016742317,-2.740641711229952,-2.740641711229952,2.81786941580755,0.0,0.09078892004976913,True,False,False
5021,コスモエネルギーホールディングス,2026-09-15,4490.0,4640.0,4640.0,4533.0,4303.24,709940.0,4609.0,4661.0,4600.0,4627.0,104300.0,3.0512249443207073,2.650334075723837,0.39054024734215265,-0.28017241379310054,-0.28017241379310054,0.28095958504430474,0.0,0.14691382370341155,True,False,False
5025,マーキュリー,2026-09-15,594.0,605.0,605.0,596.8,584.12,1220.0,584.0,584.0,584.0,594.0,500.0,0.0,-1.683501683501687,1.7123287671232834,-1.8181818181818188,-1.8181818181818188,1.85185185185186,0.0,0.4098360655737705,True,False,False
5026,トリプルアイズ,2026-09-15,597.0,666.0,666.0,596.6,602.52,23800.0,597.0,597.0,597.0,597.0,5800.0,0.0,0.0,0.0,-10.360360360360366,-10.360360360360366,11.557788944723612,0.0,0.24369747899159663,False,False,False
5027,ＡｎｙＭｉｎｄ　Ｇｒｏｕｐ,2026-09-15,774.0,856.0,856.0,759.8,746.8,218900.0,787.0,787.0,764.0,773.0,24600.0,-0.12919896640827266,1.6795865633074891,-1.7789072426937724,-9.69626168224299,-9.69626168224299,10.73738680465719,0.0,0.11238008222932847,False,False,False
5028,セカンドサイトアナリティカ,2026-09-15,359.0,373.0,394.0,356.0,359.52,5340.0,359.0,359.0,359.0,359.0,5400.0,0.0,0.0,0.0,-3.753351206434319,-8.883248730964466,9.749303621169926,5.630026809651478,1.0112359550561798,False,False,False
5029,サークレイス,2026-09-15,931.0,1040.0,1040.0,923.4,850.28,13240.0,930.0,930.0,930.0,931.0,4600.0,0.0,-0.10741138560687036,0.10752688172042113,-10.480769230769226,-10.480769230769226,11.707841031149302,0.0,0.3474320241691843,True,False,False
5031,モイ,2026-09-15,428.0,515.0,515.0,392.2,347.24,2002840.0,428.0,455.0,428.0,448.0,401500.0,4.672897196261672,0.0,4.672897196261672,-13.009708737864079,-13.009708737864079,14.955357142857139,0.0,0.20046533921831,True,False,False
5032,ＡＮＹＣＯＬＯＲ,2026-09-15,3240.0,3290.0,3290.0,3138.0,2948.92,1337320.0,3210.0,3225.0,3190.0,3205.0,23200.0,-1.0802469135802517,-0.92592592592593,-0.15576323987538387,-2.583586626139822,-2.583586626139822,2.6521060842433775,0.0,0.017348129094008912,False,False,False
5033,ヌーラボ,2026-09-15,1169.0,1255.0,1255.0,1183.0,996.4,69400.0,1171.0,1200.0,1171.0,1200.0,4500.0,2.651839178785287,0.17108639863130382,2.4765157984628416,-4.3824701195219085,-4.3824701195219085,4.583333333333339,0.0,0.06484149855907781,True,False,False
5034,ｕｎｅｒｒｙ,2026-09-15,2283.0,2456.0,2456.0,2259.8,2215.12,13960.0,2260.0,2260.0,2260.0,2283.0,14400.0,0.0,-1.0074463425317592,1.0176991150442571,-7.043973941368076,-7.043973941368076,7.577748576434518,0.0,1.0315186246418337,True,False,False
5035,ＨＯＵＳＥＩ,2026-09-15,366.0,373.0,374.0,365.4,362.8,1560.0,368.0,368.0,368.0,366.0,2400.0,0.0,0.5464480874316946,-0.5434782608695676,-1.8766756032171594,-2.1390374331550777,2.1857923497267784,0.2680965147453085,1.5384615384615385,False,False,False
5036,日本ビジネスシステムズ,2026-09-15,1551.0,1682.0,1682.0,1510.0,1579.92,104660.0,1553.0,1564.0,1550.0,1551.0,160000.0,0.0,0.12894906511928816,-0.12878300064391723,-7.788347205707491,-7.788347205707491,8.446163765312708,0.0,1.5287597936174278,False,False,False
5038,ｅＷｅＬＬ,2026-09-15,2107.0,2330.0,2397.0,2099.6,2158.6,27980.0,2107.0,2117.0,2107.0,2107.0,41100.0,0.0,0.0,0.0,-9.570815450643778,-12.098456403838131,13.763644992880874,2.8755364806867023,1.4689063616869191,False,False,False
504A,イノバセル,2026-09-15,557.0,640.0,640.0,561.6,574.92,67780.0,567.0,570.0,563.0,563.0,9000.0,1.077199281867136,1.795332136445249,-0.7054673721340388,-12.031250000000004,-12.031250000000004,13.676731793960917,0.0,0.13278253172027146,False,False,False
505A,ギークリー,2026-09-15,1402.0,1482.0,1482.0,1363.0,1389.64,28300.0,1402.0,1402.0,1402.0,1402.0,36100.0,0.0,0.0,0.0,-5.398110661268552,-5.398110661268552,5.706134094151216,0.0,1.2756183745583038,False,False,False
5071,ヴィス,2026-09-15,1456.0,1469.0,1488.0,1394.2,1373.52,36000.0,1466.0,1472.0,1465.0,1472.0,6900.0,1.098901098901095,0.6868131868131844,0.4092769440654953,0.2042205582028611,-1.0752688172043001,1.0869565217391353,1.293396868618113,0.19166666666666668,True,True,False
5074,テスホールディングス,2026-09-15,574.0,671.0,826.0,588.4,633.2,819320.0,576.0,579.0,575.0,576.0,66000.0,0.34843205574912606,0.34843205574912606,0.0,-14.157973174366612,-30.266343825665864,43.40277777777777,23.099850968703418,0.0805546062588488,False,False,False
5076,インフロニア・ホールディングス,2026-09-15,2815.0,2944.0,2944.0,2799.7,2787.82,1587360.0,2827.0,2846.0,2825.0,2839.5,101100.0,0.8703374777975226,0.4262877442273494,0.442164839051995,-3.549592391304346,-3.549592391304346,3.680225391794334,0.0,0.06369065618385243,True,False,False
50765,インフロニア・ホールディングス第１回社債型種類株式,2026-09-15,4633.0,4650.0,4650.0,4635.8,4631.72,2440.0,4640.0,4640.0,4633.0,4633.0,4600.0,0.0,0.15109000647528514,-0.15086206896551824,-0.36559139784946293,-0.36559139784946293,0.3669328728685528,0.0,1.8852459016393444,False,False,False
5078,セレコーポレーション,2026-09-15,4745.0,4860.0,4860.0,4733.0,4757.6,380.0,4695.0,4745.0,4695.0,4745.0,400.0,0.0,-1.0537407797681753,1.0649627263045858,-2.366255144032925,-2.366255144032925,2.4236037934667998,0.0,1.0526315789473684,True,False,False
5079,ノバック,2026-09-15,2574.0,2722.0,2722.0,2602.4,2611.2,3920.0,2580.0,2582.0,2580.0,2574.0,10800.0,0.0,0.2331002331002363,-0.23255813953488857,-5.4371785451873595,-5.4371785451873595,5.7498057498057475,0.0,2.7551020408163267,False,False,False
5101,横浜ゴム,2026-09-15,6711.0,7760.0,8291.0,6755.0,7279.6,804840.0,6660.0,6728.0,6660.0,6728.0,74900.0,0.2533154522425862,-0.7599463567277587,1.021021021021018,-13.298969072164946,-18.851766976239293,23.23127229488704,6.842783505154637,0.0930619750509418,True,False,False
5105,ＴＯＹＯ　ＴＩＲＥ,2026-09-15,3695.0,3895.0,4337.0,3674.0,3737.56,2304040.0,3708.0,3725.0,3707.0,3717.0,60500.0,0.5953991880920162,0.3518267929634611,0.24271844660195274,-4.56996148908857,-14.29559603412497,16.680118375033626,11.347881899871638,0.026258224683599243,True,False,False
5108,ブリヂストン,2026-09-15,3740.0,4189.0,4393.0,3758.6,4018.96,4418780.0,3740.0,3755.0,3714.0,3731.0,254600.0,-0.2406417112299497,0.0,-0.2406417112299497,-10.933396992122224,-15.069428636467109,17.743232377378714,4.869897350202912,0.05761771348652796,False,False,False
5110,住友ゴム工業,2026-09-15,1994.0,2360.0,2547.0,2005.3,2206.0,2116180.0,1994.0,2001.0,1991.0,1995.5,146200.0,0.07522567703108773,0.0,0.07522567703108773,-15.44491525423729,-21.652925009815473,27.637183663242304,7.9237288135593165,0.0690867506544812,True,False,False
5121,藤倉コンポジット,2026-09-15,2746.0,2820.0,2830.0,2694.6,2708.76,79840.0,2739.0,2800.0,2739.0,2746.0,129600.0,0.0,-0.25491624180626893,0.2555677254472366,-2.624113475177303,-2.9681978798586584,3.0589949016751605,0.35460992907800915,1.623246492985972,True,False,False
5122,オカモト,2026-09-15,6200.0,6730.0,6730.0,6160.0,6302.8,16520.0,6200.0,6200.0,6140.0,6200.0,13500.0,0.0,0.0,0.0,-7.875185735512636,-7.875185735512636,8.54838709677419,0.0,0.8171912832929782,False,False,False
5125,ファインズ,2026-09-15,485.0,487.0,499.0,477.0,474.48,6660.0,486.0,486.0,486.0,485.0,9300.0,0.0,0.20618556701030855,-0.2057613168724326,-0.4106776180698102,-2.8056112224448926,2.8865979381443196,2.4640657084188833,1.3963963963963963,False,False,False
5126,ポーターズ,2026-09-15,1400.0,1516.0,1610.0,1406.2,1431.6,340.0,1403.0,1403.0,1400.0,1400.0,1200.0,0.0,0.2142857142857224,-0.2138275124732747,-7.651715039577834,-13.043478260869568,14.999999999999991,6.200527704485492,3.5294117647058822,False,False,False
5129,ＦＩＸＥＲ,2026-09-15,258.0,422.0,422.0,262.2,274.32,100340.0,257.0,258.0,257.0,258.0,83900.0,0.0,-0.3875968992248069,0.3891050583657574,-38.862559241706165,-38.862559241706165,63.565891472868216,0.0,0.8361570659756827,True,False,False
5131,リンカーズ,2026-09-15,213.0,213.0,213.0,145.2,126.76,1531860.0,190.0,213.0,190.0,213.0,7330500.0,0.0,-10.7981220657277,12.10526315789473,0.0,0.0,0.0,0.0,4.785358975363284,True,False,False
5132,ｐｌｕｓｚｅｒｏ,2026-09-15,1952.0,2185.0,2185.0,1915.8,2009.6,87420.0,1965.0,1965.0,1925.0,1952.0,28800.0,0.0,0.6659836065573854,-0.661577608142494,-10.663615560640727,-10.663615560640727,11.936475409836067,0.0,0.32944406314344543,False,False,False
5133,テリロジーホールディングス,2026-09-15,292.0,326.0,326.0,290.6,307.56,55660.0,293.0,294.0,292.0,292.0,60200.0,0.0,0.3424657534246478,-0.34129692832765013,-10.429447852760731,-10.429447852760731,11.64383561643836,0.0,1.0815666546891842,False,False,False
5134,ＰＯＰＥＲ,2026-09-15,464.0,501.0,503.0,474.4,480.88,7080.0,463.0,463.0,463.0,464.0,3500.0,0.0,-0.21551724137931494,0.21598272138227959,-7.385229540918159,-7.753479125248508,8.405172413793105,0.3992015968063978,0.4943502824858757,True,False,False
5136,ｔｒｉｐｌａ,2026-09-15,2290.0,2379.0,2379.0,2047.8,1956.4,129500.0,2300.0,2320.0,2230.0,2253.0,29000.0,-1.6157205240174721,0.4366812227074135,-2.043478260869569,-5.2963430012610395,-5.2963430012610395,5.5925432756325,0.0,0.22393822393822393,False,False,False
5137,スマートドライブ,2026-09-15,310.0,338.0,338.0,304.2,294.16,368180.0,317.0,319.0,316.0,319.0,24600.0,2.9032258064516148,2.2580645161290214,0.6309148264984188,-5.621301775147924,-5.621301775147924,5.956112852664575,0.0,0.066815144766147,True,False,False
5138,Ｒｅｂａｓｅ,2026-09-15,460.0,482.0,482.0,460.6,458.6,400.0,459.0,459.0,459.0,460.0,300.0,0.0,-0.21739130434782483,0.2178649237472685,-4.56431535269709,-4.56431535269709,4.7826086956521685,0.0,0.75,True,False,False
5139,オープンワーク,2026-09-15,915.0,974.0,988.0,917.4,943.72,12500.0,920.0,920.0,920.0,915.0,12100.0,0.0,0.5464480874316946,-0.5434782608695676,-6.057494866529778,-7.388663967611331,7.978142076502737,1.4373716632443578,0.968,False,False,False
5142,アキレス,2026-09-15,1727.0,2032.0,2032.0,1757.6,1869.28,69340.0,1722.0,1750.0,1722.0,1727.0,83900.0,0.0,-0.2895193977996535,0.29036004645761615,-15.009842519685035,-15.009842519685035,17.660683265778808,0.0,1.2099798096336891,True,False,False
5161,西川ゴム工業,2026-09-15,3485.0,3825.0,3825.0,3472.0,3560.4,103560.0,3470.0,3490.0,3460.0,3485.0,6800.0,0.0,-0.43041606886656814,0.4322766570605152,-8.888888888888891,-8.888888888888891,9.756097560975618,0.0,0.06566241792197759,True,False,False
5162,朝日ラバー,2026-09-15,781.0,823.0,823.0,794.2,796.0,980.0,774.0,793.0,774.0,781.0,1900.0,0.0,-0.8962868117797673,0.9043927648578753,-5.103280680437427,-5.103280680437427,5.377720870678626,0.0,1.9387755102040816,True,False,False
5184,ニチリン,2026-09-15,4130.0,4195.0,4200.0,4085.0,4125.2,14260.0,4140.0,4145.0,4135.0,4130.0,9100.0,0.0,0.2421307506053294,-0.24154589371980784,-1.5494636471990453,-1.6666666666666718,1.6949152542372836,0.11918951132301459,0.638148667601683,False,False,False
5185,フコク,2026-09-15,1966.0,2076.0,2104.0,1959.8,2029.96,39480.0,1975.0,1986.0,1974.0,1966.0,58900.0,0.0,0.45778229908444157,-0.45569620253164134,-5.298651252408481,-6.558935361216733,7.019328585961349,1.348747591522148,1.4918946301925025,False,False,False
5186,ニッタ,2026-09-15,6610.0,6930.0,7270.0,6564.0,6705.6,39120.0,6650.0,6660.0,6610.0,6650.0,2300.0,0.605143721633894,0.605143721633894,0.0,-4.040404040404044,-8.52819807427786,9.323308270676689,4.906204906204903,0.058793456032719835,False,False,False
5187,クリエートメディック,2026-09-15,1142.0,1160.0,1160.0,1135.4,1140.0,2400.0,1141.0,1146.0,1141.0,1142.0,2900.0,0.0,-0.08756567425569628,0.08764241893075564,-1.551724137931032,-1.551724137931032,1.5761821366024442,0.0,1.2083333333333333,True,False,False
5189,櫻護謨,2026-09-15,3500.0,3710.0,4015.0,3471.0,3554.2,1460.0,3510.0,3510.0,3510.0,3500.0,900.0,0.0,0.28571428571428914,-0.2849002849002802,-5.660377358490565,-12.826899128268987,14.714285714285724,8.221024258760101,0.6164383561643836,False,False,False
5192,三ツ星ベルト,2026-09-15,4245.0,4490.0,4645.0,4227.0,4379.0,72920.0,4270.0,4270.0,4235.0,4265.0,4500.0,0.4711425206124886,0.5889281507656108,-0.11709601873536313,-5.011135857461024,-8.180839612486546,8.909730363423218,3.4521158129176,0.06171146461876029,False,False,False
5194,相模ゴム工業,2026-09-15,641.0,651.0,671.0,637.6,638.04,2680.0,641.0,641.0,640.0,641.0,2700.0,0.0,0.0,0.0,-1.5360983102918557,-4.470938897168408,4.680187207488307,3.0721966205837115,1.007462686567164,False,False,False
5195,バンドー化学,2026-09-15,2441.0,2523.0,2560.0,2417.8,2451.36,78540.0,2441.0,2462.0,2441.0,2441.0,57500.0,0.0,0.0,0.0,-3.2500990883868375,-4.648437500000002,4.875051208521097,1.466508125247712,0.7321110262286733,False,False,False
519A,ベーシック,2026-09-15,494.0,523.0,549.0,498.8,501.24,4780.0,491.0,491.0,490.0,494.0,5300.0,0.0,-0.6072874493927127,0.6109979633401208,-5.544933078393877,-10.018214936247727,11.133603238866407,4.97131931166348,1.108786610878661,True,False,False
5201,ＡＧＣ,2026-09-15,5528.0,5890.0,6175.0,5548.6,5721.48,1137360.0,5611.0,5614.0,5563.0,5587.0,77600.0,1.0672937771345925,1.5014471780028904,-0.4277312422028112,-5.144312393887951,-9.52226720647773,10.524431716484695,4.8387096774193505,0.06822817753393824,False,False,False
5202,日本板硝子,2026-09-15,495.0,496.0,496.0,494.8,489.72,1724500.0,496.0,496.0,495.0,495.0,1124400.0,0.0,0.20202020202020332,-0.20161290322581182,-0.20161290322581182,-0.20161290322581182,0.20202020202020332,0.0,0.6520150768338648,False,False,False
5204,石塚硝子,2026-09-15,3035.0,3080.0,3085.0,3023.2,3037.36,8380.0,3035.0,3035.0,3035.0,3035.0,4900.0,0.0,0.0,0.0,-1.461038961038963,-1.620745542949753,1.6474464579901094,0.16233766233766378,0.5847255369928401,False,False,False
5208,有沢製作所,2026-09-15,2546.0,2743.0,2978.0,2560.8,2628.72,130420.0,2560.0,2585.0,2560.0,2546.0,145600.0,0.0,0.54988216810683,-0.5468750000000022,-7.181917608457889,-14.506380120886497,16.967792615868028,8.567262121764486,1.1163931912283391,False,False,False
520A,ジェイファーマ,2026-09-15,416.0,546.0,546.0,463.2,348.2,978780.0,416.0,424.0,416.0,416.0,472600.0,0.0,0.0,0.0,-23.809523809523814,-23.809523809523814,31.25,0.0,0.4828459919491612,False,False,False
5210,日本山村硝子,2026-09-15,2876.0,2999.0,3055.0,2874.8,2932.68,27660.0,2881.0,2923.0,2881.0,2876.0,21700.0,0.0,0.173852573018074,-0.1735508503991623,-4.101367122374122,-5.859247135842882,6.223922114047298,1.8672890963654654,0.7845263919016631,False,False,False
5214,日本電気硝子,2026-09-15,4690.0,4940.0,5226.0,4772.2,4834.8,592520.0,4695.0,4755.0,4695.0,4735.0,23000.0,0.9594882729211163,0.10660980810235365,0.8519701810436597,-4.1497975708502,-9.395331037122078,10.369588173178457,5.789473684210522,0.038817255113751434,True,False,False
5216,倉元製作所,2026-09-15,143.0,160.0,165.0,148.8,152.64,112280.0,142.0,142.0,142.0,143.0,171300.0,0.0,-0.6993006993006978,0.7042253521126751,-10.624999999999996,-13.33333333333333,15.384615384615374,3.125,1.525650160313502,True,False,False
5218,オハラ,2026-09-15,1569.0,1765.0,1765.0,1571.8,1610.76,120700.0,1569.0,1596.0,1564.0,1591.0,7100.0,1.4021669853409913,0.0,1.4021669853409913,-9.858356940509916,-9.858356940509916,10.93651791326209,0.0,0.058823529411764705,True,False,False
5232,住友大阪セメント,2026-09-15,5634.0,5828.0,6084.0,5600.6,5628.8,191500.0,5600.0,5720.0,5600.0,5720.0,8400.0,1.5264465743698885,-0.6034788782392608,2.1428571428571352,-1.8531228551818768,-5.982905982905984,6.363636363636371,4.392587508579271,0.04386422976501306,True,False,False
5233,太平洋セメント,2026-09-15,4142.0,4318.0,4380.0,4096.2,4172.52,478280.0,4153.0,4175.0,4112.0,4174.0,14800.0,0.7725736359246671,0.2655721873491057,0.5056585600770491,-3.33487725798981,-4.703196347031968,4.9353138476281755,1.4358499305233918,0.030944216776783474,True,False,False
5237,ノザワ,2026-09-15,1211.0,1233.0,1233.0,1206.0,1209.12,5860.0,1221.0,1221.0,1221.0,1211.0,8900.0,0.0,0.8257638315441795,-0.8190008190008147,-1.7842660178426617,-1.7842660178426617,1.8166804293971994,0.0,1.5187713310580204,False,False,False
523A,セイワホールディングス,2026-09-15,1785.0,1869.0,1869.0,1790.8,1748.4,70880.0,1774.0,1791.0,1771.0,1785.0,52200.0,0.0,-0.6162464985994376,0.6200676437429609,-4.49438202247191,-4.49438202247191,4.705882352941182,0.0,0.7364559819413092,True,False,False
5240,ｍｏｎｏＡＩ　ｔｅｃｈｎｏｌｏｇｙ,2026-09-15,181.0,283.0,283.0,190.2,208.2,186500.0,179.0,181.0,179.0,181.0,10600.0,0.0,-1.104972375690605,1.1173184357541999,-36.042402826855124,-36.042402826855124,56.35359116022099,0.0,0.056836461126005364,True,False,False
5242,アイズ,2026-09-15,2595.0,3055.0,3055.0,2445.2,2235.84,6060.0,2595.0,2595.0,2588.0,2595.0,6900.0,0.0,0.0,0.0,-15.057283142389522,-15.057283142389522,17.726396917148367,0.0,1.1386138613861385,False,False,False
5243,ｎｏｔｅ,2026-09-15,3010.0,3140.0,3140.0,2879.0,2749.2,173820.0,3010.0,3035.0,2999.0,3015.0,21500.0,0.16611295681063787,0.0,0.16611295681063787,-3.9808917197452276,-3.9808917197452276,4.1459369817578695,0.0,0.1236911747785065,True,False,False
5244,ｊｉｇ．ｊｐ,2026-09-15,177.0,187.0,187.0,175.6,178.08,143400.0,179.0,180.0,179.0,180.0,22900.0,1.6949152542372836,1.1299435028248483,0.5586592178770999,-3.7433155080213942,-3.7433155080213942,3.8888888888888973,0.0,0.1596931659693166,True,False,False
5246,ＥＬＥＭＥＮＴＳ,2026-09-15,807.0,939.0,939.0,816.8,845.88,311040.0,812.0,819.0,806.0,813.0,28300.0,0.743494423791824,0.6195786864931829,0.12315270935960854,-13.418530351437695,-13.418530351437695,15.498154981549806,0.0,0.09098508230452675,True,False,False
5247,ＢＴＭ,2026-09-15,547.0,594.0,594.0,552.0,566.76,2300.0,554.0,554.0,547.0,547.0,300.0,0.0,1.279707495429605,-1.2635379061371799,-7.912457912457915,-7.912457912457915,8.59232175502742,0.0,0.13043478260869565,False,False,False
5248,テクノロジーズ,2026-09-15,519.0,528.0,528.0,510.6,501.8,28960.0,514.0,514.0,510.0,519.0,33100.0,0.0,-0.9633911368015391,0.9727626459143934,-1.7045454545454586,-1.7045454545454586,1.7341040462427681,0.0,1.1429558011049723,True,False,False
5250,ＧＭＯプライム・ストラテジー,2026-09-15,1189.0,1200.0,1200.0,1148.8,1054.52,3540.0,1200.0,1200.0,1176.0,1189.0,1800.0,0.0,0.925147182506314,-0.9166666666666656,-0.9166666666666656,-0.9166666666666656,0.925147182506314,0.0,0.5084745762711864,False,False,False
5252,日本ナレッジ,2026-09-15,920.0,924.0,924.0,891.4,807.36,18000.0,920.0,920.0,914.0,920.0,29500.0,0.0,0.0,0.0,-0.43290043290042934,-0.43290043290042934,0.43478260869564966,0.0,1.6388888888888888,False,False,False
5253,カバー,2026-09-15,1634.0,1763.0,1763.0,1627.6,1613.6,1045960.0,1629.0,1633.0,1619.0,1633.0,33500.0,-0.0611995104039198,-0.3059975520195879,0.24554941682013443,-7.3737946681792454,-7.3737946681792454,7.960808328230251,0.0,0.03202799342231061,True,False,False
5254,Ａｒｅｎｔ,2026-09-15,4220.0,4430.0,4645.0,4165.0,4154.4,14680.0,4220.0,4220.0,4220.0,4220.0,13400.0,0.0,0.0,0.0,-4.740406320541757,-9.149623250807315,10.071090047393373,4.853273137697522,0.9128065395095368,False,False,False
5255,モンスターラボ,2026-09-15,88.0,98.0,104.0,87.0,91.48,231420.0,87.0,87.0,87.0,88.0,213700.0,0.0,-1.1363636363636354,1.1494252873563315,-10.204081632653061,-15.384615384615385,18.181818181818187,6.1224489795918435,0.9234292628122029,True,False,False
5256,Ｆｕｓｉｃ,2026-09-15,2732.0,2788.0,2788.0,2725.4,2598.16,1300.0,2789.0,2850.0,2789.0,2850.0,2800.0,4.319180087847729,2.086383601756947,2.18716385801363,2.223816355810615,2.223816355810615,-2.1754385964912304,0.0,2.1538461538461537,True,True,True
5257,ノバシステム,2026-09-15,2898.0,2900.0,2900.0,2876.4,2791.04,1960.0,2919.0,2919.0,2919.0,2898.0,800.0,0.0,0.7246376811594235,-0.7194244604316502,-0.06896551724138167,-0.06896551724138167,0.06901311249136732,0.0,0.40816326530612246,False,False,False
5258,トランザクション・メディア・ネットワークス,2026-09-15,436.0,448.0,483.0,421.2,429.8,54080.0,436.0,437.0,433.0,437.0,8700.0,0.2293577981651307,0.0,0.2293577981651307,-2.4553571428571397,-9.523809523809524,10.526315789473696,7.8125,0.16087278106508876,True,False,False
5261,リソルホールディングス,2026-09-15,7590.0,7850.0,7900.0,7562.0,7686.0,3360.0,7600.0,7600.0,7600.0,7590.0,3700.0,0.0,0.13175230566535578,-0.1315789473684159,-3.3121019108280247,-3.924050632911391,4.0843214756258295,0.6369426751592355,1.1011904761904763,False,False,False
5262,日本ヒューム,2026-09-15,1151.0,1174.0,1177.0,1145.4,1143.36,221620.0,1155.0,1159.0,1152.0,1154.0,28000.0,0.26064291920069316,0.3475238922675983,-0.08658008658009031,-1.7035775127768327,-1.954120645709434,1.9930675909878737,0.25553662691653045,0.12634238787113075,False,False,False
5268,旭コンクリート工業,2026-09-15,862.0,945.0,945.0,868.4,859.72,5080.0,861.0,861.0,861.0,862.0,2900.0,0.0,-0.11600928074245731,0.11614401858304202,-8.783068783068781,-8.783068783068781,9.628770301624122,0.0,0.5708661417322834,True,False,False
5269,日本コンクリート工業,2026-09-15,363.0,391.0,395.0,361.4,373.48,143940.0,363.0,367.0,363.0,363.0,115800.0,0.0,0.0,0.0,-7.161125319693095,-8.101265822784809,8.81542699724518,1.0230179028132946,0.8045018757815756,False,False,False
5271,トーヨーアサノ,2026-09-15,2195.0,2386.0,2386.0,2206.4,2269.24,480.0,2185.0,2195.0,2185.0,2195.0,400.0,0.0,-0.4555808656036442,0.4576659038901587,-8.00502933780386,-8.00502933780386,8.70159453302961,0.0,0.8333333333333334,True,False,False
5273,三谷セキサン,2026-09-15,2054.0,2155.0,2155.0,2004.8,2006.2,52780.0,2076.0,2077.0,2066.0,2054.0,42900.0,0.0,1.07108081791627,-1.0597302504816941,-4.686774941995364,-4.686774941995364,4.917234664070103,0.0,0.812807881773399,False,False,False
5279,日本興業,2026-09-15,1199.0,1222.0,1222.0,1201.0,1200.28,3540.0,1195.0,1195.0,1195.0,1199.0,1000.0,0.0,-0.33361134278565574,0.33472803347280866,-1.882160392798693,-1.882160392798693,1.9182652210175233,0.0,0.2824858757062147,True,False,False
5280,ヨシコン,2026-09-15,2192.0,2282.0,2282.0,2199.2,2200.84,8900.0,2200.0,2200.0,2200.0,2192.0,7300.0,0.0,0.36496350364962904,-0.363636363636366,-3.9439088518843146,-3.9439088518843146,4.105839416058399,0.0,0.8202247191011236,False,False,False
5282,ジオスター,2026-09-15,406.0,463.0,463.0,408.6,415.16,43820.0,405.0,407.0,405.0,406.0,11800.0,0.0,-0.24630541871921707,0.24691358024691024,-12.311015118790491,-12.311015118790491,14.039408866995085,0.0,0.2692834322227293,True,False,False
5283,高見澤,2026-09-15,3175.0,3240.0,3240.0,3121.0,3153.2,640.0,3080.0,3175.0,3080.0,3175.0,800.0,0.0,-2.99212598425197,3.0844155844155896,-2.0061728395061706,-2.0061728395061706,2.0472440944881987,0.0,1.25,True,False,False
5284,ヤマウホールディングス,2026-09-15,2214.0,2274.0,2350.0,2216.2,2246.04,5460.0,2215.0,2215.0,2213.0,2214.0,6800.0,0.0,0.04516711833784104,-0.04514672686229959,-2.638522427440637,-5.787234042553191,6.1427280939476026,3.3421284080914715,1.2454212454212454,False,False,False
5285,ヤマックス,2026-09-15,1349.0,1425.0,1499.0,1345.4,1383.0,21000.0,1349.0,1359.0,1349.0,1359.0,2100.0,0.7412898443291294,0.0,0.7412898443291294,-4.6315789473684195,-9.339559706470979,10.301692420897712,5.192982456140349,0.1,True,False,False
5287,イトーヨーギョー,2026-09-15,907.0,1159.0,1159.0,942.8,875.72,368320.0,905.0,907.0,905.0,907.0,32100.0,0.0,-0.22050716648290836,0.22099447513812542,-21.742881794650557,-21.742881794650557,27.78390297684674,0.0,0.08715247610773241,True,False,False
5288,アジアパイルホールディングス,2026-09-15,1445.0,1587.0,1607.0,1449.4,1524.04,195220.0,1449.0,1461.0,1449.0,1459.0,17300.0,0.9688581314878819,0.27681660899654403,0.6901311249137398,-8.065532451165724,-9.209707529558187,10.143934201507875,1.2602394454946486,0.08861796947034116,True,False,False
5290,ベルテクスコーポレーション,2026-09-15,1243.0,1250.0,1363.0,1207.6,1174.84,103540.0,1241.0,1250.0,1238.0,1246.0,6800.0,0.24135156878519748,-0.16090104585679832,0.40290088638195165,-0.31999999999999806,-8.58400586940572,9.390048154093101,9.040000000000003,0.06567510141008306,True,False,False
5301,東海カーボン,2026-09-15,1977.0,2089.0,2089.0,1977.5,1809.6,2944760.0,2014.0,2034.5,2001.0,2022.5,127700.0,2.301466868993418,1.8715225088517862,0.42204568023833655,-3.1833413116323594,-3.1833413116323594,3.288009888751553,0.0,0.04336516388432334,True,False,False
5302,日本カーボン,2026-09-15,5060.0,5440.0,5440.0,5030.0,5021.8,45600.0,5060.0,5080.0,5060.0,5070.0,2100.0,0.19762845849802257,0.0,0.19762845849802257,-6.801470588235292,-6.801470588235292,7.2978303747534445,0.0,0.046052631578947366,True,False,False
5304,ＳＥＣカーボン,2026-09-15,2465.0,2712.0,2798.0,2506.2,2571.4,20220.0,2466.0,2499.0,2466.0,2465.0,24000.0,0.0,0.040567951318459805,-0.040551500405516805,-9.107669616519177,-11.90135811293781,13.509127789046648,3.1710914454277317,1.1869436201780414,False,False,False
5310,東洋炭素,2026-09-15,7000.0,7280.0,7750.0,7004.0,6996.0,111800.0,6990.0,7020.0,6980.0,7000.0,130700.0,0.0,-0.14285714285714457,0.14306151645206988,-3.8461538461538436,-9.677419354838712,10.71428571428572,6.456043956043955,1.1690518783542039,True,False,False
5331,ノリタケ,2026-09-15,3505.0,3750.0,4185.0,3476.0,3624.2,188860.0,3490.0,3525.0,3490.0,3515.0,5100.0,0.28530670470756636,-0.42796005706133844,0.7163323782235054,-6.266666666666665,-16.00955794504182,19.061166429587484,11.60000000000001,0.027004130043418405,True,False,False
5332,ＴＯＴＯ,2026-09-15,5656.0,6577.0,6750.0,5748.8,6189.68,1090680.0,5648.0,5671.0,5640.0,5656.0,73400.0,0.0,-0.14144271570014633,0.14164305949009304,-14.003344990117073,-16.207407407407402,19.342291371994346,2.630378592063254,0.06729746580115158,True,False,False
5333,ＮＧＫ,2026-09-15,5070.0,5637.0,6162.0,5064.6,5398.92,1572140.0,5111.0,5135.0,5078.0,5089.0,62600.0,0.37475345167652385,0.8086785009862041,-0.43044414009000276,-9.721483058364377,-17.413177539759815,21.08469247396345,9.313464608834487,0.03981833678934446,False,False,False
5334,日本特殊陶業,2026-09-15,7262.0,9265.0,10200.0,7263.2,8396.12,1461480.0,7202.0,7268.0,7199.0,7240.0,55200.0,-0.3029468465987284,-0.8262186725420007,0.5276312135517935,-21.856449001618994,-29.01960784313725,40.883977900552495,10.091743119266061,0.037769931849905576,True,False,False
5337,ダントーホールディングス,2026-09-15,829.0,856.0,856.0,825.8,828.08,5960.0,824.0,837.0,824.0,830.0,4900.0,0.12062726176116367,-0.6031363088057851,0.728155339805836,-3.0373831775700966,-3.0373831775700966,3.1325301204819356,0.0,0.8221476510067114,True,False,False
5341,ＡＳＡＨＩ　ＥＩＴＯホールディングス,2026-09-15,137.0,153.0,156.0,139.0,146.68,24660.0,138.0,138.0,138.0,137.0,21500.0,0.0,0.7299270072992803,-0.7246376811594235,-10.457516339869278,-12.17948717948718,13.868613138686126,1.9607843137254832,0.8718572587185726,False,False,False
5344,ＭＡＲＵＷＡ,2026-09-15,53750.0,58750.0,64290.0,54948.0,55502.4,92340.0,53750.0,53880.0,53460.0,53530.0,2700.0,-0.40930232558139545,0.0,-0.40930232558139545,-8.885106382978725,-16.736662000311085,20.100878012329538,9.429787234042553,0.029239766081871343,False,False,False
5351,品川リフラ,2026-09-15,2029.0,2112.0,2158.0,2023.2,2052.24,90920.0,2042.0,2055.0,2042.0,2055.0,4800.0,1.2814194184327166,0.6407097092163694,0.6366307541625815,-2.6988636363636354,-4.772937905468022,5.012165450121664,2.1780303030302983,0.05279366476022877,True,False,False
5355,日本坩堝,2026-09-15,660.0,676.0,682.0,661.2,670.84,2900.0,660.0,660.0,660.0,660.0,2700.0,0.0,0.0,0.0,-2.3668639053254448,-3.2258064516129004,3.3333333333333437,0.8875739644970349,0.9310344827586207,False,False,False
5356,美濃窯業,2026-09-15,1243.0,1334.0,1334.0,1248.6,1291.28,5720.0,1268.0,1270.0,1250.0,1243.0,8200.0,0.0,2.011263073209979,-1.9716088328075698,-6.821589205397305,-6.821589205397305,7.320997586484301,0.0,1.4335664335664335,False,False,False
5357,ヨータイ,2026-09-15,1734.0,1811.0,1815.0,1728.8,1767.0,37620.0,1732.0,1740.0,1732.0,1734.0,28400.0,0.0,-0.11534025374856371,0.11547344110853786,-4.251794588625069,-4.46280991735537,4.671280276816603,0.2208724461623346,0.7549175970228602,True,False,False
5363,東京窯業,2026-09-15,680.0,707.0,714.0,676.0,689.8,45860.0,683.0,683.0,683.0,680.0,46900.0,0.0,0.4411764705882337,-0.43923865300146137,-3.8189533239038176,-4.761904761904767,5.000000000000004,0.990099009900991,1.0226777147841255,False,False,False
5367,ニッカトー,2026-09-15,1415.0,1430.0,1430.0,1383.2,1295.64,154020.0,1415.0,1415.0,1398.0,1403.0,10300.0,-0.8480565371024706,0.0,-0.8480565371024706,-1.8881118881118875,-1.8881118881118875,1.92444761225945,0.0,0.06687443189196209,False,False,False
5368,日本インシュレーション,2026-09-15,998.0,1025.0,1049.0,1001.4,1013.12,11500.0,998.0,1000.0,998.0,998.0,8300.0,0.0,0.0,0.0,-2.634146341463417,-4.861773117254531,5.110220440881763,2.3414634146341484,0.7217391304347827,False,False,False
5380,新東,2026-09-15,1346.0,1699.0,1699.0,1470.2,1264.04,15260.0,1338.0,1339.0,1338.0,1346.0,23600.0,0.0,-0.5943536404160454,0.5979073243647326,-20.776927604473215,-20.776927604473215,26.225854383358094,0.0,1.546526867627785,True,False,False
5381,マイポックス,2026-09-15,898.0,1014.0,1043.0,944.6,955.76,218740.0,898.0,906.0,898.0,903.0,8500.0,0.556792873051215,0.0,0.556792873051215,-10.946745562130179,-13.422818791946312,15.503875968992254,2.859960552268248,0.03885891926488068,True,False,False
5384,フジミインコーポレーテッド,2026-09-15,3225.0,3765.0,4535.0,3248.0,3562.8,317000.0,3220.0,3230.0,3190.0,3195.0,6700.0,-0.9302325581395321,-0.15503875968991832,-0.776397515527949,-15.139442231075694,-29.54796030871003,41.94053208137716,20.451527224435594,0.02113564668769716,False,False,False
5388,クニミネ工業,2026-09-15,1360.0,1378.0,1378.0,1339.0,1324.08,5640.0,1342.0,1342.0,1342.0,1360.0,6300.0,0.0,-1.3235294117647012,1.3412816691505292,-1.3062409288824406,-1.3062409288824406,1.3235294117647012,0.0,1.1170212765957446,True,False,False
5391,エーアンドエーマテリアル,2026-09-15,1510.0,1528.0,1575.0,1490.6,1501.8,7220.0,1498.0,1498.0,1498.0,1510.0,6600.0,0.0,-0.7947019867549643,0.8010680907877266,-1.1780104712041939,-4.126984126984123,4.304635761589415,3.0759162303664933,0.9141274238227147,True,False,False
5393,ニチアス,2026-09-15,3282.0,3508.0,3743.0,3296.0,3376.12,513400.0,3295.0,3330.0,3295.0,3314.0,22800.0,0.9750152346130303,0.39609993906155605,0.5766312594840617,-5.530216647662489,-11.461394603259423,12.945081472540743,6.698973774230321,0.04440981690689521,True,False,False
5401,日本製鉄,2026-09-15,678.0,718.5,718.5,683.0,680.8240014648437,26156980.0,682.4000244140625,686.7000122070312,681.7999877929688,686.5,3084500.0,1.253687315634222,0.6489711525165864,0.600817033888279,-4.453723034098822,-4.453723034098822,4.661325564457397,0.0,0.11792263479958313,True,False,False
5406,神戸製鋼所,2026-09-15,2020.0,2075.5,2093.5,2028.9,2023.12,1337460.0,2039.0,2044.5,2033.0,2038.5,92900.0,0.9158415841584056,0.9405940594059414,-0.024521824423739957,-1.7827029631414137,-2.6271793647002606,2.6980623007113014,0.8672609009877208,0.0694600212342799,False,False,False
5408,中山製鋼所,2026-09-15,646.0,670.0,670.0,639.2,641.28,126200.0,646.0,650.0,646.0,650.0,20800.0,0.6191950464396356,0.0,0.6191950464396356,-2.985074626865669,-2.985074626865669,3.076923076923066,0.0,0.1648177496038035,True,False,False
5410,合同製鐵,2026-09-15,3025.0,3175.0,3175.0,3082.0,3043.64,85460.0,3035.0,3045.0,3020.0,3025.0,7700.0,0.0,0.33057851239668423,-0.32948929159802853,-4.7244094488189,-4.7244094488189,4.958677685950419,0.0,0.0901006318745612,False,False,False
5411,ＪＦＥホールディングス,2026-09-15,1826.5,1937.0,1937.0,1826.7,1836.86,4205620.0,1850.5,1860.5,1842.0,1851.0,597500.0,1.3413632630714378,1.3139885026006048,0.027019724398802403,-4.439855446566854,-4.439855446566854,4.646137223122637,0.0,0.14207179916397583,True,False,False
5423,東京製鐵,2026-09-15,1753.0,1829.0,1829.0,1720.6,1723.08,411220.0,1752.0,1764.0,1751.0,1753.0,26200.0,0.0,-0.057045065601823985,0.05707762557076723,-4.155276107162386,-4.155276107162386,4.335424985738734,0.0,0.06371285443315014,True,False,False
542A,ビタブリッドジャパン,2026-09-15,1038.0,1125.0,1125.0,1033.6,1085.44,6560.0,1016.0,1048.0,1016.0,1038.0,3000.0,0.0,-2.1194605009633882,2.1653543307086576,-7.733333333333336,-7.733333333333336,8.381502890173408,0.0,0.4573170731707317,True,False,False
543A,ＡＲＣＨＩＯＮ,2026-09-15,271.0,289.0,292.0,270.2,275.6,17589600.0,273.0,274.0,272.0,273.0,2981900.0,0.7380073800737907,0.7380073800737907,0.0,-5.536332179930792,-6.5068493150684965,6.959706959706957,1.038062283737018,0.1695263110019557,False,False,False
5440,共英製鋼,2026-09-15,1988.0,2143.0,2143.0,1979.0,2010.52,77460.0,2007.0,2015.0,2001.0,1988.0,88700.0,0.0,0.9557344064386353,-0.9466865969108174,-7.232851143257113,-7.232851143257113,7.796780684104632,0.0,1.1451071520784921,False,False,False
5444,大和工業,2026-09-15,12110.0,12930.0,13675.0,12190.0,12475.0,166780.0,12120.0,12190.0,12100.0,12100.0,6400.0,-0.08257638315442017,0.08257638315440907,-0.16501650165016146,-6.419180201082753,-11.517367458866545,13.016528925619841,5.761794276875487,0.038373905744094015,False,False,False
5445,東京鐵鋼,2026-09-15,2047.0,2105.0,2105.0,2026.6,2033.72,76360.0,2047.0,2058.0,2038.0,2042.0,12100.0,-0.2442598925256445,0.0,-0.2442598925256445,-2.9928741092636546,-2.9928741092636546,3.0852105778648387,0.0,0.15845992666317443,False,False,False
5446,北越メタル,2026-09-15,1078.0,1115.0,1303.0,1087.8,1083.04,27820.0,1078.0,1097.0,1078.0,1082.0,3600.0,0.37105751391466324,0.0,0.37105751391466324,-2.959641255605383,-16.960859554873366,20.425138632162664,16.86098654708521,0.12940330697340044,True,False,False
5449,大阪製鐵,2026-09-15,2551.0,2962.0,2962.0,2576.8,2686.32,18120.0,2541.0,2558.0,2539.0,2540.0,2500.0,-0.43120344962759294,-0.3920031360250875,-0.0393545848091259,-14.24713031735314,-14.24713031735314,16.614173228346463,0.0,0.13796909492273732,False,False,False
544A,ＧＭＳグループ,2026-09-15,332.0,375.0,377.0,329.6,346.64,397800.0,333.0,333.0,332.0,332.0,300700.0,0.0,0.3012048192771122,-0.30030030030030463,-11.466666666666669,-11.936339522546424,13.55421686746987,0.5333333333333412,0.7559074912016088,False,False,False
5451,ヨドコウ,2026-09-15,1420.0,1461.0,1496.0,1412.0,1422.96,215440.0,1430.0,1431.0,1420.0,1426.0,29300.0,0.42253521126760507,0.7042253521126751,-0.2797202797202747,-2.3956194387405927,-4.679144385026735,4.908835904628339,2.3956194387405816,0.13600074266617154,False,False,False
5458,高砂鐵工,2026-09-15,1320.0,1462.0,1462.0,1319.0,1375.44,8320.0,1320.0,1320.0,1320.0,1320.0,500.0,0.0,0.0,0.0,-9.71272229822161,-9.71272229822161,10.757575757575765,0.0,0.06009615384615385,False,False,False
545A,トランヴィア,2026-09-15,998.0,1020.0,1020.0,986.4,978.84,55980.0,998.0,999.0,995.0,998.0,56000.0,0.0,0.0,0.0,-2.1568627450980427,-2.1568627450980427,2.2044088176352616,0.0,1.0003572704537336,False,False,False
5461,中部鋼鈑,2026-09-15,2176.0,2234.0,2234.0,2149.2,2117.96,72300.0,2188.0,2201.0,2186.0,2176.0,81400.0,0.0,0.5514705882353033,-0.5484460694698323,-2.5962399283795845,-2.5962399283795845,2.6654411764705843,0.0,1.1258644536652835,False,False,False
5463,丸一鋼管,2026-09-15,1715.5,1800.5,1858.5,1723.4,1746.26,591600.0,1711.0,1717.5,1710.5,1714.0,30600.0,-0.08743806470417059,-0.2623141941125007,0.1753360607831711,-4.804221049708413,-7.775087436104389,8.430571761960337,3.221327409053032,0.05172413793103448,True,False,False
5464,モリ工業,2026-09-15,933.0,959.0,964.0,924.6,942.16,23380.0,929.0,933.0,929.0,933.0,7400.0,0.0,-0.4287245444801746,0.43057050592034685,-2.711157455683,-3.2157676348547715,3.3226152197213255,0.5213764337852034,0.3165098374679213,True,False,False
546A,ＭＩＲＡＩＮＩホールディングス,2026-09-15,2370.0,2529.0,2739.0,2331.4,2398.48,150580.0,2371.0,2400.0,2365.0,2370.0,175000.0,0.0,0.04219409282699704,-0.0421762969211259,-6.287069988137606,-13.472070098576127,15.569620253164551,8.303677342823246,1.1621729313321822,False,False,False
5471,大同特殊鋼,2026-09-15,2331.5,2478.5,2586.5,2338.9,2325.14,865520.0,2330.0,2341.5,2323.0,2329.0,45700.0,-0.10722710701265292,-0.06433626420758731,-0.042918454935625405,-6.0318741174097195,-9.955538372317807,11.056247316444834,4.357474278797668,0.05280062852389315,False,False,False
547A,ムニノバホールディングス,2026-09-15,434.0,463.0,484.0,428.0,442.96,1989660.0,438.0,441.0,438.0,434.0,1206000.0,0.0,0.9216589861751112,-0.91324200913242,-6.263498920086397,-10.330578512396693,11.520737327188947,4.535637149028071,0.6061337112873556,False,False,False
5480,日本冶金工業,2026-09-15,5360.0,5680.0,5790.0,5326.0,5418.4,54580.0,5400.0,5430.0,5400.0,5420.0,4600.0,1.1194029850746245,0.746268656716409,0.37037037037037646,-4.577464788732399,-6.39032815198618,6.826568265682664,1.936619718309851,0.08427995602784903,True,False,False
5482,愛知製鋼,2026-09-15,3150.0,3405.0,3405.0,3129.0,3209.8,148080.0,3170.0,3200.0,3170.0,3190.0,15600.0,1.2698412698412653,0.6349206349206327,0.6309148264984188,-6.3142437591776845,-6.3142437591776845,6.739811912225702,0.0,0.1053484602917342,True,False,False
5484,東北特殊鋼,2026-09-15,4445.0,4475.0,4475.0,4450.0,4453.0,80.0,4445.0,4445.0,4445.0,4445.0,100.0,0.0,0.0,0.0,-0.6703910614525133,-0.6703910614525133,0.6749156355455588,0.0,1.25,False,False,False
548A,システムエグゼ,2026-09-15,959.0,989.0,1015.0,940.0,941.28,19200.0,955.0,967.0,955.0,959.0,20800.0,0.0,-0.4171011470281538,0.41884816753927634,-3.0333670374115274,-5.517241379310345,5.8394160583941535,2.628918099089983,1.0833333333333333,True,False,False
5491,日本金属,2026-09-15,929.0,965.0,968.0,907.4,925.92,49440.0,914.0,925.0,914.0,925.0,4000.0,-0.43057050592034685,-1.6146393972012896,1.2035010940919078,-4.145077720207258,-4.442148760330578,4.648648648648646,0.31088082901553626,0.08090614886731391,True,False,False
549A,ヒトトヒトホールディングス,2026-09-15,475.0,530.0,530.0,501.6,508.32,139140.0,471.0,480.0,471.0,480.0,12400.0,1.0526315789473717,-0.8421052631578996,1.9108280254777066,-9.433962264150942,-9.433962264150942,10.416666666666675,0.0,0.08911887307747593,True,False,False
550A,ソフトテックス,2026-09-15,2170.0,2400.0,2400.0,2177.2,2188.76,4020.0,2170.0,2170.0,2158.0,2170.0,1500.0,0.0,0.0,0.0,-9.583333333333332,-9.583333333333332,10.599078341013835,0.0,0.373134328358209,False,False,False
5527,ｐｒｏｐｅｒｔｙ　ｔｅｃｈｎｏｌｏｇｉｅｓ,2026-09-15,732.0,750.0,750.0,728.0,718.84,13900.0,737.0,737.0,736.0,732.0,12100.0,0.0,0.6830601092896238,-0.6784260515603768,-2.400000000000002,-2.400000000000002,2.4590163934426146,0.0,0.8705035971223022,False,False,False
5532,リアルゲイト,2026-09-15,3475.0,3635.0,3650.0,3444.0,3452.6,13840.0,3475.0,3500.0,3475.0,3475.0,9700.0,0.0,0.0,0.0,-4.4016506189821225,-4.794520547945202,5.035971223021574,0.4126547455295837,0.7008670520231214,False,False,False
5533,エリッツホールディングス,2026-09-15,2105.0,2300.0,2300.0,2169.2,2031.64,3580.0,2130.0,2130.0,2130.0,2105.0,2000.0,0.0,1.187648456057011,-1.1737089201877882,-8.478260869565213,-8.478260869565213,9.263657957244664,0.0,0.5586592178770949,False,False,False
5535,ミガロホールディングス,2026-09-15,286.0,302.0,302.0,287.0,284.28,156160.0,288.0,289.0,288.0,286.0,119200.0,0.0,0.6993006993007089,-0.694444444444442,-5.298013245033117,-5.298013245033117,5.594405594405605,0.0,0.7633196721311475,False,False,False
5537,ＡｌｂａＬｉｎｋ,2026-09-15,3230.0,3705.0,3705.0,3218.0,3237.68,54500.0,3280.0,3340.0,3280.0,3340.0,6700.0,3.4055727554179516,1.5479876160990669,1.8292682926829285,-9.851551956815118,-9.851551956815118,10.928143712574844,0.0,0.12293577981651377,True,False,False
5541,大平洋金属,2026-09-15,2640.0,2784.0,2784.0,2663.2,2647.96,280060.0,2650.0,2674.0,2650.0,2640.0,142700.0,0.0,0.37878787878788955,-0.37735849056603765,-5.1724137931034475,-5.1724137931034475,5.454545454545445,0.0,0.5095336713561379,False,False,False
5542,新報国マテリアル,2026-09-15,889.0,996.0,1034.0,898.4,945.68,10980.0,890.0,900.0,890.0,889.0,6000.0,0.0,0.11248593925758943,-0.11235955056180247,-10.742971887550201,-14.023210831721467,16.310461192350957,3.81526104417671,0.546448087431694,False,False,False
554A,バトンズ,2026-09-15,1533.0,1650.0,1650.0,1513.0,1533.68,14100.0,1501.0,1559.0,1500.0,1533.0,9600.0,0.0,-2.0874103065883887,2.131912058627572,-7.090909090909092,-7.090909090909092,7.632093933463802,0.0,0.6808510638297872,True,False,False
5563,新日本電工,2026-09-15,419.0,463.0,463.0,420.2,438.0,485320.0,425.0,425.0,422.0,424.0,31800.0,1.193317422434359,1.4319809069212486,-0.23529411764705577,-8.423326133909292,-8.423326133909292,9.198113207547177,0.0,0.06552377812577269,False,False,False
556A,犬猫生活,2026-09-15,2359.0,2450.0,2450.0,2281.0,2260.32,53920.0,2350.0,2350.0,2287.0,2359.0,167100.0,0.0,-0.38151759220008685,0.3829787234042481,-3.7142857142857144,-3.7142857142857144,3.857566765578646,0.0,3.0990356083086055,True,False,False
5570,ジェノバ,2026-09-15,623.0,697.0,697.0,627.2,627.16,9360.0,622.0,622.0,621.0,623.0,6200.0,0.0,-0.16051364365970988,0.1607717041800738,-10.616929698708756,-10.616929698708756,11.878009630818621,0.0,0.6623931623931624,True,False,False
5572,Ｒｉｄｇｅ－ｉ,2026-09-15,2856.0,3150.0,3150.0,2897.6,2830.48,151860.0,2861.0,2918.0,2861.0,2918.0,2000.0,2.170868347338928,0.17507002801120386,1.9923103809856624,-7.365079365079364,-7.365079365079364,7.950651130911579,0.0,0.013170025023047543,True,False,False
5574,ＡＢＥＪＡ,2026-09-15,2915.0,3330.0,3330.0,2965.2,2934.92,94140.0,2863.0,2944.0,2840.0,2915.0,63600.0,0.0,-1.7838765008576285,1.8162766329025581,-12.462462462462465,-12.462462462462465,14.23670668953687,0.0,0.6755895474824729,True,False,False
5575,Ｇｌｏｂｅｅ,2026-09-15,1157.0,1348.0,1348.0,1122.0,1178.0,5820.0,1143.0,1143.0,1143.0,1157.0,6000.0,0.0,-1.2100259291270565,1.2248468941382429,-14.169139465875368,-14.169139465875368,16.508210890233354,0.0,1.0309278350515463,True,False,False
5576,オービーシステム,2026-09-15,2997.0,3030.0,3030.0,2996.8,2973.96,760.0,3020.0,3020.0,2997.0,2997.0,500.0,0.0,0.7674341007674279,-0.761589403973506,-1.08910891089109,-1.08910891089109,1.1011011011011096,0.0,0.6578947368421053,False,False,False
5578,ＡＲアドバンストテクノロジ,2026-09-15,900.0,908.0,908.0,884.2,866.44,16680.0,910.0,910.0,910.0,900.0,15400.0,0.0,1.1111111111111072,-1.098901098901095,-0.8810572687224627,-0.8810572687224627,0.8888888888888946,0.0,0.9232613908872902,False,False,False
5580,プロディライト,2026-09-15,1524.0,1780.0,1780.0,1543.0,1648.44,1040.0,1531.0,1531.0,1531.0,1524.0,2300.0,0.0,0.45931758530184386,-0.4572175048987548,-14.382022471910116,-14.382022471910116,16.79790026246719,0.0,2.2115384615384617,False,False,False
5582,グリッド,2026-09-15,2072.0,2186.0,2186.0,2092.4,2030.8,14420.0,2105.0,2105.0,2091.0,2072.0,17200.0,0.0,1.5926640926640978,-1.5676959619952524,-5.215004574565418,-5.215004574565418,5.501930501930508,0.0,1.1927877947295422,False,False,False
5586,Ｌａｂｏｒｏ．ＡＩ,2026-09-15,922.0,959.0,959.0,929.4,899.96,53300.0,925.0,925.0,919.0,922.0,39400.0,0.0,0.32537960954446277,-0.324324324324321,-3.858185610010423,-3.858185610010423,4.013015184381774,0.0,0.7392120075046904,False,False,False
5587,インバウンドプラットフォーム,2026-09-15,790.0,849.0,980.0,798.4,825.88,43240.0,795.0,795.0,790.0,790.0,66100.0,0.0,0.6329113924050667,-0.6289308176100628,-6.949352179034163,-19.387755102040817,24.0506329113924,15.429917550058892,1.528677150786309,False,False,False
5588,ファーストアカウンティング,2026-09-15,856.0,885.0,906.0,837.4,831.36,12540.0,860.0,860.0,860.0,856.0,19800.0,0.0,0.4672897196261738,-0.46511627906976605,-3.276836158192087,-5.518763796909488,5.841121495327095,2.3728813559322104,1.5789473684210527,False,False,False
5589,オートサーバー,2026-09-15,2885.0,2998.0,2998.0,2866.0,2884.64,3240.0,2849.0,2893.0,2843.0,2885.0,1500.0,0.0,-1.2478336221837139,1.263601263601255,-3.7691794529686407,-3.7691794529686407,3.916811091854422,0.0,0.46296296296296297,True,False,False
558A,ＳＱＵＥＥＺＥ,2026-09-15,5750.0,6400.0,6400.0,5768.0,5613.4,11320.0,5700.0,5860.0,5700.0,5860.0,1700.0,1.9130434782608674,-0.8695652173912993,2.807017543859658,-8.437499999999998,-8.437499999999998,9.215017064846421,0.0,0.1501766784452297,True,False,False
5590,ネットスターズ,2026-09-15,733.0,759.0,759.0,718.8,703.52,74720.0,729.0,736.0,729.0,733.0,81300.0,0.0,-0.545702592087316,0.5486968449931462,-3.4255599472990728,-3.4255599472990728,3.547066848567537,0.0,1.0880620985010707,True,False,False
5591,ＡＶＩＬＥＮ,2026-09-15,870.0,908.0,908.0,868.8,852.8,14060.0,885.0,888.0,874.0,870.0,11300.0,0.0,1.724137931034475,-1.6949152542372836,-4.185022026431717,-4.185022026431717,4.367816091954024,0.0,0.8036984352773826,False,False,False
5592,くすりの窓口,2026-09-15,2694.0,2806.0,2947.0,2652.0,2679.52,42140.0,2708.0,2720.0,2704.0,2720.0,600.0,0.9651076466221209,0.5196733481811489,0.4431314623338345,-3.064861012116893,-7.702748557855443,8.345588235294121,5.024946543121889,0.014238253440911248,True,False,False
5597,ブルーイノベーション,2026-09-15,1318.0,1577.0,1577.0,1365.4,1360.64,60720.0,1314.0,1329.0,1314.0,1329.0,2700.0,0.8345978755690542,-0.3034901365705611,1.1415525114155223,-15.726062143310083,-15.726062143310083,18.660647103085036,0.0,0.044466403162055336,True,False,False
5599,Ｓ＆Ｊ,2026-09-15,1054.0,1078.0,1140.0,1016.0,1006.48,12320.0,1052.0,1063.0,1049.0,1054.0,19800.0,0.0,-0.189753320683117,0.19011406844107182,-2.226345083487946,-7.543859649122808,8.15939278937381,5.75139146567718,1.6071428571428572,True,False,False
559A,梅乃宿酒造,2026-09-15,1168.0,1230.0,1230.0,1164.2,1158.76,13080.0,1163.0,1180.0,1163.0,1179.0,3900.0,0.9417808219178037,-0.42808219178082085,1.3757523645743674,-4.146341463414638,-4.146341463414638,4.325699745547085,0.0,0.2981651376146789,True,False,False
5602,栗本鐵工所,2026-09-15,1626.0,1799.0,1799.0,1630.8,1706.44,219520.0,1630.0,1644.0,1630.0,1643.0,5400.0,1.045510455104548,0.24600246002459691,0.797546012269934,-8.671484157865484,-8.671484157865484,9.494826536822876,0.0,0.024599125364431488,True,False,False
5603,虹技,2026-09-15,1310.0,1335.0,1335.0,1303.8,1314.56,2740.0,1298.0,1320.0,1296.0,1310.0,5400.0,0.0,-0.9160305343511421,0.9244992295839749,-1.8726591760299671,-1.8726591760299671,1.9083969465648831,0.0,1.9708029197080292,True,False,False
5609,日本鋳造,2026-09-15,906.0,931.0,939.0,906.8,916.2,3080.0,906.0,906.0,906.0,906.0,2700.0,0.0,0.0,0.0,-2.685284640171859,-3.514376996805113,3.6423841059602724,0.8592910848549851,0.8766233766233766,False,False,False
5612,日本鋳鉄管,2026-09-15,1570.0,1680.0,1680.0,1571.6,1608.12,9880.0,1571.0,1571.0,1571.0,1570.0,4700.0,0.0,0.06369426751593465,-0.06365372374284028,-6.547619047619047,-6.547619047619047,7.006369426751591,0.0,0.4757085020242915,False,False,False
5616,雨風太陽,2026-09-15,649.0,666.0,666.0,653.6,645.28,2800.0,652.0,652.0,635.0,649.0,2400.0,0.0,0.46224961479199855,-0.4601226993865004,-2.552552552552556,-2.552552552552556,2.6194144838212585,0.0,0.8571428571428571,False,False,False
5618,ナイル,2026-09-15,283.0,296.0,301.0,284.4,285.96,1360.0,281.0,283.0,281.0,283.0,400.0,0.0,-0.7067137809187329,0.7117437722419906,-4.3918918918918965,-5.980066445182719,6.360424028268552,1.6891891891891886,0.29411764705882354,True,False,False
5621,ヒューマンテクノロジーズ,2026-09-15,1583.0,1720.0,1744.0,1542.6,1611.32,22660.0,1585.0,1598.0,1563.0,1583.0,35700.0,0.0,0.12634238787112562,-0.12618296529968154,-7.965116279069773,-9.231651376146788,10.170562223626023,1.3953488372093092,1.5754633715798765,False,False,False
5631,日本製鋼所,2026-09-15,7189.0,8149.0,8477.0,7109.6,7506.48,1296420.0,7045.0,7188.0,7045.0,7138.0,113400.0,-0.7094171651133685,-2.0030602309083267,1.3200851667849456,-12.406430236838872,-15.795682434823643,18.758755954048745,4.025033746471962,0.08747165270514186,True,False,False
5632,三菱製鋼,2026-09-15,2446.0,2592.0,2595.0,2349.2,2400.68,141140.0,2469.0,2490.0,2464.0,2466.0,21200.0,0.8176614881439059,0.9403107113654885,-0.12150668286755595,-4.861111111111116,-4.971098265895957,5.231143552311446,0.11574074074074403,0.15020546974635113,False,False,False
5644,メタルアート,2026-09-15,7230.0,7600.0,7700.0,7218.0,7363.2,4480.0,7210.0,7280.0,7210.0,7230.0,5400.0,0.0,-0.2766251728907321,0.277392510402219,-4.868421052631577,-6.1038961038961,6.500691562932226,1.3157894736842035,1.2053571428571428,True,False,False
5658,日亜鋼業,2026-09-15,403.0,412.0,412.0,401.0,400.8,26240.0,403.0,403.0,402.0,403.0,11000.0,0.0,0.0,0.0,-2.1844660194174748,-2.1844660194174748,2.2332506203474045,0.0,0.4192073170731707,False,False,False
5659,日本精線,2026-09-15,1356.0,1462.0,1462.0,1364.0,1402.76,39120.0,1360.0,1375.0,1360.0,1374.0,10300.0,1.327433628318575,0.2949852507374562,1.0294117647058787,-6.019151846785231,-6.019151846785231,6.404657933042213,0.0,0.2632924335378323,True,False,False
5697,サンユウ,2026-09-15,814.0,836.0,849.0,811.8,823.12,6080.0,814.0,814.0,804.0,814.0,600.0,0.0,0.0,0.0,-2.631578947368418,-4.122497055359242,4.29975429975431,1.5550239234449759,0.09868421052631579,False,False,False
5698,エンビプロ・ホールディングス,2026-09-15,735.0,829.0,900.0,729.8,778.96,132260.0,734.0,741.0,734.0,739.0,11700.0,0.5442176870748217,-0.1360544217687054,0.6811989100817373,-10.85645355850422,-17.888888888888886,21.786197564276044,8.564535585042222,0.08846212006653562,True,False,False
5699,イボキン,2026-09-15,1624.0,1684.0,1684.0,1608.6,1597.12,2720.0,1635.0,1635.0,1624.0,1624.0,3400.0,0.0,0.6773399014778247,-0.6727828746177389,-3.562945368171022,-3.562945368171022,3.6945812807881673,0.0,1.25,False,False,False
5702,大紀アルミニウム工業所,2026-09-15,1735.0,1980.0,1980.0,1751.4,1847.28,231920.0,1740.0,1758.0,1740.0,1751.0,12600.0,0.9221902017291006,0.2881844380403509,0.6321839080459801,-11.565656565656568,-11.565656565656568,13.078241005139922,0.0,0.05432907899275612,True,False,False
5703,日本軽金属ホールディングス,2026-09-15,2914.0,3150.0,3150.0,2934.6,3004.44,256720.0,2913.0,2927.0,2892.0,2892.0,13800.0,-0.7549759780370646,-0.034317089910773646,-0.7209062821833201,-8.190476190476193,-8.190476190476193,8.92116182572613,0.0,0.053755063882829544,False,False,False
5704,ＪＭＣ,2026-09-15,388.0,413.0,417.0,388.2,388.12,4120.0,387.0,387.0,387.0,388.0,11600.0,0.0,-0.2577319587628857,0.25839793281654533,-6.0532687651331685,-6.95443645083933,7.474226804123707,0.9685230024213176,2.8155339805825244,True,False,False
5706,三井金属,2026-09-15,22805.0,29535.0,35440.0,23955.0,27344.4,1632500.0,22665.0,22830.0,22300.0,22360.0,59500.0,-1.9513264634948513,-0.6139004604253429,-1.3456871828810946,-24.293211444049433,-36.907449209932274,58.497316636851515,19.993228373116633,0.03644716692189893,False,False,False
5707,東邦亜鉛,2026-09-15,947.0,1291.0,1291.0,985.8,1074.76,509160.0,942.0,967.0,942.0,956.0,24900.0,0.9503695881731833,-0.5279831045406524,1.4861995753715496,-25.948876839659174,-25.948876839659174,35.04184100418411,0.0,0.04890407730379449,True,False,False
5711,三菱マテリアル,2026-09-15,4951.0,6139.0,6139.0,5127.0,5406.68,1699000.0,4950.0,4992.0,4942.0,4944.0,126200.0,-0.14138557867097168,-0.020197939810140397,-0.12121212121212199,-19.465711027854702,-19.465711027854702,24.170711974110027,0.0,0.07427898763978812,False,False,False
5713,住友金属鉱山,2026-09-15,9461.0,11850.0,11850.0,9809.8,10345.16,2446900.0,9406.0,9487.0,9385.0,9414.0,111200.0,-0.49677623929816894,-0.5813338970510507,0.08505209440783368,-20.556962025316462,-20.556962025316462,25.876354365838104,0.0,0.0454452572642936,True,False,False
5714,ＤＯＷＡホールディングス,2026-09-15,8921.0,10660.0,10660.0,9083.4,9624.92,432480.0,8930.0,8975.0,8875.0,8885.0,21200.0,-0.40354220378880923,0.10088555094720508,-0.5039193729003411,-16.65103189493433,-16.65103189493433,19.97749015194148,0.0,0.049019607843137254,False,False,False
5715,古河機械金属,2026-09-15,3955.0,4615.0,4615.0,4131.0,4236.6,222920.0,3990.0,4035.0,3990.0,4005.0,16400.0,1.2642225031605614,0.8849557522123908,0.3759398496240518,-13.217768147345609,-13.217768147345609,15.230961298377022,0.0,0.07356899336084693,True,False,False
5721,エスクリプトエナジー,2026-09-15,53.0,63.0,63.0,53.6,56.32,690740.0,53.0,54.0,53.0,54.0,140900.0,1.8867924528301883,0.0,1.8867924528301883,-14.28571428571429,-14.28571428571429,16.666666666666675,0.0,0.20398413295885573,True,False,False
5724,アサカ理研,2026-09-15,3090.0,3930.0,3930.0,3146.0,3105.32,59280.0,3095.0,3095.0,3090.0,3090.0,42100.0,0.0,0.16181229773462036,-0.1615508885298822,-21.37404580152672,-21.37404580152672,27.184466019417485,0.0,0.7101889338731444,False,False,False
5726,大阪チタニウムテクノロジーズ,2026-09-15,2404.0,3080.0,3315.0,2517.4,2748.08,950480.0,2410.0,2438.0,2365.0,2372.0,85900.0,-1.331114808652245,0.24958402662229595,-1.576763485477184,-22.98701298701299,-28.446455505279033,39.755480607082625,7.629870129870131,0.09037538927699688,False,False,False
5729,日本精鉱,2026-09-15,1687.0,1916.0,1916.0,1694.2,1780.28,11240.0,1690.0,1690.0,1661.0,1687.0,8900.0,0.0,0.1778304682868992,-0.17751479289941363,-11.951983298538627,-11.951983298538627,13.574392412566683,0.0,0.791814946619217,False,False,False
5741,ＵＡＣＪ,2026-09-15,2194.0,2449.0,2595.0,2211.0,2311.88,763700.0,2200.0,2218.0,2200.0,2213.0,43200.0,0.865998176845939,0.27347310847767314,0.5909090909090864,-9.636586361780319,-14.72061657032755,17.261635788522376,5.961616986525109,0.056566714678538695,True,False,False
5742,エヌアイシ・オートテック,2026-09-15,756.0,765.0,765.0,747.0,750.32,1300.0,744.0,744.0,744.0,756.0,1800.0,0.0,-1.5873015873015928,1.6129032258064502,-1.17647058823529,-1.17647058823529,1.1904761904761862,0.0,1.3846153846153846,True,False,False
5753,日本伸銅,2026-09-15,2521.0,2698.0,2698.0,2507.0,2523.12,3080.0,2550.0,2550.0,2550.0,2521.0,4800.0,0.0,1.1503371677905605,-1.1372549019607825,-6.560415122312824,-6.560415122312824,7.021023403411353,0.0,1.5584415584415585,False,False,False
5757,ＣＫサンエツ,2026-09-15,4895.0,5570.0,5570.0,4820.0,5144.8,7700.0,4930.0,4970.0,4920.0,4970.0,1000.0,1.532175689479054,0.7150153217568844,0.8113590263691739,-10.77199281867145,-10.77199281867145,12.072434607645866,0.0,0.12987012987012986,True,False,False
575A,前澤ホールディングス,2026-09-15,1922.0,1993.0,1993.0,1882.2,1890.84,65840.0,1923.0,1930.0,1916.0,1922.0,87400.0,0.0,0.05202913631634498,-0.05200208008320217,-3.5624686402408456,-3.5624686402408456,3.6940686784599386,0.0,1.327460510328068,False,False,False
5801,古河電気工業,2026-09-15,3719.0,4196.0,4632.0,3939.6,3932.84,25544720.0,3693.0,3739.0,3671.0,3697.0,1065600.0,-0.5915568701263751,-0.699112664694812,0.10831302464120451,-11.89227836034319,-20.18566493955095,25.29077630511225,10.390848427073408,0.04171507849763082,True,False,False
5802,住友電気工業,2026-09-15,1995.0,2282.5,2584.0,2076.2,2198.5,18942140.0,1982.0,2000.0,1976.0,1977.5,1439700.0,-0.8771929824561431,-0.6516290726817031,-0.2270433905146363,-13.362541073384449,-23.471362229102166,30.670037926675086,13.20920043811611,0.07600513986276101,False,False,False
5803,フジクラ,2026-09-15,4744.0,5627.0,6433.0,5052.4,5323.56,38132020.0,4750.0,4786.0,4717.0,4725.0,1735200.0,-0.4005059021922386,0.1264755480607116,-0.5263157894736858,-16.029856051181802,-26.550598476605003,36.14814814814815,14.323795983650257,0.04550506372334851,False,False,False
5805,ＳＷＣＣ,2026-09-15,12920.0,15070.0,15260.0,13562.0,13986.0,317720.0,12850.0,12940.0,12650.0,12660.0,19300.0,-2.0123839009287936,-0.5417956656346701,-1.478599221789878,-15.992037159920368,-17.03800786369594,20.53712480252765,1.2607830126078357,0.06074531033614503,False,False,False
5816,オーナンバ,2026-09-15,1431.0,1490.0,1698.0,1437.6,1485.88,12540.0,1431.0,1433.0,1431.0,1431.0,10300.0,0.0,0.0,0.0,-3.9597315436241565,-15.724381625441698,18.65828092243187,13.959731543624155,0.8213716108452951,False,False,False
5817,ＪＭＡＣＳ,2026-09-15,1061.0,1107.0,1107.0,1058.6,1034.4,28480.0,1082.0,1085.0,1068.0,1061.0,21100.0,0.0,1.9792648444863392,-1.9408502772643277,-4.155374887082209,-4.155374887082209,4.3355325164938785,0.0,0.7408707865168539,False,False,False
5819,カナレ電気,2026-09-15,1738.0,1791.0,1791.0,1732.2,1753.28,4960.0,1740.0,1740.0,1740.0,1738.0,2400.0,0.0,0.11507479861909697,-0.11494252873562871,-2.959240647682859,-2.959240647682859,3.049482163406214,0.0,0.4838709677419355,False,False,False
581A,ＧＯ,2026-09-15,3430.0,4580.0,4580.0,3325.0,3696.4,2840860.0,3520.0,3560.0,3330.0,3430.0,6148100.0,0.0,2.6239067055393583,-2.5568181818181768,-25.109170305676855,-25.109170305676855,33.52769679300292,0.0,2.1641685968333535,False,False,False
5820,三ッ星,2026-09-15,848.0,920.0,920.0,860.8,819.96,110280.0,854.0,864.0,850.0,848.0,48600.0,0.0,0.7075471698113178,-0.7025761124121788,-7.826086956521738,-7.826086956521738,8.490566037735858,0.0,0.44069640914036995,False,False,False
5821,平河ヒューテック,2026-09-15,3105.0,3335.0,3660.0,3082.0,3207.4,39720.0,3110.0,3140.0,3110.0,3105.0,40000.0,0.0,0.16103059581320522,-0.1607717041800627,-6.896551724137934,-15.163934426229508,17.87439613526569,9.745127436281864,1.0070493454179255,False,False,False
5830,いよぎんホールディングス,2026-09-15,3829.0,4073.0,4117.0,3815.8,3907.44,1066860.0,3820.0,3851.0,3820.0,3839.0,44000.0,0.2611647949856355,-0.23504831548707417,0.49738219895287816,-5.745150994353054,-6.752489676949236,7.241469132586609,1.0802848023569789,0.04124252479238138,True,False,False
5831,しずおかフィナンシャルグループ,2026-09-15,3513.0,3712.0,3712.0,3522.8,3547.4,1933960.0,3506.0,3546.0,3506.0,3535.0,73900.0,0.6262453743239416,-0.199259891830339,0.8271534512264589,-4.7683189655172376,-4.7683189655172376,5.007072135785018,0.0,0.03821175205278289,True,False,False
5832,ちゅうぎんフィナンシャルグループ,2026-09-15,3590.0,3655.0,3655.0,3535.0,3496.84,449420.0,3610.0,3628.0,3609.0,3622.0,16100.0,0.8913649025069637,0.557103064066844,0.3324099722991747,-0.9028727770177825,-0.9028727770177825,0.9110988404196663,0.0,0.03582395087001024,True,False,False
5834,ＳＢＩリーシングサービス,2026-09-15,2802.0,2845.0,2845.0,2781.6,2754.8,32500.0,2776.0,2800.0,2776.0,2802.0,25000.0,0.0,-0.9279086366880795,0.9365994236311348,-1.5114235500878759,-1.5114235500878759,1.534618129907206,0.0,0.7692307692307693,True,False,False
5838,楽天銀行,2026-09-15,6383.0,6660.0,6660.0,6441.2,6313.6,973500.0,6441.0,6452.0,6408.0,6432.0,42900.0,0.7676641077863033,0.9086636377878765,-0.1397298556124804,-3.4234234234234218,-3.4234234234234218,3.5447761194029814,0.0,0.04406779661016949,False,False,False
5842,インテグラル,2026-09-15,2940.0,3245.0,3245.0,2965.4,3015.92,65080.0,2950.0,2971.0,2950.0,2940.0,86500.0,0.0,0.340136054421758,-0.3389830508474523,-9.399075500770415,-9.399075500770415,10.37414965986394,0.0,1.3291333743085434,False,False,False
5843,ニッポンインシュア,2026-09-15,2324.0,2465.0,2554.0,2291.8,2382.0,11920.0,2328.0,2328.0,2305.0,2324.0,3700.0,0.0,0.1721170395869276,-0.1718213058419238,-5.720081135902633,-9.005481597494125,9.896729776247849,3.6105476673427894,0.3104026845637584,False,False,False
5844,京都フィナンシャルグループ,2026-09-15,4815.0,4999.0,5164.0,4835.2,4897.64,984820.0,4800.0,4830.0,4791.0,4825.0,51400.0,0.20768431983384517,-0.31152647975077885,0.5208333333333259,-3.4806961392278457,-6.564678543764524,7.025906735751297,3.3006601320264117,0.05219227879206353,True,False,False
5845,全保連,2026-09-15,1210.0,1268.0,1269.0,1191.2,1218.52,26740.0,1210.0,1210.0,1210.0,1210.0,15700.0,0.0,0.0,0.0,-4.57413249211357,-4.6493301812450705,4.876033057851248,0.07886435331230235,0.587135377711294,False,False,False
584A,ＬｉＮＫＸ,2026-09-15,2509.0,3120.0,3655.0,2611.0,2728.04,79000.0,2558.0,2565.0,2542.0,2552.0,6000.0,1.713830211239542,1.9529693104822554,-0.23455824863174435,-18.205128205128208,-30.177838577291382,43.22100313479624,17.147435897435905,0.0759493670886076,False,False,False
5851,リョービ,2026-09-15,2669.0,2864.0,2881.0,2662.2,2762.36,124300.0,2689.0,2704.0,2689.0,2669.0,102300.0,0.0,0.7493443237167385,-0.7437709185570851,-6.8086592178771,-7.358556056924681,7.943049831397531,0.5935754189944076,0.8230088495575221,False,False,False
5852,アーレスティ,2026-09-15,664.0,710.0,710.0,668.4,678.84,71420.0,664.0,671.0,664.0,664.0,101500.0,0.0,0.0,0.0,-6.478873239436622,-6.478873239436622,6.927710843373491,0.0,1.4211705404648558,False,False,False
5857,ＡＲＥホールディングス,2026-09-15,3565.0,4280.0,4280.0,3636.0,3786.6,434580.0,3540.0,3565.0,3540.0,3565.0,322700.0,0.0,-0.7012622720897643,0.7062146892655274,-16.70560747663551,-16.70560747663551,20.056100981767177,0.0,0.7425560311104975,True,False,False
5858,ＳＴＧ,2026-09-15,1164.0,1290.0,1357.0,1169.0,1177.76,6360.0,1164.0,1164.0,1164.0,1164.0,1800.0,0.0,0.0,0.0,-9.76744186046512,-14.222549742078117,16.580756013745713,5.193798449612408,0.2830188679245283,False,False,False
5867,エスネットワークス,2026-09-15,1300.0,1342.0,1342.0,1288.2,1260.92,1080.0,1299.0,1299.0,1299.0,1300.0,800.0,0.0,-0.07692307692307443,0.07698229407235857,-3.129657228017879,-3.129657228017879,3.230769230769237,0.0,0.7407407407407407,True,False,False
5868,ロココ,2026-09-15,1058.0,1072.0,1072.0,1059.2,1025.88,12940.0,1060.0,1060.0,1041.0,1058.0,11600.0,0.0,0.1890359168241984,-0.18867924528301883,-1.3059701492537323,-1.3059701492537323,1.3232514177693666,0.0,0.8964451313755796,False,False,False
5869,早稲田学習研究会,2026-09-15,1254.0,1279.0,1279.0,1253.4,1255.04,6860.0,1259.0,1259.0,1259.0,1254.0,1800.0,0.0,0.3987240829345984,-0.3971405877680745,-1.9546520719311955,-1.9546520719311955,1.9936204146730363,0.0,0.26239067055393583,False,False,False
5870,ナルネットコミュニケーションズ,2026-09-15,894.0,960.0,960.0,882.8,893.6,5760.0,880.0,897.0,880.0,894.0,3200.0,0.0,-1.5659955257270708,1.5909090909090873,-6.874999999999998,-6.874999999999998,7.38255033557047,0.0,0.5555555555555556,True,False,False
5871,ＳＯＬＩＺＥ　Ｈｏｌｄｉｎｇｓ,2026-09-15,1396.0,1587.0,1587.0,1408.2,1382.04,12420.0,1402.0,1402.0,1402.0,1396.0,8900.0,0.0,0.42979942693410766,-0.42796005706133844,-12.035286704473847,-12.035286704473847,13.681948424068757,0.0,0.71658615136876,False,False,False
5884,クラダシ,2026-09-15,601.0,661.0,670.0,609.2,626.32,17480.0,601.0,601.0,595.0,601.0,21900.0,0.0,0.0,0.0,-9.07715582450832,-10.298507462686569,11.480865224625614,1.3615733736762392,1.2528604118993134,False,False,False
5885,ジーデップ・アドバンス,2026-09-15,3085.0,3630.0,3630.0,3207.0,3208.12,32820.0,3090.0,3090.0,3050.0,3085.0,30300.0,0.0,0.16207455429497752,-0.16181229773463146,-15.013774104683197,-15.013774104683197,17.666126418152352,0.0,0.923217550274223,False,False,False
5888,ＤＡＩＷＡ　ＣＹＣＬＥ,2026-09-15,2769.0,2946.0,2946.0,2814.8,2837.36,5860.0,2756.0,2756.0,2756.0,2769.0,16300.0,0.0,-0.46948356807511304,0.4716981132075526,-6.008146639511203,-6.008146639511203,6.392199349945837,0.0,2.781569965870307,True,False,False
5889,Ｊａｐａｎ　Ｅｙｅｗｅａｒ　Ｈｏｌｄｉｎｇｓ,2026-09-15,2302.0,2733.0,2733.0,2436.2,2574.32,331680.0,2300.0,2310.0,2291.0,2310.0,18800.0,0.3475238922675983,-0.08688097306689402,0.43478260869564966,-15.477497255762895,-15.477497255762895,18.3116883116883,0.0,0.05668113844669561,True,False,False
5891,魁力屋,2026-09-15,1688.0,1712.0,1712.0,1686.0,1673.28,2980.0,1688.0,1688.0,1688.0,1688.0,4500.0,0.0,0.0,0.0,-1.4018691588784993,-1.4018691588784993,1.4218009478673022,0.0,1.5100671140939597,False,False,False
5892,ｙｕｔｏｒｉ,2026-09-15,2741.0,2800.0,2800.0,2697.2,2521.36,118560.0,2741.0,2780.0,2734.0,2741.0,68600.0,0.0,0.0,0.0,-2.107142857142852,-2.107142857142852,2.15249908792412,0.0,0.5786099865047234,False,False,False
589A,ネイス,2026-09-15,1377.0,1473.0,1473.0,1384.0,1341.32,37480.0,1377.0,1377.0,1369.0,1377.0,43500.0,0.0,0.0,0.0,-6.5173116089613075,-6.5173116089613075,6.971677559912859,0.0,1.1606189967982925,False,False,False
5900,ダイケン,2026-09-15,907.0,916.0,916.0,887.8,876.84,1420.0,915.0,915.0,892.0,907.0,1800.0,0.0,0.8820286659316334,-0.8743169398907069,-0.9825327510917026,-0.9825327510917026,0.9922822491730932,0.0,1.267605633802817,False,False,False
5901,東洋製罐グループホールディングス,2026-09-15,4515.0,4661.0,4661.0,4512.0,4468.6,317320.0,4570.0,4580.0,4560.0,4515.0,341600.0,0.0,1.2181616832779518,-1.2035010940919078,-3.1323750268182793,-3.1323750268182793,3.2336655592469565,0.0,1.0765158199924367,False,False,False
5902,ホッカンホールディングス,2026-09-15,2742.0,2883.0,2883.0,2688.2,2699.52,16640.0,2751.0,2765.0,2748.0,2742.0,19200.0,0.0,0.3282275711159688,-0.32715376226826187,-4.8907388137356955,-4.8907388137356955,5.142231947483578,0.0,1.1538461538461537,False,False,False
5905,日本製罐,2026-09-15,1365.0,1389.0,1410.0,1366.6,1367.04,1140.0,1365.0,1365.0,1365.0,1365.0,400.0,0.0,0.0,0.0,-1.7278617710583144,-3.1914893617021267,3.296703296703307,1.5118790496760237,0.3508771929824561,False,False,False
5906,エムケー精工,2026-09-15,773.0,801.0,801.0,781.4,763.28,5080.0,772.0,772.0,772.0,773.0,2100.0,0.0,-0.1293661060802087,0.12953367875647714,-3.495630461922594,-3.495630461922594,3.6222509702457995,0.0,0.41338582677165353,True,False,False
5909,コロナ,2026-09-15,960.0,1005.0,1005.0,946.8,970.72,10360.0,950.0,950.0,950.0,960.0,12900.0,0.0,-1.041666666666663,1.0526315789473717,-4.477611940298509,-4.477611940298509,4.6875,0.0,1.2451737451737452,True,False,False
5911,横河ブリッジホールディングス,2026-09-15,2966.0,3030.0,3030.0,2961.4,2973.12,84940.0,2987.0,2998.0,2987.0,2966.0,69300.0,0.0,0.7080242751180021,-0.7030465349849302,-2.1122112211221067,-2.1122112211221067,2.157788267026306,0.0,0.8158700259006357,False,False,False
5915,駒井ハルテック,2026-09-15,2413.0,2498.0,2498.0,2412.6,2420.68,2520.0,2389.0,2402.0,2377.0,2413.0,2800.0,0.0,-0.9946125155408159,1.0046044370029206,-3.40272217774219,-3.40272217774219,3.5225859925404057,0.0,1.1111111111111112,True,False,False
5921,川岸工業,2026-09-15,4450.0,4460.0,4460.0,4416.0,4351.8,600.0,4405.0,4405.0,4405.0,4450.0,1300.0,0.0,-1.0112359550561778,1.0215664018161208,-0.22421524663677195,-0.22421524663677195,0.22471910112360494,0.0,2.1666666666666665,True,False,False
5922,那須電機鉄工,2026-09-15,19910.0,20590.0,20590.0,20228.0,20136.0,520.0,20100.0,20190.0,19910.0,19910.0,500.0,0.0,0.954294324460081,-0.9452736318407928,-3.3025740650801327,-3.3025740650801327,3.415369161225512,0.0,0.9615384615384616,False,False,False
5923,高田機工,2026-09-15,1186.0,1188.0,1220.0,1184.0,1165.28,1100.0,1183.0,1186.0,1183.0,1186.0,600.0,0.0,-0.2529510961214121,0.2535925612848766,-0.16835016835017313,-2.786885245901638,2.866779089376048,2.6936026936027035,0.5454545454545454,True,False,False
5928,アルメタックス,2026-09-15,290.0,296.0,296.0,289.2,287.8,4180.0,290.0,290.0,290.0,290.0,1400.0,0.0,0.0,0.0,-2.0270270270270285,-2.0270270270270285,2.0689655172413834,0.0,0.3349282296650718,False,False,False
5929,三和ホールディングス,2026-09-15,3445.0,3688.0,3735.0,3424.6,3571.8,697540.0,3464.0,3476.0,3455.0,3474.0,49300.0,0.8417997097242447,0.5515239477503542,0.28868360277136684,-5.802603036876352,-6.987951807228921,7.512953367875652,1.2744034707158347,0.07067695042578204,True,False,False
5930,文化シヤッター,2026-09-15,1884.0,1928.0,1928.0,1878.8,1876.72,88320.0,1895.0,1901.0,1895.0,1884.0,80100.0,0.0,0.5838641188959715,-0.5804749340369342,-2.2821576763485507,-2.2821576763485507,2.3354564755838636,0.0,0.9069293478260869,False,False,False
5932,三協立山,2026-09-15,653.0,685.0,685.0,649.8,661.08,68660.0,657.0,658.0,657.0,658.0,5300.0,0.7656967840734996,0.6125574272588086,0.15220700152207556,-3.9416058394160625,-3.9416058394160625,4.103343465045595,0.0,0.07719196038450335,True,False,False
5933,アルインコ,2026-09-15,1117.0,1149.0,1149.0,1109.6,1125.96,25240.0,1127.0,1127.0,1125.0,1117.0,37700.0,0.0,0.8952551477170889,-0.8873114463176623,-2.7850304612706656,-2.7850304612706656,2.86481647269472,0.0,1.493660855784469,False,False,False
5936,東洋シヤッター,2026-09-15,915.0,925.0,925.0,909.0,903.24,3340.0,908.0,908.0,908.0,915.0,1100.0,0.0,-0.7650273224043769,0.7709251101321479,-1.0810810810810811,-1.0810810810810811,1.0928961748633892,0.0,0.32934131736526945,True,False,False
5938,ＬＩＸＩＬ,2026-09-15,1737.0,1794.0,1820.0,1729.7,1753.46,1899880.0,1747.0,1747.0,1739.5,1746.5,151100.0,0.5469199769717825,0.5757052389176787,-0.028620492272468656,-2.6477146042363398,-4.038461538461535,4.208416833667328,1.449275362318847,0.07953133882139925,False,False,False
5939,大谷工業,2026-09-15,4695.0,4870.0,4875.0,4699.0,4789.0,3040.0,4655.0,4655.0,4645.0,4695.0,11600.0,0.0,-0.8519701810436597,0.8592910848549851,-3.5934291581108835,-3.6923076923076947,3.833865814696491,0.10266940451746365,3.8157894736842106,True,False,False
5940,不二サッシ,2026-09-15,748.0,776.0,814.0,746.0,752.6,10860.0,743.0,743.0,743.0,748.0,13200.0,0.0,-0.6684491978609652,0.6729475100942128,-3.6082474226804107,-8.108108108108103,8.823529411764696,4.89690721649485,1.2154696132596685,True,False,False
5941,中西製作所,2026-09-15,2696.0,2809.0,2823.0,2699.2,2746.68,1220.0,2682.0,2682.0,2682.0,2696.0,3300.0,0.0,-0.5192878338278972,0.5219985085756829,-4.022783908864369,-4.498760184201201,4.710682492581597,0.49839800640798515,2.7049180327868854,True,False,False
5942,日本フイルコン,2026-09-15,638.0,657.0,660.0,635.0,641.4,21480.0,637.0,637.0,637.0,638.0,32900.0,0.0,-0.15673981191222097,0.15698587127157548,-2.8919330289193357,-3.3333333333333326,3.4482758620689724,0.45662100456620447,1.531657355679702,True,False,False
5943,ノーリツ,2026-09-15,2227.0,2471.0,2471.0,2238.4,2362.84,80580.0,2235.0,2249.0,2228.0,2227.0,97200.0,0.0,0.35922766052987054,-0.35794183445190253,-9.874544718737354,-9.874544718737354,10.956443646160752,0.0,1.2062546537602383,False,False,False
5945,天龍製鋸,2026-09-15,2250.0,2400.0,2490.0,2257.2,2335.76,2200.0,2250.0,2250.0,2250.0,2250.0,1600.0,0.0,0.0,0.0,-6.25,-9.638554216867467,10.666666666666668,3.750000000000009,0.7272727272727273,False,False,False
5946,長府製作所,2026-09-15,2001.0,2151.0,2151.0,2003.4,2065.76,55380.0,2008.0,2015.0,2008.0,2001.0,42900.0,0.0,0.34982508745626806,-0.3486055776892427,-6.973500697350065,-6.973500697350065,7.496251874062976,0.0,0.7746478873239436,False,False,False
5947,リンナイ,2026-09-15,3461.0,3693.0,3693.0,3461.6,3567.88,314320.0,3472.0,3485.0,3466.0,3484.0,8700.0,0.6645478185495435,0.31782721756716814,0.3456221198156584,-5.6593555375033855,-5.6593555375033855,5.99885189437428,0.0,0.027678798676508017,True,False,False
5949,ユニプレス,2026-09-15,1314.0,1387.0,1387.0,1291.6,1327.24,180640.0,1316.0,1320.0,1315.0,1319.0,6000.0,0.3805175038051667,0.15220700152207556,0.22796352583587254,-4.902667627974044,-4.902667627974044,5.155420773313124,0.0,0.033215234720992026,True,False,False
5950,日本パワーファスニング,2026-09-15,151.0,162.0,162.0,150.0,153.84,13440.0,153.0,153.0,153.0,151.0,8900.0,0.0,1.324503311258285,-1.3071895424836555,-6.79012345679012,-6.79012345679012,7.284768211920523,0.0,0.6622023809523809,False,False,False
5951,ダイニチ工業,2026-09-15,1137.0,1377.0,1377.0,1120.8,1202.16,12040.0,1127.0,1134.0,1127.0,1137.0,2900.0,0.0,-0.8795074758135457,0.8873114463176623,-17.429193899782135,-17.429193899782135,21.108179419525076,0.0,0.24086378737541528,True,False,False
5952,アマテイ,2026-09-15,192.0,193.0,193.0,190.2,188.76,8900.0,191.0,192.0,191.0,192.0,4300.0,0.0,-0.520833333333337,0.5235602094240788,-0.5181347150259086,-0.5181347150259086,0.5208333333333259,0.0,0.48314606741573035,True,False,False
5955,ワイズホールディングス,2026-09-15,81.0,86.0,88.0,81.8,83.8,789780.0,82.0,82.0,82.0,81.0,1200000.0,0.0,1.2345679012345734,-1.2195121951219523,-5.813953488372093,-7.954545454545459,8.64197530864197,2.3255813953488413,1.5194104687381296,False,False,False
5956,トーソー,2026-09-15,581.0,585.0,592.0,576.8,574.32,4660.0,583.0,583.0,583.0,581.0,3800.0,0.0,0.344234079173833,-0.34305317324184736,-0.6837606837606813,-1.858108108108103,1.8932874354561147,1.1965811965811923,0.8154506437768241,False,False,False
5957,日東精工,2026-09-15,750.0,790.0,810.0,753.0,770.96,78420.0,756.0,760.0,756.0,758.0,10700.0,1.0666666666666602,0.8000000000000007,0.2645502645502562,-4.0506329113924044,-6.419753086419755,6.860158311345654,2.5316455696202445,0.13644478449375158,True,False,False
5958,三洋工業,2026-09-15,4400.0,4665.0,4755.0,4422.0,4573.2,2140.0,4425.0,4425.0,4340.0,4400.0,11800.0,0.0,0.5681818181818121,-0.5649717514124242,-5.680600214362275,-7.465825446898,8.068181818181808,1.9292604501607746,5.514018691588785,False,False,False
5959,岡部,2026-09-15,940.0,969.0,969.0,934.4,945.32,82140.0,946.0,946.0,944.0,946.0,3500.0,0.6382978723404209,0.6382978723404209,0.0,-2.3735810113519107,-2.3735810113519107,2.4312896405919604,0.0,0.04261017774531288,False,False,False
5962,浅香工業,2026-09-15,2110.0,2150.0,2150.0,2087.4,2039.76,640.0,2129.0,2129.0,2110.0,2110.0,1700.0,0.0,0.9004739336492928,-0.8924377642085535,-1.8604651162790753,-1.8604651162790753,1.8957345971563955,0.0,2.65625,False,False,False
5965,フジマック,2026-09-15,1190.0,1227.0,1227.0,1192.8,1195.36,8280.0,1191.0,1214.0,1188.0,1200.0,8200.0,0.8403361344537785,0.08403361344537785,0.7556675062972307,-2.200488997555017,-2.200488997555017,2.2499999999999964,0.0,0.9903381642512077,True,False,False
5966,京都機械工具,2026-09-15,2705.0,2750.0,2750.0,2703.8,2643.92,960.0,2656.0,2700.0,2656.0,2705.0,800.0,0.0,-1.81146025878004,1.8448795180722843,-1.6363636363636358,-1.6363636363636358,1.6635859519408491,0.0,0.8333333333333334,True,False,False
5967,ＴＯＮＥ,2026-09-15,443.0,495.0,496.0,451.4,467.56,14580.0,444.0,444.0,444.0,443.0,9100.0,0.0,0.22573363431150906,-0.22522522522522292,-10.505050505050505,-10.685483870967738,11.963882618510159,0.20202020202020332,0.6241426611796982,False,False,False
5970,ジーテクト,2026-09-15,2220.0,2391.0,2392.0,2191.8,2291.44,102100.0,2224.0,2238.0,2224.0,2232.0,7800.0,0.540540540540535,0.18018018018017834,0.3597122302158251,-6.649937264742789,-6.688963210702337,7.168458781362008,0.04182350480970154,0.07639569049951028,True,False,False
5971,共和工業所,2026-09-15,8660.0,8750.0,8750.0,8634.0,8345.2,1760.0,8690.0,8690.0,8590.0,8660.0,3200.0,0.0,0.34642032332563577,-0.345224395857302,-1.0285714285714231,-1.0285714285714231,1.0392609699769073,0.0,1.8181818181818181,False,False,False
5973,トーアミ,2026-09-15,612.0,630.0,630.0,610.6,613.96,1300.0,619.0,619.0,609.0,612.0,2200.0,0.0,1.1437908496731986,-1.1308562197092087,-2.857142857142858,-2.857142857142858,2.941176470588225,0.0,1.6923076923076923,False,False,False
5974,中国工業,2026-09-15,841.0,857.0,862.0,839.0,845.44,760.0,841.0,843.0,841.0,841.0,300.0,0.0,0.0,0.0,-1.8669778296382722,-2.436194895591648,2.4970273483947647,0.5834305717619559,0.39473684210526316,False,False,False
5975,東プレ,2026-09-15,3260.0,3610.0,3610.0,3237.0,3253.4,82840.0,3330.0,3385.0,3330.0,3260.0,69200.0,0.0,2.147239263803691,-2.102102102102099,-9.695290858725759,-9.695290858725759,10.73619631901841,0.0,0.8353452438435538,False,False,False
5976,高周波熱錬,2026-09-15,1469.0,1578.0,1578.0,1458.8,1501.72,65800.0,1470.0,1477.0,1469.0,1469.0,72200.0,0.0,0.0680735194009463,-0.06802721088435826,-6.907477820025354,-6.907477820025354,7.42001361470388,0.0,1.0972644376899696,False,False,False
5981,東京製綱,2026-09-15,1849.0,1987.0,2145.0,1830.6,1908.28,80400.0,1849.0,1865.0,1849.0,1849.0,108200.0,0.0,0.0,0.0,-6.945143432310019,-13.799533799533803,16.008653326122225,7.951685958731747,1.345771144278607,False,False,False
5982,マルゼン,2026-09-15,4125.0,4315.0,4315.0,4144.0,4139.8,1980.0,4145.0,4145.0,4145.0,4125.0,1400.0,0.0,0.48484848484848797,-0.4825090470446325,-4.403244495944381,-4.403244495944381,4.6060606060606135,0.0,0.7070707070707071,False,False,False
5984,兼房,2026-09-15,771.0,799.0,799.0,771.6,772.96,3640.0,770.0,775.0,770.0,771.0,3000.0,0.0,-0.12970168612191912,0.12987012987013546,-3.504380475594493,-3.504380475594493,3.6316472114137577,0.0,0.8241758241758241,True,False,False
5985,サンコール,2026-09-15,2031.0,2541.0,2541.0,2112.0,2188.84,684560.0,2021.0,2026.0,2006.0,2010.0,14100.0,-1.0339734121122546,-0.492368291482026,-0.5442850074220629,-20.897284533648175,-20.897284533648175,26.417910447761184,0.0,0.020597171906041836,False,False,False
5986,モリテック　スチール,2026-09-15,258.0,264.0,264.0,257.8,256.76,27680.0,258.0,258.0,258.0,258.0,28000.0,0.0,0.0,0.0,-2.2727272727272707,-2.2727272727272707,2.3255813953488413,0.0,1.0115606936416186,False,False,False
5987,オーネックス,2026-09-15,1645.0,1737.0,2191.0,1625.0,1705.4,720.0,1605.0,1645.0,1605.0,1645.0,900.0,0.0,-2.4316109422492405,2.492211838006231,-5.296488198042604,-24.920127795527158,33.19148936170213,26.1370178468624,1.25,True,False,False
5988,パイオラックス,2026-09-15,1697.0,1747.0,1749.0,1678.8,1705.04,62520.0,1710.0,1710.0,1709.0,1710.0,2400.0,0.7660577489687626,0.7660577489687626,0.0,-2.1179164281625695,-2.2298456260720356,2.280701754385972,0.11448196908987462,0.03838771593090211,False,False,False
5989,エイチワン,2026-09-15,1468.0,1577.0,1629.0,1439.4,1498.76,132320.0,1470.0,1478.0,1470.0,1468.0,137400.0,0.0,0.13623978201635634,-0.1360544217687054,-6.911857958148381,-9.883364027010433,10.967302452316074,3.2974001268230912,1.038391777509069,False,False,False
5990,スーパーツール,2026-09-15,1942.0,1969.0,1985.0,1952.8,1948.56,860.0,1943.0,1943.0,1943.0,1942.0,800.0,0.0,0.0514933058702427,-0.05146680391148184,-1.3712544438801433,-2.1662468513853894,2.214212152420192,0.8125952260030544,0.9302325581395349,False,False,False
5991,日本発條,2026-09-15,3249.0,3568.0,3805.0,3292.2,3431.96,618700.0,3260.0,3274.0,3246.0,3263.0,30400.0,0.4309018159433631,0.33856571252692813,0.09202453987731118,-8.548206278026903,-14.244415243101184,16.610481152313827,6.642376681614359,0.0491352836592856,True,False,False
5992,中央発條,2026-09-15,3695.0,3765.0,3965.0,3674.0,3690.8,21380.0,3690.0,3710.0,3690.0,3695.0,13800.0,0.0,-0.13531799729363803,0.13550135501354532,-1.8592297476759612,-6.80958385876419,7.307171853856564,5.312084993359889,0.6454630495790459,True,False,False
5994,ファインシンター,2026-09-15,1011.0,1060.0,1060.0,1017.8,1015.8,4220.0,1010.0,1010.0,1010.0,1011.0,600.0,0.0,-0.09891196834816984,0.0990099009900991,-4.622641509433967,-4.622641509433967,4.8466864490603445,0.0,0.14218009478672985,True,False,False
5997,協立エアテック,2026-09-15,907.0,959.0,960.0,880.8,912.92,5520.0,907.0,907.0,907.0,907.0,17600.0,0.0,0.0,0.0,-5.42231491136601,-5.52083333333333,5.843439911797144,0.10427528675704956,3.1884057971014492,False,False,False
5998,アドバネクス,2026-09-15,2794.0,2840.0,2849.0,2675.4,2589.76,12580.0,2791.0,2791.0,2791.0,2794.0,17200.0,0.0,-0.10737294201861314,0.1074883554281536,-1.6197183098591528,-1.9305019305019266,1.9685039370078705,0.31690140845070935,1.3672496025437202,True,False,False
6005,三浦工業,2026-09-15,3085.0,3273.0,3273.0,3061.0,3151.0,401640.0,3100.0,3114.0,3100.0,3085.0,329900.0,0.0,0.4862236628849326,-0.4838709677419395,-5.74396578062939,-5.74396578062939,6.094003241491075,0.0,0.8213823324370083,False,False,False
6013,タクマ,2026-09-15,3000.0,3200.0,3485.0,2962.8,3064.2,225660.0,3050.0,3065.0,3045.0,3000.0,278500.0,0.0,1.6666666666666607,-1.6393442622950838,-6.25,-13.916786226685796,16.166666666666664,8.906250000000004,1.2341575822033146,False,False,False
6016,ジャパンエンジンコーポレーション,2026-09-15,11480.0,11900.0,11900.0,11298.0,10613.2,124880.0,11550.0,11640.0,11350.0,11470.0,9700.0,-0.08710801393728707,0.6097560975609762,-0.6926406926406892,-3.6134453781512588,-3.6134453781512588,3.7489102005231034,0.0,0.07767456758488149,False,False,False
6018,阪神内燃機工業,2026-09-15,5840.0,6420.0,6610.0,5854.0,6000.4,1280.0,5870.0,5870.0,5870.0,5840.0,600.0,0.0,0.5136986301369939,-0.5110732538330498,-9.034267912772586,-11.649016641452349,13.184931506849317,2.9595015576324046,0.46875,False,False,False
6022,赤阪鐵工所,2026-09-15,2884.0,2968.0,2968.0,2903.4,2778.84,640.0,2891.0,2891.0,2884.0,2884.0,400.0,0.0,0.24271844660195274,-0.2421307506053294,-2.8301886792452824,-2.8301886792452824,2.9126213592232997,0.0,0.625,False,False,False
6023,ダイハツインフィニアース,2026-09-15,3205.0,3390.0,3390.0,3192.0,3073.52,114300.0,3205.0,3235.0,3180.0,3235.0,7900.0,0.9360374414976613,0.0,0.9360374414976613,-4.572271386430682,-4.572271386430682,4.791344667697062,0.0,0.06911636045494313,True,False,False
6027,弁護士ドットコム,2026-09-15,5640.0,6070.0,6070.0,5530.0,4704.8,367480.0,5550.0,5550.0,5240.0,5480.0,35000.0,-2.8368794326241176,-1.5957446808510634,-1.2612612612612595,-9.71993410214168,-9.71993410214168,10.766423357664223,0.0,0.09524327854577119,False,False,False
6029,アトラグループ,2026-09-15,191.0,197.0,222.0,187.0,187.44,26020.0,192.0,192.0,191.0,191.0,49300.0,0.0,0.5235602094240788,-0.520833333333337,-3.0456852791878153,-13.963963963963966,16.230366492146597,12.690355329949243,1.8946963873943121,False,False,False
6030,アドベンチャー,2026-09-15,1830.0,1830.0,1830.0,1725.0,1589.68,17380.0,1845.0,1845.0,1840.0,1830.0,20200.0,0.0,0.8196721311475308,-0.8130081300813052,0.0,0.0,0.0,0.0,1.1622554660529345,False,False,False
6031,ＺＥＴＡ,2026-09-15,277.0,316.0,316.0,275.8,273.28,51780.0,283.0,283.0,283.0,277.0,37100.0,0.0,2.166064981949467,-2.1201413427561877,-12.341772151898734,-12.341772151898734,14.079422382671481,0.0,0.7164928543839321,False,False,False
6033,エクストリーム,2026-09-15,1760.0,1790.0,1790.0,1729.2,1676.24,23340.0,1768.0,1780.0,1750.0,1760.0,36900.0,0.0,0.454545454545463,-0.4524886877828038,-1.6759776536312887,-1.6759776536312887,1.7045454545454586,0.0,1.5809768637532133,False,False,False
6034,ＭＲＴ,2026-09-15,588.0,648.0,650.0,597.6,627.72,8780.0,584.0,584.0,584.0,588.0,7800.0,0.0,-0.6802721088435382,0.6849315068493178,-9.259259259259256,-9.53846153846154,10.54421768707483,0.30864197530864335,0.8883826879271071,True,False,False
6035,アイ・アールジャパンホールディングス,2026-09-15,717.0,754.0,760.0,715.0,735.28,21460.0,716.0,719.0,716.0,717.0,18300.0,0.0,-0.1394700139469962,0.13966480446927498,-4.907161803713533,-5.657894736842106,5.99721059972107,0.7957559681697646,0.8527493010251631,True,False,False
6036,ＫｅｅＰｅｒ技研,2026-09-15,3590.0,3775.0,3775.0,3599.0,3327.52,163820.0,3650.0,3695.0,3640.0,3685.0,46600.0,2.646239554317553,1.671309192200554,0.9589041095890316,-2.384105960264904,-2.384105960264904,2.442333785617379,0.0,0.2844585520693444,True,False,False
6037,楽待,2026-09-15,1069.0,1111.0,1111.0,1080.0,1062.64,87560.0,1069.0,1070.0,1061.0,1069.0,195900.0,0.0,0.0,0.0,-3.7803780378037777,-3.7803780378037777,3.928905519176795,0.0,2.2373229785290087,False,False,False
6038,イード,2026-09-15,830.0,847.0,847.0,821.4,827.64,5180.0,830.0,830.0,830.0,830.0,3000.0,0.0,0.0,0.0,-2.007083825265643,-2.007083825265643,2.048192771084345,0.0,0.5791505791505791,False,False,False
6039,日本動物高度医療センター,2026-09-15,1011.0,1080.0,1175.0,999.4,1039.88,34000.0,1011.0,1015.0,1009.0,1011.0,15800.0,0.0,0.0,0.0,-6.388888888888888,-13.957446808510642,16.2215628090999,8.796296296296301,0.4647058823529412,False,False,False
6040,日本スキー場開発,2026-09-15,463.0,474.0,474.0,461.6,463.72,25340.0,463.0,463.0,463.0,463.0,18200.0,0.0,0.0,0.0,-2.320675105485237,-2.320675105485237,2.3758099352051865,0.0,0.7182320441988951,False,False,False
6042,ニッキ,2026-09-15,3855.0,4075.0,4075.0,3880.0,3941.4,460.0,3855.0,3855.0,3855.0,3855.0,300.0,0.0,0.0,0.0,-5.398773006134972,-5.398773006134972,5.706874189364464,0.0,0.6521739130434783,False,False,False
6044,三機サービス,2026-09-15,1851.0,1959.0,1992.0,1864.4,1908.88,5720.0,1857.0,1869.0,1850.0,1851.0,8500.0,0.0,0.32414910858995505,-0.3231017770597755,-5.513016845329255,-7.078313253012047,7.617504051863855,1.6845329249617125,1.486013986013986,False,False,False
6045,レントラックス,2026-09-15,2110.0,2520.0,2520.0,2094.4,2145.72,20460.0,2120.0,2143.0,2120.0,2110.0,23700.0,0.0,0.4739336492890933,-0.4716981132075526,-16.26984126984127,-16.26984126984127,19.43127962085307,0.0,1.1583577712609971,False,False,False
6046,リンクバル,2026-09-15,151.0,192.0,192.0,152.0,148.64,29740.0,152.0,154.0,152.0,151.0,18100.0,0.0,0.6622516556291425,-0.6578947368421018,-21.354166666666664,-21.354166666666664,27.15231788079471,0.0,0.6086079354404842,False,False,False
6047,Ｇｕｎｏｓｙ,2026-09-15,391.0,433.0,433.0,383.4,403.0,68440.0,386.0,389.0,383.0,391.0,87000.0,0.0,-1.2787723785166238,1.2953367875647714,-9.69976905311778,-9.69976905311778,10.741687979539648,0.0,1.271186440677966,True,False,False
6049,イトクロ,2026-09-15,252.0,258.0,258.0,252.6,248.04,47800.0,252.0,252.0,252.0,252.0,4100.0,0.0,0.0,0.0,-2.3255813953488413,-2.3255813953488413,2.3809523809523725,0.0,0.08577405857740586,False,False,False
6050,イー・ガーディアン,2026-09-15,1807.0,1824.0,1824.0,1778.2,1782.6,16600.0,1810.0,1811.0,1810.0,1811.0,2200.0,0.22136137244050946,0.16602102933038765,0.055248618784520254,-0.7127192982456121,-0.7127192982456121,0.7178354500276152,0.0,0.13253012048192772,True,False,False
6054,リブセンス,2026-09-15,111.0,120.0,125.0,110.8,113.84,17020.0,111.0,111.0,111.0,111.0,10300.0,0.0,0.0,0.0,-7.499999999999996,-11.2,12.612612612612617,4.166666666666674,0.6051703877790834,False,False,False
6055,ジャパンマテリアル,2026-09-15,2117.0,2317.0,2455.0,2113.8,2142.64,575940.0,2094.0,2099.0,2070.0,2074.0,37100.0,-2.031176192725559,-1.0864430798299463,-0.9551098376313294,-10.487699611566681,-15.519348268839106,18.37029893924782,5.955977557186021,0.06441643226725006,False,False,False
6058,ベクトル,2026-09-15,1972.0,2226.0,2226.0,1922.6,1939.32,457980.0,1968.0,1975.0,1952.0,1966.0,17400.0,-0.30425963488843744,-0.20283975659228792,-0.10162601626015899,-11.680143755615457,-11.680143755615457,13.224821973550348,0.0,0.037992925455260056,False,False,False
6059,ウチヤマホールディングス,2026-09-15,369.0,369.0,369.0,366.6,362.08,11960.0,369.0,369.0,369.0,369.0,7400.0,0.0,0.0,0.0,0.0,0.0,0.0,0.0,0.6187290969899666,False,False,False
6061,ユニバーサル園芸社,2026-09-15,3045.0,3390.0,3390.0,3087.0,3157.12,3660.0,3065.0,3085.0,3065.0,3045.0,5400.0,0.0,0.6568144499178974,-0.6525285481239762,-10.176991150442483,-10.176991150442483,11.33004926108374,0.0,1.4754098360655739,False,False,False
6062,チャーム・ケア・コーポレーション,2026-09-15,1424.0,1462.0,1495.0,1390.6,1406.2,107840.0,1412.0,1426.0,1412.0,1422.0,3200.0,-0.1404494382022503,-0.8426966292134797,0.7082152974504208,-2.735978112175108,-4.882943143812712,5.133614627285521,2.2571819425444506,0.02967359050445104,True,False,False
6063,日本エマージェンシーアシスタンス,2026-09-15,1007.0,1025.0,1083.0,1001.4,1000.8,940.0,1007.0,1007.0,1007.0,1007.0,500.0,0.0,0.0,0.0,-1.7560975609756113,-7.017543859649122,7.547169811320753,5.658536585365859,0.5319148936170213,False,False,False
6069,トレンダーズ,2026-09-15,670.0,713.0,713.0,667.8,686.08,16220.0,680.0,680.0,671.0,676.0,600.0,0.8955223880596996,1.4925373134328401,-0.588235294117645,-5.189340813464238,-5.189340813464238,5.473372781065078,0.0,0.036991368680641186,False,False,False
6070,キャリアリンク,2026-09-15,2529.0,2682.0,2689.0,2500.4,2561.12,26260.0,2529.0,2540.0,2522.0,2529.0,33600.0,0.0,0.0,0.0,-5.7046979865771785,-5.950167348456681,6.326611308817709,0.26099925428784143,1.2795125666412794,False,False,False
6071,ＩＢＪ,2026-09-15,898.0,970.0,976.0,868.2,908.28,257540.0,888.0,902.0,883.0,899.0,30300.0,0.11135857461024301,-1.1135857461024523,1.2387387387387427,-7.319587628865976,-7.889344262295084,8.565072302558407,0.6185567010309256,0.11765162693173876,True,False,False
6072,地盤ネットホールディングス,2026-09-15,1094.0,1185.0,1224.0,1097.6,1084.64,550980.0,1092.0,1098.0,1087.0,1087.0,15800.0,-0.6398537477148025,-0.1828153564899404,-0.45787545787545625,-8.27004219409283,-11.192810457516345,12.603495860165603,3.2911392405063244,0.02867617699372028,False,False,False
6073,アサンテ,2026-09-15,1530.0,1549.0,1549.0,1529.8,1518.92,12320.0,1529.0,1546.0,1529.0,1546.0,25800.0,1.0457516339869244,-0.06535947712418277,1.1118378024852937,-0.1936733376371902,-0.1936733376371902,0.19404915912031306,0.0,2.094155844155844,True,False,False
6074,ジェイエスエス,2026-09-15,515.0,521.0,524.0,515.4,517.36,2160.0,515.0,515.0,515.0,515.0,700.0,0.0,0.0,0.0,-1.151631477927062,-1.717557251908397,1.747572815533971,0.5758157389635254,0.32407407407407407,False,False,False
6078,バリューＨＲ,2026-09-15,1557.0,1661.0,1661.0,1532.8,1569.8,21060.0,1558.0,1560.0,1551.0,1560.0,2800.0,0.19267822736031004,0.06422607578677741,0.12836970474967568,-6.080674292594823,-6.080674292594823,6.474358974358974,0.0,0.13295346628679963,True,False,False
6080,Ｍ＆Ａキャピタルパートナーズ,2026-09-15,4225.0,4330.0,4330.0,4079.0,4133.0,86280.0,4210.0,4250.0,4210.0,4250.0,12400.0,0.591715976331364,-0.35502958579881616,0.9501187648456089,-1.8475750577367167,-1.8475750577367167,1.8823529411764683,0.0,0.14371812702828002,True,False,False
6081,アライドアーキテクツ,2026-09-15,144.0,202.0,202.0,151.4,160.0,4360640.0,144.0,145.0,143.0,143.0,9400.0,-0.694444444444442,0.0,-0.694444444444442,-29.20792079207921,-29.20792079207921,41.25874125874125,0.0,0.0021556468775225657,False,False,False
6082,ライドオンエクスプレスホールディングス,2026-09-15,995.0,1040.0,1046.0,992.4,1011.96,27260.0,992.0,992.0,992.0,995.0,14100.0,0.0,-0.3015075376884391,0.3024193548387011,-4.326923076923073,-4.875717017208414,5.12562814070352,0.5769230769230749,0.5172413793103449,True,False,False
6083,ＥＲＩホールディングス,2026-09-15,1590.0,1708.0,1772.0,1557.4,1648.2,30640.0,1590.0,1593.0,1590.0,1590.0,35600.0,0.0,0.0,0.0,-6.908665105386413,-10.270880361173818,11.446540880503143,3.74707259953162,1.1618798955613576,False,False,False
6085,アーキテクツ・スタジオ・ジャパン,2026-09-15,121.0,283.0,283.0,150.6,151.52,5282260.0,117.0,133.0,116.0,130.0,1441500.0,7.438016528925617,-3.3057851239669422,11.111111111111116,-54.06360424028269,-54.06360424028269,117.69230769230768,0.0,0.27289455649665106,True,False,False
6086,シンメンテホールディングス,2026-09-15,1010.0,1066.0,1087.0,1008.8,1032.32,33080.0,1010.0,1019.0,1010.0,1010.0,29100.0,0.0,0.0,0.0,-5.253283302063794,-7.083716651333949,7.6237623762376305,1.9699812382739212,0.8796856106408706,False,False,False
6087,アビスト,2026-09-15,3565.0,3595.0,3595.0,3557.0,3538.2,1880.0,3550.0,3550.0,3545.0,3565.0,1800.0,0.0,-0.42075736325385416,0.42253521126760507,-0.8344923504867818,-0.8344923504867818,0.8415147265077083,0.0,0.9574468085106383,True,False,False
6088,シグマクシス・ホールディングス,2026-09-15,572.0,584.0,584.0,558.6,555.16,436900.0,567.0,570.0,567.0,570.0,24100.0,-0.34965034965035446,-0.8741258741258751,0.5291005291005346,-2.397260273972601,-2.397260273972601,2.4561403508772006,0.0,0.05516136415655756,True,False,False
6089,ウィルグループ,2026-09-15,1152.0,1212.0,1212.0,1137.4,1163.28,32060.0,1151.0,1163.0,1151.0,1152.0,27200.0,0.0,-0.08680555555555802,0.08688097306690512,-4.950495049504955,-4.950495049504955,5.208333333333326,0.0,0.8484092326887087,True,False,False
6090,ヒューマン・メタボローム・テクノロジーズ,2026-09-15,604.0,646.0,646.0,609.0,612.84,2900.0,601.0,601.0,601.0,604.0,5400.0,0.0,-0.4966887417218513,0.4991680532445919,-6.501547987616096,-6.501547987616096,6.9536423841059625,0.0,1.8620689655172413,True,False,False
6091,ウエスコホールディングス,2026-09-15,955.0,960.0,960.0,908.4,903.48,27300.0,956.0,956.0,951.0,955.0,55500.0,0.0,0.10471204188482464,-0.10460251046024993,-0.520833333333337,-0.520833333333337,0.5235602094240788,0.0,2.032967032967033,False,False,False
6092,エンバイオ・ホールディングス,2026-09-15,801.0,895.0,920.0,810.2,837.24,11660.0,800.0,808.0,800.0,801.0,12200.0,0.0,-0.12484394506866447,0.12499999999999734,-10.502793296089386,-12.934782608695649,14.856429463171029,2.7932960893854775,1.0463121783876501,True,False,False
6093,ミトラグループ,2026-09-15,161.0,167.0,167.0,157.8,162.4,78880.0,160.0,160.0,160.0,161.0,83000.0,0.0,-0.6211180124223614,0.6250000000000089,-3.59281437125748,-3.59281437125748,3.7267080745341685,0.0,1.0522312373225151,True,False,False
6094,フリークアウト・ホールディングス,2026-09-15,525.0,593.0,612.0,529.0,567.28,57420.0,530.0,530.0,530.0,525.0,21100.0,0.0,0.952380952380949,-0.9433962264150941,-11.467116357504214,-14.215686274509808,16.57142857142857,3.204047217537953,0.3674677812608847,False,False,False
6098,リクルートホールディングス,2026-09-15,16845.0,18215.0,18215.0,15997.0,16467.4,5076540.0,16785.0,16885.0,16685.0,16765.0,509700.0,-0.4749183734045759,-0.3561887800534236,-0.11915400655346797,-7.9604721383475185,-7.9604721383475185,8.648971070682965,0.0,0.10040303041047642,False,False,False
6099,エラン,2026-09-15,720.0,771.0,780.0,714.2,742.96,65500.0,716.0,722.0,716.0,722.0,3500.0,0.2777777777777768,-0.5555555555555536,0.8379888268156499,-6.355382619974059,-7.435897435897432,8.033240997229907,1.1673151750972721,0.05343511450381679,True,False,False
6101,ツガミ,2026-09-15,4805.0,5700.0,6400.0,4864.0,5375.6,358000.0,4820.0,4860.0,4820.0,4840.0,15100.0,0.7284079084287187,0.3121748178980255,0.4149377593360981,-15.087719298245617,-24.375000000000004,32.231404958677686,12.280701754385959,0.04217877094972067,True,False,False
6103,オークマ,2026-09-15,4320.0,5170.0,5710.0,4329.0,4814.4,404880.0,4355.0,4395.0,4355.0,4380.0,20600.0,1.388888888888884,0.810185185185186,0.574052812858783,-15.280464216634426,-23.29246935201401,30.365296803652964,10.444874274661519,0.050879272870974115,True,False,False
6104,芝浦機械,2026-09-15,4280.0,4550.0,4550.0,4240.0,4324.8,212520.0,4325.0,4355.0,4320.0,4280.0,158400.0,0.0,1.0514018691588856,-1.0404624277456698,-5.934065934065935,-5.934065934065935,6.308411214953269,0.0,0.7453416149068323,False,False,False
6113,アマダ,2026-09-15,2326.5,2650.0,2975.5,2358.1,2554.72,3065180.0,2352.0,2380.0,2345.0,2360.5,206200.0,1.4614227380184808,1.0960670535138606,0.3613945578231359,-10.924528301886793,-20.668795160477227,26.053802160559215,12.283018867924532,0.06727174260565448,True,False,False
6118,アイダエンジニアリング,2026-09-15,1241.0,1336.0,1336.0,1246.4,1246.24,308900.0,1241.0,1245.0,1234.0,1239.0,13200.0,-0.16116035455278066,0.0,-0.16116035455278066,-7.260479041916168,-7.260479041916168,7.828894269572229,0.0,0.04273227581741664,False,False,False
6125,岡本工作機械製作所,2026-09-15,4550.0,5010.0,5960.0,4607.0,4776.0,25760.0,4580.0,4580.0,4540.0,4550.0,30200.0,0.0,0.659340659340657,-0.6550218340611313,-9.181636726546905,-23.65771812080537,30.98901098901099,18.962075848303385,1.1723602484472049,False,False,False
6134,ＦＵＪＩ,2026-09-15,6766.0,7628.0,8673.0,6806.2,7271.04,781420.0,6684.0,6766.0,6672.0,6737.0,35300.0,-0.4286136565178844,-1.2119420632574651,0.7929383602633067,-11.680650235972735,-22.322149198662512,28.73682648062936,13.699528054535914,0.045174170100586115,True,False,False
6135,牧野フライス製作所,2026-09-15,14930.0,16240.0,16500.0,14784.0,15246.8,128160.0,14980.0,15030.0,14980.0,15020.0,2700.0,0.602813127930335,0.33489618218351946,0.2670226969292422,-7.512315270935965,-8.969696969696972,9.853528628495333,1.6009852216748666,0.021067415730337078,True,False,False
6136,オーエスジー,2026-09-15,3433.0,3836.0,4079.0,3423.8,3656.96,276540.0,3405.0,3464.0,3401.0,3433.0,252400.0,0.0,-0.8156131663268229,0.8223201174742956,-10.505735140771632,-15.837215003677374,18.81736090882611,6.334723670490083,0.9127070224922254,True,False,False
6137,小池酸素工業,2026-09-15,1511.0,1558.0,1558.0,1499.6,1500.92,19500.0,1504.0,1519.0,1504.0,1511.0,16900.0,0.0,-0.46326935804102964,0.465425531914887,-3.0166880616174563,-3.0166880616174563,3.1105228325612133,0.0,0.8666666666666667,True,False,False
6138,ダイジェット工業,2026-09-15,1965.0,2200.0,2200.0,1957.8,2012.04,9300.0,1962.0,1962.0,1962.0,1965.0,12300.0,0.0,-0.15267175572518665,0.1529051987767538,-10.681818181818182,-10.681818181818182,11.959287531806616,0.0,1.3225806451612903,True,False,False
6140,旭ダイヤモンド工業,2026-09-15,1096.0,1260.0,1323.0,1110.6,1193.88,469180.0,1095.0,1098.0,1094.0,1096.0,355600.0,0.0,-0.09124087591241281,0.09132420091324533,-13.015873015873014,-17.157974300831448,20.711678832116796,5.000000000000004,0.7579180698239482,True,False,False
6141,ＤＭＧ森精機,2026-09-15,2759.0,3095.0,3980.0,2762.8,2998.18,1290100.0,2754.0,2784.5,2751.5,2775.0,54000.0,0.5799202609641174,-0.18122508155128392,0.7625272331154731,-10.33925686591276,-30.276381909547734,43.42342342342342,28.594507269789982,0.04185722037051391,True,False,False
6143,ソディック,2026-09-15,1623.0,1835.0,1979.0,1634.4,1713.56,406240.0,1618.0,1629.0,1617.0,1621.0,11600.0,-0.12322858903265343,-0.30807147258163914,0.1854140914709479,-11.662125340599449,-18.089944416371907,22.08513263417644,7.847411444141694,0.02855454903505317,True,False,False
6144,西部電機,2026-09-15,2799.0,3100.0,3150.0,2825.0,2938.4,3140.0,2787.0,2849.0,2787.0,2799.0,4700.0,0.0,-0.4287245444801746,0.43057050592034685,-9.709677419354835,-11.142857142857142,12.540192926045023,1.6129032258064502,1.4968152866242037,True,False,False
6145,ＮＩＴＴＯＫＵ,2026-09-15,2493.0,2540.0,2877.0,2460.4,2445.88,96640.0,2517.0,2545.0,2517.0,2537.0,8200.0,1.7649418371439962,0.9626955475330989,0.794596742153364,-0.11811023622047001,-11.817865832464369,13.401655498620425,13.26771653543306,0.08485099337748345,True,False,False
6146,ディスコ,2026-09-15,51400.0,62980.0,68120.0,52396.0,58288.8,1343440.0,50750.0,50930.0,49970.0,50080.0,125400.0,-2.5680933852140098,-1.2645914396887115,-1.3201970443349809,-20.482692918386793,-26.482677627715802,36.0223642172524,8.161321054302961,0.09334246412195557,False,False,False
6147,ヤマザキ,2026-09-15,190.0,240.0,240.0,192.4,193.8,106340.0,190.0,190.0,189.0,190.0,12800.0,0.0,0.0,0.0,-20.833333333333336,-20.833333333333336,26.315789473684205,0.0,0.12036862892608614,False,False,False
6149,小田原エンジニアリング,2026-09-15,2190.0,2370.0,2370.0,2190.6,2247.4,6600.0,2200.0,2205.0,2200.0,2190.0,2600.0,0.0,0.45662100456620447,-0.4545454545454519,-7.594936708860756,-7.594936708860756,8.219178082191792,0.0,0.3939393939393939,False,False,False
6150,タケダ機械,2026-09-15,2790.0,2820.0,2820.0,2794.8,2792.8,780.0,2798.0,2799.0,2798.0,2790.0,1300.0,0.0,0.28673835125447855,-0.2859185132237263,-1.0638297872340385,-1.0638297872340385,1.0752688172043001,0.0,1.6666666666666667,False,False,False
6151,日東工器,2026-09-15,1708.0,1793.0,1793.0,1699.2,1737.52,13920.0,1719.0,1720.0,1719.0,1708.0,20100.0,0.0,0.6440281030444917,-0.6399069226294407,-4.740658114891239,-4.740658114891239,4.9765807962529385,0.0,1.4439655172413792,False,False,False
6155,高松機械工業,2026-09-15,539.0,554.0,556.0,540.0,539.44,6740.0,539.0,539.0,539.0,539.0,1200.0,0.0,0.0,0.0,-2.7075812274368283,-3.0575539568345356,3.153988868274582,0.3610108303249149,0.17804154302670624,False,False,False
6156,エーワン精密,2026-09-15,1843.0,1930.0,1930.0,1819.2,1864.2,21980.0,1855.0,1855.0,1855.0,1843.0,5500.0,0.0,0.6511123168746691,-0.6469002695417836,-4.507772020725387,-4.507772020725387,4.72056429734129,0.0,0.2502274795268426,False,False,False
6157,日進工具,2026-09-15,819.0,868.0,893.0,809.6,840.24,79260.0,817.0,820.0,817.0,819.0,44500.0,0.0,-0.24420024420024333,0.244798041615657,-5.645161290322576,-8.28667413213886,9.035409035409025,2.880184331797242,0.5614433509967196,True,False,False
6158,和井田製作所,2026-09-15,1038.0,1040.0,1040.0,1028.6,1015.88,3080.0,1036.0,1036.0,1036.0,1038.0,3200.0,0.0,-0.19267822736031004,0.19305019305020377,-0.19230769230769162,-0.19230769230769162,0.19267822736031004,0.0,1.0389610389610389,True,False,False
6159,ミクロン精密,2026-09-15,2037.0,2296.0,2296.0,1997.4,1908.48,7480.0,2048.0,2048.0,2048.0,2037.0,11400.0,0.0,0.5400098183603319,-0.537109375,-11.280487804878048,-11.280487804878048,12.714776632302405,0.0,1.5240641711229947,False,False,False
6161,エスティック,2026-09-15,1035.0,1093.0,1120.0,1039.6,1060.0,3760.0,1036.0,1036.0,1036.0,1035.0,4600.0,0.0,0.09661835748793202,-0.09652509652510188,-5.306495882891127,-7.58928571428571,8.212560386473422,2.470265324794152,1.2234042553191489,False,False,False
6165,パンチ工業,2026-09-15,533.0,573.0,573.0,529.0,537.8,47760.0,533.0,534.0,532.0,533.0,33500.0,0.0,0.0,0.0,-6.980802792321117,-6.980802792321117,7.504690431519689,0.0,0.7014237855946399,False,False,False
6166,中村超硬,2026-09-15,658.0,699.0,699.0,654.6,656.64,76440.0,653.0,658.0,653.0,658.0,59700.0,0.0,-0.7598784194528863,0.7656967840734996,-5.865522174535053,-5.865522174535053,6.231003039513672,0.0,0.7810047095761381,True,False,False
6167,冨士ダイス,2026-09-15,977.0,1070.0,1135.0,967.8,1029.84,54260.0,975.0,985.0,975.0,985.0,5000.0,0.8188331627430934,-0.20470829068577334,1.025641025641022,-7.943925233644855,-13.215859030837008,15.228426395939088,6.074766355140193,0.09214891264283082,True,False,False
6171,土木管理総合試験所,2026-09-15,371.0,382.0,397.0,372.4,374.16,26380.0,373.0,373.0,372.0,372.0,2200.0,0.26954177897573484,0.5390835579514919,-0.2680965147453085,-2.617801047120416,-6.297229219143574,6.720430107526876,3.926701570680624,0.08339651250947688,False,False,False
6176,ブランジスタ,2026-09-15,1059.0,1308.0,1308.0,1075.2,1029.96,162460.0,1063.0,1074.0,1063.0,1072.0,20200.0,1.227573182247399,0.37771482530688516,0.8466603951081897,-18.04281345565749,-18.04281345565749,22.014925373134318,0.0,0.12433829865813123,True,False,False
6177,ＡｐｐＢａｎｋ,2026-09-15,85.0,101.0,101.0,84.8,83.64,106960.0,83.0,85.0,83.0,83.0,21000.0,-2.352941176470591,-2.352941176470591,0.0,-17.821782178217827,-17.821782178217827,21.68674698795181,0.0,0.19633507853403143,False,False,False
6178,日本郵政,2026-09-15,2480.5,2603.0,2603.0,2457.9,2428.14,4002840.0,2491.5,2511.5,2484.5,2510.0,488200.0,1.1892763555734653,0.44345898004434225,0.742524583584192,-3.5728006146753755,-3.5728006146753755,3.7051792828685315,0.0,0.12196340598175295,True,False,False
6180,ＧＭＯメディア,2026-09-15,3805.0,3880.0,3880.0,3822.0,3829.2,1160.0,3865.0,3865.0,3805.0,3805.0,1000.0,0.0,1.5768725361366531,-1.5523932729624823,-1.9329896907216537,-1.9329896907216537,1.9710906701708275,0.0,0.8620689655172413,False,False,False
6181,タメニー,2026-09-15,90.0,96.0,96.0,89.4,86.6,135100.0,90.0,90.0,90.0,90.0,36200.0,0.0,0.0,0.0,-6.25,-6.25,6.666666666666665,0.0,0.2679496669133975,False,False,False
6182,メタリアル,2026-09-15,514.0,544.0,544.0,510.8,496.88,16420.0,512.0,512.0,510.0,514.0,13700.0,0.0,-0.3891050583657574,0.390625,-5.514705882352944,-5.514705882352944,5.836575875486383,0.0,0.8343483556638246,True,False,False
6183,ベルシステム２４ホールディングス,2026-09-15,1374.0,1448.0,1448.0,1355.2,1388.32,198620.0,1376.0,1384.0,1376.0,1382.0,8000.0,0.5822416302765587,0.14556040756914523,0.43604651162789665,-4.558011049723754,-4.558011049723754,4.775687409551366,0.0,0.040277917631658444,True,False,False
6184,鎌倉新書,2026-09-15,619.0,623.0,623.0,590.2,585.36,297220.0,614.0,618.0,613.0,619.0,289600.0,0.0,-0.8077544426494332,0.8143322475570036,-0.6420545746388395,-0.6420545746388395,0.646203554119551,0.0,0.9743624251396272,True,False,False
6185,ＳＭＮ,2026-09-15,364.0,374.0,374.0,364.2,367.88,6500.0,361.0,361.0,361.0,364.0,6900.0,0.0,-0.8241758241758212,0.8310249307479145,-2.67379679144385,-2.67379679144385,2.7472527472527375,0.0,1.0615384615384615,True,False,False
6186,一蔵,2026-09-15,373.0,389.0,389.0,374.6,380.88,1700.0,373.0,373.0,373.0,373.0,1600.0,0.0,0.0,0.0,-4.113110539845755,-4.113110539845755,4.289544235924936,0.0,0.9411764705882353,False,False,False
6189,グローバルキッズＣＯＭＰＡＮＹ,2026-09-15,1014.0,1049.0,1050.0,1008.4,1021.8,10460.0,1011.0,1011.0,1011.0,1014.0,7100.0,0.0,-0.295857988165682,0.29673590504450953,-3.336510962821737,-3.4285714285714253,3.5502958579881616,0.09532888465204614,0.6787762906309751,True,False,False
6190,フェニックスバイオ,2026-09-15,302.0,348.0,359.0,313.6,335.44,8720.0,302.0,302.0,302.0,302.0,16100.0,0.0,0.0,0.0,-13.218390804597702,-15.877437325905298,18.87417218543046,3.1609195402298784,1.8463302752293578,False,False,False
6191,エアトリ,2026-09-15,1640.0,1768.0,1768.0,1214.8,908.4,2350400.0,1640.0,1666.0,1620.0,1660.0,147500.0,1.2195121951219523,0.0,1.2195121951219523,-6.108597285067874,-6.108597285067874,6.506024096385543,0.0,0.06275527569775358,True,False,False
6193,バーチャレクス・ホールディングス,2026-09-15,1199.0,1247.0,1247.0,1184.2,1162.08,9800.0,1199.0,1199.0,1195.0,1199.0,12000.0,0.0,0.0,0.0,-3.8492381716118684,-3.8492381716118684,4.003336113427847,0.0,1.2244897959183674,False,False,False
6194,アトラエ,2026-09-15,868.0,922.0,926.0,854.8,879.84,166440.0,877.0,878.0,874.0,877.0,17500.0,1.0368663594469973,1.0368663594469973,0.0,-4.88069414316703,-5.2915766738660945,5.587229190421894,0.433839479392617,0.10514299447248257,False,False,False
6195,ホープ,2026-09-15,201.0,205.0,218.0,201.0,203.0,22700.0,201.0,201.0,201.0,201.0,23200.0,0.0,0.0,0.0,-1.9512195121951237,-7.798165137614676,8.457711442786064,6.341463414634152,1.0220264317180616,False,False,False
6196,ストライクグループ,2026-09-15,1411.0,1459.0,1459.0,1403.4,1372.92,333500.0,1412.0,1416.0,1407.0,1411.0,264300.0,0.0,0.07087172218285254,-0.07082152974504652,-3.2899246058944454,-3.2899246058944454,3.401842664776744,0.0,0.792503748125937,False,False,False
6198,キャリア,2026-09-15,200.0,209.0,215.0,201.2,205.08,3040.0,200.0,202.0,198.0,200.0,6200.0,0.0,0.0,0.0,-4.30622009569378,-6.976744186046513,7.499999999999996,2.8708133971291794,2.039473684210526,False,False,False
6199,セラク,2026-09-15,1454.0,1469.0,1485.0,1389.6,1382.28,22660.0,1451.0,1458.0,1451.0,1454.0,29000.0,0.0,-0.20632737276479185,0.2067539627842896,-1.0211027910142945,-2.0875420875420825,2.1320495185694677,1.0891763104152519,1.2797881729920564,True,False,False
6200,インソース,2026-09-15,722.0,752.0,752.0,709.0,724.24,342580.0,723.0,724.0,721.0,724.0,14200.0,0.27700831024930483,0.13850415512466352,0.13831258644536604,-3.7234042553191515,-3.7234042553191515,3.8674033149171283,0.0,0.04145017222254656,True,False,False
6203,豊和工業,2026-09-15,2476.0,3080.0,3080.0,2429.6,1731.56,20425600.0,2526.0,2579.0,2461.0,2548.0,581800.0,2.9079159935379684,2.0193861066235774,0.8709422011084822,-17.272727272727273,-17.272727272727273,20.879120879120872,0.0,0.028483863387122044,True,False,False
6208,石川製作所,2026-09-15,1847.0,2032.0,2032.0,1755.8,1673.08,1114740.0,1887.0,1988.0,1882.0,1983.0,100200.0,7.363291824580398,2.1656740660530582,5.087440381558039,-2.4114173228346414,-2.4114173228346414,2.471003530005045,0.0,0.08988643091662629,True,False,False
6209,リケンＮＰＲ,2026-09-15,3825.0,4040.0,4150.0,3810.0,3928.8,73680.0,3830.0,3855.0,3815.0,3825.0,51700.0,0.0,0.13071895424836555,-0.13054830287205776,-5.321782178217827,-7.831325301204817,8.496732026143782,2.722772277227725,0.7016829533116178,False,False,False
6217,津田駒工業,2026-09-15,763.0,932.0,956.0,753.4,808.56,64240.0,764.0,776.0,764.0,763.0,64600.0,0.0,0.1310615989515096,-0.13089005235602524,-18.133047210300425,-20.188284518828446,25.294888597640885,2.5751072961373467,1.0056039850560399,False,False,False
6218,エンシュウ,2026-09-15,648.0,666.0,684.0,654.2,643.96,1920.0,650.0,650.0,650.0,648.0,2900.0,0.0,0.30864197530864335,-0.3076923076923088,-2.7027027027026973,-5.263157894736848,5.555555555555558,2.7027027027026973,1.5104166666666667,False,False,False
6222,島精機製作所,2026-09-15,937.0,1009.0,1009.0,931.6,951.64,120920.0,947.0,951.0,944.0,944.0,8400.0,0.7470651013874008,1.067235859124871,-0.31678986272439813,-6.442021803766107,-6.442021803766107,6.8855932203389925,0.0,0.06946741647370162,False,False,False
6223,西部技研,2026-09-15,1920.0,1985.0,2187.0,1927.8,1939.36,20300.0,1934.0,1934.0,1934.0,1920.0,22900.0,0.0,0.7291666666666696,-0.7238883143743546,-3.2745591939546626,-12.208504801097398,13.906250000000009,10.176322418136019,1.1280788177339902,False,False,False
6224,ＪＲＣ,2026-09-15,1214.0,1255.0,1255.0,1193.6,1173.6,17920.0,1215.0,1215.0,1215.0,1214.0,14100.0,0.0,0.08237232289951546,-0.08230452674896638,-3.266932270916334,-3.266932270916334,3.377265238879734,0.0,0.7868303571428571,False,False,False
6226,守谷輸送機工業,2026-09-15,2200.0,2500.0,2500.0,2191.0,2207.52,107660.0,2202.0,2222.0,2202.0,2222.0,2800.0,1.0000000000000009,0.09090909090909705,0.9082652134423164,-11.119999999999997,-11.119999999999997,12.51125112511251,0.0,0.02600780234070221,True,False,False
6227,ＡＩメカテック,2026-09-15,5290.0,6850.0,7600.0,5876.0,6179.6,989320.0,5310.0,5360.0,5250.0,5350.0,83400.0,1.1342155009451904,0.3780718336483968,0.7532956685499137,-21.897810218978098,-29.605263157894733,42.05607476635513,10.948905109489049,0.08430032749767517,True,False,False
6228,ジェイ・イー・ティ,2026-09-15,517.0,550.0,575.0,524.0,510.0,28640.0,518.0,522.0,518.0,517.0,8100.0,0.0,0.19342359767891004,-0.19305019305019266,-6.000000000000005,-10.086956521739133,11.218568665377182,4.545454545454541,0.28282122905027934,False,False,False
6229,オーケーエム,2026-09-15,1453.0,1547.0,1696.0,1463.8,1509.48,16840.0,1454.0,1460.0,1454.0,1453.0,12000.0,0.0,0.06882312456986117,-0.06877579092159358,-6.076276664511959,-14.327830188679247,16.724019270474887,9.631544925662583,0.7125890736342043,False,False,False
6230,ＳＡＮＥＩ,2026-09-15,2180.0,2210.0,2210.0,2165.0,2147.36,980.0,2182.0,2182.0,2180.0,2180.0,200.0,0.0,0.09174311926605228,-0.09165902841430373,-1.3574660633484115,-1.3574660633484115,1.3761467889908285,0.0,0.20408163265306123,False,False,False
6231,木村工機,2026-09-15,11750.0,13530.0,13850.0,11696.0,12753.2,11880.0,11650.0,11990.0,11530.0,11940.0,1200.0,1.6170212765957537,-0.8510638297872353,2.489270386266096,-11.75166297117517,-13.79061371841155,15.996649916247897,2.3651145602365142,0.10101010101010101,True,False,False
6232,ＡＣＳＬ,2026-09-15,1229.0,1726.0,1840.0,1282.8,1525.64,1259660.0,1235.0,1257.0,1234.0,1249.0,74400.0,1.6273393002441017,0.4882017900732283,1.1336032388663986,-27.6361529548088,-32.1195652173913,47.31785428342674,6.60486674391656,0.059063556832796155,True,False,False
6233,ＫＬＡＳＳ,2026-09-15,402.0,409.0,409.0,403.4,397.4,7100.0,402.0,402.0,401.0,401.0,500.0,-0.24875621890547706,0.0,-0.24875621890547706,-1.9559902200488977,-1.9559902200488977,1.9950124688279391,0.0,0.07042253521126761,False,False,False
6235,オプトラン,2026-09-15,2364.0,2864.0,3355.0,2412.2,2695.88,260460.0,2363.0,2364.0,2352.0,2352.0,9700.0,-0.5076142131979711,-0.04230118443316888,-0.4655099449851874,-17.87709497206704,-29.895678092399404,42.64455782312926,17.14385474860336,0.03724180296398679,False,False,False
6237,イワキポンプ,2026-09-15,3865.0,4670.0,6030.0,3856.0,4169.2,50120.0,3865.0,3880.0,3865.0,3865.0,37100.0,0.0,0.0,0.0,-17.23768736616702,-35.90381426202322,56.015523932729614,29.1220556745182,0.7402234636871509,False,False,False
6238,フリュー,2026-09-15,1459.0,1477.0,1477.0,1427.2,1409.32,137660.0,1461.0,1464.0,1459.0,1459.0,3100.0,0.0,0.1370801919122755,-0.1368925393566034,-1.2186865267433955,-1.2186865267433955,1.2337217272104128,0.0,0.022519250326892344,False,False,False
6239,ナガオカ,2026-09-15,1405.0,1525.0,1525.0,1417.0,1431.6,2000.0,1404.0,1404.0,1404.0,1405.0,1000.0,0.0,-0.0711743772242035,0.07122507122507837,-7.868852459016395,-7.868852459016395,8.540925266903908,0.0,0.5,True,False,False
6240,ヤマシンフィルタ,2026-09-15,513.0,548.0,568.0,519.6,533.96,302700.0,513.0,518.0,513.0,517.0,42100.0,0.7797270955165692,0.0,0.7797270955165692,-5.6569343065693385,-8.978873239436624,9.864603481624767,3.649635036496357,0.13908159894284772,True,False,False
6245,ヒラノテクシード,2026-09-15,1799.0,1968.0,1968.0,1786.8,1813.48,55320.0,1809.0,1814.0,1809.0,1799.0,52900.0,0.0,0.5558643690939391,-0.5527915975677145,-8.587398373983735,-8.587398373983735,9.394107837687615,0.0,0.9562545191612437,False,False,False
6246,テクノスマート,2026-09-15,1823.0,1886.0,1886.0,1816.2,1834.92,6260.0,1821.0,1821.0,1821.0,1823.0,7400.0,0.0,-0.10970927043335577,0.10982976386599841,-3.3404029692470805,-3.3404029692470805,3.455842018650568,0.0,1.182108626198083,True,False,False
6247,日阪製作所,2026-09-15,1715.0,1841.0,1872.0,1684.8,1741.16,86500.0,1732.0,1746.0,1731.0,1715.0,85900.0,0.0,0.9912536443148712,-0.9815242494226273,-6.8441064638783295,-8.38675213675214,9.154518950437307,1.6838674633351536,0.9930635838150289,False,False,False
6248,横田製作所,2026-09-15,1718.0,1784.0,1809.0,1737.4,1740.8,440.0,1718.0,1718.0,1718.0,1718.0,800.0,0.0,0.0,0.0,-3.6995515695067316,-5.030403537866224,5.296856810244477,1.4013452914798163,1.8181818181818181,False,False,False
6249,ゲームカードホールディングス,2026-09-15,2885.0,2897.0,2897.0,2865.8,2804.76,5600.0,2882.0,2882.0,2880.0,2885.0,3700.0,0.0,-0.10398613518197708,0.1040943789035298,-0.4142216085605832,-0.4142216085605832,0.4159445407279083,0.0,0.6607142857142857,True,False,False
6250,やまびこ,2026-09-15,4330.0,4610.0,4610.0,4321.0,4281.0,134840.0,4345.0,4380.0,4345.0,4350.0,2700.0,0.4618937644341736,0.34642032332563577,0.11507479861909697,-5.639913232104121,-5.639913232104121,5.977011494252871,0.0,0.02002373183031741,True,False,False
6254,野村マイクロ・サイエンス,2026-09-15,3235.0,3725.0,4630.0,3287.0,3548.0,424860.0,3225.0,3235.0,3180.0,3190.0,22100.0,-1.391035548686248,-0.3091190108191699,-1.0852713178294615,-14.362416107382547,-31.10151187904968,45.141065830721,24.295302013422827,0.05201713505625383,False,False,False
6255,エヌ・ピー・シー,2026-09-15,683.0,710.0,743.0,665.2,680.88,232980.0,688.0,689.0,684.0,684.0,5100.0,0.14641288433381305,0.7320644216691097,-0.5813953488372103,-3.6619718309859106,-7.94078061911171,8.625730994152047,4.647887323943656,0.021890291012104043,False,False,False
6257,藤商事,2026-09-15,1019.0,1030.0,1036.0,1013.0,1015.04,26360.0,1016.0,1016.0,1006.0,1019.0,20800.0,0.0,-0.2944062806673253,0.2952755905511806,-1.0679611650485477,-1.6409266409266432,1.6683022571148287,0.5825242718446644,0.7890743550834598,True,False,False
6258,平田機工,2026-09-15,3490.0,3775.0,4020.0,3496.0,3527.4,249160.0,3475.0,3485.0,3460.0,3465.0,8700.0,-0.7163323782234943,-0.42979942693409656,-0.2877697841726645,-8.21192052980132,-13.805970149253731,16.01731601731602,6.490066225165569,0.034917322202600735,False,False,False
6262,ＰＥＧＡＳＵＳ,2026-09-15,530.0,550.0,552.0,520.4,532.56,50040.0,526.0,531.0,526.0,530.0,56800.0,0.0,-0.7547169811320753,0.7604562737642651,-3.6363636363636376,-3.985507246376807,4.150943396226414,0.363636363636366,1.1350919264588328,True,False,False
6264,マルマエ,2026-09-15,1817.0,2315.0,2315.0,1842.8,2009.56,481420.0,1817.0,1823.0,1802.0,1805.0,16500.0,-0.6604292790313715,0.0,-0.6604292790313715,-22.030237580993518,-22.030237580993518,28.254847645429358,0.0,0.03427360724523285,False,False,False
6265,コンバム,2026-09-15,3035.0,3295.0,4155.0,3048.0,3158.2,1040.0,3040.0,3040.0,3040.0,3035.0,900.0,0.0,0.16474464579900872,-0.164473684210531,-7.8907435508346,-26.955475330926593,36.90280065897858,26.100151745068278,0.8653846153846154,False,False,False
6266,タツモ,2026-09-15,3360.0,3785.0,4600.0,3403.0,3568.4,212960.0,3385.0,3395.0,3340.0,3370.0,18600.0,0.29761904761904656,0.7440476190476275,-0.4431314623338234,-10.964332892998673,-26.73913043478261,36.498516320474785,21.5323645970938,0.08734034560480841,False,False,False
6267,ゼネラルパッカー,2026-09-15,4000.0,4080.0,4080.0,4016.0,4012.8,860.0,4070.0,4070.0,4070.0,4000.0,2100.0,0.0,1.750000000000007,-1.7199017199017175,-1.9607843137254943,-1.9607843137254943,2.0000000000000018,0.0,2.441860465116279,False,False,False
6268,ナブテスコ,2026-09-15,4437.0,4833.0,5082.0,4465.6,4592.52,911820.0,4419.0,4480.0,4419.0,4457.0,60100.0,0.4507550146495287,-0.40567951318458695,0.8599230595157215,-7.779846885992137,-12.29830775285321,14.02288534888938,5.15207945375542,0.06591213178039525,True,False,False
6269,三井海洋開発,2026-09-15,9076.0,10415.0,11185.0,9223.8,9724.92,556220.0,9148.0,9178.0,9004.0,9075.0,42600.0,-0.011018069634205485,0.7933010136623952,-0.7979886313948414,-12.866058569371097,-18.864550737595,23.250688705234168,7.393182909265472,0.07658840027327317,False,False,False
6272,レオン自動機,2026-09-15,1519.0,1582.0,1582.0,1502.8,1535.6,53780.0,1519.0,1529.0,1519.0,1519.0,50000.0,0.0,0.0,0.0,-3.9823008849557473,-3.9823008849557473,4.147465437788012,0.0,0.9297136481963555,False,False,False
6273,ＳＭＣ,2026-09-15,66880.0,73440.0,82580.0,67598.0,70710.4,260720.0,66580.0,67190.0,66510.0,66910.0,16900.0,0.044856459330144816,-0.44856459330143705,0.4956443376389341,-8.891612200435727,-18.975538871397436,23.419518756538626,12.44553376906319,0.06482049708499539,True,False,False
6276,シリウスビジョン,2026-09-15,364.0,452.0,452.0,364.2,369.44,33240.0,364.0,364.0,364.0,364.0,19400.0,0.0,0.0,0.0,-19.469026548672563,-19.469026548672563,24.17582417582418,0.0,0.5836341756919374,False,False,False
6277,ホソカワミクロン,2026-09-15,5780.0,5790.0,5790.0,5638.0,5400.4,37320.0,5800.0,5850.0,5800.0,5850.0,3400.0,1.211072664359869,0.34602076124568004,0.8620689655172376,1.0362694300518172,1.0362694300518172,-1.025641025641022,0.0,0.09110396570203644,True,True,True
6278,ユニオンツール,2026-09-15,12780.0,15310.0,19490.0,12940.0,14358.4,198600.0,12650.0,12650.0,12540.0,12590.0,7700.0,-1.4866979655712043,-1.0172143974960912,-0.4743083003952542,-17.76616590463749,-35.40277065161621,54.80540111199366,27.302416721097323,0.03877139979859013,False,False,False
6279,瑞光,2026-09-15,919.0,939.0,952.0,908.8,924.6,16180.0,914.0,925.0,914.0,925.0,3900.0,0.6528835690968515,-0.5440696409140355,1.2035010940919078,-1.4909478168264156,-2.8361344537815136,2.9189189189189113,1.3844515441959526,0.24103831891223734,True,False,False
6282,オイレス工業,2026-09-15,2880.0,2998.0,2998.0,2863.4,2906.64,91540.0,2900.0,2915.0,2900.0,2915.0,40900.0,1.215277777777768,0.694444444444442,0.5172413793103514,-2.7685123415610358,-2.7685123415610358,2.847341337907383,0.0,0.44679921345859736,True,False,False
6284,日精エー・エス・ビー機械,2026-09-15,8380.0,9030.0,10160.0,8390.0,8786.4,30540.0,8380.0,8420.0,8380.0,8380.0,22000.0,0.0,0.0,0.0,-7.198228128460682,-17.51968503937008,21.24105011933175,12.513842746400883,0.7203667321545514,False,False,False
6286,靜甲,2026-09-15,1479.0,1553.0,1553.0,1482.0,1487.24,1840.0,1485.0,1485.0,1485.0,1479.0,1500.0,0.0,0.40567951318457585,-0.40404040404040664,-4.7649710238248595,-4.7649710238248595,5.00338066260988,0.0,0.8152173913043478,False,False,False
6287,サトー,2026-09-15,2661.0,2896.0,2950.0,2648.2,2763.96,94860.0,2663.0,2681.0,2663.0,2661.0,100300.0,0.0,0.07515971439309155,-0.07510326699211589,-8.114640883977897,-9.796610169491526,10.860578729800817,1.8646408839779083,1.0573476702508962,False,False,False
6289,技研製作所,2026-09-15,1879.0,2007.0,2007.0,1873.6,1914.56,45800.0,1872.0,1889.0,1869.0,1879.0,40600.0,0.0,-0.37253858435337683,0.3739316239316226,-6.3776781265570515,-6.3776781265570515,6.812134113890367,0.0,0.8864628820960698,True,False,False
6291,日本エアーテック,2026-09-15,1323.0,1420.0,1420.0,1319.2,1353.4,26140.0,1313.0,1330.0,1313.0,1328.0,2400.0,0.3779289493575311,-0.7558578987150399,1.1424219345011366,-6.478873239436622,-6.478873239436622,6.927710843373491,0.0,0.09181331293037491,True,False,False
6294,オカダアイヨン,2026-09-15,1951.0,1998.0,2022.0,1953.8,1957.2,17300.0,1951.0,1951.0,1951.0,1951.0,18600.0,0.0,0.0,0.0,-2.3523523523523493,-3.5113748763600405,3.6391594054331122,1.2012012012011963,1.0751445086705202,False,False,False
6298,ワイエイシイホールディングス,2026-09-15,1228.0,1379.0,1394.0,1250.4,1301.2,123320.0,1220.0,1230.0,1220.0,1228.0,101300.0,0.0,-0.6514657980456029,0.6557377049180246,-10.949963741841916,-11.90817790530847,13.51791530944626,1.087744742567076,0.8214401556925073,True,False,False
6301,小松製作所,2026-09-15,7060.0,7675.0,7675.0,7224.0,7325.72,2683840.0,7136.0,7173.0,7135.0,7163.0,174100.0,1.4589235127478783,1.076487252124636,0.37836322869955197,-6.671009771986968,-6.671009771986968,7.1478430825073325,0.0,0.06486973888160248,True,False,False
6302,住友重機械工業,2026-09-15,5569.0,5986.0,6131.0,5594.0,5752.92,607420.0,5569.0,5616.0,5562.0,5571.0,31100.0,0.035913090321426644,0.0,0.035913090321426644,-6.932843301035751,-9.133909639536785,10.052055286304086,2.4223187437353744,0.051200158045503937,True,False,False
6305,日立建機,2026-09-15,5624.0,6153.0,6153.0,5680.0,5739.72,1002560.0,5724.0,5738.0,5685.0,5721.0,82200.0,1.7247510668563226,1.7780938833570348,-0.05241090146750338,-7.02096538274013,-7.02096538274013,7.551127425275306,0.0,0.0819901053303543,False,False,False
6306,日工,2026-09-15,998.0,1053.0,1053.0,987.0,1010.72,69660.0,993.0,1003.0,993.0,1002.0,9000.0,0.4008016032064132,-0.501002004008011,0.9063444108761365,-4.843304843304841,-4.843304843304841,5.089820359281427,0.0,0.12919896640826872,True,False,False
6307,サンセイ,2026-09-15,468.0,500.0,503.0,474.6,480.96,6460.0,465.0,465.0,465.0,468.0,1200.0,0.0,-0.6410256410256387,0.6451612903225712,-6.399999999999995,-6.958250497017893,7.478632478632474,0.6000000000000005,0.18575851393188855,True,False,False
6309,巴工業,2026-09-15,1963.0,2079.0,2079.0,2002.2,2016.08,123700.0,1970.0,1975.0,1969.0,1973.0,12800.0,0.5094243504839557,0.356597045338769,0.1522842639593902,-5.098605098605102,-5.098605098605102,5.3725291434364,0.0,0.10347615198059822,True,False,False
6310,井関農機,2026-09-15,1877.0,2132.0,2132.0,1864.4,1859.72,89460.0,1887.0,1915.0,1884.0,1908.0,9300.0,1.6515716568993088,0.5327650506126824,1.11287758346581,-10.506566604127576,-10.506566604127576,11.74004192872118,0.0,0.10395707578806171,True,False,False
6315,ＴＯＷＡ,2026-09-15,2132.0,2413.0,3030.0,2152.8,2299.32,2944400.0,2102.0,2116.0,2085.0,2090.0,212300.0,-1.9699812382739212,-1.407129455909939,-0.570884871550903,-13.38582677165354,-31.02310231023102,44.976076555023916,25.5698300870286,0.07210297513924739,False,False,False
6316,丸山製作所,2026-09-15,3005.0,3155.0,3155.0,2981.2,2950.76,15360.0,3010.0,3025.0,3010.0,3005.0,9000.0,0.0,0.16638935108153063,-0.16611295681062677,-4.754358161648176,-4.754358161648176,4.991680532445919,0.0,0.5859375,False,False,False
6317,北川鉄工所,2026-09-15,2443.0,2457.0,2457.0,1945.4,1857.04,167420.0,2420.0,2420.0,2368.0,2382.0,42600.0,-2.496930004093323,-0.9414654113794496,-1.5702479338842945,-3.0525030525030528,-3.0525030525030528,3.148614609571787,0.0,0.2544498865129614,False,False,False
6322,タクミナ,2026-09-15,1600.0,1609.0,1618.0,1593.0,1584.32,1720.0,1588.0,1588.0,1588.0,1600.0,3000.0,0.0,-0.7499999999999951,0.7556675062972307,-0.5593536357986317,-1.1124845488257096,1.1249999999999982,0.5593536357986428,1.744186046511628,True,False,False
6323,ローツェ,2026-09-15,3464.0,4203.0,4524.0,3526.0,3907.04,1260580.0,3403.0,3429.0,3396.0,3406.0,68800.0,-1.6743648960738988,-1.7609699769053133,0.08815750808111034,-18.962645729241025,-24.712643678160916,32.82442748091603,7.637401855817272,0.05457805137317743,True,False,False
6324,ハーモニック・ドライブ・システムズ,2026-09-15,5850.0,6080.0,7480.0,5854.0,5876.8,1099560.0,5810.0,5880.0,5790.0,5840.0,33800.0,-0.17094017094017033,-0.6837606837606813,0.5163511187607606,-3.9473684210526327,-21.92513368983957,28.08219178082192,23.026315789473696,0.030739568554694605,True,False,False
6325,タカキタ,2026-09-15,417.0,422.0,422.0,418.0,415.04,4500.0,419.0,419.0,419.0,417.0,4600.0,0.0,0.47961630695443347,-0.4773269689737458,-1.1848341232227444,-1.1848341232227444,1.1990407673860837,0.0,1.0222222222222221,False,False,False
6326,クボタ,2026-09-15,2767.0,3087.0,3087.0,2791.0,2801.08,3839700.0,2817.0,2850.0,2809.0,2847.0,482200.0,2.891217925551137,1.8070112034694663,1.0649627263045858,-7.774538386783281,-7.774538386783281,8.429926238145423,0.0,0.1255827278172774,True,False,False
6327,北川精機,2026-09-15,2832.0,3590.0,4110.0,2940.2,3245.24,206760.0,2850.0,2877.0,2830.0,2830.0,11000.0,-0.07062146892655718,0.6355932203389925,-0.7017543859649145,-21.169916434540394,-31.143552311435517,45.229681978798595,14.484679665738165,0.053201779841361964,False,False,False
6328,荏原実業,2026-09-15,2330.0,2490.0,2602.0,2322.6,2376.52,63400.0,2343.0,2359.0,2343.0,2348.0,2900.0,0.7725321888411907,0.5579399141630859,0.21340162185232714,-5.702811244979921,-9.761721752498076,10.81771720613287,4.497991967871484,0.04574132492113565,True,False,False
6330,東洋エンジニアリング,2026-09-15,2694.0,2944.0,2944.0,2762.2,2575.8,8727920.0,2727.0,2807.0,2724.0,2807.0,723800.0,4.194506310319235,1.2249443207126953,2.9336266960029445,-4.653532608695654,-4.653532608695654,4.880655504096909,0.0,0.08292926607943245,True,False,False
6331,三菱化工機,2026-09-15,3255.0,3395.0,3405.0,3262.0,3251.8,115300.0,3260.0,3305.0,3260.0,3285.0,7400.0,0.9216589861751112,0.1536098310291889,0.7668711656441785,-3.2400589101620025,-3.524229074889873,3.65296803652968,0.2945508100147265,0.06418039895923677,True,False,False
6332,月島ホールディングス,2026-09-15,2652.0,2868.0,2868.0,2690.8,2757.12,125640.0,2678.0,2689.0,2673.0,2652.0,147900.0,0.0,0.9803921568627416,-0.9708737864077666,-7.531380753138073,-7.531380753138073,8.14479638009049,0.0,1.1771728748806112,False,False,False
6333,ＴＥＩＫＯＫＵ,2026-09-15,3450.0,3525.0,3540.0,3447.0,3372.8,38500.0,3500.0,3500.0,3490.0,3500.0,6200.0,1.449275362318847,1.449275362318847,0.0,-0.7092198581560294,-1.1299435028248594,1.1428571428571344,0.42553191489360653,0.16103896103896104,False,False,False
6334,明治機械,2026-09-15,481.0,520.0,520.0,489.8,497.56,2080.0,480.0,480.0,480.0,481.0,700.0,0.0,-0.20790020790020236,0.2083333333333437,-7.499999999999996,-7.499999999999996,8.108108108108114,0.0,0.33653846153846156,True,False,False
6335,東京機械製作所,2026-09-15,594.0,609.0,739.0,584.8,593.2,23960.0,590.0,590.0,590.0,594.0,23400.0,0.0,-0.6734006734006703,0.6779661016949046,-2.463054187192115,-19.621109607577804,24.410774410774415,21.34646962233169,0.9766277128547579,True,False,False
6336,石井表記,2026-09-15,1403.0,2022.0,2022.0,1635.8,1728.76,400820.0,1408.0,1418.0,1398.0,1398.0,14400.0,-0.3563791874554578,0.3563791874554578,-0.7102272727272707,-30.86053412462908,-30.86053412462908,44.6351931330472,0.0,0.03592635098049,False,False,False
6337,テセック,2026-09-15,3200.0,3760.0,3760.0,3300.0,3326.6,32200.0,3250.0,3250.0,3240.0,3200.0,35600.0,0.0,1.5625,-1.538461538461533,-14.893617021276595,-14.893617021276595,17.500000000000004,0.0,1.1055900621118013,False,False,False
6338,タカトリ,2026-09-15,1613.0,1715.0,1797.0,1634.8,1664.6,12200.0,1612.0,1612.0,1612.0,1613.0,5500.0,0.0,-0.061996280223186595,0.062034739454097654,-5.947521865889216,-10.239287701725097,11.407315561066333,4.781341107871717,0.45081967213114754,True,False,False
6339,新東工業,2026-09-15,1173.0,1246.0,1286.0,1157.6,1205.08,186960.0,1173.0,1188.0,1173.0,1186.0,33100.0,1.1082693947144007,0.0,1.1082693947144007,-4.815409309791329,-7.776049766718507,8.431703204047224,3.21027287319422,0.17704321780059906,True,False,False
6340,澁谷工業,2026-09-15,5150.0,5530.0,5650.0,5222.0,5212.0,55280.0,5350.0,5420.0,5340.0,5390.0,17400.0,4.660194174757271,3.8834951456310662,0.7476635514018781,-2.5316455696202556,-4.6017699115044275,4.823747680890533,2.169981916817365,0.3147612156295224,True,False,False
6342,太平製作所,2026-09-15,2922.0,3125.0,3125.0,2886.4,2963.04,440.0,2941.0,2941.0,2941.0,2922.0,400.0,0.0,0.6502395619438772,-0.6460387623257402,-6.496000000000002,-6.496000000000002,6.9472963723477,0.0,0.9090909090909091,False,False,False
6343,フリージア・マクロス,2026-09-15,147.0,154.0,154.0,146.4,149.88,31060.0,146.0,146.0,146.0,147.0,59600.0,0.0,-0.6802721088435382,0.6849315068493178,-4.545454545454541,-4.545454545454541,4.761904761904767,0.0,1.9188667095943335,True,False,False
6345,アイチ　コーポレーション,2026-09-15,1443.0,1488.0,1488.0,1444.4,1440.56,108640.0,1458.0,1458.0,1453.0,1443.0,100100.0,0.0,1.039501039501034,-1.0288065843621408,-3.0241935483870996,-3.0241935483870996,3.1185031185031242,0.0,0.9213917525773195,False,False,False
6346,キクカワエンタープライズ,2026-09-15,5630.0,5880.0,5940.0,5642.0,5747.6,220.0,5600.0,5660.0,5600.0,5630.0,800.0,0.0,-0.5328596802841923,0.5357142857142838,-4.2517006802721085,-5.218855218855223,5.506216696269983,1.0204081632652962,3.6363636363636362,True,False,False
6347,プラコー,2026-09-15,246.0,267.0,282.0,245.6,253.16,8480.0,247.0,247.0,247.0,246.0,2800.0,0.0,0.40650406504065817,-0.4048582995951455,-7.86516853932584,-12.765957446808507,14.634146341463406,5.617977528089879,0.330188679245283,False,False,False
6349,小森コーポレーション,2026-09-15,1949.0,2071.0,2071.0,1946.4,1981.76,124880.0,1966.0,1980.0,1966.0,1973.0,6600.0,1.2314007183170883,0.8722421754745913,0.3560528992878842,-4.732013520038625,-4.732013520038625,4.967055245818552,0.0,0.05285073670723895,True,False,False
6351,鶴見製作所,2026-09-15,2488.0,2678.0,2678.0,2534.6,2469.36,59620.0,2505.0,2505.0,2464.0,2488.0,43900.0,0.0,0.6832797427652748,-0.678642714570854,-7.094846900672147,-7.094846900672147,7.6366559485530505,0.0,0.736330090573633,False,False,False
6356,日本ギア工業,2026-09-15,1444.0,1699.0,1699.0,1345.4,1338.84,2475440.0,1414.0,1462.0,1414.0,1444.0,188500.0,0.0,-2.0775623268698085,2.121640735502117,-15.0088287227781,-15.0088287227781,17.659279778393344,0.0,0.07614807872539832,True,False,False
6357,三精テクノロジーズ,2026-09-15,2638.0,2835.0,2835.0,2677.2,2660.04,32400.0,2638.0,2665.0,2638.0,2663.0,1300.0,0.9476876421531388,0.0,0.9476876421531388,-6.067019400352736,-6.067019400352736,6.458880961321811,0.0,0.040123456790123455,True,False,False
6358,酒井重工業,2026-09-15,2161.0,2191.0,2209.0,2144.4,2162.64,12860.0,2154.0,2177.0,2154.0,2177.0,1300.0,0.7403979639055924,-0.3239241092086953,1.067780872794799,-0.6389776357827448,-1.4486192847442236,1.4699127239320209,0.8215426745778132,0.10108864696734059,True,False,False
6360,東京自働機械製作所,2026-09-15,4735.0,4750.0,4930.0,4683.0,4679.4,1320.0,4690.0,4735.0,4690.0,4735.0,1100.0,0.0,-0.9503695881731833,0.9594882729211163,-0.31578947368421373,-3.9553752535496978,4.118268215417098,3.7894736842105203,0.8333333333333334,True,False,False
6361,荏原製作所,2026-09-15,4258.0,5132.0,6048.0,4290.8,4819.84,2622920.0,4223.0,4254.0,4211.0,4221.0,169600.0,-0.8689525598872705,-0.8219821512447156,-0.04735969689794173,-17.75136399064692,-30.208333333333336,43.28358208955223,17.84879189399844,0.06466075976392723,False,False,False
6363,酉島製作所,2026-09-15,2824.0,3220.0,3495.0,2858.0,3029.2,164780.0,2830.0,2850.0,2828.0,2824.0,141500.0,0.0,0.21246458923511735,-0.21201413427561766,-12.298136645962732,-19.198855507868384,23.760623229461753,8.54037267080745,0.8587207185338026,False,False,False
6364,ＡＩＲＭＡＮ,2026-09-15,2463.0,2641.0,2788.0,2462.0,2522.6,57080.0,2463.0,2488.0,2453.0,2482.0,3300.0,0.7714169711733554,0.0,0.7714169711733554,-6.020446800454371,-10.97560975609756,12.328767123287676,5.566073457023846,0.0578135949544499,True,False,False
6365,電業社機械製作所,2026-09-15,5500.0,5770.0,5770.0,5536.0,5606.0,520.0,5500.0,5500.0,5500.0,5500.0,500.0,0.0,0.0,0.0,-4.679376083188913,-4.679376083188913,4.909090909090907,0.0,0.9615384615384616,False,False,False
6366,千代田化工建設,2026-09-15,683.0,749.0,749.0,702.2,710.84,1663220.0,689.0,697.0,686.0,694.0,220500.0,1.6105417276720324,0.8784773060029227,0.7256894049346929,-7.343124165554071,-7.343124165554071,7.925072046109505,0.0,0.13257416336984884,True,False,False
6367,ダイキン工業,2026-09-15,20415.0,21155.0,23765.0,20714.0,20892.0,1015120.0,20250.0,20410.0,20210.0,20410.0,97800.0,-0.024491795248593462,-0.8082292432035287,0.7901234567901261,-3.5216260931221988,-14.117399537134446,16.43802057814796,12.337508863152923,0.09634328946331468,True,False,False
6368,オルガノ,2026-09-15,11695.0,13735.0,15675.0,12096.0,13140.6,280780.0,11525.0,11665.0,11525.0,11575.0,21500.0,-1.0260795211628926,-1.4536126549807626,0.433839479392617,-15.726246814706958,-26.156299840510368,35.421166306695476,14.124499453949756,0.07657240544198304,True,False,False
6369,トーヨーカネツ,2026-09-15,2379.0,2533.0,2540.0,2395.6,2453.84,112180.0,2400.0,2400.0,2382.0,2379.0,91300.0,0.0,0.8827238335435084,-0.8750000000000036,-6.079747335175679,-6.33858267716535,6.767549390500216,0.2763521515988909,0.8138705651631307,False,False,False
6370,栗田工業,2026-09-15,7412.0,8490.0,9212.0,7447.0,7957.24,618060.0,7390.0,7421.0,7379.0,7410.0,55300.0,-0.02698327037237158,-0.2968159740960652,0.27063599458727605,-12.720848056537104,-19.561441597915763,24.318488529014836,8.504122497055366,0.08947351389832703,True,False,False
6371,椿本チエイン,2026-09-15,2669.0,2742.0,2766.0,2659.6,2690.96,190520.0,2700.0,2709.0,2680.0,2669.0,139300.0,0.0,1.161483701760968,-1.1481481481481537,-2.662290299051784,-3.506869125090384,3.634319970026234,0.875273522975939,0.7311568339281965,False,False,False
6376,日機装,2026-09-15,3230.0,4020.0,4530.0,3300.0,3587.2,452380.0,3260.0,3265.0,3235.0,3250.0,21000.0,0.6191950464396356,0.9287925696594534,-0.30674846625766694,-19.15422885572139,-28.2560706401766,39.384615384615394,12.686567164179108,0.04642115036031655,False,False,False
6378,木村化工機,2026-09-15,1163.0,1269.0,1323.0,1165.8,1218.16,310500.0,1157.0,1171.0,1157.0,1168.0,24500.0,0.4299226139294898,-0.5159071367153878,0.9507346585998278,-7.959022852639874,-11.715797430083141,13.270547945205479,4.255319148936176,0.07890499194847021,True,False,False
6379,レイズネクスト,2026-09-15,2919.0,3215.0,3215.0,2935.2,3003.72,213900.0,2940.0,2957.0,2940.0,2945.0,38800.0,0.8907159986296653,0.7194244604316502,0.1700680272108901,-8.398133748055992,-8.398133748055992,9.168081494057724,0.0,0.18139317438055166,True,False,False
6380,オリエンタルチエン工業,2026-09-15,3840.0,4290.0,4290.0,3900.0,3891.0,9720.0,3825.0,3825.0,3815.0,3840.0,19200.0,0.0,-0.390625,0.39215686274509665,-10.48951048951049,-10.48951048951049,11.71875,0.0,1.9753086419753085,True,False,False
6381,アネスト岩田,2026-09-15,1888.0,2020.0,2020.0,1898.2,1945.0,68880.0,1900.0,1905.0,1899.0,1900.0,7800.0,0.6355932203389925,0.6355932203389925,0.0,-5.940594059405946,-5.940594059405946,6.315789473684208,0.0,0.1132404181184669,False,False,False
6382,トリニティ工業,2026-09-15,1224.0,1267.0,1267.0,1220.6,1238.28,9860.0,1230.0,1230.0,1230.0,1224.0,5500.0,0.0,0.4901960784313708,-0.4878048780487809,-3.3938437253354325,-3.3938437253354325,3.5130718954248463,0.0,0.5578093306288032,False,False,False
6383,ダイフク,2026-09-15,5368.0,5984.0,6406.0,5484.0,5808.32,1304600.0,5383.0,5386.0,5354.0,5363.0,75700.0,-0.09314456035767193,0.2794336810730158,-0.37154003343859987,-10.377673796791441,-16.28161098969716,19.44807011001306,7.052139037433158,0.058025448413306764,False,False,False
6384,昭和真空,2026-09-15,1713.0,1734.0,1734.0,1717.2,1691.88,6520.0,1710.0,1720.0,1710.0,1713.0,6500.0,0.0,-0.17513134851138146,0.17543859649122862,-1.211072664359858,-1.211072664359858,1.2259194395796813,0.0,0.9969325153374233,True,False,False
6387,サムコ,2026-09-15,7670.0,9590.0,10950.0,8186.0,8844.4,182920.0,7670.0,7890.0,7650.0,7670.0,479900.0,0.0,0.0,0.0,-20.020855057351405,-29.954337899543383,42.76401564537158,14.181438998957251,2.6235512792477587,False,False,False
6390,加藤製作所,2026-09-15,1338.0,1384.0,1384.0,1325.2,1344.84,43960.0,1334.0,1342.0,1334.0,1338.0,41100.0,0.0,-0.2989536621823663,0.2998500749625155,-3.3236994219653204,-3.3236994219653204,3.4379671150971625,0.0,0.934940855323021,True,False,False
6391,加地テック,2026-09-15,4700.0,4920.0,4940.0,4691.0,4716.8,1620.0,4660.0,4660.0,4660.0,4700.0,800.0,0.0,-0.8510638297872353,0.8583690987124415,-4.471544715447151,-4.858299595141702,5.106382978723412,0.40650406504065817,0.49382716049382713,True,False,False
6393,油研工業,2026-09-15,3025.0,3075.0,3095.0,3043.0,3046.0,1080.0,3020.0,3020.0,3020.0,3025.0,1700.0,0.0,-0.16528925619834212,0.16556291390728006,-1.6260162601625994,-2.2617124394184174,2.3140495867768562,0.6504065040650486,1.5740740740740742,True,False,False
6395,タダノ,2026-09-15,1343.0,1457.0,1522.0,1351.4,1384.04,250540.0,1367.0,1371.0,1357.0,1362.0,16400.0,1.4147431124348575,1.7870439314966458,-0.3657644476956823,-6.520247083047359,-10.512483574244413,11.747430249632895,4.461221688400818,0.06545860940368803,False,False,False
6400,不二精機,2026-09-15,288.0,293.0,297.0,284.8,288.2,20000.0,288.0,288.0,287.0,288.0,15000.0,0.0,0.0,0.0,-1.7064846416382284,-3.0303030303030276,3.125,1.3651877133105783,0.75,False,False,False
6402,兼松エンジニアリング,2026-09-15,1607.0,1648.0,1648.0,1600.4,1600.12,2740.0,1592.0,1592.0,1592.0,1607.0,3900.0,0.0,-0.9334163036714416,0.9422110552763874,-2.487864077669899,-2.487864077669899,2.551337896701922,0.0,1.4233576642335766,True,False,False
6405,鈴茂器工,2026-09-15,1207.0,1255.0,1255.0,1201.4,1196.96,26780.0,1225.0,1225.0,1215.0,1215.0,2300.0,0.6628003314001596,1.4913007456503813,-0.8163265306122436,-3.1872509960159334,-3.1872509960159334,3.292181069958855,0.0,0.08588498879761015,False,False,False
6407,ＣＫＤ,2026-09-15,4975.0,5720.0,6900.0,5098.0,5510.4,515200.0,4950.0,4970.0,4920.0,4950.0,19400.0,-0.5025125628140725,-0.5025125628140725,0.0,-13.461538461538458,-28.260869565217394,39.393939393939405,20.629370629370626,0.03765527950310559,False,False,False
6408,小倉クラッチ,2026-09-15,4245.0,4410.0,4720.0,4257.0,4304.0,460.0,4245.0,4245.0,4245.0,4245.0,800.0,0.0,0.0,0.0,-3.74149659863946,-10.0635593220339,11.189634864546516,7.029478458049887,1.7391304347826086,False,False,False
6412,平和,2026-09-15,2215.0,2257.0,2257.0,2177.4,2198.28,285380.0,2205.0,2228.0,2205.0,2228.0,72400.0,0.586907449209928,-0.4514672686230292,1.04308390022676,-1.2848914488258756,-1.2848914488258756,1.301615798922806,0.0,0.2536968252855841,True,False,False
6413,理想科学工業,2026-09-15,1050.0,1185.0,1185.0,1037.0,1102.56,94460.0,1050.0,1057.0,1050.0,1050.0,50700.0,0.0,0.0,0.0,-11.392405063291145,-11.392405063291145,12.857142857142856,0.0,0.5367351259792504,False,False,False
6417,ＳＡＮＫＹＯ,2026-09-15,2117.5,2143.5,2143.5,2065.8,1988.1,1056400.0,2115.0,2123.0,2110.0,2122.5,52000.0,0.23612750885477762,-0.11806375442738881,0.35460992907800915,-0.9797060881735487,-0.9797060881735487,0.9893992932862083,0.0,0.04922377887163953,True,False,False
6418,日本金銭機械,2026-09-15,1236.0,1285.0,1326.0,1207.6,1236.96,109060.0,1249.0,1260.0,1249.0,1257.0,12500.0,1.6990291262136026,1.0517799352750767,0.6405124099279513,-2.1789883268482524,-5.203619909502266,5.4892601431980825,3.1906614785992327,0.11461580781221346,True,False,False
6419,マースグループホールディングス,2026-09-15,3205.0,3255.0,3255.0,3203.0,3187.4,59920.0,3205.0,3205.0,3200.0,3200.0,5300.0,-0.15600624024960652,0.0,-0.15600624024960652,-1.6897081413210446,-1.6897081413210446,1.7187499999999911,0.0,0.08845126835781042,False,False,False
6420,ガリレイ,2026-09-15,3430.0,3585.0,3615.0,3424.0,3497.8,32340.0,3430.0,3460.0,3430.0,3430.0,33300.0,0.0,0.0,0.0,-4.323570432357037,-5.117565698478566,5.393586005830908,0.8368200836819994,1.0296846011131726,False,False,False
6424,高見沢サイバネティックス,2026-09-15,886.0,906.0,916.0,894.4,897.16,2160.0,880.0,886.0,880.0,886.0,1300.0,0.0,-0.6772009029345383,0.6818181818181834,-2.207505518763797,-3.275109170305679,3.3860045146726803,1.103752759381904,0.6018518518518519,True,False,False
6425,ユニバーサルエンターテインメント,2026-09-15,742.0,765.0,789.0,735.4,734.04,185300.0,747.0,752.0,738.0,741.0,14700.0,-0.13477088948786742,0.6738544474393482,-0.8032128514056214,-3.1372549019607843,-6.083650190114065,6.477732793522262,3.1372549019607954,0.07933081489476525,False,False,False
6428,オーイズミ,2026-09-15,326.0,331.0,332.0,325.0,326.2,7820.0,326.0,326.0,326.0,326.0,3200.0,0.0,0.0,0.0,-1.5105740181268867,-1.8072289156626509,1.8404907975460016,0.30211480362538623,0.4092071611253197,False,False,False
6430,ダイコク電機,2026-09-15,2499.0,2578.0,2578.0,2453.6,2480.56,49900.0,2491.0,2510.0,2491.0,2499.0,42500.0,0.0,-0.3201280512204918,0.32115616218386656,-3.06439100077579,-3.06439100077579,3.161264505802319,0.0,0.8517034068136272,True,False,False
6432,竹内製作所,2026-09-15,7180.0,7810.0,7950.0,7214.0,7467.2,197120.0,7220.0,7310.0,7190.0,7300.0,19700.0,1.671309192200554,0.557103064066844,1.1080332409972193,-6.530089628681179,-8.176100628930815,8.904109589041088,1.7925736235595346,0.09993912337662338,True,False,False
6433,ヒーハイスト,2026-09-15,1169.0,1322.0,1322.0,1162.8,1082.2,164400.0,1169.0,1185.0,1169.0,1169.0,81100.0,0.0,0.0,0.0,-11.57337367624811,-11.57337367624811,13.08810949529513,0.0,0.49330900243309,False,False,False
6436,アマノ,2026-09-15,3902.0,4040.0,4040.0,3874.0,3910.8,186780.0,3902.0,3916.0,3900.0,3902.0,179100.0,0.0,0.0,0.0,-3.415841584158419,-3.415841584158419,3.536647872885701,0.0,0.9588821072920013,False,False,False
6440,ＪＵＫＩ,2026-09-15,723.0,763.0,763.0,714.2,681.24,247620.0,728.0,737.0,727.0,723.0,239000.0,0.0,0.6915629322268302,-0.6868131868131844,-5.242463958060284,-5.242463958060284,5.532503457814664,0.0,0.9651885954284791,False,False,False
6444,サンデン,2026-09-15,177.0,204.0,211.0,178.0,190.96,90520.0,178.0,179.0,178.0,177.0,92900.0,0.0,0.5649717514124353,-0.5617977528089901,-13.235294117647056,-16.113744075829384,19.2090395480226,3.431372549019618,1.0262925320371188,False,False,False
6445,ジャノメ,2026-09-15,1349.0,1464.0,1470.0,1340.8,1401.6,33440.0,1349.0,1355.0,1347.0,1352.0,1500.0,0.2223869532987477,0.0,0.2223869532987477,-7.650273224043714,-8.027210884353742,8.72781065088757,0.4098360655737654,0.04485645933014354,True,False,False
6448,ブラザー工業,2026-09-15,4471.0,5061.0,5061.0,4406.4,4655.88,1213400.0,4526.0,4593.0,4525.0,4551.0,89600.0,1.789308879445306,1.2301498546186451,0.5523641184268735,-10.077059869590988,-10.077059869590988,11.206328279499012,0.0,0.07384209658809955,True,False,False
6454,マックス,2026-09-15,1926.0,1939.0,1963.0,1898.2,1844.48,279380.0,1926.0,1939.0,1914.0,1919.0,26800.0,-0.36344755970924014,0.0,-0.36344755970924014,-1.0314595152140282,-2.241467142129394,2.2928608650338633,1.2377514182568383,0.0959266948242537,False,False,False
6455,モリタホールディングス,2026-09-15,2498.0,2544.0,2544.0,2475.8,2451.64,65580.0,2503.0,2510.0,2483.0,2498.0,73100.0,0.0,0.20016012810248895,-0.19976028765481546,-1.8081761006289332,-1.8081761006289332,1.8414731785428406,0.0,1.1146691064348886,False,False,False
6457,グローリー,2026-09-15,4421.0,4924.0,4985.0,4333.4,4680.2,213680.0,4443.0,4469.0,4442.0,4469.0,5200.0,1.0857272110382343,0.49762497172585185,0.5851901868107134,-9.240454914703488,-10.35105315947844,11.546207205191328,1.238830219333864,0.024335454885810556,True,False,False
6458,新晃工業,2026-09-15,1220.0,1275.0,1275.0,1225.0,1238.0,191760.0,1222.0,1227.0,1220.0,1225.0,6200.0,0.4098360655737654,0.16393442622950616,0.24549918166938411,-3.9215686274509776,-3.9215686274509776,4.081632653061229,0.0,0.032332081768877766,True,False,False
6459,大和冷機工業,2026-09-15,1630.0,1744.0,1854.0,1621.2,1679.84,65780.0,1645.0,1658.0,1645.0,1630.0,54500.0,0.0,0.9202453987730008,-0.911854103343468,-6.5366972477064245,-12.081984897518883,13.742331288343568,6.307339449541294,0.8285193067801764,False,False,False
6460,セガサミーホールディングス,2026-09-15,3322.0,3422.0,3422.0,3234.8,3007.38,1290180.0,3320.0,3340.0,3295.0,3327.0,102300.0,0.1505117399157152,-0.06020469596628164,0.21084337349397408,-2.7761542957334906,-2.7761542957334906,2.8554253080853575,0.0,0.07929126168441612,True,False,False
6463,ＴＰＲ,2026-09-15,1533.0,1653.0,1653.0,1525.2,1563.04,116080.0,1533.0,1547.0,1533.0,1546.0,9200.0,0.8480104370515384,0.0,0.8480104370515384,-6.473079249848757,-6.473079249848757,6.921086675291077,0.0,0.07925568573397657,True,False,False
6464,ツバキ・ナカシマ,2026-09-15,338.0,365.0,401.0,338.6,342.12,273500.0,336.0,342.0,336.0,342.0,19900.0,1.183431952662728,-0.591715976331364,1.7857142857142794,-6.301369863013695,-14.71321695760599,17.251461988304094,9.86301369863014,0.07276051188299817,True,False,False
6465,ホシザキ,2026-09-15,5297.0,5768.0,5818.0,5314.0,5581.8,396680.0,5325.0,5338.0,5303.0,5317.0,21500.0,0.3775722106852841,0.5286010949594022,-0.15023474178403884,-7.8190013869625545,-8.611206600206256,9.422606733120187,0.8668515950069455,0.05419985882827468,False,False,False
6466,ＴＶＥ,2026-09-15,3920.0,4420.0,4565.0,3910.0,3870.4,61460.0,3930.0,3975.0,3925.0,3975.0,2700.0,1.4030612244897878,0.25510204081633514,1.1450381679389388,-10.067873303167419,-12.924424972617743,14.842767295597481,3.28054298642535,0.04393101204035145,True,False,False
6467,ニチダイ,2026-09-15,341.0,355.0,355.0,342.2,343.8,7500.0,341.0,341.0,341.0,341.0,5300.0,0.0,0.0,0.0,-3.9436619718309807,-3.9436619718309807,4.105571847507328,0.0,0.7066666666666667,False,False,False
6469,放電精密加工研究所,2026-09-15,2739.0,3130.0,3250.0,2729.0,2882.4,70960.0,2740.0,2766.0,2736.0,2739.0,62000.0,0.0,0.03650967506390046,-0.036496350364967345,-12.49201277955272,-15.723076923076928,18.656443957648783,3.833865814696491,0.8737316798196166,False,False,False
6470,大豊工業,2026-09-15,1070.0,1193.0,1229.0,1058.8,1126.4,65640.0,1063.0,1070.0,1062.0,1070.0,27900.0,0.0,-0.6542056074766323,0.6585136406396908,-10.31014249790444,-12.937347436940605,14.859813084112151,3.0176026823135027,0.4250457038391225,True,False,False
6471,日本精工,2026-09-15,1045.0,1141.0,1219.5,1048.0,1109.64,2907840.0,1046.5,1060.5,1046.0,1060.5,185600.0,1.483253588516753,0.14354066985646785,1.3377926421404673,-7.055214723926384,-13.038130381303814,14.992927864215,6.879929886064851,0.06382744580169473,True,False,False
6472,ＮＴＮ,2026-09-15,373.7000122070313,400.7999877929688,410.5,371.4,378.1080004882813,3067180.0,378.0,379.6000061035156,377.29998779296875,378.29998779296875,179500.0,1.2309273309279556,1.150652301982391,0.07936184999173257,-5.613772626066627,-7.844095543734775,8.511766652409536,2.4201628000152686,0.058522812485736084,True,False,False
6473,ジェイテクト,2026-09-15,2008.5,2243.5,2243.5,2013.9,2094.0,1293700.0,2006.0,2030.0,2006.0,2025.5,60500.0,0.8464027881503577,-0.12447099825740882,0.9720837487537493,-9.716960106975703,-9.716960106975703,10.762774623549731,0.0,0.046765092370719644,True,False,False
6474,不二越,2026-09-15,5200.0,5950.0,6100.0,5216.0,5535.6,51740.0,5200.0,5250.0,5200.0,5240.0,3200.0,0.7692307692307665,0.0,0.7692307692307665,-11.9327731092437,-14.098360655737707,16.412213740458025,2.5210084033613356,0.061847700038654814,True,False,False
6479,ミネベアミツミ,2026-09-15,3419.0,3494.0,4126.0,3390.2,3442.04,2696020.0,3417.0,3444.0,3407.0,3428.0,93800.0,0.2632348639953097,-0.05849663644340586,0.32191981270119907,-1.8889524899828314,-16.917111003393114,20.36172695449241,18.088151116199192,0.034792026765380075,True,False,False
6480,日本トムソン,2026-09-15,1613.0,1847.0,2135.0,1621.6,1739.68,595720.0,1606.0,1633.0,1602.0,1625.0,56400.0,0.7439553626782391,-0.43397396156230617,1.1830635118306398,-12.01949106659448,-23.887587822014055,31.384615384615387,15.59285327558202,0.0946753508359632,True,False,False
6481,ＴＨＫ,2026-09-15,5918.0,7064.0,7989.0,5968.2,6648.4,1030780.0,5922.0,5950.0,5878.0,5912.0,99800.0,-0.10138560324434165,0.06759040216288703,-0.16886187098953398,-16.30804077010193,-25.99824759043685,35.131935047361296,13.094563986409957,0.09681988397136149,False,False,False
6482,ＹＵＳＨＩＮ,2026-09-15,697.0,749.0,749.0,697.8,721.28,69660.0,697.0,701.0,697.0,697.0,55100.0,0.0,0.0,0.0,-6.942590120160219,-6.942590120160219,7.46054519368724,0.0,0.7909847832328453,False,False,False
6484,ＫＶＫ,2026-09-15,2279.0,2298.0,2550.0,2255.8,2237.52,1860.0,2267.0,2279.0,2240.0,2279.0,2700.0,0.0,-0.5265467310223815,0.5293339214821335,-0.8268059181897325,-10.627450980392162,11.891180342255382,10.966057441253273,1.4516129032258065,True,False,False
6485,前澤給装工業,2026-09-15,1625.0,1716.0,1716.0,1609.4,1655.52,23340.0,1630.0,1635.0,1630.0,1625.0,20000.0,0.0,0.3076923076922977,-0.30674846625766694,-5.303030303030298,-5.303030303030298,5.600000000000005,0.0,0.856898029134533,False,False,False
6486,イーグル工業,2026-09-15,2961.0,3120.0,3120.0,2967.8,3016.48,125700.0,2980.0,2985.0,2966.0,2974.0,6600.0,0.4390408645727817,0.6416751097602091,-0.201342281879191,-4.6794871794871735,-4.6794871794871735,4.90921318090114,0.0,0.05250596658711217,False,False,False
6488,ヨシタケ,2026-09-15,1055.0,1060.0,1084.0,1045.8,1042.44,5460.0,1043.0,1043.0,1043.0,1055.0,2400.0,0.0,-1.1374407582938395,1.1505273250239645,-0.4716981132075526,-2.6752767527675303,2.7488151658767723,2.264150943396226,0.43956043956043955,True,False,False
6490,ＰＩＬＬＡＲ,2026-09-15,9030.0,10380.0,12080.0,9168.0,9796.4,84660.0,9030.0,9090.0,8960.0,9030.0,63600.0,0.0,0.0,0.0,-13.005780346820806,-25.24834437086093,33.776301218161684,16.377649325626198,0.7512402551381998,False,False,False
6492,岡野バルブ製造,2026-09-15,14640.0,16780.0,16780.0,14436.0,14326.0,40360.0,14710.0,15590.0,14710.0,15450.0,3500.0,5.5327868852458995,0.4781420765027411,5.030591434398368,-7.926102502979737,-7.926102502979737,8.608414239482197,0.0,0.0867195242814668,True,False,False
6493,ＮＩＴＴＡＮ,2026-09-15,494.0,520.0,521.0,480.8,501.12,75820.0,494.0,494.0,494.0,494.0,140100.0,0.0,0.0,0.0,-5.000000000000004,-5.182341650671784,5.465587044534415,0.19230769230769162,1.8477974149300975,False,False,False
6494,ＮＦＫホールディングス,2026-09-15,98.0,99.0,104.0,97.4,97.52,113240.0,98.0,99.0,98.0,98.0,255800.0,0.0,0.0,0.0,-1.0101010101010055,-5.769230769230771,6.1224489795918435,5.050505050505061,2.258919109855175,False,False,False
6495,宮入バルブ製作所,2026-09-15,109.0,128.0,141.0,109.8,118.76,433120.0,109.0,109.0,109.0,109.0,367600.0,0.0,0.0,0.0,-14.84375,-22.69503546099291,29.357798165137616,10.15625,0.8487255264130034,False,False,False
6496,中北製作所,2026-09-15,5480.0,5740.0,5820.0,5434.0,5520.8,1840.0,5480.0,5480.0,5480.0,5480.0,2600.0,0.0,0.0,0.0,-4.529616724738672,-5.841924398625431,6.204379562043805,1.3937282229965264,1.4130434782608696,False,False,False
6497,ハマイ,2026-09-15,1449.0,1490.0,1490.0,1457.8,1445.8,8360.0,1509.0,1509.0,1490.0,1490.0,11800.0,2.8295376121463045,4.140786749482395,-1.2591119946984808,0.0,0.0,0.0,0.0,1.4114832535885167,False,False,False
6498,キッツ,2026-09-15,1924.0,2003.0,2458.0,1923.8,1950.56,297920.0,1928.0,1938.0,1928.0,1924.0,203300.0,0.0,0.20790020790020236,-0.20746887966804906,-3.9440838741887196,-21.724979658258746,27.754677754677747,22.71592611083375,0.6823979591836735,False,False,False
6501,日立製作所,2026-09-15,5221.0,5645.0,5830.0,5220.0,5378.04,8631760.0,5263.0,5295.0,5250.0,5290.0,753000.0,1.3215859030837107,0.804443593181392,0.513015390461713,-6.288751107174495,-9.262435677530013,10.207939508506625,3.2772364924712027,0.08723597505027943,True,False,False
6503,三菱電機,2026-09-15,5100.0,5757.0,6265.0,5102.4,5521.4,5748880.0,5115.0,5148.0,5110.0,5139.0,269900.0,0.764705882352934,0.2941176470588225,0.46920821114369016,-10.734757686294948,-17.97286512370311,21.91087760264643,8.824040298766711,0.04694827514228859,True,False,False
6504,富士電機,2026-09-15,12475.0,14405.0,15240.0,12748.0,13648.6,654400.0,12510.0,12600.0,12465.0,12500.0,55800.0,0.2004008016031955,0.2805611222444826,-0.07993605115906854,-13.224574800416523,-17.979002624671914,21.920000000000005,5.796598403332176,0.08526894865525672,False,False,False
6505,東洋電機製造,2026-09-15,2359.0,2475.0,2492.0,2383.2,2411.92,32420.0,2359.0,2359.0,2359.0,2359.0,23300.0,0.0,0.0,0.0,-4.686868686868683,-5.33707865168539,5.637982195845703,0.6868686868686913,0.7186921653300432,False,False,False
6506,安川電機,2026-09-15,4296.0,5092.0,5639.0,4366.2,4818.84,3484880.0,4287.0,4404.0,4279.0,4348.0,403200.0,1.2104283054003684,-0.20949720670391248,1.4229064613949127,-14.611154752553023,-22.894130164922856,29.691812327506906,10.742340926944216,0.11569982323638117,True,False,False
6507,シンフォニアテクノロジー,2026-09-15,11620.0,12700.0,15060.0,11548.0,12243.6,165000.0,11600.0,11740.0,11600.0,11660.0,7900.0,0.344234079173833,-0.1721170395869165,0.5172413793103514,-8.188976377952761,-22.57636122177955,29.15951972555746,18.582677165354333,0.04787878787878788,True,False,False
6508,明電舎,2026-09-15,10400.0,12290.0,12760.0,10526.0,11305.2,218940.0,10310.0,10370.0,10290.0,10340.0,7400.0,-0.5769230769230749,-0.8653846153846123,0.29097963142579175,-15.866558177379986,-18.965517241379317,23.404255319148938,3.824247355573629,0.03379921439663835,True,False,False
6513,オリジン,2026-09-15,1277.0,1314.0,1390.0,1268.6,1258.6,23620.0,1247.0,1247.0,1247.0,1277.0,12500.0,0.0,-2.3492560689115094,2.4057738572574205,-2.815829528158298,-8.1294964028777,8.848864526233369,5.783866057838671,0.529212531752752,True,False,False
6516,山洋電気,2026-09-15,5160.0,5630.0,6190.0,5170.0,5440.0,87660.0,5110.0,5150.0,5110.0,5130.0,5000.0,-0.5813953488372103,-0.9689922480620172,0.391389432485334,-8.880994671403197,-17.12439418416801,20.662768031189096,9.946714031971581,0.05703855806525211,True,False,False
6517,デンヨー,2026-09-15,3915.0,4275.0,4730.0,3978.0,4066.2,38460.0,3945.0,3960.0,3930.0,3945.0,13000.0,0.766283524904221,0.766283524904221,0.0,-7.719298245614037,-16.596194503171247,19.89860583016476,10.643274853801167,0.3380135205408216,False,False,False
6518,三相電機,2026-09-15,1635.0,1857.0,2144.0,1645.0,1761.88,18380.0,1641.0,1641.0,1641.0,1635.0,19800.0,0.0,0.3669724770642091,-0.3656307129798919,-11.954765751211626,-23.740671641791046,31.131498470948003,15.455035002692519,1.0772578890097932,False,False,False
6521,オキサイド,2026-09-15,3075.0,3470.0,3585.0,3121.4,3233.68,134940.0,3080.0,3090.0,3065.0,3075.0,115100.0,0.0,0.1626016260162677,-0.16233766233766378,-11.38328530259366,-14.225941422594147,16.58536585365853,3.3141210374639796,0.8529716911219801,False,False,False
6522,アスタリスク,2026-09-15,1425.0,2567.0,2567.0,1486.4,1843.6,789960.0,1411.0,1421.0,1394.0,1421.0,41800.0,-0.2807017543859702,-0.9824561403508736,0.708717221828481,-44.64355278535255,-44.64355278535255,80.64743138634765,0.0,0.05291407159856195,True,False,False
6523,ＰＨＣホールディングス,2026-09-15,1301.0,1612.0,1612.0,1263.2,1421.8,823980.0,1297.0,1333.0,1297.0,1331.0,55100.0,2.305918524212136,-0.3074558032282848,2.6214340786430146,-17.431761786600497,-17.431761786600497,21.111945905334338,0.0,0.06687055511056093,True,False,False
6524,湖北工業,2026-09-15,4795.0,5290.0,5360.0,4892.0,4850.2,246840.0,4800.0,4845.0,4800.0,4795.0,243900.0,0.0,0.10427528675704956,-0.10416666666667185,-9.357277882797732,-10.541044776119401,11.783107403545356,1.3232514177693666,0.9880894506562956,False,False,False
6525,ＫＯＫＵＳＡＩ　ＥＬＥＣＴＲＩＣ,2026-09-15,8228.0,9445.0,9559.0,8377.2,8564.96,8448780.0,7980.0,8344.0,7972.0,8247.0,696900.0,0.23091881380652435,-3.0140982012639816,3.345864661654141,-12.683959767072528,-13.72528507166022,15.908815326785497,1.2069878242456422,0.08248528189868833,True,False,False
6526,ソシオネクスト,2026-09-15,1893.0,2102.0,2147.0,1866.2,1961.8,5496960.0,1878.5,1882.0,1829.0,1862.0,950300.0,-1.637612255678822,-0.7659799260433142,-0.8783603939313323,-11.41769743101808,-13.27433628318584,15.306122448979597,2.1408182683158916,0.17287737222028177,False,False,False
6532,ベイカレント,2026-09-15,7710.0,8270.0,8270.0,7465.8,7650.2,1090020.0,7633.0,7689.0,7580.0,7654.0,75400.0,-0.7263294422827471,-0.9987029831387773,0.27512118433119515,-7.448609431680775,-7.448609431680775,8.048079435589228,0.0,0.06917304269646428,True,False,False
6533,Ｏｒｃｈｅｓｔｒａ　Ｈｏｌｄｉｎｇｓ,2026-09-15,1149.0,1235.0,1267.0,1128.2,1181.12,16320.0,1150.0,1153.0,1149.0,1149.0,17400.0,0.0,0.08703220191470518,-0.08695652173913437,-6.963562753036435,-9.313338595106547,10.26979982593559,2.5910931174089047,1.0661764705882353,False,False,False
6535,アイモバイル,2026-09-15,503.0,531.0,531.0,498.6,509.72,556440.0,499.0,503.0,499.0,501.0,14100.0,-0.3976143141153132,-0.7952286282306154,0.4008016032064132,-5.649717514124298,-5.649717514124298,5.988023952095811,0.0,0.025339659262454173,True,False,False
6537,ＷＡＳＨハウス,2026-09-15,295.0,308.0,314.0,294.6,297.2,8880.0,295.0,295.0,295.0,295.0,4700.0,0.0,0.0,0.0,-4.2207792207792245,-6.050955414012737,6.440677966101704,1.9480519480519431,0.5292792792792793,False,False,False
6538,ディスラプターズ,2026-09-15,252.0,257.0,281.0,250.6,247.0,35180.0,248.0,252.0,247.0,252.0,30500.0,0.0,-1.5873015873015928,1.6129032258064502,-1.945525291828798,-10.320284697508896,11.507936507936511,9.338521400778198,0.8669698692438885,True,False,False
6539,ＭＳ－Ｊａｐａｎ,2026-09-15,1000.0,1019.0,1019.0,991.8,1003.8,35380.0,997.0,1001.0,996.0,1001.0,2300.0,0.09999999999998899,-0.30000000000000027,0.4012036108324901,-1.7664376840039298,-1.7664376840039298,1.798201798201804,0.0,0.06500847936687394,True,False,False
6540,船場,2026-09-15,1493.0,1569.0,1572.0,1502.2,1530.24,18080.0,1490.0,1502.0,1490.0,1500.0,2100.0,0.46885465505692725,-0.20093770931011168,0.6711409395973256,-4.397705544933084,-4.580152671755721,4.800000000000004,0.19120458891013214,0.1161504424778761,True,False,False
6543,日宣,2026-09-15,1189.0,1450.0,1450.0,1204.0,1223.92,2460.0,1189.0,1190.0,1189.0,1189.0,1600.0,0.0,0.0,0.0,-18.000000000000004,-18.000000000000004,21.95121951219512,0.0,0.6504065040650406,False,False,False
6544,ジャパンエレベーターサービスホールディングス,2026-09-15,1515.0,1599.0,1670.0,1472.3,1514.84,712400.0,1501.5,1520.0,1496.0,1518.0,36900.0,0.1980198019801982,-0.8910891089108919,1.098901098901095,-5.0656660412757955,-9.101796407185624,10.013175230566528,4.4402751719824884,0.05179674340258282,True,False,False
6545,インターネットインフィニティー,2026-09-15,783.0,878.0,907.0,797.4,822.32,5160.0,783.0,788.0,783.0,783.0,19500.0,0.0,0.0,0.0,-10.820045558086555,-13.671444321940463,15.836526181353761,3.302961275626415,3.7790697674418605,False,False,False
6546,フルテック,2026-09-15,1172.0,1224.0,1224.0,1174.4,1155.4,680.0,1176.0,1176.0,1176.0,1172.0,400.0,0.0,0.34129692832765013,-0.3401360544217691,-4.248366013071891,-4.248366013071891,4.436860068259385,0.0,0.5882352941176471,False,False,False
6547,グリーンズ,2026-09-15,2143.0,2229.0,2346.0,2122.0,2107.0,39700.0,2131.0,2165.0,2130.0,2143.0,35700.0,0.0,-0.5599626691553894,0.563115908024403,-3.8582323912068173,-8.653026427962484,9.47270181987867,5.248990578734869,0.8992443324937027,True,False,False
6548,旅工房,2026-09-15,128.0,149.0,149.0,126.0,118.56,386740.0,127.0,129.0,127.0,128.0,50900.0,0.0,-0.78125,0.7874015748031482,-14.093959731543626,-14.093959731543626,16.40625,0.0,0.13161296995397426,True,False,False
6549,ディーエムソリューションズ,2026-09-15,1106.0,1150.0,1255.0,1111.2,1087.68,3360.0,1108.0,1108.0,1108.0,1106.0,4600.0,0.0,0.1808318264014508,-0.18050541516245744,-3.826086956521735,-11.87250996015936,13.471971066907784,9.130434782608688,1.369047619047619,False,False,False
6551,ツナググループ・ホールディングス,2026-09-15,620.0,639.0,639.0,611.0,616.72,17740.0,622.0,622.0,620.0,620.0,3100.0,0.0,0.3225806451612856,-0.3215434083601254,-2.9733959311424085,-2.9733959311424085,3.0645161290322687,0.0,0.17474633596392333,False,False,False
6552,ＧａｍｅＷｉｔｈ,2026-09-15,171.0,179.0,179.0,171.4,174.36,14820.0,171.0,171.0,171.0,171.0,100.0,0.0,0.0,0.0,-4.469273743016755,-4.469273743016755,4.678362573099415,0.0,0.006747638326585695,False,False,False
6554,エスユーエス,2026-09-15,1112.0,1132.0,1132.0,1116.2,1097.8,6820.0,1119.0,1119.0,1116.0,1112.0,11100.0,0.0,0.629496402877705,-0.6255585344057235,-1.7667844522968212,-1.7667844522968212,1.7985611510791477,0.0,1.6275659824046922,False,False,False
6555,ＭＳ＆Ｃｏｎｓｕｌｔｉｎｇ,2026-09-15,428.0,435.0,435.0,428.2,425.48,660.0,428.0,428.0,428.0,428.0,400.0,0.0,0.0,0.0,-1.6091954022988464,-1.6091954022988464,1.6355140186915973,0.0,0.6060606060606061,False,False,False
6557,ＡＩＡＩグループ,2026-09-15,748.0,799.0,799.0,746.6,765.64,15700.0,745.0,745.0,745.0,748.0,5400.0,0.0,-0.40106951871657914,0.402684563758382,-6.382978723404253,-6.382978723404253,6.818181818181812,0.0,0.34394904458598724,True,False,False
6560,エル・ティー・エス,2026-09-15,1800.0,1881.0,1881.0,1782.2,1754.84,20120.0,1800.0,1800.0,1800.0,1800.0,13400.0,0.0,0.0,0.0,-4.30622009569378,-4.30622009569378,4.499999999999993,0.0,0.6660039761431411,False,False,False
6561,ＨＡＮＡＴＯＵＲ　ＪＡＰＡＮ,2026-09-15,814.0,862.0,862.0,816.6,825.16,10700.0,805.0,814.0,805.0,814.0,4700.0,0.0,-1.1056511056511065,1.1180124223602483,-5.56844547563805,-5.56844547563805,5.896805896805901,0.0,0.4392523364485981,True,False,False
6562,ジーニー,2026-09-15,1006.0,1016.0,1110.0,984.0,950.04,33440.0,1009.0,1019.0,1005.0,1006.0,34300.0,0.0,0.29821073558649047,-0.29732408325073845,-0.9842519685039353,-9.369369369369373,10.33797216699801,9.251968503937015,1.0257177033492824,False,False,False
6563,みらいワークス,2026-09-15,466.0,531.0,537.0,462.0,470.68,39600.0,466.0,466.0,466.0,466.0,93500.0,0.0,0.0,0.0,-12.241054613935965,-13.221601489757917,15.23605150214593,1.1299435028248483,2.361111111111111,False,False,False
6564,ミダックホールディングス,2026-09-15,1993.0,2259.0,2332.0,1989.2,2049.36,58280.0,1982.0,1994.0,1973.0,1994.0,1700.0,0.050175614651282174,-0.5519317611640706,0.6054490413723412,-11.73085436033643,-14.49399656946827,16.950852557673013,3.2315183709606066,0.02916952642415923,True,False,False
6566,要興業,2026-09-15,1252.0,1373.0,1428.0,1260.2,1315.24,480.0,1252.0,1296.0,1252.0,1252.0,3000.0,0.0,0.0,0.0,-8.812818645302256,-12.324929971988796,14.057507987220452,4.005826656955569,6.25,False,False,False
6568,神戸天然物化学,2026-09-15,1229.0,1277.0,1310.0,1240.8,1246.84,3840.0,1229.0,1229.0,1229.0,1229.0,7500.0,0.0,0.0,0.0,-3.758809710258415,-6.183206106870232,6.590724165988604,2.584181675802655,1.953125,False,False,False
6570,共和コーポレーション,2026-09-15,3425.0,4465.0,4465.0,3438.0,3672.0,64660.0,3425.0,3425.0,3425.0,3425.0,38800.0,0.0,0.0,0.0,-23.292273236282192,-23.292273236282192,30.364963503649633,0.0,0.6000618620476338,False,False,False
6571,キュービーネットホールディングス,2026-09-15,1276.0,1349.0,1349.0,1266.8,1297.76,41460.0,1278.0,1285.0,1276.0,1276.0,39400.0,0.0,0.15673981191222097,-0.15649452269170805,-5.411415863602665,-5.411415863602665,5.721003134796243,0.0,0.9503135552339604,False,False,False
6572,オープングループ,2026-09-15,267.0,302.0,302.0,265.4,269.84,113340.0,267.0,267.0,266.0,267.0,111000.0,0.0,0.0,0.0,-11.589403973509938,-11.589403973509938,13.108614232209748,0.0,0.9793541556379036,False,False,False
6573,ＣＲＡＶＩＡ,2026-09-15,28.0,31.0,31.0,27.2,28.08,384700.0,28.0,28.0,28.0,28.0,236800.0,0.0,0.0,0.0,-9.677419354838712,-9.677419354838712,10.71428571428572,0.0,0.6155445801923577,False,False,False
6574,コンヴァノ,2026-09-15,114.0,140.0,140.0,112.6,113.92,582260.0,117.0,117.0,116.0,114.0,419200.0,0.0,2.6315789473684292,-2.564102564102566,-18.571428571428573,-18.571428571428573,22.807017543859654,0.0,0.7199532854738433,False,False,False
6577,ベストワンドットコム,2026-09-15,1393.0,2080.0,2080.0,1548.2,1861.44,43740.0,1398.0,1398.0,1398.0,1393.0,13600.0,0.0,0.3589375448671994,-0.3576537911301858,-33.02884615384616,-33.02884615384616,49.31801866475234,0.0,0.31092821216278005,False,False,False
6578,コレックホールディングス,2026-09-15,458.0,510.0,510.0,461.2,484.64,3660.0,455.0,455.0,455.0,458.0,2800.0,0.0,-0.6550218340611313,0.659340659340657,-10.196078431372547,-10.196078431372547,11.353711790393017,0.0,0.7650273224043715,True,False,False
6579,ログリー,2026-09-15,352.0,359.0,370.0,353.0,351.96,1020.0,351.0,352.0,351.0,352.0,500.0,0.0,-0.28409090909090606,0.2849002849002913,-1.9498607242339872,-4.86486486486486,5.1136363636363535,3.064066852367686,0.49019607843137253,True,False,False
6580,ライトアップ,2026-09-15,865.0,1019.0,1019.0,861.6,878.44,16520.0,864.0,864.0,858.0,865.0,8300.0,0.0,-0.11560693641619046,0.11574074074074403,-15.11285574092247,-15.11285574092247,17.80346820809249,0.0,0.5024213075060533,True,False,False
6584,三櫻工業,2026-09-15,766.0,830.0,885.0,771.2,790.96,254320.0,766.0,771.0,766.0,766.0,317000.0,0.0,0.0,0.0,-7.710843373493981,-13.446327683615822,15.535248041775462,6.626506024096379,1.246461151305442,False,False,False
6586,マキタ,2026-09-15,5252.0,5382.0,5522.0,5229.2,5285.36,654680.0,5280.0,5311.0,5252.0,5306.0,78700.0,1.0281797410510274,0.5331302361005319,0.49242424242423866,-1.4121144555927168,-3.911626222383191,4.070863173765549,2.6012634708286964,0.12021140098979655,True,False,False
6588,東芝テック,2026-09-15,2854.0,3210.0,3450.0,2807.4,3022.44,128880.0,2857.0,2900.0,2857.0,2891.0,7500.0,1.296426068675549,0.10511562718991119,1.1900595029751493,-9.937694704049848,-16.202898550724644,19.335869941196826,7.476635514018692,0.05819366852886406,True,False,False
6590,芝浦メカトロニクス,2026-09-15,3700.0,4225.0,5330.0,3804.0,4054.4,1037800.0,3630.0,3660.0,3625.0,3625.0,40900.0,-2.0270270270270285,-1.8918918918918948,-0.13774104683195176,-14.201183431952657,-31.988742964352724,47.0344827586207,26.15384615384615,0.039410291000192714,False,False,False
6592,マブチモーター,2026-09-15,1656.5,1795.5,1824.5,1664.3,1729.78,980060.0,1674.5,1684.0,1671.5,1682.0,68400.0,1.5393902807123494,1.0866284334440035,0.44789489399821303,-6.3213589529379055,-7.810359002466427,8.472057074910811,1.6151489835700472,0.06979164540946473,True,False,False
6594,ニデック,2026-09-15,2642.0,2812.0,2847.0,2663.2,2654.24,3455420.0,2642.0,2642.0,2615.0,2620.0,189500.0,-0.832702498107496,0.0,-0.832702498107496,-6.827880512091033,-7.973305233579209,8.664122137404572,1.2446657183499354,0.054841379629683225,False,False,False
6597,ＨＰＣシステムズ,2026-09-15,3540.0,3895.0,3895.0,3507.0,3524.4,40340.0,3610.0,3620.0,3560.0,3590.0,5800.0,1.412429378531077,1.9774011299435124,-0.5540166204986097,-7.830551989730427,-7.830551989730427,8.495821727019504,0.0,0.14377788795240456,False,False,False
6599,エブレン,2026-09-15,3850.0,3960.0,3960.0,3795.0,3504.2,3940.0,3880.0,3910.0,3880.0,3850.0,5300.0,0.0,0.7792207792207684,-0.773195876288657,-2.777777777777779,-2.777777777777779,2.857142857142847,0.0,1.3451776649746192,False,False,False
6612,バルミューダ,2026-09-15,589.0,624.0,640.0,591.8,602.2,3220.0,595.0,595.0,591.0,589.0,1900.0,0.0,1.018675721561979,-1.0084033613445342,-5.608974358974361,-7.968750000000002,8.658743633276744,2.564102564102555,0.5900621118012422,False,False,False
6613,ＱＤレーザ,2026-09-15,1995.0,2551.0,2551.0,1963.2,2046.4,1441840.0,2021.0,2024.0,1991.0,1995.0,86500.0,0.0,1.3032581453634062,-1.28649183572489,-21.795374362994902,-21.795374362994902,27.869674185463666,0.0,0.05999278699439605,False,False,False
6614,シキノハイテック,2026-09-15,869.0,914.0,935.0,868.6,869.2,6720.0,870.0,870.0,870.0,869.0,3800.0,0.0,0.11507479861909697,-0.11494252873562871,-4.92341356673961,-7.058823529411762,7.594936708860756,2.297592997811826,0.5654761904761905,False,False,False
6615,ユー・エム・シー・エレクトロニクス,2026-09-15,240.0,254.0,254.0,239.4,238.44,35080.0,238.0,241.0,238.0,240.0,41900.0,0.0,-0.8333333333333304,0.8403361344537785,-5.511811023622048,-5.511811023622048,5.833333333333335,0.0,1.1944127708095782,True,False,False
6616,トレックス・セミコンダクター,2026-09-15,1781.0,2030.0,2219.0,1811.6,1940.0,66120.0,1760.0,1784.0,1760.0,1781.0,59900.0,0.0,-1.179112857944975,1.193181818181821,-12.266009852216753,-19.73862100045065,24.59292532285233,9.310344827586214,0.9059286146400484,True,False,False
6617,東光高岳,2026-09-15,6560.0,7550.0,8590.0,6616.0,7058.8,68320.0,6590.0,6600.0,6560.0,6560.0,55300.0,0.0,0.45731707317073766,-0.4552352048558417,-13.11258278145695,-23.63213038416764,30.945121951219523,13.774834437086092,0.8094262295081968,False,False,False
6619,ダブル・スコープ,2026-09-15,139.0,175.0,175.0,151.4,156.76,2498900.0,139.0,142.0,138.0,141.0,994400.0,1.4388489208633004,0.0,1.4388489208633004,-19.428571428571427,-19.428571428571427,24.113475177304956,0.0,0.3979350914402337,True,False,False
6620,宮越ホールディングス,2026-09-15,684.0,736.0,736.0,683.4,703.72,36060.0,677.0,677.0,676.0,684.0,28400.0,0.0,-1.0233918128654929,1.0339734121122657,-7.065217391304346,-7.065217391304346,7.602339181286544,0.0,0.7875762617859123,True,False,False
6622,ダイヘン,2026-09-15,11830.0,13520.0,15660.0,12052.0,12868.8,165380.0,11830.0,11870.0,11710.0,11760.0,10600.0,-0.591715976331364,0.0,-0.591715976331364,-13.017751479289942,-24.904214559386972,33.163265306122454,15.828402366863914,0.06409481194824042,False,False,False
6625,ＪＡＬＣＯホールディングス,2026-09-15,366.0,399.0,399.0,370.6,378.4,149180.0,367.0,368.0,366.0,366.0,35700.0,0.0,0.2732240437158362,-0.27247956403270157,-8.270676691729328,-8.270676691729328,9.016393442622949,0.0,0.23930821825982035,False,False,False
6626,ＳＥＭＩＴＥＣ,2026-09-15,2377.0,2490.0,2490.0,2351.0,2263.64,12240.0,2379.0,2388.0,2379.0,2377.0,9700.0,0.0,0.08413967185527671,-0.08406893652794789,-4.53815261044177,-4.53815261044177,4.753891459823301,0.0,0.7924836601307189,False,False,False
6627,テラプローブ,2026-09-15,10120.0,11790.0,13280.0,10616.0,10983.2,94900.0,10010.0,10140.0,9970.0,10120.0,121300.0,0.0,-1.0869565217391353,1.098901098901095,-14.164546225614927,-23.795180722891562,31.225296442687743,12.637828668363028,1.2781875658587987,True,False,False
6629,テクノホライゾン,2026-09-15,966.0,1027.0,1038.0,967.4,980.12,121420.0,965.0,970.0,965.0,966.0,84200.0,0.0,-0.10351966873706209,0.10362694300518616,-5.939629990262906,-6.936416184971095,7.453416149068315,1.07108081791627,0.6934607148739911,True,False,False
6630,ヤーマン,2026-09-15,784.0,844.0,844.0,786.8,797.12,62800.0,785.0,788.0,785.0,784.0,73100.0,0.0,0.12755102040815647,-0.1273885350318471,-7.109004739336489,-7.109004739336489,7.653061224489788,0.0,1.164012738853503,False,False,False
6632,ＪＶＣケンウッド,2026-09-15,985.7999877929688,1060.0,1075.0,976.0799926757812,1008.047998046875,1414800.0,996.2999877929688,999.7000122070312,992.4000244140625,999.5999755859375,87200.0,1.3998770505023517,1.0651247849482681,0.33122431329934976,-5.698115510760616,-7.0139557594476765,7.543019833495412,1.4150943396226356,0.061634153237206675,True,False,False
6633,ＣＧＳホールディングス,2026-09-15,318.0,324.0,330.0,316.6,318.52,5080.0,317.0,317.0,316.0,318.0,9600.0,0.0,-0.3144654088050314,0.3154574132492094,-1.851851851851849,-3.6363636363636376,3.7735849056603765,1.85185185185186,1.889763779527559,True,False,False
6634,ＪＮグループ,2026-09-15,71.0,84.0,84.0,71.4,71.4,389120.0,70.0,70.0,70.0,71.0,81000.0,0.0,-1.4084507042253502,1.4285714285714235,-15.476190476190476,-15.476190476190476,18.309859154929576,0.0,0.20816200657894737,True,False,False
6635,大日光・エンジニアリング,2026-09-15,675.0,682.0,768.0,664.4,662.72,31260.0,668.0,682.0,668.0,675.0,33500.0,0.0,-1.0370370370370363,1.0479041916167775,-1.026392961876832,-12.109375,13.777777777777779,12.609970674486814,1.071657069737684,True,False,False
6637,寺崎電気産業,2026-09-15,4115.0,4485.0,4485.0,4172.0,4241.2,23520.0,4095.0,4150.0,4075.0,4115.0,22400.0,0.0,-0.4860267314702349,0.48840048840048667,-8.249721293199553,-8.249721293199553,8.991494532199273,0.0,0.9523809523809523,True,False,False
6638,ミマキエンジニアリング,2026-09-15,1955.0,2068.0,2266.0,1936.4,1939.28,176800.0,1950.0,1968.0,1928.0,1959.0,5500.0,0.2046035805626678,-0.2557544757033292,0.4615384615384688,-5.270793036750487,-13.54810238305384,15.671260847371116,9.57446808510638,0.031108597285067874,True,False,False
6643,戸上電機製作所,2026-09-15,5390.0,5960.0,6220.0,5480.0,5680.8,3720.0,5410.0,5410.0,5410.0,5390.0,4200.0,0.0,0.37105751391466324,-0.3696857670979714,-9.563758389261745,-13.344051446945338,15.398886827458247,4.36241610738255,1.1290322580645162,False,False,False
6644,大崎電気工業,2026-09-15,1453.0,1580.0,1623.0,1448.0,1509.24,303840.0,1465.0,1474.0,1464.0,1470.0,74100.0,1.169993117687551,0.8258774948382674,0.34129692832765013,-6.9620253164556996,-9.42698706099815,10.408163265306115,2.7215189873417645,0.24387835703001579,True,False,False
6645,オムロン,2026-09-15,5909.0,6738.0,7245.0,5994.6,6415.48,1196160.0,5938.0,6007.0,5920.0,5983.0,98500.0,1.252326958876293,0.4907767811812569,0.7578309195015231,-11.205105372514101,-17.41890959282264,21.093097108474,7.52448797862868,0.0823468432316747,True,False,False
6647,森尾電機,2026-09-15,3550.0,3875.0,3875.0,3555.0,3405.0,1180.0,3600.0,3600.0,3600.0,3550.0,600.0,0.0,1.4084507042253502,-1.388888888888884,-8.387096774193548,-8.387096774193548,9.154929577464799,0.0,0.5084745762711864,False,False,False
6648,かわでん,2026-09-15,1624.0,1760.0,2014.0,1631.4,1683.92,27600.0,1624.0,1645.0,1624.0,1624.0,36600.0,0.0,0.0,0.0,-7.727272727272727,-19.36444885799404,24.014778325123153,14.43181818181818,1.326086956521739,False,False,False
6651,日東工業,2026-09-15,4320.0,4475.0,4740.0,4336.0,4391.0,66160.0,4345.0,4370.0,4315.0,4370.0,4800.0,1.157407407407418,0.578703703703698,0.5753739930955071,-2.346368715083802,-7.805907172995785,8.46681922196797,5.921787709497206,0.07255139056831923,True,False,False
6652,ＩＤＥＣ,2026-09-15,3585.0,3785.0,3975.0,3570.0,3652.4,76740.0,3655.0,3680.0,3655.0,3585.0,68500.0,0.0,1.9525801952580135,-1.9151846785225746,-5.284015852047553,-9.811320754716979,10.878661087866103,5.019815059445176,0.892624446181913,False,False,False
6653,正興電機製作所,2026-09-15,2061.0,2291.0,2446.0,2070.4,2166.64,86960.0,2055.0,2065.0,2055.0,2061.0,70800.0,0.0,-0.29112081513827937,0.29197080291971655,-10.03928415539066,-15.73998364677024,18.680252304706446,6.76560453950239,0.8141674333026679,True,False,False
6654,不二電機工業,2026-09-15,1075.0,1117.0,1117.0,1074.4,1086.84,4260.0,1074.0,1074.0,1074.0,1075.0,2200.0,0.0,-0.09302325581395099,0.09310986964619072,-3.76007162041182,-3.76007162041182,3.9069767441860526,0.0,0.5164319248826291,True,False,False
6656,インスペック,2026-09-15,746.0,860.0,1033.0,782.6,825.2,44900.0,753.0,753.0,752.0,746.0,36800.0,0.0,0.9383378016085686,-0.9296148738379806,-13.25581395348837,-27.78315585672798,38.47184986595173,20.11627906976745,0.8195991091314031,False,False,False
6658,シライ電子工業,2026-09-15,453.0,464.0,466.0,447.8,451.72,32380.0,453.0,455.0,452.0,453.0,27700.0,0.0,0.0,0.0,-2.370689655172409,-2.7896995708154515,2.8697571743929284,0.4310344827586299,0.8554663372452131,False,False,False
6659,メディアリンクス,2026-09-15,46.0,55.0,55.0,48.2,49.28,3865800.0,46.0,47.0,46.0,47.0,1925900.0,2.1739130434782705,0.0,2.1739130434782705,-14.54545454545455,-14.54545454545455,17.021276595744684,0.0,0.49818924931450154,True,False,False
6662,ユビテック,2026-09-15,223.0,241.0,241.0,225.0,225.76,15900.0,223.0,223.0,223.0,223.0,41100.0,0.0,0.0,0.0,-7.468879668049788,-7.468879668049788,8.071748878923767,0.0,2.5849056603773586,False,False,False
6663,太洋テクノレックス,2026-09-15,305.0,324.0,335.0,306.8,310.2,17280.0,307.0,307.0,307.0,305.0,12800.0,0.0,0.6557377049180246,-0.6514657980456029,-5.864197530864201,-8.955223880597018,9.836065573770503,3.3950617283950546,0.7407407407407407,False,False,False
6664,オプトエレクトロニクス,2026-09-15,265.0,267.0,267.0,264.6,252.56,5460.0,266.0,266.0,265.0,265.0,2300.0,0.0,0.37735849056603765,-0.3759398496240629,-0.7490636704119868,-0.7490636704119868,0.7547169811320753,0.0,0.42124542124542125,False,False,False
6666,リバーエレテック,2026-09-15,797.0,843.0,888.0,801.2,798.32,51060.0,798.0,815.0,798.0,797.0,51300.0,0.0,0.12547051442910462,-0.12531328320801727,-5.456702253855283,-10.247747747747749,11.417816813048942,5.3380782918149405,1.0047003525264395,False,False,False
6668,アドテック　プラズマ　テクノロジー,2026-09-15,3780.0,4330.0,4330.0,3875.0,3856.0,99140.0,3740.0,3740.0,3710.0,3780.0,135600.0,0.0,-1.0582010582010581,1.0695187165775444,-12.702078521939953,-12.702078521939953,14.550264550264558,0.0,1.3677627597337099,True,False,False
6674,ジーエス・ユアサ　コーポレーション,2026-09-15,5227.0,5483.0,6314.0,5131.0,5268.12,835260.0,5247.0,5326.0,5230.0,5320.0,73300.0,1.7792232638224492,0.3826286588865413,1.3912712025919483,-2.9728250957504976,-15.742793791574282,18.68421052631579,15.155936531096126,0.08775710557191772,True,False,False
6675,サクサ,2026-09-15,2165.0,2217.0,2217.0,2126.0,2159.76,29440.0,2172.0,2185.0,2171.0,2165.0,30500.0,0.0,0.32332563510393264,-0.32228360957642366,-2.345511953089763,-2.345511953089763,2.4018475750577473,0.0,1.0360054347826086,False,False,False
6676,ＢＵＦＦＡＬＯ,2026-09-15,3140.0,3220.0,3220.0,3076.0,2996.44,44700.0,3150.0,3190.0,3150.0,3190.0,8000.0,1.5923566878981,0.31847133757962887,1.2698412698412653,-0.9316770186335366,-0.9316770186335366,0.940438871473348,0.0,0.1789709172259508,True,False,False
6677,エスケーエレクトロニクス,2026-09-15,3200.0,3320.0,3850.0,3193.0,3246.4,80000.0,3225.0,3230.0,3220.0,3200.0,44900.0,0.0,0.78125,-0.7751937984496138,-3.6144578313253017,-16.883116883116877,20.3125,15.963855421686745,0.56125,False,False,False
6678,テクノメディカ,2026-09-15,2057.0,2135.0,2199.0,2035.4,2075.76,9200.0,2057.0,2057.0,2057.0,2057.0,12100.0,0.0,0.0,0.0,-3.653395784543323,-6.4574806730332,6.903257170636845,2.997658079625287,1.315217391304348,False,False,False
6694,ズーム,2026-09-15,847.0,863.0,863.0,839.2,750.88,15040.0,831.0,847.0,828.0,847.0,3200.0,0.0,-1.8890200708382543,1.9253910950661757,-1.8539976825028948,-1.8539976825028948,1.8890200708382432,0.0,0.2127659574468085,True,False,False
6696,トラース・オン・プロダクト,2026-09-15,313.0,337.0,337.0,313.8,314.84,66560.0,313.0,313.0,313.0,313.0,13900.0,0.0,0.0,0.0,-7.121661721068251,-7.121661721068251,7.667731629392982,0.0,0.2088341346153846,False,False,False
6699,ダイヤモンドエレクトリックホールディングス,2026-09-15,497.0,535.0,535.0,495.2,514.64,69700.0,495.0,498.0,495.0,498.0,7400.0,0.2012072434607548,-0.4024144869215318,0.60606060606061,-6.9158878504672945,-6.9158878504672945,7.429718875502012,0.0,0.10616929698708752,True,False,False
6701,日本電気,2026-09-15,4795.0,5054.0,5169.0,4654.0,4757.88,6372940.0,4807.0,4817.0,4763.0,4816.0,365900.0,0.43795620437956373,0.25026068821689673,0.18722696068234068,-4.709141274238227,-6.829173921454823,7.329734219269102,2.2754254056193135,0.05741463123770191,True,False,False
6702,富士通,2026-09-15,3945.0,4075.0,4075.0,3850.6,3781.0,8815820.0,3987.0,3987.0,3927.0,3955.0,602100.0,0.25348542458809575,1.0646387832699666,-0.802608477552047,-2.944785276073625,-2.944785276073625,3.034134007585343,0.0,0.06829767395432303,False,False,False
6703,沖電気工業,2026-09-15,2601.0,2915.0,3055.0,2613.6,2756.76,507280.0,2632.0,2693.0,2632.0,2678.0,48200.0,2.960399846212991,1.1918492887351029,1.747720364741645,-8.130360205831899,-12.340425531914889,14.077669902912614,4.80274442538593,0.09501655890238132,True,False,False
6706,電気興業,2026-09-15,3275.0,3370.0,3530.0,3270.0,3315.6,27340.0,3265.0,3305.0,3265.0,3275.0,22100.0,0.0,-0.3053435114503844,0.3062787136294043,-2.8189910979228516,-7.223796033994335,7.78625954198473,4.747774480712175,0.8083394294074616,True,False,False
6707,サンケン電気,2026-09-15,6646.0,7733.0,9100.0,6685.8,7359.56,118040.0,6647.0,6675.0,6500.0,6520.0,8200.0,-1.8958772193800821,0.015046644598259995,-1.9106363773130686,-15.686020949178847,-28.35164835164835,39.570552147239255,17.67748609853872,0.06946797695696375,False,False,False
6718,アイホン,2026-09-15,2832.0,2907.0,2907.0,2820.0,2849.64,21580.0,2840.0,2849.0,2840.0,2841.0,1500.0,0.3177966101694851,0.28248587570620654,0.03521126760563931,-2.270381836945301,-2.270381836945301,2.323125659978875,0.0,0.06950880444856349,True,False,False
6721,ウインテスト,2026-09-15,77.0,78.0,82.0,73.6,73.44,302080.0,76.0,76.0,75.0,75.0,58200.0,-2.5974025974025983,-1.2987012987012991,-1.3157894736842146,-3.8461538461538436,-8.536585365853655,9.333333333333327,5.128205128205132,0.19266419491525424,False,False,False
6723,ルネサスエレクトロニクス,2026-09-15,3155.0,3626.0,4053.0,3231.6,3426.88,8879800.0,3225.0,3228.0,3160.0,3163.0,808500.0,0.25356576862123337,2.2187004754358197,-1.9224806201550426,-12.768891340319911,-21.959042684431285,28.137843819159023,11.776061776061786,0.09104934795828735,False,False,False
6724,セイコーエプソン,2026-09-15,3096.0,3332.0,3332.0,3054.4,3122.92,1543840.0,3120.0,3169.0,3100.0,3153.0,88000.0,1.8410852713178327,0.7751937984496138,1.057692307692304,-5.372148859543813,-5.372148859543813,5.677132889311776,0.0,0.05700072546377863,True,False,False
6727,ワコム,2026-09-15,826.0,863.0,863.0,804.8,814.84,486140.0,833.0,846.0,830.0,846.0,38100.0,2.421307506053272,0.8474576271186418,1.5606242496998712,-1.969872537659323,-1.969872537659323,2.009456264775422,0.0,0.07837248529230263,True,False,False
6728,アルバック,2026-09-15,6942.0,7756.0,9750.0,6960.4,7587.2,444000.0,6917.0,6922.0,6875.0,6890.0,34900.0,-0.7490636704119868,-0.36012676462114923,-0.3903426340899241,-11.165549252191854,-29.333333333333332,41.50943396226414,25.709128416709646,0.0786036036036036,False,False,False
6730,アクセル,2026-09-15,1172.0,1474.0,1474.0,1134.2,1168.64,131060.0,1172.0,1175.0,1166.0,1172.0,84500.0,0.0,0.0,0.0,-20.48846675712347,-20.48846675712347,25.767918088737197,0.0,0.6447428658629635,False,False,False
6731,ピクセラ,2026-09-15,100.0,110.0,115.0,102.6,106.56,87000.0,100.0,100.0,100.0,100.0,80000.0,0.0,0.0,0.0,-9.090909090909093,-13.043478260869568,14.999999999999991,4.545454545454541,0.9195402298850575,False,False,False
6736,サン電子,2026-09-15,10130.0,10390.0,11350.0,9724.0,8759.2,36560.0,10130.0,10130.0,10120.0,10120.0,800.0,-0.09871668311944859,0.0,-0.09871668311944859,-2.5986525505293567,-10.837004405286343,12.154150197628466,9.239653512993273,0.02188183807439825,False,False,False
6737,ＥＩＺＯ,2026-09-15,3095.0,3215.0,3215.0,3035.6,3048.6,184980.0,3110.0,3145.0,3110.0,3135.0,24100.0,1.292407108239102,0.4846526655896577,0.8038585209003246,-2.488335925349927,-2.488335925349927,2.551834130781505,0.0,0.13028435506541247,True,False,False
6740,ジャパンディスプレイ,2026-09-15,46.0,51.0,51.0,46.4,47.44,5087200.0,46.0,47.0,46.0,47.0,563900.0,2.1739130434782705,0.0,2.1739130434782705,-7.843137254901967,-7.843137254901967,8.51063829787233,0.0,0.11084683126277717,True,False,False
6741,日本信号,2026-09-15,1771.0,1893.0,1910.0,1760.8,1814.92,121320.0,1781.0,1800.0,1778.0,1799.0,11200.0,1.5810276679841806,0.5646527385657851,1.0106681639528325,-4.96566296883254,-5.811518324607334,6.170094496942746,0.8980454305335339,0.0923178371249588,True,False,False
6742,京三製作所,2026-09-15,1011.0,1065.0,1100.0,1008.8,1020.32,278980.0,1020.0,1034.0,1018.0,1028.0,32200.0,1.6815034619188873,0.8902077151335286,0.7843137254901933,-3.4741784037558676,-6.545454545454543,7.003891050583655,3.2863849765258246,0.11542046024804646,True,False,False
6743,大同信号,2026-09-15,1040.0,1082.0,1126.0,1018.6,1043.96,21220.0,1033.0,1042.0,1033.0,1042.0,1200.0,0.19230769230769162,-0.6730769230769207,0.871248789932233,-3.6968576709796697,-7.46003552397868,8.061420345489445,4.066543438077641,0.05655042412818096,True,False,False
6744,能美防災,2026-09-15,4015.0,4415.0,4765.0,4007.0,4245.0,75120.0,4035.0,4045.0,4035.0,4015.0,57200.0,0.0,0.49813200498132204,-0.495662949194553,-9.06002265005662,-15.739769150052464,18.67995018679951,7.9275198187995555,0.7614483493077743,False,False,False
6745,ホーチキ,2026-09-15,1866.0,2056.0,2193.0,1868.4,1964.64,142200.0,1888.0,1899.0,1885.0,1889.0,8000.0,1.2325830653804992,1.1789924973204746,0.05296610169491789,-8.122568093385219,-13.862289101687185,16.09317098994176,6.663424124513617,0.05625879043600562,True,False,False
6748,星和電機,2026-09-15,754.0,796.0,809.0,758.0,780.16,14380.0,750.0,750.0,750.0,754.0,6900.0,0.0,-0.5305039787798393,0.5333333333333412,-5.276381909547734,-6.79851668726823,7.294429708222805,1.6331658291457218,0.47983310152990266,True,False,False
6750,エレコム,2026-09-15,2004.0,2064.0,2064.0,1976.6,1972.68,158480.0,2020.0,2036.0,2020.0,2031.0,22000.0,1.3473053892215647,0.7984031936127733,0.544554455445545,-1.5988372093023284,-1.5988372093023284,1.6248153618906969,0.0,0.13881877839475013,True,False,False
6752,パナソニック　ホールディングス,2026-09-15,4205.0,4530.0,4982.0,4208.0,4371.68,7638180.0,4275.0,4325.0,4243.0,4297.0,708300.0,2.187871581450662,1.6646848989298357,0.5146198830409343,-5.1434878587196415,-13.74949819349659,15.941354433325582,9.977924944812354,0.0927315145754617,True,False,False
6753,シャープ,2026-09-15,670.7999877929688,700.7000122070312,700.7000122070312,667.2199951171875,647.1880004882812,5526540.0,680.0,684.5,674.0,674.2999877929688,417000.0,0.5217650661437201,1.3714985650641776,-0.8382370892693003,-3.767664329119813,-3.767664329119813,3.9151749802742275,0.0,0.07545408157726172,False,False,False
6754,アンリツ,2026-09-15,3115.0,3474.0,3873.0,3148.2,3344.52,975420.0,3103.0,3111.0,3088.0,3100.0,41300.0,-0.48154093097912964,-0.3852327447833037,-0.09668063164679497,-10.765687967760506,-19.95868835528014,24.935483870967733,11.48531951640759,0.0423407352730106,False,False,False
6757,ＯＳＧコーポレーション,2026-09-15,889.0,897.0,897.0,883.0,882.28,4380.0,893.0,893.0,882.0,889.0,6900.0,0.0,0.4499437570303799,-0.4479283314669624,-0.8918617614269819,-0.8918617614269819,0.8998875140607376,0.0,1.5753424657534247,False,False,False
6758,ソニーグループ,2026-09-15,3725.0,4070.0,4070.0,3682.0,3803.48,13750660.0,3766.0,3782.0,3736.0,3769.0,1605000.0,1.181208053691285,1.1006711409395908,0.07966011683484542,-7.395577395577391,-7.395577395577391,7.986203236932865,0.0,0.11672167008710854,True,False,False
6762,ＴＤＫ,2026-09-15,2833.5,3135.0,3300.0,2824.3,2998.76,9583000.0,2842.5,2849.0,2813.0,2834.5,696700.0,0.03529204164460786,0.317628374801493,-0.28144239226033374,-9.585326953748009,-14.10606060606061,16.42264949726584,5.263157894736836,0.07270165918814568,False,False,False
6763,帝国通信工業,2026-09-15,2768.0,2951.0,3040.0,2743.4,2850.12,10420.0,2768.0,2768.0,2768.0,2768.0,8600.0,0.0,0.0,0.0,-6.201287699085056,-8.947368421052627,9.826589595375722,3.015926804473068,0.8253358925143954,False,False,False
6768,タムラ製作所,2026-09-15,806.0,862.0,887.0,798.6,791.8,803300.0,801.0,812.0,799.0,810.0,27500.0,0.496277915632759,-0.6203473945409432,1.1235955056179803,-6.032482598607891,-8.680947012401353,9.506172839506167,2.9002320185614883,0.03423378563425868,True,False,False
6769,ザインエレクトロニクス,2026-09-15,1113.0,1273.0,1273.0,1131.4,1127.8,50920.0,1120.0,1120.0,1116.0,1113.0,39400.0,0.0,0.6289308176100628,-0.6249999999999978,-12.568735271013354,-12.568735271013354,14.375561545372872,0.0,0.7737627651217597,False,False,False
6770,アルプスアルパイン,2026-09-15,2212.5,2347.5,2347.5,2190.4,2207.6,1621820.0,2234.0,2244.0,2227.0,2238.5,101600.0,1.1751412429378494,0.971751412429378,0.20143240823635722,-4.643237486687967,-4.643237486687967,4.869332142059424,0.0,0.06264566967974251,True,False,False
6771,池上通信機,2026-09-15,661.0,691.0,691.0,663.6,672.48,5740.0,654.0,654.0,654.0,661.0,3900.0,0.0,-1.0590015128593033,1.0703363914372988,-4.341534008683068,-4.341534008683068,4.53857791225416,0.0,0.6794425087108014,True,False,False
6772,東京コスモス電機,2026-09-15,1029.0,1095.0,1180.0,1033.8,1061.52,3920.0,1030.0,1047.0,1029.0,1029.0,500.0,0.0,0.09718172983479434,-0.0970873786407811,-6.02739726027397,-12.79661016949153,14.674441205053457,7.762557077625565,0.12755102040816327,False,False,False
6775,ＴＢグループ,2026-09-15,124.0,162.0,162.0,127.4,122.56,157520.0,123.0,124.0,123.0,124.0,58000.0,0.0,-0.8064516129032251,0.8130081300812941,-23.456790123456795,-23.456790123456795,30.645161290322577,0.0,0.36820721178263077,True,False,False
6776,天昇電気工業,2026-09-15,285.0,293.0,293.0,285.2,281.44,10880.0,283.0,284.0,283.0,285.0,7700.0,0.0,-0.7017543859649145,0.7067137809187329,-2.7303754266211566,-2.7303754266211566,2.807017543859658,0.0,0.7077205882352942,True,False,False
6777,ｓａｎｔｅｃ　Ｈｏｌｄｉｎｇｓ,2026-09-15,18950.0,20700.0,21540.0,19316.0,19186.0,107700.0,19100.0,19370.0,18950.0,18950.0,7300.0,0.0,0.79155672823219,-0.7853403141361293,-8.45410628019324,-12.024141132776233,13.667546174142476,4.057971014492745,0.06778087279480037,False,False,False
6778,アルチザネットワークス,2026-09-15,623.0,685.0,685.0,629.6,642.96,22440.0,627.0,627.0,627.0,623.0,12100.0,0.0,0.6420545746388395,-0.6379585326953707,-9.051094890510946,-9.051094890510946,9.95184590690208,0.0,0.5392156862745098,False,False,False
6779,日本電波工業,2026-09-15,3040.0,3065.0,3400.0,2870.6,2821.56,1790140.0,3050.0,3155.0,3040.0,3150.0,177000.0,3.6184210526315708,0.328947368421062,3.2786885245901676,2.7732463295269127,-7.352941176470584,7.9365079365079305,10.929853181076666,0.09887494832806373,True,True,False
6785,鈴木,2026-09-15,3030.0,3260.0,3285.0,3064.0,3012.36,59600.0,3005.0,3045.0,3005.0,3040.0,2900.0,0.3300330033003229,-0.8250825082508295,1.1647254575707144,-6.748466257668717,-7.458143074581436,8.059210526315796,0.7668711656441785,0.04865771812080537,True,False,False
6786,ＲＶＨ,2026-09-15,49.0,51.0,51.0,48.6,48.64,21300.0,48.0,48.0,48.0,49.0,30700.0,0.0,-2.0408163265306145,2.083333333333326,-3.9215686274509776,-3.9215686274509776,4.081632653061229,0.0,1.4413145539906103,True,False,False
6787,メイコー,2026-09-15,20850.0,21600.0,25060.0,19600.0,18654.4,487760.0,20830.0,20830.0,20380.0,20780.0,56600.0,-0.3357314148681012,-0.09592326139088447,-0.24003840614498229,-3.7962962962962976,-17.079010375099756,20.59672762271414,16.01851851851852,0.11604067574216828,False,False,False
6788,日本トリム,2026-09-15,5020.0,5060.0,5060.0,5016.0,4978.0,9540.0,5010.0,5030.0,5010.0,5020.0,6100.0,0.0,-0.19920318725099584,0.1996007984031989,-0.7905138339920903,-0.7905138339920903,0.7968127490039834,0.0,0.639412997903564,True,False,False
6794,フォスター電機,2026-09-15,3065.0,3100.0,3185.0,2986.2,2998.84,158940.0,3080.0,3125.0,3080.0,3105.0,15200.0,1.3050570962479524,0.4893964110929794,0.8116883116883189,0.1612903225806539,-2.5117739403453743,2.5764895330112614,2.741935483870961,0.09563357241726438,True,True,False
6797,名古屋電機工業,2026-09-15,1207.0,1250.0,1250.0,1212.0,1195.64,3400.0,1213.0,1213.0,1213.0,1207.0,5200.0,0.0,0.4971002485501197,-0.4946413849958753,-3.4399999999999986,-3.4399999999999986,3.562551781275891,0.0,1.5294117647058822,False,False,False
6798,ＳＭＫ,2026-09-15,3245.0,3450.0,3545.0,3208.0,3320.2,13120.0,3235.0,3235.0,3235.0,3245.0,11300.0,0.0,-0.30816640986132127,0.3091190108191588,-5.942028985507242,-8.462623413258108,9.244992295839749,2.753623188405796,0.8612804878048781,True,False,False
6800,ヨコオ,2026-09-15,4100.0,4110.0,4715.0,3968.0,3952.8,151180.0,4085.0,4135.0,4085.0,4105.0,8100.0,0.12195121951219523,-0.3658536585365857,0.4895960832313362,-0.12165450121655041,-12.937433722163306,14.859926918392198,14.720194647201957,0.05357851567667681,True,False,False
6803,ティアック,2026-09-15,99.0,101.0,101.0,98.8,98.96,319860.0,100.0,100.0,99.0,99.0,645400.0,0.0,1.0101010101010166,-1.0000000000000009,-1.980198019801982,-1.980198019801982,2.020202020202011,0.0,2.017757769023948,False,False,False
6804,ホシデン,2026-09-15,2503.0,2820.0,3150.0,2517.6,2697.28,233300.0,2514.0,2519.0,2505.0,2503.0,244700.0,0.0,0.43947263284058735,-0.43754972155927163,-11.241134751773052,-20.539682539682534,25.848981222532963,11.702127659574458,1.0488641234462066,False,False,False
6806,ヒロセ電機,2026-09-15,23900.0,26760.0,28195.0,24041.0,25406.6,127200.0,24000.0,24070.0,23885.0,23945.0,4900.0,0.188284518828441,0.4184100418409997,-0.22916666666666918,-10.51943198804185,-15.073594608973217,17.749008143662557,5.362481315396117,0.03852201257861635,False,False,False
6807,日本航空電子工業,2026-09-15,2501.0,2518.0,2518.0,2479.6,2420.68,279940.0,2525.0,2539.0,2522.0,2501.0,181000.0,0.0,0.9596161535385894,-0.9504950495049513,-0.6751389992057155,-0.6751389992057155,0.6797281087564944,0.0,0.6465671215260413,False,False,False
6809,ＴＯＡ,2026-09-15,1753.0,1789.0,1789.0,1724.2,1723.92,70200.0,1749.0,1762.0,1749.0,1753.0,79300.0,0.0,-0.22818026240730704,0.2287021154945723,-2.012297372833982,-2.012297372833982,2.053622361665708,0.0,1.1296296296296295,True,False,False
6810,マクセル,2026-09-15,2507.0,2670.0,2670.0,2520.4,2463.2,200560.0,2529.0,2564.0,2514.0,2564.0,9500.0,2.2736338252892008,0.8775428799361773,1.383946223803867,-3.970037453183517,-3.970037453183517,4.134165366614662,0.0,0.047367371360191465,True,False,False
6814,古野電気,2026-09-15,7030.0,8090.0,8120.0,7206.0,7617.2,218280.0,7000.0,7130.0,6990.0,7130.0,13500.0,1.4224751066856278,-0.4267425320056861,1.857142857142846,-11.86650185414091,-12.19211822660099,13.884992987377288,0.3708281829418958,0.06184716877405168,True,False,False
6817,スミダコーポレーション,2026-09-15,1196.0,1257.0,1288.0,1191.2,1217.32,164060.0,1202.0,1208.0,1202.0,1203.0,7100.0,0.5852842809364489,0.5016722408026864,0.08319467554076532,-4.2959427207637235,-6.599378881987583,7.065669160432253,2.4661893396976886,0.04327684993295136,True,False,False
6819,伊豆シャボテンリゾート,2026-09-15,478.0,482.0,482.0,478.6,476.44,8140.0,478.0,478.0,478.0,478.0,5200.0,0.0,0.0,0.0,-0.8298755186721962,-0.8298755186721962,0.8368200836819994,0.0,0.6388206388206388,False,False,False
6820,アイコム,2026-09-15,3615.0,3835.0,3835.0,3515.0,3547.0,12420.0,3585.0,3585.0,3585.0,3615.0,6900.0,0.0,-0.8298755186721962,0.8368200836819994,-5.736636245110827,-5.736636245110827,6.085753803596128,0.0,0.5555555555555556,True,False,False
6822,大井電気,2026-09-15,4920.0,5650.0,5650.0,5000.0,4966.6,2480.0,4920.0,4920.0,4920.0,4920.0,7800.0,0.0,0.0,0.0,-12.920353982300881,-12.920353982300881,14.837398373983746,0.0,3.1451612903225805,False,False,False
6823,リオン,2026-09-15,3210.0,3450.0,3595.0,3202.0,3342.8,33400.0,3210.0,3240.0,3210.0,3210.0,41100.0,0.0,0.0,0.0,-6.956521739130439,-10.709318497913767,11.993769470404981,4.202898550724643,1.2305389221556886,False,False,False
6824,新コスモス電機,2026-09-15,4160.0,4420.0,4995.0,4236.0,4279.0,13760.0,4160.0,4185.0,4160.0,4160.0,17700.0,0.0,0.0,0.0,-5.882352941176472,-16.716716716716718,20.072115384615373,13.009049773755654,1.2863372093023255,False,False,False
6832,アオイ電子,2026-09-15,2335.0,2458.0,2458.0,2371.0,2322.4,29100.0,2353.0,2393.0,2351.0,2335.0,22800.0,0.0,0.7708779443254876,-0.7649808754781162,-5.0040683482506125,-5.0040683482506125,5.267665952890788,0.0,0.7835051546391752,False,False,False
6834,精工技研,2026-09-15,4915.0,6030.0,6030.0,5157.0,5151.64,782260.0,4925.0,4950.0,4855.0,4855.0,28900.0,-1.2207527975584997,0.20345879959309254,-1.4213197969543123,-19.485903814262016,-19.485903814262016,24.20185375901134,0.0,0.03694423848848209,False,False,False
6835,アライドテレシスホールディングス,2026-09-15,268.0,270.0,270.0,256.8,256.28,202140.0,269.0,269.0,267.0,268.0,432900.0,0.0,0.3731343283582156,-0.371747211895912,-0.7407407407407418,-0.7407407407407418,0.746268656716409,0.0,2.141585040071238,False,False,False
6836,ぷらっとホーム,2026-09-15,841.0,866.0,922.0,830.2,831.44,3840.0,829.0,833.0,825.0,841.0,3900.0,0.0,-1.4268727705113005,1.4475271411338975,-2.886836027713624,-8.785249457700651,9.631391200951246,6.46651270207852,1.015625,True,False,False
6837,京写,2026-09-15,363.0,385.0,395.0,362.2,370.52,28680.0,363.0,365.0,363.0,365.0,700.0,0.5509641873278293,0.0,0.5509641873278293,-5.1948051948051965,-7.594936708860756,8.219178082191792,2.5974025974025983,0.024407252440725245,True,False,False
6838,多摩川ホールディングス,2026-09-15,1375.0,1588.0,1622.0,1485.6,1487.16,409100.0,1390.0,1396.0,1371.0,1385.0,34400.0,0.727272727272732,1.090909090909098,-0.3597122302158251,-12.783375314861456,-14.611590628853266,17.11191335740072,2.1410579345088054,0.08408702028843804,False,False,False
6840,ＡＫＩＢＡホールディングス,2026-09-15,755.0,850.0,864.0,785.2,768.24,276580.0,753.0,757.0,753.0,755.0,200500.0,0.0,-0.26490066225165476,0.26560424966799445,-11.176470588235299,-12.615740740740744,14.437086092715234,1.6470588235294015,0.7249258803962687,True,False,False
6841,横河電機,2026-09-15,4570.0,5252.0,5980.0,4601.6,5011.44,1014340.0,4566.0,4584.0,4533.0,4569.0,38900.0,-0.02188183807440014,-0.08752735229758946,0.06570302233903647,-13.004569687737998,-23.59531772575251,30.88203107901073,13.861386138613852,0.038350060137626436,True,False,False
6844,新電元工業,2026-09-15,2920.0,3170.0,3945.0,2919.6,3074.2,97060.0,2915.0,2946.0,2915.0,2936.0,8600.0,0.5479452054794498,-0.1712328767123239,0.7204116638078961,-7.3817034700315425,-25.57667934093789,34.36648501362398,24.447949526813883,0.08860498660622296,True,False,False
6845,アズビル,2026-09-15,1447.0,1540.5,1760.0,1448.5,1498.6,1235860.0,1450.0,1458.5,1447.0,1452.5,84400.0,0.38009675190049386,0.20732550103663705,0.17241379310344307,-5.712431028886722,-17.471590909090907,21.17039586919105,14.248620577734506,0.0682925250432897,True,False,False
6848,東亜ディーケーケー,2026-09-15,869.0,878.0,878.0,865.4,866.2,5260.0,872.0,872.0,872.0,869.0,6300.0,0.0,0.3452243958573131,-0.34403669724770714,-1.025056947608205,-1.025056947608205,1.0356731875719172,0.0,1.1977186311787071,False,False,False
6849,日本光電工業,2026-09-15,1560.5,1571.5,1571.5,1521.0,1505.56,832680.0,1578.5,1589.5,1568.5,1585.5,27400.0,1.6020506247997446,1.153476449855817,0.44345898004434225,0.8908685968819663,0.8908685968819663,-0.8830022075055233,0.0,0.03290579814574626,True,True,True
6850,チノー,2026-09-15,1718.0,1735.0,1757.0,1710.4,1688.24,25940.0,1727.0,1733.0,1727.0,1718.0,21300.0,0.0,0.5238649592549383,-0.5211349160393786,-0.9798270893371708,-2.2196926579396647,2.2700814901047695,1.2680115273775217,0.8211256746337703,False,False,False
6853,共和電業,2026-09-15,768.0,780.0,814.0,761.6,764.36,18920.0,768.0,768.0,768.0,768.0,32400.0,0.0,0.0,0.0,-1.538461538461533,-5.651105651105648,5.989583333333326,4.358974358974366,1.7124735729386893,False,False,False
6855,日本電子材料,2026-09-15,6460.0,7010.0,7700.0,6518.0,6579.6,449720.0,6450.0,6480.0,6410.0,6410.0,27500.0,-0.7739938080495334,-0.1547987616099089,-0.6201550387596955,-8.559201141226824,-16.753246753246753,20.124804992199685,9.84308131241085,0.061149159477007914,False,False,False
6856,堀場製作所,2026-09-15,21560.0,24250.0,28315.0,21717.0,23199.4,205140.0,21570.0,21620.0,21440.0,21440.0,8200.0,-0.5565862708719838,0.04638218923933568,-0.6026889197960128,-11.587628865979383,-24.28041674024368,32.06623134328359,16.76288659793814,0.03997270156965974,False,False,False
6857,アドバンテスト,2026-09-15,30160.0,36300.0,38730.0,31944.0,34191.6,9581480.0,30320.0,30490.0,30120.0,30170.0,540100.0,0.03315649867374759,0.5305039787798504,-0.49472295514512155,-16.887052341597798,-22.101729925122648,28.372555518727218,6.6942148760330555,0.05636916217536331,False,False,False
6858,小野測器,2026-09-15,825.0,865.0,867.0,833.8,833.12,36600.0,833.0,836.0,830.0,825.0,32400.0,0.0,0.9696969696969759,-0.9603841536614643,-4.6242774566473965,-4.844290657439442,5.0909090909091015,0.23121387283238093,0.8852459016393442,False,False,False
6859,エスペック,2026-09-15,3865.0,4080.0,4300.0,3869.0,3963.2,65980.0,3890.0,3910.0,3865.0,3865.0,57400.0,0.0,0.6468305304010435,-0.6426735218509005,-5.269607843137258,-10.116279069767442,11.254851228978001,5.392156862745101,0.8699605941194302,False,False,False
6861,キーエンス,2026-09-15,75660.0,84170.0,87920.0,76080.0,80723.2,574300.0,75400.0,75790.0,74980.0,75790.0,51900.0,0.1718213058419238,-0.3436426116838476,0.5172413793103514,-9.956041344897226,-13.796633303002725,16.00474996701411,4.455269098253534,0.09037088629636078,True,False,False
6862,ミナトホールディングス,2026-09-15,4170.0,4690.0,4690.0,4345.0,3803.52,234420.0,4290.0,4315.0,4270.0,4295.0,24000.0,2.9976019184652314,2.877697841726623,0.11655011655011815,-8.422174840085283,-8.422174840085283,9.196740395809089,0.0,0.10238034297414897,True,False,False
6863,ニレコ,2026-09-15,999.0,1024.0,1024.0,988.0,977.28,39900.0,995.0,1002.0,995.0,1000.0,56500.0,0.10010010010010895,-0.4004004004004025,0.5025125628140614,-2.34375,-2.34375,2.400000000000002,0.0,1.4160401002506267,True,False,False
6864,エヌエフホールディングス,2026-09-15,1568.0,1621.0,1700.0,1572.2,1583.76,19380.0,1568.0,1575.0,1565.0,1568.0,15500.0,0.0,0.0,0.0,-3.2695866748920444,-7.76470588235294,8.418367346938771,4.87353485502775,0.7997936016511867,False,False,False
6866,日置電機,2026-09-15,9950.0,11370.0,13320.0,10050.0,10790.0,21540.0,10070.0,10080.0,10020.0,9950.0,21000.0,0.0,1.2060301507537785,-1.1916583912611745,-12.489006156552328,-25.300300300300304,33.86934673366835,17.150395778364125,0.9749303621169917,False,False,False
6867,リーダー電子,2026-09-15,408.0,424.0,424.0,407.6,410.28,7340.0,410.0,410.0,410.0,408.0,1700.0,0.0,0.4901960784313708,-0.4878048780487809,-3.7735849056603765,-3.7735849056603765,3.9215686274509887,0.0,0.23160762942779292,False,False,False
6869,シスメックス,2026-09-15,1841.5,2012.5,2012.5,1809.3,1898.4,2562200.0,1849.0,1863.0,1837.0,1862.0,174100.0,1.1132229161010088,0.4072766766223257,0.7030827474310497,-7.4782608695652115,-7.4782608695652115,8.08270676691729,0.0,0.06794941846850364,True,False,False
6870,日本フェンオール,2026-09-15,2070.0,2277.0,2288.0,2115.4,2183.48,2880.0,2070.0,2080.0,2070.0,2070.0,3600.0,0.0,0.0,0.0,-9.090909090909093,-9.527972027972032,10.531400966183568,0.48309178743961567,1.25,False,False,False
6871,日本マイクロニクス,2026-09-15,12390.0,14280.0,16200.0,12726.0,13273.2,1331160.0,12350.0,12400.0,12260.0,12270.0,45000.0,-0.9685230024213065,-0.32284100080710587,-0.6477732793522262,-14.075630252100845,-24.25925925925926,32.02933985330074,13.4453781512605,0.033805102316776345,False,False,False
6874,協立電機,2026-09-15,2350.0,2384.0,2700.0,2341.0,2352.96,2940.0,2335.0,2335.0,2335.0,2350.0,2600.0,0.0,-0.6382978723404209,0.6423982869379063,-1.4261744966442946,-12.962962962962965,14.893617021276606,13.25503355704698,0.8843537414965986,True,False,False
6875,メガチップス,2026-09-15,10460.0,11270.0,11950.0,10572.0,10870.0,81340.0,10420.0,10530.0,10400.0,10480.0,3900.0,0.19120458891013214,-0.3824091778202643,0.5758157389635254,-7.009760425909494,-12.301255230125518,14.02671755725191,6.033717834960073,0.04794688959921318,True,False,False
6877,ＯＢＡＲＡ　ＧＲＯＵＰ,2026-09-15,5250.0,5930.0,6350.0,5326.0,5652.4,24100.0,5250.0,5290.0,5240.0,5250.0,27500.0,0.0,0.0,0.0,-11.467116357504214,-17.322834645669293,20.952380952380945,7.082630691399672,1.1410788381742738,False,False,False
6882,三社電機製作所,2026-09-15,1136.0,1224.0,1278.0,1119.6,1167.88,31080.0,1127.0,1137.0,1126.0,1131.0,2200.0,-0.4401408450704247,-0.7922535211267623,0.3549245785270605,-7.59803921568627,-11.502347417840376,12.997347480106104,4.4117647058823595,0.07078507078507079,True,False,False
6888,アクモス,2026-09-15,500.0,507.0,507.0,499.2,498.96,4940.0,500.0,501.0,500.0,500.0,2800.0,0.0,0.0,0.0,-1.3806706114398382,-1.3806706114398382,1.4000000000000012,0.0,0.5668016194331984,False,False,False
6890,フェローテック,2026-09-15,8760.0,9890.0,10300.0,8910.0,9049.2,863260.0,8700.0,8740.0,8650.0,8680.0,35200.0,-0.91324200913242,-0.6849315068493178,-0.22988505747126853,-12.23458038422649,-15.728155339805827,18.663594470046085,4.145601617795758,0.04077566434214489,False,False,False
6894,パルステック工業,2026-09-15,2169.0,2271.0,2271.0,2157.2,2157.64,740.0,2148.0,2148.0,2148.0,2169.0,1100.0,0.0,-0.9681881051175623,0.9776536312849249,-4.491413474240424,-4.491413474240424,4.7026279391424675,0.0,1.4864864864864864,True,False,False
6897,ツインバード,2026-09-15,644.0,763.0,763.0,652.0,673.12,81680.0,642.0,644.0,642.0,644.0,23900.0,0.0,-0.31055900621117516,0.31152647975076775,-15.596330275229352,-15.596330275229352,18.47826086956521,0.0,0.2926052889324192,True,False,False
6898,トミタ電機,2026-09-15,5190.0,6560.0,6560.0,5418.0,4239.2,15620.0,5200.0,5200.0,5060.0,5190.0,2900.0,0.0,0.19267822736031004,-0.19230769230769162,-20.884146341463417,-20.884146341463417,26.39691714836223,0.0,0.1856594110115237,False,False,False
6899,ＡＳＴＩ,2026-09-15,2298.0,2430.0,2431.0,2274.2,2303.24,4300.0,2298.0,2298.0,2298.0,2298.0,4100.0,0.0,0.0,0.0,-5.432098765432103,-5.470999588646652,5.787641427328105,0.04115226337448874,0.9534883720930233,False,False,False
6902,デンソー,2026-09-15,1910.5,1984.0,1984.0,1903.2,1921.84,6800480.0,1928.0,1930.0,1922.5,1927.5,432700.0,0.8898194190002595,0.9159905783826305,-0.025933609958506132,-2.847782258064513,-2.847782258064513,2.931258106355372,0.0,0.06362786156271322,False,False,False
6904,原田工業,2026-09-15,635.0,653.0,653.0,614.4,571.84,22660.0,653.0,675.0,653.0,670.0,51000.0,5.5118110236220375,2.834645669291347,2.6033690658499253,2.6033690658499253,2.6033690658499253,-2.5373134328358193,0.0,2.2506619593998236,True,True,True
6905,コーセル,2026-09-15,1289.0,1358.0,1406.0,1290.0,1321.76,146840.0,1300.0,1306.0,1294.0,1303.0,9400.0,1.0861132660977546,0.853374709076804,0.2307692307692344,-4.0500736377025,-7.32574679943101,7.904834996162702,3.53460972017674,0.0640152546989921,True,False,False
6907,ジオマテック,2026-09-15,741.0,808.0,815.0,759.4,774.36,20720.0,746.0,765.0,746.0,741.0,26000.0,0.0,0.6747638326585648,-0.6702412868632712,-8.29207920792079,-9.079754601226997,9.986504723346833,0.866336633663356,1.2548262548262548,False,False,False
6908,イリソ電子工業,2026-09-15,2770.0,2872.0,2872.0,2768.0,2781.48,116780.0,2773.0,2808.0,2773.0,2808.0,2800.0,1.3718411552346543,0.10830324909747446,1.2621709340064902,-2.228412256267409,-2.228412256267409,2.279202279202286,0.0,0.02397670834046926,True,False,False
6912,菊水ホールディングス,2026-09-15,2517.0,2638.0,2638.0,2477.0,2439.16,9540.0,2518.0,2518.0,2518.0,2517.0,14400.0,0.0,0.03972983710767153,-0.03971405877680745,-4.58680818802123,-4.58680818802123,4.807310290027811,0.0,1.509433962264151,False,False,False
6914,オプテックスグループ,2026-09-15,3060.0,3400.0,3800.0,3055.0,3233.2,143840.0,3060.0,3085.0,3060.0,3075.0,7000.0,0.4901960784313708,0.0,0.4901960784313708,-9.558823529411764,-19.07894736842105,23.57723577235773,11.764705882352944,0.04866518353726362,True,False,False
6915,千代田インテグレ,2026-09-15,3400.0,3550.0,3550.0,3381.0,3441.6,11940.0,3385.0,3425.0,3385.0,3400.0,16000.0,0.0,-0.4411764705882337,0.4431314623338345,-4.225352112676061,-4.225352112676061,4.4117647058823595,0.0,1.340033500837521,True,False,False
6918,アバールデータ,2026-09-15,3490.0,3795.0,4060.0,3532.0,3600.0,31000.0,3525.0,3525.0,3485.0,3510.0,1400.0,0.5730659025787954,1.002865329512903,-0.42553191489361764,-7.509881422924902,-13.546798029556651,15.669515669515665,6.982872200263501,0.04516129032258064,False,False,False
6919,ケル,2026-09-15,1421.0,1457.0,1474.0,1416.6,1428.24,4700.0,1421.0,1421.0,1421.0,1421.0,2500.0,0.0,0.0,0.0,-2.4708304735758357,-3.595658073270014,3.7297677691766395,1.1667810569663706,0.5319148936170213,False,False,False
6920,レーザーテック,2026-09-15,35590.0,38190.0,46870.0,35248.0,35445.6,3854200.0,35200.0,35540.0,34930.0,35000.0,252900.0,-1.6577690362461373,-1.0958134307389678,-0.5681818181818232,-8.35297198219429,-25.325368039257523,33.91428571428572,22.728462948415817,0.06561672980125577,False,False,False
6923,スタンレー電気,2026-09-15,3466.0,3740.0,3740.0,3441.2,3581.44,458360.0,3487.0,3489.0,3451.0,3486.0,28400.0,0.577034045008662,0.6058857472590828,-0.028677946659017017,-6.791443850267376,-6.791443850267376,7.2862880091795645,0.0,0.06196003141635396,False,False,False
6925,ウシオ電機,2026-09-15,3549.0,4060.0,4437.0,3562.4,3856.12,280800.0,3536.0,3569.0,3526.0,3526.0,11200.0,-0.6480698788391082,-0.366300366300365,-0.2828054298642524,-13.152709359605907,-20.531890917286454,25.836642087351102,9.285714285714274,0.039886039886039885,False,False,False
6926,岡谷電機産業,2026-09-15,191.0,198.0,198.0,192.2,189.56,7460.0,191.0,191.0,191.0,191.0,6400.0,0.0,0.0,0.0,-3.535353535353536,-3.535353535353536,3.664921465968596,0.0,0.8579088471849866,False,False,False
6927,ヘリオス　テクノ　ホールディング,2026-09-15,974.0,1007.0,1007.0,969.8,975.24,45300.0,977.0,977.0,973.0,974.0,1200.0,0.0,0.30800821355236874,-0.30706243602866,-3.277060575968227,-3.277060575968227,3.3880903490759673,0.0,0.026490066225165563,False,False,False
6928,エノモト,2026-09-15,2897.0,3095.0,3320.0,2916.8,2994.04,36860.0,2894.0,2900.0,2885.0,2897.0,37900.0,0.0,-0.10355540214014303,0.10366275051831852,-6.397415185783517,-12.740963855421683,14.601311701760444,7.26978998384491,1.0282148670645685,True,False,False
6929,日本セラミック,2026-09-15,3630.0,3835.0,3990.0,3624.0,3707.0,88180.0,3630.0,3655.0,3630.0,3655.0,4500.0,0.688705234159781,0.0,0.688705234159781,-4.693611473272485,-8.395989974937345,9.165526675786584,4.041720990873543,0.051031980040825584,True,False,False
6932,遠藤照明,2026-09-15,2561.0,2623.0,2784.0,2537.2,2555.16,40640.0,2549.0,2575.0,2549.0,2561.0,20800.0,0.0,-0.4685669660288938,0.4707728520988663,-2.363705680518491,-8.010057471264364,8.70753611870363,6.138009912314146,0.5118110236220472,True,False,False
6941,山一電機,2026-09-15,7490.0,8340.0,10370.0,7564.0,7903.2,254120.0,7410.0,7490.0,7410.0,7470.0,11600.0,-0.2670226969292422,-1.0680907877169576,0.809716599190291,-10.431654676258994,-27.965284474445518,38.82195448460508,24.340527577937653,0.045647725484023294,True,False,False
6942,ソフィアホールディングス,2026-09-15,1439.0,1470.0,1470.0,1436.8,1414.64,3100.0,1439.0,1439.0,1439.0,1439.0,4600.0,0.0,0.0,0.0,-2.1088435374149617,-2.1088435374149617,2.154273801250861,0.0,1.4838709677419355,False,False,False
6946,日本アビオニクス,2026-09-15,6510.0,6700.0,6700.0,6342.0,5909.6,226660.0,6500.0,6640.0,6460.0,6570.0,21100.0,0.9216589861751112,-0.1536098310291889,1.0769230769230864,-1.94029850746269,-1.94029850746269,1.9786910197869156,0.0,0.09309097326391953,True,False,False
6947,図研,2026-09-15,4850.0,5220.0,5220.0,4748.0,4919.0,50020.0,4850.0,4890.0,4835.0,4890.0,9000.0,0.8247422680412342,0.0,0.8247422680412342,-6.3218390804597675,-6.3218390804597675,6.748466257668717,0.0,0.1799280287884846,True,False,False
6951,日本電子,2026-09-15,6872.0,7387.0,9255.0,7014.6,7272.88,305620.0,6911.0,6914.0,6815.0,6815.0,13200.0,-0.829452852153667,0.5675203725261868,-1.389089856750103,-7.74333288209016,-26.36412749864938,35.80337490829053,25.28766752402869,0.04319089064851777,False,False,False
6952,カシオ計算機,2026-09-15,2078.0,2536.0,2536.0,2054.6,2310.3,1904820.0,2073.0,2117.0,2073.0,2102.5,77900.0,1.1790182868142374,-0.2406159769008709,1.4230583695127752,-17.09384858044164,-17.09384858044164,20.618311533888225,0.0,0.04089625266429374,True,False,False
6954,ファナック,2026-09-15,5716.0,6208.0,6759.0,5773.8,6040.68,4727740.0,5778.0,5780.0,5736.0,5765.0,240300.0,0.8572428271518495,1.0846745976207162,-0.2249913464866693,-7.135953608247425,-14.706317502589139,17.241977450130097,8.875644329896915,0.050827668188182934,False,False,False
6955,ＦＤＫ,2026-09-15,403.0,431.0,431.0,403.2,411.04,41900.0,401.0,408.0,401.0,403.0,44000.0,0.0,-0.496277915632759,0.4987531172069737,-6.496519721577732,-6.496519721577732,6.94789081885856,0.0,1.0501193317422435,True,False,False
6958,日本シイエムケイ,2026-09-15,737.0,810.0,810.0,729.2,750.52,541400.0,731.0,745.0,731.0,737.0,412000.0,0.0,-0.8141112618724522,0.8207934336525335,-9.012345679012345,-9.012345679012345,9.905020352781557,0.0,0.7609900258588844,True,False,False
6960,フクダ電子,2026-09-15,11760.0,12480.0,12480.0,11722.0,11868.0,51580.0,11860.0,11860.0,11760.0,11840.0,2500.0,0.6802721088435382,0.8503401360544283,-0.1686340640809414,-5.128205128205132,-5.128205128205132,5.405405405405395,0.0,0.04846839860411012,False,False,False
6961,エンプラス,2026-09-15,9570.0,10710.0,12460.0,9760.0,10254.0,105900.0,9470.0,9520.0,9420.0,9430.0,6000.0,-1.4629049111807735,-1.0449320794148398,-0.42238648363251974,-11.951447245564895,-24.31781701444623,32.131495227995764,16.33986928104576,0.056657223796033995,False,False,False
6962,大真空,2026-09-15,801.0,814.0,843.0,771.8,780.28,551880.0,795.0,811.0,792.0,809.0,34100.0,0.9987515605493158,-0.7490636704119868,1.7610062893081757,-0.614250614250611,-4.033214709371292,4.202719406674915,3.5626535626535727,0.06178879466550699,True,False,False
6963,ローム,2026-09-15,4511.0,5243.0,5375.0,4653.0,4819.64,3181360.0,4463.0,4499.0,4463.0,4479.0,112700.0,-0.7093770782531594,-1.0640656173797391,0.3585032489356932,-14.571810032424182,-16.66976744186046,20.004465282429116,2.5176425710471184,0.0354251012145749,True,False,False
6964,サンコー,2026-09-15,687.0,706.0,715.0,688.6,696.24,3500.0,688.0,688.0,687.0,687.0,1900.0,0.0,0.14556040756914523,-0.14534883720930258,-2.6912181303116123,-3.9160839160839123,4.0756914119359555,1.2747875354107707,0.5428571428571428,False,False,False
6965,浜松ホトニクス,2026-09-15,2176.5,2425.0,2646.5,2200.5,2349.64,2335180.0,2151.0,2185.0,2146.0,2177.0,218400.0,0.022972662531595134,-1.1716057891109632,1.208740120874019,-10.226804123711341,-17.740411864727,21.56637574644005,9.134020618556704,0.09352598086657131,True,False,False
6966,三井ハイテック,2026-09-15,862.0,1014.0,1014.0,883.6,927.16,7633280.0,859.0,873.0,857.0,871.0,233200.0,1.044083526682127,-0.34802784222738303,1.396973224679865,-14.102564102564108,-14.102564102564108,16.417910447761198,0.0,0.03055043179340991,True,False,False
6969,松尾電機,2026-09-15,998.0,1052.0,1261.0,994.4,1012.56,25380.0,986.0,998.0,985.0,998.0,12100.0,0.0,-1.2024048096192397,1.2170385395537497,-5.13307984790875,-20.856463124504366,26.352705410821642,19.86692015209126,0.47675334909377465,True,False,False
6971,京セラ,2026-09-15,3531.0,3704.0,3981.0,3495.4,3616.76,5336400.0,3530.0,3553.0,3530.0,3539.0,164600.0,0.22656471254602906,-0.028320589068253632,0.25495750708215414,-4.454643628509725,-11.102738005526247,12.489403786380326,7.478401727861761,0.030844764260550182,True,False,False
6976,太陽誘電,2026-09-15,9197.0,9984.0,11680.0,9099.0,9508.24,31235160.0,9267.0,9322.0,9121.0,9228.0,1672500.0,0.3370664347069674,0.7611177557899307,-0.4208481709291001,-7.572115384615385,-20.993150684931507,26.571304724750753,16.987179487179493,0.053545427652683705,False,False,False
6977,日本抵抗器製作所,2026-09-15,1390.0,1524.0,1631.0,1388.6,1449.32,1220.0,1373.0,1390.0,1373.0,1390.0,200.0,0.0,-1.2230215827338076,1.2381646030589888,-8.79265091863517,-14.77621091354997,17.33812949640288,7.020997375328086,0.16393442622950818,True,False,False
6981,村田製作所,2026-09-15,7399.0,7636.0,8540.0,7314.2,7371.68,21429180.0,7493.0,7523.0,7407.0,7432.0,1329800.0,0.44600621705634946,1.2704419516150756,-0.8140931536100404,-2.671555788370872,-12.97423887587822,14.908503767491933,11.83865898376113,0.06205557095511821,False,False,False
6982,リード,2026-09-15,581.0,588.0,604.0,579.8,579.12,260.0,575.0,575.0,575.0,581.0,500.0,0.0,-1.03270223752151,1.043478260869568,-1.1904761904761862,-3.8079470198675525,3.9586919104991347,2.7210884353741527,1.9230769230769231,True,False,False
6986,双葉電子工業,2026-09-15,747.0,806.0,806.0,737.6,728.28,513640.0,748.0,755.0,745.0,747.0,392200.0,0.0,0.1338688085676054,-0.13368983957219305,-7.3200992555831235,-7.3200992555831235,7.8982597054886305,0.0,0.763569815434935,False,False,False
6988,日東電工,2026-09-15,3229.0,3594.0,3626.0,3207.6,3399.6,3038340.0,3262.0,3285.0,3257.0,3281.0,112500.0,1.610405698358619,1.0219882316506723,0.5824647455548781,-8.708959376739012,-9.514616657473795,10.51508686376106,0.8903728436282732,0.037026797527597306,True,False,False
6989,北陸電気工業,2026-09-15,2330.0,2555.0,2661.0,2322.0,2447.92,5400.0,2314.0,2335.0,2314.0,2330.0,72900.0,0.0,-0.6866952789699621,0.6914433880726101,-8.80626223091977,-12.43893273205562,14.206008583690988,4.148727984344425,13.5,True,False,False
6993,大黒屋ホールディングス,2026-09-15,91.0,92.0,112.0,86.8,88.44,1284700.0,91.0,91.0,89.0,89.0,286800.0,-2.197802197802201,0.0,-2.197802197802201,-3.2608695652173947,-20.535714285714292,25.842696629213478,21.739130434782616,0.22324278041566126,False,False,False
6994,指月電機製作所,2026-09-15,1143.0,1274.0,1334.0,1151.6,1173.28,68420.0,1157.0,1160.0,1151.0,1153.0,6200.0,0.8748906386701671,1.2248468941382429,-0.34572169403630504,-9.497645211930926,-13.56821589205397,15.698178664353858,4.709576138147575,0.09061677871967261,False,False,False
6995,東海理化電機製作所,2026-09-15,3130.0,3270.0,3270.0,3099.0,3118.2,114040.0,3145.0,3150.0,3140.0,3130.0,85200.0,0.0,0.4792332268370503,-0.4769475357710662,-4.281345565749239,-4.281345565749239,4.472843450479225,0.0,0.7471062784987723,False,False,False
6996,ニチコン,2026-09-15,2591.0,2815.0,3325.0,2553.2,2696.36,791220.0,2577.0,2592.0,2559.0,2579.0,29400.0,-0.4631416441528313,-0.5403319181783051,0.07760962359333323,-8.38365896980462,-22.43609022556391,28.925940286932917,18.117229129662515,0.037157806931068474,True,False,False
6997,日本ケミコン,2026-09-15,2794.0,3025.0,3565.0,2727.8,2815.56,1100960.0,2744.0,2830.0,2740.0,2816.0,59100.0,0.7874015748031482,-1.7895490336435227,2.6239067055393583,-6.909090909090909,-21.009817671809262,26.598011363636353,17.85123966942148,0.05368042435692487,True,False,False
6998,日本タングステン,2026-09-15,3675.0,3780.0,3780.0,3491.0,3360.2,86000.0,3630.0,3700.0,3620.0,3680.0,14900.0,0.13605442176871652,-1.224489795918371,1.377410468319562,-2.645502645502651,-2.645502645502651,2.717391304347827,0.0,0.17325581395348838,True,False,False
6999,ＫＯＡ,2026-09-15,2144.0,2382.0,2688.0,2132.2,2273.48,385940.0,2150.0,2177.0,2147.0,2169.0,26400.0,1.1660447761194126,0.2798507462686617,0.8837209302325677,-8.942065491183882,-19.308035714285708,23.928077455048413,12.846347607052898,0.06840441519407162,True,False,False
7003,三井Ｅ＆Ｓ,2026-09-15,4170.0,4612.0,4612.0,4249.8,4285.8,1885140.0,4155.0,4196.0,4123.0,4160.0,166600.0,-0.23980815347721673,-0.3597122302158251,0.1203369434416457,-9.800520381613186,-9.800520381613186,10.86538461538462,0.0,0.08837539917459711,True,False,False
7004,カナデビア,2026-09-15,1161.0,1243.0,1284.0,1152.8,1185.72,808620.0,1161.0,1169.0,1161.0,1166.0,40000.0,0.4306632213608941,0.0,0.4306632213608941,-6.194690265486724,-9.19003115264797,10.120068610634657,3.2984714400643655,0.04946699314882145,True,False,False
7011,三菱重工業,2026-09-15,3701.0,4239.0,4439.0,3740.6,3939.84,17807920.0,3750.0,3797.0,3736.0,3768.0,2286300.0,1.8103215347203383,1.3239664955417396,0.47999999999999154,-11.111111111111116,-15.11601712097319,17.807855626326962,4.718093890068409,0.12838669535802047,True,False,False
7012,川崎重工業,2026-09-15,2372.0,2756.0,2955.5,2361.8,2569.36,12573660.0,2350.0,2412.0,2348.5,2384.5,1531900.0,0.5269814502529613,-0.9274873524451888,1.468085106382988,-13.479680696661834,-19.319912028421584,23.946319983224985,7.23875181422351,0.12183405627319333,True,False,False
7013,ＩＨＩ,2026-09-15,2772.5,2887.0,3098.0,2724.9,2755.0,14520360.0,2772.0,2831.0,2764.0,2823.0,1574100.0,1.8214607754734047,-0.018034265103694658,1.8398268398268414,-2.2168340838240375,-8.87669464170433,9.741409847679773,7.308624870107372,0.10840640314702941,True,False,False
7014,名村造船所,2026-09-15,4750.0,5140.0,5140.0,4729.0,4634.6,1664760.0,4820.0,4850.0,4715.0,4745.0,157200.0,-0.10526315789474161,1.473684210526316,-1.556016597510368,-7.68482490272373,-7.68482490272373,8.324552160168608,0.0,0.0944280256613566,False,False,False
7018,内海造船,2026-09-15,12880.0,13900.0,13900.0,13044.0,12548.4,27220.0,13010.0,13390.0,12950.0,12950.0,5300.0,0.5434782608695565,1.0093167701863415,-0.4611837048424272,-6.834532374100721,-6.834532374100721,7.3359073359073435,0.0,0.1947097722263042,False,False,False
7021,ニッチツ,2026-09-15,2280.0,2280.0,2280.0,2262.6,2198.56,1000.0,2250.0,2280.0,2250.0,2280.0,800.0,0.0,-1.3157894736842146,1.333333333333342,0.0,0.0,0.0,0.0,0.8,True,False,False
7022,サノヤスホールディングス,2026-09-15,355.0,358.0,358.0,352.6,325.6,65840.0,354.0,357.0,354.0,357.0,8000.0,0.5633802816901401,-0.28169014084507005,0.8474576271186418,-0.27932960893854997,-0.27932960893854997,0.2801120448179262,0.0,0.12150668286755771,True,False,False
7030,スプリックス,2026-09-15,965.0,1002.0,1150.0,960.6,979.16,10580.0,964.0,965.0,957.0,965.0,2100.0,0.0,-0.10362694300518616,0.10373443983402453,-3.6926147704590795,-16.086956521739125,19.17098445595855,14.770459081836318,0.19848771266540643,True,False,False
7031,インバウンドテック,2026-09-15,675.0,725.0,725.0,693.4,692.28,2320.0,682.0,682.0,675.0,675.0,300.0,0.0,1.0370370370370363,-1.026392961876832,-6.896551724137934,-6.896551724137934,7.407407407407418,0.0,0.12931034482758622,False,False,False
7033,マネジメントソリューションズ,2026-09-15,1558.0,1744.0,1744.0,1557.4,1611.36,59760.0,1549.0,1565.0,1549.0,1558.0,93100.0,0.0,-0.5776636713735517,0.5810200129115595,-10.6651376146789,-10.6651376146789,11.938382541720149,0.0,1.5578982597054887,True,False,False
7034,プロレド・パートナーズ,2026-09-15,312.0,390.0,401.0,327.8,356.88,33420.0,309.0,309.0,309.0,312.0,63500.0,0.0,-0.9615384615384581,0.9708737864077666,-19.999999999999996,-22.194513715710727,28.525641025641036,2.8205128205128105,1.9000598444045482,True,False,False
7035,ａｎｄ　ｆａｃｔｏｒｙ,2026-09-15,229.0,307.0,339.0,230.0,250.48,25160.0,230.0,230.0,230.0,229.0,10400.0,0.0,0.4366812227074135,-0.43478260869564966,-25.407166123778502,-32.448377581120944,48.03493449781659,10.423452768729646,0.4133545310015898,False,False,False
7036,イーエムネットジャパン,2026-09-15,666.0,689.0,689.0,665.4,664.48,1600.0,667.0,668.0,666.0,666.0,1100.0,0.0,0.15015015015014122,-0.14992503748125774,-3.338171262699563,-3.338171262699563,3.453453453453448,0.0,0.6875,False,False,False
7037,テノ．ホールディングス,2026-09-15,795.0,851.0,868.0,799.8,820.44,16220.0,795.0,800.0,795.0,795.0,30500.0,0.0,0.0,0.0,-6.5804935370152755,-8.410138248847932,9.182389937106915,1.9976498237367801,1.88039457459926,False,False,False
7038,フロンティア・マネジメント,2026-09-15,580.0,597.0,597.0,579.0,579.96,12120.0,577.0,580.0,577.0,580.0,11200.0,0.0,-0.5172413793103403,0.5199306759098743,-2.8475711892797295,-2.8475711892797295,2.931034482758621,0.0,0.9240924092409241,True,False,False
7039,ブリッジインターナショナルグループ,2026-09-15,1373.0,1405.0,1751.0,1366.4,1398.64,6620.0,1373.0,1375.0,1371.0,1373.0,12100.0,0.0,0.0,0.0,-2.2775800711743788,-21.587664191890344,27.53095411507647,24.626334519572946,1.8277945619335347,False,False,False
7041,ＣＲＧホールディングス,2026-09-15,343.0,360.0,360.0,347.0,348.44,7280.0,344.0,345.0,340.0,343.0,26100.0,0.0,0.291545189504383,-0.29069767441860517,-4.722222222222228,-4.722222222222228,4.956268221574334,0.0,3.5851648351648353,False,False,False
7042,アクセスグループ・ホールディングス,2026-09-15,697.0,730.0,730.0,685.0,695.16,6680.0,698.0,698.0,697.0,697.0,1000.0,0.0,0.1434720229555264,-0.14326647564469885,-4.520547945205477,-4.520547945205477,4.734576757532283,0.0,0.1497005988023952,False,False,False
7043,アルー,2026-09-15,945.0,955.0,958.0,937.0,944.44,1800.0,936.0,945.0,933.0,945.0,1400.0,0.0,-0.952380952380949,0.9615384615384581,-1.0471204188481686,-1.3569937369519836,1.3756613756613856,0.3141361256544517,0.7777777777777778,True,False,False
7044,ピアラ,2026-09-15,519.0,534.0,536.0,510.4,516.76,7180.0,519.0,520.0,519.0,519.0,8500.0,0.0,0.0,0.0,-2.8089887640449396,-3.171641791044777,3.2755298651252485,0.3745318352059934,1.1838440111420614,False,False,False
7046,ＴＤＳＥ,2026-09-15,1320.0,1440.0,1440.0,1339.2,1330.88,1980.0,1321.0,1321.0,1302.0,1310.0,500.0,-0.7575757575757569,0.07575757575757347,-0.832702498107496,-9.027777777777779,-9.027777777777779,9.92366412213741,0.0,0.25252525252525254,False,False,False
7047,ポート,2026-09-15,2173.0,2441.0,2690.0,2118.6,2238.8,135460.0,2123.0,2169.0,2101.0,2163.0,45800.0,-0.46019328117808955,-2.30096640589047,1.8841262364578393,-11.38877509217534,-19.591078066914502,24.364308830328252,10.200737402703819,0.338107190314484,True,False,False
7048,ベルトラ,2026-09-15,162.0,165.0,165.0,158.2,155.48,164020.0,161.0,162.0,157.0,159.0,36900.0,-1.851851851851849,-0.6172839506172867,-1.2422360248447228,-3.6363636363636376,-3.6363636363636376,3.7735849056603765,0.0,0.2249725643214242,False,False,False
7049,識学,2026-09-15,775.0,889.0,889.0,781.2,829.44,13560.0,775.0,777.0,775.0,775.0,13500.0,0.0,0.0,0.0,-12.823397075365584,-12.823397075365584,14.70967741935485,0.0,0.995575221238938,False,False,False
7050,フロンティアインターナショナル,2026-09-15,1532.0,1555.0,1555.0,1417.4,1417.92,27200.0,1506.0,1512.0,1493.0,1502.0,9300.0,-1.9582245430809442,-1.6971279373368175,-0.26560424966799445,-3.4083601286173604,-3.4083601286173604,3.5286284953395475,0.0,0.34191176470588236,False,False,False
7058,共栄セキュリティーサービス,2026-09-15,3060.0,3110.0,3110.0,3026.8,2954.64,2040.0,3065.0,3065.0,3065.0,3060.0,2400.0,0.0,0.16339869281045694,-0.16313213703099683,-1.6077170418006381,-1.6077170418006381,1.6339869281045694,0.0,1.1764705882352942,False,False,False
7059,コプロ・ホールディングス,2026-09-15,927.0,940.0,940.0,912.4,915.44,86340.0,957.0,962.0,948.0,953.0,62600.0,2.8047464940668787,3.2362459546925626,-0.4179728317659337,1.382978723404249,1.382978723404249,-1.364113326337879,0.0,0.7250405374102386,False,True,True
7060,ギークス,2026-09-15,584.0,609.0,610.0,583.2,592.6,7520.0,585.0,585.0,585.0,584.0,6200.0,0.0,0.1712328767123239,-0.17094017094017033,-4.105090311986858,-4.262295081967215,4.452054794520555,0.16420361247948545,0.824468085106383,False,False,False
7061,日本ホスピスホールディングス,2026-09-15,483.0,535.0,578.0,504.8,494.92,212600.0,483.0,489.0,483.0,485.0,6000.0,0.41407867494824835,0.0,0.41407867494824835,-9.345794392523366,-16.089965397923876,19.175257731958762,8.037383177570101,0.028222013170272814,True,False,False
7063,Ｂｉｒｄｍａｎ,2026-09-15,71.0,105.0,112.0,75.2,85.88,320680.0,70.0,71.0,70.0,71.0,256300.0,0.0,-1.4084507042253502,1.4285714285714235,-32.38095238095238,-36.60714285714286,57.746478873239425,6.666666666666665,0.7992391168766372,True,False,False
7064,ハウテレビジョン,2026-09-15,1028.0,1028.0,1028.0,981.2,925.48,16780.0,998.0,998.0,998.0,1028.0,5100.0,0.0,-2.9182879377431914,3.006012024048088,0.0,0.0,0.0,0.0,0.3039332538736591,True,False,False
7065,ユーピーアール,2026-09-15,954.0,1023.0,1048.0,960.8,994.2,11320.0,962.0,962.0,962.0,954.0,3900.0,0.0,0.8385744234800763,-0.8316008316008316,-6.7448680351906205,-8.969465648854957,9.85324947589099,2.4437927663734094,0.34452296819787986,False,False,False
7066,ピアズ,2026-09-15,459.0,496.0,496.0,454.4,447.72,10800.0,459.0,459.0,459.0,459.0,3000.0,0.0,0.0,0.0,-7.459677419354838,-7.459677419354838,8.061002178649247,0.0,0.2777777777777778,False,False,False
7068,フィードフォースグループ,2026-09-15,601.0,630.0,630.0,591.8,598.24,33340.0,602.0,606.0,602.0,601.0,17200.0,0.0,0.16638935108153063,-0.16611295681062677,-4.6031746031745975,-4.6031746031745975,4.825291181364388,0.0,0.5158968206358728,False,False,False
7069,サイバー・バズ,2026-09-15,504.0,559.0,694.0,508.4,548.16,24540.0,504.0,504.0,504.0,504.0,6200.0,0.0,0.0,0.0,-9.838998211091232,-27.377521613832855,37.698412698412696,24.150268336314838,0.2526487367563162,False,False,False
7071,アンビスホールディングス,2026-09-15,395.0,435.0,435.0,390.8,406.48,172660.0,392.0,394.0,392.0,394.0,7600.0,-0.25316455696202667,-0.75949367088608,0.5102040816326481,-9.425287356321842,-9.425287356321842,10.406091370558368,0.0,0.04401714351905479,True,False,False
7072,インティメート・マージャー,2026-09-15,1076.0,1200.0,1253.0,1087.6,1133.84,4000.0,1081.0,1081.0,1081.0,1076.0,400.0,0.0,0.4646840148698983,-0.46253469010175685,-10.33333333333334,-14.126097366320833,16.44981412639406,4.416666666666669,0.1,False,False,False
7073,ジェイック,2026-09-15,2331.0,2399.0,2399.0,2333.8,2303.12,1120.0,2313.0,2313.0,2313.0,2331.0,1900.0,0.0,-0.7722007722007707,0.7782101167315147,-2.8345143809920814,-2.8345143809920814,2.9172029172029212,0.0,1.6964285714285714,True,False,False
7074,トゥエンティーフォーセブンホールディングス,2026-09-15,181.0,206.0,206.0,185.6,189.76,5440.0,181.0,181.0,181.0,181.0,10300.0,0.0,0.0,0.0,-12.135922330097081,-12.135922330097081,13.812154696132595,0.0,1.8933823529411764,False,False,False
7075,ＱＬＳホールディングス,2026-09-15,1008.0,1119.0,1119.0,999.8,918.76,31200.0,1030.0,1030.0,1030.0,1008.0,9700.0,0.0,2.182539682539675,-2.135922330097084,-9.919571045576403,-9.919571045576403,11.011904761904766,0.0,0.3108974358974359,False,False,False
7077,ＡＬｉＮＫインターネット,2026-09-15,996.0,1020.0,1021.0,993.2,998.64,1140.0,984.0,996.0,984.0,996.0,600.0,0.0,-1.2048192771084376,1.2195121951219523,-2.352941176470591,-2.448579823702257,2.5100401606425793,0.09803921568627416,0.5263157894736842,True,False,False
7078,ＩＮＣＬＵＳＩＶＥ　Ｈｏｌｄｉｎｇｓ,2026-09-15,339.0,419.0,419.0,340.6,347.24,13460.0,340.0,340.0,337.0,337.0,1400.0,-0.5899705014749235,0.2949852507374562,-0.8823529411764675,-19.570405727923625,-19.570405727923625,24.332344213649847,0.0,0.10401188707280833,False,False,False
7079,ＷＤＢココ,2026-09-15,2578.0,2644.0,2646.0,2562.4,2570.68,1360.0,2578.0,2585.0,2578.0,2578.0,2000.0,0.0,0.0,0.0,-2.4962178517397904,-2.569916855631138,2.637703646237388,0.07564296520423675,1.4705882352941178,False,False,False
7080,スポーツフィールド,2026-09-15,882.0,914.0,914.0,866.8,860.64,13160.0,886.0,886.0,886.0,882.0,8900.0,0.0,0.45351473922903285,-0.4514672686230292,-3.5010940919037226,-3.5010940919037226,3.628117913832196,0.0,0.6762917933130699,False,False,False
7082,ジモティー,2026-09-15,1406.0,1408.0,1408.0,1406.4,1406.04,9540.0,1406.0,1406.0,1406.0,1406.0,22300.0,0.0,0.0,0.0,-0.14204545454545858,-0.14204545454545858,0.14224751066855834,0.0,2.3375262054507338,False,False,False
7083,ＡＨＣグループ,2026-09-15,1114.0,1185.0,1185.0,1113.2,1091.56,2580.0,1135.0,1135.0,1135.0,1114.0,3800.0,0.0,1.8850987432674993,-1.8502202643171817,-5.9915611814346015,-5.9915611814346015,6.373429084380611,0.0,1.4728682170542635,False,False,False
7084,Ｓｍｉｌｅ　Ｈｏｌｄｉｎｇｓ,2026-09-15,2775.0,3065.0,3065.0,2836.4,2833.76,6760.0,2789.0,2817.0,2789.0,2775.0,11400.0,0.0,0.5045045045044994,-0.5019720329867305,-9.461663947797716,-9.461663947797716,10.450450450450454,0.0,1.6863905325443787,False,False,False
7085,カーブスホールディングス,2026-09-15,882.0,986.0,986.0,879.2,933.96,297460.0,886.0,888.0,884.0,886.0,16300.0,0.45351473922903285,0.45351473922903285,0.0,-10.141987829614607,-10.141987829614607,11.28668171557563,0.0,0.05479728366839239,False,False,False
7087,ウイルテック,2026-09-15,1438.0,1450.0,1450.0,1429.2,1410.36,3440.0,1427.0,1427.0,1427.0,1438.0,5300.0,0.0,-0.76495132127955,0.7708479327259932,-0.8275862068965467,-0.8275862068965467,0.8344923504867818,0.0,1.5406976744186047,True,False,False
7089,フォースタートアップス,2026-09-15,1361.0,1667.0,1752.0,1379.0,1507.92,21120.0,1371.0,1371.0,1371.0,1361.0,8100.0,0.0,0.7347538574577595,-0.729394602479938,-18.356328734253147,-22.317351598173516,28.728875826598088,5.0989802039592025,0.3835227272727273,False,False,False
7090,リグア,2026-09-15,956.0,956.0,956.0,952.2,906.32,1020.0,954.0,954.0,954.0,956.0,1800.0,0.0,-0.20920502092049986,0.20964360587001352,0.0,0.0,0.0,0.0,1.7647058823529411,True,False,False
7091,リビングプラットフォーム,2026-09-15,1247.0,1300.0,1300.0,1251.8,1263.04,9560.0,1277.0,1300.0,1268.0,1300.0,25800.0,4.2502004811547645,2.4057738572574205,1.8010963194988294,0.0,0.0,0.0,0.0,2.698744769874477,True,False,False
7093,アディッシュ,2026-09-15,580.0,617.0,617.0,591.0,582.16,2860.0,575.0,575.0,573.0,573.0,1800.0,-1.2068965517241348,-0.8620689655172376,-0.3478260869565264,-7.131280388978933,-7.131280388978933,7.678883071553222,0.0,0.6293706293706294,False,False,False
7094,ＮｅｘＴｏｎｅ,2026-09-15,1852.0,1992.0,1992.0,1824.0,1808.0,36680.0,1882.0,1882.0,1860.0,1852.0,38400.0,0.0,1.6198704103671746,-1.5940488841657774,-7.028112449799195,-7.028112449799195,7.559395248380119,0.0,1.0468920392584515,False,False,False
7095,Ｍａｃｂｅｅ　Ｐｌａｎｅｔ,2026-09-15,1166.0,1305.0,1305.0,1188.2,1241.48,100800.0,1174.0,1174.0,1169.0,1173.0,5000.0,0.6003430531732468,0.6861063464836947,-0.08517887563883608,-10.114942528735638,-10.114942528735638,11.253196930946284,0.0,0.0496031746031746,False,False,False
7096,ステムセル研究所,2026-09-15,749.0,775.0,775.0,749.4,760.28,2560.0,746.0,753.0,746.0,749.0,4400.0,0.0,-0.4005340453938633,0.40214477211795163,-3.3548387096774213,-3.3548387096774213,3.471295060080104,0.0,1.71875,True,False,False
7097,さくらさくプラス,2026-09-15,2714.0,2788.0,2790.0,2724.0,2749.72,6580.0,2704.0,2722.0,2704.0,2722.0,200.0,0.29476787030213725,-0.368459837877666,0.6656804733727872,-2.3672883787661414,-2.437275985663079,2.4981631153563555,0.0717360114777632,0.030395136778115502,True,False,False
7102,日本車輌製造,2026-09-15,3540.0,3830.0,3830.0,3549.0,3630.0,23980.0,3580.0,3595.0,3575.0,3585.0,4200.0,1.2711864406779627,1.1299435028248483,0.13966480446927498,-6.396866840731075,-6.396866840731075,6.8340306834030695,0.0,0.17514595496246874,True,False,False
7110,クラシコム,2026-09-15,1919.0,2083.0,2083.0,2025.2,2023.84,12200.0,1910.0,1916.0,1901.0,1919.0,49400.0,0.0,-0.46899426784783316,0.47120418848167755,-7.873259721555447,-7.873259721555447,8.546117769671714,0.0,4.049180327868853,True,False,False
7111,ＩＮＥＳＴ,2026-09-15,503.0,549.0,549.0,503.2,511.64,7380.0,510.0,510.0,501.0,501.0,400.0,-0.3976143141153132,1.3916500994035852,-1.764705882352946,-8.743169398907103,-8.743169398907103,9.580838323353301,0.0,0.05420054200542006,False,False,False
7112,キューブ,2026-09-15,694.0,704.0,723.0,694.6,699.36,1540.0,690.0,690.0,689.0,694.0,3700.0,0.0,-0.5763688760806907,0.5797101449275255,-1.4204545454545414,-4.011065006915626,4.17867435158501,2.6988636363636465,2.4025974025974026,True,False,False
7114,フーディソン,2026-09-15,790.0,797.0,810.0,781.8,781.92,1800.0,793.0,795.0,793.0,790.0,2900.0,0.0,0.37974683544304,-0.3783102143757877,-0.8782936010037656,-2.4691358024691357,2.5316455696202445,1.6311166875784266,1.6111111111111112,False,False,False
7115,アルファパーチェス,2026-09-15,1465.0,1546.0,1690.0,1468.6,1491.16,9080.0,1469.0,1480.0,1469.0,1465.0,3400.0,0.0,0.27303754266212454,-0.2722940776038074,-5.239327296248386,-13.313609467455622,15.358361774744033,9.314359637774894,0.3744493392070485,False,False,False
7119,ハルメクホールディングス,2026-09-15,2134.0,2165.0,2165.0,2073.2,1842.04,31180.0,2160.0,2163.0,2160.0,2160.0,2900.0,1.2183692596063667,1.2183692596063667,0.0,-0.2309468822170868,-0.2309468822170868,0.23148148148148806,0.0,0.09300833867864015,False,False,False
7120,ＳＨＩＮＫＯ,2026-09-15,999.0,1020.0,1100.0,996.2,1002.56,4860.0,1000.0,1000.0,998.0,999.0,3700.0,0.0,0.10010010010010895,-0.10000000000000009,-2.0588235294117685,-9.18181818181818,10.110110110110115,7.843137254901955,0.7613168724279835,False,False,False
7122,近畿車輛,2026-09-15,2403.0,2475.0,2475.0,2364.6,2397.04,2500.0,2373.0,2405.0,2373.0,2403.0,2200.0,0.0,-1.2484394506866447,1.2642225031605614,-2.9090909090909056,-2.9090909090909056,2.9962546816479474,0.0,0.88,True,False,False
7126,グローバルスタイル,2026-09-15,1419.0,1484.0,1484.0,1438.0,1428.32,4100.0,1419.0,1419.0,1419.0,1419.0,5300.0,0.0,0.0,0.0,-4.380053908355796,-4.380053908355796,4.580690627202255,0.0,1.2926829268292683,False,False,False
7127,一家ホールディングス,2026-09-15,709.0,712.0,712.0,708.0,704.56,7060.0,710.0,710.0,710.0,709.0,8900.0,0.0,0.14104372355430161,-0.14084507042253502,-0.4213483146067398,-0.4213483146067398,0.42313117066290484,0.0,1.2606232294617563,False,False,False
7128,ユニソルホールディングス,2026-09-15,2842.0,2966.0,3045.0,2799.8,2825.0,84700.0,2814.0,2850.0,2813.0,2848.0,6200.0,0.2111189303307448,-0.9852216748768461,1.2082444918265711,-3.9784221173297385,-6.469622331691294,6.917134831460681,2.6635198921105774,0.07319952774498228,True,False,False
7129,ミアヘルサホールディングス,2026-09-15,1183.0,1199.0,1199.0,1185.0,1165.92,2420.0,1184.0,1184.0,1184.0,1183.0,1800.0,0.0,0.08453085376163294,-0.08445945945946276,-1.334445371142623,-1.334445371142623,1.3524936601859716,0.0,0.743801652892562,False,False,False
7130,ヤマエグループホールディングス,2026-09-15,2790.0,2996.0,2996.0,2788.8,2869.6,66980.0,2778.0,2808.0,2778.0,2808.0,5300.0,0.6451612903225712,-0.4301075268817178,1.0799136069114423,-6.275033377837113,-6.275033377837113,6.695156695156701,0.0,0.07912809793968349,True,False,False
7131,のむら産業,2026-09-15,3765.0,4140.0,4140.0,3759.0,3665.8,10300.0,3765.0,3800.0,3765.0,3765.0,7100.0,0.0,0.0,0.0,-9.05797101449275,-9.05797101449275,9.960159362549792,0.0,0.6893203883495146,False,False,False
7133,ＨＹＵＧＡ　ＰＲＩＭＡＲＹ　ＣＡＲＥ,2026-09-15,1342.0,1342.0,1347.0,1319.0,1306.56,4460.0,1339.0,1339.0,1339.0,1342.0,3000.0,0.0,-0.22354694485842153,0.22404779686333587,0.0,-0.37119524870081744,0.37257824143070994,0.37257824143070994,0.672645739910314,True,False,False
7134,アップガレージグループ,2026-09-15,1426.0,1451.0,1516.0,1419.8,1402.0,12480.0,1450.0,1450.0,1450.0,1426.0,11800.0,0.0,1.6830294530154388,-1.6551724137931045,-1.7229496898690577,-5.936675461741425,6.311360448807846,4.479669193659541,0.9455128205128205,False,False,False
7135,ジャパンクラフトホールディングス,2026-09-15,181.0,184.0,220.0,180.4,181.64,19480.0,181.0,181.0,181.0,181.0,23800.0,0.0,0.0,0.0,-1.6304347826086918,-17.727272727272727,21.54696132596685,19.565217391304344,1.2217659137577002,False,False,False
7138,ＴＯＲＩＣＯ,2026-09-15,144.0,218.0,218.0,146.6,153.6,794140.0,134.0,136.0,133.0,133.0,203600.0,-7.638888888888884,-6.944444444444442,-0.7462686567164201,-38.99082568807339,-38.99082568807339,63.90977443609023,0.0,0.25637796862014256,False,False,False
7140,ペットゴー,2026-09-15,799.0,809.0,815.0,800.2,801.32,740.0,796.0,799.0,796.0,799.0,1900.0,0.0,-0.3754693366708417,0.37688442211054607,-1.2360939431396822,-1.9631901840490795,2.0025031289111483,0.7416563658838138,2.5675675675675675,True,False,False
7148,ＦＰＧ,2026-09-15,1691.0,1737.0,1737.0,1690.6,1670.76,490520.0,1701.0,1704.0,1694.0,1700.0,40100.0,0.5322294500295754,0.5913660555884048,-0.05878894767783471,-2.1301093839953933,-2.1301093839953933,2.176470588235291,0.0,0.08174997961347141,False,False,False
7150,島根銀行,2026-09-15,521.0,550.0,550.0,519.8,523.84,16060.0,517.0,520.0,517.0,518.0,1500.0,-0.5758157389635365,-0.7677543186180413,0.19342359767891004,-5.818181818181822,-5.818181818181822,6.1776061776061875,0.0,0.09339975093399751,True,False,False
7157,ライフネット生命保険,2026-09-15,1449.0,1537.0,1724.0,1415.6,1467.8,304900.0,1433.0,1443.0,1433.0,1443.0,15500.0,-0.41407867494823725,-1.104209799861977,0.6978367062107527,-6.115810019518541,-16.299303944315547,19.47331947331947,12.166558230318802,0.050836339783535585,True,False,False
7161,じもとホールディングス,2026-09-15,618.0,625.0,625.0,603.0,581.6,115020.0,623.0,628.0,623.0,627.0,28800.0,1.4563106796116498,0.8090614886731462,0.6420545746388395,0.32000000000000917,0.32000000000000917,-0.31897926634768536,0.0,0.25039123630672927,True,True,True
7162,アストマックス,2026-09-15,291.0,328.0,328.0,292.8,279.28,26780.0,291.0,295.0,291.0,291.0,11000.0,0.0,0.0,0.0,-11.280487804878048,-11.280487804878048,12.714776632302405,0.0,0.4107542942494399,False,False,False
7164,全国保証,2026-09-15,3145.0,3241.0,3241.0,3125.8,3168.64,255520.0,3150.0,3152.0,3144.0,3150.0,12500.0,0.15898251192367763,0.15898251192367763,0.0,-2.807775377969768,-2.807775377969768,2.8888888888888964,0.0,0.048919849718221664,False,False,False
7167,めぶきフィナンシャルグループ,2026-09-15,1683.0,1726.5,1726.5,1672.5,1669.74,2881720.0,1677.5,1692.0,1665.0,1686.5,306800.0,0.20796197266785832,-0.32679738562091387,0.5365126676602161,-2.316825948450618,-2.316825948450618,2.371775867180559,0.0,0.10646419499465597,True,False,False
7172,ジャパンインベストメントアドバイザー,2026-09-15,2063.0,2144.0,2144.0,2082.2,2092.88,127300.0,2077.0,2087.0,2077.0,2083.0,13000.0,0.9694619486185108,0.6786233640329709,0.288878189696673,-2.8451492537313383,-2.8451492537313383,2.9284685549687994,0.0,0.1021209740769835,True,False,False
7173,東京きらぼしフィナンシャルグループ,2026-09-15,1699.0,1767.0,1855.0,1677.6,1711.44,1108220.0,1695.0,1707.0,1694.0,1703.0,44300.0,0.2354326074161195,-0.2354326074161306,0.4719764011799521,-3.6219581211092255,-8.194070080862536,8.925425719318847,4.9801924165251865,0.039974012380213315,True,False,False
7175,今村証券,2026-09-15,1986.0,2035.0,2035.0,1965.4,1885.4,5020.0,1976.0,2045.0,1966.0,2024.0,8300.0,1.9133937562940684,-0.503524672708966,2.429149797570851,-0.540540540540535,-0.540540540540535,0.5434782608695565,0.0,1.653386454183267,True,False,False
7177,ＧＭＯフィナンシャルホールディングス,2026-09-15,1161.0,1243.0,1243.0,1158.6,1146.84,178920.0,1164.0,1170.0,1163.0,1163.0,11000.0,0.17226528854434875,0.25839793281654533,-0.0859106529209619,-6.436041834271922,-6.436041834271922,6.878761822871882,0.0,0.06147999105745584,False,False,False
7180,九州フィナンシャルグループ,2026-09-15,1612.0,1642.0,1642.0,1608.7,1565.58,1108800.0,1602.5,1619.5,1602.5,1614.5,102700.0,0.15508684863523303,-0.5893300248138944,0.7488299531981379,-1.674786845310594,-1.674786845310594,1.7033137194177872,0.0,0.09262265512265512,True,False,False
7181,かんぽ生命保険,2026-09-15,1763.0,1806.0,1806.0,1751.3,1697.48,2056860.0,1773.5,1782.0,1770.5,1778.5,127500.0,0.8791832104367625,0.5955757231990821,0.28192839018890137,-1.5227021040974509,-1.5227021040974509,1.5462468372223759,0.0,0.0619876899740381,True,False,False
7182,ゆうちょ銀行,2026-09-15,3260.0,3455.0,3455.0,3271.6,3275.52,5393220.0,3263.0,3285.0,3259.0,3281.0,326200.0,0.6441717791411117,0.09202453987731118,0.5516395954642928,-5.036179450072364,-5.036179450072364,5.303261200853404,0.0,0.06048334761051839,True,False,False
7183,あんしん保証,2026-09-15,254.0,255.0,255.0,254.0,254.04,70440.0,254.0,254.0,254.0,254.0,4800.0,0.0,0.0,0.0,-0.39215686274509665,-0.39215686274509665,0.3937007874015741,0.0,0.06814310051107325,False,False,False
7184,富山第一銀行,2026-09-15,3420.0,3575.0,3575.0,3390.0,3302.4,183900.0,3475.0,3485.0,3450.0,3465.0,8000.0,1.3157894736842035,1.6081871345029253,-0.2877697841726645,-3.076923076923077,-3.076923076923077,3.1746031746031855,0.0,0.043501903208265365,False,False,False
7185,ヒロセ通商,2026-09-15,3905.0,3950.0,3950.0,3927.0,3926.4,7260.0,3925.0,3925.0,3925.0,3905.0,8800.0,0.0,0.5121638924455718,-0.5095541401273884,-1.139240506329109,-1.139240506329109,1.1523687580025532,0.0,1.2121212121212122,False,False,False
7186,横浜フィナンシャルグループ,2026-09-15,1887.5,1991.5,1991.5,1892.8,1909.48,4257220.0,1890.0,1901.5,1888.5,1897.0,419400.0,0.5033112582781385,0.13245033112583293,0.37037037037037646,-4.7451669595782064,-4.7451669595782064,4.981549815498165,0.0,0.09851499335246945,True,False,False
7187,ジェイリース,2026-09-15,1325.0,1408.0,1410.0,1317.0,1363.52,50220.0,1328.0,1332.0,1327.0,1325.0,43600.0,0.0,0.22641509433962703,-0.22590361445783413,-5.894886363636365,-6.028368794326244,6.41509433962264,0.14204545454545858,0.8681800079649542,False,False,False
7189,西日本フィナンシャルホールディングス,2026-09-15,4915.0,5094.0,5094.0,4864.4,4807.36,422900.0,4866.0,4948.0,4863.0,4938.0,31200.0,0.4679552390640884,-0.9969481180061024,1.479654747225645,-3.062426383981154,-3.062426383981154,3.159173754556499,0.0,0.07377630645542682,True,False,False
7191,イントラスト,2026-09-15,1184.0,1203.0,1203.0,1159.6,1165.04,32880.0,1193.0,1199.0,1193.0,1184.0,58900.0,0.0,0.7601351351351315,-0.7544006705783701,-1.5793848711554426,-1.5793848711554426,1.604729729729737,0.0,1.7913625304136254,False,False,False
7192,日本モーゲージサービス,2026-09-15,708.0,729.0,729.0,705.8,652.36,66660.0,714.0,715.0,714.0,714.0,7100.0,0.8474576271186418,0.8474576271186418,0.0,-2.0576131687242816,-2.0576131687242816,2.1008403361344463,0.0,0.10651065106510652,False,False,False
7196,Ｃａｓａ,2026-09-15,749.0,750.0,758.0,739.8,744.8,12860.0,750.0,752.0,750.0,752.0,8000.0,0.4005340453938633,0.1335113484646211,0.2666666666666595,0.2666666666666595,-0.79155672823219,0.7978723404255428,1.0666666666666602,0.6220839813374806,True,True,False
7198,ＳＢＩアルヒ,2026-09-15,836.0,850.0,853.0,834.0,838.36,83400.0,837.0,838.0,836.0,838.0,2900.0,0.23923444976077235,0.11961722488038617,0.11947431302270495,-1.4117647058823568,-1.7584994138335253,1.7899761336515496,0.3529411764705781,0.03477218225419664,True,False,False
7199,プレミアグループ,2026-09-15,2075.0,2172.0,2265.0,2052.8,2105.68,187960.0,2070.0,2090.0,2070.0,2084.0,3300.0,0.4337349397590451,-0.24096385542168308,0.6763285024154575,-4.05156537753223,-7.99116997792495,8.685220729366595,4.281767955801108,0.017556927005745904,True,False,False
7201,日産自動車,2026-09-15,312.6000061035156,340.3999938964844,351.5,310.6000061035156,321.91200073242186,27200960.0,314.29998779296875,317.0,314.20001220703125,316.29998779296875,3381600.0,1.1836153605921274,0.5438201075690818,0.6363347367730032,-7.0799079129374,-10.014228223906475,11.128679597063762,3.2608714167283948,0.12431914167735257,True,False,False
7202,いすゞ自動車,2026-09-15,2193.0,2331.5,2332.5,2185.2,2223.44,2336320.0,2204.5,2213.5,2200.0,2211.0,127000.0,0.8207934336525335,0.5243958048335662,0.29485144023588816,-5.168346558009862,-5.209003215434082,5.49525101763908,0.04289084280506561,0.05435899191891522,True,False,False
7203,トヨタ自動車,2026-09-15,3021.0,3269.0,3269.0,3008.4,3059.4,22745820.0,3043.0,3068.0,3035.0,3063.0,2554900.0,1.3902681231380276,0.7282356835484949,0.6572461386789463,-6.30162129091465,-6.30162129091465,6.72543258243552,0.0,0.11232393468338359,True,False,False
7208,カネミツ,2026-09-15,1300.0,1323.0,1360.0,1295.8,1300.96,1560.0,1295.0,1295.0,1295.0,1300.0,1300.0,0.0,-0.38461538461538325,0.38610038610038533,-1.7384731670445963,-4.411764705882348,4.615384615384621,2.7966742252456545,0.8333333333333334,True,False,False
7211,三菱自動車工業,2026-09-15,360.20001220703125,406.2999877929688,406.2999877929688,361.5,363.4520031738281,7946620.0,362.8999938964844,366.0,362.79998779296875,365.3999938964844,714600.0,1.4436372885141324,0.7495784558444907,0.6888950239864577,-10.06645215980787,-10.06645215980787,11.193211433952888,0.0,0.08992502472749421,True,False,False
7212,エフテック,2026-09-15,739.0,765.0,765.0,734.2,735.68,26160.0,738.0,746.0,738.0,739.0,2100.0,0.0,-0.13531799729363803,0.13550135501354532,-3.3986928104575154,-3.3986928104575154,3.518267929634633,0.0,0.08027522935779817,True,False,False
7213,レシップホールディングス,2026-09-15,687.0,693.0,693.0,669.2,670.04,19860.0,687.0,687.0,687.0,687.0,30700.0,0.0,0.0,0.0,-0.8658008658008698,-0.8658008658008698,0.8733624454148492,0.0,1.5458207452165156,False,False,False
7214,ＧＭＢ,2026-09-15,1091.0,1135.0,1184.0,1103.4,1116.08,2040.0,1091.0,1091.0,1090.0,1091.0,3800.0,0.0,0.0,0.0,-3.8766519823788537,-7.854729729729726,8.52428964252978,4.317180616740091,1.8627450980392157,False,False,False
7215,ファルテック,2026-09-15,424.0,460.0,460.0,425.8,433.24,2700.0,427.0,427.0,427.0,424.0,2600.0,0.0,0.7075471698113178,-0.7025761124121788,-7.826086956521738,-7.826086956521738,8.490566037735858,0.0,0.9629629629629629,False,False,False
7217,テイン,2026-09-15,437.0,464.0,467.0,445.8,455.2,4400.0,432.0,435.0,432.0,437.0,6700.0,0.0,-1.1441647597253968,1.157407407407418,-5.818965517241381,-6.423982869379019,6.864988558352403,0.6465517241379226,1.5227272727272727,True,False,False
7218,田中精密工業,2026-09-15,1085.0,1222.0,1222.0,1110.2,1117.84,2600.0,1085.0,1085.0,1085.0,1085.0,2700.0,0.0,0.0,0.0,-11.211129296235677,-11.211129296235677,12.626728110599084,0.0,1.0384615384615385,False,False,False
7219,エッチ・ケー・エス,2026-09-15,2413.0,2685.0,2747.0,2451.0,2573.44,1240.0,2434.0,2434.0,2412.0,2413.0,500.0,0.0,0.8702859510982153,-0.8627773212818379,-10.130353817504655,-12.158718602111396,13.84169084127642,2.3091247672253346,0.4032258064516129,False,False,False
7220,武蔵精密工業,2026-09-15,2724.0,3480.0,3825.0,2726.0,3136.84,818460.0,2676.0,2726.0,2666.0,2716.0,35500.0,-0.2936857562408246,-1.7621145374449365,1.4947683109117982,-21.95402298850575,-28.993464052287578,40.83210603829161,9.913793103448265,0.043374141680717446,True,False,False
7222,日産車体,2026-09-15,918.0,984.0,984.0,918.6,937.44,94000.0,924.0,926.0,922.0,926.0,1800.0,0.8714596949890963,0.6535947712418277,0.21645021645022577,-5.894308943089433,-5.894308943089433,6.263498920086397,0.0,0.019148936170212766,True,False,False
7224,新明和工業,2026-09-15,1912.0,2019.0,2045.0,1902.4,1963.28,138040.0,1915.0,1931.0,1915.0,1912.0,119300.0,0.0,0.1569037656903749,-0.15665796344647154,-5.299653293709761,-6.503667481662589,6.956066945606687,1.2877662209014318,0.8642422486235873,False,False,False
7226,極東開発工業,2026-09-15,2290.0,2377.0,2379.0,2283.0,2319.48,216240.0,2306.0,2319.0,2306.0,2313.0,8100.0,1.0043668122270644,0.6986899563318882,0.30355594102342565,-2.6924694993689546,-2.774274905422447,2.8534370946822207,0.08413967185527671,0.037458379578246395,True,False,False
7228,デイトナ,2026-09-15,3955.0,4100.0,4100.0,3992.0,4016.4,1980.0,3950.0,3995.0,3950.0,3955.0,700.0,0.0,-0.12642225031606058,0.12658227848101333,-3.5365853658536617,-3.5365853658536617,3.6662452591656125,0.0,0.35353535353535354,True,False,False
7231,トピー工業,2026-09-15,3110.0,3195.0,3195.0,3034.0,3052.6,63080.0,3115.0,3140.0,3105.0,3140.0,9800.0,0.9646302250803762,0.1607717041800738,0.8025682182985605,-1.7214397496087663,-1.7214397496087663,1.7515923566878921,0.0,0.1553582752060875,True,False,False
7235,東京ラヂエーター製造,2026-09-15,1566.0,1610.0,1623.0,1537.6,1569.64,25200.0,1566.0,1566.0,1565.0,1566.0,14300.0,0.0,0.0,0.0,-2.7329192546583836,-3.512014787430684,3.6398467432950277,0.8074534161490732,0.5674603174603174,False,False,False
7236,ティラド,2026-09-15,1467.0,1605.0,1611.0,1454.2,1529.68,268520.0,1470.0,1489.0,1469.0,1486.0,17200.0,1.2951601908657073,0.2044989775051187,1.0884353741496655,-7.414330218068532,-7.759155803848539,8.41184387617766,0.37383177570093906,0.06405481900789513,True,False,False
7238,曙ブレーキ工業,2026-09-15,106.0,111.0,116.0,104.6,107.24,3742160.0,108.0,108.0,107.0,106.0,5009300.0,0.0,1.8867924528301883,-1.851851851851849,-4.504504504504503,-8.62068965517241,9.433962264150942,4.504504504504503,1.3386119246638306,False,False,False
7239,タチエス,2026-09-15,2338.0,2405.0,2405.0,2309.4,2335.0,90860.0,2339.0,2354.0,2339.0,2338.0,70400.0,0.0,0.0427715996578204,-0.042753313381782565,-2.7858627858627805,-2.7858627858627805,2.8656971770744333,0.0,0.774818401937046,False,False,False
7240,ＮＯＫ,2026-09-15,2968.0,3138.0,3138.0,2979.2,3032.12,348760.0,2970.0,2996.0,2970.0,2986.0,19800.0,0.6064690026954089,0.06738544474393926,0.5387205387205496,-4.843849585723392,-4.843849585723392,5.09042196918954,0.0,0.056772565661199675,True,False,False
7241,フタバ産業,2026-09-15,1096.0,1146.0,1146.0,1077.4,1100.2,372240.0,1100.0,1104.0,1099.0,1103.0,74700.0,0.6386861313868675,0.36496350364962904,0.27272727272726893,-3.752181500872598,-3.752181500872598,3.8984587488667177,0.0,0.20067698259187622,True,False,False
7242,カヤバ,2026-09-15,4650.0,4910.0,4910.0,4644.0,4688.8,73120.0,4675.0,4700.0,4670.0,4680.0,4900.0,0.6451612903225712,0.5376344086021501,0.10695187165774556,-4.6843177189409335,-4.6843177189409335,4.914529914529919,0.0,0.06701312910284464,True,False,False
7244,市光工業,2026-09-15,556.0,606.0,606.0,554.6,572.04,126340.0,556.0,562.0,556.0,560.0,7400.0,0.7194244604316502,0.0,0.7194244604316502,-7.590759075907593,-7.590759075907593,8.214285714285708,0.0,0.05857210701282254,True,False,False
7245,大同メタル工業,2026-09-15,1101.0,1350.0,1556.0,1109.2,1230.8,383180.0,1113.0,1123.0,1113.0,1116.0,22600.0,1.3623978201634968,1.089918256130784,0.26954177897573484,-17.333333333333336,-28.277634961439592,39.42652329749103,15.259259259259261,0.058980113784644295,True,False,False
7246,プレス工業,2026-09-15,998.0,1056.0,1056.0,994.4,994.76,318380.0,1003.0,1008.0,1002.0,998.0,240800.0,0.0,0.5010020040080221,-0.49850448654037427,-5.492424242424243,-5.492424242424243,5.811623246492981,0.0,0.7563289151328602,False,False,False
7247,ミクニ,2026-09-15,370.0,381.0,381.0,364.8,369.48,35820.0,372.0,372.0,371.0,370.0,31600.0,0.0,0.540540540540535,-0.5376344086021501,-2.887139107611547,-2.887139107611547,2.972972972972965,0.0,0.8821887213847013,False,False,False
7254,ユニバンス,2026-09-15,815.0,850.0,863.0,811.2,818.2,5380.0,837.0,837.0,837.0,815.0,3500.0,0.0,2.6993865030674913,-2.628434886499398,-4.117647058823525,-5.561993047508695,5.88957055214725,1.5294117647058902,0.6505576208178439,False,False,False
7255,桜井製作所,2026-09-15,500.0,529.0,533.0,501.6,512.84,7660.0,504.0,505.0,504.0,500.0,3500.0,0.0,0.8000000000000007,-0.7936507936507908,-5.482041587901698,-6.191369606003749,6.600000000000006,0.7561436672967936,0.45691906005221933,False,False,False
7256,河西工業,2026-09-15,433.0,459.0,511.0,430.2,432.48,92160.0,448.0,465.0,448.0,457.0,77900.0,5.542725173210172,3.4642032332563577,2.008928571428581,-0.43572984749454813,-10.567514677103718,11.816192560175054,11.328976034858385,0.8452690972222222,True,False,False
7259,アイシン,2026-09-15,2221.0,2325.0,2325.0,2210.2,2240.56,3059580.0,2250.0,2252.0,2230.5,2245.0,148600.0,1.0805943268797913,1.3057181449797284,-0.22222222222222365,-3.440860215053765,-3.440860215053765,3.563474387527843,0.0,0.048568757803358634,False,False,False
7261,マツダ,2026-09-15,1147.5,1275.0,1275.0,1135.5,1178.54,5363580.0,1155.0,1173.5,1151.5,1171.5,805000.0,2.091503267973849,0.6535947712418277,1.4285714285714235,-8.117647058823529,-8.117647058823529,8.834827144686308,0.0,0.15008632294102073,True,False,False
7264,ムロコーポレーション,2026-09-15,1358.0,1375.0,1410.0,1338.6,1338.76,1160.0,1358.0,1358.0,1358.0,1358.0,700.0,0.0,0.0,0.0,-1.2363636363636354,-3.687943262411353,3.8291605301914666,2.5454545454545396,0.603448275862069,False,False,False
7265,エイケン工業,2026-09-15,3655.0,3895.0,3905.0,3712.0,3813.8,820.0,3735.0,3735.0,3620.0,3655.0,2300.0,0.0,2.188782489740082,-2.1419009370816644,-6.1617458279846,-6.40204865556978,6.839945280437765,0.25673940949935137,2.8048780487804876,False,False,False
7266,今仙電機製作所,2026-09-15,979.0,1042.0,1042.0,969.2,989.2,22440.0,980.0,980.0,976.0,979.0,24600.0,0.0,0.10214504596526286,-0.10204081632653184,-6.046065259117084,-6.046065259117084,6.435137895812049,0.0,1.0962566844919786,False,False,False
7267,本田技研工業,2026-09-15,1675.0,1762.5,1762.5,1654.5,1685.46,11422740.0,1694.0,1702.5,1692.0,1700.0,1326900.0,1.4925373134328401,1.134328358208947,0.35419126328217754,-3.546099290780147,-3.546099290780147,3.6764705882353033,0.0,0.1161630221820684,True,False,False
7269,スズキ,2026-09-15,2027.0,2288.0,2288.0,2024.0,2084.64,5867600.0,2035.0,2059.0,2032.0,2054.5,799000.0,1.3566847557967332,0.3946719289590561,0.9582309582309545,-10.205419580419584,-10.205419580419584,11.365295692382581,0.0,0.13617151816756426,True,False,False
7270,ＳＵＢＡＲＵ,2026-09-15,2629.0,2749.0,2749.0,2602.8,2614.02,3747100.0,2648.0,2661.5,2631.0,2658.0,231000.0,1.1030810193990215,0.7227082540889995,0.3776435045317328,-3.3102946526009425,-3.3102946526009425,3.423626787057943,0.0,0.0616476742013824,True,False,False
7271,安永,2026-09-15,807.0,829.0,1005.0,804.2,808.96,45320.0,809.0,811.0,809.0,807.0,35100.0,0.0,0.24783147459728205,-0.24721878862793423,-2.6537997587454787,-19.701492537313435,24.5353159851301,21.230398069963808,0.7744924977934686,False,False,False
7272,ヤマハ発動機,2026-09-15,1749.5,1985.5,1987.0,1748.5,1877.68,5683040.0,1760.5,1779.5,1760.0,1776.5,252300.0,1.5432980851671996,0.62875107173479,0.9088327179778366,-10.526315789473683,-10.593860090588825,11.849141570503807,0.07554772097708717,0.04439525324474225,True,False,False
7273,イクヨ,2026-09-15,622.0,683.0,683.0,628.8,599.2,448760.0,620.0,620.0,620.0,622.0,164900.0,0.0,-0.3215434083601254,0.3225806451612856,-8.931185944363108,-8.931185944363108,9.807073954983924,0.0,0.3674569926018362,True,False,False
7276,小糸製作所,2026-09-15,2602.5,2770.0,2770.0,2597.6,2672.42,683060.0,2613.0,2630.0,2613.0,2627.5,43400.0,0.9606147934678289,0.4034582132564912,0.5549177190968146,-5.144404332129959,-5.144404332129959,5.423406279733589,0.0,0.06353761016601762,True,False,False
7277,ＴＢＫ,2026-09-15,338.0,364.0,364.0,336.8,350.96,16520.0,336.0,336.0,336.0,338.0,14200.0,0.0,-0.591715976331364,0.5952380952380931,-7.14285714285714,-7.14285714285714,7.692307692307687,0.0,0.8595641646489104,True,False,False
7278,エクセディ,2026-09-15,5880.0,6290.0,6290.0,5870.0,6093.2,266860.0,5920.0,5950.0,5910.0,5930.0,17700.0,0.8503401360544283,0.6802721088435382,0.16891891891892552,-5.723370429252784,-5.723370429252784,6.070826306914001,0.0,0.06632691298808364,True,False,False
7279,ハイレックスコーポレーション,2026-09-15,2488.0,2759.0,2759.0,2467.0,2552.6,81620.0,2483.0,2514.0,2483.0,2488.0,73900.0,0.0,-0.2009646302250756,0.2013693113169568,-9.82239942007974,-9.82239942007974,10.89228295819935,0.0,0.9054153393776035,True,False,False
7280,ミツバ,2026-09-15,1348.0,1361.0,1361.0,1303.4,1306.88,164400.0,1342.0,1349.0,1340.0,1348.0,171400.0,0.0,-0.4451038575667643,0.44709388971684305,-0.9551800146950784,-0.9551800146950784,0.9643916913946615,0.0,1.0425790754257906,True,False,False
7282,豊田合成,2026-09-15,5138.0,5595.0,5595.0,5109.8,5284.84,470400.0,5167.0,5212.0,5167.0,5212.0,32000.0,1.440249124172821,0.5644219540677398,0.8709115540932899,-6.845397676496868,-6.845397676496868,7.348426707597855,0.0,0.06802721088435375,True,False,False
7283,愛三工業,2026-09-15,2110.0,2394.0,2394.0,2130.2,2264.72,179720.0,2113.0,2136.0,2113.0,2110.0,140400.0,0.0,0.14218009478672577,-0.14197823000473564,-11.86299081035923,-11.86299081035923,13.459715639810433,0.0,0.781215223681282,False,False,False
7284,盟和産業,2026-09-15,1163.0,1203.0,1203.0,1162.6,1177.44,300.0,1165.0,1165.0,1165.0,1163.0,400.0,0.0,0.17196904557179593,-0.17167381974249052,-3.3250207813798838,-3.3250207813798838,3.439380911435941,0.0,1.3333333333333333,False,False,False
7287,日本精機,2026-09-15,2689.0,2825.0,2825.0,2622.6,2650.0,183460.0,2700.0,2707.0,2690.0,2701.0,10400.0,0.4462625511342466,0.40907400520640014,0.037037037037035425,-4.389380530973453,-4.389380530973453,4.590892262125146,0.0,0.05668810639921509,True,False,False
7291,日本プラスト,2026-09-15,466.0,475.0,490.0,459.8,458.08,16560.0,467.0,467.0,467.0,466.0,19300.0,0.0,0.21459227467810482,-0.21413276231263545,-1.8947368421052602,-4.897959183673473,5.150214592274671,3.157894736842115,1.1654589371980677,False,False,False
7292,村上開明堂,2026-09-15,6680.0,7000.0,7000.0,6754.0,6760.8,4000.0,6780.0,6780.0,6780.0,6680.0,4400.0,0.0,1.4970059880239583,-1.4749262536873142,-4.571428571428571,-4.571428571428571,4.79041916167664,0.0,1.1,False,False,False
7294,ヨロズ,2026-09-15,890.0,951.0,951.0,884.6,915.04,39380.0,890.0,895.0,889.0,890.0,42700.0,0.0,0.0,0.0,-6.414300736067302,-6.414300736067302,6.853932584269673,0.0,1.0843067546978162,False,False,False
7296,エフ・シー・シー,2026-09-15,4155.0,4330.0,4330.0,4102.0,4145.2,136920.0,4175.0,4180.0,4165.0,4175.0,10400.0,0.48134777376653837,0.48134777376653837,0.0,-3.5796766743648956,-3.5796766743648956,3.7125748502994105,0.0,0.0759567630733275,False,False,False
7297,カーメイト,2026-09-15,853.0,874.0,880.0,858.8,861.24,2620.0,853.0,853.0,853.0,853.0,5300.0,0.0,0.0,0.0,-2.4027459954233388,-3.0681818181818143,3.165298944900341,0.6864988558352492,2.0229007633587788,False,False,False
7299,フジオーゼックス,2026-09-15,1787.0,1916.0,1916.0,1776.0,1843.76,4580.0,1820.0,1820.0,1781.0,1787.0,2900.0,0.0,1.8466703973139431,-1.8131868131868178,-6.732776617954073,-6.732776617954073,7.218802462227192,0.0,0.6331877729257642,False,False,False
7305,新家工業,2026-09-15,2756.0,2800.0,2800.0,2753.8,2735.76,15360.0,2766.0,2766.0,2758.0,2756.0,9200.0,0.0,0.36284470246734646,-0.3615328994938549,-1.571428571428568,-1.571428571428568,1.59651669085632,0.0,0.5989583333333334,False,False,False
7309,シマノ,2026-09-15,17905.0,20775.0,20775.0,18022.0,19373.0,271580.0,18220.0,18230.0,17985.0,18005.0,28000.0,0.5585032113934574,1.7592851158894085,-1.1800219538968149,-13.33333333333333,-13.33333333333333,15.384615384615374,0.0,0.10310037557993962,False,False,False
7313,テイ・エス　テック,2026-09-15,1807.0,1874.0,1874.0,1805.1,1833.62,299100.0,1813.0,1820.0,1813.0,1818.0,17700.0,0.6087437742114066,0.3320420586607531,0.27578599007169746,-2.9882604055496254,-2.9882604055496254,3.0803080308030806,0.0,0.05917753259779338,True,False,False
7314,小田原機器,2026-09-15,1321.0,1340.0,1340.0,1321.8,1313.36,720.0,1320.0,1320.0,1320.0,1321.0,600.0,0.0,-0.07570022710068347,0.07575757575757347,-1.4179104477611948,-1.4179104477611948,1.4383043149129415,0.0,0.8333333333333334,True,False,False
7318,セレンディップ・ホールディングス,2026-09-15,1344.0,1600.0,2130.0,1325.0,1421.36,75860.0,1339.0,1339.0,1325.0,1325.0,3800.0,-1.4136904761904767,-0.37202380952381375,-1.0455563853622118,-17.1875,-37.79342723004695,60.754716981132084,33.12500000000001,0.05009227524387029,False,False,False
7320,Ｓｏｌｖｖｙ,2026-09-15,1447.0,1500.0,1600.0,1416.2,1454.32,17520.0,1451.0,1464.0,1451.0,1464.0,2900.0,1.1748445058742174,0.27643400138217533,0.8959338387318994,-2.400000000000002,-8.499999999999996,9.289617486338809,6.666666666666665,0.16552511415525115,True,False,False
7322,三十三フィナンシャルグループ,2026-09-15,2022.0,2253.0,2253.0,2068.6,2077.28,597720.0,2025.0,2049.0,2025.0,2045.0,20500.0,1.1374876360039643,0.14836795252226587,0.9876543209876631,-9.23213493120284,-9.23213493120284,10.171149144254276,0.0,0.03429699524861139,True,False,False
7325,アイリックコーポレーション,2026-09-15,685.0,709.0,740.0,689.0,699.88,7200.0,685.0,685.0,684.0,685.0,14100.0,0.0,0.0,0.0,-3.3850493653032387,-7.432432432432434,8.029197080291972,4.37235543018335,1.9583333333333333,False,False,False
7326,ＳＢＩインシュアランスグループ,2026-09-15,2262.0,2276.0,2276.0,2222.4,2134.56,28180.0,2262.0,2271.0,2262.0,2271.0,300.0,0.3978779840848823,0.0,0.3978779840848823,-0.2196836555360293,-0.2196836555360293,0.22016732716865217,0.0,0.0106458481192335,True,False,False
7327,第四北越フィナンシャルグループ,2026-09-15,2614.0,2683.0,2683.0,2615.4,2554.52,833220.0,2630.0,2639.0,2625.0,2635.0,36200.0,0.8033664881407887,0.6120887528691554,0.19011406844107182,-1.7890421170331683,-1.7890421170331683,1.8216318785578833,0.0,0.043445908643575525,True,False,False
7337,ひろぎんホールディングス,2026-09-15,2362.5,2443.5,2443.5,2354.1,2352.22,553000.0,2377.5,2385.0,2363.5,2384.0,27600.0,0.9100529100529053,0.6349206349206327,0.2733964248159859,-2.435031716799674,-2.435031716799674,2.495805369127524,0.0,0.049909584086799276,True,False,False
7343,ブロードマインド,2026-09-15,1252.0,1307.0,1307.0,1263.8,1273.0,1980.0,1264.0,1293.0,1264.0,1252.0,8100.0,0.0,0.9584664536741228,-0.9493670886076,-4.208110175975522,-4.208110175975522,4.392971246006394,0.0,4.090909090909091,False,False,False
7345,アイ・パートナーズフィナンシャル,2026-09-15,930.0,958.0,965.0,938.6,942.04,2060.0,933.0,944.0,930.0,930.0,1000.0,0.0,0.3225806451612856,-0.3215434083601254,-2.9227557411273475,-3.626943005181349,3.7634408602150504,0.7306889352818313,0.4854368932038835,False,False,False
7347,マーキュリアホールディングス,2026-09-15,795.0,812.0,812.0,795.4,792.72,4360.0,796.0,796.0,796.0,795.0,5100.0,0.0,0.12578616352201255,-0.12562814070351536,-2.0935960591133007,-2.0935960591133007,2.1383647798742134,0.0,1.1697247706422018,False,False,False
7350,おきなわフィナンシャルグループ,2026-09-15,7810.0,8030.0,8280.0,7744.0,7770.0,76380.0,7810.0,7890.0,7810.0,7810.0,72000.0,0.0,0.0,0.0,-2.73972602739726,-5.676328502415462,6.017925736235585,3.1133250311332406,0.9426551453260016,False,False,False
7351,グッドパッチ,2026-09-15,495.0,495.0,495.0,482.8,465.48,12860.0,495.0,495.0,495.0,495.0,11000.0,0.0,0.0,0.0,0.0,0.0,0.0,0.0,0.8553654743390358,False,False,False
7352,ＴＷＯＳＴＯＮＥ＆Ｓｏｎｓ,2026-09-15,319.0,384.0,384.0,320.0,340.84,53220.0,318.0,321.0,318.0,319.0,105000.0,0.0,-0.31347962382445305,0.3144654088050425,-16.927083333333336,-16.927083333333336,20.376175548589348,0.0,1.9729425028184893,True,False,False
7353,ＫＩＹＯラーニング,2026-09-15,499.0,560.0,568.0,512.2,537.08,22420.0,498.0,500.0,498.0,499.0,8100.0,0.0,-0.2004008016032066,0.20080321285140812,-10.892857142857137,-12.147887323943662,13.827655310621246,1.4285714285714235,0.36128456735057984,True,False,False
7354,ダイレクトマーケティングミックス,2026-09-15,397.0,433.0,433.0,390.2,381.92,453800.0,394.0,397.0,394.0,397.0,19000.0,0.0,-0.7556675062972307,0.761421319796951,-8.314087759815248,-8.314087759815248,9.068010075566747,0.0,0.04186866460996033,True,False,False
7356,Ｒｅｔｔｙ,2026-09-15,114.0,143.0,143.0,115.0,117.32,15740.0,117.0,124.0,116.0,117.0,49100.0,2.6315789473684292,2.6315789473684292,0.0,-18.181818181818176,-18.181818181818176,22.222222222222232,0.0,3.119440914866582,False,False,False
7357,ジオコード,2026-09-15,1700.0,1980.0,1980.0,1691.6,1756.2,4800.0,1690.0,1707.0,1690.0,1700.0,1400.0,0.0,-0.588235294117645,0.591715976331364,-14.141414141414144,-14.141414141414144,16.470588235294127,0.0,0.2916666666666667,True,False,False
7358,ポピンズ,2026-09-15,1809.0,1918.0,1918.0,1794.2,1810.76,12680.0,1800.0,1800.0,1800.0,1809.0,15900.0,0.0,-0.497512437810943,0.49999999999998934,-5.683003128258601,-5.683003128258601,6.025428413488121,0.0,1.2539432176656151,True,False,False
7359,東京通信グループ,2026-09-15,282.0,303.0,303.0,275.4,266.24,51280.0,283.0,283.0,282.0,282.0,30400.0,0.0,0.35460992907800915,-0.35335689045936647,-6.930693069306926,-6.930693069306926,7.446808510638303,0.0,0.592823712948518,False,False,False
7360,オンデック,2026-09-15,658.0,671.0,671.0,647.0,647.4,1140.0,650.0,650.0,650.0,658.0,3200.0,0.0,-1.2158054711246202,1.2307692307692353,-1.9374068554396384,-1.9374068554396384,1.9756838905775176,0.0,2.807017543859649,True,False,False
7361,ヒューマンクリエイションホールディングス,2026-09-15,1199.0,1210.0,1210.0,1195.0,1195.04,2240.0,1199.0,1199.0,1199.0,1199.0,2600.0,0.0,0.0,0.0,-0.9090909090909038,-0.9090909090909038,0.917431192660545,0.0,1.1607142857142858,False,False,False
7362,Ｔ．Ｓ．Ｉ,2026-09-15,878.0,894.0,900.0,869.4,868.12,600.0,878.0,878.0,878.0,878.0,700.0,0.0,0.0,0.0,-1.7897091722595126,-2.444444444444449,2.505694760820054,0.6711409395973256,1.1666666666666667,False,False,False
7363,ベビーカレンダー,2026-09-15,1299.0,1341.0,1970.0,1288.2,1304.8,1120.0,1380.0,1380.0,1380.0,1380.0,3100.0,6.235565819861422,6.235565819861422,0.0,2.9082774049216997,-29.949238578680205,42.75362318840579,46.90529455630126,2.767857142857143,False,True,False
7366,ＬＩＴＡＬＩＣＯ,2026-09-15,1850.0,1947.0,1947.0,1799.2,1838.64,78880.0,1850.0,1855.0,1815.0,1850.0,72100.0,0.0,0.0,0.0,-4.982023626091426,-4.982023626091426,5.243243243243234,0.0,0.9140466531440162,False,False,False
7367,セルム,2026-09-15,332.0,339.0,339.0,331.4,333.48,10540.0,332.0,332.0,332.0,332.0,3000.0,0.0,0.0,0.0,-2.0648967551622377,-2.0648967551622377,2.108433734939763,0.0,0.2846299810246679,False,False,False
7368,表示灯,2026-09-15,1700.0,1729.0,1729.0,1694.4,1705.84,960.0,1681.0,1711.0,1681.0,1700.0,1300.0,0.0,-1.1176470588235343,1.1302795954788891,-1.6772700983227251,-1.6772700983227251,1.7058823529411793,0.0,1.3541666666666667,True,False,False
7369,メイホーホールディングス,2026-09-15,370.0,476.0,476.0,373.6,362.76,8080.0,372.0,372.0,372.0,370.0,10200.0,0.0,0.540540540540535,-0.5376344086021501,-22.26890756302521,-22.26890756302521,28.648648648648646,0.0,1.2623762376237624,False,False,False
7370,Ｅｎｊｉｎ,2026-09-15,710.0,721.0,721.0,712.4,714.32,2420.0,712.0,712.0,712.0,710.0,2500.0,0.0,0.28169014084507005,-0.2808988764044895,-1.5256588072122046,-1.5256588072122046,1.5492957746478853,0.0,1.0330578512396693,False,False,False
7371,Ｚｅｎｋｅｎ,2026-09-15,810.0,824.0,824.0,798.6,779.32,14840.0,808.0,808.0,808.0,810.0,27600.0,0.0,-0.24691358024691024,0.24752475247524774,-1.6990291262135915,-1.6990291262135915,1.7283950617283939,0.0,1.8598382749326146,True,False,False
7372,デコルテ・ホールディングス,2026-09-15,391.0,407.0,408.0,391.0,392.12,5300.0,391.0,391.0,390.0,391.0,7300.0,0.0,0.0,0.0,-3.9312039312039304,-4.1666666666666625,4.347826086956519,0.24570024570025328,1.3773584905660377,False,False,False
7373,アイドマ・ホールディングス,2026-09-15,920.0,1006.0,1006.0,911.6,944.72,83080.0,920.0,925.0,918.0,924.0,3900.0,0.43478260869564966,0.0,0.43478260869564966,-8.151093439363821,-8.151093439363821,8.87445887445888,0.0,0.04694270582571016,True,False,False
7374,コンフィデンス・インターワークス,2026-09-15,1515.0,1550.0,1550.0,1521.8,1523.96,12000.0,1515.0,1517.0,1515.0,1515.0,14500.0,0.0,0.0,0.0,-2.2580645161290325,-2.2580645161290325,2.310231023102305,0.0,1.2083333333333333,False,False,False
7375,リファインバースグループ,2026-09-15,1272.0,1310.0,1333.0,1197.4,1191.2,111580.0,1324.0,1330.0,1305.0,1317.0,21100.0,3.5377358490566113,4.088050314465419,-0.5287009063444148,0.5343511450381699,-1.2003000750187565,1.214882308276377,1.7557251908396854,0.18910198960387167,False,True,False
7376,ＢＣＣ,2026-09-15,785.0,960.0,1139.0,771.0,850.08,38580.0,785.0,785.0,785.0,785.0,1600.0,0.0,0.0,0.0,-18.229166666666664,-31.079894644424932,45.09554140127388,18.64583333333334,0.041472265422498704,False,False,False
7377,ＤＮホールディングス,2026-09-15,1693.0,1748.0,1754.0,1700.4,1701.28,3960.0,1703.0,1703.0,1703.0,1693.0,82500.0,0.0,0.5906674542232704,-0.5871990604815025,-3.1464530892448495,-3.477765108323827,3.6030714707619538,0.3432494279176135,20.833333333333332,False,False,False
7378,アシロ,2026-09-15,1507.0,1674.0,1674.0,1536.0,1542.48,13200.0,1507.0,1509.0,1507.0,1507.0,11100.0,0.0,0.0,0.0,-9.976105137395464,-9.976105137395464,11.081619110816199,0.0,0.8409090909090909,False,False,False
7380,十六フィナンシャルグループ,2026-09-15,2617.0,2706.0,2706.0,2618.2,2585.0,386180.0,2649.0,2660.0,2641.0,2649.0,28900.0,1.2227741688956906,1.2227741688956906,0.0,-2.106430155210648,-2.106430155210648,2.1517553793884536,0.0,0.07483556890569165,False,False,False
7381,ＣＣＩグループ,2026-09-15,1293.0,1319.0,1319.0,1285.2,1262.28,376740.0,1293.0,1305.0,1292.0,1293.0,279600.0,0.0,0.0,0.0,-1.9711902956785488,-1.9711902956785488,2.010827532869297,0.0,0.7421563943303073,False,False,False
7383,ネットプロテクションズホールディングス,2026-09-15,385.0,474.0,474.0,385.6,424.92,614180.0,381.0,382.0,380.0,380.0,34700.0,-1.2987012987012991,-1.0389610389610393,-0.2624671916010457,-19.831223628691987,-19.831223628691987,24.736842105263168,0.0,0.056498095021003614,False,False,False
7384,プロクレアホールディングス,2026-09-15,5160.0,5230.0,5230.0,5075.0,4718.0,103480.0,5230.0,5280.0,5200.0,5240.0,9200.0,1.5503875968992276,1.3565891472868241,0.19120458891013214,0.19120458891013214,0.19120458891013214,-0.1908396946564861,0.0,0.0889060688055663,True,True,True
7388,ＦＰパートナー,2026-09-15,2314.0,2369.0,2369.0,2304.0,2285.92,21740.0,2330.0,2332.0,2324.0,2314.0,18200.0,0.0,0.6914433880726101,-0.6866952789699621,-2.321654706627274,-2.321654706627274,2.3768366464995694,0.0,0.8371665133394665,False,False,False
7389,あいちフィナンシャルグループ,2026-09-15,1968.0,2014.0,2014.0,1944.6,1879.16,1179100.0,1966.0,1985.0,1966.0,1980.0,42600.0,0.6097560975609762,-0.10162601626015899,0.7121057985757906,-1.688182720953324,-1.688182720953324,1.7171717171717171,0.0,0.036129251123738444,True,False,False
7399,ナンシン,2026-09-15,613.0,630.0,630.0,614.8,608.2,1620.0,619.0,619.0,619.0,613.0,2900.0,0.0,0.978792822185981,-0.9693053311793265,-2.6984126984127,-2.6984126984127,2.7732463295269127,0.0,1.7901234567901234,False,False,False
7409,ＡｅｒｏＥｄｇｅ,2026-09-15,1435.0,1683.0,1774.0,1433.8,1502.2,123240.0,1440.0,1450.0,1440.0,1435.0,87300.0,0.0,0.34843205574912606,-0.347222222222221,-14.735591206179443,-19.10935738444194,23.623693379790932,5.4070112893642275,0.7083739045764362,False,False,False
7412,アトム,2026-09-15,361.0,395.0,395.0,365.0,373.52,379240.0,361.0,364.0,361.0,364.0,56500.0,0.8310249307479145,0.0,0.8310249307479145,-7.848101265822782,-7.848101265822782,8.516483516483508,0.0,0.14898217487606794,True,False,False
7413,創健社,2026-09-15,2820.0,2860.0,2860.0,2756.0,2676.4,900.0,2770.0,2770.0,2770.0,2820.0,700.0,0.0,-1.773049645390068,1.8050541516245522,-1.3986013986013957,-1.3986013986013957,1.4184397163120588,0.0,0.7777777777777778,True,False,False
7414,小野建,2026-09-15,1413.0,1475.0,1475.0,1410.4,1440.0,46020.0,1420.0,1425.0,1420.0,1425.0,3000.0,0.849256900212314,0.4953998584571906,0.35211267605634866,-3.3898305084745783,-3.3898305084745783,3.5087719298245723,0.0,0.0651890482398957,True,False,False
7416,はるやまホールディングス,2026-09-15,682.0,699.0,699.0,682.8,684.2,1200.0,686.0,686.0,686.0,682.0,2100.0,0.0,0.5865102639296182,-0.5830903790087438,-2.4320457796852657,-2.4320457796852657,2.4926686217008776,0.0,1.75,False,False,False
7417,南陽,2026-09-15,1899.0,1949.0,1949.0,1860.2,1876.36,2960.0,1909.0,1909.0,1909.0,1899.0,3500.0,0.0,0.526592943654558,-0.5238344683080154,-2.5654181631605932,-2.5654181631605932,2.632964718272768,0.0,1.1824324324324325,False,False,False
7419,ノジマ,2026-09-15,1259.0,1298.0,1333.0,1242.2,1271.68,497760.0,1254.0,1272.0,1254.0,1271.0,53600.0,0.9531374106433788,-0.3971405877680745,1.3556618819776656,-2.080123266563949,-4.651162790697672,4.878048780487809,2.6964560862865916,0.10768241722918676,True,False,False
7421,カッパ・クリエイト,2026-09-15,1639.0,1648.0,1648.0,1620.6,1609.48,75780.0,1640.0,1640.0,1632.0,1639.0,72200.0,0.0,0.06101281269066394,-0.060975609756097615,-0.5461165048543659,-0.5461165048543659,0.5491153142159755,0.0,0.9527579836368435,False,False,False
7422,東邦レマック,2026-09-15,417.0,430.0,430.0,403.0,376.2,4620.0,426.0,426.0,413.0,417.0,6700.0,0.0,2.158273381294973,-2.1126760563380254,-3.023255813953485,-3.023255813953485,3.1175059952038398,0.0,1.4502164502164503,False,False,False
7425,初穂商事,2026-09-15,1092.0,1198.0,1219.0,1104.2,1145.32,1540.0,1097.0,1097.0,1097.0,1092.0,500.0,0.0,0.45787545787545625,-0.45578851412944044,-8.848080133555925,-10.418375717801476,11.630036630036633,1.7529215358931483,0.3246753246753247,False,False,False
7426,山大,2026-09-15,594.0,679.0,680.0,597.2,618.72,760.0,593.0,597.0,593.0,594.0,400.0,0.0,-0.16835016835017313,0.1686340640809414,-12.51840942562592,-12.647058823529411,14.478114478114467,0.14727540500736325,0.5263157894736842,True,False,False
7427,エコートレーディング,2026-09-15,821.0,854.0,854.0,825.8,833.16,3740.0,824.0,825.0,824.0,821.0,7000.0,0.0,0.3654080389768666,-0.364077669902918,-3.864168618266983,-3.864168618266983,4.019488428745421,0.0,1.8716577540106951,False,False,False
7433,伯東,2026-09-15,5500.0,5560.0,5560.0,5362.0,5270.4,99300.0,5540.0,5540.0,5520.0,5500.0,141100.0,0.0,0.727272727272732,-0.7220216606498187,-1.0791366906474864,-1.0791366906474864,1.090909090909098,0.0,1.4209466263846928,False,False,False
7434,オータケ,2026-09-15,1845.0,1850.0,1850.0,1825.4,1822.84,1500.0,1845.0,1845.0,1845.0,1845.0,100.0,0.0,0.0,0.0,-0.2702702702702675,-0.2702702702702675,0.27100271002709064,0.0,0.06666666666666667,False,False,False
7435,ナ・デックス,2026-09-15,1242.0,1388.0,1388.0,1255.6,1308.76,24020.0,1265.0,1266.0,1260.0,1242.0,12700.0,0.0,1.85185185185186,-1.8181818181818188,-10.518731988472618,-10.518731988472618,11.755233494363937,0.0,0.5287260616153205,False,False,False
7438,コンドーテック,2026-09-15,1731.0,1747.0,1747.0,1727.0,1668.36,43300.0,1718.0,1736.0,1718.0,1736.0,3300.0,0.2888503755054783,-0.7510109763142703,1.0477299185098987,-0.6296508299942771,-0.6296508299942771,0.6336405529953959,0.0,0.07621247113163972,True,False,False
7442,中山福,2026-09-15,475.0,493.0,497.0,474.0,483.16,9980.0,477.0,477.0,477.0,475.0,9600.0,0.0,0.42105263157894424,-0.41928721174003813,-3.6511156186612603,-4.426559356136817,4.631578947368431,0.8113590263691739,0.9619238476953907,False,False,False
7443,横浜魚類,2026-09-15,667.0,684.0,684.0,664.0,664.76,3160.0,667.0,667.0,667.0,667.0,2600.0,0.0,0.0,0.0,-2.4853801169590684,-2.4853801169590684,2.5487256371814038,0.0,0.8227848101265823,False,False,False
7444,ハリマ共和物産,2026-09-15,1976.0,2015.0,2036.0,1987.8,1983.16,980.0,1985.0,1985.0,1985.0,1976.0,1400.0,0.0,0.45546558704452345,-0.45340050377833396,-1.9354838709677469,-2.946954813359526,3.0364372469635637,1.042183622828774,1.4285714285714286,False,False,False
7446,東北化学薬品,2026-09-15,4460.0,4585.0,4585.0,4508.0,4471.6,240.0,4460.0,4460.0,4460.0,4460.0,100.0,0.0,0.0,0.0,-2.726281352235549,-2.726281352235549,2.8026905829596327,0.0,0.4166666666666667,False,False,False
7447,ナガイレーベン,2026-09-15,1651.0,1827.0,1827.0,1645.8,1727.64,56860.0,1653.0,1656.0,1652.0,1656.0,3100.0,0.30284675953966556,0.12113870381587066,0.1814882032667775,-9.35960591133005,-9.35960591133005,10.32608695652173,0.0,0.054519873373197324,True,False,False
7453,良品計画,2026-09-15,4003.0,4399.0,4625.0,4024.0,4251.52,2979540.0,3991.0,4006.0,3967.0,3988.0,173500.0,-0.3747189607794188,-0.2997751686235284,-0.07516913054372854,-9.343032507388038,-13.772972972972974,15.972918756268806,5.137531257103878,0.058230465105351834,False,False,False
7456,松田産業,2026-09-15,6860.0,7550.0,7550.0,7022.0,6977.6,114620.0,6910.0,6980.0,6910.0,6930.0,4900.0,1.0204081632652962,0.7288629737609353,0.28943560057888007,-8.21192052980132,-8.21192052980132,8.946608946608947,0.0,0.04274995637759553,True,False,False
7458,第一興商,2026-09-15,1869.0,1914.5,1914.5,1844.4,1858.56,308400.0,1882.5,1890.0,1879.0,1889.5,143800.0,1.0968432316746934,0.7223113964687,0.3718459495351878,-1.3058239749281775,-1.3058239749281775,1.3231013495633714,0.0,0.4662775616083009,True,False,False
7459,メディパルホールディングス,2026-09-15,2923.5,3000.0,3000.0,2902.2,2890.04,338840.0,2947.5,2957.5,2919.5,2954.5,24100.0,1.0603728407730495,0.8209338122113996,0.23748939779473233,-1.5166666666666662,-1.5166666666666662,1.5400236926721877,0.0,0.07112501475622712,True,False,False
7460,ヤギ,2026-09-15,1632.0,1733.0,1733.0,1650.4,1678.24,13400.0,1619.0,1621.0,1588.0,1632.0,35400.0,0.0,-0.7965686274509776,0.8029647930821504,-5.828043854587417,-5.828043854587417,6.1887254901960675,0.0,2.6417910447761193,True,False,False
7461,キムラ,2026-09-15,468.0,495.0,495.0,475.0,477.76,2600.0,460.0,461.0,458.0,468.0,18400.0,0.0,-1.7094017094017144,1.7391304347825987,-5.454545454545457,-5.454545454545457,5.769230769230771,0.0,7.076923076923077,True,False,False
7462,ＣＡＰＩＴＡ,2026-09-15,403.0,410.0,418.0,403.4,393.88,15360.0,406.0,408.0,406.0,403.0,17400.0,0.0,0.7444168734491274,-0.7389162561576401,-1.7073170731707332,-3.5885167464114853,3.7220843672456594,1.9512195121951237,1.1328125,False,False,False
7463,アドヴァングループ,2026-09-15,968.0,974.0,974.0,960.2,953.44,27460.0,974.0,979.0,967.0,968.0,61900.0,0.0,0.6198347107438051,-0.6160164271047264,-0.6160164271047264,-0.6160164271047264,0.6198347107438051,0.0,2.2541879096868174,False,False,False
7464,セフテック,2026-09-15,1519.0,1560.0,1560.0,1513.2,1531.0,1720.0,1502.0,1525.0,1502.0,1519.0,1900.0,0.0,-1.1191573403554922,1.131824234354184,-2.62820512820513,-2.62820512820513,2.699144173798551,0.0,1.1046511627906976,True,False,False
7466,ＳＰＫ,2026-09-15,1428.0,1500.0,1500.0,1427.4,1435.32,27240.0,1428.0,1438.0,1428.0,1436.0,2900.0,0.5602240896358524,0.0,0.5602240896358524,-4.266666666666663,-4.266666666666663,4.456824512534818,0.0,0.10646108663729809,True,False,False
7472,鳥羽洋行,2026-09-15,3900.0,3995.0,3995.0,3900.0,3909.6,360.0,3935.0,3935.0,3900.0,3900.0,600.0,0.0,0.8974358974358942,-0.8894536213468918,-2.377972465581979,-2.377972465581979,2.4358974358974272,0.0,1.6666666666666667,False,False,False
7475,アルビス,2026-09-15,3765.0,3775.0,3775.0,3602.0,2739.44,260020.0,3765.0,3770.0,3765.0,3765.0,105400.0,0.0,0.0,0.0,-0.26490066225165476,-0.26490066225165476,0.26560424966799445,0.0,0.40535343435120375,False,False,False
7476,アズワン,2026-09-15,2510.0,2556.5,2556.5,2478.6,2450.8,122900.0,2522.0,2540.0,2522.0,2533.0,6200.0,0.9163346613545897,0.47808764940238113,0.4361617763679604,-0.9192255036182262,-0.9192255036182262,0.9277536517962925,0.0,0.05044751830756713,True,False,False
7477,ムラキ,2026-09-15,1557.0,1640.0,1700.0,1560.0,1565.44,1080.0,1517.0,1517.0,1517.0,1557.0,1500.0,0.0,-2.5690430314707746,2.6367831245879936,-5.0609756097561025,-8.411764705882351,9.184328837508037,3.658536585365857,1.3888888888888888,True,False,False
7480,スズデン,2026-09-15,3510.0,3620.0,3620.0,3445.0,3421.6,53700.0,3485.0,3530.0,3485.0,3530.0,4700.0,0.5698005698005604,-0.7122507122507171,1.2912482065997155,-2.4861878453038666,-2.4861878453038666,2.5495750708215192,0.0,0.08752327746741155,True,False,False
7481,尾家産業,2026-09-15,2580.0,2641.0,2641.0,2601.0,2598.12,2280.0,2580.0,2599.0,2578.0,2580.0,5200.0,0.0,0.0,0.0,-2.3097311624384664,-2.3097311624384664,2.3643410852713265,0.0,2.280701754385965,False,False,False
7482,シモジマ,2026-09-15,1516.0,1579.0,1579.0,1503.4,1508.36,59760.0,1506.0,1513.0,1505.0,1516.0,34400.0,0.0,-0.6596306068601621,0.6640106241699861,-3.9898670044331896,-3.9898670044331896,4.155672823219003,0.0,0.5756358768406962,True,False,False
7483,ドウシシャ,2026-09-15,3110.0,3120.0,3120.0,3074.0,3032.24,64660.0,3130.0,3145.0,3130.0,3145.0,3400.0,1.12540192926045,0.6430868167202508,0.4792332268370503,0.8012820512820484,0.8012820512820484,-0.7949125596184436,0.0,0.05258274048871018,True,True,True
7486,サンリン,2026-09-15,805.0,838.0,838.0,797.8,807.32,1460.0,799.0,799.0,799.0,805.0,800.0,0.0,-0.7453416149068359,0.7509386733416834,-3.9379474940334114,-3.9379474940334114,4.09937888198757,0.0,0.547945205479452,True,False,False
7487,小津産業,2026-09-15,1842.0,1854.0,1854.0,1825.2,1800.48,7260.0,1849.0,1849.0,1840.0,1842.0,10300.0,0.0,0.3800217155266017,-0.37858301784748916,-0.6472491909385147,-0.6472491909385147,0.6514657980456029,0.0,1.418732782369146,False,False,False
7490,日新商事,2026-09-15,2186.0,2191.0,2191.0,2186.2,2187.68,4540.0,2186.0,2187.0,2186.0,2186.0,4000.0,0.0,0.0,0.0,-0.22820629849383822,-0.22820629849383822,0.22872827081428238,0.0,0.8810572687224669,False,False,False
7494,コナカ,2026-09-15,243.0,250.0,250.0,243.2,242.24,23880.0,242.0,242.0,242.0,243.0,34400.0,0.0,-0.4115226337448541,0.4132231404958775,-2.8000000000000025,-2.8000000000000025,2.8806584362139898,0.0,1.440536013400335,True,False,False
7500,西川計測,2026-09-15,9940.0,10020.0,10020.0,10004.0,9810.0,20.0,10020.0,10020.0,10020.0,9940.0,200.0,0.0,0.8048289738430636,-0.7984031936127733,-0.7984031936127733,-0.7984031936127733,0.8048289738430636,0.0,10.0,False,False,False
7501,ティムコ,2026-09-15,1450.0,1500.0,1740.0,1450.8,1465.68,260.0,1420.0,1420.0,1420.0,1450.0,1100.0,0.0,-2.0689655172413834,2.1126760563380254,-3.3333333333333326,-16.666666666666664,19.999999999999996,15.999999999999993,4.230769230769231,True,False,False
7502,プラザホールディングス,2026-09-15,1702.0,1719.0,1719.0,1707.2,1684.88,760.0,1703.0,1710.0,1702.0,1702.0,1000.0,0.0,0.0587544065804968,-0.05871990604815469,-0.9889470622454932,-0.9889470622454932,0.9988249118684012,0.0,1.3157894736842106,False,False,False
7504,高速,2026-09-15,4305.0,5200.0,5200.0,4405.0,4717.4,46300.0,4305.0,4365.0,4305.0,4365.0,4400.0,1.3937282229965264,0.0,1.3937282229965264,-16.057692307692307,-16.057692307692307,19.129438717067583,0.0,0.09503239740820735,True,False,False
7505,扶桑電通,2026-09-15,2106.0,2247.0,2354.0,2137.0,2136.72,31500.0,2111.0,2122.0,2111.0,2106.0,11300.0,0.0,0.23741690408356497,-0.2368545712932213,-6.275033377837113,-10.535259133389975,11.775878442545107,4.761904761904767,0.35873015873015873,False,False,False
7506,ハウス　オブ　ローゼ,2026-09-15,1388.0,1390.0,1396.0,1383.6,1383.08,1040.0,1380.0,1380.0,1380.0,1388.0,800.0,0.0,-0.5763688760806907,0.5797101449275255,-0.14388489208633226,-0.5730659025787954,0.5763688760807018,0.4316546762589857,0.7692307692307693,True,False,False
7508,Ｇ‐７ホールディングス,2026-09-15,1439.0,1468.0,1468.0,1423.2,1434.96,44840.0,1442.0,1451.0,1442.0,1451.0,3300.0,0.8339124391938846,0.20847810979847115,0.6241331484049928,-1.1580381471389622,-1.1580381471389622,1.1716057891109521,0.0,0.0735950044603033,True,False,False
7509,アイエーグループ,2026-09-15,4765.0,4920.0,4920.0,4713.0,4772.4,120.0,4765.0,4765.0,4765.0,4765.0,200.0,0.0,0.0,0.0,-3.1504065040650397,-3.1504065040650397,3.2528856243441817,0.0,1.6666666666666667,False,False,False
7510,たけびし,2026-09-15,2696.0,2816.0,2952.0,2651.2,2753.24,35800.0,2700.0,2733.0,2700.0,2733.0,15100.0,1.3724035608308593,0.14836795252226587,1.2222222222222134,-2.9474431818181768,-7.418699186991873,8.013172338090001,4.829545454545459,0.42178770949720673,True,False,False
7512,イオン北海道,2026-09-15,869.0,870.0,870.0,862.4,858.96,129200.0,870.0,870.0,867.0,869.0,94500.0,0.0,0.11507479861909697,-0.11494252873562871,-0.11494252873562871,-0.11494252873562871,0.11507479861909697,0.0,0.7314241486068112,False,False,False
7513,コジマ,2026-09-15,1458.0,1517.0,1517.0,1429.2,1419.64,176060.0,1460.0,1470.0,1459.0,1466.0,20600.0,0.5486968449931462,0.137174211248281,0.4109589041095818,-3.3618984838497012,-3.3618984838497012,3.47885402455661,0.0,0.11700556628422129,True,False,False
7514,ヒマラヤ,2026-09-15,852.0,885.0,888.0,851.2,866.32,4640.0,852.0,852.0,852.0,852.0,2500.0,0.0,0.0,0.0,-3.7288135593220306,-4.054054054054057,4.225352112676051,0.3389830508474523,0.5387931034482759,False,False,False
7515,マルヨシセンター,2026-09-15,4580.0,4660.0,4670.0,4636.0,4616.2,120.0,4580.0,4580.0,4580.0,4580.0,700.0,0.0,0.0,0.0,-1.716738197424894,-1.927194860813708,1.9650655021834051,0.21459227467810482,5.833333333333333,False,False,False
7516,コーナン商事,2026-09-15,4530.0,4575.0,4575.0,4462.0,4430.0,74620.0,4550.0,4565.0,4550.0,4565.0,3600.0,0.7726269315673218,0.44150110375276164,0.3296703296703285,-0.21857923497268228,-0.21857923497268228,0.21905805038335835,0.0,0.04824443848834093,True,False,False
7520,エコス,2026-09-15,2598.0,2682.0,2682.0,2540.2,2560.36,16120.0,2597.0,2605.0,2597.0,2598.0,14200.0,0.0,-0.038491147036179285,0.03850596842509546,-3.1319910514541416,-3.1319910514541416,3.23325635103926,0.0,0.8808933002481389,True,False,False
7522,ワタミ,2026-09-15,916.0,990.0,1017.0,912.8,952.72,144640.0,916.0,918.0,916.0,917.0,51000.0,0.10917030567685337,0.0,0.10917030567685337,-7.373737373737377,-9.832841691248772,10.905125408942196,2.7272727272727337,0.3525995575221239,True,False,False
7523,アールビバン,2026-09-15,1875.0,1900.0,1900.0,1876.2,1884.36,4180.0,1876.0,1876.0,1876.0,1875.0,1300.0,0.0,0.05333333333332746,-0.05330490405117683,-1.3157894736842146,-1.3157894736842146,1.333333333333342,0.0,0.31100478468899523,False,False,False
7524,マルシェ,2026-09-15,177.0,185.0,185.0,176.8,177.64,17900.0,175.0,175.0,175.0,177.0,23500.0,0.0,-1.1299435028248594,1.1428571428571344,-4.324324324324325,-4.324324324324325,4.519774011299438,0.0,1.312849162011173,True,False,False
7525,リックス,2026-09-15,3570.0,3735.0,3800.0,3539.0,3636.4,11740.0,3570.0,3570.0,3570.0,3570.0,8100.0,0.0,0.0,0.0,-4.417670682730924,-6.052631578947365,6.442577030812324,1.7402945113788482,0.6899488926746167,False,False,False
7527,システムソフト,2026-09-15,50.0,55.0,55.0,51.0,53.08,1358720.0,49.0,50.0,49.0,50.0,1589800.0,0.0,-2.0000000000000018,2.0408163265306145,-9.090909090909093,-9.090909090909093,10.000000000000009,0.0,1.170071832312765,True,False,False
7532,パン・パシフィック・インターナショナルホールディングス,2026-09-15,727.2999877929688,854.5,939.5,738.3199829101562,809.9399975585937,17329680.0,720.0999755859375,726.7000122070312,719.7999877929688,726.5,1221800.0,-0.10999419859697435,-0.9899645714115946,0.8887688697468477,-14.979520187243999,-22.671633847791384,29.318651066758438,9.947337624341724,0.07050332146929429,True,False,False
7537,丸文,2026-09-15,1789.0,1908.0,1924.0,1775.2,1811.2,73980.0,1790.0,1804.0,1790.0,1789.0,52300.0,0.0,0.05589714924538747,-0.055865921787712214,-6.236897274633124,-7.016632016632018,7.546115148127441,0.8385744234800763,0.706947823736145,False,False,False
7538,大水,2026-09-15,392.0,399.0,408.0,392.0,390.84,3880.0,391.0,391.0,391.0,392.0,8800.0,0.0,-0.25510204081632404,0.2557544757033181,-1.7543859649122862,-3.9215686274509776,4.081632653061229,2.2556390977443552,2.268041237113402,True,False,False
7539,アイナボホールディングス,2026-09-15,811.0,822.0,822.0,809.4,804.28,11200.0,814.0,814.0,814.0,811.0,8600.0,0.0,0.36991368680641123,-0.3685503685503688,-1.338199513381999,-1.338199513381999,1.3563501849568338,0.0,0.7678571428571429,False,False,False
7544,スリーエフ,2026-09-15,554.0,567.0,567.0,552.4,556.56,4120.0,554.0,554.0,554.0,554.0,2700.0,0.0,0.0,0.0,-2.2927689594356315,-2.2927689594356315,2.3465703971119023,0.0,0.6553398058252428,False,False,False
7545,西松屋チェーン,2026-09-15,1964.0,2055.0,2055.0,1953.4,1999.84,160220.0,1964.0,1972.0,1964.0,1968.0,5400.0,0.20366598778003286,0.0,0.20366598778003286,-4.233576642335768,-4.233576642335768,4.4207317073170715,0.0,0.03370365747097741,True,False,False
7550,ゼンショーホールディングス,2026-09-15,11340.0,12070.0,12070.0,11436.0,11585.0,457280.0,11305.0,11305.0,10915.0,11020.0,77100.0,-2.821869488536155,-0.30864197530864335,-2.5210084033613467,-8.699254349627171,-8.699254349627171,9.528130671506352,0.0,0.16860566829951015,False,False,False
7551,ウェッズ,2026-09-15,711.0,750.0,750.0,709.2,721.92,8620.0,708.0,708.0,708.0,711.0,9900.0,0.0,-0.42194092827003704,0.4237288135593209,-5.200000000000005,-5.200000000000005,5.485232067510548,0.0,1.148491879350348,True,False,False
7552,ハピネット,2026-09-15,3900.0,3965.0,3965.0,3791.0,3679.4,142380.0,3900.0,3940.0,3900.0,3925.0,5900.0,0.6410256410256387,0.0,0.6410256410256387,-1.0088272383354302,-1.0088272383354302,1.0191082802547768,0.0,0.04143840427026268,True,False,False
7554,幸楽苑,2026-09-15,1175.0,1220.0,1220.0,1164.2,1173.32,42240.0,1180.0,1187.0,1178.0,1175.0,44800.0,0.0,0.42553191489360653,-0.4237288135593209,-3.688524590163933,-3.688524590163933,3.8297872340425476,0.0,1.0606060606060606,False,False,False
7555,大田花き,2026-09-15,749.0,750.0,758.0,748.0,745.76,380.0,749.0,749.0,749.0,749.0,1300.0,0.0,0.0,0.0,-0.13333333333332975,-1.187335092348285,1.2016021361815676,1.0666666666666602,3.4210526315789473,False,False,False
7561,ハークスレイ,2026-09-15,716.0,731.0,731.0,713.4,705.6,10660.0,714.0,714.0,714.0,716.0,8900.0,0.0,-0.27932960893854997,0.2801120448179262,-2.0519835841313228,-2.0519835841313228,2.0949720670391025,0.0,0.8348968105065666,True,False,False
7562,安楽亭,2026-09-15,3840.0,3860.0,3860.0,3839.0,3827.6,2640.0,3840.0,3840.0,3840.0,3840.0,3100.0,0.0,0.0,0.0,-0.5181347150259086,-0.5181347150259086,0.5208333333333259,0.0,1.1742424242424243,False,False,False
7564,ワークマン,2026-09-15,5570.0,6440.0,6440.0,5696.0,6084.4,361500.0,5510.0,5520.0,5440.0,5470.0,81600.0,-1.795332136445238,-1.0771992818671472,-0.7259528130671544,-15.062111801242239,-15.062111801242239,17.733089579524687,0.0,0.22572614107883818,False,False,False
7567,栄電子,2026-09-15,602.0,626.0,684.0,605.4,612.56,7000.0,603.0,609.0,603.0,602.0,8400.0,0.0,0.16611295681063787,-0.16583747927031434,-3.833865814696491,-11.988304093567248,13.621262458471751,9.26517571884984,1.2,False,False,False
7570,橋本総業ホールディングス,2026-09-15,1406.0,1450.0,1450.0,1387.6,1409.76,7900.0,1396.0,1408.0,1396.0,1406.0,10200.0,0.0,-0.7112375533428139,0.7163323782235054,-3.0344827586206935,-3.0344827586206935,3.1294452347083945,0.0,1.2911392405063291,True,False,False
7571,ヤマノホールディングス,2026-09-15,83.0,94.0,94.0,85.2,87.12,302480.0,84.0,84.0,84.0,83.0,430400.0,0.0,1.2048192771084265,-1.1904761904761862,-11.702127659574469,-11.702127659574469,13.25301204819278,0.0,1.422903993652473,False,False,False
7575,日本ライフライン,2026-09-15,1552.0,1622.0,1622.0,1526.4,1547.48,132960.0,1560.0,1567.0,1560.0,1552.0,88500.0,0.0,0.5154639175257714,-0.512820512820511,-4.315659679408135,-4.315659679408135,4.510309278350522,0.0,0.6656137184115524,False,False,False
7578,ニチリョク,2026-09-15,78.0,83.0,83.0,78.2,74.88,44440.0,81.0,91.0,78.0,79.0,316900.0,1.2820512820512775,3.8461538461538547,-2.4691358024691357,-4.81927710843374,-4.81927710843374,5.063291139240511,0.0,7.130963096309631,False,False,False
7581,サイゼリヤ,2026-09-15,6700.0,7540.0,8160.0,6890.0,7208.8,419240.0,6690.0,6700.0,6590.0,6620.0,32400.0,-1.1940298507462699,-0.14925373134327957,-1.0463378176382654,-12.20159151193634,-18.872549019607842,23.262839879154072,8.222811671087538,0.07728270203224884,False,False,False
7585,かんなん丸,2026-09-15,407.0,409.0,410.0,407.0,407.04,2120.0,406.0,406.0,406.0,407.0,3400.0,0.0,-0.24570024570024218,0.24630541871921707,-0.4889975550122272,-0.7317073170731714,0.7371007371007376,0.24449877750611915,1.6037735849056605,True,False,False
7590,タカショー,2026-09-15,398.0,420.0,420.0,393.0,399.4,21880.0,395.0,395.0,393.0,395.0,1200.0,-0.7537688442211032,-0.7537688442211032,0.0,-5.952380952380953,-5.952380952380953,6.329113924050622,0.0,0.054844606946983544,False,False,False
7593,ＶＴホールディングス,2026-09-15,522.0,545.0,545.0,518.2,529.0,682640.0,522.0,524.0,522.0,524.0,59700.0,0.3831417624521105,0.0,0.3831417624521105,-3.8532110091743066,-3.8532110091743066,4.007633587786263,0.0,0.08745458806984648,True,False,False
7595,アルゴグラフィックス,2026-09-15,1264.0,1367.0,1367.0,1252.8,1309.48,170160.0,1264.0,1271.0,1264.0,1270.0,8300.0,0.4746835443038,0.0,0.4746835443038,-7.095830285296268,-7.095830285296268,7.637795275590542,0.0,0.048777621062529385,True,False,False
7596,魚力,2026-09-15,2344.0,2395.0,2395.0,2322.4,2342.84,17960.0,2344.0,2347.0,2341.0,2344.0,29800.0,0.0,0.0,0.0,-2.129436325678502,-2.129436325678502,2.1757679180887335,0.0,1.6592427616926504,False,False,False
7599,ＩＤＯＭ,2026-09-15,1221.0,1298.0,1318.0,1214.6,1260.6,879980.0,1224.0,1225.0,1221.0,1225.0,41300.0,0.3276003276003303,0.24570024570025328,0.08169934640522847,-5.6240369799691825,-7.056145675265557,7.59183673469388,1.5408320493066174,0.04693288483829178,True,False,False
7600,日本エム・ディ・エム,2026-09-15,653.0,855.0,939.0,636.8,755.12,347480.0,643.0,646.0,638.0,640.0,42800.0,-1.9908116385911168,-1.5313935681470103,-0.4665629860031051,-25.14619883040936,-31.842385516506923,46.71875000000001,9.824561403508781,0.12317255669391045,False,False,False
7601,ポプラ,2026-09-15,161.0,167.0,168.0,161.6,164.6,24060.0,162.0,162.0,162.0,161.0,10300.0,0.0,0.6211180124223503,-0.6172839506172867,-3.59281437125748,-4.1666666666666625,4.347826086956519,0.5988023952095745,0.42809642560266004,False,False,False
7602,レダックス,2026-09-15,196.0,219.0,219.0,190.4,172.2,505020.0,194.0,194.0,185.0,189.0,33600.0,-3.57142857142857,-1.0204081632653073,-2.577319587628868,-13.698630136986301,-13.698630136986301,15.873015873015884,0.0,0.06653201853391945,False,False,False
7603,ジーイエット,2026-09-15,34.0,56.0,56.0,35.8,42.6,827260.0,34.0,34.0,33.0,33.0,95400.0,-2.941176470588236,0.0,-2.941176470588236,-41.07142857142857,-41.07142857142857,69.6969696969697,0.0,0.11532045547953484,False,False,False
7604,梅の花グループ,2026-09-15,911.0,913.0,913.0,909.0,900.16,6880.0,915.0,915.0,915.0,911.0,3800.0,0.0,0.4390779363337094,-0.43715846994535346,-0.21905805038334725,-0.21905805038334725,0.2195389681668436,0.0,0.5523255813953488,False,False,False
7606,ユナイテッドアローズ,2026-09-15,2382.0,2650.0,2660.0,2338.6,2459.56,213040.0,2382.0,2394.0,2378.0,2389.0,9100.0,0.2938706968933724,0.0,0.2938706968933724,-9.849056603773587,-10.187969924812034,11.34365843449141,0.37735849056603765,0.04271498310176493,True,False,False
7607,進和,2026-09-15,3025.0,3185.0,3185.0,2990.6,3079.44,21540.0,3025.0,3045.0,3025.0,3040.0,8900.0,0.49586776859504855,0.0,0.49586776859504855,-4.552590266875978,-4.552590266875978,4.7697368421052655,0.0,0.41318477251624885,True,False,False
7608,エスケイジャパン,2026-09-15,894.0,896.0,896.0,880.8,849.4,136060.0,894.0,904.0,893.0,895.0,16800.0,0.11185682326622093,0.0,0.11185682326622093,-0.11160714285713969,-0.11160714285713969,0.11173184357542443,0.0,0.12347493752756138,True,False,False
7609,ダイトロン,2026-09-15,3900.0,4500.0,4910.0,3935.0,4128.8,88480.0,3885.0,3920.0,3885.0,3915.0,2200.0,0.38461538461538325,-0.38461538461538325,0.7722007722007707,-13.0,-20.264765784114058,25.415070242656455,9.111111111111114,0.024864376130198915,True,False,False
7610,テイツー,2026-09-15,135.0,146.0,146.0,135.6,140.16,628740.0,136.0,136.0,136.0,136.0,75100.0,0.7407407407407307,0.7407407407407307,0.0,-6.849315068493156,-6.849315068493156,7.352941176470584,0.0,0.11944523968572064,False,False,False
7611,ハイデイ日高,2026-09-15,2993.0,3110.0,3110.0,2998.8,2983.8,108100.0,2988.0,2997.0,2977.0,2992.0,11500.0,-0.03341129301703827,-0.16705646508520244,0.1338688085676054,-3.7942122186495175,-3.7942122186495175,3.9438502673796894,0.0,0.10638297872340426,True,False,False
7613,シークス,2026-09-15,1532.0,1665.0,1693.0,1508.6,1590.0,179000.0,1538.0,1560.0,1538.0,1552.0,6700.0,1.305483028720622,0.3916449086161844,0.910273081924573,-6.7867867867867915,-8.328411104548138,9.085051546391743,1.6816816816816793,0.037430167597765365,True,False,False
7614,オーエムツーネットワーク,2026-09-15,1554.0,1578.0,1578.0,1552.4,1539.4,5260.0,1554.0,1554.0,1554.0,1554.0,8200.0,0.0,0.0,0.0,-1.520912547528519,-1.520912547528519,1.5444015444015413,0.0,1.55893536121673,False,False,False
7615,京都きもの友禅ホールディングス,2026-09-15,98.0,123.0,123.0,97.8,97.32,92500.0,98.0,98.0,98.0,98.0,54200.0,0.0,0.0,0.0,-20.32520325203252,-20.32520325203252,25.510204081632647,0.0,0.585945945945946,False,False,False
7616,コロワイド,2026-09-15,2038.5,2168.0,2168.0,2040.8,2071.46,432840.0,2048.0,2048.0,2035.5,2038.0,152700.0,-0.02452783909737688,0.4660289428501274,-0.48828125,-5.996309963099633,-5.996309963099633,6.378802747791945,0.0,0.3527862489603549,False,False,False
7619,田中商事,2026-09-15,985.0,989.0,995.0,979.6,968.24,3160.0,985.0,985.0,985.0,985.0,1000.0,0.0,0.0,0.0,-0.4044489383215333,-1.005025125628145,1.0152284263959421,0.6066734074823055,0.31645569620253167,False,False,False
7621,うかい,2026-09-15,3405.0,3505.0,3505.0,3420.0,3444.6,1900.0,3410.0,3410.0,3410.0,3405.0,2400.0,0.0,0.1468428781204123,-0.14662756598240456,-2.853067047075608,-2.853067047075608,2.936857562408224,0.0,1.263157894736842,False,False,False
7624,ＮａＩＴＯ,2026-09-15,158.0,158.0,158.0,156.4,153.0,39520.0,157.0,157.0,157.0,158.0,60000.0,0.0,-0.6329113924050667,0.6369426751592355,0.0,0.0,0.0,0.0,1.5182186234817814,True,False,False
7625,グローバルダイニング,2026-09-15,462.0,484.0,491.0,463.0,473.2,7580.0,464.0,464.0,464.0,462.0,7500.0,0.0,0.43290043290042934,-0.4310344827586188,-4.545454545454541,-5.906313645621186,6.277056277056281,1.446280991735538,0.9894459102902374,False,False,False
7628,オーハシテクニカ,2026-09-15,1148.0,1220.0,1235.0,1135.2,1183.92,39040.0,1155.0,1159.0,1154.0,1159.0,19700.0,0.9581881533101022,0.6097560975609762,0.34632034632033903,-5.000000000000004,-6.153846153846154,6.557377049180335,1.2295081967213184,0.5046106557377049,True,False,False
7630,壱番屋,2026-09-15,1082.0,1191.0,1191.0,1089.2,1012.92,464600.0,1079.0,1081.0,1073.0,1080.0,58300.0,-0.1848428835489857,-0.27726432532347856,0.0926784059314123,-9.319899244332497,-9.319899244332497,10.277777777777786,0.0,0.1254842875591907,True,False,False
7634,星医療酸器,2026-09-15,5030.0,5300.0,5300.0,4974.0,5151.6,220.0,5050.0,5150.0,5050.0,5030.0,400.0,0.0,0.3976143141153132,-0.3960396039603964,-5.094339622641508,-5.094339622641508,5.367793240556651,0.0,1.8181818181818181,False,False,False
7636,ハンズマン,2026-09-15,795.0,805.0,805.0,794.8,796.04,5540.0,796.0,797.0,794.0,795.0,7700.0,0.0,0.12578616352201255,-0.12562814070351536,-1.2422360248447228,-1.2422360248447228,1.2578616352201255,0.0,1.3898916967509025,False,False,False
7637,白銅,2026-09-15,3450.0,3885.0,4085.0,3455.0,3697.4,25100.0,3410.0,3450.0,3410.0,3445.0,4300.0,-0.14492753623188692,-1.1594202898550732,1.026392961876832,-11.325611325611328,-15.66707466340269,18.577648766328014,5.1480051480051525,0.17131474103585656,True,False,False
7638,ＮＥＷ　ＡＲＴ　ＨＯＬＤＩＮＧＳ,2026-09-15,1397.0,1426.0,1445.0,1385.2,1403.88,15100.0,1410.0,1413.0,1410.0,1397.0,19000.0,0.0,0.9305654974946398,-0.9219858156028327,-2.0336605890603043,-3.321799307958473,3.435934144595554,1.33239831697054,1.2582781456953642,False,False,False
7640,トップカルチャー,2026-09-15,187.0,202.0,202.0,189.8,188.12,27620.0,188.0,189.0,188.0,187.0,25400.0,0.0,0.5347593582887722,-0.5319148936170248,-7.425742574257422,-7.425742574257422,8.02139037433156,0.0,0.9196234612599565,False,False,False
7643,ダイイチ,2026-09-15,1720.0,1759.0,1759.0,1725.2,1739.48,4260.0,1720.0,1720.0,1720.0,1720.0,2500.0,0.0,0.0,0.0,-2.2171688459351913,-2.2171688459351913,2.2674418604651247,0.0,0.5868544600938967,False,False,False
7646,ＰＬＡＮＴ,2026-09-15,1941.0,1950.0,1950.0,1929.0,1880.36,7240.0,1941.0,1942.0,1941.0,1942.0,700.0,0.05151983513653757,0.0,0.05151983513653757,-0.41025641025641546,-0.41025641025641546,0.4119464469618972,0.0,0.09668508287292818,True,False,False
7649,スギホールディングス,2026-09-15,1289.0,1390.0,1429.25,1289.7,1340.39,2414480.0,1275.0,1289.0,1269.5,1282.0,187300.0,-0.5430566330488773,-1.0861132660977546,0.5490196078431264,-7.7697841726618755,-10.302606262025538,11.485959438377535,2.823741007194247,0.07757363904443193,True,False,False
7670,オーウエル,2026-09-15,1198.0,1286.0,1286.0,1210.0,1218.84,4500.0,1191.0,1191.0,1191.0,1198.0,3900.0,0.0,-0.5843071786310494,0.5877413937867448,-6.842923794712286,-6.842923794712286,7.345575959933215,0.0,0.8666666666666667,True,False,False
7673,ダイコー通産,2026-09-15,1669.0,1729.0,1729.0,1673.2,1660.36,520.0,1669.0,1669.0,1669.0,1669.0,300.0,0.0,0.0,0.0,-3.4702139965297807,-3.4702139965297807,3.5949670461354,0.0,0.5769230769230769,False,False,False
7674,ＮＡＴＴＹ　ＳＷＡＮＫＹホールディングス,2026-09-15,2738.0,2738.0,2738.0,2630.2,2618.04,5580.0,2738.0,2746.0,2736.0,2738.0,19600.0,0.0,0.0,0.0,0.0,0.0,0.0,0.0,3.5125448028673834,False,False,False
7677,ヤシマキザイ,2026-09-15,2750.0,2831.0,2883.0,2746.4,2744.32,120.0,2750.0,2750.0,2750.0,2750.0,300.0,0.0,0.0,0.0,-2.8611797951254014,-4.613250086715226,4.836363636363639,1.8368067820557998,2.5,False,False,False
7678,あさくま,2026-09-15,3550.0,3575.0,3575.0,3382.0,3204.0,19860.0,3550.0,3600.0,3550.0,3550.0,18300.0,0.0,0.0,0.0,-0.6993006993006978,-0.6993006993006978,0.7042253521126751,0.0,0.9214501510574018,False,False,False
7679,薬王堂ホールディングス,2026-09-15,1646.0,1788.0,1788.0,1641.6,1684.92,40180.0,1633.0,1650.0,1633.0,1646.0,34200.0,0.0,-0.7897934386391303,0.7960808328230318,-7.941834451901563,-7.941834451901563,8.626974483596594,0.0,0.8511697361871577,True,False,False
7681,レオクラン,2026-09-15,1033.0,1074.0,1074.0,1001.0,1001.32,4240.0,1025.0,1035.0,1022.0,1033.0,19300.0,0.0,-0.7744433688286589,0.7804878048780495,-3.8175046554934866,-3.8175046554934866,3.9690222652468465,0.0,4.55188679245283,True,False,False
7682,浜木綿,2026-09-15,3950.0,4000.0,4000.0,3945.0,3922.8,880.0,3920.0,3950.0,3920.0,3950.0,700.0,0.0,-0.75949367088608,0.7653061224489832,-1.2499999999999956,-1.2499999999999956,1.2658227848101333,0.0,0.7954545454545454,True,False,False
7683,ダブルエー,2026-09-15,1412.0,1425.0,1425.0,1405.6,1404.4,20580.0,1412.0,1412.0,1412.0,1412.0,46700.0,0.0,0.0,0.0,-0.9122807017543866,-0.9122807017543866,0.9206798866855603,0.0,2.2691933916423714,False,False,False
7685,ＢｕｙＳｅｌｌ　Ｔｅｃｈｎｏｌｏｇｉｅｓ,2026-09-15,2933.0,3415.0,3450.0,2892.0,3148.2,451680.0,2900.0,2904.0,2876.0,2899.0,21100.0,-1.1592226389362414,-1.1251278554381128,-0.034482758620690834,-15.109809663250362,-15.971014492753621,19.006553984132466,1.024890190336758,0.04671448813319164,False,False,False
7686,ひとまいる,2026-09-15,438.0,479.0,479.0,438.4,438.04,17180.0,439.0,439.0,439.0,438.0,12700.0,0.0,0.22831050228311334,-0.2277904328018221,-8.559498956158663,-8.559498956158663,9.360730593607315,0.0,0.7392316647264261,False,False,False
7687,ミクリード,2026-09-15,453.0,474.0,474.0,450.2,443.56,5220.0,455.0,455.0,455.0,453.0,9500.0,0.0,0.44150110375276164,-0.439560439560438,-4.430379746835444,-4.430379746835444,4.635761589403975,0.0,1.8199233716475096,False,False,False
7689,コパ・コーポレーション,2026-09-15,422.0,491.0,491.0,388.0,334.76,201420.0,342.0,422.0,334.0,422.0,589200.0,0.0,-18.957345971563978,23.391812865497073,-14.052953156822811,-14.052953156822811,16.35071090047393,0.0,2.9252308608876976,True,False,False
7692,アースインフィニティ,2026-09-15,78.0,85.0,85.0,79.8,80.08,456860.0,78.0,78.0,78.0,78.0,191100.0,0.0,0.0,0.0,-8.235294117647063,-8.235294117647063,8.974358974358964,0.0,0.4182900669789432,False,False,False
7694,いつも,2026-09-15,587.0,727.0,727.0,592.0,557.48,52620.0,586.0,586.0,585.0,587.0,27500.0,0.0,-0.17035775127768327,0.17064846416381396,-19.257221458046768,-19.257221458046768,23.850085178875634,0.0,0.5226149752945648,True,False,False
7695,交換できるくん,2026-09-15,916.0,958.0,958.0,926.0,881.52,8900.0,914.0,914.0,914.0,916.0,1500.0,0.0,-0.21834061135370675,0.2188183807439792,-4.384133611691022,-4.384133611691022,4.585152838427953,0.0,0.16853932584269662,True,False,False
7698,アイスコ,2026-09-15,2881.0,2950.0,2950.0,2801.8,2694.64,4040.0,2919.0,2919.0,2919.0,2881.0,5100.0,0.0,1.3189864630336778,-1.3018156903048972,-2.338983050847454,-2.338983050847454,2.3950017355085063,0.0,1.2623762376237624,False,False,False
7701,島津製作所,2026-09-15,3780.0,4165.0,4271.0,3776.6,4002.56,1266420.0,3811.0,3819.0,3776.0,3799.0,65700.0,0.5026455026454935,0.8201058201058098,-0.31487798478089246,-8.7875150060024,-11.051276047763992,12.424322190050008,2.5450180072028816,0.051878523712512434,False,False,False
7702,ＪＭＳ,2026-09-15,456.0,469.0,470.0,452.6,457.24,26680.0,456.0,456.0,455.0,456.0,16000.0,0.0,0.0,0.0,-2.771855010660984,-2.9787234042553234,3.0701754385964897,0.2132196162046851,0.5997001499250375,False,False,False
7707,プレシジョン・システム・サイエンス,2026-09-15,210.0,227.0,235.0,206.0,214.08,69760.0,208.0,208.0,208.0,208.0,2600.0,-0.952380952380949,-0.952380952380949,0.0,-8.370044052863435,-11.489361702127665,12.98076923076923,3.524229074889873,0.03727064220183486,False,False,False
7709,クボテック,2026-09-15,65.0,95.0,95.0,68.2,52.12,3480400.0,63.0,63.0,53.0,57.0,221600.0,-12.307692307692308,-3.076923076923077,-9.523809523809524,-40.0,-40.0,66.66666666666667,0.0,0.06367084243190438,False,False,False
7711,助川電気工業,2026-09-15,5210.0,5820.0,5820.0,5199.0,5012.6,173160.0,5300.0,5300.0,5210.0,5300.0,11300.0,1.7274472168905985,1.7274472168905985,0.0,-8.93470790378007,-8.93470790378007,9.811320754716979,0.0,0.06525756525756526,False,False,False
7713,シグマ光機,2026-09-15,2369.0,2550.0,2550.0,2355.2,2308.52,15960.0,2371.0,2400.0,2371.0,2394.0,2500.0,1.0552975939214893,0.08442380751372269,0.9700548291859956,-6.117647058823527,-6.117647058823527,6.516290726817053,0.0,0.15664160401002505,True,False,False
7715,長野計器,2026-09-15,3895.0,4255.0,4555.0,3862.0,3978.4,63940.0,3860.0,3885.0,3860.0,3880.0,2300.0,-0.38510911424903815,-0.898587933247752,0.5181347150259086,-8.813160987074031,-14.818880351262354,17.39690721649485,7.050528789659216,0.03597122302158273,True,False,False
7716,ナカニシ,2026-09-15,3045.0,3325.0,3385.0,3012.4,3131.08,245060.0,3055.0,3060.0,3045.0,3045.0,9900.0,0.0,0.3284072249589487,-0.327332242225864,-8.421052631578952,-10.044313146233385,11.165845648604279,1.8045112781954975,0.04039826981147474,False,False,False
7717,ブイ・テクノロジー,2026-09-15,5490.0,6040.0,6250.0,5582.0,5597.2,144040.0,5550.0,5550.0,5490.0,5490.0,6400.0,0.0,1.0928961748633892,-1.0810810810810811,-9.10596026490066,-12.160000000000004,13.843351548269588,3.47682119205297,0.044432102193835046,False,False,False
7719,東京衡機,2026-09-15,532.0,600.0,600.0,510.4,489.88,768260.0,522.0,529.0,517.0,524.0,24500.0,-1.5037593984962405,-1.8796992481203034,0.3831417624521105,-12.666666666666671,-12.666666666666671,14.50381679389312,0.0,0.031890245489808136,True,False,False
7721,東京計器,2026-09-15,6700.0,7620.0,7980.0,6708.0,7113.2,261440.0,6750.0,6890.0,6740.0,6870.0,27400.0,2.5373134328358304,0.746268656716409,1.777777777777767,-9.842519685039374,-13.909774436090228,16.157205240174676,4.724409448818889,0.10480416156670747,True,False,False
7722,国際計測器,2026-09-15,779.0,805.0,817.0,770.4,780.8,16400.0,777.0,785.0,777.0,784.0,3100.0,0.6418485237484006,-0.25673940949936247,0.9009009009008917,-2.608695652173909,-4.039167686658507,4.2091836734693855,1.4906832298136719,0.18902439024390244,True,False,False
7723,愛知時計電機,2026-09-15,2864.0,2971.0,2971.0,2841.4,2866.72,17500.0,2864.0,2895.0,2864.0,2889.0,3100.0,0.8729050279329575,0.0,0.8729050279329575,-2.760013463480304,-2.760013463480304,2.838352371062647,0.0,0.17714285714285713,True,False,False
7725,インターアクション,2026-09-15,1736.0,1966.0,2025.0,1713.2,1811.96,66160.0,1720.0,1753.0,1720.0,1746.0,2300.0,0.5760368663594528,-0.9216589861751112,1.5116279069767424,-11.190233977619535,-13.777777777777779,15.97938144329898,3.0010172939979762,0.03476420798065296,True,False,False
7726,黒田精工,2026-09-15,1393.0,1429.0,1489.0,1390.0,1353.04,7560.0,1395.0,1395.0,1395.0,1393.0,5100.0,0.0,0.1435750179468842,-0.14336917562723928,-2.519244226731976,-6.447280053727333,6.891600861450109,4.198740377886634,0.6746031746031746,False,False,False
7727,オーバル,2026-09-15,841.0,888.0,935.0,833.6,835.16,83180.0,845.0,849.0,843.0,849.0,5600.0,0.9512485136742077,0.47562425683709275,0.4733727810650956,-4.3918918918918965,-9.197860962566839,10.129564193168438,5.2927927927928,0.06732387593171435,True,False,False
7729,東京精密,2026-09-15,16255.0,18800.0,19585.0,16449.0,17540.0,256100.0,16125.0,16160.0,16000.0,16040.0,13200.0,-1.3226699477083992,-0.7997539218701943,-0.5271317829457334,-14.680851063829792,-18.10058718406944,22.10099750623442,4.175531914893615,0.051542366263178443,False,False,False
7730,マニー,2026-09-15,1449.0,1629.0,1629.0,1438.2,1545.36,302900.0,1447.0,1457.0,1447.0,1455.0,10100.0,0.41407867494824835,-0.13802622498274575,0.5528680027643507,-10.68139963167587,-10.68139963167587,11.95876288659794,0.0,0.03334433806536811,True,False,False
7731,ニコン,2026-09-15,1696.5,2016.0,2089.5,1714.1,1905.42,1863460.0,1693.0,1712.0,1692.0,1707.5,85500.0,0.6483937518420246,-0.20630710285882703,0.8564678086237398,-15.30257936507936,-18.28188561856904,22.3718887262079,3.645833333333326,0.04588239082137529,True,False,False
7733,オリンパス,2026-09-15,1975.0,2210.5,2210.5,1956.6,2075.86,4343260.0,1977.5,1987.0,1976.5,1985.5,257900.0,0.5316455696202427,0.12658227848101333,0.40455120101137165,-10.178692603483375,-10.178692603483375,11.332158146562588,0.0,0.05937936020408633,True,False,False
7734,理研計器,2026-09-15,3395.0,3465.0,3750.0,3381.0,3360.8,72000.0,3415.0,3425.0,3405.0,3425.0,2700.0,0.8836524300441795,0.589101620029453,0.2928257686676483,-1.1544011544011523,-8.666666666666668,9.48905109489051,8.225108225108224,0.0375,True,False,False
7735,ＳＣＲＥＥＮホールディングス,2026-09-15,12140.0,14025.0,14730.0,12512.0,13286.6,1689580.0,12025.0,12145.0,12010.0,12075.0,105500.0,-0.5354200988467839,-0.9472817133443168,0.4158004158004047,-13.903743315508022,-18.02443991853361,21.987577639751542,5.026737967914441,0.06244155352217711,True,False,False
7740,タムロン,2026-09-15,1339.0,1395.0,1463.0,1337.4,1373.8,345580.0,1335.0,1351.0,1335.0,1350.0,22300.0,0.821508588498876,-0.29873039581777006,1.1235955056179803,-3.2258064516129004,-7.723855092276144,8.370370370370361,4.874551971326158,0.06452919729150992,True,False,False
7741,ＨＯＹＡ,2026-09-15,22330.0,25840.0,26925.0,22759.0,24598.2,1148800.0,22345.0,22390.0,22205.0,22360.0,109400.0,0.13434841021047195,0.06717420510524708,0.06712911165809299,-13.46749226006192,-16.95450324976787,20.415921288014303,4.19891640866874,0.09522980501392758,True,False,False
7743,シード,2026-09-15,792.0,793.0,793.0,792.2,670.12,479680.0,792.0,793.0,792.0,792.0,133200.0,0.0,0.0,0.0,-0.12610340479193294,-0.12610340479193294,0.12626262626262985,0.0,0.2776851234156104,False,False,False
7744,ノーリツ鋼機,2026-09-15,1957.0,2152.0,2199.0,1958.2,2027.8,327620.0,1960.0,1983.0,1960.0,1983.0,7500.0,1.3285641287685168,0.15329586101175963,1.1734693877551106,-7.8531598513011165,-9.822646657571621,10.892586989409981,2.1840148698884843,0.02289237531286246,True,False,False
7745,Ａ＆Ｄホロンホールディングス,2026-09-15,2831.0,2924.0,3410.0,2823.2,2847.8,78260.0,2812.0,2851.0,2812.0,2831.0,73400.0,0.0,-0.6711409395973145,0.6756756756756799,-3.180574555403559,-16.979472140762464,20.452137054044517,16.621067031463753,0.9378993099923333,True,False,False
7746,岡本硝子,2026-09-15,795.0,858.0,858.0,810.8,774.32,391100.0,789.0,822.0,789.0,795.0,306800.0,0.0,-0.7547169811320753,0.7604562737642651,-7.342657342657343,-7.342657342657343,7.924528301886791,0.0,0.7844541038097673,True,False,False
7747,朝日インテック,2026-09-15,3253.0,4252.0,4282.0,3238.0,3717.36,1535080.0,3250.0,3251.0,3218.0,3246.0,93700.0,-0.21518598217030727,-0.09222256378726978,-0.12307692307692575,-23.659454374412036,-24.19430172816441,31.916204559457782,0.7055503292568099,0.061039164082653675,False,False,False
7749,メディキット,2026-09-15,2890.0,2999.0,2999.0,2902.8,2886.24,5380.0,2884.0,2884.0,2853.0,2890.0,6200.0,0.0,-0.20761245674740803,0.20804438280166426,-3.6345448482827614,-3.6345448482827614,3.771626297577857,0.0,1.1524163568773234,True,False,False
7751,キヤノン,2026-09-15,4425.0,4750.0,4750.0,4382.0,4553.44,2839880.0,4463.0,4487.0,4458.0,4483.0,203700.0,1.3107344632768303,0.8587570621468865,0.44812906116962203,-5.621052631578949,-5.621052631578949,5.955833147445899,0.0,0.07172838288941787,True,False,False
7752,リコー,2026-09-15,1619.5,1747.5,1747.5,1584.0,1644.44,1919620.0,1645.5,1659.5,1636.0,1654.0,191000.0,2.1302871256560607,1.605433775856735,0.5165603160133703,-5.350500715307582,-5.350500715307582,5.652962515114868,0.0,0.09949885914920661,True,False,False
7760,ＩＭＶ,2026-09-15,2020.0,2200.0,2724.0,2022.4,2031.88,70380.0,2015.0,2015.0,2015.0,2020.0,83400.0,0.0,-0.24752475247524774,0.2481389578163684,-8.18181818181818,-25.844346549192366,34.85148514851486,23.818181818181827,1.184995737425405,True,False,False
7762,シチズン時計,2026-09-15,2285.0,2853.0,2920.0,2264.0,2577.52,2015220.0,2290.0,2307.0,2287.0,2295.0,104400.0,0.4376367614879584,0.2188183807439792,0.21834061135370675,-19.558359621451103,-21.4041095890411,27.233115468409586,2.348405187521907,0.05180575818024831,True,False,False
7769,リズム,2026-09-15,3815.0,4040.0,4055.0,3800.0,3937.6,22400.0,3825.0,3835.0,3825.0,3835.0,1600.0,0.5242463958060384,0.2621231979030192,0.2614379084967311,-5.074257425742578,-5.425400739827369,5.736636245110827,0.3712871287128605,0.07142857142857142,True,False,False
7771,日本精密,2026-09-15,249.0,302.0,310.0,255.0,278.72,98440.0,248.0,252.0,247.0,249.0,91500.0,0.0,-0.40160642570281624,0.40322580645162365,-17.549668874172188,-19.67741935483871,24.497991967871478,2.6490066225165476,0.9295002031694433,True,False,False
7774,ジャパン・ティッシュエンジニアリング,2026-09-15,815.0,927.0,927.0,806.4,849.84,125720.0,814.0,817.0,814.0,815.0,60000.0,0.0,-0.12269938650306678,0.12285012285011554,-12.081984897518883,-12.081984897518883,13.742331288343568,0.0,0.4772510340439071,True,False,False
7775,大研医器,2026-09-15,423.0,429.0,440.0,423.8,426.24,14800.0,423.0,424.0,423.0,423.0,12700.0,0.0,0.0,0.0,-1.3986013986013957,-3.863636363636369,4.018912529550822,2.564102564102555,0.8581081081081081,False,False,False
7776,セルシード,2026-09-15,226.0,239.0,242.0,224.4,228.56,125100.0,223.0,226.0,223.0,226.0,13500.0,0.0,-1.3274336283185861,1.3452914798206317,-5.4393305439330515,-6.6115702479338845,7.079646017699126,1.2552301255230214,0.1079136690647482,True,False,False
7777,スリー・ディー・マトリックス,2026-09-15,407.0,423.0,423.0,377.2,367.12,5432900.0,404.0,419.0,404.0,419.0,299300.0,2.9484029484029506,-0.7371007371007376,3.712871287128716,-0.9456264775413725,-0.9456264775413725,0.9546539379474916,0.0,0.055090283274126156,True,False,False
7779,ＣＹＢＥＲＤＹＮＥ,2026-09-15,229.0,242.0,259.0,228.6,232.16,829440.0,229.0,231.0,229.0,230.0,53800.0,0.4366812227074135,0.0,0.4366812227074135,-4.958677685950407,-11.196911196911197,12.608695652173907,7.024793388429762,0.06486304012345678,True,False,False
7780,メニコン,2026-09-15,1727.0,1978.0,2086.0,1706.6,1872.56,232460.0,1726.0,1737.0,1724.0,1737.0,23300.0,0.579038795599307,-0.057903879559928484,0.6373117033603659,-12.1840242669363,-16.73058485139022,20.09211283822683,5.460060667340749,0.10023229802976856,True,False,False
7781,平山ホールディングス,2026-09-15,878.0,899.0,915.0,877.2,871.84,21140.0,873.0,877.0,871.0,877.0,1100.0,-0.1138952164009166,-0.5694760820045608,0.45819014891179677,-2.4471635150166815,-4.1530054644808745,4.332953249714944,1.7797552836484876,0.05203405865657521,True,False,False
7782,シンシア,2026-09-15,488.0,496.0,496.0,488.8,477.72,3120.0,492.0,492.0,492.0,488.0,5000.0,0.0,0.8196721311475308,-0.8130081300813052,-1.6129032258064502,-1.6129032258064502,1.6393442622950838,0.0,1.6025641025641026,False,False,False
7791,ドリームベッド,2026-09-15,833.0,848.0,848.0,827.8,825.84,2840.0,833.0,833.0,833.0,833.0,4500.0,0.0,0.0,0.0,-1.7688679245283057,-1.7688679245283057,1.8007202881152429,0.0,1.5845070422535212,False,False,False
7792,コラントッテ,2026-09-15,1490.0,1495.0,1512.0,1474.8,1472.12,8340.0,1482.0,1485.0,1481.0,1490.0,13600.0,0.0,-0.5369127516778538,0.5398110661268607,-0.33444816053511683,-1.4550264550264536,1.4765100671140896,1.1371237458194017,1.630695443645084,True,False,False
7793,イメージ・マジック,2026-09-15,1490.0,1553.0,1590.0,1502.6,1508.84,960.0,1490.0,1490.0,1490.0,1490.0,1600.0,0.0,0.0,0.0,-4.056664520283326,-6.2893081761006275,6.711409395973145,2.3824855119124244,1.6666666666666667,False,False,False
7794,イーディーピー,2026-09-15,963.0,1134.0,1134.0,983.8,974.8,271760.0,963.0,963.0,958.0,960.0,6700.0,-0.31152647975077885,0.0,-0.31152647975077885,-15.343915343915349,-15.343915343915349,18.124999999999993,0.0,0.02465410656461584,False,False,False
7795,ＫＹＯＲＩＴＳＵ,2026-09-15,215.0,230.0,230.0,214.0,221.92,72560.0,215.0,216.0,215.0,215.0,48800.0,0.0,0.0,0.0,-6.521739130434778,-6.521739130434778,6.976744186046502,0.0,0.6725468577728776,False,False,False
7800,アミファ,2026-09-15,983.0,1047.0,1138.0,978.0,1003.36,5600.0,985.0,985.0,985.0,983.0,2600.0,0.0,0.20345879959309254,-0.20304568527919065,-6.112702960840499,-13.62038664323374,15.768056968463885,8.691499522445078,0.4642857142857143,False,False,False
7803,ブシロード,2026-09-15,463.0,473.0,473.0,446.0,424.44,1748680.0,476.0,479.0,471.0,473.0,223500.0,2.1598272138228847,2.807775377969768,-0.6302521008403339,0.0,0.0,0.0,0.0,0.12781069149301189,False,False,False
7804,ビーアンドピー,2026-09-15,2396.0,2428.0,2428.0,2401.2,2354.88,3680.0,2399.0,2399.0,2399.0,2396.0,3000.0,0.0,0.12520868113523598,-0.12505210504376585,-1.317957166392092,-1.317957166392092,1.3355592654423987,0.0,0.8152173913043478,False,False,False
7805,プリントネット,2026-09-15,714.0,751.0,763.0,714.4,727.76,7440.0,714.0,714.0,714.0,714.0,3500.0,0.0,0.0,0.0,-4.9267643142476665,-6.422018348623848,6.8627450980392135,1.5978695073235683,0.47043010752688175,False,False,False
7806,ＭＴＧ,2026-09-15,7960.0,9400.0,9400.0,7930.0,8400.4,138080.0,7920.0,7920.0,7740.0,7830.0,14000.0,-1.633165829145733,-0.5025125628140725,-1.1363636363636354,-16.702127659574472,-16.702127659574472,20.051085568326954,0.0,0.10139049826187717,False,False,False
7807,幸和製作所,2026-09-15,855.0,886.0,886.0,853.2,868.12,2020.0,862.0,862.0,855.0,855.0,600.0,0.0,0.8187134502924076,-0.8120649651972123,-3.498871331828446,-3.498871331828446,3.6257309941520433,0.0,0.297029702970297,False,False,False
7808,シー・エス・ランバー,2026-09-15,2730.0,2798.0,2798.0,2753.2,2728.48,1960.0,2730.0,2730.0,2730.0,2730.0,600.0,0.0,0.0,0.0,-2.430307362401718,-2.430307362401718,2.490842490842482,0.0,0.30612244897959184,False,False,False
7809,壽屋,2026-09-15,1324.0,1334.0,1345.0,1321.8,1324.2,2520.0,1323.0,1324.0,1323.0,1324.0,1800.0,0.0,-0.07552870090634656,0.07558578987150177,-0.7496251874062998,-1.5613382899628214,1.5861027190332333,0.8245877061469287,0.7142857142857143,True,False,False
7810,クロスフォー,2026-09-15,154.0,219.0,219.0,157.8,158.28,511320.0,151.0,151.0,151.0,154.0,461600.0,0.0,-1.9480519480519431,1.9867549668874274,-29.680365296803657,-29.680365296803657,42.2077922077922,0.0,0.9027614800907455,True,False,False
7811,中本パックス,2026-09-15,2204.0,2215.0,2215.0,2001.0,1967.64,51420.0,2197.0,2197.0,2181.0,2190.0,12100.0,-0.6352087114337546,-0.31760435571688284,-0.3186162949476601,-1.1286681715575675,-1.1286681715575675,1.1415525114155223,0.0,0.235316997277324,False,False,False
7812,クレステック,2026-09-15,2101.0,2159.0,2190.0,2081.2,2129.64,600.0,2114.0,2114.0,2114.0,2101.0,1400.0,0.0,0.6187529747739173,-0.6149479659413482,-2.6864289022695664,-4.0639269406392735,4.236078058067583,1.4358499305233918,2.3333333333333335,False,False,False
7813,プラッツ,2026-09-15,915.0,946.0,946.0,921.4,868.88,1980.0,905.0,905.0,905.0,915.0,1700.0,0.0,-1.0928961748633892,1.104972375690605,-3.2769556025370017,-3.2769556025370017,3.3879781420764976,0.0,0.8585858585858586,True,False,False
7814,日本創発グループ,2026-09-15,599.0,648.0,676.0,606.2,626.16,8600.0,599.0,599.0,599.0,599.0,3300.0,0.0,0.0,0.0,-7.561728395061729,-11.390532544378695,12.854757929883132,4.320987654320985,0.38372093023255816,False,False,False
7815,東京ボード工業,2026-09-15,338.0,437.0,437.0,335.0,353.96,3700.0,331.0,345.0,331.0,338.0,4800.0,0.0,-2.071005917159763,2.114803625377637,-22.654462242562936,-22.654462242562936,29.289940828402372,0.0,1.2972972972972974,True,False,False
7818,トランザクション,2026-09-15,1199.0,1276.0,1276.0,1171.2,1193.28,145000.0,1200.0,1203.0,1196.0,1203.0,28700.0,0.33361134278564464,0.08340283569641116,0.24999999999999467,-5.721003134796243,-5.721003134796243,6.068162926018283,0.0,0.19793103448275862,True,False,False
7819,粧美堂,2026-09-15,995.0,1048.0,1088.0,1001.4,992.64,14840.0,1001.0,1036.0,1001.0,1026.0,22200.0,3.1155778894472297,0.6030150753768782,2.4975024975024906,-2.099236641221369,-5.698529411764708,6.042884990253405,3.8167938931297662,1.4959568733153639,True,False,False
7820,ニホンフラッシュ,2026-09-15,701.0,727.0,733.0,701.0,709.24,50080.0,701.0,704.0,701.0,701.0,26600.0,0.0,0.0,0.0,-3.576341127922966,-4.365620736698494,4.564907275320973,0.8253094910591452,0.5311501597444089,False,False,False
7821,前田工繊,2026-09-15,1950.0,2100.0,2128.0,1932.4,2000.48,93740.0,1970.0,2002.0,1965.0,1995.0,26000.0,2.3076923076922995,1.025641025641022,1.2690355329949332,-5.000000000000004,-6.25,6.666666666666665,1.333333333333342,0.27736291871132923,True,False,False
7822,永大産業,2026-09-15,257.0,260.0,265.0,255.0,256.0,43820.0,260.0,260.0,258.0,258.0,21000.0,0.3891050583657574,1.1673151750972721,-0.7692307692307665,-0.7692307692307665,-2.6415094339622636,2.7131782945736482,1.9230769230769162,0.4792332268370607,False,False,False
7823,アートネイチャー,2026-09-15,829.0,891.0,891.0,821.0,848.96,50420.0,828.0,832.0,827.0,831.0,23300.0,0.24125452352230514,-0.12062726176115257,0.36231884057971175,-6.734006734006737,-6.734006734006737,7.2202166064981865,0.0,0.4621182070606902,True,False,False
7826,フルヤ金属,2026-09-15,10350.0,11420.0,11420.0,10652.0,9448.8,619620.0,10190.0,10260.0,10170.0,10210.0,13900.0,-1.352657004830915,-1.545893719806768,0.19627085377822429,-10.595446584938706,-10.595446584938706,11.8511263467189,0.0,0.02243310416061457,True,False,False
7827,オービス,2026-09-15,1715.0,1757.0,1757.0,1723.6,1727.44,3000.0,1709.0,1709.0,1709.0,1715.0,8300.0,0.0,-0.3498542274052441,0.3510825043885335,-2.39043824701195,-2.39043824701195,2.448979591836742,0.0,2.7666666666666666,True,False,False
7831,ウイルコホールディングス,2026-09-15,66.0,70.0,70.0,66.2,67.08,23420.0,66.0,66.0,66.0,66.0,13700.0,0.0,0.0,0.0,-5.714285714285716,-5.714285714285716,6.060606060606055,0.0,0.5849701110162254,False,False,False
7832,バンダイナムコホールディングス,2026-09-15,5559.0,5850.0,5850.0,5430.6,5494.24,3172860.0,5572.0,5580.0,5510.0,5543.0,198100.0,-0.2878215506386006,0.23385500989385744,-0.5204594400574303,-5.247863247863249,-5.247863247863249,5.538517048529679,0.0,0.062435783488713655,False,False,False
7833,アイフィスジャパン,2026-09-15,680.0,690.0,690.0,678.6,660.72,5280.0,679.0,682.0,677.0,680.0,1200.0,0.0,-0.14705882352941124,0.14727540500736325,-1.449275362318836,-1.449275362318836,1.4705882352941124,0.0,0.22727272727272727,True,False,False
7836,アビックス,2026-09-15,75.0,81.0,83.0,75.6,77.72,75360.0,74.0,74.0,74.0,75.0,121700.0,0.0,-1.3333333333333308,1.3513513513513598,-7.4074074074074066,-9.638554216867467,10.666666666666668,2.4691358024691468,1.6149150743099787,True,False,False
7837,アールシーコア,2026-09-15,344.0,348.0,359.0,340.0,336.84,1660.0,339.0,339.0,339.0,344.0,1600.0,0.0,-1.4534883720930258,1.4749262536873253,-1.1494252873563204,-4.178272980501396,4.3604651162790775,3.1609195402298784,0.963855421686747,True,False,False
7839,ＳＨＯＥＩ,2026-09-15,2041.0,2143.0,2143.0,2062.6,2073.44,214160.0,2059.0,2064.0,2046.0,2053.0,29300.0,0.5879470847623747,0.881920627143562,-0.29140359397765714,-4.19972001866542,-4.19972001866542,4.383828543594737,0.0,0.1368135973104221,False,False,False
7840,フランスベッドホールディングス,2026-09-15,1300.0,1327.0,1327.0,1291.0,1290.64,21340.0,1309.0,1313.0,1309.0,1300.0,17700.0,0.0,0.6923076923077032,-0.6875477463712754,-2.034664657121321,-2.034664657121321,2.0769230769230873,0.0,0.8294283036551078,False,False,False
7841,遠藤製作所,2026-09-15,1080.0,1130.0,1141.0,1070.8,1096.16,22000.0,1080.0,1080.0,1078.0,1080.0,3800.0,0.0,0.0,0.0,-4.424778761061942,-5.346187554776516,5.648148148148158,0.9734513274336276,0.17272727272727273,False,False,False
7844,マーベラス,2026-09-15,532.0,538.0,538.0,516.2,508.44,157920.0,529.0,533.0,528.0,532.0,15100.0,0.0,-0.5639097744360888,0.5671077504725952,-1.115241635687736,-1.115241635687736,1.1278195488721776,0.0,0.09561803444782169,True,False,False
7846,パイロットコーポレーション,2026-09-15,2100.0,2154.5,2154.5,2054.6,2032.92,323300.0,2111.5,2134.5,2109.5,2115.0,6100.0,0.7142857142857117,0.5476190476190412,0.1657589391427905,-1.8333720120677688,-1.8333720120677688,1.8676122931442052,0.0,0.018867924528301886,True,False,False
7847,グラファイトデザイン,2026-09-15,631.0,693.0,693.0,626.8,653.92,3740.0,633.0,635.0,633.0,631.0,3100.0,0.0,0.31695721077653616,-0.3159557661927326,-8.946608946608947,-8.946608946608947,9.825673534072909,0.0,0.8288770053475936,False,False,False
7849,スターツ出版,2026-09-15,2986.0,3170.0,3400.0,3005.2,3021.84,2320.0,2986.0,2986.0,2986.0,2986.0,6200.0,0.0,0.0,0.0,-5.804416403785484,-12.176470588235288,13.864701942397861,7.2555205047318605,2.6724137931034484,False,False,False
7850,総合商研,2026-09-15,795.0,827.0,827.0,802.2,812.36,2640.0,792.0,792.0,792.0,795.0,3900.0,0.0,-0.37735849056603765,0.37878787878788955,-3.8694074969770287,-3.8694074969770287,4.025157232704402,0.0,1.4772727272727273,True,False,False
7856,萩原工業,2026-09-15,2018.0,2110.0,2110.0,1994.6,1905.8,130480.0,2023.0,2031.0,2023.0,2023.0,6700.0,0.24777006937561907,0.24777006937561907,0.0,-4.12322274881517,-4.12322274881517,4.3005437469105345,0.0,0.05134886572654813,False,False,False
7857,セキ,2026-09-15,1289.0,1298.0,1298.0,1285.8,1291.36,400.0,1289.0,1289.0,1289.0,1289.0,700.0,0.0,0.0,0.0,-0.6933744221879867,-0.6933744221879867,0.6982156710628296,0.0,1.75,False,False,False
7859,アルメディオ,2026-09-15,290.0,292.0,292.0,279.2,255.88,116740.0,290.0,293.0,290.0,291.0,13500.0,0.34482758620688614,0.0,0.34482758620688614,-0.3424657534246589,-0.3424657534246589,0.3436426116838476,0.0,0.11564159671063903,True,False,False
7860,エイベックス,2026-09-15,1274.0,1302.0,1302.0,1255.6,1265.6,107260.0,1274.0,1282.0,1274.0,1280.0,18500.0,0.47095761381474865,0.0,0.47095761381474865,-1.6897081413210446,-1.6897081413210446,1.7187499999999911,0.0,0.17247809062092112,True,False,False
7863,平賀,2026-09-15,930.0,959.0,980.0,938.2,942.04,260.0,930.0,930.0,930.0,930.0,100.0,0.0,0.0,0.0,-3.023983315954115,-5.102040816326525,5.376344086021501,2.1897810218978186,0.38461538461538464,False,False,False
7864,フジシールインターナショナル,2026-09-15,3300.0,3365.0,3365.0,3261.0,3285.2,151480.0,3330.0,3340.0,3290.0,3340.0,5400.0,1.21212121212122,0.9090909090909038,0.30030030030030463,-0.7429420505200568,-0.7429420505200568,0.7485029940119681,0.0,0.03564827039873251,True,False,False
7865,ピープル,2026-09-15,332.0,370.0,370.0,334.0,339.64,3020.0,332.0,332.0,331.0,332.0,2700.0,0.0,0.0,0.0,-10.270270270270265,-10.270270270270265,11.44578313253013,0.0,0.8940397350993378,False,False,False
7867,タカラトミー,2026-09-15,3864.0,3933.0,3933.0,3682.4,3656.4,765060.0,3910.0,3917.0,3875.0,3881.0,68500.0,0.43995859213250554,1.1904761904761862,-0.7416879795396403,-1.3221459445715733,-1.3221459445715733,1.3398608606029372,0.0,0.08953546127101142,False,False,False
7868,広済堂ホールディングス,2026-09-15,527.0,589.0,589.0,517.6,548.48,367800.0,527.0,535.0,527.0,527.0,314900.0,0.0,0.0,0.0,-10.526315789473683,-10.526315789473683,11.764705882352944,0.0,0.8561718325176726,False,False,False
7871,フクビ化学工業,2026-09-15,999.0,1052.0,1052.0,1006.2,1013.24,2280.0,997.0,997.0,993.0,999.0,1200.0,0.0,-0.2002002002001957,0.20060180541625616,-5.038022813688214,-5.038022813688214,5.305305305305308,0.0,0.5263157894736842,True,False,False
7872,エステールホールディングス,2026-09-15,617.0,620.0,620.0,616.6,615.6,1720.0,617.0,617.0,617.0,617.0,900.0,0.0,0.0,0.0,-0.4838709677419395,-0.4838709677419395,0.4862236628849326,0.0,0.5232558139534884,False,False,False
7874,レック,2026-09-15,963.0,988.0,988.0,954.6,960.08,96400.0,963.0,968.0,963.0,963.0,64700.0,0.0,0.0,0.0,-2.53036437246964,-2.53036437246964,2.5960539979231534,0.0,0.671161825726141,False,False,False
7875,竹田ｉＰホールディングス,2026-09-15,810.0,840.0,881.0,802.8,815.32,12940.0,810.0,810.0,810.0,810.0,14300.0,0.0,0.0,0.0,-3.57142857142857,-8.059023836549372,8.765432098765435,4.880952380952386,1.1051004636785162,False,False,False
7878,光・彩,2026-09-15,1168.0,1595.0,1595.0,1392.6,1409.92,29700.0,1155.0,1159.0,1140.0,1150.0,2900.0,-1.5410958904109595,-1.1130136986301387,-0.43290043290042934,-27.89968652037618,-27.89968652037618,38.69565217391304,0.0,0.09764309764309764,False,False,False
7879,ノダ,2026-09-15,670.0,685.0,685.0,671.2,668.16,8700.0,669.0,669.0,669.0,670.0,12500.0,0.0,-0.14925373134327957,0.1494768310911887,-2.1897810218978075,-2.1897810218978075,2.238805970149249,0.0,1.4367816091954022,True,False,False
7883,サンメッセ,2026-09-15,401.0,407.0,410.0,400.2,401.4,4860.0,399.0,399.0,399.0,401.0,7600.0,0.0,-0.4987531172069848,0.5012531328320913,-1.4742014742014753,-2.195121951219514,2.244389027431426,0.7371007371007376,1.5637860082304527,True,False,False
7885,タカノ,2026-09-15,1144.0,1157.0,1165.0,1135.0,1135.28,10540.0,1144.0,1144.0,1143.0,1144.0,13800.0,0.0,0.0,0.0,-1.1235955056179803,-1.8025751072961338,1.8356643356643332,0.6914433880726101,1.3092979127134725,False,False,False
7886,ヤマト　モビリティ　＆　Ｍｆｇ．,2026-09-15,590.0,733.0,750.0,588.6,653.68,2120.0,591.0,591.0,590.0,590.0,200.0,0.0,0.16949152542373724,-0.16920473773265332,-19.50886766712142,-21.333333333333336,27.118644067796605,2.3192360163710735,0.09433962264150944,False,False,False
7887,南海プライウッド,2026-09-15,1572.0,1597.0,1614.0,1572.6,1558.8,3200.0,1573.0,1574.0,1573.0,1572.0,4000.0,0.0,0.06361323155217313,-0.06357279084552303,-1.5654351909830888,-2.6022304832713727,2.6717557251908497,1.064495929868503,1.25,False,False,False
7888,三光合成,2026-09-15,875.0,927.0,957.0,868.4,902.96,92220.0,878.0,884.0,878.0,883.0,6900.0,0.9142857142857119,0.34285714285713365,0.5694760820045497,-4.746494066882412,-7.732497387669801,8.380520951302373,3.2362459546925626,0.07482108002602472,True,False,False
7893,プロネクサス,2026-09-15,1095.0,1164.0,1164.0,1088.8,1125.76,50560.0,1093.0,1097.0,1093.0,1095.0,33200.0,0.0,-0.18264840182647957,0.18298261665141702,-5.927835051546393,-5.927835051546393,6.301369863013706,0.0,0.6566455696202531,True,False,False
7897,ホクシン,2026-09-15,106.0,110.0,110.0,105.4,106.12,93740.0,105.0,106.0,105.0,106.0,133500.0,0.0,-0.9433962264150941,0.952380952380949,-3.6363636363636376,-3.6363636363636376,3.7735849056603765,0.0,1.4241519095370172,True,False,False
7898,ウッドワン,2026-09-15,907.0,955.0,955.0,915.2,924.12,10600.0,909.0,909.0,907.0,907.0,9400.0,0.0,0.22050716648291946,-0.22002200220021528,-5.026178010471205,-5.026178010471205,5.292171995589867,0.0,0.8867924528301887,False,False,False
7901,マツモト,2026-09-15,782.0,880.0,880.0,831.0,849.28,7680.0,778.0,778.0,777.0,782.0,29500.0,0.0,-0.5115089514066473,0.5141388174807249,-11.136363636363633,-11.136363636363633,12.53196930946292,0.0,3.8411458333333335,True,False,False
7902,ソノコム,2026-09-15,1088.0,1139.0,1150.0,1099.0,1107.84,1040.0,1088.0,1088.0,1088.0,1088.0,400.0,0.0,0.0,0.0,-4.477611940298509,-5.391304347826087,5.698529411764697,0.9657594381035972,0.38461538461538464,False,False,False
7906,ヨネックス,2026-09-15,2370.0,2882.0,2955.0,2426.0,2669.32,475980.0,2337.0,2375.0,2314.0,2326.0,37400.0,-1.8565400843881807,-1.3924050632911356,-0.4706889174154849,-19.292158223455935,-21.285956006768192,27.04213241616509,2.5329632199861285,0.07857473003067356,False,False,False
7908,きもと,2026-09-15,239.0,245.0,250.0,236.8,239.44,112380.0,240.0,240.0,240.0,239.0,120900.0,0.0,0.4184100418409997,-0.4166666666666652,-2.4489795918367308,-4.400000000000004,4.602510460251041,2.0408163265306145,1.0758142018152697,False,False,False
7911,ＴＯＰＰＡＮホールディングス,2026-09-15,4630.0,5299.0,5629.0,4835.0,5045.48,1553500.0,4620.0,4668.0,4617.0,4666.0,81000.0,0.7775377969762465,-0.2159827213822907,0.9956709956709942,-11.945650122664652,-17.107834428850598,20.638662666095154,6.227590111341752,0.052140328290955905,True,False,False
7912,大日本印刷,2026-09-15,2979.0,3305.0,3364.0,3029.8,3136.44,1385700.0,2980.0,2990.0,2971.0,2987.0,66700.0,0.2685464921114544,0.0335683115139318,0.23489932885905063,-9.621785173978825,-11.206896551724132,12.621359223300965,1.785173978819965,0.04813451685068918,True,False,False
7914,共同印刷,2026-09-15,1755.0,1779.0,1779.0,1740.2,1744.44,52400.0,1760.0,1770.0,1760.0,1770.0,8800.0,0.8547008547008517,0.2849002849002913,0.5681818181818121,-0.5059021922428353,-0.5059021922428353,0.5084745762711895,0.0,0.16793893129770993,True,False,False
7915,ＮＩＳＳＨＡ,2026-09-15,1192.0,1319.0,1351.0,1175.4,1256.6,232620.0,1195.0,1206.0,1195.0,1206.0,14700.0,1.1744966442952975,0.251677852348986,0.9205020920502127,-8.567096285064446,-10.73279052553664,12.02321724709785,2.426080363912053,0.0631931906112974,True,False,False
7917,ＺＡＣＲＯＳ,2026-09-15,1228.0,1306.0,1467.0,1228.4,1265.08,100900.0,1246.0,1247.0,1240.0,1228.0,104500.0,0.0,1.4657980456026065,-1.4446227929374,-5.97243491577335,-16.291751874573958,19.462540716612374,12.32771822358345,1.0356788899900893,False,False,False
7918,ヴィア・ホールディングス,2026-09-15,106.0,108.0,109.0,106.8,106.6,50940.0,106.0,106.0,106.0,106.0,53900.0,0.0,0.0,0.0,-1.851851851851849,-2.752293577981646,2.8301886792452935,0.92592592592593,1.0581075775422064,False,False,False
7919,野崎印刷紙業,2026-09-15,226.0,231.0,231.0,226.6,224.92,6620.0,225.0,225.0,225.0,226.0,4800.0,0.0,-0.4424778761061954,0.4444444444444473,-2.164502164502169,-2.164502164502169,2.212389380530966,0.0,0.7250755287009063,True,False,False
7921,ＴＡＫＡＲＡ　＆　ＣＯＭＰＡＮＹ,2026-09-15,4135.0,4425.0,4425.0,4065.0,4201.8,17900.0,4115.0,4115.0,4115.0,4135.0,10400.0,0.0,-0.48367593712213,0.4860267314702238,-6.553672316384185,-6.553672316384185,7.013301088270851,0.0,0.5810055865921788,True,False,False
7927,ムトー精工,2026-09-15,2351.0,2364.0,2364.0,2296.4,2265.24,23120.0,2334.0,2352.0,2334.0,2351.0,23500.0,0.0,-0.7230965546575874,0.7283633247643584,-0.5499153976311288,-0.5499153976311288,0.5529561888558021,0.0,1.0164359861591696,True,False,False
7928,旭化学工業,2026-09-15,614.0,662.0,662.0,613.0,634.16,1660.0,614.0,615.0,614.0,615.0,300.0,0.16286644951140072,0.0,0.16286644951140072,-7.099697885196377,-7.099697885196377,7.642276422764227,0.0,0.18072289156626506,True,False,False
7931,未来工業,2026-09-15,3670.0,3750.0,3830.0,3662.0,3642.2,31380.0,3750.0,3750.0,3655.0,3670.0,30900.0,0.0,2.1798365122615904,-2.1333333333333315,-2.1333333333333315,-4.177545691906004,4.3596730245231585,2.1333333333333426,0.9847036328871893,False,False,False
7932,ニッピ,2026-09-15,11520.0,12010.0,12190.0,11518.0,11702.4,5420.0,11520.0,11520.0,11520.0,11520.0,5600.0,0.0,0.0,0.0,-4.079933388842627,-5.496308449548815,5.815972222222232,1.4987510407993287,1.033210332103321,False,False,False
7936,アシックス,2026-09-15,4115.0,4958.0,5440.0,4059.0,4498.6,6740460.0,4049.0,4086.0,4011.0,4047.0,623700.0,-1.6524908869987809,-1.6038882138517674,-0.04939491232403004,-18.374344493747476,-25.606617647058826,34.42055843834939,9.72166196046793,0.09253077683125484,False,False,False
7937,ツツミ,2026-09-15,2532.0,2760.0,2760.0,2546.4,2616.92,13900.0,2530.0,2532.0,2530.0,2532.0,13000.0,0.0,-0.07898894154818592,0.07905138339920903,-8.260869565217387,-8.260869565217387,9.004739336492884,0.0,0.935251798561151,True,False,False
7938,リーガルコーポレーション,2026-09-15,2102.0,2197.0,2223.0,2111.4,2159.28,2060.0,2102.0,2102.0,2102.0,2102.0,2700.0,0.0,0.0,0.0,-4.324078288575328,-5.443094916779123,5.756422454804944,1.183431952662728,1.3106796116504855,False,False,False
7939,研創,2026-09-15,605.0,613.0,619.0,602.8,604.88,860.0,604.0,605.0,600.0,605.0,500.0,0.0,-0.16528925619834212,0.16556291390728006,-1.3050570962479635,-2.2617124394184174,2.3140495867768562,0.978792822185981,0.5813953488372093,True,False,False
7942,ＪＳＰ,2026-09-15,2892.0,3195.0,3240.0,2865.4,3037.12,49480.0,2912.0,2933.0,2912.0,2892.0,57400.0,0.0,0.6915629322268302,-0.6868131868131844,-9.483568075117365,-10.74074074074074,12.03319502074689,1.4084507042253502,1.160064672594988,False,False,False
7943,ニチハ,2026-09-15,3010.0,3200.0,3265.0,2963.8,3062.72,64900.0,3030.0,3045.0,3030.0,3045.0,2200.0,1.1627906976744207,0.6644518272425293,0.4950495049504955,-4.843750000000002,-6.738131699846861,7.224958949096871,2.0312499999999956,0.03389830508474576,True,False,False
7944,ローランド,2026-09-15,3695.0,4040.0,4615.0,3682.0,3879.6,57000.0,3725.0,3735.0,3725.0,3695.0,45500.0,0.0,0.8119079837618504,-0.8053691275167751,-8.539603960396036,-19.934994582881906,24.898511502029773,14.232673267326735,0.7982456140350878,False,False,False
7946,光陽社,2026-09-15,374.0,507.0,507.0,371.4,350.6,4000.0,374.0,374.0,374.0,374.0,1800.0,0.0,0.0,0.0,-26.232741617357004,-26.232741617357004,35.56149732620322,0.0,0.45,False,False,False
7947,エフピコ,2026-09-15,2827.0,2895.0,2895.0,2799.6,2785.16,168000.0,2830.0,2850.0,2821.0,2846.0,34200.0,0.6720905553590395,0.10611956137247525,0.565371024734973,-1.6925734024179628,-1.6925734024179628,1.7217146872803957,0.0,0.20357142857142857,True,False,False
7949,小松ウオール工業,2026-09-15,2813.0,2869.0,2869.0,2808.0,2808.76,41780.0,2828.0,2843.0,2823.0,2838.0,4500.0,0.888730892285805,0.533238535371483,0.35360678925036026,-1.0805158591843833,-1.0805158591843833,1.0923185341789932,0.0,0.1077070368597415,True,False,False
7951,ヤマハ,2026-09-15,1249.5,1355.0,1432.0,1236.4,1305.96,2251000.0,1250.0,1259.0,1250.0,1257.0,72800.0,0.6002400960384069,0.04001600640255454,0.5600000000000049,-7.232472324723249,-12.22067039106145,13.92203659506761,5.682656826568255,0.03234118169702355,True,False,False
7952,河合楽器製作所,2026-09-15,3255.0,3645.0,3685.0,3224.0,3452.6,13860.0,3255.0,3325.0,3255.0,3325.0,1900.0,2.1505376344086002,0.0,2.1505376344086002,-8.779149519890261,-9.76933514246947,10.82706766917294,1.0973936899862924,0.1370851370851371,True,False,False
7953,菊水化学工業,2026-09-15,399.0,405.0,405.0,398.6,399.28,4060.0,400.0,400.0,399.0,399.0,900.0,0.0,0.25062656641603454,-0.24999999999999467,-1.4814814814814836,-1.4814814814814836,1.5037593984962516,0.0,0.22167487684729065,False,False,False
7955,クリナップ,2026-09-15,954.0,1018.0,1018.0,951.2,976.84,43480.0,953.0,960.0,948.0,954.0,55900.0,0.0,-0.10482180293500676,0.10493179433368471,-6.2868369351669955,-6.2868369351669955,6.708595387840677,0.0,1.2856485740570378,True,False,False
7956,ピジョン,2026-09-15,1956.0,2197.5,2197.5,1939.5,2070.9,1043460.0,1950.0,1963.5,1940.5,1962.5,54200.0,0.332310838445804,-0.30674846625766694,0.6410256410256387,-10.693970420932875,-10.693970420932875,11.974522292993628,0.0,0.05194257566174075,True,False,False
7957,フジコピアン,2026-09-15,2575.0,2679.0,2850.0,2567.8,2542.84,2340.0,2575.0,2575.0,2575.0,2575.0,1300.0,0.0,0.0,0.0,-3.8820455393803632,-9.649122807017541,10.679611650485432,6.382978723404253,0.5555555555555556,False,False,False
7962,キングジム,2026-09-15,793.0,820.0,820.0,788.6,803.8,29500.0,793.0,794.0,793.0,794.0,1300.0,0.12610340479193294,0.0,0.12610340479193294,-3.170731707317076,-3.170731707317076,3.2745591939546514,0.0,0.04406779661016949,True,False,False
7963,興研,2026-09-15,1815.0,1846.0,1850.0,1817.0,1815.2,2100.0,1806.0,1830.0,1805.0,1815.0,3300.0,0.0,-0.49586776859503745,0.4983388704318914,-1.6793066088840791,-1.8918918918918948,1.9283746556473913,0.21668472372697867,1.5714285714285714,True,False,False
7965,象印マホービン,2026-09-15,1465.0,1498.0,1498.0,1457.0,1464.44,89780.0,1465.0,1473.0,1465.0,1469.0,6600.0,0.27303754266212454,0.0,0.27303754266212454,-1.9359145527369837,-1.9359145527369837,1.9741320626276426,0.0,0.07351303185564714,True,False,False
7966,リンテック,2026-09-15,5340.0,5920.0,7180.0,5280.0,5568.0,963260.0,5350.0,5450.0,5340.0,5450.0,237100.0,2.0599250936329527,0.1872659176029856,1.869158878504673,-7.939189189189189,-24.09470752089137,31.743119266055043,21.283783783783793,0.24614330502668022,True,False,False
7970,信越ポリマー,2026-09-15,2189.0,2281.0,2378.0,2192.2,2236.8,86920.0,2200.0,2215.0,2192.0,2213.0,10100.0,1.0963910461397885,0.5025125628140614,0.5909090909090864,-2.981148619026741,-6.93860386879731,7.455942159963858,4.252520824199912,0.11619880349746893,True,False,False
7971,東リ,2026-09-15,697.0,720.0,720.0,699.4,702.08,62540.0,697.0,702.0,697.0,702.0,12600.0,0.7173601147776099,0.0,0.7173601147776099,-2.500000000000002,-2.500000000000002,2.564102564102555,0.0,0.20147105852254557,True,False,False
7972,イトーキ,2026-09-15,2473.0,2670.0,2933.0,2450.4,2559.64,184540.0,2482.0,2497.0,2482.0,2490.0,12500.0,0.6874241811564819,0.3639304488475492,0.3223207091055613,-6.741573033707871,-15.103989089669279,17.79116465863453,9.850187265917597,0.0677359921968137,True,False,False
7974,任天堂,2026-09-15,8118.0,9180.0,9180.0,8173.8,8659.84,10374200.0,8104.0,8213.0,8101.0,8195.0,550400.0,0.9485094850948617,-0.1724562700172405,1.1229022704837055,-10.729847494553379,-10.729847494553379,12.01952410006102,0.0,0.05305469337394691,True,False,False
7975,リヒトラブ,2026-09-15,1150.0,1196.0,1196.0,1159.6,1152.24,1900.0,1157.0,1157.0,1157.0,1150.0,1200.0,0.0,0.6086956521739184,-0.6050129645635227,-3.8461538461538436,-3.8461538461538436,4.0000000000000036,0.0,0.631578947368421,False,False,False
7976,三菱鉛筆,2026-09-15,3225.0,3280.0,3280.0,3187.0,3046.0,73680.0,3225.0,3260.0,3225.0,3255.0,5200.0,0.9302325581395321,0.0,0.9302325581395321,-0.7621951219512146,-0.7621951219512146,0.7680491551459223,0.0,0.07057546145494029,True,False,False
7979,松風,2026-09-15,2208.0,2385.0,2420.0,2190.6,2299.56,71760.0,2223.0,2234.0,2217.0,2229.0,8200.0,0.9510869565217295,0.6793478260869623,0.26990553306343035,-6.540880503144653,-7.892561983471069,8.568864961866307,1.467505241090139,0.11426978818283166,True,False,False
7980,重松製作所,2026-09-15,877.0,916.0,916.0,854.6,852.32,53620.0,883.0,883.0,877.0,877.0,60700.0,0.0,0.68415051311288,-0.6795016987542479,-4.257641921397381,-4.257641921397381,4.446978335233753,0.0,1.1320402834763148,False,False,False
7981,タカラスタンダード,2026-09-15,3095.0,3185.0,3185.0,3076.0,3079.56,81800.0,3100.0,3115.0,3080.0,3105.0,9100.0,0.3231017770597644,0.1615508885298933,0.1612903225806539,-2.5117739403453743,-2.5117739403453743,2.5764895330112614,0.0,0.11124694376528117,True,False,False
7983,ミロク,2026-09-15,1183.0,1334.0,1334.0,1205.8,1167.0,3440.0,1183.0,1183.0,1183.0,1183.0,2900.0,0.0,0.0,0.0,-11.319340329835082,-11.319340329835082,12.764158918005064,0.0,0.8430232558139535,False,False,False
7984,コクヨ,2026-09-15,899.5999755859375,936.2000122070312,936.2000122070312,906.1999877929688,896.9000024414063,983940.0,904.9000244140625,905.0,900.0999755859375,904.7999877929688,16600.0,0.5780360547080088,0.5891561774079568,-0.011054991534398262,-3.3539867554625347,-3.3539867554625347,3.470382939621275,0.0,0.016870947415492814,False,False,False
7986,日本アイ・エス・ケイ,2026-09-15,1914.0,1950.0,1950.0,1905.6,1914.04,340.0,1909.0,1914.0,1909.0,1914.0,900.0,0.0,-0.2612330198537127,0.2619172341540077,-1.8461538461538418,-1.8461538461538418,1.8808777429467183,0.0,2.6470588235294117,True,False,False
7987,ナカバヤシ,2026-09-15,566.0,576.0,580.0,557.4,565.0,45100.0,562.0,567.0,562.0,567.0,4300.0,0.17667844522968323,-0.7067137809187329,0.8896797153024938,-1.5625,-2.2413793103448265,2.2927689594356204,0.694444444444442,0.09534368070953436,True,False,False
7988,ニフコ,2026-09-15,4870.0,5344.0,5344.0,4897.4,5032.44,243700.0,4888.0,4926.0,4888.0,4926.0,9100.0,1.149897330595473,0.3696098562628425,0.77741407528642,-7.821856287425155,-7.821856287425155,8.48558668290702,0.0,0.037340993024210095,True,False,False
7989,立川ブラインド工業,2026-09-15,2671.0,2743.0,2743.0,2657.0,2671.56,25640.0,2675.0,2686.0,2673.0,2686.0,3100.0,0.5615874204417892,0.14975664545113787,0.41121495327103297,-2.0780167699599006,-2.0780167699599006,2.122114668652264,0.0,0.12090483619344773,True,False,False
7990,グローブライド,2026-09-15,2391.0,2570.0,2745.0,2379.0,2447.88,63140.0,2393.0,2425.0,2393.0,2425.0,7400.0,1.4219991635298967,0.08364700961940308,1.3372335979941585,-5.642023346303504,-11.65755919854281,13.195876288659791,6.809338521400776,0.11719987329743427,True,False,False
7991,マミヤ・オーピー,2026-09-15,1064.0,1099.0,1118.0,1069.2,1073.12,4440.0,1061.0,1061.0,1061.0,1064.0,5700.0,0.0,-0.28195488721804995,0.2827521206409056,-3.1847133757961776,-4.830053667262968,5.07518796992481,1.7288444040036488,1.2837837837837838,True,False,False
7992,セーラー万年筆,2026-09-15,103.0,108.0,108.0,103.0,103.52,18920.0,103.0,104.0,102.0,103.0,15200.0,0.0,0.0,0.0,-4.629629629629628,-4.629629629629628,4.854368932038833,0.0,0.8033826638477801,False,False,False
7994,オカムラ,2026-09-15,2347.0,2420.0,2420.0,2336.8,2358.52,261180.0,2358.0,2369.0,2356.0,2368.0,22100.0,0.8947592671495475,0.46868342564976295,0.4240882103477617,-2.148760330578514,-2.148760330578514,2.195945945945943,0.0,0.08461597365801363,True,False,False
7995,バルカー,2026-09-15,6420.0,6890.0,7620.0,6428.0,6609.2,47760.0,6420.0,6430.0,6420.0,6420.0,49400.0,0.0,0.0,0.0,-6.821480406386071,-15.748031496062998,18.691588785046733,10.595065312046437,1.0343383584589614,False,False,False
7997,くろがね工作所,2026-09-15,1082.0,1109.0,1109.0,1085.8,1075.52,2220.0,1087.0,1087.0,1087.0,1082.0,2500.0,0.0,0.46210720887245316,-0.4599816007359703,-2.4346257889991008,-2.4346257889991008,2.4953789279112737,0.0,1.1261261261261262,False,False,False
8001,伊藤忠商事,2026-09-15,2321.0,2373.5,2373.5,2307.5,2151.8,18142200.0,2345.0,2361.5,2345.0,2355.0,1501000.0,1.4648858250754015,1.0340370529944076,0.4264392324093924,-0.7794396460922726,-0.7794396460922726,0.7855626326964016,0.0,0.08273528017550243,True,False,False
8002,丸紅,2026-09-15,4952.0,5261.0,5261.0,5051.2,4995.12,4673120.0,5022.0,5048.0,4995.0,5027.0,526700.0,1.5145395799676997,1.4135702746365109,0.09956192751892079,-4.447823607679147,-4.447823607679147,4.654863735826531,0.0,0.11270842606224535,True,False,False
8005,スクロール,2026-09-15,1765.0,1886.0,1915.0,1751.6,1814.64,196800.0,1768.0,1771.0,1766.0,1770.0,9400.0,0.28328611898016387,0.16997167138810276,0.11312217194570096,-6.150583244962881,-7.571801566579639,8.192090395480234,1.5376458112407176,0.047764227642276426,True,False,False
8006,ユアサ・フナショク,2026-09-15,1490.0,1589.0,1650.0,1494.8,1531.72,2660.0,1492.0,1492.0,1492.0,1490.0,900.0,0.0,0.13422818791946067,-0.13404825737265424,-6.230333543108868,-9.696969696969692,10.738255033557053,3.838892385147896,0.3383458646616541,False,False,False
8007,高島,2026-09-15,801.0,830.0,830.0,794.4,807.8,106520.0,800.0,803.0,800.0,803.0,12500.0,0.24968789013732895,-0.12484394506866447,0.374999999999992,-3.2530120481927716,-3.2530120481927716,3.3623910336239016,0.0,0.11734885467517837,True,False,False
8008,ヨンドシーホールディングス,2026-09-15,2099.0,2205.0,2205.0,2078.6,2121.16,64540.0,2096.0,2107.0,2094.0,2103.0,6400.0,0.1905669366364826,-0.14292520247737306,0.33396946564885344,-4.625850340136051,-4.625850340136051,4.850213980028539,0.0,0.09916330957545708,True,False,False
8011,三陽商会,2026-09-15,1365.0,1996.6666259765625,1996.6666259765625,1339.0,1594.2000048828124,169960.0,1383.0,1383.0,1360.0,1367.0,9500.0,0.146520146520146,1.318681318681314,-1.156905278380338,-31.535891760027535,-31.535891760027535,46.06193313654443,0.0,0.05589550482466463,False,False,False
8012,長瀬産業,2026-09-15,1130.5,1239.5,1306.5,1136.3,1177.6,743600.0,1139.0,1148.0,1136.5,1146.5,27600.0,1.4153029632905767,0.7518796992481258,0.6584723441615425,-7.503025413473175,-12.246460007654036,13.955516790231147,5.405405405405395,0.037116729424421735,True,False,False
8013,ナイガイ,2026-09-15,367.0,374.0,374.0,368.6,359.36,4940.0,369.0,369.0,369.0,367.0,4000.0,0.0,0.5449591280654031,-0.5420054200542035,-1.8716577540106916,-1.8716577540106916,1.9073569482288777,0.0,0.8097165991902834,False,False,False
8014,蝶理,2026-09-15,4205.0,4415.0,4415.0,4194.0,4231.4,26440.0,4195.0,4235.0,4195.0,4235.0,1500.0,0.7134363852556502,-0.23781212841854638,0.9535160905840279,-4.077010192525476,-4.077010192525476,4.250295159386064,0.0,0.056732223903177004,True,False,False
8015,豊田通商,2026-09-15,7329.0,7798.0,7798.0,7467.2,7435.16,2490540.0,7421.0,7490.0,7403.0,7447.0,207400.0,1.6100422977213702,1.2552872151726069,0.3503570947311685,-4.5011541420877155,-4.5011541420877155,4.713307372096143,0.0,0.0832751130276968,True,False,False
8016,オンワードホールディングス,2026-09-15,717.0,784.0,784.0,707.0,745.76,665500.0,714.0,717.0,713.0,717.0,27500.0,0.0,-0.4184100418409997,0.42016806722688926,-8.545918367346939,-8.545918367346939,9.344490934449091,0.0,0.04132231404958678,True,False,False
8018,三共生興,2026-09-15,853.0,911.0,911.0,837.2,861.96,31940.0,853.0,860.0,853.0,860.0,1500.0,0.8206330597889888,0.0,0.8206330597889888,-5.598243688254668,-5.598243688254668,5.9302325581395365,0.0,0.046963055729492796,True,False,False
8020,兼松,2026-09-15,2272.5,2320.0,2320.0,2273.8,2229.18,544940.0,2298.0,2306.5,2272.5,2305.0,30600.0,1.4301430143014215,1.1221122112211157,0.3046127067014792,-0.6465517241379337,-0.6465517241379337,0.6507592190889477,0.0,0.05615297096928102,True,False,False
8022,美津濃,2026-09-15,4015.0,4320.0,4460.0,3966.0,4075.2,303460.0,4005.0,4005.0,3970.0,3970.0,7600.0,-1.1207970112079746,-0.24906600249066102,-0.8739076154806513,-8.10185185185185,-10.986547085201792,12.34256926952142,3.240740740740744,0.02504448691755091,False,False,False
8023,ＤＡＩＫＯ　ＸＴＥＣＨ,2026-09-15,1040.0,1073.0,1073.0,1048.2,1036.36,13780.0,1041.0,1045.0,1041.0,1040.0,7700.0,0.0,0.09615384615384581,-0.09606147934678733,-3.075489282385835,-3.075489282385835,3.173076923076934,0.0,0.5587808417997098,False,False,False
8025,ツカモトコーポレーション,2026-09-15,1309.0,1375.0,1375.0,1304.2,1328.0,660.0,1307.0,1307.0,1307.0,1309.0,1700.0,0.0,-0.15278838808250317,0.15302218821728886,-4.800000000000004,-4.800000000000004,5.042016806722693,0.0,2.5757575757575757,True,False,False
8029,ルックホールディングス,2026-09-15,2661.0,2700.0,2700.0,2634.2,2651.8,10680.0,2661.0,2669.0,2661.0,2661.0,9300.0,0.0,0.0,0.0,-1.4444444444444482,-1.4444444444444482,1.4656144306651742,0.0,0.8707865168539326,False,False,False
8030,中央魚類,2026-09-15,3905.0,4000.0,4000.0,3912.0,3808.6,1480.0,3900.0,3900.0,3900.0,3905.0,1700.0,0.0,-0.1280409731113985,0.12820512820512775,-2.375000000000005,-2.375000000000005,2.432778489116516,0.0,1.1486486486486487,True,False,False
8031,三井物産,2026-09-15,5069.0,5333.0,5333.0,5108.4,4991.0,6288220.0,5143.0,5213.0,5135.0,5200.0,783200.0,2.5843361609785065,1.4598540145985384,1.108302547151463,-2.493905869116819,-2.493905869116819,2.5576923076923164,0.0,0.12455034970150536,True,False,False
8032,日本紙パルプ商事,2026-09-15,1260.0,1271.0,1278.0,1233.8,1225.44,203540.0,1265.0,1272.0,1260.0,1260.0,212000.0,0.0,0.3968253968253954,-0.39525691699604515,-0.865460267505902,-1.4084507042253502,1.4285714285714235,0.5507474429583104,1.0415643116832072,False,False,False
8035,東京エレクトロン,2026-09-15,50650.0,57530.0,61650.0,51910.0,55004.0,3388440.0,50550.0,50820.0,50030.0,50170.0,220000.0,-0.9476801579466954,-0.19743336623889718,-0.7517309594460952,-12.793325221623498,-18.621248986212493,22.882200518237994,7.161480966452283,0.06492663290481755,False,False,False
8037,カメイ,2026-09-15,4810.0,4820.0,4820.0,4640.0,4485.4,85260.0,4850.0,4870.0,4805.0,4865.0,9400.0,1.1434511434511352,0.8316008316008316,0.3092783505154628,0.9336099585062207,0.9336099585062207,-0.9249743062692661,0.0,0.11025099695050435,True,True,True
8039,築地魚市場,2026-09-15,3450.0,3615.0,3655.0,3466.0,3534.4,3620.0,3460.0,3460.0,3460.0,3450.0,1000.0,0.0,0.28985507246377384,-0.28901734104046506,-4.56431535269709,-5.608755129958965,5.942028985507242,1.1065006915629283,0.27624309392265195,False,False,False
8040,東京ソワール,2026-09-15,1038.0,1059.0,1059.0,1045.8,1044.56,440.0,1049.0,1049.0,1049.0,1038.0,400.0,0.0,1.0597302504816941,-1.0486177311725409,-1.9830028328611915,-1.9830028328611915,2.0231213872832443,0.0,0.9090909090909091,False,False,False
8041,ＯＵＧホールディングス,2026-09-15,4630.0,4755.0,4755.0,4610.0,4579.0,1960.0,4630.0,4630.0,4615.0,4630.0,2500.0,0.0,0.0,0.0,-2.628811777076756,-2.628811777076756,2.699784017278617,0.0,1.2755102040816326,False,False,False
8043,スターゼン,2026-09-15,1536.0,1613.0,1613.0,1522.4,1521.64,152800.0,1539.0,1552.0,1539.0,1549.0,75300.0,0.8463541666666741,0.1953125,0.6497725795971521,-3.967761934283942,-3.967761934283942,4.131697869593287,0.0,0.49280104712041883,True,False,False
8045,横浜丸魚,2026-09-15,2040.0,2105.0,2165.0,2051.2,2038.68,1320.0,2033.0,2033.0,2033.0,2040.0,1500.0,0.0,-0.34313725490195957,0.34431874077718305,-3.0878859857482177,-5.773672055427248,6.127450980392157,2.8503562945368266,1.1363636363636365,True,False,False
8046,丸藤シートパイル,2026-09-15,967.0,1029.0,1029.0,975.2,999.12,12120.0,970.0,970.0,968.0,967.0,12600.0,0.0,0.31023784901758056,-0.3092783505154628,-6.025267249757049,-6.025267249757049,6.411582213029998,0.0,1.0396039603960396,False,False,False
8050,セイコーグループ,2026-09-15,9570.0,11920.0,11920.0,9306.0,10592.8,716240.0,9360.0,9390.0,9270.0,9360.0,34900.0,-2.1943573667711602,-2.1943573667711602,0.0,-21.476510067114095,-21.476510067114095,27.350427350427342,0.0,0.04872668379314196,False,False,False
8051,山善,2026-09-15,1969.0,2003.0,2003.0,1940.8,1936.4,192060.0,1994.0,2002.0,1988.0,2000.0,23300.0,1.5744032503808958,1.2696800406297504,0.30090270812437314,-0.1497753369945065,-0.1497753369945065,0.15000000000000568,0.0,0.12131625533687389,True,False,False
8052,椿本興業,2026-09-15,2915.0,2976.0,2976.0,2897.4,2862.88,75860.0,2927.0,2948.0,2927.0,2948.0,16300.0,1.132075471698113,0.41166380789021684,0.7174581482746856,-0.9408602150537626,-0.9408602150537626,0.9497964721845387,0.0,0.21486949644081202,True,False,False
8053,住友商事,2026-09-15,1770.0,1891.0,1891.0,1810.9,1785.24,9535880.0,1803.0,1809.0,1787.5,1794.0,892200.0,1.3559322033898313,1.8644067796610209,-0.4991680532445919,-5.129561078794287,-5.129561078794287,5.406911928651059,0.0,0.09356241899017186,False,False,False
8056,ＢＩＰＲＯＧＹ,2026-09-15,4840.0,4934.0,4934.0,4758.8,4663.68,388000.0,4905.0,4919.0,4820.0,4847.0,18000.0,0.14462809917354935,1.342975206611574,-1.1824668705402663,-1.763275233076611,-1.763275233076611,1.7949246956880494,0.0,0.04639175257731959,False,False,False
8057,内田洋行,2026-09-15,2246.0,2368.0,2368.0,2164.2,2221.2,172860.0,2246.0,2260.0,2233.0,2253.0,9100.0,0.3116651825467498,0.0,0.3116651825467498,-4.856418918918914,-4.856418918918914,5.104305370616946,0.0,0.05264375795441398,True,False,False
8058,三菱商事,2026-09-15,4910.0,5123.0,5123.0,4986.2,4852.4,7499260.0,4963.0,4985.0,4936.0,4972.0,821800.0,1.2627291242362615,1.0794297352342053,0.18134193028409573,-2.947491704079641,-2.947491704079641,3.037007240547074,0.0,0.10958414563570272,True,False,False
8059,第一実業,2026-09-15,3615.0,3840.0,3840.0,3621.0,3640.4,67820.0,3625.0,3630.0,3610.0,3620.0,13600.0,0.13831258644536604,0.2766251728907321,-0.13793103448276334,-5.7291666666666625,-5.7291666666666625,6.077348066298338,0.0,0.20053081686818047,False,False,False
8060,キヤノンマーケティングジャパン,2026-09-15,3696.0,3782.0,3782.0,3649.0,3628.8,301940.0,3696.0,3740.0,3696.0,3740.0,12900.0,1.1904761904761862,0.0,1.1904761904761862,-1.1105235325224783,-1.1105235325224783,1.1229946524064172,0.0,0.042723719944359806,True,False,False
8061,西華産業,2026-09-15,2971.0,3325.0,3325.0,2948.8,3054.12,109520.0,2999.0,3010.0,2987.0,2971.0,108400.0,0.0,0.9424436216761922,-0.9336445481827327,-10.646616541353382,-10.646616541353382,11.915180074049147,0.0,0.9897735573411249,False,False,False
8065,佐藤商事,2026-09-15,3015.0,3830.0,4095.0,3183.0,3582.6,331500.0,3050.0,3065.0,3050.0,3065.0,4700.0,1.6583747927031434,1.1608623548922115,0.4918032786885185,-19.973890339425594,-25.152625152625152,33.605220228384994,6.919060052219317,0.014177978883861237,True,False,False
8066,三谷商事,2026-09-15,3585.0,3680.0,3680.0,3533.0,3393.2,29620.0,3595.0,3595.0,3595.0,3585.0,29700.0,0.0,0.2789400278939924,-0.2781641168289273,-2.5815217391304324,-2.5815217391304324,2.649930264993028,0.0,1.0027008777852802,False,False,False
8070,東京産業,2026-09-15,1012.0,1015.0,1015.0,975.6,952.76,112620.0,1010.0,1019.0,1010.0,1017.0,4700.0,0.49407114624506754,-0.19762845849802257,0.6930693069306937,0.19704433497536034,0.19704433497536034,-0.1966568338249708,0.0,0.04173326229799325,True,True,True
8074,ＹＵＡＳＡ,2026-09-15,6400.0,6590.0,6590.0,6426.0,6276.8,35660.0,6430.0,6460.0,6400.0,6400.0,24300.0,0.0,0.46874999999999556,-0.4665629860031051,-2.8831562974203306,-2.8831562974203306,2.968750000000009,0.0,0.6814357823892316,False,False,False
8075,神鋼商事,2026-09-15,3110.0,3190.0,3190.0,3082.0,3072.12,47600.0,3130.0,3140.0,3125.0,3140.0,3700.0,0.9646302250803762,0.6430868167202508,0.31948881789136685,-1.5673981191222541,-1.5673981191222541,1.5923566878981,0.0,0.07773109243697479,True,False,False
8076,カノークス,2026-09-15,2106.0,2141.0,2141.0,2107.8,2104.28,3700.0,2115.0,2134.0,2106.0,2106.0,3400.0,0.0,0.42735042735042583,-0.42553191489361764,-1.634750116767869,-1.634750116767869,1.6619183285849992,0.0,0.918918918918919,False,False,False
8077,トルク,2026-09-15,212.0,220.0,240.0,214.0,213.96,15980.0,212.0,212.0,212.0,212.0,9500.0,0.0,0.0,0.0,-3.6363636363636376,-11.66666666666667,13.207547169811317,9.090909090909083,0.5944931163954944,False,False,False
8078,阪和興業,2026-09-15,1890.0,1987.0,1987.0,1915.0,1880.32,462840.0,1926.0,1929.0,1914.0,1917.0,14400.0,1.4285714285714235,1.904761904761898,-0.4672897196261627,-3.5228988424760965,-3.5228988424760965,3.6515388628064693,0.0,0.0311122634171636,False,False,False
8079,正栄食品工業,2026-09-15,4440.0,4620.0,4620.0,4455.0,4488.6,52760.0,4465.0,4490.0,4465.0,4490.0,2500.0,1.1261261261261257,0.5630630630630629,0.5599104143336975,-2.813852813852813,-2.813852813852813,2.8953229398663627,0.0,0.047384382107657316,True,False,False
8081,カナデン,2026-09-15,2544.0,2645.0,2645.0,2499.8,2516.12,43180.0,2558.0,2576.0,2555.0,2544.0,53000.0,0.0,0.5503144654088077,-0.5473025801407294,-3.81852551984877,-3.81852551984877,3.970125786163514,0.0,1.2274201018990274,False,False,False
8084,ＲＹＯＤＥＮ,2026-09-15,4715.0,4895.0,4895.0,4725.0,4727.2,37740.0,4750.0,4795.0,4750.0,4795.0,2200.0,1.6967126193001114,0.7423117709437932,0.9473684210526301,-2.0429009193054126,-2.0429009193054126,2.085505735140769,0.0,0.05829358770535241,True,False,False
8085,ナラサキ産業,2026-09-15,4180.0,4300.0,4670.0,4211.0,4204.4,1260.0,4225.0,4225.0,4225.0,4180.0,700.0,0.0,1.0765550239234534,-1.0650887573964485,-2.7906976744186074,-10.492505353319059,11.722488038277511,8.604651162790699,0.5555555555555556,False,False,False
8086,ニプロ,2026-09-15,1450.5,1608.0,1684.5,1442.3,1528.44,762700.0,1446.0,1456.0,1442.0,1456.0,59100.0,0.379179593243717,-0.31023784901758056,0.6915629322268302,-9.452736318407961,-13.564856040368056,15.693681318681318,4.75746268656716,0.07748787203356497,True,False,False
8088,岩谷産業,2026-09-15,2098.0,2292.5,2292.5,2134.3,2188.08,689360.0,2122.0,2131.0,2114.0,2126.0,42700.0,1.3346043851286904,1.1439466158245981,0.18850141376061114,-7.262813522355504,-7.262813522355504,7.831608654750699,0.0,0.061941510966693744,True,False,False
8089,ナイス,2026-09-15,1980.0,2021.0,2021.0,2000.8,1981.44,1980.0,1975.0,1975.0,1971.0,1980.0,4300.0,0.0,-0.2525252525252486,0.25316455696202667,-2.028698664027706,-2.028698664027706,2.0707070707070674,0.0,2.1717171717171717,True,False,False
8091,ニチモウ,2026-09-15,2386.0,2463.0,2463.0,2382.2,2412.24,7260.0,2377.0,2395.0,2377.0,2395.0,7800.0,0.37720033528918506,-0.37720033528918506,0.7572570466975126,-2.760860738936255,-2.760860738936255,2.8392484342379953,0.0,1.0743801652892562,True,False,False
8093,極東貿易,2026-09-15,1773.0,1878.0,1893.0,1772.2,1818.48,32700.0,1776.0,1786.0,1776.0,1786.0,3000.0,0.7332205301748385,0.16920473773265332,0.5630630630630629,-4.898828541001066,-5.65240359218172,5.9910414333706585,0.7987220447284393,0.09174311926605505,True,False,False
8095,アステナホールディングス,2026-09-15,514.0,552.0,552.0,513.8,532.32,69400.0,517.0,517.0,514.0,515.0,5700.0,0.1945525291828787,0.5836575875486361,-0.3868471953578312,-6.702898550724634,-6.702898550724634,7.184466019417468,0.0,0.08213256484149856,False,False,False
8097,三愛オブリ,2026-09-15,2451.0,2497.0,2497.0,2424.0,2408.64,134160.0,2441.0,2466.0,2440.0,2462.0,9900.0,0.4487964096287156,-0.4079967360261172,0.8603031544448969,-1.4016820184221013,-1.4016820184221013,1.421608448415923,0.0,0.07379248658318426,True,False,False
8098,稲畑産業,2026-09-15,4415.0,4575.0,4575.0,4456.0,4338.8,119220.0,4455.0,4480.0,4455.0,4480.0,7800.0,1.4722536806341946,0.9060022650056565,0.561167227833903,-2.0765027322404372,-2.0765027322404372,2.1205357142857206,0.0,0.06542526421741318,True,False,False
8101,ＧＳＩクレオス,2026-09-15,2610.0,2805.0,2810.0,2602.6,2690.44,26040.0,2618.0,2638.0,2618.0,2610.0,23100.0,0.0,0.30651340996168397,-0.30557677616500634,-6.951871657754005,-7.117437722419928,7.662835249042144,0.17825311942958333,0.8870967741935484,False,False,False
8103,明和産業,2026-09-15,984.0,994.0,994.0,971.0,966.8,147200.0,988.0,995.0,988.0,994.0,24400.0,1.0162601626016343,0.40650406504065817,0.6072874493927127,0.0,0.0,0.0,0.0,0.16576086956521738,True,False,False
8104,クワザワホールディングス,2026-09-15,713.0,736.0,736.0,711.0,705.96,7080.0,720.0,720.0,718.0,718.0,1000.0,0.7012622720897532,0.9817671809256634,-0.2777777777777768,-2.445652173913049,-2.445652173913049,2.506963788300842,0.0,0.14124293785310735,False,False,False
8105,Ｂｉｔｃｏｉｎ　Ｊａｐａｎ,2026-09-15,74.0,102.0,102.0,76.6,86.4,729900.0,74.0,75.0,74.0,74.0,65600.0,0.0,0.0,0.0,-27.450980392156865,-27.450980392156865,37.83783783783783,0.0,0.08987532538703932,False,False,False
8107,キムラタン,2026-09-15,31.0,32.0,32.0,30.4,30.88,165880.0,30.0,31.0,30.0,31.0,538300.0,0.0,-3.2258064516129004,3.3333333333333437,-3.125,-3.125,3.2258064516129004,0.0,3.245116952013504,True,False,False
8111,ゴールドウイン,2026-09-15,2141.0,2209.5,2314.5,2109.3,2129.5,505960.0,2134.5,2147.5,2127.0,2146.0,17000.0,0.23353573096682734,-0.3035964502568933,0.5387678613258284,-2.873953383118355,-7.2801901058544,7.851817334575961,4.752206381534285,0.03359949403114871,True,False,False
8113,ユニ・チャーム,2026-09-15,961.0,1011.0,1041.0,954.8400024414062,979.06,4681320.0,958.7999877929688,964.2000122070312,955.5,963.9000244140625,266800.0,0.30177153111992094,-0.22892947003446684,0.53191871986078,-4.6587512943558345,-7.406337712385924,7.998752322141001,2.9673590504450953,0.05699247220869327,True,False,False
8115,ムーンバット,2026-09-15,1339.0,1340.0,1470.0,1314.6,1315.52,1960.0,1340.0,1340.0,1339.0,1339.0,3200.0,0.0,0.07468259895444529,-0.07462686567164534,-0.07462686567164534,-8.911564625850342,9.783420463032112,9.701492537313428,1.6326530612244898,False,False,False
8117,中央自動車工業,2026-09-15,2137.0,2329.0,2329.0,2113.0,2174.92,1064600.0,2137.0,2149.0,2135.0,2145.0,109500.0,0.3743565746373356,0.0,0.3743565746373356,-7.900386431945039,-7.900386431945039,8.578088578088572,0.0,0.10285553259440165,True,False,False
8118,キング,2026-09-15,1180.0,1227.0,1245.0,1180.0,1197.44,880.0,1173.0,1173.0,1173.0,1180.0,2200.0,0.0,-0.593220338983047,0.5967604433077645,-3.830480847595763,-5.2208835341365445,5.508474576271194,1.4669926650366705,2.5,True,False,False
8119,三栄コーポレーション,2026-09-15,791.0,800.0,800.0,792.0,783.2,840.0,791.0,791.0,791.0,791.0,300.0,0.0,0.0,0.0,-1.1249999999999982,-1.1249999999999982,1.1378002528444897,0.0,0.35714285714285715,False,False,False
8123,川辺,2026-09-15,1374.0,1448.0,1448.0,1390.6,1404.6,1720.0,1375.0,1375.0,1375.0,1374.0,1000.0,0.0,0.07278020378456151,-0.07272727272726875,-5.1104972375690565,-5.1104972375690565,5.385735080058218,0.0,0.5813953488372093,False,False,False
8125,ワキタ,2026-09-15,1968.0,2012.0,2012.0,1954.2,1956.0,114680.0,1978.0,1984.0,1976.0,1980.0,9300.0,0.6097560975609762,0.5081300813008172,0.10111223458038054,-1.5904572564612307,-1.5904572564612307,1.6161616161616266,0.0,0.08109522148587374,True,False,False
8127,ヤマトインターナショナル,2026-09-15,526.0,584.0,595.0,533.8,558.2,6520.0,526.0,526.0,526.0,526.0,9700.0,0.0,0.0,0.0,-9.931506849315063,-11.596638655462188,13.117870722433466,1.8835616438356073,1.4877300613496933,False,False,False
8129,東邦ホールディングス,2026-09-15,4005.0,4109.0,4109.0,3971.2,3942.52,108200.0,4000.0,4019.0,3999.0,4019.0,11300.0,0.3495630461922694,-0.12484394506866447,0.4750000000000032,-2.1903139449987785,-2.1903139449987785,2.2393630256282604,0.0,0.1044362292051756,True,False,False
8130,サンゲツ,2026-09-15,3185.0,3245.0,3245.0,3180.0,3181.0,107580.0,3210.0,3210.0,3190.0,3205.0,8100.0,0.6279434850863463,0.7849293563579218,-0.15576323987538387,-1.2326656394452962,-1.2326656394452962,1.2480499219968744,0.0,0.07529280535415504,False,False,False
8131,ミツウロコグループホールディングス,2026-09-15,2579.0,2616.0,2616.0,2506.0,2302.4,47920.0,2609.0,2638.0,2606.0,2637.0,5600.0,2.248933695230715,1.1632415664986517,1.073208125718672,0.8027522935779796,0.8027522935779796,-0.7963594994311762,0.0,0.11686143572621036,True,True,True
8132,シナネンホールディングス,2026-09-15,7270.0,9010.0,9270.0,7404.0,7819.2,4700.0,7270.0,7270.0,7270.0,7270.0,3500.0,0.0,0.0,0.0,-19.3118756936737,-21.574973031283704,27.510316368638232,2.885682574916748,0.7446808510638298,False,False,False
8133,伊藤忠エネクス,2026-09-15,2315.0,2373.0,2373.0,2287.2,2245.88,110000.0,2330.0,2345.0,2321.0,2343.0,6000.0,1.2095032397408279,0.647948164146861,0.5579399141630859,-1.2642225031605614,-1.2642225031605614,1.2804097311139628,0.0,0.05454545454545454,True,False,False
8135,ゼット,2026-09-15,430.0,450.0,450.0,433.4,439.48,9820.0,429.0,429.0,429.0,430.0,23700.0,0.0,-0.23255813953488857,0.2331002331002363,-4.444444444444439,-4.444444444444439,4.651162790697683,0.0,2.4134419551934827,True,False,False
8136,サンリオ,2026-09-15,1220.0,1338.5,1470.0,1202.1,1231.46,18798160.0,1195.5,1203.0,1180.5,1192.0,2344100.0,-2.2950819672131195,-2.0081967213114726,-0.2927645336679219,-10.945087784833774,-18.911564625850342,23.32214765100671,9.82443033246172,0.12469837473454849,False,False,False
8137,サンワテクノス,2026-09-15,4435.0,4450.0,4450.0,4337.0,4156.0,50580.0,4445.0,4520.0,4445.0,4505.0,8100.0,1.5783540022547893,0.22547914317925244,1.3498312710911176,1.2359550561797716,1.2359550561797716,-1.220865704772478,0.0,0.1601423487544484,True,True,True
8139,ナガホリ,2026-09-15,2220.0,2450.0,2470.0,2191.4,2252.48,2600.0,2224.0,2236.0,2224.0,2220.0,3600.0,0.0,0.18018018018017834,-0.17985611510791255,-9.387755102040817,-10.121457489878537,11.261261261261257,0.8163265306122547,1.3846153846153846,False,False,False
8141,新光商事,2026-09-15,1565.0,1576.0,1580.0,1566.0,1567.12,103260.0,1566.0,1566.0,1566.0,1565.0,16800.0,0.0,0.06389776357826893,-0.06385696040868138,-0.6979695431472033,-0.9493670886076,0.9584664536741228,0.2538071065989911,0.16269610691458455,False,False,False
8142,トーホー,2026-09-15,1390.0,1461.0,1461.0,1409.2,1419.08,107000.0,1397.0,1402.0,1397.0,1390.0,69400.0,0.0,0.5035971223021685,-0.5010737294201872,-4.859685147159476,-4.859685147159476,5.107913669064756,0.0,0.6485981308411215,False,False,False
8143,ラピーヌ,2026-09-15,165.0,187.0,187.0,147.6,143.36,241020.0,161.0,165.0,158.0,165.0,35200.0,0.0,-2.4242424242424288,2.4844720496894457,-11.764705882352944,-11.764705882352944,13.33333333333333,0.0,0.14604597128868974,True,False,False
8144,デンキョーグループホールディングス,2026-09-15,1261.0,1285.0,1308.0,1267.0,1252.04,700.0,1262.0,1262.0,1262.0,1261.0,600.0,0.0,0.07930214115781098,-0.07923930269413404,-1.8677042801556465,-3.593272171253825,3.7272006344171382,1.789883268482484,0.8571428571428571,False,False,False
8147,トミタ,2026-09-15,1461.0,1461.0,1461.0,1425.0,1407.76,1240.0,1417.0,1461.0,1417.0,1461.0,3700.0,0.0,-3.011635865845308,3.10515172900494,0.0,0.0,0.0,0.0,2.9838709677419355,True,False,False
8150,三信電気,2026-09-15,3220.0,3435.0,3435.0,3196.0,3192.0,32220.0,3245.0,3265.0,3245.0,3220.0,28000.0,0.0,0.7763975155279601,-0.7704160246533087,-6.259097525473067,-6.259097525473067,6.677018633540377,0.0,0.8690254500310366,False,False,False
8151,東陽テクニカ,2026-09-15,1818.0,2065.0,2169.0,1820.6,1949.56,173720.0,1830.0,1840.0,1828.0,1838.0,8500.0,1.1001100110010986,0.660066006600668,0.43715846994536456,-10.992736077481835,-15.260488704472108,18.00870511425463,5.036319612590789,0.048929311535804744,True,False,False
8152,ソマール,2026-09-15,7250.0,7550.0,8100.0,7200.0,7317.2,1160.0,7150.0,7250.0,7150.0,7250.0,1100.0,0.0,-1.379310344827589,1.3986013986013957,-3.9735099337748325,-10.49382716049383,11.724137931034484,7.284768211920523,0.9482758620689655,True,False,False
8153,モスフードサービス,2026-09-15,3965.0,4020.0,4020.0,3947.0,3901.4,207040.0,3960.0,3980.0,3950.0,3980.0,90500.0,0.3783102143757988,-0.12610340479193294,0.5050505050504972,-0.995024875621886,-0.995024875621886,1.005025125628145,0.0,0.437113601236476,True,False,False
8154,加賀電子,2026-09-15,4915.0,5120.0,5210.0,4824.0,4948.4,105200.0,4930.0,4965.0,4925.0,4960.0,5800.0,0.9155645981688609,0.3051881993896277,0.6085192697768749,-3.125,-4.798464491362764,5.040322580645151,1.7578125,0.055133079847908745,True,False,False
8157,都築電気,2026-09-15,4245.0,4345.0,4345.0,4156.0,4145.4,29000.0,4225.0,4290.0,4225.0,4270.0,8800.0,0.5889281507656108,-0.4711425206124886,1.0650887573964596,-1.7261219792865323,-1.7261219792865323,1.7564402810304358,0.0,0.30344827586206896,True,False,False
8158,ソーダニッカ,2026-09-15,1314.0,1407.0,1407.0,1308.0,1328.6,45180.0,1323.0,1344.0,1323.0,1314.0,34900.0,0.0,0.6849315068493178,-0.6802721088435382,-6.609808102345416,-6.609808102345416,7.077625570776247,0.0,0.7724656927844179,False,False,False
8159,立花エレテック,2026-09-15,4070.0,4265.0,4375.0,4026.0,4081.2,24080.0,4070.0,4100.0,4070.0,4100.0,900.0,0.7371007371007376,0.0,0.7371007371007376,-3.86869871043376,-6.285714285714283,6.707317073170738,2.579132473622514,0.03737541528239203,True,False,False
8160,木曽路,2026-09-15,2458.0,2500.0,2500.0,2456.2,2449.44,68080.0,2457.0,2463.0,2457.0,2460.0,27600.0,0.08136696501219731,-0.040683482506098656,0.12210012210012167,-1.6000000000000014,-1.6000000000000014,1.6260162601626105,0.0,0.40540540540540543,True,False,False
8163,ＳＲＳホールディングス,2026-09-15,1536.0,1608.0,1608.0,1526.0,1527.84,106280.0,1531.0,1536.0,1531.0,1536.0,34700.0,0.0,-0.32552083333333703,0.3265839320705455,-4.477611940298509,-4.477611940298509,4.6875,0.0,0.32649604817463307,True,False,False
8165,千趣会,2026-09-15,100.0,110.0,114.0,102.0,105.76,171700.0,100.0,101.0,100.0,100.0,261200.0,0.0,0.0,0.0,-9.090909090909093,-12.28070175438597,13.99999999999999,3.6363636363636376,1.5212580081537566,False,False,False
8166,タカキュー,2026-09-15,78.0,80.0,80.0,78.4,78.28,32720.0,78.0,78.0,78.0,78.0,63200.0,0.0,0.0,0.0,-2.500000000000002,-2.500000000000002,2.564102564102555,0.0,1.9315403422982884,False,False,False
8167,リテールパートナーズ,2026-09-15,1434.0,1506.0,1506.0,1406.6,1416.6,87000.0,1435.0,1437.0,1431.0,1431.0,3600.0,-0.20920502092049986,0.06973500697349255,-0.2787456445992986,-4.980079681274896,-4.980079681274896,5.2410901467505155,0.0,0.041379310344827586,False,False,False
8173,Ｊｏｓｈｉｎ,2026-09-15,4205.0,4640.0,4640.0,4191.0,4227.8,140660.0,4215.0,4220.0,4205.0,4205.0,45700.0,0.0,0.23781212841855748,-0.23724792408066353,-9.375,-9.375,10.344827586206895,0.0,0.32489691454571307,False,False,False
8174,日本瓦斯,2026-09-15,3081.0,3143.0,3143.0,3062.6,2993.96,287940.0,3090.0,3110.0,3090.0,3110.0,9500.0,0.9412528399870279,0.2921129503407949,0.6472491909385036,-1.0499522748965928,-1.0499522748965928,1.0610932475884294,0.0,0.032992984649579775,True,False,False
8179,ロイヤルホールディングス,2026-09-15,1347.0,1398.0,1398.0,1350.6,1346.8,277840.0,1357.0,1360.0,1349.0,1352.0,14700.0,0.37119524870081744,0.7423904974016349,-0.368459837877666,-3.290414878397707,-3.290414878397707,3.402366863905315,0.0,0.05290814857471926,False,False,False
8181,東天紅,2026-09-15,986.0,1011.0,1019.0,987.4,991.92,5540.0,988.0,988.0,988.0,986.0,2400.0,0.0,0.20283975659229903,-0.2024291497975672,-2.472799208704257,-3.238469087340534,3.346855983772823,0.7912957467853587,0.4332129963898917,False,False,False
8185,チヨダ,2026-09-15,1002.0,1077.0,1077.0,991.6,1018.72,103580.0,1005.0,1005.0,997.0,1002.0,173200.0,0.0,0.29940119760478723,-0.29850746268657025,-6.963788300835649,-6.963788300835649,7.4850299401197695,0.0,1.6721374782776597,False,False,False
8194,ライフコーポレーション,2026-09-15,2712.0,2830.0,2830.0,2690.0,2681.0,253440.0,2726.0,2732.0,2707.0,2722.0,16800.0,0.36873156342183133,0.5162241887905594,-0.14673514306676738,-3.816254416961129,-3.816254416961129,3.967670830271852,0.0,0.06628787878787878,False,False,False
8198,マックスバリュ東海,2026-09-15,3315.0,3470.0,3470.0,3324.0,3309.8,14940.0,3335.0,3335.0,3335.0,3315.0,19500.0,0.0,0.6033182503770718,-0.5997001499250421,-4.466858789625361,-4.466858789625361,4.675716440422328,0.0,1.3052208835341366,False,False,False
8200,リンガーハット,2026-09-15,2316.0,2370.0,2370.0,2316.8,2324.84,70240.0,2332.0,2332.0,2314.0,2320.0,3800.0,0.17271157167531026,0.6908462867012188,-0.5145797598627766,-2.1097046413502074,-2.1097046413502074,2.155172413793105,0.0,0.0541002277904328,False,False,False
8202,ラオックスホールディングス,2026-09-15,148.0,149.0,149.0,148.0,147.76,44760.0,147.0,148.0,147.0,148.0,52500.0,0.0,-0.6756756756756799,0.6802721088435382,-0.6711409395973145,-0.6711409395973145,0.6756756756756799,0.0,1.1729222520107239,True,False,False
8203,ＭｒＭａｘＨＤ,2026-09-15,753.0,801.0,801.0,752.6,775.56,47600.0,753.0,758.0,753.0,753.0,33900.0,0.0,0.0,0.0,-5.992509363295884,-5.992509363295884,6.374501992031867,0.0,0.7121848739495799,False,False,False
8207,テンアライド,2026-09-15,301.0,304.0,304.0,301.4,299.04,19520.0,301.0,301.0,301.0,301.0,22600.0,0.0,0.0,0.0,-0.9868421052631526,-0.9868421052631526,0.9966777408637828,0.0,1.1577868852459017,False,False,False
8214,ＡＯＫＩホールディングス,2026-09-15,1715.0,1794.0,1794.0,1703.4,1731.2,183600.0,1716.0,1722.0,1715.0,1722.0,27800.0,0.40816326530612734,0.05830903790087216,0.34965034965035446,-4.013377926421402,-4.013377926421402,4.181184668989557,0.0,0.1514161220043573,True,False,False
8217,オークワ,2026-09-15,803.0,817.0,821.0,798.8,802.48,65100.0,800.0,804.0,800.0,804.0,4600.0,0.12453300124533051,-0.37359900373599153,0.49999999999998934,-1.591187270501837,-2.0706455542021884,2.1144278606965106,0.4895960832313362,0.0706605222734255,True,False,False
8218,コメリ,2026-09-15,3910.0,3945.0,3950.0,3888.0,3874.4,96280.0,3910.0,3925.0,3905.0,3925.0,14500.0,0.38363171355497716,0.0,0.38363171355497716,-0.5069708491761693,-0.6329113924050667,0.6369426751592355,0.12674271229404788,0.15060240963855423,True,False,False
8219,青山商事,2026-09-15,763.0,787.0,787.0,757.2,762.96,645540.0,763.0,764.0,760.0,763.0,40500.0,0.0,0.0,0.0,-3.0495552731893305,-3.0495552731893305,3.1454783748361637,0.0,0.06273817269262942,False,False,False
8225,タカチホ,2026-09-15,3690.0,3690.0,3755.0,3647.0,3567.6,300.0,3645.0,3690.0,3645.0,3690.0,200.0,0.0,-1.2195121951219523,1.2345679012345734,0.0,-1.7310252996005304,1.7615176151761558,1.7615176151761558,0.6666666666666666,True,False,False
8226,理経,2026-09-15,382.0,408.0,408.0,378.2,390.04,167460.0,381.0,386.0,381.0,384.0,30900.0,0.5235602094240788,-0.2617801047120394,0.7874015748031482,-5.882352941176472,-5.882352941176472,6.25,0.0,0.1845216768183447,True,False,False
8227,しまむら,2026-09-15,3216.0,3425.0,3490.0,3210.0,3297.52,595160.0,3216.0,3233.0,3212.0,3230.0,34400.0,0.43532338308458485,0.0,0.43532338308458485,-5.693430656934306,-7.449856733524351,8.049535603715174,1.897810218978102,0.05779958330532966,True,False,False
8230,はせがわ,2026-09-15,306.0,315.0,318.0,308.2,311.32,17060.0,306.0,307.0,306.0,306.0,10300.0,0.0,0.0,0.0,-2.857142857142858,-3.7735849056603765,3.9215686274509887,0.952380952380949,0.6037514654161782,False,False,False
8233,高島屋,2026-09-15,2103.0,2523.5,2523.5,2104.0,2272.66,1707080.0,2102.0,2127.0,2100.5,2127.0,88000.0,1.1412268188302432,-0.04755111745126106,1.18934348239772,-15.712304339211414,-15.712304339211414,18.641278796426896,0.0,0.051550015230686315,True,False,False
8237,松屋,2026-09-15,2263.0,3065.0,3065.0,2267.4,2317.8,311260.0,2213.0,2289.0,2213.0,2239.0,18300.0,-1.0605391073795878,-2.209456473707472,1.1748757342973315,-26.94942903752039,-26.94942903752039,36.89146940598482,0.0,0.058793291781790144,True,False,False
8242,エイチ・ツー・オー　リテイリング,2026-09-15,2845.0,3070.0,3070.0,2843.4,2911.3,305440.0,2857.0,2870.0,2849.0,2870.0,16100.0,0.8787346221441172,0.4217926186291798,0.4550227511375571,-6.514657980456029,-6.514657980456029,6.968641114982588,0.0,0.05271084337349398,True,False,False
8244,近鉄百貨店,2026-09-15,1883.0,2027.0,2027.0,1870.6,1910.56,30800.0,1891.0,1892.0,1880.0,1888.0,1500.0,0.26553372278279586,0.4248539564524645,-0.15864621893177944,-6.857424765663545,-6.857424765663545,7.362288135593231,0.0,0.048701298701298704,False,False,False
8247,大和,2026-09-15,320.0,353.0,353.0,321.4,316.12,2200.0,320.0,320.0,320.0,320.0,2600.0,0.0,0.0,0.0,-9.348441926345608,-9.348441926345608,10.312499999999991,0.0,1.1818181818181819,False,False,False
8252,丸井グループ,2026-09-15,2891.0,3037.0,3037.0,2872.8,2933.36,1058100.0,2885.5,2895.5,2879.0,2894.5,48700.0,0.1210653753026536,-0.19024558976132866,0.311904349332881,-4.6921303918340485,-4.6921303918340485,4.923130074278803,0.0,0.04602589547301767,True,False,False
8253,クレディセゾン,2026-09-15,4600.0,4843.0,4886.0,4601.0,4674.44,695740.0,4639.0,4645.0,4610.0,4645.0,26300.0,0.9782608695652284,0.8478260869565268,0.12933821944385304,-4.088374974189557,-4.9324600900532145,5.188374596340162,0.8878794135866119,0.037801477563457614,True,False,False
8254,さいか屋,2026-09-15,294.0,344.0,403.0,299.4,292.08,780620.0,292.0,292.0,291.0,294.0,124000.0,0.0,-0.6802721088435382,0.6849315068493178,-14.534883720930235,-27.04714640198511,37.0748299319728,17.151162790697683,0.15884809510389178,True,False,False
8255,アクシアル　リテイリング,2026-09-15,1344.0,1363.0,1363.0,1310.0,1268.36,187760.0,1345.0,1353.0,1344.0,1350.0,37100.0,0.44642857142858094,0.07440476190476719,0.3717472118959009,-0.9537784299339713,-0.9537784299339713,0.9629629629629655,0.0,0.1975926714955262,True,False,False
8260,井筒屋,2026-09-15,392.0,405.0,405.0,390.4,380.2,7800.0,392.0,392.0,392.0,392.0,15000.0,0.0,0.0,0.0,-3.2098765432098775,-3.2098765432098775,3.316326530612246,0.0,1.9230769230769231,False,False,False
8267,イオン,2026-09-15,1351.0,1433.0,1433.0,1359.2,1374.06,9780880.0,1350.0,1351.0,1333.5,1344.0,1089600.0,-0.5181347150259086,-0.07401924500369805,-0.4444444444444473,-6.210746685275648,-6.210746685275648,6.622023809523814,0.0,0.11140101913120291,False,False,False
8273,イズミ,2026-09-15,990.0,1096.0,1096.0,989.2,1023.08,457500.0,990.0,997.0,990.0,997.0,12500.0,0.7070707070707005,0.0,0.7070707070707005,-9.032846715328468,-9.032846715328468,9.929789368104313,0.0,0.0273224043715847,True,False,False
8275,フォーバル,2026-09-15,1008.0,1017.0,1020.0,1005.2,1002.8,21820.0,1008.0,1014.0,1008.0,1008.0,44400.0,0.0,0.0,0.0,-0.8849557522123908,-1.17647058823529,1.1904761904761862,0.2949852507374562,2.0348304307974336,False,False,False
8276,平和堂,2026-09-15,2725.0,2781.0,2781.0,2694.0,2706.48,86940.0,2745.0,2747.0,2728.0,2739.0,5800.0,0.5137614678899061,0.7339449541284404,-0.21857923497268228,-1.5102481121898603,-1.5102481121898603,1.533406352683464,0.0,0.06671267540832758,False,False,False
8278,フジ,2026-09-15,2090.0,2144.0,2144.0,2073.4,2059.6,89200.0,2075.0,2087.0,2073.0,2085.0,7100.0,-0.23923444976076125,-0.7177033492822948,0.48192771084336616,-2.7518656716417955,-2.7518656716417955,2.8297362110311752,0.0,0.0795964125560538,True,False,False
8281,ゼビオホールディングス,2026-09-15,1122.0,1216.0,1251.0,1110.6,1158.0,141100.0,1123.0,1129.0,1123.0,1129.0,46900.0,0.623885918003575,0.08912655971480277,0.534283170080152,-7.154605263157898,-9.752198241406873,10.806023029229417,2.8782894736842035,0.332388377037562,True,False,False
8282,ケーズホールディングス,2026-09-15,1891.0,1987.5,1987.5,1864.2,1916.88,755480.0,1888.5,1903.0,1883.0,1902.0,153200.0,0.5817028027498727,-0.13220518244315693,0.7148530579825341,-4.301886792452825,-4.301886792452825,4.495268138801256,0.0,0.202784984380791,True,False,False
8285,三谷産業,2026-09-15,804.0,810.0,820.0,789.2,784.72,67100.0,804.0,804.0,800.0,803.0,1600.0,-0.12437810945273853,0.0,-0.12437810945273853,-0.8641975308641969,-2.073170731707319,2.1170610211706187,1.2345679012345734,0.02384500745156483,False,False,False
8291,日産東京販売ホールディングス,2026-09-15,549.0,560.0,566.0,546.8,549.72,83580.0,549.0,552.0,549.0,551.0,15600.0,0.36429872495447047,0.0,0.36429872495447047,-1.6071428571428625,-2.6501766784452263,2.722323049001818,1.0714285714285676,0.18664752333094042,True,False,False
8303,ＳＢＩ新生銀行,2026-09-15,1609.0,1644.0,1644.0,1581.0,1575.02,3361060.0,1607.0,1624.0,1607.0,1623.0,211800.0,0.8701056556867703,-0.12430080795524656,0.9956440572495229,-1.2773722627737238,-1.2773722627737238,1.2939001848428777,0.0,0.06301583429037268,True,False,False
8304,あおぞら銀行,2026-09-15,3482.0,3561.0,3561.0,3459.6,3392.92,1296300.0,3500.0,3519.0,3494.0,3517.0,46000.0,1.005169442848941,0.51694428489375,0.4857142857142893,-1.2356079752878446,-1.2356079752878446,1.2510662496445724,0.0,0.035485612898248864,True,False,False
8306,三菱ＵＦＪフィナンシャル・グループ,2026-09-15,3668.0,3795.0,3795.0,3662.4,3636.32,39755380.0,3668.0,3698.0,3665.0,3696.0,3840000.0,0.7633587786259444,0.0,0.7633587786259444,-2.608695652173909,-2.608695652173909,2.678571428571419,0.0,0.09659070042847032,True,False,False
8308,りそなホールディングス,2026-09-15,2463.0,2601.0,2601.0,2486.2,2465.68,10286980.0,2466.0,2478.5,2460.5,2478.0,796200.0,0.6090133982947554,0.12180267965895553,0.48661800486617945,-4.72895040369089,-4.72895040369089,4.963680387409197,0.0,0.07739880897989497,True,False,False
8309,三井住友トラストグループ,2026-09-15,1773.0,1822.5,1822.5,1765.2,1752.12,8361360.0,1776.0,1801.5,1776.0,1800.0,712800.0,1.522842639593902,0.16920473773265332,1.3513513513513598,-1.2345679012345734,-1.2345679012345734,1.2499999999999956,0.0,0.08524928958925343,True,False,False
8316,三井住友フィナンシャルグループ,2026-09-15,6842.0,7181.0,7181.0,6897.0,6860.12,11602440.0,6862.0,6951.0,6861.0,6944.0,1652500.0,1.4907921660333168,0.29231218941829784,1.1949868842902944,-3.300375992201643,-3.300375992201643,3.4130184331797153,0.0,0.14242693778205273,True,False,False
8331,千葉銀行,2026-09-15,2718.0,2880.5,2892.5,2725.4,2784.34,3745440.0,2729.5,2750.5,2725.0,2747.5,167900.0,1.085356880058863,0.42310522442972065,0.6594614398241383,-4.617253948967193,-5.012964563526356,5.277525022747942,0.41659434126020134,0.044827843991627155,True,False,False
8334,群馬銀行,2026-09-15,2877.0,2947.5,2947.5,2870.3,2802.36,1219560.0,2900.0,2909.0,2889.0,2900.0,86700.0,0.7994438651373059,0.7994438651373059,0.0,-1.6115351993214566,-1.6115351993214566,1.6379310344827536,0.0,0.0710912132244416,False,False,False
8336,武蔵野銀行,2026-09-15,2806.0,2876.0,2876.0,2791.4,2769.8,218760.0,2827.0,2848.0,2827.0,2841.0,24900.0,1.2473271560940802,0.7483962936564614,0.4952246197382326,-1.2169680111265624,-1.2169680111265624,1.2319605772615372,0.0,0.1138233680746023,True,False,False
8337,千葉興業銀行,2026-09-15,2643.0,2810.0,2866.0,2649.6,2714.8,83760.0,2663.0,2683.0,2663.0,2643.0,60800.0,0.0,0.7567158531971208,-0.7510326699211367,-5.9430604982206425,-7.7808792742498305,8.437381763147943,1.992882562277587,0.725883476599809,False,False,False
8338,筑波銀行,2026-09-15,736.0,787.0,799.0,730.4,734.8,1342400.0,741.0,750.0,741.0,747.0,150100.0,1.4945652173913082,0.6793478260869623,0.809716599190291,-5.08259212198221,-6.508135168961204,6.961178045515393,1.5247776365946653,0.11181466030989273,True,False,False
8341,七十七銀行,2026-09-15,4037.0,4128.0,4128.0,3981.8,3894.6,733360.0,4047.0,4085.0,4045.0,4074.0,72000.0,0.9165221699281689,0.2477086945751772,0.6671608598962209,-1.3081395348837233,-1.3081395348837233,1.3254786450662692,0.0,0.09817824806370677,True,False,False
8343,秋田銀行,2026-09-15,9260.0,9660.0,9660.0,9286.0,8819.2,150420.0,9340.0,9400.0,9330.0,9360.0,11800.0,1.0799136069114423,0.8639308855291628,0.21413276231263545,-3.105590062111796,-3.105590062111796,3.205128205128216,0.0,0.07844701502459779,True,False,False
8344,山形銀行,2026-09-15,4915.0,5100.0,5100.0,4856.0,4591.8,200540.0,4965.0,5010.0,4915.0,4980.0,13600.0,1.322482197355046,1.0172939979654183,0.30211480362538623,-2.352941176470591,-2.352941176470591,2.4096385542168752,0.0,0.06781689438516007,True,False,False
8345,岩手銀行,2026-09-15,2642.0,2717.0,2717.0,2611.0,2487.0,389820.0,2653.0,2674.0,2650.0,2666.0,11100.0,0.9084027252081794,0.416351249053748,0.4900113079532531,-1.8770702981229292,-1.8770702981229292,1.9129782445611365,0.0,0.028474680621825458,True,False,False
8346,東邦銀行,2026-09-15,1009.0,1027.0,1027.0,1001.0,981.92,904520.0,1010.0,1025.0,1010.0,1019.0,146300.0,0.9910802775024763,0.09910802775023875,0.8910891089108919,-0.7789678675754641,-0.7789678675754641,0.7850834151128527,0.0,0.1617432450360412,True,False,False
8349,東北銀行,2026-09-15,1698.0,1723.0,1723.0,1683.2,1630.0,33140.0,1694.0,1710.0,1694.0,1698.0,17000.0,0.0,-0.2355712603062443,0.23612750885477762,-1.450957632037142,-1.450957632037142,1.472320376914027,0.0,0.5129752564876282,True,False,False
8354,ふくおかフィナンシャルグループ,2026-09-15,7735.0,8022.0,8022.0,7751.8,7734.32,807300.0,7730.0,7782.0,7710.0,7757.0,52700.0,0.2844214608920481,-0.06464124111182912,0.34928848641655463,-3.3034156070805287,-3.3034156070805287,3.4162691762279263,0.0,0.06527932614889137,True,False,False
8358,スルガ銀行,2026-09-15,2829.0,3005.0,3015.0,2828.4,2897.96,817580.0,2832.0,2864.0,2832.0,2863.0,54500.0,1.2018381053375826,0.10604453870626251,1.094632768361592,-4.7254575707154745,-5.041459369817581,5.309116311561302,0.33277870216306127,0.06666014334988625,True,False,False
8359,八十二長野銀行,2026-09-15,2707.0,2791.5,2791.5,2697.2,2678.08,1198380.0,2715.0,2730.0,2714.5,2725.0,50000.0,0.6649427410417408,0.2955301071296601,0.36832412523020164,-2.3822317750313404,-2.3822317750313404,2.4403669724770705,0.0,0.04172299270682087,True,False,False
8360,山梨中央銀行,2026-09-15,7200.0,7500.0,7720.0,7162.0,7239.2,145980.0,7270.0,7330.0,7190.0,7290.0,6900.0,1.2499999999999956,0.9722222222222188,0.27510316368637433,-2.8000000000000025,-5.569948186528495,5.8984910836762605,2.9333333333333433,0.04726674886970818,True,False,False
8361,大垣共立銀行,2026-09-15,8230.0,8380.0,8390.0,8126.0,8074.8,153780.0,8280.0,8360.0,8270.0,8350.0,12600.0,1.4580801944106936,0.6075334143377908,0.8454106280193274,-0.35799522673031214,-0.47675804529201393,0.4790419161676551,0.11933174224343368,0.08193523214982443,True,False,False
8362,福井銀行,2026-09-15,7580.0,8000.0,8000.0,7446.0,7010.8,133480.0,7640.0,7700.0,7590.0,7580.0,93000.0,0.0,0.79155672823219,-0.7853403141361293,-5.249999999999999,-5.249999999999999,5.54089709762533,0.0,0.6967335930476476,False,False,False
8364,清水銀行,2026-09-15,3140.0,3270.0,3300.0,3120.0,3122.6,35160.0,3115.0,3185.0,3105.0,3140.0,23800.0,0.0,-0.79617834394905,0.8025682182985605,-3.9755351681957207,-4.848484848484846,5.095541401273884,0.917431192660545,0.676905574516496,True,False,False
8365,富山銀行,2026-09-15,2317.0,2470.0,2480.0,2321.0,2359.2,6080.0,2317.0,2317.0,2317.0,2317.0,4400.0,0.0,0.0,0.0,-6.194331983805668,-6.572580645161286,7.034958998705232,0.4048582995951344,0.7236842105263158,False,False,False
8366,滋賀銀行,2026-09-15,2854.0,2921.0,2921.0,2847.8,2774.52,592680.0,2845.0,2891.0,2845.0,2890.0,189700.0,1.261387526278912,-0.31534688156972246,1.5817223198594021,-1.0612803834303297,-1.0612803834303297,1.072664359861597,0.0,0.32007153944793143,True,False,False
8367,南都銀行,2026-09-15,1960.0,2014.0,2014.0,1944.8,1930.4,490740.0,1979.0,1985.0,1976.0,1981.0,21300.0,1.0714285714285676,0.9693877551020469,0.10106114199091021,-1.638530287984108,-1.638530287984108,1.6658253407370038,0.0,0.04340383910013449,True,False,False
8368,百五銀行,2026-09-15,2425.0,2481.0,2481.0,2383.4,2332.68,709100.0,2437.0,2458.0,2427.0,2457.0,39900.0,1.3195876288659703,0.49484536082473607,0.8206811653672652,-0.96735187424426,-0.96735187424426,0.9768009768009733,0.0,0.0562685093780849,True,False,False
8370,紀陽銀行,2026-09-15,5130.0,5190.0,5190.0,5080.0,5029.0,168340.0,5180.0,5180.0,5160.0,5130.0,128000.0,0.0,0.974658869395717,-0.9652509652509633,-1.1560693641618491,-1.1560693641618491,1.1695906432748648,0.0,0.7603659261019365,False,False,False
8377,ほくほくフィナンシャルグループ,2026-09-15,8236.0,8491.0,8692.0,8191.2,8236.28,356100.0,8210.0,8325.0,8210.0,8322.0,19400.0,1.0441962117532677,-0.31568722680913597,1.3641900121802664,-1.9903427158167508,-4.256787850897381,4.44604662340784,2.367212342480274,0.05447907891041842,True,False,False
8381,山陰合同銀行,2026-09-15,2576.0,2689.0,2698.0,2568.0,2583.48,371160.0,2584.0,2604.0,2584.0,2602.0,17000.0,1.0093167701863415,0.31055900621117516,0.6965944272445901,-3.2354034957233213,-3.558191252779841,3.68946963873944,0.33469691335068497,0.04580234939109818,True,False,False
8383,鳥取銀行,2026-09-15,1951.0,2009.0,2035.0,1927.4,1938.68,27260.0,1940.0,1974.0,1940.0,1951.0,24300.0,0.0,-0.5638134290107621,0.5670103092783485,-2.8870084619213587,-4.127764127764133,4.305484366991297,1.2941762070681984,0.8914159941305942,True,False,False
8386,百十四銀行,2026-09-15,3055.0,3195.0,3205.0,3055.6,3055.6,269440.0,3080.0,3095.0,3070.0,3080.0,11800.0,0.8183306055646433,0.8183306055646433,0.0,-3.5993740219092296,-3.900156006240252,4.05844155844155,0.3129890453834161,0.04379453681710214,False,False,False
8387,四国銀行,2026-09-15,4090.0,4250.0,4250.0,4032.0,3648.0,249800.0,4140.0,4175.0,4130.0,4155.0,11700.0,1.5892420537897411,1.2224938875305513,0.36231884057971175,-2.2352941176470575,-2.2352941176470575,2.2864019253910906,0.0,0.04683746997598078,True,False,False
8388,阿波銀行,2026-09-15,10110.0,10590.0,10590.0,10058.0,9634.0,118240.0,10110.0,10280.0,10090.0,10220.0,8700.0,1.0880316518298683,0.0,1.0880316518298683,-3.4938621340887654,-3.4938621340887654,3.620352250489245,0.0,0.07357916102841677,True,False,False
8392,大分銀行,2026-09-15,3025.0,3125.0,3125.0,3014.0,2898.4,180300.0,3045.0,3065.0,3045.0,3060.0,5300.0,1.1570247933884392,0.6611570247933907,0.49261083743843415,-2.080000000000004,-2.080000000000004,2.12418300653594,0.0,0.029395452024403773,True,False,False
8393,宮崎銀行,2026-09-15,2692.0,2745.0,2745.0,2668.2,2546.6,293920.0,2700.0,2727.0,2700.0,2720.0,17700.0,1.0401188707280795,0.2971768202080227,0.7407407407407307,-0.910746812386154,-0.910746812386154,0.9191176470588314,0.0,0.06022046815459989,True,False,False
8395,佐賀銀行,2026-09-15,6580.0,6820.0,6820.0,6558.0,6479.2,51720.0,6650.0,6700.0,6650.0,6700.0,1700.0,1.823708206686936,1.0638297872340496,0.7518796992481258,-1.7595307917888547,-1.7595307917888547,1.7910447761193993,0.0,0.0328692962103635,True,False,False
8399,琉球銀行,2026-09-15,3295.0,3335.0,3410.0,3237.0,3219.0,154360.0,3315.0,3345.0,3315.0,3325.0,12100.0,0.9104704097116834,0.6069802731411222,0.3016591251885359,-0.2998500749625155,-2.4926686217008776,2.556390977443601,2.2488755622188883,0.07838818346721949,True,False,False
8410,セブン銀行,2026-09-15,344.3999938964844,351.0,351.0,339.4199951171875,336.84,4152560.0,347.0,347.8999938964844,345.79998779296875,347.29998779296875,229200.0,0.8420423774327945,0.7549379063859885,0.08645181353565956,-1.0541345319177386,-1.0541345319177386,1.0653649113391062,0.0,0.055194867744234884,True,False,False
8411,みずほフィナンシャルグループ,2026-09-15,8598.0,8894.0,8894.0,8624.8,8505.76,8476200.0,8562.0,8673.0,8562.0,8659.0,894500.0,0.7094673179809163,-0.41870202372644716,1.1329128708245761,-2.642230717337535,-2.642230717337535,2.713939253955422,0.0,0.10553078030249405,True,False,False
8416,高知銀行,2026-09-15,1111.0,1213.0,1220.0,1103.8,1149.76,32500.0,1108.0,1125.0,1108.0,1111.0,22600.0,0.0,-0.27002700270026825,0.27075812274368616,-8.408903544929924,-8.934426229508198,9.810981098109806,0.577081615828523,0.6953846153846154,True,False,False
8418,山口フィナンシャルグループ,2026-09-15,3210.0,3271.0,3279.0,3195.4,3172.6,484960.0,3237.0,3244.0,3226.0,3236.0,16300.0,0.8099688473520272,0.8411214953271129,-0.030892801977144835,-1.0700091715071802,-1.311375419335159,1.3288009888751562,0.24457352491593642,0.03361101946552293,False,False,False
8424,芙蓉総合リース,2026-09-15,4498.0,4536.0,4536.0,4445.2,4432.8,177440.0,4500.0,4521.0,4500.0,4519.0,4600.0,0.4668741662961384,0.04446420631392112,0.42222222222221273,-0.37477954144621295,-0.37477954144621295,0.37618942243859976,0.0,0.025924256086564474,True,False,False
8425,みずほリース,2026-09-15,1355.0,1401.0,1401.0,1352.0,1365.64,494460.0,1363.0,1366.0,1357.0,1361.0,25800.0,0.44280442804427445,0.5904059040590326,-0.14673514306676738,-2.8551034975017875,-2.8551034975017875,2.9390154298310156,0.0,0.052178133721635725,False,False,False
8439,東京センチュリー,2026-09-15,2655.5,2794.0,2794.0,2652.9,2621.52,505980.0,2699.5,2708.5,2675.0,2679.0,84000.0,0.8849557522123908,1.6569384296742706,-0.7593998888683062,-4.1159627773800995,-4.1159627773800995,4.29264650989174,0.0,0.16601446697497924,False,False,False
8473,ＳＢＩホールディングス,2026-09-15,3281.0,3440.0,3440.0,3275.4,3237.24,3301140.0,3221.0,3251.0,3219.0,3229.0,396900.0,-1.5848826577263053,-1.8287107589149643,0.24837007140638967,-6.133720930232556,-6.133720930232556,6.534530814493644,0.0,0.12023119286064814,True,False,False
8508,Ｊトラスト,2026-09-15,757.0,895.0,954.0,756.4,799.56,665920.0,768.0,776.0,766.0,768.0,95400.0,1.4531043593130732,1.4531043593130732,0.0,-14.189944134078214,-19.496855345911946,24.21875,6.59217877094973,0.14326045170591062,False,False,False
8511,日本証券金融,2026-09-15,2432.0,2556.0,2599.0,2432.0,2482.0,143080.0,2435.0,2448.0,2435.0,2447.0,4100.0,0.616776315789469,0.12335526315789824,0.4928131416837678,-4.264475743348983,-5.848403232012311,6.211687780956265,1.6823161189358338,0.02865529773553257,True,False,False
8518,日本アジア投資,2026-09-15,155.0,157.0,157.0,154.8,145.2,26980.0,155.0,155.0,155.0,155.0,19800.0,0.0,0.0,0.0,-1.273885350318471,-1.273885350318471,1.2903225806451646,0.0,0.7338769458858414,False,False,False
8522,名古屋銀行,2026-09-15,7050.0,7350.0,7350.0,7080.0,7015.2,94980.0,7100.0,7160.0,7100.0,7130.0,8700.0,1.134751773049647,0.7092198581560183,0.42253521126760507,-2.9931972789115635,-2.9931972789115635,3.0855539971949453,0.0,0.0915982312065698,True,False,False
8524,北洋銀行,2026-09-15,1301.0,1348.0,1351.0,1295.6,1291.6,1497620.0,1320.0,1341.0,1320.0,1339.0,244400.0,2.9208301306687057,1.460415065334364,1.4393939393939403,-0.667655786350152,-0.88823094004441,0.8961911874533213,0.2225519287833766,0.16319226506056275,True,False,False
8537,大光銀行,2026-09-15,3180.0,3220.0,3220.0,3126.0,3048.24,32120.0,3150.0,3230.0,3150.0,3180.0,26900.0,0.0,-0.9433962264150941,0.952380952380949,-1.2422360248447228,-1.2422360248447228,1.2578616352201255,0.0,0.8374844333748444,True,False,False
8541,愛媛銀行,2026-09-15,3300.0,3385.0,3385.0,3267.0,3165.0,150520.0,3300.0,3365.0,3300.0,3365.0,10400.0,1.9696969696969768,0.0,1.9696969696969768,-0.5908419497784312,-0.5908419497784312,0.5943536404160454,0.0,0.06909380813180972,True,False,False
8542,トマト銀行,2026-09-15,1907.0,2003.0,2005.0,1916.6,1926.76,28260.0,1924.0,1934.0,1924.0,1907.0,25200.0,0.0,0.8914525432616616,-0.8835758835758822,-4.7928107838242635,-4.887780548628429,5.138961719979029,0.09985022466301174,0.89171974522293,False,False,False
8544,京葉銀行,2026-09-15,2843.0,2934.0,2934.0,2828.4,2788.12,283740.0,2843.0,2870.0,2834.0,2867.0,14600.0,0.844178684488206,0.0,0.844178684488206,-2.283571915473759,-2.283571915473759,2.3369375653993663,0.0,0.05145555790512441,True,False,False
8550,栃木銀行,2026-09-15,1092.0,1130.0,1144.0,1074.6,1074.04,513220.0,1103.0,1117.0,1103.0,1113.0,53300.0,1.9230769230769162,1.0073260073260037,0.9066183136899442,-1.5044247787610598,-2.7097902097902082,2.785265049415986,1.2389380530973382,0.10385409765792447,True,False,False
8551,北日本銀行,2026-09-15,8500.0,8690.0,8690.0,8354.0,7780.0,46080.0,8500.0,8590.0,8500.0,8580.0,2200.0,0.9411764705882453,0.0,0.9411764705882453,-1.2658227848101222,-1.2658227848101222,1.2820512820512775,0.0,0.04774305555555555,True,False,False
8558,東和銀行,2026-09-15,1500.0,1536.0,1583.0,1472.6,1476.28,138660.0,1500.0,1520.0,1495.0,1508.0,8100.0,0.5333333333333412,0.0,0.5333333333333412,-1.822916666666663,-4.737839545167399,4.973474801061006,3.059895833333326,0.05841627001298139,True,False,False
8562,福島銀行,2026-09-15,388.0,402.0,402.0,383.0,376.88,231620.0,388.0,393.0,388.0,391.0,16900.0,0.773195876288657,0.0,0.773195876288657,-2.736318407960203,-2.736318407960203,2.813299232736566,0.0,0.07296433814005698,True,False,False
8563,大東銀行,2026-09-15,1178.0,1190.0,1190.0,1165.4,1137.92,65440.0,1184.0,1192.0,1180.0,1192.0,13400.0,1.1884550084889645,0.5093378607809784,0.6756756756756799,0.1680672268907557,0.1680672268907557,-0.1677852348993314,0.0,0.2047677261613692,True,True,True
8566,リコーリース,2026-09-15,6880.0,6950.0,6950.0,6846.0,6763.6,29700.0,6910.0,6920.0,6910.0,6880.0,30800.0,0.0,0.43604651162789665,-0.434153400868309,-1.0071942446043147,-1.0071942446043147,1.017441860465107,0.0,1.037037037037037,False,False,False
8570,イオンフィナンシャルサービス,2026-09-15,1645.0,1749.0,1749.0,1630.3,1656.06,598480.0,1647.5,1657.5,1647.5,1654.5,41000.0,0.5775075987841882,0.1519756838905817,0.4248861911987811,-5.4030874785591765,-5.4030874785591765,5.711695376246606,0.0,0.06850688410640289,True,False,False
8572,アコム,2026-09-15,487.7999877929688,497.3999938964844,497.3999938964844,483.8599914550781,484.8839978027344,1090920.0,487.0,489.6000061035156,487.0,488.6000061035156,158800.0,0.1640053978202216,-0.1639991416540032,0.328543347744481,-1.7691974067052696,-1.7691974067052696,1.8010617443799948,0.0,0.14556521101455652,True,False,False
8584,ジャックス,2026-09-15,3735.0,3935.0,3935.0,3724.0,3781.0,110760.0,3735.0,3760.0,3735.0,3750.0,8000.0,0.40160642570281624,0.0,0.40160642570281624,-4.701397712833543,-4.701397712833543,4.933333333333323,0.0,0.07222824124232576,True,False,False
8585,オリエントコーポレーション,2026-09-15,853.0,891.0,891.0,849.2,863.88,506180.0,853.0,858.0,853.0,853.0,316300.0,0.0,0.0,0.0,-4.264870931537601,-4.264870931537601,4.454865181711609,0.0,0.6248765261369473,False,False,False
8591,オリックス,2026-09-15,6109.0,6583.0,6583.0,6091.0,6219.76,2973780.0,6209.0,6209.0,6172.0,6191.0,374600.0,1.342281879194629,1.6369291209690662,-0.28990175551618647,-5.954731885158737,-5.954731885158737,6.331771926990792,0.0,0.1259676236977853,False,False,False
8593,三菱ＨＣキャピタル,2026-09-15,1384.0,1425.0,1453.0,1384.9,1395.04,3608760.0,1387.0,1390.5,1385.0,1388.5,183400.0,0.32514450867051625,0.21676300578035157,0.10814708002884199,-2.561403508771931,-4.439091534755679,4.645300684191578,1.9649122807017472,0.05082078054511799,True,False,False
8595,ジャフコ　グループ,2026-09-15,2260.5,2362.5,2362.5,2250.2,2294.26,324140.0,2263.0,2279.5,2263.0,2275.5,14100.0,0.6635700066357053,0.11059500110595089,0.5523641184268735,-3.682539682539687,-3.682539682539687,3.823335530652594,0.0,0.043499722342197816,True,False,False
8596,九州リースサービス,2026-09-15,1535.0,1690.0,1690.0,1535.8,1602.08,17540.0,1541.0,1547.0,1541.0,1535.0,11500.0,0.0,0.3908794788273662,-0.3893575600259602,-9.171597633136097,-9.171597633136097,10.097719869706845,0.0,0.6556442417331813,False,False,False
8600,トモニホールディングス,2026-09-15,1149.0,1164.0,1164.0,1133.8,1112.72,517480.0,1151.0,1159.0,1151.0,1157.0,32100.0,0.6962576153176636,0.17406440382941035,0.5212858384013863,-0.6013745704467333,-0.6013745704467333,0.6050129645635227,0.0,0.06203138285537605,True,False,False
8601,大和証券グループ本社,2026-09-15,1836.5,1898.0,1898.0,1837.1,1819.12,4097700.0,1829.5,1841.0,1821.5,1830.5,783900.0,-0.32670841274162754,-0.38115981486522843,0.05465974309921684,-3.556375131717593,-3.556375131717593,3.6875170718382977,0.0,0.19130243795299803,True,False,False
8604,野村ホールディングス,2026-09-15,1644.5,1688.0,1688.0,1653.2,1604.78,8846160.0,1635.0,1648.0,1631.5,1647.5,681100.0,0.18242626938278494,-0.5776831863788412,0.7645259938837912,-2.3992890995260696,-2.3992890995260696,2.4582701062215495,0.0,0.07699385948253254,True,False,False
8609,岡三証券グループ,2026-09-15,1224.0,1265.0,1265.0,1221.2,1185.56,369300.0,1218.0,1233.0,1218.0,1228.0,31500.0,0.32679738562091387,-0.4901960784313708,0.8210180623973828,-2.9249011857707563,-2.9249011857707563,3.0130293159609023,0.0,0.08529650690495533,True,False,False
8613,丸三証券,2026-09-15,1291.0,1328.0,1328.0,1293.0,1273.28,230360.0,1300.0,1306.0,1300.0,1302.0,23000.0,0.8520526723470256,0.6971340046475705,0.15384615384614886,-1.957831325301207,-1.957831325301207,1.9969278033794113,0.0,0.09984372286855357,True,False,False
8614,東洋証券,2026-09-15,705.0,758.0,758.0,714.6,717.0,466580.0,705.0,710.0,705.0,709.0,24100.0,0.5673758865248235,0.0,0.5673758865248235,-6.464379947229548,-6.464379947229548,6.911142454160779,0.0,0.05165244974066612,True,False,False
8616,東海東京フィナンシャル・ホールディングス,2026-09-15,890.0,928.0,928.0,888.4,873.92,791540.0,891.0,894.0,890.0,893.0,110100.0,0.3370786516853963,0.11235955056179137,0.22446689113355678,-3.7715517241379337,-3.7715517241379337,3.919372900335949,0.0,0.13909593956085606,True,False,False
8617,光世証券,2026-09-15,607.0,651.0,651.0,607.8,607.2,6420.0,608.0,608.0,608.0,607.0,7600.0,0.0,0.16474464579900872,-0.164473684210531,-6.7588325652841785,-6.7588325652841785,7.248764415156517,0.0,1.1838006230529594,False,False,False
8622,水戸証券,2026-09-15,935.0,1000.0,1000.0,942.4,929.4,337860.0,939.0,944.0,938.0,940.0,19100.0,0.5347593582887722,0.42780748663102663,0.10649627263046302,-6.000000000000005,-6.000000000000005,6.382978723404253,0.0,0.0565322914816788,True,False,False
8624,いちよし証券,2026-09-15,1711.0,1797.0,1797.0,1705.0,1697.32,103700.0,1716.0,1727.0,1700.0,1715.0,11700.0,0.23378141437755406,0.29222676797193703,-0.05827505827505908,-4.563160823594881,-4.563160823594881,4.781341107871717,0.0,0.1128254580520733,False,False,False
8628,松井証券,2026-09-15,1190.0,1226.0,1226.0,1194.2,1156.36,826660.0,1188.0,1192.0,1186.0,1189.0,51200.0,-0.08403361344537785,-0.1680672268907557,0.08417508417508657,-3.0179445350734135,-3.0179445350734135,3.111858704793935,0.0,0.061935983354704474,True,False,False
8630,ＳＯＭＰＯホールディングス,2026-09-15,6800.0,6989.0,7138.0,6753.6,6804.88,2267740.0,6847.0,6922.0,6843.0,6909.0,208500.0,1.6029411764705959,0.6911764705882284,0.9055060610486443,-1.14465588782372,-3.2081815634631528,3.314517296280206,2.131921591071695,0.09194175699154224,True,False,False
8697,日本取引所グループ,2026-09-15,2197.5,2313.0,2319.0,2209.9,2228.08,3000520.0,2197.5,2207.0,2194.5,2201.0,238900.0,0.15927189988622636,0.0,0.15927189988622636,-4.842196281885003,-5.088400172488139,5.361199454793275,0.25940337224383825,0.07961953261434684,True,False,False
8698,マネックスグループ,2026-09-15,723.0,774.0,774.0,720.2,720.64,1045860.0,718.0,722.0,717.0,719.0,96200.0,-0.5532503457814641,-0.6915629322268302,0.139275766016711,-7.105943152454786,-7.105943152454786,7.6495132127955445,0.0,0.09198171839443138,True,False,False
8699,ＨＳホールディングス,2026-09-15,1126.0,1159.0,1159.0,1120.0,1131.92,43280.0,1132.0,1135.0,1132.0,1126.0,45600.0,0.0,0.5328596802841812,-0.5300353356890497,-2.8472821397756642,-2.8472821397756642,2.930728241563063,0.0,1.0536044362292052,False,False,False
8700,丸八証券,2026-09-15,2109.0,2221.0,2221.0,2105.8,2044.52,860.0,2091.0,2141.0,2091.0,2109.0,1500.0,0.0,-0.8534850640113834,0.8608321377331363,-5.042773525438992,-5.042773525438992,5.310573731626356,0.0,1.744186046511628,True,False,False
8704,トレイダーズホールディングス,2026-09-15,1393.0,1458.0,1458.0,1399.2,1375.12,62260.0,1389.0,1402.0,1387.0,1393.0,84300.0,0.0,-0.2871500358937573,0.28797696184306165,-4.458161865569277,-4.458161865569277,4.666188083273504,0.0,1.3539993575329263,True,False,False
8705,日産証券グループ,2026-09-15,224.0,225.0,228.0,222.4,219.24,64640.0,224.0,227.0,223.0,225.0,29200.0,0.44642857142858094,0.0,0.44642857142858094,0.0,-1.3157894736842146,1.333333333333342,1.333333333333342,0.45173267326732675,True,False,False
8706,極東証券,2026-09-15,1878.0,1970.0,1970.0,1889.0,1898.24,131260.0,1881.0,1888.0,1881.0,1878.0,102100.0,0.0,0.15974440894568342,-0.15948963317384823,-4.670050761421319,-4.670050761421319,4.898828541001055,0.0,0.7778454974859058,False,False,False
8707,岩井コスモホールディングス,2026-09-15,4710.0,4820.0,4820.0,4664.0,4586.4,96220.0,4710.0,4745.0,4710.0,4730.0,6700.0,0.424628450106157,0.0,0.424628450106157,-1.8672199170124526,-1.8672199170124526,1.9027484143763207,0.0,0.06963209311993349,True,False,False
8708,アイザワ証券グループ,2026-09-15,1755.0,1891.0,1891.0,1746.4,1769.28,126700.0,1762.0,1800.0,1762.0,1788.0,22500.0,1.8803418803418737,0.39886039886039004,1.4755959137343844,-5.446853516657857,-5.446853516657857,5.760626398210289,0.0,0.17758484609313338,True,False,False
8713,フィデアホールディングス,2026-09-15,2791.0,2916.0,2916.0,2746.0,2743.48,64800.0,2811.0,2827.0,2811.0,2791.0,57500.0,0.0,0.7165890361877425,-0.7114905727499066,-4.286694101508914,-4.286694101508914,4.478681476173407,0.0,0.8873456790123457,False,False,False
8714,池田泉州ホールディングス,2026-09-15,1093.0,1110.0,1131.0,1073.6,1077.16,875540.0,1096.0,1106.0,1096.0,1102.0,90100.0,0.8234217749313766,0.2744739249771255,0.5474452554744547,-0.7207207207207245,-2.564102564102566,2.6315789473684292,1.8918918918918948,0.10290791968385225,True,False,False
8715,アニコム　ホールディングス,2026-09-15,1029.0,1162.0,1345.0,1022.4,1087.48,270540.0,1035.0,1038.0,1031.0,1029.0,192900.0,0.0,0.5830903790087438,-0.5797101449275366,-11.445783132530119,-23.49442379182156,30.709426627793967,15.748709122203097,0.7130184076291861,False,False,False
8725,ＭＳ＆ＡＤインシュアランスグループホールディングス,2026-09-15,5158.0,5315.0,5315.0,5073.4,5029.88,4481760.0,5164.0,5207.0,5162.0,5202.0,555900.0,0.8530438154323416,0.11632415664986073,0.7358636715724343,-2.1260583254938847,-2.1260583254938847,2.1722414455978445,0.0,0.12403609296347863,True,False,False
8729,ソニーフィナンシャルグループ,2026-09-15,163.0,166.3000030517578,166.3000030517578,161.04000244140624,159.90000183105468,50677800.0,163.8000030517578,164.0,162.3000030517578,163.0,5929600.0,0.0,0.4907994182563158,-0.48840234240107305,-1.9843674030064484,-1.9843674030064484,2.0245417495446727,0.0,0.11700586844732802,False,False,False
8737,あかつき本社,2026-09-15,614.0,644.0,668.0,613.2,629.04,29880.0,614.0,616.0,614.0,614.0,23100.0,0.0,0.0,0.0,-4.6583850931677055,-8.083832335329344,8.794788273615639,3.7267080745341685,0.7730923694779116,False,False,False
8739,スパークス・グループ,2026-09-15,2616.0,2655.0,2655.0,2587.6,2566.32,137500.0,2616.0,2638.0,2610.0,2637.0,54500.0,0.8027522935779796,0.0,0.8027522935779796,-0.6779661016949157,-0.6779661016949157,0.6825938566553003,0.0,0.39636363636363636,True,False,False
8742,小林洋行,2026-09-15,619.0,649.0,649.0,609.8,571.56,15540.0,614.0,614.0,614.0,619.0,9500.0,0.0,-0.8077544426494332,0.8143322475570036,-4.6224961479198745,-4.6224961479198745,4.846526655896599,0.0,0.6113256113256114,True,False,False
8746,ｕｎｂａｎｋｅｄ,2026-09-15,108.0,172.0,172.0,119.4,109.6,1172100.0,107.0,113.0,107.0,110.0,26500.0,1.85185185185186,-0.92592592592593,2.8037383177569986,-36.04651162790697,-36.04651162790697,56.363636363636374,0.0,0.02260899240679123,True,False,False
8747,豊トラスティ証券,2026-09-15,2170.0,2361.0,2437.0,2189.8,2199.8,4040.0,2170.0,2170.0,2170.0,2170.0,5600.0,0.0,0.0,0.0,-8.089792460821688,-10.956093557652856,12.304147465437797,3.2189750105887427,1.386138613861386,False,False,False
8750,第一ライフグループ,2026-09-15,1894.5,1919.5,1952.0,1865.9,1842.1,8655360.0,1912.0,1920.0,1901.5,1916.5,814200.0,1.1612562681446281,0.9237265769332259,0.23535564853556235,-0.15629070070330986,-1.818647540983609,1.8523349856509164,1.6931492576191642,0.0940688775510204,True,False,False
8766,東京海上ホールディングス,2026-09-15,8079.0,8285.0,8285.0,7949.4,7678.76,5888260.0,8098.0,8178.0,8096.0,8163.0,538800.0,1.039732640178248,0.23517762099269923,0.8026673252655048,-1.4725407362703669,-1.4725407362703669,1.4945485728286245,0.0,0.09150411157116024,True,False,False
8769,アドバンテッジリスクマネジメント,2026-09-15,520.0,520.0,531.0,502.6,502.88,37460.0,518.0,518.0,518.0,520.0,53000.0,0.0,-0.38461538461538325,0.38610038610038533,0.0,-2.0715630885122405,2.115384615384608,2.115384615384608,1.414842498665243,True,False,False
8771,イー・ギャランティ,2026-09-15,1776.0,1878.0,1878.0,1740.8,1786.96,157840.0,1783.0,1791.0,1775.0,1787.0,16500.0,0.6193693693693714,0.39414414414413734,0.22434099831745158,-4.845580404685834,-4.845580404685834,5.092333519865688,0.0,0.10453623922959959,True,False,False
8772,アサックス,2026-09-15,892.0,909.0,909.0,897.6,885.8,5440.0,892.0,895.0,892.0,895.0,2000.0,0.33632286995515237,0.0,0.33632286995515237,-1.5401540154015403,-1.5401540154015403,1.5642458100558754,0.0,0.36764705882352944,True,False,False
8783,ａｂｃ,2026-09-15,51.0,73.0,81.0,51.4,60.28,659080.0,51.0,51.0,50.0,51.0,195200.0,0.0,0.0,0.0,-30.136986301369863,-37.03703703703704,58.823529411764696,10.95890410958904,0.2961704193724586,False,False,False
8789,フィンテック　グローバル,2026-09-15,158.0,178.0,178.0,159.8,163.2,1132140.0,158.0,158.0,158.0,158.0,1093700.0,0.0,0.0,0.0,-11.23595505617978,-11.23595505617978,12.658227848101266,0.0,0.9660466020103521,False,False,False
8793,ＮＥＣキャピタルソリューション,2026-09-15,4210.0,4295.0,4295.0,4183.0,4195.6,15760.0,4210.0,4210.0,4210.0,4210.0,13800.0,0.0,0.0,0.0,-1.9790454016297976,-1.9790454016297976,2.0190023752969077,0.0,0.8756345177664975,False,False,False
8795,Ｔ＆Ｄホールディングス,2026-09-15,4913.0,5036.0,5092.0,4878.6,4861.96,1385440.0,4983.0,4998.0,4949.0,4998.0,71900.0,1.730103806228378,1.4247913698351322,0.3010234798314304,-0.7545671167593304,-1.8460329929300912,1.8807523009203742,1.1119936457505863,0.05189687030834969,True,False,False
8798,アドバンスクリエイト,2026-09-15,137.0,148.0,148.0,134.4,139.12,26140.0,135.0,135.0,134.0,137.0,13200.0,0.0,-1.4598540145985384,1.4814814814814836,-7.432432432432434,-7.432432432432434,8.029197080291972,0.0,0.504973221117062,True,False,False
8801,三井不動産,2026-09-15,1471.5,1560.5,1560.5,1489.6,1494.54,9030520.0,1493.0,1495.0,1481.0,1494.0,921800.0,1.5290519877675823,1.4610941216445905,0.06697923643670389,-4.261454661967323,-4.261454661967323,4.451137884872836,0.0,0.1020760709239335,True,False,False
8802,三菱地所,2026-09-15,3550.0,3860.0,3905.0,3624.0,3694.36,2972560.0,3598.0,3641.0,3595.0,3631.0,564100.0,2.281690140845072,1.3521126760563273,0.9171762090049995,-5.932642487046635,-7.016645326504478,7.546130542550267,1.1658031088082943,0.18976908792421346,True,False,False
8803,平和不動産,2026-09-15,2344.0,2426.0,2426.0,2335.6,2369.48,177340.0,2345.0,2362.0,2345.0,2361.0,10200.0,0.7252559726962371,0.04266211604095904,0.6823027718550145,-2.6793075020610013,-2.6793075020610013,2.753070732740359,0.0,0.05751663471298071,True,False,False
8804,東京建物,2026-09-15,3283.0,3481.0,3481.0,3309.8,3375.4,764260.0,3315.0,3334.0,3302.0,3334.0,31300.0,1.5534572037770422,0.9747182455071668,0.5731523378582182,-4.222924446997989,-4.222924446997989,4.409118176364735,0.0,0.04095464894145971,True,False,False
8818,京阪神ビルディング,2026-09-15,1091.0,1139.0,1139.0,1112.0,1108.96,361940.0,1101.0,1116.0,1101.0,1114.0,123700.0,2.108157653528875,0.9165902841429929,1.180744777475029,-2.194907813871816,-2.194907813871816,2.2441651705565446,0.0,0.34176935403658065,True,False,False
8830,住友不動産,2026-09-15,3164.0,3417.0,3581.0,3227.0,3317.76,3045160.0,3196.0,3209.0,3175.0,3201.0,280600.0,1.1694058154235076,1.0113780025284402,0.15644555694618312,-6.321334503950837,-10.611561016475846,11.871290221805687,4.799531752999697,0.09214622548568877,True,False,False
8835,太平洋興発,2026-09-15,800.0,815.0,815.0,797.4,794.72,5060.0,797.0,797.0,797.0,800.0,3400.0,0.0,-0.3750000000000031,0.37641154328733606,-1.8404907975460127,-1.8404907975460127,1.8750000000000044,0.0,0.6719367588932806,True,False,False
8836,ＲＩＳＥ,2026-09-15,27.0,28.0,29.0,27.0,27.08,25020.0,27.0,27.0,27.0,27.0,10700.0,0.0,0.0,0.0,-3.57142857142857,-6.896551724137934,7.407407407407418,3.571428571428581,0.4276578737010392,False,False,False
8841,テーオーシー,2026-09-15,1006.0,1105.0,1105.0,1001.8,1016.96,74060.0,1006.0,1013.0,1005.0,1006.0,91400.0,0.0,0.0,0.0,-8.95927601809955,-8.95927601809955,9.840954274353875,0.0,1.234134485552255,False,False,False
8844,コスモスイニシア,2026-09-15,1230.0,1306.0,1307.0,1223.0,1253.4,84320.0,1231.0,1245.0,1231.0,1245.0,1100.0,1.2195121951219523,0.08130081300812275,1.1372867587327473,-4.670750382848388,-4.743687834736033,4.97991967871485,0.07656967840734552,0.013045540796963948,True,False,False
8848,レオパレス２１,2026-09-15,791.0,791.0,791.0,689.4,646.96,1596140.0,791.0,791.0,791.0,791.0,506000.0,0.0,0.0,0.0,0.0,0.0,0.0,0.0,0.3170147982006591,False,False,False
8850,スターツコーポレーション,2026-09-15,4670.0,4815.0,4815.0,4662.0,4702.8,47440.0,4690.0,4705.0,4690.0,4670.0,33100.0,0.0,0.4282655246252709,-0.4264392324093813,-3.011422637590866,-3.011422637590866,3.104925053533192,0.0,0.6977234401349073,False,False,False
8860,フジ住宅,2026-09-15,741.0,776.0,776.0,732.8,757.36,62400.0,741.0,744.0,741.0,744.0,5200.0,0.4048582995951344,0.0,0.4048582995951344,-4.123711340206182,-4.123711340206182,4.3010752688172005,0.0,0.08333333333333333,True,False,False
8864,空港施設,2026-09-15,954.0,984.0,984.0,949.0,961.04,58360.0,952.0,963.0,952.0,960.0,5300.0,0.6289308176100628,-0.20964360587002462,0.8403361344537785,-2.4390243902439046,-2.4390243902439046,2.499999999999991,0.0,0.090815627141878,True,False,False
8869,明和地所,2026-09-15,813.0,850.0,850.0,809.4,832.88,57740.0,814.0,819.0,814.0,817.0,13400.0,0.49200492004919383,0.12300123001229846,0.3685503685503688,-3.88235294117647,-3.88235294117647,4.039167686658507,0.0,0.23207481815032907,True,False,False
8871,ゴールドクレスト,2026-09-15,3195.0,3395.0,3395.0,3173.0,3276.6,43300.0,3205.0,3225.0,3205.0,3220.0,1600.0,0.782472613458518,0.3129890453834161,0.46801872074881956,-5.154639175257736,-5.154639175257736,5.434782608695654,0.0,0.03695150115473441,True,False,False
8876,リログループ,2026-09-15,2185.0,2304.5,2304.5,2162.9,2186.12,544900.0,2185.5,2200.0,2177.5,2190.0,31700.0,0.22883295194509046,0.022883295194509046,0.20590253946466408,-4.968539813408546,-4.968539813408546,5.228310502283096,0.0,0.058175812075610206,True,False,False
8877,エスリード,2026-09-15,5180.0,5490.0,5490.0,5138.0,5269.6,20620.0,5200.0,5210.0,5200.0,5180.0,12400.0,0.0,0.38610038610038533,-0.38461538461538325,-5.64663023679417,-5.64663023679417,5.984555984555984,0.0,0.6013579049466538,False,False,False
8881,日神グループホールディングス,2026-09-15,655.0,687.0,687.0,654.2,668.52,105920.0,655.0,660.0,655.0,660.0,17100.0,0.7633587786259444,0.0,0.7633587786259444,-3.9301310043668103,-3.9301310043668103,4.090909090909101,0.0,0.1614425981873112,True,False,False
8887,シーラホールディングス,2026-09-15,364.0,389.0,391.0,360.8,376.6,62980.0,366.0,366.0,365.0,364.0,17300.0,0.0,0.5494505494505475,-0.5464480874316946,-6.426735218508995,-6.9053708439897665,7.417582417582413,0.5141388174807249,0.2746903778977453,False,False,False
8891,ＡＭＧホールディングス,2026-09-15,2006.0,2144.0,2144.0,1991.4,2069.16,3400.0,2007.0,2008.0,2007.0,2006.0,3500.0,0.0,0.04985044865404298,-0.04982561036372957,-6.436567164179108,-6.436567164179108,6.87936191425722,0.0,1.0294117647058822,False,False,False
8892,エスコン,2026-09-15,1115.0,1153.0,1153.0,1106.0,1112.44,136400.0,1115.0,1121.0,1115.0,1116.0,20800.0,0.08968609865471766,0.0,0.08968609865471766,-3.209019947961844,-3.209019947961844,3.315412186379918,0.0,0.15249266862170088,True,False,False
8894,ＲＥＶＯＬＵＴＩＯＮ,2026-09-15,19.0,23.0,23.0,20.2,21.32,492400.0,19.0,19.0,19.0,19.0,945700.0,0.0,0.0,0.0,-17.391304347826086,-17.391304347826086,21.052631578947366,0.0,1.9205930138099105,False,False,False
8897,ＭＩＲＡＲＴＨホールディングス,2026-09-15,450.0,472.0,472.0,443.4,454.28,525660.0,451.0,453.0,451.0,452.0,73900.0,0.4444444444444473,0.22222222222221255,0.22172949002217113,-4.23728813559322,-4.23728813559322,4.424778761061954,0.0,0.1405851691207244,True,False,False
8898,センチュリー２１・ジャパン,2026-09-15,1132.0,1147.0,1147.0,1128.4,1133.0,2280.0,1141.0,1141.0,1141.0,1132.0,2900.0,0.0,0.7950530035335746,-0.7887817703768674,-1.3077593722754965,-1.3077593722754965,1.3250883392226243,0.0,1.2719298245614035,False,False,False
8904,ＡＶＡＮＴＩＡ,2026-09-15,822.0,875.0,878.0,818.8,846.44,14040.0,822.0,822.0,822.0,822.0,1100.0,0.0,0.0,0.0,-6.0571428571428605,-6.378132118451029,6.812652068126512,0.34285714285713365,0.07834757834757834,False,False,False
8908,毎日コムネット,2026-09-15,881.0,895.0,895.0,879.2,879.32,3840.0,882.0,882.0,882.0,881.0,2800.0,0.0,0.11350737797957144,-0.11337868480725266,-1.5642458100558643,-1.5642458100558643,1.5891032917139558,0.0,0.7291666666666666,False,False,False
8912,エリアクエスト,2026-09-15,156.0,188.0,188.0,157.0,156.64,52260.0,156.0,157.0,156.0,157.0,5700.0,0.6410256410256387,0.0,0.6410256410256387,-16.48936170212766,-16.48936170212766,19.7452229299363,0.0,0.10907003444316878,True,False,False
8914,エリアリンク,2026-09-15,880.0,987.0,987.0,874.6,916.84,59260.0,879.0,879.0,871.0,880.0,40900.0,0.0,-0.1136363636363602,0.11376564277587597,-10.840932117527856,-10.840932117527856,12.159090909090908,0.0,0.6901788727640904,True,False,False
8917,ファースト住建,2026-09-15,1073.0,1150.0,1162.0,1063.0,1124.2,126480.0,1081.0,1081.0,1078.0,1073.0,35400.0,0.0,0.7455731593662529,-0.7400555041628176,-6.695652173913047,-7.6592082616179,8.294501397949672,1.043478260869568,0.27988614800759015,False,False,False
8918,ランド,2026-09-15,10.0,11.0,11.0,10.0,10.44,287462460.0,10.0,11.0,10.0,10.0,124061900.0,0.0,0.0,0.0,-9.090909090909093,-9.090909090909093,10.000000000000009,0.0,0.43157600474162783,False,False,False
8919,カチタス,2026-09-15,3460.0,3890.0,3890.0,3452.0,3634.6,186080.0,3470.0,3510.0,3470.0,3505.0,5500.0,1.3005780346820872,0.28901734104045396,1.008645533141217,-9.89717223650386,-9.89717223650386,10.984308131241093,0.0,0.029557179707652623,True,False,False
8920,東祥,2026-09-15,699.0,741.0,741.0,689.2,714.04,90720.0,700.0,707.0,700.0,707.0,3300.0,1.1444921316166035,0.14306151645206988,1.0000000000000009,-4.5883940620782715,-4.5883940620782715,4.80905233380482,0.0,0.036375661375661374,True,False,False
8923,トーセイ,2026-09-15,1665.0,1861.0,1861.0,1679.0,1767.2,139840.0,1680.0,1681.0,1666.0,1681.0,7300.0,0.960960960960966,0.9009009009008917,0.05952380952380931,-9.67221923696937,-9.67221923696937,10.70791195716836,0.0,0.052202517162471394,True,False,False
8927,明豊エンタープライズ,2026-09-15,488.0,493.0,493.0,479.6,478.52,125420.0,485.0,488.0,485.0,488.0,367300.0,0.0,-0.6147540983606592,0.6185567010309256,-1.0141987829614618,-1.0141987829614618,1.0245901639344357,0.0,2.928560038271408,True,False,False
8928,穴吹興産,2026-09-15,2292.0,2363.0,2363.0,2291.0,2322.16,6000.0,2295.0,2297.0,2295.0,2292.0,3300.0,0.0,0.13089005235602524,-0.13071895424836555,-3.004655099449849,-3.004655099449849,3.097731239092494,0.0,0.55,False,False,False
8929,青山財産ネットワークス,2026-09-15,1354.0,1451.0,1451.0,1348.0,1354.96,36760.0,1354.0,1368.0,1354.0,1359.0,1600.0,0.36927621861151394,0.0,0.36927621861151394,-6.340454858718125,-6.340454858718125,6.769683590875641,0.0,0.04352557127312296,True,False,False
8931,和田興産,2026-09-15,1317.0,1430.0,1430.0,1317.4,1364.92,4320.0,1317.0,1322.0,1314.0,1317.0,1700.0,0.0,0.0,0.0,-7.902097902097904,-7.902097902097904,8.580106302201983,0.0,0.39351851851851855,False,False,False
8934,サンフロンティア不動産,2026-09-15,2363.0,2555.0,2555.0,2370.8,2461.76,146020.0,2380.0,2390.0,2379.0,2389.0,9100.0,1.10029623360135,0.7194244604316502,0.37815126050420034,-6.497064579256362,-6.497064579256362,6.948514022603591,0.0,0.062320230105465,True,False,False
8935,ＦＪネクストホールディングス,2026-09-15,1955.0,2085.0,2085.0,1948.2,2006.84,45940.0,1956.0,1984.0,1956.0,1978.0,1300.0,1.17647058823529,0.0511508951406725,1.1247443762781195,-5.131894484412469,-5.131894484412469,5.409504550050559,0.0,0.028297779712668697,True,False,False
8938,グローム・ホールディングス,2026-09-15,337.0,346.0,354.0,330.4,332.24,3760.0,336.0,336.0,336.0,337.0,3500.0,0.0,-0.29673590504450953,0.29761904761904656,-2.6011560693641633,-4.802259887005644,5.044510385756684,2.3121387283236983,0.9308510638297872,True,False,False
8944,ランドビジネス,2026-09-15,248.0,251.0,253.0,247.0,244.36,32520.0,247.0,249.0,247.0,248.0,20600.0,0.0,-0.40322580645161255,0.4048582995951344,-1.195219123505975,-1.9762845849802368,2.016129032258074,0.7968127490039834,0.6334563345633456,True,False,False
8945,サンネクスタグループ,2026-09-15,1088.0,1100.0,1143.0,1084.0,1090.56,2480.0,1084.0,1084.0,1084.0,1088.0,4500.0,0.0,-0.3676470588235281,0.36900369003689537,-1.0909090909090868,-4.81189851268592,5.055147058823528,3.9090909090909065,1.814516129032258,True,False,False
8946,ＡＳＩＡＮ　ＳＴＡＲ,2026-09-15,76.0,78.0,82.0,74.8,75.56,52120.0,75.0,75.0,75.0,76.0,73200.0,0.0,-1.3157894736842146,1.333333333333342,-2.564102564102566,-7.317073170731703,7.8947368421052655,5.128205128205132,1.404451266308519,True,False,False
8995,誠建設工業,2026-09-15,1900.0,2929.0,2929.0,2218.4,1795.24,845080.0,1905.0,1938.0,1883.0,1924.0,10900.0,1.2631578947368327,0.2631578947368318,0.9973753280839937,-34.31205189484465,-34.31205189484465,52.23492723492724,0.0,0.012898187153878922,True,False,False
8996,ハウスフリーダム,2026-09-15,1100.0,1139.0,1139.0,1091.8,1099.28,1120.0,1100.0,1100.0,1100.0,1100.0,1700.0,0.0,0.0,0.0,-3.4240561896400346,-3.4240561896400346,3.5454545454545405,0.0,1.5178571428571428,False,False,False
8999,グランディハウス,2026-09-15,564.0,583.0,583.0,561.6,570.56,41820.0,561.0,565.0,561.0,564.0,30300.0,0.0,-0.5319148936170248,0.5347593582887722,-3.2590051457976,-3.2590051457976,3.3687943262411313,0.0,0.7245337159253945,True,False,False
9001,東武鉄道,2026-09-15,2975.0,3051.0,3051.0,2950.8,2970.44,567580.0,2995.5,2995.5,2980.0,2989.5,52100.0,0.4873949579832004,0.6890756302521117,-0.20030045067601643,-2.015732546705995,-2.015732546705995,2.057200200702458,0.0,0.09179322738644773,False,False,False
9003,相鉄ホールディングス,2026-09-15,2651.5,2690.0,2690.0,2630.8,2601.58,285800.0,2680.5,2680.5,2659.0,2677.5,93100.0,0.9805770318687568,1.0937205355459279,-0.11191941801902416,-0.4646840148698872,-0.4646840148698872,0.46685340802987696,0.0,0.3257522743177047,False,False,False
9005,東急,2026-09-15,1673.0,1707.5,1713.0,1672.6,1654.82,2306240.0,1678.0,1681.0,1668.0,1678.5,216800.0,0.32875074716078867,0.2988643156007109,0.029797377830753646,-1.6983894582723313,-2.0140105078809145,2.0554066130473725,0.3221083455344109,0.09400582766754544,True,False,False
9006,京浜急行電鉄,2026-09-15,1574.5,1592.0,1592.0,1565.9,1555.32,682540.0,1580.0,1584.5,1578.0,1584.5,51000.0,0.6351222610352592,0.3493172435693914,0.28481012658228,-0.4711055276381937,-0.4711055276381937,0.473335437046396,0.0,0.07472089547865327,True,False,False
9007,小田急電鉄,2026-09-15,1827.5,1855.0,1855.0,1810.2,1767.54,1484680.0,1833.0,1838.0,1830.0,1838.0,98700.0,0.5745554035567757,0.3009575923392571,0.27277686852154037,-0.9164420485175184,-0.9164420485175184,0.9249183895538637,0.0,0.06647897189966862,True,False,False
9008,京王電鉄,2026-09-15,803.4000244140625,818.7000122070312,818.7000122070312,797.6799926757812,780.9360034179688,1816100.0,805.0,807.0,802.4000244140625,804.7999877929688,159100.0,0.1742548340009309,0.19915055231725098,-0.024846236898290464,-1.6978165636752807,-1.6978165636752807,1.7271402366917377,0.0,0.08760530807774902,False,False,False
9009,京成電鉄,2026-09-15,1387.0,1426.5,1426.5,1392.1,1344.02,1856400.0,1380.5,1387.5,1368.5,1376.5,170300.0,-0.7570295602018717,-0.4686373467916338,-0.28975009054690304,-3.505082369435686,-3.505082369435686,3.6324010170722953,0.0,0.09173669467787114,False,False,False
9010,富士急行,2026-09-15,2599.0,2831.0,2831.0,2603.4,2693.64,160900.0,2600.0,2625.0,2600.0,2621.0,51400.0,0.8464794151596733,0.03847633705271747,0.8076923076923093,-7.417873542917697,-7.417873542917697,8.012209080503618,0.0,0.3194530764449969,True,False,False
9012,秩父鉄道,2026-09-15,2093.0,2130.0,2130.0,2105.4,2107.48,280.0,2099.0,2100.0,2093.0,2093.0,400.0,0.0,0.2866698518872335,-0.285850404954735,-1.7370892018779394,-1.7370892018779394,1.7677974199713287,0.0,1.4285714285714286,False,False,False
9017,新潟交通,2026-09-15,1989.0,2005.0,2025.0,1990.8,1994.68,800.0,1995.0,1995.0,1995.0,1989.0,600.0,0.0,0.3016591251885359,-0.3007518796992459,-0.7980049875311757,-1.7777777777777781,1.8099547511312153,0.9975062344139696,0.75,False,False,False
9020,東日本旅客鉄道,2026-09-15,3528.0,3666.0,3666.0,3535.8,3528.04,2480180.0,3525.0,3541.0,3516.0,3537.0,310000.0,0.25510204081633514,-0.08503401360544505,0.34042553191488967,-3.5188216039279907,-3.5188216039279907,3.647158608990675,0.0,0.12499092807780081,True,False,False
9021,西日本旅客鉄道,2026-09-15,3057.0,3102.0,3102.0,3027.2,2970.12,2066880.0,3072.0,3081.0,3060.0,3081.0,96600.0,0.7850834151128527,0.4906771344455274,0.29296875,-0.6769825918762074,-0.6769825918762074,0.6815968841285214,0.0,0.04673711100789596,True,False,False
9022,東海旅客鉄道,2026-09-15,3842.0,4043.0,4043.0,3841.0,3881.04,2095420.0,3880.0,3887.0,3843.0,3867.0,113300.0,0.6507027589796932,0.9890681936491452,-0.3350515463917514,-4.3532030670294315,-4.3532030670294315,4.551331781742962,0.0,0.05407030571436752,False,False,False
9023,東京地下鉄,2026-09-15,1540.0,1572.0,1572.0,1532.2,1485.94,1773400.0,1547.0,1549.0,1543.0,1548.0,109200.0,0.5194805194805197,0.454545454545463,0.06464124111182912,-1.526717557251911,-1.526717557251911,1.5503875968992276,0.0,0.061576632457426415,True,False,False
9024,西武ホールディングス,2026-09-15,3494.0,3658.0,3658.0,3562.8,3439.96,923540.0,3497.0,3522.0,3489.0,3518.0,134800.0,0.6868918145392033,0.08586147681739487,0.6005147269087852,-3.827227993439042,-3.827227993439042,3.979533826037529,0.0,0.14596011001147757,True,False,False
9025,鴻池運輸,2026-09-15,2916.0,2985.0,2985.0,2884.6,2902.04,102000.0,2909.0,2927.0,2909.0,2927.0,2300.0,0.37722908093278384,-0.24005486968450285,0.618769336541769,-1.9430485762144012,-1.9430485762144012,1.9815510761872268,0.0,0.022549019607843137,True,False,False
9028,ゼロ,2026-09-15,3300.0,3575.0,3605.0,3334.0,3465.4,16220.0,3300.0,3300.0,3300.0,3300.0,21500.0,0.0,0.0,0.0,-7.692307692307687,-8.46047156726768,9.242424242424253,0.8391608391608463,1.3255240443896423,False,False,False
9029,ヒガシホールディングス,2026-09-15,1796.0,1958.0,1977.0,1814.8,1896.32,6280.0,1823.0,1823.0,1823.0,1796.0,4800.0,0.0,1.5033407572383028,-1.4810751508502418,-8.273748723186925,-9.155285786545274,10.07795100222717,0.9703779366700749,0.7643312101910829,False,False,False
9031,西日本鉄道,2026-09-15,3128.0,3197.0,3197.0,3120.4,3091.04,242660.0,3169.0,3196.0,3134.0,3144.0,73700.0,0.5115089514066584,1.310741687979533,-0.7888923950773119,-1.6578041914294683,-1.6578041914294683,1.6857506361323216,0.0,0.30371713508612874,False,False,False
9033,広島電鉄,2026-09-15,634.0,642.0,655.0,632.8,631.72,6440.0,635.0,635.0,631.0,634.0,11900.0,0.0,0.1577287066246047,-0.15748031496063408,-1.2461059190031154,-3.2061068702290085,3.312302839116721,2.024922118380057,1.8478260869565217,False,False,False
9034,南総通運,2026-09-15,1676.0,1700.0,1700.0,1661.4,1642.0,6400.0,1677.0,1678.0,1661.0,1676.0,12700.0,0.0,0.05966587112171684,-0.05963029218842841,-1.4117647058823568,-1.4117647058823568,1.4319809069212486,0.0,1.984375,False,False,False
9036,東部ネットワーク,2026-09-15,1246.0,1306.0,1383.0,1233.2,1260.8,1260.0,1226.0,1246.0,1226.0,1246.0,800.0,0.0,-1.60513643659711,1.631321370309946,-4.594180704441042,-9.906001446131596,10.995184590690199,5.895865237366005,0.6349206349206349,True,False,False
9037,ハマキョウレックス,2026-09-15,1816.0,1888.0,1891.0,1810.4,1848.96,115580.0,1825.0,1827.0,1823.0,1816.0,107700.0,0.0,0.49559471365638874,-0.49315068493150926,-3.8135593220338992,-3.9661554732945525,4.129955947136565,0.15889830508475367,0.9318221145526908,False,False,False
9039,サカイ引越センター,2026-09-15,2996.0,3035.0,3035.0,2973.2,2986.88,78600.0,3020.0,3020.0,3010.0,3020.0,28500.0,0.8010680907877266,0.8010680907877266,0.0,-0.49423393739703725,-0.49423393739703725,0.4966887417218624,0.0,0.36259541984732824,False,False,False
9041,近鉄グループホールディングス,2026-09-15,3540.0,3593.0,3686.0,3505.2,3512.32,612980.0,3555.0,3565.0,3544.0,3560.0,160200.0,0.5649717514124353,0.4237288135593209,0.14064697609001975,-0.9184525466184201,-3.418339663591974,3.539325842696628,2.5883662677428365,0.26134621031681293,True,False,False
9042,阪急阪神ホールディングス,2026-09-15,4666.0,4812.0,4812.0,4660.8,4684.68,609380.0,4685.0,4695.0,4666.0,4685.0,33000.0,0.4072010287183847,0.4072010287183847,0.0,-2.639235245220284,-2.639235245220284,2.7107790821771616,0.0,0.05415340181824149,False,False,False
9044,ＮＡＮＫＡＩ,2026-09-15,3196.0,3232.0,3232.0,3168.2,3064.56,361420.0,3209.0,3222.0,3205.0,3222.0,130700.0,0.8135168961201478,0.406758448060085,0.4051106263633475,-0.30940594059405413,-0.30940594059405413,0.3103662321539469,0.0,0.36162912954457416,True,False,False
9045,京阪ホールディングス,2026-09-15,3265.0,3297.0,3297.0,3233.6,3198.48,242420.0,3278.0,3286.0,3277.0,3284.0,18300.0,0.5819295558958659,0.39816232771823223,0.18303843807199183,-0.3942978465271474,-0.3942978465271474,0.39585870889160546,0.0,0.07548882105436845,True,False,False
9046,神戸電鉄,2026-09-15,2486.0,2510.0,2510.0,2470.8,2474.88,6620.0,2482.0,2490.0,2482.0,2486.0,7200.0,0.0,-0.16090104585679832,0.16116035455278066,-0.9561752988047845,-0.9561752988047845,0.9654062751407899,0.0,1.0876132930513596,True,False,False
9048,名古屋鉄道,2026-09-15,1897.5,1919.5,1919.5,1879.3,1880.86,683840.0,1904.0,1915.0,1903.0,1913.0,597500.0,0.8168642951251748,0.3425559947298984,0.4726890756302504,-0.3386298515238306,-0.3386298515238306,0.3397804495556711,0.0,0.8737423958820777,True,False,False
9051,センコン物流,2026-09-15,1302.0,1353.0,1353.0,1313.4,1322.0,760.0,1291.0,1291.0,1290.0,1302.0,2000.0,0.0,-0.8448540706605168,0.8520526723470256,-3.7694013303769425,-3.7694013303769425,3.9170506912442393,0.0,2.6315789473684212,True,False,False
9052,山陽電気鉄道,2026-09-15,2005.0,2057.0,2057.0,1994.6,2010.36,40160.0,2020.0,2025.0,2018.0,2018.0,20600.0,0.6483790523690747,0.7481296758104827,-0.0990099009900991,-1.8959649975692772,-1.8959649975692772,1.9326065411298332,0.0,0.5129482071713147,False,False,False
9057,遠州トラック,2026-09-15,3215.0,3290.0,3330.0,3229.0,3220.6,520.0,3225.0,3225.0,3225.0,3215.0,500.0,0.0,0.3110419906687367,-0.31007751937984773,-2.2796352583586588,-3.453453453453459,3.5769828926905056,1.2158054711246091,0.9615384615384616,False,False,False
9059,カンダホールディングス,2026-09-15,925.0,930.0,930.0,923.0,916.28,1980.0,929.0,929.0,929.0,925.0,2600.0,0.0,0.432432432432428,-0.43057050592034685,-0.5376344086021501,-0.5376344086021501,0.540540540540535,0.0,1.3131313131313131,False,False,False
9063,岡山県貨物運送,2026-09-15,4110.0,4350.0,4350.0,4146.0,4206.4,720.0,4100.0,4100.0,4100.0,4110.0,2500.0,0.0,-0.24330900243308973,0.24390243902439046,-5.517241379310345,-5.517241379310345,5.8394160583941535,0.0,3.4722222222222223,True,False,False
9064,ヤマトホールディングス,2026-09-15,1977.0,2022.5,2022.5,1970.5,1948.62,1031280.0,1984.5,1988.5,1979.0,1987.5,37700.0,0.5311077389984931,0.3793626707132125,0.15117157974300355,-1.7305315203955507,-1.7305315203955507,1.7610062893081757,0.0,0.03655651229539989,True,False,False
9065,山九,2026-09-15,8060.0,8584.0,9080.0,8015.6,8272.4,343740.0,8051.0,8079.0,8042.0,8068.0,7800.0,0.09925558312655625,-0.11166253101736467,0.2111538939262303,-6.01118359739049,-11.145374449339208,12.543381259295995,5.778191985088532,0.022691569209286087,True,False,False
9068,丸全昭和運輸,2026-09-15,7240.0,7540.0,7860.0,7208.0,7307.6,23460.0,7240.0,7260.0,7240.0,7250.0,1000.0,0.13812154696133394,0.0,0.13812154696133394,-3.8461538461538436,-7.760814249363868,8.413793103448274,4.244031830238737,0.042625745950554135,True,False,False
9069,センコーグループホールディングス,2026-09-15,2288.5,2343.0,2378.5,2256.7,2265.88,342340.0,2307.5,2310.5,2290.5,2301.5,11600.0,0.5680576797028714,0.8302381472580223,-0.2600216684723766,-1.7712334613743108,-3.2373344544881277,3.3456441451227503,1.5151515151515138,0.03388444236723725,False,False,False
9072,ニッコンホールディングス,2026-09-15,5133.0,5667.0,5929.0,5112.4,5317.96,145560.0,5120.0,5137.0,5089.0,5121.0,9100.0,-0.23378141437755406,-0.25326319890901505,0.01953125000000444,-9.634727368978291,-13.627930511047392,15.77816832649872,4.623257455443808,0.06251717504809014,True,False,False
9074,日本石油輸送,2026-09-15,4900.0,5220.0,5310.0,4965.0,5017.8,1720.0,4930.0,4930.0,4930.0,4900.0,5400.0,0.0,0.612244897959191,-0.6085192697768749,-6.130268199233713,-7.721280602636538,8.3673469387755,1.724137931034475,3.13953488372093,False,False,False
9075,福山通運,2026-09-15,6250.0,6540.0,6540.0,6134.0,6270.4,57840.0,6250.0,6290.0,6250.0,6290.0,8500.0,0.6399999999999961,0.0,0.6399999999999961,-3.822629969418956,-3.822629969418956,3.974562798092207,0.0,0.14695712309820194,True,False,False
9076,セイノーホールディングス,2026-09-15,2709.5,2846.0,2846.0,2688.6,2754.1,307920.0,2724.0,2730.0,2710.0,2729.5,10000.0,0.7381435689241655,0.5351540874700023,0.20190895741556414,-4.093464511595224,-4.093464511595224,4.26818098552848,0.0,0.03247596778383996,True,False,False
9081,神奈川中央交通,2026-09-15,4020.0,4090.0,4090.0,4011.0,3959.6,12160.0,4080.0,4080.0,4080.0,4020.0,16100.0,0.0,1.4925373134328401,-1.4705882352941124,-1.7114914425427896,-1.7114914425427896,1.7412935323383172,0.0,1.324013157894737,False,False,False
9082,大和自動車交通,2026-09-15,2221.0,3040.0,3040.0,2332.2,2032.12,24080.0,2181.0,2221.0,2180.0,2221.0,3700.0,0.0,-1.800990544799641,1.8340210912425547,-26.940789473684212,-26.940789473684212,36.87528140477263,0.0,0.1536544850498339,True,False,False
9083,神姫バス,2026-09-15,1980.0,1997.0,2000.0,1981.2,1977.4,3420.0,1984.0,1984.0,1984.0,1980.0,2600.0,0.0,0.20202020202020332,-0.20161290322581182,-0.8512769153730559,-1.0000000000000009,1.0101010101010166,0.1502253380070151,0.7602339181286549,False,False,False
9087,タカセ,2026-09-15,2155.0,2345.0,2345.0,2209.0,2118.08,2000.0,2240.0,2240.0,2155.0,2155.0,900.0,0.0,3.944315545243615,-3.7946428571428603,-8.102345415778256,-8.102345415778256,8.81670533642691,0.0,0.45,False,False,False
9090,ＡＺ－ＣＯＭ丸和ホールディングス,2026-09-15,907.0,915.0,918.0,892.6,888.68,424980.0,907.0,912.0,907.0,912.0,51500.0,0.5512679162072764,0.0,0.5512679162072764,-0.3278688524590123,-0.6535947712418277,0.6578947368421018,0.3278688524590123,0.12118217327874253,True,False,False
9101,日本郵船,2026-09-15,7234.0,7465.0,7465.0,7246.4,6984.44,2328300.0,7341.0,7359.0,7296.0,7357.0,283200.0,1.7003041194360025,1.479126347802051,0.21795395722654654,-1.4467515070328174,-1.4467515070328174,1.4679896697023187,0.0,0.12163381007602113,True,False,False
9104,商船三井,2026-09-15,7025.0,7509.0,7509.0,7039.8,6960.64,2481240.0,7029.0,7126.0,7029.0,7118.0,282700.0,1.3238434163701074,0.0569395017793628,1.2661829563237914,-5.207084831535491,-5.207084831535491,5.4931160438325355,0.0,0.11393496799987103,True,False,False
9107,川崎汽船,2026-09-15,3385.0,3591.0,3591.0,3371.8,3285.3,4005720.0,3400.0,3448.0,3400.0,3444.0,361000.0,1.742983751846383,0.4431314623338345,1.2941176470588234,-4.093567251461994,-4.093567251461994,4.268292682926833,0.0,0.09012112678869218,True,False,False
9110,ＮＳユナイテッド海運,2026-09-15,10490.0,10510.0,10520.0,10486.0,10469.2,74500.0,10500.0,10500.0,10490.0,10490.0,68900.0,0.0,0.09532888465204614,-0.09523809523809268,-0.19029495718363432,-0.2851711026615966,0.2859866539561384,0.09514747859182826,0.9248322147651007,False,False,False
9115,明海グループ,2026-09-15,1088.0,1355.0,1355.0,1070.2,1064.72,184640.0,1125.0,1126.0,1120.0,1088.0,51500.0,0.0,3.4007352941176405,-3.2888888888888856,-19.70479704797048,-19.70479704797048,24.540441176470583,0.0,0.278921143847487,False,False,False
9119,飯野海運,2026-09-15,1728.0,1791.0,1791.0,1717.4,1700.32,207640.0,1750.0,1762.0,1748.0,1757.0,13000.0,1.678240740740744,1.27314814814814,0.40000000000000036,-1.8983807928531493,-1.8983807928531493,1.9351166761525374,0.0,0.0626083606241572,True,False,False
9127,玉井商船,2026-09-15,3625.0,3735.0,3735.0,3498.0,3316.0,5920.0,3625.0,3625.0,3625.0,3625.0,3400.0,0.0,0.0,0.0,-2.9451137884872858,-2.9451137884872858,3.0344827586206824,0.0,0.5743243243243243,False,False,False
9130,共栄タンカー,2026-09-15,1758.0,1912.0,1912.0,1670.8,1618.76,612440.0,1838.0,1847.0,1823.0,1829.0,32000.0,4.038680318543797,4.550625711035261,-0.4896626768226331,-4.3410041841004166,-4.3410041841004166,4.53799890650628,0.0,0.0522500163281301,False,False,False
9142,九州旅客鉄道,2026-09-15,3561.0,3670.0,3670.0,3548.6,3537.28,665040.0,3550.0,3560.0,3542.0,3558.0,37200.0,-0.08424599831508006,-0.3089019938219639,0.22535211267604716,-3.051771117166213,-3.051771117166213,3.1478358628442837,0.0,0.05593648502345724,True,False,False
9143,ＳＧホールディングス,2026-09-15,1489.5,1646.5,1649.0,1476.3,1530.54,1206340.0,1496.5,1497.0,1491.0,1497.0,41200.0,0.5035246727089548,0.46995636119502304,0.03341129301703827,-9.079866383237167,-9.217707701637357,10.153640614562454,0.15183723048890485,0.03415289221944062,True,False,False
9145,ビーイングホールディングス,2026-09-15,580.0,610.0,610.0,571.4,575.48,26480.0,580.0,580.0,580.0,580.0,20600.0,0.0,0.0,0.0,-4.918032786885251,-4.918032786885251,5.1724137931034475,0.0,0.7779456193353474,False,False,False
9147,ＮＩＰＰＯＮ　ＥＸＰＲＥＳＳホールディングス,2026-09-15,5481.0,5866.0,5866.0,5387.4,5589.0,974680.0,5500.0,5512.0,5482.0,5512.0,70700.0,0.5655902207626351,0.34665207079001004,0.21818181818182847,-6.034776679168086,-6.034776679168086,6.422351233671986,0.0,0.07253662740591783,True,False,False
9158,シーユーシー,2026-09-15,774.0,776.0,776.0,763.0,745.04,16060.0,776.0,779.0,776.0,774.0,6800.0,0.0,0.25839793281654533,-0.2577319587628857,-0.2577319587628857,-0.2577319587628857,0.25839793281654533,0.0,0.42341220423412207,False,False,False
9159,Ｗ　ＴＯＫＹＯ,2026-09-15,1940.0,2068.0,2068.0,1947.6,1952.96,4260.0,1941.0,1949.0,1941.0,1940.0,3700.0,0.0,0.051546391752577136,-0.05151983513652647,-6.189555125725343,-6.189555125725343,6.597938144329896,0.0,0.8685446009389671,False,False,False
9160,オンザページ,2026-09-15,337.0,337.0,337.0,331.8,327.36,34000.0,335.0,337.0,334.0,337.0,14100.0,0.0,-0.5934718100890191,0.5970149253731405,0.0,0.0,0.0,0.0,0.4147058823529412,True,False,False
9162,ブリーチ,2026-09-15,230.0,234.0,234.0,229.4,229.88,3460.0,229.0,231.0,228.0,230.0,4600.0,0.0,-0.43478260869564966,0.4366812227074135,-1.7094017094017144,-1.7094017094017144,1.7391304347825987,0.0,1.329479768786127,True,False,False
9163,ナレルグループ,2026-09-15,2391.0,2426.0,2426.0,2347.8,2362.24,17720.0,2399.0,2409.0,2399.0,2391.0,18200.0,0.0,0.3345880384776345,-0.33347228011672003,-1.4427040395713076,-1.4427040395713076,1.4638226683395983,0.0,1.0270880361173815,False,False,False
9165,クオルテック,2026-09-15,1782.0,1788.0,1790.0,1758.2,1714.56,7600.0,1760.0,1782.0,1759.0,1782.0,4100.0,0.0,-1.2345679012345734,1.2499999999999956,-0.3355704697986628,-0.4469273743016755,0.44893378226711356,0.11185682326622093,0.5394736842105263,True,False,False
9166,ＧＥＮＤＡ,2026-09-15,686.0,828.0,828.0,715.0,737.16,1516380.0,672.0,672.0,665.0,669.0,105700.0,-2.478134110787167,-2.0408163265306145,-0.44642857142856984,-19.202898550724633,-19.202898550724633,23.76681614349776,0.0,0.06970548279455017,False,False,False
9168,ライズ・コンサルティング・グループ,2026-09-15,427.0,436.0,436.0,418.8,417.8,56320.0,427.0,428.0,426.0,427.0,69100.0,0.0,0.0,0.0,-2.064220183486243,-2.064220183486243,2.1077283372365363,0.0,1.2269176136363635,False,False,False
9171,栗林商船,2026-09-15,1472.0,1549.0,1750.0,1470.0,1509.64,1560.0,1465.0,1465.0,1465.0,1472.0,1400.0,0.0,-0.47554347826086474,0.4778156996587013,-4.970948999354419,-15.88571428571428,18.885869565217384,12.976113621691422,0.8974358974358975,True,False,False
9173,東海汽船,2026-09-15,2810.0,2847.0,2885.0,2816.2,2823.28,1020.0,2810.0,2810.0,2810.0,2810.0,1200.0,0.0,0.0,0.0,-1.299613628380747,-2.5996533795493937,2.6690391459074814,1.3347383210396968,1.1764705882352942,False,False,False
9193,東京汽船,2026-09-15,885.0,893.0,908.0,876.4,877.32,5320.0,892.0,892.0,888.0,885.0,4400.0,0.0,0.7909604519773961,-0.7847533632286963,-0.895856662933936,-2.5330396475770955,2.598870056497171,1.6797312430011146,0.8270676691729323,False,False,False
9201,日本航空,2026-09-15,3011.0,3075.0,3088.0,2990.3,3006.68,1976800.0,3034.0,3039.0,3028.0,3030.0,202200.0,0.6310195948189934,0.7638658253072084,-0.13183915622939635,-1.4634146341463428,-1.8782383419689075,1.9141914191419085,0.4227642276422694,0.10228652367462565,False,False,False
92015,日本航空株式会社第１回社債型種類株式,2026-09-15,10110.0,10300.0,10360.0,10135.0,10215.0,3500.0,10150.0,10180.0,10110.0,10110.0,4000.0,0.0,0.3956478733926794,-0.3940886699507429,-1.844660194174752,-2.413127413127414,2.472799208704246,0.5825242718446644,1.1428571428571428,False,False,False
9202,ＡＮＡホールディングス,2026-09-15,2976.0,3087.0,3177.0,2959.8,3023.66,2275100.0,2999.0,3000.0,2984.0,2990.0,190100.0,0.47043010752687575,0.772849462365599,-0.30010003334445257,-3.1422092646582467,-5.886056027699082,6.254180602006687,2.9154518950437414,0.08355676673552812,False,False,False
92025,ＡＮＡホールディングス第１回社債型種類株式,2026-09-15,4792.0,4810.0,4810.0,4782.6,4786.28,4240.0,4791.0,4792.0,4760.0,4792.0,8300.0,0.0,-0.02086811352254303,0.020872469213117917,-0.3742203742203687,-0.3742203742203687,0.37562604340568573,0.0,1.9575471698113207,True,False,False
9204,スカイマーク,2026-09-15,429.0,433.0,433.0,425.6,419.6,72120.0,426.0,427.0,426.0,429.0,55700.0,0.0,-0.6993006993006978,0.7042253521126751,-0.9237875288683584,-0.9237875288683584,0.932400932400923,0.0,0.7723239046034387,True,False,False
9206,スターフライヤー,2026-09-15,1970.0,2000.0,2000.0,1952.2,1951.12,1960.0,1951.0,1951.0,1951.0,1970.0,4900.0,0.0,-0.9644670050761417,0.9738595592004184,-1.5000000000000013,-1.5000000000000013,1.522842639593902,0.0,2.5,True,False,False
9211,エフ・コード,2026-09-15,1498.0,1595.0,1620.0,1446.6,1474.68,91820.0,1488.0,1495.0,1488.0,1498.0,64200.0,0.0,-0.6675567423230944,0.6720430107526987,-6.081504702194362,-7.530864197530862,8.144192256341798,1.5673981191222541,0.6991940753648442,True,False,False
9212,Ｇｒｅｅｎ　Ｅａｒｔｈ　Ｉｎｓｔｉｔｕｔｅ,2026-09-15,266.0,295.0,295.0,271.0,269.24,44720.0,282.0,287.0,281.0,287.0,41600.0,7.8947368421052655,6.015037593984962,1.773049645390068,-2.7118644067796627,-2.7118644067796627,2.7874564459930307,0.0,0.9302325581395349,True,False,False
9213,セイファート,2026-09-15,999.0,1069.0,1091.0,1041.4,1044.88,80.0,1002.0,1002.0,1002.0,999.0,600.0,0.0,0.30030030030030463,-0.29940119760478723,-6.54817586529467,-8.432630614115489,9.209209209209202,2.0579981290926197,7.5,False,False,False
9214,Ｒｅｃｏｖｅｒｙ　Ｉｎｔｅｒｎａｔｉｏｎａｌ,2026-09-15,1307.0,1329.0,1329.0,1302.8,1286.88,1640.0,1295.0,1295.0,1290.0,1307.0,4300.0,0.0,-0.9181331293037442,0.9266409266409203,-1.6553799849510886,-1.6553799849510886,1.6832440703901996,0.0,2.6219512195121952,True,False,False
9215,ＣａＳｙ,2026-09-15,986.0,1011.0,1011.0,984.0,971.16,1560.0,987.0,987.0,987.0,986.0,2900.0,0.0,0.10141987829614951,-0.10131712259371373,-2.472799208704257,-2.472799208704257,2.535496957403649,0.0,1.858974358974359,False,False,False
9216,ビーウィズ,2026-09-15,1664.0,1730.0,1730.0,1642.2,1672.72,15340.0,1657.0,1672.0,1657.0,1664.0,13800.0,0.0,-0.42067307692307265,0.4224502112251116,-3.8150289017341077,-3.8150289017341077,3.9663461538461453,0.0,0.8996088657105606,True,False,False
9218,メンタルヘルステクノロジーズ,2026-09-15,793.0,797.0,797.0,781.4,774.76,21440.0,794.0,794.0,790.0,793.0,24000.0,0.0,0.12610340479193294,-0.12594458438287548,-0.5018820577164407,-0.5018820577164407,0.5044136191677095,0.0,1.1194029850746268,False,False,False
9219,ギックス,2026-09-15,881.0,920.0,920.0,886.6,889.04,4520.0,887.0,887.0,887.0,881.0,2300.0,0.0,0.6810442678774065,-0.6764374295377684,-4.239130434782612,-4.239130434782612,4.426787741203175,0.0,0.5088495575221239,False,False,False
9220,エフビー介護サービス,2026-09-15,1299.0,1370.0,1370.0,1318.0,1275.44,5240.0,1300.0,1300.0,1300.0,1299.0,5900.0,0.0,0.07698229407235857,-0.07692307692307443,-5.1824817518248185,-5.1824817518248185,5.4657428791377916,0.0,1.1259541984732824,False,False,False
9221,フルハシＥＰＯ,2026-09-15,1191.0,1228.0,1255.0,1171.2,1170.48,38500.0,1190.0,1193.0,1190.0,1191.0,28900.0,0.0,-0.08396305625524292,0.08403361344537785,-3.0130293159609134,-5.099601593625502,5.373635600335858,2.1986970684038987,0.7506493506493507,True,False,False
9223,ＡＳＮＯＶＡ,2026-09-15,361.0,457.0,457.0,415.0,438.48,41120.0,361.0,361.0,360.0,361.0,192500.0,0.0,0.0,0.0,-21.006564551422326,-21.006564551422326,26.59279778393351,0.0,4.681420233463035,False,False,False
9225,ブリッジコンサルティンググループ,2026-09-15,957.0,987.0,999.0,970.6,973.48,1500.0,974.0,974.0,957.0,957.0,2000.0,0.0,1.7763845350052154,-1.7453798767967155,-3.039513677811545,-4.20420420420421,4.3887147335423204,1.2158054711246091,1.3333333333333333,False,False,False
9227,マイクロ波化学,2026-09-15,820.0,984.0,1015.0,826.4,890.36,153100.0,820.0,827.0,820.0,827.0,7100.0,0.8536585365853666,0.0,0.8536585365853666,-15.955284552845528,-18.522167487684726,22.73276904474002,3.1504065040650397,0.046374918354016983,True,False,False
9229,サンウェルズ,2026-09-15,112.0,126.0,126.0,113.0,114.48,148880.0,113.0,113.0,112.0,112.0,101500.0,0.0,0.8928571428571397,-0.8849557522123908,-11.111111111111116,-11.111111111111116,12.5,0.0,0.6817571198280494,False,False,False
9233,アジア航測,2026-09-15,1152.0,1184.0,1184.0,1155.4,1154.96,6020.0,1154.0,1154.0,1154.0,1152.0,8100.0,0.0,0.17361111111111605,-0.17331022530329143,-2.7027027027026973,-2.7027027027026973,2.777777777777768,0.0,1.345514950166113,False,False,False
9235,売れるネット広告社グループ,2026-09-15,411.0,506.0,513.0,416.0,475.08,76160.0,410.0,410.0,404.0,411.0,83300.0,0.0,-0.24330900243308973,0.24390243902439046,-18.774703557312257,-19.883040935672515,24.817518248175176,1.383399209486158,1.09375,True,False,False
9236,ジャパンＭ＆Ａソリューション,2026-09-15,1282.0,1444.0,1444.0,1363.8,1352.92,5540.0,1320.0,1320.0,1320.0,1282.0,5600.0,0.0,2.9641185647425905,-2.8787878787878807,-11.218836565096957,-11.218836565096957,12.636505460218416,0.0,1.0108303249097472,False,False,False
9237,笑美面,2026-09-15,831.0,1018.0,1018.0,955.0,930.16,38560.0,801.0,801.0,797.0,798.0,14700.0,-3.971119133574008,-3.6101083032490933,-0.3745318352059934,-21.611001964636543,-21.611001964636543,27.56892230576442,0.0,0.38122406639004147,False,False,False
9238,バリュークリエーション,2026-09-15,370.0,400.0,466.0,372.2,387.8,3620.0,370.0,370.0,369.0,370.0,6000.0,0.0,0.0,0.0,-7.499999999999996,-20.600858369098717,25.945945945945947,16.500000000000004,1.6574585635359116,False,False,False
9240,デリバリーコンサルティング,2026-09-15,386.0,460.0,460.0,425.2,425.64,60300.0,392.0,392.0,382.0,382.0,13900.0,-1.0362694300518172,1.5544041450777257,-2.5510204081632626,-16.956521739130437,-16.956521739130437,20.418848167539274,0.0,0.23051409618573798,False,False,False
9241,フューチャーリンクネットワーク,2026-09-15,1258.0,1549.0,1549.0,1269.2,1374.48,840.0,1256.0,1258.0,1256.0,1258.0,400.0,0.0,-0.15898251192368873,0.15923566878981443,-18.786313750806972,-18.786313750806972,23.13195548489666,0.0,0.47619047619047616,True,False,False
9242,メディア総研,2026-09-15,1952.0,1969.0,1969.0,1941.4,1917.96,3500.0,1962.0,1969.0,1952.0,1952.0,1000.0,0.0,0.5122950819672178,-0.5096839959225274,-0.8633824276282343,-0.8633824276282343,0.8709016393442681,0.0,0.2857142857142857,False,False,False
9244,デジタリフト,2026-09-15,1405.0,1488.0,1488.0,1411.8,1352.32,6480.0,1418.0,1420.0,1418.0,1420.0,700.0,1.067615658362997,0.92526690391459,0.14104372355430161,-4.5698924731182755,-4.5698924731182755,4.788732394366191,0.0,0.10802469135802469,True,False,False
9245,リベロ,2026-09-15,1951.0,2016.0,2150.0,1950.2,1974.0,3740.0,1953.0,1970.0,1953.0,1951.0,5300.0,0.0,0.1025115325474113,-0.10240655401945187,-3.224206349206349,-9.255813953488367,10.199897488467457,6.646825396825395,1.4171122994652405,False,False,False
9246,プロジェクトホールディングス,2026-09-15,1117.0,1131.0,1139.0,1097.2,1101.44,1060.0,1130.0,1130.0,1130.0,1117.0,2200.0,0.0,1.1638316920322245,-1.1504424778761013,-1.2378426171529622,-1.9315188762071944,1.969561324977609,0.7073386383731117,2.0754716981132075,False,False,False
9247,ＴＲＥホールディングス,2026-09-15,1808.0,2000.0,2115.0,1810.4,1903.68,203280.0,1816.0,1823.0,1811.0,1820.0,18700.0,0.6637168141592875,0.4424778761061843,0.22026431718060735,-8.999999999999996,-13.947990543735223,16.20879120879122,5.750000000000011,0.09199134199134198,True,False,False
9248,人・夢・技術グループ,2026-09-15,1699.0,1799.0,1799.0,1669.2,1696.84,57100.0,1694.0,1705.0,1694.0,1705.0,1800.0,0.35314891112419033,-0.2942907592701549,0.6493506493506551,-5.22512506948305,-5.22512506948305,5.51319648093842,0.0,0.03152364273204904,True,False,False
9249,日本エコシステム,2026-09-15,1617.0,1685.0,1685.0,1642.4,1659.48,6620.0,1618.0,1618.0,1618.0,1617.0,6000.0,0.0,0.061842918985766104,-0.06180469715698633,-4.035608308605343,-4.035608308605343,4.205318491032783,0.0,0.9063444108761329,False,False,False
9250,ＧＲＣＳ,2026-09-15,1031.0,1049.0,1049.0,1009.0,956.64,1200.0,1001.0,1001.0,1001.0,1031.0,3800.0,0.0,-2.9097963142580063,2.9970029970030065,-1.7159199237368972,-1.7159199237368972,1.745877788554795,0.0,3.1666666666666665,True,False,False
9251,ＡＢ＆Ｃｏｍｐａｎｙ,2026-09-15,1602.0,1617.0,1617.0,1526.8,1512.96,56660.0,1618.0,1648.0,1616.0,1643.0,18500.0,2.5593008739076106,0.9987515605493158,1.5451174289246028,1.6079158936301852,1.6079158936301852,-1.582471089470483,0.0,0.3265090010589481,True,True,True
9252,ラストワンマイル,2026-09-15,4130.0,4180.0,4180.0,4082.0,3926.0,15680.0,4165.0,4180.0,4130.0,4130.0,5600.0,0.0,0.8474576271186418,-0.8403361344537785,-1.1961722488038284,-1.1961722488038284,1.2106537530266248,0.0,0.35714285714285715,False,False,False
9254,ラバブルマーケティンググループ,2026-09-15,1101.0,1141.0,1178.0,1102.4,1118.6,560.0,1100.0,1100.0,1100.0,1101.0,700.0,0.0,-0.09082652134423386,0.09090909090909705,-3.505696757230503,-6.536502546689304,6.993642143505907,3.242769500438203,1.25,True,False,False
9256,サクシード,2026-09-15,1006.0,1230.0,1410.0,999.0,1116.48,25660.0,1003.0,1014.0,1003.0,1014.0,700.0,0.7952286282306265,-0.29821073558647937,1.0967098703888345,-17.560975609756103,-28.08510638297872,39.053254437869825,14.634146341463406,0.027279812938425563,True,False,False
9258,ＣＳ－Ｃ,2026-09-15,288.0,315.0,359.0,294.0,303.52,2540.0,285.0,285.0,285.0,288.0,900.0,0.0,-1.041666666666663,1.0526315789473717,-8.571428571428575,-19.77715877437326,24.652777777777768,13.968253968253963,0.3543307086614173,True,False,False
9259,タカヨシホールディングス,2026-09-15,854.0,861.0,895.0,851.4,849.36,10800.0,854.0,859.0,854.0,854.0,5700.0,0.0,0.0,0.0,-0.8130081300813052,-4.5810055865921795,4.800936768149877,3.948896631823451,0.5277777777777778,False,False,False
9262,シルバーライフ,2026-09-15,674.0,707.0,707.0,674.2,681.72,33620.0,673.0,673.0,673.0,673.0,1200.0,-0.14836795252225476,-0.14836795252225476,0.0,-4.809052333804809,-4.809052333804809,5.052005943536408,0.0,0.03569303985722784,False,False,False
9264,ポエック,2026-09-15,1607.0,1780.0,1780.0,1592.6,1680.96,11480.0,1605.0,1605.0,1604.0,1607.0,14400.0,0.0,-0.12445550715619591,0.12461059190032042,-9.719101123595507,-9.719101123595507,10.765401369010586,0.0,1.254355400696864,True,False,False
9265,ヤマシタヘルスケアホールディングス,2026-09-15,3620.0,3760.0,3760.0,3635.0,3664.0,960.0,3645.0,3645.0,3620.0,3620.0,200.0,0.0,0.6906077348066253,-0.6858710562414272,-3.7234042553191515,-3.7234042553191515,3.8674033149171283,0.0,0.20833333333333334,False,False,False
9267,Ｇｅｎｋｙ　ＤｒｕｇＳｔｏｒｅｓ,2026-09-15,3465.0,3800.0,3800.0,3465.0,3591.8,66600.0,3465.0,3500.0,3455.0,3485.0,3300.0,0.5772005772005873,0.0,0.5772005772005873,-8.289473684210524,-8.289473684210524,9.038737446197986,0.0,0.04954954954954955,True,False,False
9268,オプティマスグループ,2026-09-15,400.0,440.0,448.0,393.8,415.04,175700.0,399.0,404.0,399.0,400.0,96600.0,0.0,-0.24999999999999467,0.25062656641603454,-9.090909090909093,-10.71428571428571,12.00000000000001,1.8181818181818077,0.549800796812749,True,False,False
9270,バリュエンスホールディングス,2026-09-15,2001.0,2214.0,2214.0,1981.0,2042.8,39240.0,2012.0,2022.0,2012.0,2021.0,1900.0,0.9995002498750516,0.5497251374312784,0.4473161033797135,-8.717253839205064,-8.717253839205064,9.549727857496283,0.0,0.04841997961264016,True,False,False
9271,和心,2026-09-15,936.0,1025.0,1164.0,920.4,985.12,9220.0,945.0,945.0,945.0,936.0,6200.0,0.0,0.9615384615384581,-0.952380952380949,-8.68292682926829,-19.58762886597938,24.35897435897436,13.560975609756088,0.6724511930585684,False,False,False
9272,ブティックス,2026-09-15,1450.0,1497.0,1533.0,1417.6,1420.92,4540.0,1436.0,1436.0,1436.0,1450.0,7200.0,0.0,-0.96551724137931,0.9749303621169991,-3.1396125584502332,-5.414220482713638,5.724137931034479,2.4048096192384794,1.5859030837004404,True,False,False
9273,コーア商事ホールディングス,2026-09-15,754.0,783.0,790.0,750.4,764.16,51500.0,750.0,756.0,750.0,756.0,2500.0,0.2652519893899141,-0.5305039787798393,0.8000000000000007,-3.4482758620689613,-4.303797468354431,4.497354497354489,0.8939974457215838,0.04854368932038835,True,False,False
9274,ＫＰＰグループホールディングス,2026-09-15,1102.0,1137.0,1137.0,1089.2,1095.68,261100.0,1113.0,1122.0,1108.0,1102.0,371100.0,0.0,0.9981851179673429,-0.9883198562443796,-3.0782761653474044,-3.0782761653474044,3.176043557168784,0.0,1.4212945231711989,False,False,False
9278,ブックオフグループホールディングス,2026-09-15,2654.0,3160.0,3160.0,2700.2,2885.88,95180.0,2650.0,2675.0,2632.0,2654.0,10000.0,0.0,-0.15071590052750938,0.15094339622641062,-16.0126582278481,-16.0126582278481,19.06556141672946,0.0,0.10506408909434756,True,False,False
9279,ギフトホールディングス,2026-09-15,2120.0,2650.0,2740.0,2191.2,2436.56,362200.0,2100.0,2110.0,2092.0,2105.0,27600.0,-0.7075471698113178,-0.9433962264150941,0.23809523809523725,-20.56603773584905,-23.175182481751822,30.16627078384797,3.396226415094339,0.07620099392600774,True,False,False
9301,三菱倉庫,2026-09-15,1536.5,1559.5,1560.0,1536.0,1522.6,706820.0,1536.5,1546.5,1524.0,1533.5,193800.0,-0.1952489424015602,0.0,-0.1952489424015602,-1.6672010259698666,-1.6987179487179538,1.7280730355396123,0.03206155819173162,0.2741857898757817,False,False,False
9302,三井倉庫ホールディングス,2026-09-15,3369.0,3390.0,3552.0,3340.6,3335.36,216280.0,3365.0,3371.0,3345.0,3371.0,5500.0,0.059364796675565046,-0.1187295933511412,0.17830609212481363,-0.5604719764011779,-5.0957207207207205,5.369326609314751,4.778761061946901,0.02542999815054559,True,False,False
9303,住友倉庫,2026-09-15,4145.0,4285.0,4285.0,4136.0,4155.6,95760.0,4145.0,4170.0,4140.0,4170.0,8400.0,0.6031363088057962,0.0,0.6031363088057962,-2.683780630105015,-2.683780630105015,2.7577937649880147,0.0,0.08771929824561403,True,False,False
9304,澁澤倉庫,2026-09-15,2097.0,2184.0,2184.0,2083.8,2047.04,108900.0,2128.0,2132.0,2102.0,2131.0,6900.0,1.621363853123503,1.4783023366714332,0.14097744360901387,-2.426739926739929,-2.426739926739929,2.487095260441108,0.0,0.06336088154269973,True,False,False
9305,ヤマタネ,2026-09-15,2104.0,2156.0,2156.0,2066.4,2079.88,57580.0,2100.0,2110.0,2100.0,2110.0,9700.0,0.2851711026615966,-0.1901140684410607,0.4761904761904745,-2.1335807050092748,-2.1335807050092748,2.180094786729847,0.0,0.16846127127474816,True,False,False
9306,東陽倉庫,2026-09-15,1997.0,2040.0,2054.0,1994.4,2003.96,3460.0,1995.0,1995.0,1995.0,1997.0,1300.0,0.0,-0.10015022533800266,0.1002506265664227,-2.1078431372549056,-2.7750730282375846,2.854281422133198,0.6862745098039191,0.37572254335260113,True,False,False
9307,杉村倉庫,2026-09-15,927.0,1002.0,1002.0,935.4,973.76,5720.0,929.0,929.0,929.0,927.0,6700.0,0.0,0.21574973031284195,-0.21528525296017342,-7.485029940119759,-7.485029940119759,8.090614886731395,0.0,1.1713286713286712,False,False,False
9308,乾汽船,2026-09-15,2149.0,2180.0,2180.0,2104.8,2102.8,94740.0,2166.0,2193.0,2158.0,2188.0,42900.0,1.8147975802699001,0.7910656119125115,1.0156971375807844,0.3669724770642091,0.3669724770642091,-0.3656307129798919,0.0,0.45281823939202026,True,True,True
9310,日本トランスシティ,2026-09-15,1388.0,1473.0,1479.0,1373.4,1402.68,93180.0,1396.0,1400.0,1395.0,1388.0,80100.0,0.0,0.5763688760807018,-0.5730659025787954,-5.770536320434482,-6.152805949966189,6.556195965417877,0.40733197556008793,0.8596265292981327,False,False,False
9311,アサガミ,2026-09-15,7750.0,8530.0,8530.0,7928.0,7802.4,320.0,7900.0,7900.0,7750.0,7750.0,200.0,0.0,1.9354838709677358,-1.898734177215189,-9.144196951934347,-9.144196951934347,10.064516129032253,0.0,0.625,False,False,False
9312,ケイヒン,2026-09-15,2834.0,2930.0,2930.0,2834.0,2850.88,4640.0,2851.0,2853.0,2851.0,2834.0,5700.0,0.0,0.5998588567395879,-0.5962820063135754,-3.2764505119453946,-3.2764505119453946,3.387438249823571,0.0,1.228448275862069,False,False,False
9313,丸八倉庫,2026-09-15,1055.0,1100.0,1100.0,1056.2,1049.16,2220.0,1055.0,1055.0,1055.0,1055.0,200.0,0.0,0.0,0.0,-4.09090909090909,-4.09090909090909,4.2654028436019065,0.0,0.09009009009009009,False,False,False
9319,中央倉庫,2026-09-15,1810.0,1864.0,1895.0,1771.2,1808.16,19180.0,1810.0,1820.0,1810.0,1810.0,28200.0,0.0,0.0,0.0,-2.896995708154504,-4.485488126649074,4.6961325966850875,1.6630901287553623,1.470281543274244,False,False,False
9322,川西倉庫,2026-09-15,2459.0,2550.0,2550.0,2444.6,2472.12,6420.0,2459.0,2459.0,2459.0,2459.0,7300.0,0.0,0.0,0.0,-3.5686274509803884,-3.5686274509803884,3.7006913379422635,0.0,1.1370716510903427,False,False,False
9324,安田倉庫,2026-09-15,2683.0,2757.0,2757.0,2652.6,2572.12,120000.0,2688.0,2689.0,2688.0,2683.0,80300.0,0.0,0.186358553857624,-0.18601190476190688,-2.684076895175913,-2.684076895175913,2.758106597092813,0.0,0.6691666666666667,False,False,False
9325,ファイズホールディングス,2026-09-15,1050.0,1122.0,1122.0,1049.2,1074.96,8380.0,1050.0,1050.0,1050.0,1050.0,5700.0,0.0,0.0,0.0,-6.417112299465244,-6.417112299465244,6.8571428571428505,0.0,0.6801909307875895,False,False,False
9326,関通ホールディングス,2026-09-15,477.0,502.0,502.0,473.4,491.0,10820.0,479.0,479.0,475.0,477.0,3900.0,0.0,0.41928721174004924,-0.41753653444676075,-4.980079681274896,-4.980079681274896,5.2410901467505155,0.0,0.36044362292051757,False,False,False
9327,イー・ロジット,2026-09-15,188.0,197.0,205.0,187.8,190.64,29000.0,188.0,188.0,188.0,188.0,7100.0,0.0,0.0,0.0,-4.5685279187817285,-8.292682926829265,9.042553191489366,4.060913705583746,0.24482758620689654,False,False,False
9330,揚羽,2026-09-15,890.0,890.0,890.0,888.6,877.72,980.0,890.0,890.0,890.0,890.0,1900.0,0.0,0.0,0.0,0.0,0.0,0.0,0.0,1.9387755102040816,False,False,False
9331,キャスター,2026-09-15,707.0,750.0,761.0,712.6,728.44,220.0,707.0,707.0,707.0,707.0,100.0,0.0,0.0,0.0,-5.733333333333334,-7.0959264126149835,7.637906647807635,1.4666666666666606,0.45454545454545453,False,False,False
9332,ＮＩＳＳＯホールディングス,2026-09-15,671.0,693.0,693.0,663.2,666.52,70420.0,670.0,673.0,670.0,673.0,5300.0,0.29806259314455463,-0.14903129657227732,0.4477611940298498,-2.886002886002881,-2.886002886002881,2.971768202080227,0.0,0.07526270945754047,True,False,False
9336,大栄環境,2026-09-15,3820.0,3980.0,3980.0,3768.0,3786.8,96000.0,3820.0,3850.0,3820.0,3820.0,99600.0,0.0,0.0,0.0,-4.020100502512558,-4.020100502512558,4.188481675392675,0.0,1.0375,False,False,False
9337,トリドリ,2026-09-15,1439.0,1565.0,1798.0,1435.0,1437.16,7480.0,1440.0,1440.0,1440.0,1439.0,11100.0,0.0,0.06949270326614965,-0.0694444444444442,-8.051118210862619,-19.966629588431594,24.947880472550388,14.888178913738015,1.4839572192513368,False,False,False
9339,コーチ・エィ,2026-09-15,1433.0,1445.0,1445.0,1435.2,1428.48,1060.0,1433.0,1433.0,1433.0,1433.0,800.0,0.0,0.0,0.0,-0.830449826989621,-0.830449826989621,0.8374040474528943,0.0,0.7547169811320755,False,False,False
9340,アソインターナショナル,2026-09-15,799.0,847.0,847.0,793.0,746.56,9820.0,805.0,805.0,805.0,799.0,11800.0,0.0,0.7509386733416834,-0.7453416149068359,-5.667060212514762,-5.667060212514762,6.007509386733423,0.0,1.2016293279022403,False,False,False
9341,ＧＥＮＯＶＡ,2026-09-15,615.0,675.0,675.0,608.2,625.04,78980.0,614.0,620.0,614.0,615.0,50200.0,0.0,-0.1626016260162566,0.16286644951140072,-8.888888888888891,-8.888888888888891,9.756097560975618,0.0,0.6356039503671815,True,False,False
9342,スマサポ,2026-09-15,987.0,995.0,995.0,982.0,961.4,960.0,987.0,987.0,978.0,987.0,600.0,0.0,0.0,0.0,-0.8040201005025116,-0.8040201005025116,0.8105369807497542,0.0,0.625,False,False,False
9343,アイビス,2026-09-15,792.0,851.0,851.0,784.2,786.04,39820.0,792.0,792.0,790.0,792.0,13200.0,0.0,0.0,0.0,-6.933019976498233,-6.933019976498233,7.449494949494939,0.0,0.3314917127071823,False,False,False
9344,アクシスコンサルティング,2026-09-15,1305.0,1360.0,1418.0,1305.6,1257.24,15960.0,1298.0,1298.0,1298.0,1305.0,5800.0,0.0,-0.5363984674329525,0.5392912172573094,-4.044117647058821,-7.968970380818052,8.659003831417621,4.264705882352948,0.3634085213032581,True,False,False
9345,ビズメイツ,2026-09-15,593.0,609.0,635.0,592.8,599.92,800.0,593.0,593.0,593.0,593.0,800.0,0.0,0.0,0.0,-2.6272577996715896,-6.614173228346454,7.082630691399672,4.269293924466333,1.0,False,False,False
9346,ココルポート,2026-09-15,1830.0,1940.0,1940.0,1845.8,1834.8,3840.0,1828.0,1828.0,1826.0,1830.0,2600.0,0.0,-0.10928961748634114,0.1094091903719896,-5.670103092783507,-5.670103092783507,6.0109289617486406,0.0,0.6770833333333334,True,False,False
9347,日本管財ホールディングス,2026-09-15,2958.0,2984.0,2984.0,2930.0,2889.04,120140.0,2965.0,2977.0,2964.0,2968.0,63500.0,0.33806626098715764,0.23664638269100813,0.10118043844855595,-0.536193029490617,-0.536193029490617,0.5390835579514919,0.0,0.5285500249708673,True,False,False
9348,ｉｓｐａｃｅ,2026-09-15,406.0,437.0,446.0,410.0,422.08,432800.0,406.0,408.0,406.0,407.0,30700.0,0.24630541871921707,0.0,0.24630541871921707,-6.864988558352403,-8.744394618834084,9.58230958230959,2.0594965675057253,0.07093345656192236,True,False,False
9351,東洋埠頭,2026-09-15,1925.0,1959.0,1959.0,1930.8,1905.36,1980.0,1925.0,1925.0,1925.0,1925.0,1300.0,0.0,0.0,0.0,-1.7355793772332873,-1.7355793772332873,1.7662337662337713,0.0,0.6565656565656566,False,False,False
9355,リンコーコーポレーション,2026-09-15,2226.0,2268.0,2300.0,2211.2,2221.84,220.0,2213.0,2228.0,2213.0,2226.0,400.0,0.0,-0.5840071877807773,0.5874378671486769,-1.851851851851849,-3.2173913043478275,3.3243486073674777,1.4109347442680775,1.8181818181818181,True,False,False
9360,鈴与シンワート,2026-09-15,2775.0,2811.0,2995.0,2766.0,2760.16,500.0,2775.0,2775.0,2775.0,2775.0,200.0,0.0,0.0,0.0,-1.2806830309498363,-7.345575959933226,7.927927927927936,6.54571326929918,0.4,False,False,False
9361,伏木海陸運送,2026-09-15,2025.0,2071.0,2094.0,2037.0,2043.4,20.0,2025.0,2025.0,2025.0,2025.0,100.0,0.0,0.0,0.0,-2.2211492032834346,-3.2951289398280847,3.4074074074074145,1.1105746016417228,5.0,False,False,False
9363,大運,2026-09-15,537.0,548.0,555.0,535.6,536.84,7300.0,527.0,539.0,527.0,537.0,7800.0,0.0,-1.862197392923648,1.8975332068311257,-2.007299270072993,-3.2432432432432434,3.3519553072625774,1.2773722627737127,1.0684931506849316,True,False,False
9364,上組,2026-09-15,4880.0,4927.0,5192.0,4843.6,4881.28,292560.0,4871.0,4897.0,4870.0,4887.0,15600.0,0.143442622950829,-0.18442622950819443,0.3284746458632748,-0.8118530545971225,-5.8744221879815095,6.2410476775117685,5.378526486705915,0.05332239540607055,True,False,False
9365,トレーディア,2026-09-15,1630.0,1666.0,1683.0,1644.2,1633.6,660.0,1601.0,1630.0,1601.0,1630.0,700.0,0.0,-1.7791411042944794,1.8113678950655743,-2.1608643457383003,-3.1491384432560943,3.2515337423312918,1.0204081632652962,1.0606060606060606,True,False,False
9366,サンリツ,2026-09-15,1145.0,1150.0,1150.0,1123.4,1111.88,4660.0,1143.0,1143.0,1143.0,1145.0,5000.0,0.0,-0.17467248908297206,0.17497812773403787,-0.43478260869564966,-0.43478260869564966,0.4366812227074135,0.0,1.0729613733905579,True,False,False
9367,大東港運,2026-09-15,2048.0,2096.0,2096.0,2050.0,2036.28,880.0,2026.0,2026.0,2026.0,2048.0,1000.0,0.0,-1.07421875,1.0858835143139123,-2.2900763358778664,-2.2900763358778664,2.34375,0.0,1.1363636363636365,True,False,False
9368,キムラユニティー,2026-09-15,962.0,970.0,970.0,955.6,941.72,13200.0,965.0,965.0,964.0,962.0,13600.0,0.0,0.31185031185030354,-0.31088082901554737,-0.8247422680412342,-0.8247422680412342,0.8316008316008316,0.0,1.0303030303030303,False,False,False
9369,キユーソー流通システム,2026-09-15,2956.0,3245.0,3245.0,2945.4,3057.32,31380.0,2939.0,2957.0,2939.0,2956.0,30400.0,0.0,-0.5751014884979755,0.5784280367471917,-8.906009244992298,-8.906009244992298,9.776725304465494,0.0,0.9687699171446782,True,False,False
9376,ユーラシア旅行社,2026-09-15,845.0,845.0,845.0,839.8,826.44,3100.0,846.0,846.0,846.0,845.0,3100.0,0.0,0.11834319526626835,-0.11820330969266601,0.0,0.0,0.0,0.0,1.0,False,False,False
9380,東海運,2026-09-15,437.0,440.0,440.0,436.8,436.48,8020.0,436.0,437.0,436.0,437.0,900.0,0.0,-0.22883295194507935,0.2293577981651307,-0.6818181818181834,-0.6818181818181834,0.6864988558352492,0.0,0.11221945137157108,True,False,False
9381,エーアイテイー,2026-09-15,2343.0,2397.0,2397.0,2316.8,2338.04,14840.0,2343.0,2348.0,2343.0,2346.0,900.0,0.1280409731113874,0.0,0.1280409731113874,-2.127659574468088,-2.127659574468088,2.1739130434782705,0.0,0.06064690026954178,True,False,False
9385,ショーエイコーポレーション,2026-09-15,753.0,766.0,777.0,750.6,753.0,7560.0,753.0,753.0,753.0,753.0,2700.0,0.0,0.0,0.0,-1.6971279373368175,-3.0888030888030937,3.1872509960159334,1.436031331592691,0.35714285714285715,False,False,False
9401,ＴＢＳホールディングス,2026-09-15,5841.0,6102.0,6102.0,5752.4,5869.12,273500.0,5880.0,5900.0,5839.0,5900.0,19700.0,1.0101010101010166,0.667693888032872,0.340136054421758,-3.3103900360537564,-3.3103900360537564,3.4237288135593236,0.0,0.0720292504570384,True,False,False
9404,日本テレビホールディングス,2026-09-15,3006.0,3108.0,3108.0,2969.9,2981.44,440500.0,3006.0,3034.0,2991.5,3031.0,51000.0,0.8316699933466509,0.0,0.8316699933466509,-2.4774774774774744,-2.4774774774774744,2.5404157043879882,0.0,0.11577752553916004,True,False,False
9405,朝日放送グループホールディングス,2026-09-15,882.0,891.0,891.0,862.6,850.36,95860.0,882.0,882.0,879.0,882.0,93100.0,0.0,0.0,0.0,-1.0101010101010055,-1.0101010101010055,1.0204081632652962,0.0,0.9712080116837054,False,False,False
9409,テレビ朝日ホールディングス,2026-09-15,3155.0,3210.0,3210.0,3130.0,3109.0,227620.0,3180.0,3185.0,3160.0,3185.0,8300.0,0.9508716323296307,0.7923930269413626,0.15723270440251014,-0.7788161993769416,-0.7788161993769416,0.7849293563579218,0.0,0.03646428257622353,True,False,False
9412,スカパーＪＳＡＴ,2026-09-15,1955.0,2290.0,2500.0,1960.4,2138.04,1612840.0,1954.0,1961.0,1948.0,1953.0,86200.0,-0.1023017902813339,-0.0511508951406614,-0.051177072671437784,-14.716157205240176,-21.88,28.00819252432156,9.170305676855905,0.05344609508692741,False,False,False
9413,テレビ東京ホールディングス,2026-09-15,3410.0,3525.0,3525.0,3354.0,3412.2,58540.0,3435.0,3450.0,3420.0,3445.0,6300.0,1.026392961876832,0.7331378299120228,0.29112081513829047,-2.269503546099294,-2.269503546099294,2.3222060957909907,0.0,0.1076187222412026,True,False,False
9414,日本ＢＳ放送,2026-09-15,1050.0,1060.0,1060.0,936.6,920.36,257480.0,977.0,985.0,969.0,969.0,72000.0,-7.714285714285718,-6.952380952380954,-0.8188331627430934,-8.584905660377363,-8.584905660377363,9.391124871001022,0.0,0.27963336958210344,False,False,False
9416,ビジョン,2026-09-15,1069.0,1075.0,1075.0,1048.4,1049.0,282900.0,1074.0,1075.0,1067.0,1072.0,18300.0,0.280636108512633,0.467726847521055,-0.18621973929237035,-0.27906976744186407,-0.27906976744186407,0.2798507462686617,0.0,0.06468716861081654,False,False,False
9417,スマートバリュー,2026-09-15,334.0,347.0,367.0,334.0,337.92,2360.0,330.0,330.0,330.0,334.0,2800.0,0.0,-1.19760479041916,1.21212121212122,-3.746397694524495,-8.991825613079019,9.880239520958089,5.7636887608069065,1.1864406779661016,True,False,False
9418,Ｕ－ＮＥＸＴ　ＨＯＬＤＩＮＧＳ,2026-09-15,1784.0,1809.0,1809.0,1751.2,1742.96,501480.0,1775.0,1784.0,1766.0,1784.0,37400.0,0.0,-0.5044843049327397,0.5070422535211172,-1.3819789939192972,-1.3819789939192972,1.4013452914798163,0.0,0.0745792454335168,True,False,False
9419,ワイヤレスゲート,2026-09-15,297.0,305.0,305.0,295.2,293.88,14240.0,300.0,300.0,300.0,297.0,20700.0,0.0,1.0101010101010166,-1.0000000000000009,-2.622950819672132,-2.622950819672132,2.6936026936027035,0.0,1.4536516853932584,False,False,False
9421,エヌジェイホールディングス,2026-09-15,516.0,518.0,518.0,516.2,510.24,1360.0,518.0,518.0,518.0,516.0,900.0,0.0,0.3875968992248069,-0.38610038610038533,-0.38610038610038533,-0.38610038610038533,0.3875968992248069,0.0,0.6617647058823529,False,False,False
9423,フォーバル・リアルストレート,2026-09-15,105.0,107.0,107.0,104.6,104.56,103400.0,105.0,105.0,105.0,105.0,157000.0,0.0,0.0,0.0,-1.869158878504673,-1.869158878504673,1.904761904761898,0.0,1.5183752417794971,False,False,False
9424,日本通信,2026-09-15,121.0,123.0,123.0,119.0,116.96,1537400.0,121.0,121.0,120.0,121.0,1677500.0,0.0,0.0,0.0,-1.6260162601625994,-1.6260162601625994,1.6528925619834656,0.0,1.0911278782359828,False,False,False
9425,ＲｅＹｕｕ　Ｊａｐａｎ,2026-09-15,247.0,309.0,309.0,251.8,239.88,1726280.0,246.0,247.0,243.0,247.0,30600.0,0.0,-0.4048582995951455,0.40650406504065817,-20.064724919093845,-20.064724919093845,25.101214574898776,0.0,0.01772597724586973,True,False,False
9428,クロップス,2026-09-15,1498.0,1514.0,1589.0,1499.4,1490.48,1700.0,1499.0,1499.0,1499.0,1498.0,1300.0,0.0,0.06675567423231055,-0.06671114076051143,-1.0568031704095149,-5.726872246696035,6.074766355140193,4.953764861294574,0.7647058823529411,False,False,False
9432,ＮＴＴ,2026-09-15,178.10000610351562,179.3000030517578,179.3000030517578,175.9,168.87599975585937,196989080.0,177.8000030517578,178.6999969482422,176.89999389648438,178.60000610351562,17911300.0,0.28074114703251496,-0.1684464017274956,0.4499454657067359,-0.3904054301884896,-0.3904054301884896,0.39193556792851414,0.0,0.09092534469423381,True,False,False
9433,ＫＤＤＩ,2026-09-15,3044.0,3095.0,3095.0,3025.9,2933.1,8335520.0,3098.0,3099.0,3057.0,3077.0,1020700.0,1.0840998685939462,1.7739816031537403,-0.677856681730149,-0.5815831987075915,-0.5815831987075915,0.5849853753656209,0.0,0.12245186862967157,False,False,False
9434,ソフトバンク,2026-09-15,250.6000061035156,252.8999938964844,252.8999938964844,246.13999938964844,238.45600036621093,90187260.0,252.39999389648438,252.60000610351562,250.6999969482422,252.0,6170500.0,0.5586567687097865,0.7182712486548226,-0.1584761910289223,-0.3558694812989094,-0.3558694812989094,0.3571404351128571,0.0,0.06841875448927044,False,False,False
94345,ソフトバンク第１回社債型種類株式,2026-09-15,3806.0,3810.0,3810.0,3803.0,3801.12,5740.0,3801.0,3808.0,3799.0,3806.0,12900.0,0.0,-0.13137151865475483,0.1315443304393593,-0.10498687664042272,-0.10498687664042272,0.10509721492379942,0.0,2.2473867595818815,True,False,False
94346,ソフトバンク第２回社債型種類株式,2026-09-15,7581.0,7600.0,7600.0,7580.4,7581.08,5180.0,7577.0,7577.0,7577.0,7581.0,3000.0,0.0,-0.052763487666529496,0.05279134221987114,-0.24999999999999467,-0.24999999999999467,0.25062656641603454,0.0,0.5791505791505791,True,False,False
9435,光通信,2026-09-15,38040.0,40900.0,40980.0,38048.0,39168.0,59480.0,38040.0,38300.0,38040.0,38210.0,2800.0,0.44689800210304664,0.0,0.44689800210304664,-6.57701711491443,-6.759394826744758,7.249411148913887,0.19559902200489976,0.04707464694014795,True,False,False
9436,沖縄セルラー電話,2026-09-15,4380.0,4400.0,4400.0,4299.0,4119.2,154860.0,4385.0,4395.0,4360.0,4375.0,15400.0,-0.11415525114155667,0.11415525114155667,-0.22805017103763037,-0.5681818181818232,-0.5681818181818232,0.5714285714285783,0.0,0.0994446596926256,False,False,False
9438,エムティーアイ,2026-09-15,599.0,635.0,635.0,587.2,596.16,24680.0,600.0,605.0,599.0,605.0,5400.0,1.001669449081799,0.16694490818029983,0.8333333333333304,-4.7244094488189,-4.7244094488189,4.958677685950419,0.0,0.2188006482982172,True,False,False
9439,エム・エイチ・グループ,2026-09-15,220.0,239.0,239.0,221.0,227.84,6840.0,218.0,218.0,218.0,220.0,7400.0,0.0,-0.9090909090909038,0.917431192660545,-7.949790794979084,-7.949790794979084,8.636363636363642,0.0,1.0818713450292399,True,False,False
9441,ベルパーク,2026-09-15,2964.0,3140.0,3140.0,2933.6,2982.76,2100.0,2966.0,2966.0,2966.0,2964.0,2000.0,0.0,0.06747638326585204,-0.06743088334457692,-5.605095541401273,-5.605095541401273,5.937921727395401,0.0,0.9523809523809523,False,False,False
9444,トーシンホールディングス,2026-09-15,262.0,327.0,378.0,261.6,280.4,9580.0,258.0,260.0,257.0,259.0,1500.0,-1.1450381679389277,-1.526717557251911,0.3875968992248069,-20.795107033639148,-31.481481481481477,45.945945945945944,15.596330275229352,0.15657620041753653,True,False,False
9445,フォーバルテレコム,2026-09-15,546.0,550.0,550.0,537.0,536.64,1300.0,546.0,546.0,546.0,546.0,4200.0,0.0,0.0,0.0,-0.727272727272732,-0.727272727272732,0.73260073260073,0.0,3.230769230769231,False,False,False
9446,サカイホールディングス,2026-09-15,687.0,708.0,709.0,687.8,690.8,3420.0,689.0,689.0,689.0,689.0,100.0,0.29112081513829047,0.29112081513829047,0.0,-2.68361581920904,-2.8208744710860323,2.9027576197387495,0.14124293785311437,0.029239766081871343,False,False,False
9449,ＧＭＯインターネットグループ,2026-09-15,3976.0,4277.0,4390.0,3869.2,4029.16,248480.0,3976.0,3998.0,3965.0,3990.0,10700.0,0.35211267605634866,0.0,0.35211267605634866,-6.710310965630118,-9.111617312072894,10.025062656641603,2.642038812251579,0.04306181584030908,True,False,False
9450,ファイバーゲート,2026-09-15,779.0,804.0,829.0,771.8,774.92,38660.0,779.0,780.0,779.0,780.0,700.0,0.12836970474967568,0.0,0.12836970474967568,-2.985074626865669,-5.910735826296742,6.282051282051282,3.109452736318419,0.01810657009829281,True,False,False
9466,アイドママーケティングコミュニケーション,2026-09-15,241.0,249.0,249.0,240.8,238.64,3940.0,241.0,241.0,241.0,241.0,4900.0,0.0,0.0,0.0,-3.2128514056224855,-3.2128514056224855,3.319502074688807,0.0,1.2436548223350254,False,False,False
9467,アルファポリス,2026-09-15,1111.0,1283.0,1283.0,1105.4,1146.0,86980.0,1112.0,1112.0,1106.0,1111.0,70300.0,0.0,0.09000900090008201,-0.08992805755395628,-13.406079501169133,-13.406079501169133,15.481548154815483,0.0,0.8082317774200966,False,False,False
9468,ＫＡＤＯＫＡＷＡ,2026-09-15,3697.0,3797.0,3797.0,3627.2,3627.4,265100.0,3698.0,3723.0,3686.0,3713.0,27400.0,0.43278333784149137,0.027048958615094598,0.40562466197944236,-2.2122728469844644,-2.2122728469844644,2.262321572852133,0.0,0.1033572236891739,True,False,False
9470,学研ホールディングス,2026-09-15,1059.0,1064.0,1064.0,1047.6,1037.0,240980.0,1064.0,1072.0,1062.0,1071.0,83500.0,1.1331444759206777,0.47214353163360645,0.6578947368421018,0.6578947368421018,0.6578947368421018,-0.6535947712418277,0.0,0.3465017843804465,True,True,True
9474,ゼンリン,2026-09-15,924.0,939.0,939.0,911.2,906.16,105220.0,922.0,928.0,921.0,927.0,14800.0,0.32467532467532756,-0.21645021645021467,0.5422993492407713,-1.2779552715655007,-1.2779552715655007,1.2944983818770295,0.0,0.14065766964455426,True,False,False
9475,昭文社ホールディングス,2026-09-15,538.0,545.0,545.0,539.0,530.2,1840.0,539.0,539.0,539.0,538.0,1200.0,0.0,0.18587360594795044,-0.18552875695733162,-1.2844036697247652,-1.2844036697247652,1.3011152416356975,0.0,0.6521739130434783,False,False,False
9476,中央経済社ホールディングス,2026-09-15,1010.0,1020.0,1020.0,991.4,986.08,2940.0,999.0,999.0,999.0,1010.0,11200.0,0.0,-1.08910891089109,1.1011011011011096,-0.9803921568627416,-0.9803921568627416,0.990099009900991,0.0,3.8095238095238093,True,False,False
9478,ＳＥホールディングス・アンド・インキュベーションズ,2026-09-15,518.0,555.0,555.0,515.6,521.12,9320.0,517.0,518.0,517.0,518.0,4800.0,0.0,-0.19305019305019266,0.19342359767891004,-6.666666666666665,-6.666666666666665,7.14285714285714,0.0,0.5150214592274678,True,False,False
9501,東京電力ホールディングス,2026-09-15,529.7999877929688,584.0999755859375,584.0999755859375,546.039990234375,539.0919946289063,35317180.0,534.0,544.7000122070312,533.7999877929688,543.9000244140625,3859300.0,2.6613886270234532,0.7927543042285823,1.8539371561914875,-6.882375081688474,-6.882375081688474,7.391055224750542,0.0,0.10927542912542848,True,False,False
9502,中部電力,2026-09-15,2889.0,3112.0,3112.0,2976.8,2905.14,3600060.0,2911.0,2937.0,2902.0,2935.0,181500.0,1.5922464520595314,0.7615091727241285,0.8244589488148435,-5.687660668380468,-5.687660668380468,6.03066439522999,0.0,0.050415826402893285,True,False,False
9503,関西電力,2026-09-15,2943.5,3053.0,3053.0,2972.5,2716.02,4176360.0,2944.0,2972.5,2944.0,2968.0,329200.0,0.832342449464929,0.01698658060131919,0.8152173913043459,-2.784146740910576,-2.784146740910576,2.863881401617241,0.0,0.07882462239845224,True,False,False
9504,中国電力,2026-09-15,1084.5,1106.0,1106.0,1084.5,1009.6,1919700.0,1092.0,1100.0,1091.0,1099.5,208700.0,1.3831258644536604,0.6915629322268302,0.6868131868131844,-0.5877034358046984,-0.5877034358046984,0.5911778080945895,0.0,0.10871490337031828,True,False,False
9505,北陸電力,2026-09-15,1115.0,1123.5,1123.5,1091.0,1021.3599975585936,985000.0,1120.0,1135.0,1120.0,1132.0,132200.0,1.5246636771300448,0.4484304932735439,1.0714285714285676,0.7565643079661788,0.7565643079661788,-0.7508833922261537,0.0,0.13421319796954315,True,True,True
9506,東北電力,2026-09-15,1409.5,1445.0,1445.0,1413.5,1336.88,4684500.0,1416.0,1429.0,1414.5,1428.0,280500.0,1.3125221709826107,0.4611564384533473,0.8474576271186418,-1.17647058823529,-1.17647058823529,1.1904761904761862,0.0,0.059878322126160746,True,False,False
9507,四国電力,2026-09-15,2186.5,2231.5,2231.5,2182.1,1984.02,1331280.0,2198.5,2220.5,2198.5,2218.0,100600.0,1.4406585867825283,0.5488223187742891,0.8869683875369461,-0.6049742325789809,-0.6049742325789809,0.6086564472497669,0.0,0.07556637221320835,True,False,False
9508,九州電力,2026-09-15,2140.5,2233.5,2233.5,2176.2,2031.78,2142720.0,2118.0,2158.5,2115.0,2152.0,214200.0,0.5372576500817461,-1.0511562718990897,1.6052880075543063,-3.6489814192970704,-3.6489814192970704,3.78717472118959,0.0,0.09996639784946236,True,False,False
9509,北海道電力,2026-09-15,1130.0,1173.5,1173.5,1128.9,1097.36,1794880.0,1134.5,1148.5,1134.5,1147.5,191600.0,1.5486725663716783,0.39823008849557695,1.1458792419568153,-2.2155943757988905,-2.2155943757988905,2.265795206971677,0.0,0.10674808343733286,True,False,False
9511,沖縄電力,2026-09-15,1191.0,1216.0,1216.0,1188.4,1167.92,259520.0,1194.0,1215.0,1194.0,1215.0,60400.0,2.015113350125941,0.25188916876575096,1.7587939698492372,-0.0822368421052655,-0.0822368421052655,0.08230452674897748,0.0,0.23273736128236744,True,False,False
9513,電源開発,2026-09-15,4179.0,4249.0,4249.0,4166.8,4052.28,567180.0,4200.0,4240.0,4200.0,4240.0,16300.0,1.4596793491265858,0.5025125628140614,0.952380952380949,-0.21181454459873184,-0.21181454459873184,0.21226415094339757,0.0,0.028738672026517156,True,False,False
9514,エフオン,2026-09-15,337.0,356.0,356.0,333.8,343.16,101600.0,337.0,342.0,337.0,342.0,16200.0,1.4836795252225476,0.0,1.4836795252225476,-3.93258426966292,-3.93258426966292,4.093567251461994,0.0,0.1594488188976378,True,False,False
9517,イーレックス,2026-09-15,840.0,908.0,908.0,838.4,859.56,190480.0,848.0,856.0,848.0,851.0,31200.0,1.3095238095238049,0.952380952380949,0.35377358490567,-6.277533039647576,-6.277533039647576,6.698002350176258,0.0,0.16379672406551868,True,False,False
9519,レノバ,2026-09-15,865.0,984.0,984.0,886.4,914.44,776200.0,872.0,885.0,872.0,884.0,80800.0,2.196531791907508,0.8092485549132888,1.3761467889908285,-10.162601626016265,-10.162601626016265,11.31221719457014,0.0,0.1040968822468436,True,False,False
9531,東京瓦斯,2026-09-15,6335.0,6454.0,6454.0,6303.2,6153.04,1011040.0,6358.0,6460.0,6358.0,6450.0,60600.0,1.8153117600631319,0.36306235201262194,1.4469959106637287,-0.06197706848466433,-0.06197706848466433,0.062015503875967326,0.0,0.05993828137363507,True,False,False
9532,大阪瓦斯,2026-09-15,6078.0,6189.0,6189.0,6021.8,5709.04,1084180.0,6164.0,6200.0,6141.0,6191.0,62300.0,1.8591641987495855,1.4149391247120668,0.43802725502919415,0.03231539828727481,0.03231539828727481,-0.03230495881118012,0.0,0.05746278293272335,True,True,True
9533,東邦瓦斯,2026-09-15,1308.5,1338.5,1338.5,1303.5,1237.1,754840.0,1311.5,1326.5,1310.0,1323.0,91800.0,1.1081390905617106,0.22927015666793782,0.8768585589020272,-1.158012700784461,-1.158012700784461,1.171579743008322,0.0,0.12161517672619362,True,False,False
9534,北海道瓦斯,2026-09-15,927.0,952.0,952.0,929.8,860.24,328440.0,939.0,946.0,934.0,946.0,18400.0,2.049622437971954,1.2944983818770295,0.7454739084131967,-0.6302521008403339,-0.6302521008403339,0.634249471458781,0.0,0.056022408963585436,True,False,False
9535,広島ガス,2026-09-15,443.0,450.0,450.0,442.4,428.36,86120.0,444.0,447.0,444.0,447.0,5200.0,0.9029345372460584,0.22573363431150906,0.6756756756756799,-0.666666666666671,-0.666666666666671,0.6711409395973256,0.0,0.06038086391082211,True,False,False
9536,西部ガスホールディングス,2026-09-15,2588.0,2595.0,2595.0,2561.6,2492.56,103700.0,2616.0,2647.0,2608.0,2647.0,105800.0,2.279752704791349,1.0819165378670892,1.1850152905198863,2.0038535645471978,2.0038535645471978,-1.9644880997355507,0.0,1.0202507232401157,True,True,True
9537,北陸瓦斯,2026-09-15,4310.0,4500.0,4600.0,4317.0,4360.4,360.0,4310.0,4310.0,4310.0,4310.0,300.0,0.0,0.0,0.0,-4.222222222222227,-6.304347826086953,6.728538283062635,2.2222222222222143,0.8333333333333334,False,False,False
9539,京葉瓦斯,2026-09-15,1344.0,1391.0,1435.0,1343.8,1362.2,1640.0,1340.0,1344.0,1336.0,1344.0,900.0,0.0,-0.29761904761904656,0.29850746268655914,-3.378864126527681,-6.341463414634141,6.770833333333326,3.163191948238686,0.5487804878048781,True,False,False
9543,静岡ガス,2026-09-15,1373.0,1387.0,1387.0,1364.4,1306.48,137240.0,1380.0,1404.0,1380.0,1400.0,22500.0,1.966496722505462,0.5098324836125379,1.449275362318847,0.9372746935832676,0.9372746935832676,-0.928571428571423,0.0,0.16394637132031478,True,True,True
9551,メタウォーター,2026-09-15,3060.0,3210.0,3370.0,3062.0,3122.0,85220.0,3060.0,3090.0,3060.0,3085.0,5300.0,0.8169934640522847,0.0,0.8169934640522847,-3.89408099688473,-8.456973293768543,9.238249594813608,4.984423676012462,0.06219197371509035,True,False,False
9552,クオンツ総研ホールディングス,2026-09-15,1057.0,1223.0,1223.0,1041.2,1081.24,315760.0,1050.0,1064.0,1046.0,1060.0,9500.0,0.2838221381267658,-0.6622516556291425,0.952380952380949,-13.327882256745704,-13.327882256745704,15.377358490566028,0.0,0.030086141373194833,True,False,False
9553,マイクロアド,2026-09-15,630.0,633.0,657.0,614.8,599.92,82640.0,628.0,630.0,628.0,630.0,128700.0,0.0,-0.31746031746031633,0.31847133757962887,-0.4739336492891044,-4.109589041095896,4.285714285714293,3.791469194312791,1.5573572120038721,True,False,False
9554,ＡＶｉＣ,2026-09-15,1718.0,1900.0,1900.0,1698.0,1731.96,28600.0,1718.0,1720.0,1718.0,1718.0,1200.0,0.0,0.0,0.0,-9.578947368421053,-9.578947368421053,10.59371362048893,0.0,0.04195804195804196,False,False,False
9556,ＩＮＴＬＯＯＰ,2026-09-15,2248.0,2589.0,2589.0,2302.6,2252.92,214760.0,2202.0,2231.0,2170.0,2231.0,8700.0,-0.7562277580071219,-2.0462633451957313,1.3169845594913632,-13.827732715334108,-13.827732715334108,16.04661586732408,0.0,0.04051033712050661,True,False,False
9557,エアークローゼット,2026-09-15,257.0,284.0,284.0,256.2,231.48,26160.0,255.0,257.0,255.0,256.0,1500.0,-0.3891050583657574,-0.7782101167315147,0.39215686274509665,-9.859154929577462,-9.859154929577462,10.9375,0.0,0.05733944954128441,True,False,False
9558,ジャパニアス,2026-09-15,1987.0,2018.0,2018.0,1974.0,1982.92,1840.0,1988.0,1988.0,1988.0,1987.0,1100.0,0.0,0.050327126321092486,-0.05030181086519425,-1.536174430128845,-1.536174430128845,1.5601409159536894,0.0,0.5978260869565217,False,False,False
9560,プログリット,2026-09-15,896.0,940.0,940.0,883.4,884.52,20500.0,897.0,897.0,897.0,896.0,12900.0,0.0,0.11160714285713969,-0.11148272017836858,-4.680851063829783,-4.680851063829783,4.910714285714279,0.0,0.6292682926829268,False,False,False
9561,グラッドキューブ,2026-09-15,425.0,442.0,442.0,422.4,419.96,6920.0,430.0,430.0,427.0,425.0,11100.0,0.0,1.17647058823529,-1.1627906976744207,-3.8461538461538436,-3.8461538461538436,4.0000000000000036,0.0,1.6040462427745665,False,False,False
9562,ビジネスコーチ,2026-09-15,649.0,730.0,730.0,688.6,624.6,7440.0,653.0,653.0,653.0,649.0,11300.0,0.0,0.6163328197226425,-0.6125574272588086,-11.095890410958908,-11.095890410958908,12.480739599383671,0.0,1.5188172043010753,False,False,False
9563,Ａｔｌａｓ　Ｔｅｃｈｎｏｌｏｇｉｅｓ,2026-09-15,340.0,395.0,402.0,334.6,348.36,23380.0,343.0,346.0,343.0,340.0,59600.0,0.0,0.8823529411764675,-0.8746355685131157,-13.924050632911388,-15.4228855721393,18.23529411764706,1.7721518987341867,2.5491873396065015,False,False,False
9564,ＦＣＥ,2026-09-15,566.0,614.0,614.0,559.6,577.16,33880.0,566.0,566.0,560.0,566.0,25600.0,0.0,0.0,0.0,-7.817589576547235,-7.817589576547235,8.480565371024728,0.0,0.755608028335301,False,False,False
9565,ＧＬＯＥ,2026-09-15,654.0,685.0,698.0,655.0,667.44,1640.0,644.0,644.0,644.0,654.0,1100.0,0.0,-1.5290519877675823,1.552795031055898,-4.525547445255473,-6.30372492836676,6.727828746177367,1.897810218978102,0.6707317073170732,True,False,False
9601,松竹,2026-09-15,10900.0,11300.0,11400.0,10932.0,10860.8,46100.0,10940.0,10980.0,10940.0,10970.0,2200.0,0.6422018348623881,0.3669724770642091,0.2742230347349217,-2.920353982300883,-3.771929824561404,3.919781221513219,0.8849557522123908,0.04772234273318872,True,False,False
9602,東宝,2026-09-15,1618.5,1676.0,1676.0,1615.4,1563.5,2848300.0,1633.0,1636.0,1622.0,1628.0,155500.0,0.5869632375656408,0.8958912573370448,-0.30618493570115923,-2.863961813842486,-2.863961813842486,2.9484029484029506,0.0,0.0545939683319875,False,False,False
9603,エイチ・アイ・エス,2026-09-15,1163.0,1223.0,1223.0,1169.8,1161.44,528280.0,1163.0,1165.0,1143.0,1144.0,29900.0,-1.6337059329320724,0.0,-1.6337059329320724,-6.459525756336881,-6.459525756336881,6.905594405594395,0.0,0.05659877337775422,False,False,False
9605,東映,2026-09-15,6070.0,6360.0,6360.0,6000.0,5996.8,48220.0,6140.0,6140.0,6100.0,6140.0,2200.0,1.1532125205930832,1.1532125205930832,0.0,-3.459119496855345,-3.459119496855345,3.583061889250816,0.0,0.045624222314392365,False,False,False
9610,ウィルソン・ラーニング　ワールドワイド,2026-09-15,108.0,145.0,145.0,111.4,110.52,259400.0,107.0,107.0,107.0,108.0,131300.0,0.0,-0.92592592592593,0.9345794392523255,-25.51724137931034,-25.51724137931034,34.25925925925925,0.0,0.5061680801850424,True,False,False
9612,ラックランド,2026-09-15,1223.0,1274.0,1305.0,1197.6,1233.36,44300.0,1214.0,1222.0,1214.0,1219.0,2100.0,-0.3270645952575646,-0.7358953393295176,0.4118616144975329,-4.317111459968603,-6.590038314176249,7.054963084495491,2.4332810047095865,0.04740406320541761,True,False,False
9616,共立メンテナンス,2026-09-15,3147.0,3508.0,3538.0,3138.2,3289.28,890720.0,3149.0,3153.0,3128.0,3150.0,138400.0,0.09532888465204614,0.06355258976802336,0.03175611305177295,-10.205245153933863,-10.966647823629172,12.317460317460327,0.8551881413911167,0.15537991737021736,True,False,False
9619,イチネンホールディングス,2026-09-15,2690.0,2754.0,2754.0,2672.2,2686.56,35720.0,2690.0,2706.0,2690.0,2703.0,2100.0,0.4832713754646889,0.0,0.4832713754646889,-1.851851851851849,-1.851851851851849,1.8867924528301883,0.0,0.05879059350503919,True,False,False
9621,建設技術研究所,2026-09-15,3225.0,3265.0,3275.0,3223.0,3200.8,53780.0,3250.0,3255.0,3245.0,3255.0,4200.0,0.9302325581395321,0.7751937984496138,0.15384615384614886,-0.3062787136294043,-0.6106870229007688,0.6144393241167334,0.3062787136294043,0.07809594644849387,True,False,False
9622,スペース,2026-09-15,1415.0,1483.0,1483.0,1404.8,1437.64,40680.0,1407.0,1415.0,1406.0,1414.0,13500.0,-0.07067137809186885,-0.5653710247349841,0.4975124378109541,-4.652730950775452,-4.652730950775452,4.879773691654887,0.0,0.33185840707964603,True,False,False
9625,セレスポ,2026-09-15,938.0,992.0,1032.0,931.8,944.52,3220.0,939.0,939.0,939.0,938.0,4300.0,0.0,0.10660980810235365,-0.10649627263046302,-5.443548387096775,-9.108527131782951,10.021321961620465,4.0322580645161255,1.3354037267080745,False,False,False
9627,アインホールディングス,2026-09-15,5734.0,6286.0,6286.0,5869.6,6074.0,174020.0,5754.0,5754.0,5710.0,5738.0,16000.0,0.06975933031043713,0.34879665155214123,-0.27806743135210255,-8.71778555520204,-8.71778555520204,9.55036598117811,0.0,0.09194345477531318,False,False,False
9628,燦ホールディングス,2026-09-15,1324.0,1407.0,1428.0,1298.0,1353.12,65720.0,1324.0,1336.0,1324.0,1328.0,7000.0,0.30211480362538623,0.0,0.30211480362538623,-5.61478322672353,-7.002801120448177,7.530120481927716,1.4925373134328401,0.10651247717589775,True,False,False
9629,ピー・シー・エー,2026-09-15,1594.0,1699.0,1699.0,1565.4,1578.64,22320.0,1588.0,1596.0,1585.0,1596.0,1800.0,0.12547051442910462,-0.37641154328732496,0.5037783375314797,-6.0623896409652716,-6.0623896409652716,6.4536340852130225,0.0,0.08064516129032258,True,False,False
9632,スバル興業,2026-09-15,3520.0,3820.0,3820.0,3515.0,3665.2,24040.0,3510.0,3530.0,3510.0,3530.0,1400.0,0.28409090909091717,-0.28409090909090606,0.5698005698005604,-7.59162303664922,-7.59162303664922,8.21529745042493,0.0,0.05823627287853577,True,False,False
9633,東京テアトル,2026-09-15,1900.0,2005.0,2005.0,1903.8,1864.2,3920.0,1900.0,1900.0,1900.0,1900.0,4700.0,0.0,0.0,0.0,-5.2369077306733125,-5.2369077306733125,5.52631578947369,0.0,1.1989795918367347,False,False,False
9636,きんえい,2026-09-15,4195.0,4335.0,4335.0,4204.0,4186.0,1660.0,4195.0,4195.0,4195.0,4195.0,100.0,0.0,0.0,0.0,-3.2295271049596286,-3.2295271049596286,3.3373063170440975,0.0,0.060240963855421686,False,False,False
9639,三協フロンテア,2026-09-15,2347.0,2408.0,2408.0,2361.6,2354.76,5580.0,2357.0,2357.0,2357.0,2347.0,6300.0,0.0,0.4260758414997845,-0.42426813746287984,-2.5332225913621276,-2.5332225913621276,2.5990626331487077,0.0,1.1290322580645162,False,False,False
9640,セゾンテクノロジー,2026-09-15,1983.0,2047.0,2047.0,1974.2,1996.24,5420.0,1971.0,1984.0,1938.0,1983.0,5700.0,0.0,-0.6051437216338829,0.60882800608828,-3.126526624328285,-3.126526624328285,3.2274331820474123,0.0,1.051660516605166,True,False,False
9644,タナベコンサルティンググループ,2026-09-15,751.0,782.0,782.0,751.4,763.92,43060.0,755.0,755.0,751.0,751.0,50700.0,0.0,0.5326231691078487,-0.5298013245033095,-3.9641943734015306,-3.9641943734015306,4.127829560585883,0.0,1.1774268462610311,False,False,False
9651,日本プロセス,2026-09-15,1929.0,2106.0,2139.0,1953.8,2004.2,10500.0,1926.0,1943.0,1926.0,1929.0,8800.0,0.0,-0.15552099533436836,0.15576323987538387,-8.404558404558404,-9.817671809256668,10.88646967340592,1.5669515669515688,0.8380952380952381,True,False,False
9656,グリーンランドリゾート,2026-09-15,599.0,613.0,613.0,600.0,600.76,4240.0,599.0,599.0,599.0,599.0,3800.0,0.0,0.0,0.0,-2.2838499184339334,-2.2838499184339334,2.3372287145241977,0.0,0.8962264150943396,False,False,False
9658,ビジネスブレイン太田昭和,2026-09-15,1101.0,1136.0,1136.0,1071.0,1077.6,81560.0,1101.0,1111.0,1100.0,1101.0,100100.0,0.0,0.0,0.0,-3.080985915492962,-3.080985915492962,3.1789282470481295,0.0,1.2273173124080432,False,False,False
9661,歌舞伎座,2026-09-15,4185.0,4470.0,4490.0,4201.0,4361.6,6960.0,4185.0,4185.0,4185.0,4185.0,8800.0,0.0,0.0,0.0,-6.375838926174493,-6.792873051224946,7.287933094384713,0.4474272930648837,1.264367816091954,False,False,False
9663,ナガワ,2026-09-15,5020.0,5280.0,5280.0,5024.0,5110.0,21640.0,5020.0,5050.0,5020.0,5050.0,3000.0,0.5976095617529875,0.0,0.5976095617529875,-4.356060606060607,-4.356060606060607,4.5544554455445585,0.0,0.13863216266173753,True,False,False
9672,東京都競馬,2026-09-15,4900.0,5170.0,5170.0,4896.0,5018.2,51260.0,4935.0,4935.0,4920.0,4935.0,2500.0,0.7142857142857117,0.7142857142857117,0.0,-4.545454545454541,-4.545454545454541,4.761904761904767,0.0,0.048770971517752636,False,False,False
9678,カナモト,2026-09-15,5270.0,5760.0,5760.0,5404.0,5473.2,81940.0,5300.0,5300.0,5270.0,5290.0,4000.0,0.379506641366234,0.5692599620493288,-0.18867924528301883,-8.159722222222221,-8.159722222222221,8.884688090737235,0.0,0.0488162069807176,False,False,False
9679,ホウライ,2026-09-15,2300.0,2389.0,2398.0,2314.0,2347.36,780.0,2321.0,2321.0,2298.0,2300.0,700.0,0.0,0.9130434782608665,-0.9047824213700983,-3.7254081205525313,-4.086738949124269,4.2608695652173845,0.37672666387609244,0.8974358974358975,False,False,False
9682,ＤＴＳ,2026-09-15,1101.0,1160.0,1160.0,1082.6,1107.56,421840.0,1110.0,1111.0,1102.0,1111.0,29100.0,0.9082652134423164,0.8174386920980936,0.09009009009008917,-4.224137931034477,-4.224137931034477,4.410441044104418,0.0,0.06898350085340413,True,False,False
9684,スクウェア・エニックス・ホールディングス,2026-09-15,2996.5,3294.0,3300.0,2909.4,2926.44,1116540.0,2960.5,2993.5,2954.5,2992.5,90400.0,-0.13348907058234882,-1.2014016352411172,1.0808984968755375,-9.153005464480879,-9.318181818181815,10.275689223057638,0.18214936247722413,0.08096440790298601,True,False,False
9685,ＫＹＣＯＭホールディングス,2026-09-15,560.0,588.0,588.0,569.4,571.96,2040.0,559.0,561.0,559.0,560.0,1400.0,0.0,-0.17857142857142794,0.17889087656528524,-4.761904761904767,-4.761904761904767,5.000000000000004,0.0,0.6862745098039216,True,False,False
9686,東洋テック,2026-09-15,1731.0,1745.0,1745.0,1723.8,1687.68,3140.0,1715.0,1715.0,1715.0,1731.0,6300.0,0.0,-0.9243212016175617,0.932944606413999,-0.8022922636103158,-0.8022922636103158,0.8087810514153748,0.0,2.0063694267515926,True,False,False
9687,ＫＳＫ,2026-09-15,4580.0,4935.0,4935.0,4636.0,4572.4,1440.0,4575.0,4575.0,4575.0,4580.0,1800.0,0.0,-0.10917030567685337,0.10928961748633004,-7.193515704153997,-7.193515704153997,7.751091703056767,0.0,1.25,True,False,False
9692,シーイーシー,2026-09-15,2186.0,2579.0,2579.0,2209.2,2376.52,207200.0,2199.0,2217.0,2193.0,2217.0,6800.0,1.418115279048493,0.5946935041171164,0.8185538881309684,-14.036448235750287,-14.036448235750287,16.328371673432574,0.0,0.032818532818532815,True,False,False
9697,カプコン,2026-09-15,4351.0,4490.0,4490.0,4285.4,4225.56,2560100.0,4370.0,4378.0,4316.0,4364.0,161700.0,0.2987818892208782,0.4366812227074135,-0.13729977116704317,-2.8062360801781705,-2.8062360801781705,2.887259395050412,0.0,0.06316159525018554,False,False,False
9698,クレオ,2026-09-15,1300.0,1350.0,1350.0,1299.4,1303.12,640.0,1302.0,1302.0,1302.0,1300.0,1500.0,0.0,0.15384615384614886,-0.1536098310291889,-3.703703703703709,-3.703703703703709,3.8461538461538547,0.0,2.34375,False,False,False
9699,ニシオホールディングス,2026-09-15,4625.0,4760.0,4760.0,4607.0,4619.8,52760.0,4625.0,4665.0,4625.0,4665.0,2300.0,0.864864864864856,0.0,0.864864864864856,-1.995798319327735,-1.995798319327735,2.036441586280824,0.0,0.04359363153904473,True,False,False
9701,東京會舘,2026-09-15,4395.0,4490.0,4490.0,4408.0,4303.0,900.0,4420.0,4420.0,4415.0,4415.0,400.0,0.4550625711035261,0.5688282138794021,-0.11312217194570096,-1.6703786191536785,-1.6703786191536785,1.6987542468856143,0.0,0.4444444444444444,False,False,False
9702,アイ・エス・ビー,2026-09-15,2445.0,2538.0,2586.0,2391.2,2433.6,15960.0,2460.0,2465.0,2460.0,2460.0,1400.0,0.6134969325153339,0.6134969325153339,0.0,-3.0732860520094607,-4.872389791183296,5.1219512195122,1.891252955082745,0.08771929824561403,False,False,False
9704,アゴーラ　ホスピタリティー　グループ,2026-09-15,27.0,31.0,32.0,27.4,29.12,189220.0,27.0,27.0,27.0,27.0,343900.0,0.0,0.0,0.0,-12.903225806451612,-15.625,18.518518518518512,3.2258064516129004,1.8174611563259697,False,False,False
9706,日本空港ビルデング,2026-09-15,5475.0,6009.0,6009.0,5502.4,5687.28,1605180.0,5480.0,5494.0,5458.0,5480.0,52600.0,0.09132420091324533,0.09132420091324533,0.0,-8.803461474454988,-8.803461474454988,9.653284671532836,0.0,0.03276891065176491,False,False,False
9708,帝国ホテル,2026-09-15,942.0,1019.0,1019.0,947.4,982.64,209800.0,945.0,949.0,943.0,949.0,7000.0,0.7430997876857859,0.31847133757962887,0.4232804232804144,-6.869479882237483,-6.869479882237483,7.376185458377238,0.0,0.03336510962821735,True,False,False
9709,ＮＣＳ＆Ａ,2026-09-15,1212.0,1405.0,1405.0,1207.8,1332.56,11860.0,1205.0,1214.0,1205.0,1212.0,6700.0,0.0,-0.5775577557755818,0.5809128630705374,-13.736654804270465,-13.736654804270465,15.92409240924093,0.0,0.5649241146711635,True,False,False
9713,ロイヤルホテル,2026-09-15,920.0,922.0,922.0,917.2,908.24,4820.0,920.0,922.0,920.0,920.0,3900.0,0.0,0.0,0.0,-0.2169197396963085,-0.2169197396963085,0.21739130434783593,0.0,0.8091286307053942,False,False,False
9715,トランス・コスモス,2026-09-15,3545.0,3770.0,3770.0,3525.0,3655.8,114780.0,3595.0,3605.0,3575.0,3590.0,30300.0,1.2693935119887145,1.4104372355430161,-0.13908205841446364,-4.774535809018565,-4.774535809018565,5.013927576601662,0.0,0.2639832723470988,False,False,False
9716,乃村工藝社,2026-09-15,1235.0,1301.0,1301.0,1236.2,1245.0,280820.0,1235.0,1243.0,1231.0,1234.0,15700.0,-0.08097165991902688,0.0,-0.08097165991902688,-5.149884704073793,-5.149884704073793,5.4294975688816915,0.0,0.055907698881846025,False,False,False
9722,藤田観光,2026-09-15,2693.0,3160.0,3160.0,2743.0,2697.28,218500.0,2670.0,2683.0,2652.0,2661.0,14200.0,-1.1882658744894137,-0.8540660972892633,-0.3370786516853963,-15.791139240506325,-15.791139240506325,18.752348741074787,0.0,0.06498855835240275,False,False,False
9723,京都ホテル,2026-09-15,632.0,638.0,640.0,632.4,634.44,1840.0,631.0,633.0,630.0,632.0,1100.0,0.0,-0.15822784810126667,0.15847860538826808,-0.9404388714733591,-1.2499999999999956,1.2658227848101333,0.31347962382444194,0.5978260869565217,True,False,False
9726,ＫＮＴ－ＣＴホールディングス,2026-09-15,1930.0,2009.0,2010.0,1901.4,1934.4,29480.0,1912.0,1930.0,1906.0,1930.0,16600.0,0.0,-0.932642487046631,0.9414225941422494,-3.932304629168737,-3.9800995024875663,4.145077720207246,0.04977600796416404,0.5630936227951153,True,False,False
9729,トーカイ,2026-09-15,2552.0,2641.0,2641.0,2526.4,2525.44,29780.0,2546.0,2557.0,2546.0,2552.0,16400.0,0.0,-0.23510971786834256,0.23566378633150808,-3.3699356304430106,-3.3699356304430106,3.4874608150470277,0.0,0.5507051712558765,True,False,False
9731,白洋舎,2026-09-15,3375.0,3420.0,3540.0,3386.0,3405.0,1320.0,3375.0,3375.0,3375.0,3375.0,1700.0,0.0,0.0,0.0,-1.3157894736842146,-4.6610169491525415,4.888888888888898,3.5087719298245723,1.2878787878787878,False,False,False
9733,ナガセ,2026-09-15,2308.0,2375.0,2375.0,2298.0,2317.56,12660.0,2302.0,2322.0,2302.0,2308.0,8400.0,0.0,-0.25996533795493715,0.26064291920069316,-2.8210526315789464,-2.8210526315789464,2.902946273830165,0.0,0.6635071090047393,True,False,False
9735,セコム,2026-09-15,6381.0,6560.0,6880.0,6351.4,6412.2,1402900.0,6429.0,6433.0,6393.0,6409.0,65300.0,0.4388026955022717,0.7522331922896086,-0.3110903717529978,-2.3018292682926877,-6.845930232558139,7.349040411920726,4.878048780487809,0.04654643951814099,False,False,False
9739,ＮＳＷ,2026-09-15,2666.0,2831.0,2831.0,2649.4,2710.88,19900.0,2649.0,2669.0,2649.0,2666.0,16000.0,0.0,-0.6376594148537085,0.6417516043790039,-5.828329212292472,-5.828329212292472,6.189047261815461,0.0,0.8040201005025126,True,False,False
9740,セントラル警備保障,2026-09-15,2655.0,2833.0,2833.0,2647.2,2740.52,17420.0,2636.0,2668.0,2636.0,2655.0,20700.0,0.0,-0.7156308851224091,0.7207890743550882,-6.283092128485701,-6.283092128485701,6.70433145009417,0.0,1.1882893226176807,True,False,False
9742,アイネス,2026-09-15,2126.0,2527.0,2527.0,2076.0,2271.24,22900.0,2126.0,2128.0,2112.0,2127.0,1300.0,0.04703668861711918,0.0,0.04703668861711918,-15.829046299960424,-15.829046299960424,18.805829807240237,0.0,0.056768558951965066,True,False,False
9743,丹青社,2026-09-15,1464.0,1547.0,1547.0,1471.6,1494.84,462720.0,1464.0,1477.0,1464.0,1470.0,27100.0,0.4098360655737654,0.0,0.4098360655737654,-4.977375565610864,-4.977375565610864,5.238095238095242,0.0,0.05856673582295989,True,False,False
9744,メイテックグループホールディングス,2026-09-15,3400.0,3458.0,3458.0,3333.0,3350.92,444820.0,3399.0,3420.0,3393.0,3417.0,52600.0,0.49999999999998934,-0.029411764705877808,0.5295675198587757,-1.1856564488143428,-1.1856564488143428,1.1998829382499299,0.0,0.11825007868351244,True,False,False
9746,ＴＫＣ,2026-09-15,4110.0,4185.0,4185.0,4067.0,4069.0,63300.0,4145.0,4150.0,4130.0,4140.0,2500.0,0.7299270072992803,0.8515815085158085,-0.12062726176115257,-1.0752688172043001,-1.0752688172043001,1.0869565217391353,0.0,0.03949447077409163,False,False,False
9753,アイエックス・ナレッジ,2026-09-15,1422.0,1449.0,1449.0,1410.8,1374.84,3000.0,1420.0,1420.0,1419.0,1422.0,900.0,0.0,-0.14064697609000865,0.14084507042253502,-1.8633540372670843,-1.8633540372670843,1.8987341772152,0.0,0.3,True,False,False
9755,応用地質,2026-09-15,2832.0,2913.0,2913.0,2825.4,2847.08,59880.0,2845.0,2858.0,2845.0,2854.0,4800.0,0.7768361581920846,0.4590395480225995,0.31634446397188487,-2.0254033642293168,-2.0254033642293168,2.0672740014015423,0.0,0.08016032064128256,True,False,False
9757,船井総研ホールディングス,2026-09-15,1184.0,1191.0,1191.0,1168.2,1163.68,254740.0,1188.0,1192.0,1187.0,1191.0,20300.0,0.591216216216206,0.33783783783782884,0.2525252525252597,0.0,0.0,0.0,0.0,0.07968909476328806,True,False,False
9759,ＮＳＤ,2026-09-15,2878.0,2996.5,2996.5,2829.8,2857.72,255420.0,2896.5,2905.5,2880.0,2903.5,39600.0,0.8860319666434968,0.6428075052119508,0.24167098221992145,-3.103620891039549,-3.103620891039549,3.2030308248665484,0.0,0.15503875968992248,True,False,False
9760,進学会ホールディングス,2026-09-15,119.0,123.0,123.0,119.0,119.56,24140.0,119.0,119.0,119.0,119.0,15300.0,0.0,0.0,0.0,-3.2520325203251987,-3.2520325203251987,3.3613445378151363,0.0,0.6338028169014085,False,False,False
9761,東海リース,2026-09-15,2464.0,2470.0,2480.0,2445.6,2436.04,5900.0,2464.0,2464.0,2464.0,2464.0,3500.0,0.0,0.0,0.0,-0.24291497975708065,-0.6451612903225823,0.6493506493506551,0.4048582995951344,0.5932203389830508,False,False,False
9763,丸建リース,2026-09-15,1295.0,1338.0,1338.0,1280.4,1303.72,7860.0,1298.0,1298.0,1298.0,1295.0,3700.0,0.0,0.23166023166023564,-0.23112480739599928,-3.2137518684603905,-3.2137518684603905,3.3204633204633183,0.0,0.4707379134860051,False,False,False
9765,オオバ,2026-09-15,1177.0,1196.0,1196.0,1172.8,1166.4,11440.0,1177.0,1179.0,1177.0,1177.0,9300.0,0.0,0.0,0.0,-1.5886287625418105,-1.5886287625418105,1.6142735768903904,0.0,0.8129370629370629,False,False,False
9766,コナミグループ,2026-09-15,21285.0,22685.0,22685.0,20923.0,21585.8,515480.0,21400.0,21410.0,21160.0,21295.0,20300.0,0.046981442330285006,0.540286586798211,-0.49065420560747697,-6.127396958342512,-6.127396958342512,6.527353838929328,0.0,0.03938077131993482,False,False,False
9767,日建工学,2026-09-15,1630.0,1657.0,1670.0,1630.6,1599.72,1060.0,1642.0,1642.0,1642.0,1630.0,400.0,0.0,0.7361963190184007,-0.730816077953711,-1.6294508147254083,-2.39520958083832,2.4539877300613577,0.7845503922751851,0.37735849056603776,False,False,False
9768,いであ,2026-09-15,3755.0,3950.0,3950.0,3769.0,3789.0,8000.0,3755.0,3775.0,3755.0,3755.0,10300.0,0.0,0.0,0.0,-4.936708860759498,-4.936708860759498,5.193075898801602,0.0,1.2875,False,False,False
9769,学究社,2026-09-15,2590.0,2670.0,2719.0,2558.8,2610.88,12780.0,2590.0,2590.0,2590.0,2590.0,11300.0,0.0,0.0,0.0,-2.9962546816479363,-4.744391320338359,4.980694980694977,1.83520599250937,0.8841940532081377,False,False,False
9778,昴,2026-09-15,5550.0,5930.0,5930.0,5526.0,5658.0,300.0,5550.0,5550.0,5550.0,5550.0,100.0,0.0,0.0,0.0,-6.408094435075884,-6.408094435075884,6.8468468468468435,0.0,0.3333333333333333,False,False,False
9780,ハリマビステム,2026-09-15,1121.0,1175.0,1175.0,1125.4,1103.68,8800.0,1110.0,1119.0,1110.0,1121.0,3200.0,0.0,-0.9812667261373753,0.9909909909909809,-4.595744680851066,-4.595744680851066,4.817127564674406,0.0,0.36363636363636365,True,False,False
9782,ディーエムエス,2026-09-15,3500.0,3580.0,3580.0,3432.0,3472.0,43780.0,3495.0,3505.0,3490.0,3500.0,26600.0,0.0,-0.14285714285714457,0.14306151645206988,-2.2346368715083775,-2.2346368715083775,2.285714285714291,0.0,0.6075833714024669,True,False,False
9788,ナック,2026-09-15,517.0,532.0,536.0,514.2,522.44,31300.0,517.0,519.0,517.0,518.0,3400.0,0.19342359767891004,0.0,0.19342359767891004,-2.631578947368418,-3.3582089552238847,3.474903474903468,0.7518796992481258,0.10862619808306709,True,False,False
9790,福井コンピュータホールディングス,2026-09-15,3010.0,3210.0,3210.0,2980.6,3063.96,35260.0,3015.0,3035.0,2978.0,3030.0,1600.0,0.6644518272425293,0.16611295681063787,0.4975124378109541,-5.607476635514019,-5.607476635514019,5.940594059405946,0.0,0.04537719795802609,True,False,False
9791,ビケンテクノ,2026-09-15,1177.0,1217.0,1233.0,1176.6,1182.92,2060.0,1163.0,1177.0,1163.0,1177.0,700.0,0.0,-1.1894647408666081,1.2037833190025715,-3.286770747740342,-4.541768045417682,4.7578589634664326,1.3147082990961456,0.33980582524271846,True,False,False
9793,ダイセキ,2026-09-15,3710.0,3905.0,3905.0,3681.0,3775.8,115380.0,3710.0,3735.0,3710.0,3735.0,8200.0,0.6738544474393482,0.0,0.6738544474393482,-4.353393085787449,-4.353393085787449,4.551539491298517,0.0,0.07106950944704454,True,False,False
9795,ステップ,2026-09-15,2301.0,2338.0,2338.0,2280.2,2292.16,13060.0,2303.0,2303.0,2301.0,2301.0,8200.0,0.0,0.08691873098651826,-0.08684324793747367,-1.5825491873396103,-1.5825491873396103,1.6079965232507654,0.0,0.6278713629402757,False,False,False
9799,旭情報サービス,2026-09-15,937.0,993.0,993.0,935.6,958.4,4320.0,941.0,941.0,941.0,937.0,4700.0,0.0,0.4268943436499528,-0.4250797024442088,-5.6394763343403875,-5.6394763343403875,5.976520811099251,0.0,1.087962962962963,False,False,False
9812,テーオーホールディングス,2026-09-15,242.0,255.0,255.0,241.6,242.8,1740.0,234.0,237.0,234.0,242.0,7700.0,0.0,-3.3057851239669422,3.418803418803429,-5.098039215686279,-5.098039215686279,5.371900826446274,0.0,4.425287356321839,True,False,False
9816,ストライダーズ,2026-09-15,248.0,260.0,260.0,248.8,252.8,1720.0,251.0,252.0,251.0,248.0,4300.0,0.0,1.2096774193548487,-1.195219123505975,-4.61538461538461,-4.61538461538461,4.8387096774193505,0.0,2.5,False,False,False
9818,大丸エナウィン,2026-09-15,1550.0,1600.0,1600.0,1543.2,1543.36,1140.0,1554.0,1554.0,1542.0,1550.0,3000.0,0.0,0.2580645161290418,-0.2574002574002532,-3.125,-3.125,3.2258064516129004,0.0,2.6315789473684212,False,False,False
9820,エムティジェネックス,2026-09-15,3720.0,3935.0,3935.0,3742.0,3779.4,460.0,3720.0,3720.0,3720.0,3720.0,300.0,0.0,0.0,0.0,-5.463786531130877,-5.463786531130877,5.779569892473124,0.0,0.6521739130434783,False,False,False
9823,マミーマートホールディングス,2026-09-15,1004.0,1050.0,1061.0,1005.2,1021.0,96180.0,1005.0,1005.0,1002.0,1004.0,3400.0,0.0,0.09960159362549792,-0.09950248756218638,-4.380952380952385,-5.372290292177196,5.677290836653381,1.0476190476190528,0.03535038469536286,False,False,False
9824,泉州電業,2026-09-15,7610.0,8150.0,8150.0,7760.0,7271.6,60320.0,7640.0,7700.0,7560.0,7660.0,3400.0,0.6570302233902758,0.3942181340341744,0.2617801047120505,-6.012269938650306,-6.012269938650306,6.396866840731064,0.0,0.05636604774535809,True,False,False
9827,リリカラ,2026-09-15,630.0,652.0,652.0,629.2,634.44,11720.0,632.0,632.0,628.0,628.0,600.0,-0.31746031746031633,0.31746031746031633,-0.6329113924050667,-3.6809815950920255,-3.6809815950920255,3.821656050955413,0.0,0.051194539249146756,False,False,False
9828,Ｇｅｎｋｉ　Ｇｌｏｂａｌ　Ｄｉｎｉｎｇ　Ｃｏｎｃｅｐｔｓ,2026-09-15,3390.0,3605.0,3605.0,3392.0,3410.4,67440.0,3365.0,3370.0,3350.0,3355.0,19500.0,-1.0324483775811188,-0.7374631268436627,-0.2971768202080227,-6.934812760055475,-6.934812760055475,7.451564828613999,0.0,0.2891459074733096,False,False,False
9830,トラスコ中山,2026-09-15,2393.0,2457.0,2496.0,2375.6,2388.0,84000.0,2406.0,2422.0,2397.0,2415.0,4600.0,0.9193480986209757,0.54325114918512,0.37406483790523026,-1.7094017094017144,-3.245192307692313,3.354037267080745,1.5873015873015817,0.05476190476190476,True,False,False
9831,ヤマダホールディングス,2026-09-15,715.0,730.4000244140625,730.4000244140625,711.739990234375,704.9200024414063,4222640.0,714.0,720.7000122070312,713.5999755859375,720.4000244140625,992100.0,0.7552481697989499,-0.13986013986013734,0.8963619627538444,-1.369112769132519,-1.369112769132519,1.3881176653392613,0.0,0.2349478051645416,True,False,False
9832,オートバックスセブン,2026-09-15,1604.0,1625.0,1625.0,1582.2,1560.36,319500.0,1605.0,1617.0,1605.0,1617.0,123000.0,0.8104738154613544,0.06234413965087171,0.7476635514018781,-0.4923076923076919,-0.4923076923076919,0.49474335188621765,0.0,0.38497652582159625,True,False,False
9835,ジュンテンドー,2026-09-15,508.0,520.0,522.0,508.4,511.12,1820.0,507.0,507.0,507.0,508.0,1400.0,0.0,-0.19685039370078705,0.19723865877712132,-2.3076923076923106,-2.6819923371647514,2.7559055118110187,0.38461538461538325,0.7692307692307693,True,False,False
9837,モリト,2026-09-15,1791.0,1863.0,1880.0,1780.6,1814.28,40080.0,1791.0,1810.0,1791.0,1791.0,37200.0,0.0,0.0,0.0,-3.864734299516903,-4.734042553191486,4.969290898939138,0.9125067096081629,0.9281437125748503,False,False,False
9842,アークランズ,2026-09-15,1880.0,1938.0,1938.0,1874.0,1887.72,136780.0,1892.0,1892.0,1885.0,1891.0,10200.0,0.5851063829787284,0.6382978723404209,-0.05285412262155953,-2.42518059855521,-2.42518059855521,2.485457429931248,0.0,0.07457230589267437,False,False,False
9843,ニトリホールディングス,2026-09-15,3178.0,3435.0,3435.0,3246.4,3099.14,3408020.0,3140.0,3153.0,3099.0,3128.0,367000.0,-1.573316551290116,-1.195720578980486,-0.3821656050955413,-8.937409024745268,-8.937409024745268,9.814578005115093,0.0,0.10768716146032006,False,False,False
9845,パーカーコーポレーション,2026-09-15,1361.0,1440.0,1500.0,1351.6,1393.96,4520.0,1350.0,1350.0,1350.0,1361.0,2300.0,0.0,-0.8082292432035287,0.8148148148148238,-5.486111111111114,-9.266666666666667,10.213078618662742,4.166666666666674,0.5088495575221239,True,False,False
9846,天満屋ストア,2026-09-15,982.0,1002.0,1009.0,982.6,991.4,8200.0,982.0,982.0,982.0,982.0,3700.0,0.0,0.0,0.0,-1.9960079840319334,-2.6759167492566904,2.7494908350305547,0.698602794411185,0.45121951219512196,False,False,False
9850,グルメ杵屋,2026-09-15,993.0,999.0,999.0,988.2,987.6,51080.0,995.0,996.0,995.0,993.0,62000.0,0.0,0.20140986908359082,-0.20100502512563345,-0.6006006006005982,-0.6006006006005982,0.6042296072507503,0.0,1.2137823022709475,False,False,False
9853,銀座ルノアール,2026-09-15,909.0,913.0,920.0,908.8,908.6,1100.0,910.0,910.0,910.0,909.0,1100.0,0.0,0.11001100110010764,-0.1098901098901095,-0.4381161007667056,-1.1956521739130421,1.2101210121012063,0.766703176341732,1.0,False,False,False
9854,愛眼,2026-09-15,282.0,298.0,300.0,280.4,284.72,33220.0,283.0,284.0,283.0,282.0,19500.0,0.0,0.35460992907800915,-0.35335689045936647,-5.369127516778526,-6.000000000000005,6.382978723404253,0.6711409395973256,0.5869957856712824,False,False,False
9856,ケーユーホールディングス,2026-09-15,1226.0,1283.0,1283.0,1218.6,1234.36,25180.0,1230.0,1232.0,1230.0,1226.0,33400.0,0.0,0.32626427406199365,-0.3252032520325243,-4.442712392829307,-4.442712392829307,4.649265905383371,0.0,1.3264495631453534,False,False,False
9857,英和,2026-09-15,2582.0,2686.0,2686.0,2582.4,2621.44,940.0,2581.0,2581.0,2581.0,2582.0,1300.0,0.0,-0.03872966692486379,0.038744672607515795,-3.87192851824274,-3.87192851824274,4.027885360185901,0.0,1.3829787234042554,True,False,False
9861,吉野家ホールディングス,2026-09-15,3797.0,3910.0,3910.0,3804.0,3809.56,319440.0,3817.0,3818.0,3763.0,3785.0,30000.0,-0.3160389781406425,0.5267316302344005,-0.8383547288446369,-3.196930946291565,-3.196930946291565,3.302509907529716,0.0,0.09391435011269722,False,False,False
9869,加藤産業,2026-09-15,6710.0,6850.0,6850.0,6732.0,6629.2,29560.0,6750.0,6750.0,6750.0,6710.0,23600.0,0.0,0.5961251862891315,-0.592592592592589,-2.0437956204379604,-2.0437956204379604,2.086438152011927,0.0,0.7983761840324763,False,False,False
9872,北恵,2026-09-15,946.0,967.0,967.0,948.6,955.12,1620.0,948.0,948.0,948.0,946.0,3800.0,0.0,0.21141649048626032,-0.21097046413501852,-2.171664943123064,-2.171664943123064,2.2198731501057,0.0,2.345679012345679,False,False,False
9876,コックス,2026-09-15,216.0,226.0,226.0,216.4,220.04,28580.0,218.0,218.0,218.0,216.0,25600.0,0.0,0.92592592592593,-0.917431192660545,-4.424778761061942,-4.424778761061942,4.629629629629628,0.0,0.8957312806158153,False,False,False
9878,セキド,2026-09-15,418.0,420.0,429.0,416.2,414.04,6580.0,416.0,416.0,416.0,418.0,11400.0,0.0,-0.4784688995215336,0.48076923076922906,-0.4761904761904745,-2.564102564102566,2.6315789473684292,2.1428571428571352,1.7325227963525835,True,False,False
9880,イノテック,2026-09-15,3320.0,3710.0,3890.0,3352.0,3517.6,130980.0,3320.0,3360.0,3320.0,3345.0,5600.0,0.7530120481927804,0.0,0.7530120481927804,-9.838274932614555,-14.010282776349614,16.292974588938726,4.851752021563338,0.04275461902580547,True,False,False
9882,イエローハット,2026-09-15,1752.0,1817.0,1817.0,1737.2,1766.72,178880.0,1761.0,1765.0,1760.0,1765.0,26200.0,0.742009132420085,0.5136986301369939,0.22714366837024436,-2.8618602091359358,-2.8618602091359358,2.9461756373937664,0.0,0.14646690518783542,True,False,False
9885,シャルレ,2026-09-15,333.0,336.0,340.0,332.0,333.8,5000.0,333.0,333.0,333.0,333.0,1000.0,0.0,0.0,0.0,-0.8928571428571397,-2.0588235294117685,2.1021021021021102,1.1904761904761862,0.2,False,False,False
9887,松屋フーズホールディングス,2026-09-15,5300.0,5430.0,5430.0,5284.0,5183.0,40780.0,5300.0,5300.0,5280.0,5290.0,3200.0,-0.18867924528301883,0.0,-0.18867924528301883,-2.5782688766114226,-2.5782688766114226,2.6465028355387554,0.0,0.0784698381559588,False,False,False
9888,ＵＥＸ,2026-09-15,1227.0,1331.0,1331.0,1226.0,1248.84,45500.0,1242.0,1242.0,1238.0,1238.0,3500.0,0.8964955175224221,1.2224938875305513,-0.32206119162641045,-6.987227648384675,-6.987227648384675,7.51211631663975,0.0,0.07692307692307693,False,False,False
9889,ＪＢＣＣホールディングス,2026-09-15,1705.0,1818.0,1818.0,1624.0,1691.36,183700.0,1716.0,1727.0,1707.0,1723.0,13900.0,1.0557184750733084,0.6451612903225712,0.40792540792540244,-5.225522552255224,-5.225522552255224,5.513639001741155,0.0,0.07566684812193794,True,False,False
9890,マキヤ,2026-09-15,1455.0,1498.0,1498.0,1454.2,1391.84,10020.0,1461.0,1461.0,1461.0,1455.0,14900.0,0.0,0.4123711340206171,-0.4106776180698102,-2.87049399198932,-2.87049399198932,2.955326460481089,0.0,1.4870259481037924,False,False,False
9895,コンセック,2026-09-15,1275.0,1290.0,1290.0,1275.8,1269.64,360.0,1280.0,1280.0,1275.0,1275.0,600.0,0.0,0.39215686274509665,-0.390625,-1.1627906976744207,-1.1627906976744207,1.17647058823529,0.0,1.6666666666666667,False,False,False
9896,ＪＫホールディングス,2026-09-15,1374.0,1461.0,1487.0,1380.4,1413.04,33780.0,1380.0,1392.0,1380.0,1392.0,2500.0,1.3100436681222627,0.4366812227074135,0.8695652173912993,-4.722792607802873,-6.388702084734366,6.824712643678166,1.7796030116358663,0.07400828892835998,True,False,False
9900,サガミホールディングス,2026-09-15,1137.0,1186.0,1186.0,1137.6,1112.76,186340.0,1141.0,1145.0,1133.0,1135.0,94800.0,-0.17590149516271136,0.3518029903254227,-0.5258545135845782,-4.300168634064083,-4.300168634064083,4.493392070484581,0.0,0.5087474508962112,False,False,False
9902,日伝,2026-09-15,3175.0,3245.0,3245.0,3114.0,3074.0,72780.0,3190.0,3215.0,3190.0,3215.0,10100.0,1.2598425196850505,0.47244094488188004,0.7836990595611271,-0.9244992295839749,-0.9244992295839749,0.9331259720062102,0.0,0.138774388568288,True,False,False
9903,カンセキ,2026-09-15,881.0,919.0,919.0,885.8,897.04,1200.0,881.0,884.0,881.0,881.0,1400.0,0.0,0.0,0.0,-4.134929270946685,-4.134929270946685,4.313280363223604,0.0,1.1666666666666667,False,False,False
9904,ベリテ,2026-09-15,241.0,255.0,255.0,243.6,243.6,10040.0,242.0,242.0,242.0,241.0,6800.0,0.0,0.4149377593360981,-0.4132231404958664,-5.490196078431375,-5.490196078431375,5.809128630705396,0.0,0.6772908366533864,False,False,False
9906,藤井産業,2026-09-15,4155.0,4460.0,4460.0,4251.0,4287.4,3300.0,4135.0,4135.0,4135.0,4155.0,10200.0,0.0,-0.48134777376654947,0.48367593712213,-6.838565022421528,-6.838565022421528,7.340553549939832,0.0,3.090909090909091,True,False,False
9908,日本電計,2026-09-15,2874.0,3015.0,3015.0,2823.2,2788.76,14280.0,2886.0,2900.0,2886.0,2900.0,1400.0,0.9046624913013224,0.41753653444676075,0.485100485100487,-3.814262023217252,-3.814262023217252,3.9655172413793016,0.0,0.09803921568627451,True,False,False
9913,日邦産業,2026-09-15,3610.0,3865.0,3865.0,3636.0,3447.4,2400.0,3655.0,3655.0,3655.0,3610.0,200.0,0.0,1.2465373961218829,-1.2311901504788003,-6.597671410090555,-6.597671410090555,7.063711911357351,0.0,0.08333333333333333,False,False,False
9928,ミロク情報サービス,2026-09-15,2034.0,2107.0,2107.0,2010.0,1984.68,32260.0,2048.0,2079.0,2048.0,2068.0,5700.0,1.6715830875122961,0.68829891838742,0.9765625,-1.8509729473184633,-1.8509729473184633,1.8858800773694284,0.0,0.17668939863608182,True,False,False
9929,平和紙業,2026-09-15,473.0,480.0,480.0,473.4,471.84,400.0,473.0,473.0,473.0,473.0,900.0,0.0,0.0,0.0,-1.4583333333333282,-1.4583333333333282,1.4799154334038,0.0,2.25,False,False,False
9930,北沢産業,2026-09-15,403.0,418.0,418.0,403.4,398.6,4620.0,402.0,403.0,402.0,403.0,7900.0,0.0,-0.2481389578163795,0.24875621890547706,-3.5885167464114853,-3.5885167464114853,3.7220843672456594,0.0,1.70995670995671,True,False,False
9932,杉本商事,2026-09-15,1302.0,1360.0,1360.0,1290.8,1318.52,19600.0,1302.0,1309.0,1302.0,1309.0,1400.0,0.5376344086021501,0.0,0.5376344086021501,-3.749999999999998,-3.749999999999998,3.8961038961038863,0.0,0.07142857142857142,True,False,False
9934,因幡電機産業,2026-09-15,3055.0,3170.0,3170.0,3050.4,3033.94,179140.0,3085.0,3093.0,3067.0,3090.0,8300.0,1.1456628477905184,0.9819967266775809,0.16207455429497752,-2.5236593059936863,-2.5236593059936863,2.5889967637540368,0.0,0.04633247739198392,True,False,False
9936,王将フードサービス,2026-09-15,2957.0,3030.0,3030.0,2951.6,2934.04,338040.0,2950.0,2965.0,2944.0,2962.0,151200.0,0.1690902942171224,-0.2367264119039536,0.40677966101694274,-2.2442244224422425,-2.2442244224422425,2.2957461174881733,0.0,0.4472843450479233,True,False,False
9941,太洋物産,2026-09-15,1171.0,1269.0,1269.0,1205.6,1208.0,20140.0,1168.0,1182.0,1168.0,1171.0,10000.0,0.0,-0.2561912894961549,0.25684931506848585,-7.722616233254531,-7.722616233254531,8.36891545687446,0.0,0.49652432969215493,True,False,False
9946,ミニストップ,2026-09-15,1784.0,1884.0,1884.0,1792.6,1818.56,44260.0,1784.0,1786.0,1782.0,1786.0,1600.0,0.11210762331839152,0.0,0.11210762331839152,-5.201698513800423,-5.201698513800423,5.487122060470329,0.0,0.03615002259376412,True,False,False
9948,アークス,2026-09-15,3750.0,3835.0,3835.0,3719.0,3696.8,110560.0,3755.0,3780.0,3755.0,3750.0,92700.0,0.0,0.13333333333334085,-0.13315579227696217,-2.2164276401564487,-2.2164276401564487,2.2666666666666613,0.0,0.8384587554269175,False,False,False
9950,ハチバン,2026-09-15,3420.0,3450.0,3450.0,3427.0,3430.2,4100.0,3425.0,3425.0,3420.0,3420.0,7300.0,0.0,0.14619883040936088,-0.14598540145985828,-0.8695652173912993,-0.8695652173912993,0.8771929824561431,0.0,1.7804878048780488,False,False,False
9955,ヨンキュウ,2026-09-15,2809.0,2849.0,2888.0,2812.8,2824.08,1000.0,2805.0,2805.0,2805.0,2809.0,1500.0,0.0,-0.14239943040227354,0.14260249554367554,-1.4040014040014093,-2.73545706371191,2.812388750445005,1.3689013689013763,1.5,True,False,False
9956,バローホールディングス,2026-09-15,3405.0,3430.0,3430.0,3287.0,3257.6,194800.0,3435.0,3445.0,3420.0,3435.0,22400.0,0.8810572687224738,0.8810572687224738,0.0,0.1457725947521915,0.1457725947521915,-0.14556040756914523,0.0,0.11498973305954825,False,True,True
9959,アシードホールディングス,2026-09-15,939.0,1120.0,1180.0,948.2,1017.84,8660.0,940.0,940.0,940.0,939.0,9100.0,0.0,0.10649627263046302,-0.10638297872340718,-16.160714285714285,-20.42372881355933,25.665601703940368,5.35714285714286,1.0508083140877598,False,False,False
9960,東テク,2026-09-15,4065.0,4175.0,4175.0,4102.0,3889.8,81840.0,4110.0,4110.0,4085.0,4105.0,3500.0,0.9840098400984099,1.1070110701107083,-0.12165450121655041,-1.6766467065868262,-1.6766467065868262,1.705237515225333,0.0,0.0427663734115347,False,False,False
9962,ミスミグループ本社,2026-09-15,3546.0,3841.0,4178.0,3512.8,3673.56,1443320.0,3518.0,3562.0,3517.0,3552.0,77800.0,0.16920473773265332,-0.7896221094190636,0.9664582148948275,-7.524082270242127,-14.983245572044035,17.623873873873876,8.773756834157776,0.053903500263281875,True,False,False
9969,ショクブン,2026-09-15,236.0,238.0,238.0,236.6,235.28,3440.0,235.0,235.0,235.0,236.0,4300.0,0.0,-0.4237288135593209,0.42553191489360653,-0.8403361344537785,-0.8403361344537785,0.8474576271186418,0.0,1.25,True,False,False
9972,アルテック,2026-09-15,272.0,286.0,286.0,275.0,278.44,9080.0,274.0,274.0,274.0,272.0,3800.0,0.0,0.7352941176470562,-0.7299270072992692,-4.895104895104896,-4.895104895104896,5.147058823529416,0.0,0.4185022026431718,False,False,False
9973,ＫＯＺＯホールディングス,2026-09-15,20.0,21.0,21.0,20.0,20.04,550940.0,20.0,20.0,20.0,20.0,792300.0,0.0,0.0,0.0,-4.761904761904767,-4.761904761904767,5.000000000000004,0.0,1.4380876320470468,False,False,False
9974,ベルク,2026-09-15,7050.0,7110.0,7110.0,6860.0,6781.2,29520.0,7050.0,7090.0,7050.0,7090.0,600.0,0.5673758865248235,0.0,0.5673758865248235,-0.2812939521800284,-0.2812939521800284,0.28208744710860323,0.0,0.02032520325203252,True,False,False
9976,セキチュー,2026-09-15,1094.0,1094.0,1094.0,1080.0,1064.08,960.0,1113.0,1125.0,1113.0,1094.0,4400.0,0.0,1.7367458866544894,-1.7070979335130243,0.0,0.0,0.0,0.0,4.583333333333333,False,False,False
9978,文教堂グループホールディングス,2026-09-15,45.0,46.0,46.0,44.2,44.64,51420.0,44.0,44.0,44.0,45.0,30800.0,0.0,-2.2222222222222254,2.2727272727272707,-2.1739130434782594,-2.1739130434782594,2.2222222222222143,0.0,0.5989887203422792,True,False,False
9979,大庄,2026-09-15,1047.0,1122.0,1124.0,1048.0,1078.0,42960.0,1041.0,1047.0,1041.0,1047.0,3800.0,0.0,-0.5730659025787954,0.5763688760807018,-6.68449197860963,-6.850533807829184,7.354345749761215,0.17825311942958333,0.08845437616387337,True,False,False
9980,ＭＲＫホールディングス,2026-09-15,94.0,98.0,98.0,94.4,95.4,72400.0,94.0,94.0,94.0,94.0,25400.0,0.0,0.0,0.0,-4.081632653061229,-4.081632653061229,4.255319148936176,0.0,0.35082872928176795,False,False,False
9982,タキヒヨー,2026-09-15,2700.0,2749.0,2749.0,2708.8,2587.32,3860.0,2668.0,2668.0,2668.0,2700.0,1700.0,0.0,-1.1851851851851891,1.1994002998500841,-1.7824663514005135,-1.7824663514005135,1.8148148148148247,0.0,0.44041450777202074,True,False,False
9983,ファーストリテイリング,2026-09-15,66620.0,76940.0,80160.0,66706.0,71680.0,1189000.0,66620.0,66780.0,66160.0,66280.0,63800.0,-0.5103572500750553,0.0,-0.5103572500750553,-13.854951910579672,-17.31536926147704,20.941460470730245,4.1850792825578464,0.05365853658536585,False,False,False
9984,ソフトバンクグループ,2026-09-15,6279.0,6959.0,6959.0,6455.6,5641.32,80969240.0,6277.0,6279.0,6042.0,6045.0,5680300.0,-3.7267080745341574,-0.031852205765248165,-3.6960331368488086,-13.13407098721081,-13.13407098721081,15.119933829611254,0.0,0.0701538016165151,False,False,False
9986,蔵王産業,2026-09-15,2494.0,2522.0,2522.0,2496.8,2491.88,1900.0,2500.0,2500.0,2500.0,2494.0,2500.0,0.0,0.2405773857257376,-0.23999999999999577,-1.1102299762093537,-1.1102299762093537,1.122694466720131,0.0,1.3157894736842106,False,False,False
9987,スズケン,2026-09-15,5214.0,5295.0,5295.0,5203.4,5124.08,172160.0,5243.0,5254.0,5229.0,5249.0,7900.0,0.6712696586114397,0.5561948599923205,0.11443829868396094,-0.8687440982058536,-0.8687440982058536,0.8763574014097886,0.0,0.045887546468401486,True,False,False
9989,サンドラッグ,2026-09-15,3719.0,3800.0,3800.0,3698.4,3713.96,441280.0,3719.0,3719.0,3699.0,3717.0,25300.0,-0.053777897284212894,0.0,-0.053777897284212894,-2.1842105263157885,-2.1842105263157885,2.2329835889157934,0.0,0.05733321247280638,False,False,False
9990,サックスバー　ホールディングス,2026-09-15,753.0,767.0,767.0,748.8,754.32,47720.0,752.0,752.0,751.0,753.0,29000.0,0.0,-0.13280212483399723,0.13297872340425343,-1.8252933507170832,-1.8252933507170832,1.8592297476759612,0.0,0.6077116512992456,True,False,False
9991,ジェコス,2026-09-15,1781.0,1805.0,1805.0,1784.4,1773.64,28580.0,1781.0,1801.0,1781.0,1797.0,4600.0,0.8983717012914116,0.0,0.8983717012914116,-0.4432132963988922,-0.4432132963988922,0.4451864218141255,0.0,0.1609517144856543,True,False,False
9993,ヤマザワ,2026-09-15,1152.0,1196.0,1196.0,1153.2,1172.04,4020.0,1155.0,1155.0,1154.0,1152.0,5600.0,0.0,0.26041666666667407,-0.2597402597402598,-3.678929765886285,-3.678929765886285,3.819444444444442,0.0,1.3930348258706469,False,False,False
9994,やまや,2026-09-15,2061.0,2106.0,2130.0,2035.4,2067.2,11360.0,2040.0,2061.0,2037.0,2061.0,11600.0,0.0,-1.0189228529839833,1.0294117647058787,-2.1367521367521403,-3.2394366197183055,3.3478893740902516,1.139601139601143,1.0211267605633803,True,False,False
9996,サトー商会,2026-09-15,2039.0,2097.0,2310.0,2050.0,2073.12,1020.0,2023.0,2023.0,2023.0,2039.0,700.0,0.0,-0.7846983815595898,0.7909045971329798,-2.7658559847401065,-11.731601731601726,13.290828837665526,10.157367668097272,0.6862745098039216,True,False,False
9997,ベルーナ,2026-09-15,1063.0,1092.0,1092.0,1043.8,1051.04,245760.0,1062.0,1068.0,1062.0,1066.0,100700.0,0.2822201317027373,-0.09407337723423836,0.37664783427495685,-2.3809523809523836,-2.3809523809523836,2.4390243902439046,0.0,0.4097493489583333,True,False,False
