Code,Name,BaseDate,PrevClose,Prev20High,Prev30High,MA5,MA25,Prev5AvgVolume,MorningOpen,MorningHigh,MorningLow,MorningPrice,MorningVolume,MorningChangePct,OpenGapPct,OpenToPricePct,PriceVs20HighPct,PriceVs30HighPct,RoomTo30HighPct,ResistanceGapPct,MorningVolumeVsPrev5,MorningBullish,AbovePrev20High,AbovePrev30High
1301,極洋,2026-09-07,4625.0,4820.0,4820.0,4677.0,4669.2,39940.0,4620.0,4625.0,4590.0,4620.0,7300.0,-0.108108108108107,-0.108108108108107,0.0,-4.149377593360992,-4.149377593360992,4.329004329004338,0.0,0.1827741612418628,False,False,False
130A,Ｖｅｒｉｔａｓ　Ｉｎ　Ｓｉｌｉｃｏ,2026-09-07,430.0,464.0,477.0,434.0,425.12,9580.0,427.0,435.0,427.0,430.0,5600.0,0.0,-0.6976744186046546,0.7025761124121788,-7.3275862068965525,-9.85324947589099,10.93023255813954,2.8017241379310276,0.5845511482254697,True,False,False
1332,ニッスイ,2026-09-07,1208.5,1320.5,1346.0,1258.7,1271.42,2096580.0,1212.0,1215.5,1198.5,1200.5,334200.0,-0.6619776582540315,0.2896152254861395,-0.9488448844884534,-9.087466868610372,-10.80980683506686,12.119950020824666,1.9310867095797102,0.15940245542741036,False,False,False
1333,Ｕｍｉｏｓ,2026-09-07,1265.0,1320.0,1378.5,1290.7,1290.98,455280.0,1271.0,1272.0,1263.0,1263.0,69400.0,-0.15810276679841806,0.4743083003952542,-0.6294256490952055,-4.318181818181821,-8.378672470076165,9.144893111638952,4.431818181818192,0.1524336671938148,False,False,False
135A,ＶＲＡＩＮ　Ｓｏｌｕｔｉｏｎ,2026-09-07,4320.0,4490.0,4490.0,4038.0,4075.0,113860.0,4345.0,4345.0,4280.0,4290.0,5100.0,-0.694444444444442,0.578703703703698,-1.2658227848101222,-4.454342984409799,-4.454342984409799,4.66200466200466,0.0,0.04479184963990866,False,False,False
1375,ユキグニファクトリー,2026-09-07,1168.0,1187.0,1204.0,1172.2,1156.04,35560.0,1162.0,1163.0,1160.0,1162.0,6700.0,-0.5136986301369828,-0.5136986301369828,0.0,-2.1061499578770015,-3.488372093023251,3.6144578313253017,1.43218197135635,0.18841394825646793,False,False,False
1376,カネコ種苗,2026-09-07,1610.0,1664.0,1664.0,1628.6,1604.92,11620.0,1603.0,1603.0,1600.0,1610.0,10700.0,0.0,-0.43478260869564966,0.4366812227074135,-3.245192307692313,-3.245192307692313,3.354037267080745,0.0,0.9208261617900172,True,False,False
1377,サカタのタネ,2026-09-07,4315.0,4540.0,4545.0,4374.0,4396.8,96120.0,4310.0,4315.0,4295.0,4300.0,8200.0,-0.34762456546929554,-0.11587485515642815,-0.23201856148491462,-5.286343612334798,-5.3905390539053855,5.697674418604648,0.11013215859030367,0.08531002913025384,False,False,False
1379,ホクト,2026-09-07,2077.0,2182.0,2182.0,2145.2,2045.48,102580.0,2070.0,2070.0,2059.0,2061.0,2500.0,-0.7703418391911465,-0.3370245546461259,-0.43478260869564966,-5.545371219065077,-5.545371219065077,5.870936438622021,0.0,0.02437122246051862,False,False,False
137A,Ｃｏｃｏｌｉｖｅ,2026-09-07,716.0,765.0,765.0,697.0,708.6,2320.0,725.0,725.0,725.0,716.0,3700.0,0.0,1.2569832402234526,-1.2413793103448256,-6.405228758169934,-6.405228758169934,6.843575418994408,0.0,1.5948275862068966,False,False,False
1380,秋川牧園,2026-09-07,998.0,1035.0,1035.0,998.2,998.6,660.0,1006.0,1006.0,1006.0,998.0,900.0,0.0,0.8016032064128265,-0.7952286282306154,-3.5748792270531404,-3.5748792270531404,3.707414829659328,0.0,1.3636363636363635,False,False,False
1381,アクシーズ,2026-09-07,3555.0,3620.0,3620.0,3565.0,3481.2,2060.0,3570.0,3570.0,3570.0,3555.0,2700.0,0.0,0.42194092827003704,-0.42016806722688926,-1.7955801104972413,-1.7955801104972413,1.8284106891701901,0.0,1.3106796116504855,False,False,False
1382,ホーブ,2026-09-07,876.0,931.0,1010.0,881.2,891.64,1860.0,875.0,875.0,875.0,876.0,1700.0,0.0,-0.11415525114155667,0.11428571428571122,-5.907626208378092,-13.267326732673268,15.296803652968038,8.48549946294308,0.9139784946236559,True,False,False
1383,ベルグアース,2026-09-07,2991.0,3050.0,3050.0,2993.4,3005.0,880.0,2991.0,2991.0,2991.0,2991.0,1400.0,0.0,0.0,0.0,-1.9344262295082015,-1.9344262295082015,1.9725844199264486,0.0,1.5909090909090908,False,False,False
1384,ホクリヨウ,2026-09-07,2218.0,2256.0,2256.0,2214.4,2156.24,11200.0,2210.0,2210.0,2202.0,2218.0,9500.0,0.0,-0.36068530207393756,0.36199095022624306,-1.6843971631205656,-1.6843971631205656,1.7132551848512145,0.0,0.8482142857142857,True,False,False
138A,光フードサービス,2026-09-07,3110.0,3200.0,3200.0,3112.0,3070.0,960.0,3125.0,3125.0,3125.0,3125.0,500.0,0.4823151125401992,0.4823151125401992,0.0,-2.34375,-2.34375,2.400000000000002,0.0,0.5208333333333334,False,False,False
1401,エムビーエス,2026-09-07,1335.0,1373.0,1373.0,1340.2,1307.32,4480.0,1350.0,1350.0,1338.0,1335.0,7900.0,0.0,1.1235955056179803,-1.1111111111111072,-2.76766205389658,-2.76766205389658,2.8464419475655367,0.0,1.7633928571428572,False,False,False
1407,ウエストホールディングス,2026-09-07,2402.0,2885.0,2894.0,2442.4,2656.68,573440.0,2334.0,2347.0,2317.0,2332.0,42200.0,-2.9142381348875923,-2.830974188176516,-0.08568980291345785,-19.16811091854419,-19.419488597097445,24.099485420240143,0.31195840554592014,0.07359095982142858,False,False,False
1414,ショーボンドホールディングス,2026-09-07,1255.5,1316.0,1375.5,1265.8,1275.34,964740.0,1259.5,1260.0,1253.5,1255.0,67700.0,-0.039824771007568316,0.3185981680605243,-0.35728463676062416,-4.63525835866262,-8.760450745183569,9.601593625498017,4.521276595744683,0.07017434749258868,False,False,False
1417,ミライト・ワン,2026-09-07,3554.0,3698.0,3698.0,3602.0,3537.36,190940.0,3538.0,3561.0,3535.0,3543.0,14300.0,-0.3095104108047253,-0.45019696117051256,0.14132278123233366,-4.1914548404543,-4.1914548404543,4.374823595822752,0.0,0.07489263643029224,True,False,False
1418,インターライフホールディングス,2026-09-07,583.0,613.0,613.0,584.2,596.92,42460.0,583.0,583.0,581.0,583.0,22600.0,0.0,0.0,0.0,-4.893964110929849,-4.893964110929849,5.145797598627788,0.0,0.5322656617993405,False,False,False
1419,タマホーム,2026-09-07,2876.0,3130.0,3140.0,2876.8,2956.68,170160.0,2860.0,2869.0,2855.0,2865.0,13400.0,-0.38247566063978056,-0.5563282336578546,0.17482517482516613,-8.46645367412141,-8.757961783439494,9.598603839441534,0.31948881789136685,0.07874941231781853,True,False,False
141A,トライアルホールディングス,2026-09-07,4040.0,4185.0,4185.0,4020.0,3731.6,519740.0,4075.0,4120.0,4070.0,4105.0,61100.0,1.6089108910890992,0.866336633663356,0.7361963190184007,-1.9115890083632014,-1.9115890083632014,1.948842874543244,0.0,0.11755877938969485,True,False,False
1420,サンヨーホームズ,2026-09-07,633.0,640.0,653.0,633.6,633.28,11160.0,632.0,632.0,632.0,633.0,8600.0,0.0,-0.15797788309637184,0.15822784810126667,-1.0937500000000044,-3.0627871362940318,3.159557661927326,2.0312499999999956,0.7706093189964157,True,False,False
1429,日本アクア,2026-09-07,814.0,815.0,815.0,803.6,789.32,99420.0,814.0,814.0,803.0,810.0,17300.0,-0.49140049140049546,0.0,-0.49140049140049546,-0.6134969325153339,-0.6134969325153339,0.6172839506172867,0.0,0.1740092536712935,False,False,False
142A,ジンジブ,2026-09-07,829.0,885.0,885.0,838.0,814.12,8920.0,832.0,837.0,828.0,829.0,4000.0,0.0,0.3618817852834688,-0.36057692307692735,-6.327683615819213,-6.327683615819213,6.755126658624855,0.0,0.4484304932735426,False,False,False
1430,ファーストコーポレーション,2026-09-07,1020.0,1063.0,1063.0,1033.0,1027.76,13120.0,1011.0,1011.0,1011.0,1020.0,23500.0,0.0,-0.8823529411764675,0.8902077151335286,-4.045155221072438,-4.045155221072438,4.215686274509811,0.0,1.791158536585366,True,False,False
1431,Ｌｉｂ　Ｗｏｒｋ,2026-09-07,657.0,657.0,688.0,653.8,651.16,12540.0,656.0,656.0,655.0,655.0,300.0,-0.30441400304414,-0.15220700152207556,-0.1524390243902385,-0.30441400304414,-4.796511627906974,5.038167938931304,4.718417047184165,0.023923444976076555,False,False,False
1433,ベステラ,2026-09-07,1277.0,1336.0,1336.0,1280.6,1204.12,62440.0,1277.0,1277.0,1266.0,1277.0,86000.0,0.0,0.0,0.0,-4.416167664670656,-4.416167664670656,4.620203602192641,0.0,1.3773222293401666,False,False,False
1434,ＪＥＳＣＯホールディングス,2026-09-07,1633.0,1795.0,1795.0,1613.8,1678.2,42800.0,1633.0,1633.0,1618.0,1633.0,42000.0,0.0,0.0,0.0,-9.02506963788301,-9.02506963788301,9.920391916717698,0.0,0.9813084112149533,False,False,False
1435,ｒｏｂｏｔ　ｈｏｍｅ,2026-09-07,179.0,190.0,190.0,177.6,175.44,314800.0,179.0,179.0,175.0,176.0,34800.0,-1.6759776536312887,0.0,-1.6759776536312887,-7.36842105263158,-7.36842105263158,7.954545454545459,0.0,0.11054637865311309,False,False,False
1436,グリーンエナジー＆カンパニー,2026-09-07,1847.0,1888.0,1888.0,1727.2,1588.64,63280.0,1847.0,1847.0,1791.0,1835.0,16600.0,-0.6497022198159175,0.0,-0.6497022198159175,-2.8072033898305038,-2.8072033898305038,2.8882833787466033,0.0,0.26232616940581543,False,False,False
1438,岐阜造園,2026-09-07,2347.0,2396.0,2396.0,2308.0,2246.16,460.0,2298.0,2298.0,2298.0,2347.0,900.0,0.0,-2.087771623348955,2.1322889469103545,-2.045075125208684,-2.045075125208684,2.0877716233489663,0.0,1.9565217391304348,True,False,False
143A,イシン,2026-09-07,702.0,717.0,717.0,699.6,692.76,1460.0,700.0,715.0,700.0,702.0,2100.0,0.0,-0.2849002849002802,0.28571428571428914,-2.092050209205021,-2.092050209205021,2.136752136752129,0.0,1.4383561643835616,True,False,False
1443,技研ホールディングス,2026-09-07,280.0,289.0,289.0,280.2,273.28,58480.0,280.0,280.0,280.0,280.0,64000.0,0.0,0.0,0.0,-3.114186851211076,-3.114186851211076,3.214285714285725,0.0,1.094391244870041,False,False,False
1444,ニッソウ,2026-09-07,2665.0,2705.0,2898.0,2659.0,2644.08,1120.0,2665.0,2666.0,2665.0,2665.0,600.0,0.0,0.0,0.0,-1.4787430683918634,-8.040027605244992,8.742964352720438,7.134935304990764,0.5357142857142857,False,False,False
1446,キャンディル,2026-09-07,538.0,552.0,552.0,538.0,540.92,3440.0,538.0,538.0,538.0,538.0,2700.0,0.0,0.0,0.0,-2.536231884057971,-2.536231884057971,2.6022304832713727,0.0,0.7848837209302325,False,False,False
1447,ＳＡＡＦホールディングス,2026-09-07,390.0,432.0,432.0,411.6,391.04,90260.0,390.0,390.0,373.0,373.0,15800.0,-4.358974358974354,0.0,-4.358974358974354,-13.657407407407407,-13.657407407407407,15.8176943699732,0.0,0.1750498559716375,False,False,False
1450,ＴＡＮＡＫＥＮ,2026-09-07,1463.0,1489.0,1510.0,1470.0,1468.72,2020.0,1464.0,1464.0,1464.0,1463.0,2800.0,0.0,0.06835269993163973,-0.0683060109289646,-1.746138347884485,-3.1125827814569518,3.2125768967874224,1.410342511752849,1.386138613861386,False,False,False
145A,Ｌ　ｉｓ　Ｂ,2026-09-07,896.0,940.0,940.0,907.2,900.32,8940.0,896.0,896.0,890.0,896.0,9700.0,0.0,0.0,0.0,-4.680851063829783,-4.680851063829783,4.910714285714279,0.0,1.0850111856823266,False,False,False
146A,コロンビア・ワークス,2026-09-07,3715.0,4140.0,4140.0,3550.0,3559.6,58220.0,3730.0,3780.0,3710.0,3780.0,7300.0,1.749663526244949,0.40376850605652326,1.3404825737265424,-8.695652173913048,-8.695652173913048,9.523809523809534,0.0,0.12538646513225696,True,False,False
147A,ソラコム,2026-09-07,1006.0,1135.0,1135.0,986.4,1042.04,127800.0,999.0,999.0,982.0,988.0,8100.0,-1.7892644135188873,-0.6958250497017926,-1.1011011011010985,-12.951541850220261,-12.951541850220261,14.878542510121463,0.0,0.06338028169014084,False,False,False
148A,ハッチ・ワーク,2026-09-07,1706.0,1777.0,1777.0,1691.0,1715.16,1180.0,1669.0,1707.0,1669.0,1706.0,1100.0,0.0,-2.1688159437280197,2.2168963451168366,-3.9954980303883003,-3.9954980303883003,4.161781946072685,0.0,0.9322033898305084,True,False,False
1491,中外鉱業,2026-09-07,715.0,853.0,853.0,714.0,736.64,16480.0,715.0,715.0,711.0,715.0,800.0,0.0,0.0,0.0,-16.17819460726846,-16.17819460726846,19.300699300699307,0.0,0.04854368932038835,False,False,False
149A,シンカ,2026-09-07,800.0,830.0,830.0,797.8,775.4,3120.0,791.0,791.0,791.0,800.0,5800.0,0.0,-1.1249999999999982,1.1378002528444897,-3.6144578313253017,-3.6144578313253017,3.750000000000009,0.0,1.858974358974359,True,False,False
150A,ＪＳＨ,2026-09-07,743.0,858.0,858.0,764.4,663.08,364600.0,743.0,743.0,732.0,740.0,13000.0,-0.40376850605652326,0.0,-0.40376850605652326,-13.752913752913754,-13.752913752913754,15.945945945945939,0.0,0.03565551289083928,False,False,False
1514,住石ホールディングス,2026-09-07,684.0,728.0,728.0,666.4,653.12,332020.0,679.0,682.0,669.0,672.0,26700.0,-1.7543859649122862,-0.7309941520467822,-1.0309278350515427,-7.692307692307687,-7.692307692307687,8.333333333333325,0.0,0.08041684235889404,False,False,False
1515,日鉄鉱業,2026-09-07,3490.0,4075.0,4075.0,3545.0,3520.4,1247940.0,3515.0,3570.0,3495.0,3540.0,56700.0,1.4326647564469885,0.7163323782235054,0.7112375533428139,-13.128834355828223,-13.128834355828223,15.112994350282483,0.0,0.045434876676763304,True,False,False
1518,三井松島ホールディングス,2026-09-07,2301.0,2394.0,2403.0,2314.4,2303.48,344480.0,2295.0,2301.0,2281.0,2289.0,25200.0,-0.521512385919165,-0.2607561929595881,-0.2614379084967311,-4.385964912280704,-4.744069912609239,4.980340760157276,0.3759398496240518,0.07315373896888064,False,False,False
151A,ダイブ,2026-09-07,653.0,669.0,669.0,657.0,647.4,8280.0,653.0,653.0,653.0,653.0,2500.0,0.0,0.0,0.0,-2.391629297458897,-2.391629297458897,2.450229709035212,0.0,0.30193236714975846,False,False,False
153A,カウリス,2026-09-07,1569.0,1583.0,1583.0,1486.6,1369.6,56320.0,1567.0,1567.0,1535.0,1555.0,6000.0,-0.8922880815806278,-0.1274697259400881,-0.765794511805995,-1.7687934301958252,-1.7687934301958252,1.8006430868167111,0.0,0.10653409090909091,False,False,False
155A,情報戦略テクノロジー,2026-09-07,820.0,880.0,880.0,817.0,831.04,26840.0,812.0,812.0,808.0,810.0,2600.0,-1.2195121951219523,-0.9756097560975618,-0.24630541871921707,-7.954545454545459,-7.954545454545459,8.64197530864197,0.0,0.09687034277198212,False,False,False
156A,マテリアルグループ,2026-09-07,899.0,907.0,907.0,872.4,849.2,50300.0,898.0,898.0,894.0,899.0,44500.0,0.0,-0.11123470522803602,0.11135857461024301,-0.8820286659316445,-0.8820286659316445,0.8898776418242438,0.0,0.8846918489065606,True,False,False
157A,グリーンモンスター,2026-09-07,777.0,828.0,832.0,755.6,757.32,19920.0,768.0,770.0,765.0,777.0,10900.0,0.0,-1.158301158301156,1.171875,-6.159420289855078,-6.610576923076927,7.078507078507079,0.48309178743961567,0.5471887550200804,True,False,False
1605,ＩＮＰＥＸ,2026-09-07,3788.0,4212.0,4212.0,3924.0,3777.84,5801940.0,3780.0,3781.0,3727.0,3751.0,562300.0,-0.9767687434002137,-0.21119324181626542,-0.7671957671957719,-10.944919278252607,-10.944919278252607,12.290055985070648,0.0,0.09691585917813697,False,False,False
160A,アズパートナーズ,2026-09-07,1976.0,2163.0,2163.0,1965.6,2012.68,7120.0,1980.0,1980.0,1980.0,1976.0,4200.0,0.0,0.2024291497975783,-0.20202020202020332,-8.645399907535833,-8.645399907535833,9.463562753036436,0.0,0.5898876404494382,False,False,False
1662,石油資源開発,2026-09-07,1878.0,2002.0,2002.0,1914.8,1831.4,1305840.0,1865.0,1877.0,1838.0,1845.0,100500.0,-1.757188498402551,-0.6922257720979763,-1.072386058981234,-7.842157842157837,-7.842157842157837,8.509485094850945,0.0,0.07696195552288182,False,False,False
1663,Ｋ＆Ｏエナジーグループ,2026-09-07,1995.0,2032.0,2032.0,1995.2,1910.84,220920.0,1991.0,1998.0,1980.0,1980.0,6200.0,-0.7518796992481258,-0.2005012531328343,-0.5524861878453025,-2.5590551181102317,-2.5590551181102317,2.626262626262621,0.0,0.028064457722252398,False,False,False
166A,タスキホールディングス,2026-09-07,1123.0,1225.0,1225.0,1145.2,1154.04,387760.0,1120.0,1121.0,1116.0,1120.0,10700.0,-0.267141585040076,-0.267141585040076,0.0,-8.571428571428575,-8.571428571428575,9.375,0.0,0.027594388281411183,False,False,False
167A,リョーサン菱洋ホールディングス,2026-09-07,3165.0,3290.0,3290.0,3219.0,3149.68,146680.0,3165.0,3170.0,3145.0,3150.0,9700.0,-0.4739336492891044,0.0,-0.4739336492891044,-4.255319148936165,-4.255319148936165,4.444444444444451,0.0,0.06613035178620126,False,False,False
168A,イタミアート,2026-09-07,1088.0,1091.0,1091.0,1077.8,1073.04,1820.0,1080.0,1088.0,1080.0,1088.0,1000.0,0.0,-0.7352941176470562,0.7407407407407307,-0.2749770852429001,-0.2749770852429001,0.27573529411764053,0.0,0.5494505494505495,True,False,False
1711,ＳＤＳホールディングス,2026-09-07,243.0,249.0,249.0,245.6,241.6,32460.0,244.0,244.0,244.0,243.0,35200.0,0.0,0.4115226337448652,-0.4098360655737654,-2.409638554216864,-2.409638554216864,2.4691358024691468,0.0,1.084411583487369,False,False,False
1716,第一カッター興業,2026-09-07,1397.0,1519.0,1519.0,1394.8,1416.68,31480.0,1395.0,1395.0,1381.0,1397.0,30800.0,0.0,-0.14316392269148048,0.14336917562725038,-8.03159973666886,-8.03159973666886,8.732999284180387,0.0,0.9783989834815756,True,False,False
1717,明豊ファシリティワークス,2026-09-07,935.0,971.0,971.0,942.0,952.88,14660.0,935.0,935.0,935.0,935.0,7200.0,0.0,0.0,0.0,-3.7075180226570525,-3.7075180226570525,3.850267379679151,0.0,0.49113233287858116,False,False,False
1718,美樹工業,2026-09-07,7130.0,7460.0,7460.0,7184.0,6886.8,2840.0,7150.0,7190.0,7130.0,7130.0,3400.0,0.0,0.28050490883591017,-0.2797202797202747,-4.4235924932975905,-4.4235924932975905,4.628330995792429,0.0,1.1971830985915493,False,False,False
1719,安藤・間,2026-09-07,1902.0,1960.5,1960.5,1924.3,1887.58,661340.0,1901.0,1903.0,1893.0,1893.5,67100.0,-0.44689800210304664,-0.0525762355415349,-0.3945291951604424,-3.4174955368528437,-3.4174955368528437,3.538420913651974,0.0,0.10146067075936735,False,False,False
1720,東急建設,2026-09-07,1181.0,1208.0,1208.0,1179.4,1154.36,245720.0,1176.0,1176.0,1168.0,1172.0,9900.0,-0.7620660457239636,-0.42337002540220325,-0.3401360544217691,-2.98013245033113,-2.98013245033113,3.0716723549488067,0.0,0.04028976070323946,False,False,False
1721,コムシスホールディングス,2026-09-07,5419.0,5550.0,5550.0,5445.2,5342.16,350460.0,5394.0,5419.0,5379.0,5392.0,15300.0,-0.49824690902380286,-0.46133973057759237,-0.03707823507601571,-2.846846846846851,-2.846846846846851,2.93026706231454,0.0,0.04365690806368772,False,False,False
1723,日本電技,2026-09-07,2516.0,2568.0,2568.0,2376.4,2228.08,191620.0,2537.0,2544.0,2503.0,2533.0,48400.0,0.6756756756756799,0.8346581875993575,-0.15766653527788943,-1.3629283489096533,-1.3629283489096533,1.3817607579944768,0.0,0.2525832376578645,False,False,False
1724,シンクレイヤ,2026-09-07,722.0,725.0,725.0,719.6,709.64,2460.0,724.0,724.0,724.0,722.0,3400.0,0.0,0.27700831024930483,-0.2762430939226568,-0.4137931034482789,-0.4137931034482789,0.41551246537396835,0.0,1.3821138211382114,False,False,False
1736,オーテック,2026-09-07,2414.0,2460.0,2627.0,2406.2,2402.04,4020.0,2441.0,2441.0,2422.0,2414.0,2100.0,0.0,1.118475559237786,-1.1061040557148738,-1.8699186991869898,-8.108108108108103,8.823529411764696,6.78861788617886,0.5223880597014925,False,False,False
173A,ハンモック,2026-09-07,1563.0,1624.0,1624.0,1563.8,1540.08,2120.0,1554.0,1554.0,1554.0,1563.0,800.0,0.0,-0.5758157389635365,0.5791505791505891,-3.7561576354679826,-3.7561576354679826,3.902751119641712,0.0,0.37735849056603776,True,False,False
1758,太洋基礎工業,2026-09-07,2560.0,2575.0,2575.0,2521.4,2463.44,800.0,2558.0,2558.0,2556.0,2560.0,1200.0,0.0,-0.07812499999999556,0.07818608287724071,-0.5825242718446644,-0.5825242718446644,0.5859375,0.0,1.5,True,False,False
175A,Ｗｉｌｌ　Ｓｍａｒｔ,2026-09-07,664.0,736.0,736.0,646.8,622.08,33680.0,659.0,661.0,659.0,661.0,800.0,-0.45180722891565717,-0.7530120481927693,0.3034901365705611,-10.190217391304346,-10.190217391304346,11.346444780635402,0.0,0.023752969121140142,True,False,False
1762,高松コンストラクショングループ,2026-09-07,4145.0,4320.0,4320.0,4196.0,3992.4,46620.0,4120.0,4120.0,4105.0,4145.0,31000.0,0.0,-0.6031363088057851,0.6067961165048485,-4.05092592592593,-4.05092592592593,4.221954161640529,0.0,0.6649506649506649,True,False,False
1764,工藤建設,2026-09-07,2731.0,2840.0,2840.0,2735.6,2725.04,760.0,2731.0,2731.0,2730.0,2731.0,900.0,0.0,0.0,0.0,-3.838028169014085,-3.838028169014085,3.991212010252654,0.0,1.1842105263157894,False,False,False
1766,東建コーポレーション,2026-09-07,13690.0,13920.0,13920.0,13780.0,13420.8,13240.0,13690.0,13690.0,13600.0,13690.0,10200.0,0.0,0.0,0.0,-1.6522988505747072,-1.6522988505747072,1.6800584368152016,0.0,0.770392749244713,False,False,False
1768,ソネック,2026-09-07,1033.0,1041.0,1118.0,1030.6,1038.12,3900.0,1028.0,1034.0,1028.0,1033.0,1800.0,0.0,-0.4840271055179035,0.4863813229571967,-0.7684918347742542,-7.602862254025045,8.228460793804459,7.396733909702213,0.46153846153846156,True,False,False
1770,藤田エンジニアリング,2026-09-07,2120.0,2138.0,2367.0,2097.0,2085.84,2060.0,2121.0,2121.0,2121.0,2120.0,2200.0,0.0,0.04716981132075748,-0.047147571900052476,-0.8419083255378879,-10.435149978876213,11.65094339622641,10.710944808232004,1.0679611650485437,False,False,False
177A,コージンバイオ,2026-09-07,840.0,900.0,908.0,846.2,862.48,1800.0,840.0,841.0,840.0,840.0,300.0,0.0,0.0,0.0,-6.666666666666665,-7.488986784140971,8.095238095238088,0.8888888888888946,0.16666666666666666,False,False,False
1780,ヤマウラ,2026-09-07,1490.0,1518.0,1555.0,1486.2,1470.12,26840.0,1489.0,1489.0,1482.0,1490.0,21100.0,0.0,-0.06711409395973034,0.0671591672263272,-1.8445322793148922,-4.180064308681675,4.36241610738255,2.43741765480896,0.786140089418778,True,False,False
1783,ｆａｎｔａｓｉｓｔａ,2026-09-07,56.0,57.0,57.0,51.0,48.92,540360.0,59.0,62.0,57.0,62.0,1440100.0,10.71428571428572,5.35714285714286,5.084745762711873,8.771929824561408,8.771929824561408,-8.064516129032262,0.0,2.6650751350951216,True,True,True
1786,オリエンタル白石,2026-09-07,355.0,367.0,389.0,355.8,358.72,533080.0,355.0,355.0,353.0,355.0,519800.0,0.0,0.0,0.0,-3.2697547683923744,-8.740359897172233,9.577464788732403,5.994550408719346,0.9750881668792677,False,False,False
1787,ナカボーテック,2026-09-07,5660.0,6170.0,6170.0,5722.0,5878.8,380.0,5630.0,5630.0,5630.0,5660.0,300.0,0.0,-0.5300353356890497,0.5328596802841812,-8.265802269043764,-8.265802269043764,9.010600706713777,0.0,0.7894736842105263,True,False,False
1788,三東工業社,2026-09-07,4065.0,4380.0,4380.0,4138.0,4267.0,880.0,4065.0,4065.0,4065.0,4065.0,1200.0,0.0,0.0,0.0,-7.191780821917804,-7.191780821917804,7.749077490774914,0.0,1.3636363636363635,False,False,False
1793,大本組,2026-09-07,2087.0,2200.0,2200.0,2096.2,2065.92,3680.0,2087.0,2087.0,2087.0,2087.0,1500.0,0.0,0.0,0.0,-5.1363636363636385,-5.1363636363636385,5.414470531863924,0.0,0.4076086956521739,False,False,False
1798,守谷商会,2026-09-07,1064.0,1138.0,1138.0,1094.6,1043.48,3560.0,1064.0,1064.0,1064.0,1064.0,2300.0,0.0,0.0,0.0,-6.50263620386643,-6.50263620386643,6.954887218045114,0.0,0.6460674157303371,False,False,False
1799,第一建設工業,2026-09-07,3325.0,3395.0,3510.0,3315.0,3319.2,12900.0,3320.0,3320.0,3285.0,3285.0,800.0,-1.2030075187969946,-0.15037593984962294,-1.0542168674698815,-3.2400589101620025,-6.41025641025641,6.849315068493156,3.387334315169377,0.06201550387596899,False,False,False
1801,大成建設,2026-09-07,12825.0,13210.0,13945.0,12778.0,12795.6,632840.0,12900.0,12910.0,12710.0,12770.0,59200.0,-0.4288499025341119,0.5847953216374213,-1.0077519379844913,-3.3308099924299728,-8.425959125134453,9.201252936570082,5.5639666919000685,0.09354655205107136,False,False,False
1802,大林組,2026-09-07,3018.0,3094.0,3343.0,3029.8,3027.1,2284340.0,3013.0,3013.0,2997.5,3004.0,175200.0,-0.46388336646785433,-0.16567263088137496,-0.2987056090275497,-2.9088558500323214,-10.1405922823811,11.284953395472709,8.047834518422746,0.07669611353826489,False,False,False
1803,清水建設,2026-09-07,2417.0,2478.0,2532.5,2404.8,2386.26,2787780.0,2400.0,2410.0,2388.0,2392.5,133000.0,-1.0136532892014882,-0.7033512618949134,-0.31250000000000444,-3.450363196125905,-5.528134254689043,5.851619644723094,2.199354317998381,0.04770821226926084,False,False,False
1807,佐藤渡辺,2026-09-07,1947.0,1966.0,2030.0,1948.4,1911.84,860.0,1925.0,1948.0,1919.0,1947.0,2200.0,0.0,-1.1299435028248594,1.1428571428571344,-0.9664292980671396,-4.088669950738922,4.262968669748335,3.2553407934893253,2.558139534883721,True,False,False
1808,長谷工コーポレーション,2026-09-07,2842.0,2963.0,2963.0,2893.6,2812.82,932160.0,2833.0,2833.0,2811.0,2813.5,44900.0,-1.0028149190710822,-0.3166783954961283,-0.6883162725026426,-5.0455619304758725,-5.0455619304758725,5.313666251999294,0.0,0.04816769653278407,False,False,False
1810,松井建設,2026-09-07,1443.0,1530.0,1530.0,1462.8,1466.48,32660.0,1443.0,1443.0,1430.0,1437.0,4900.0,-0.4158004158004158,0.0,-0.4158004158004158,-6.07843137254902,-6.07843137254902,6.471816283924836,0.0,0.1500306184935701,False,False,False
1811,錢高組,2026-09-07,7660.0,8370.0,8500.0,7732.0,7988.8,980.0,7650.0,7650.0,7620.0,7660.0,1100.0,0.0,-0.13054830287205776,0.13071895424836555,-8.482676224611707,-9.882352941176475,10.966057441253273,1.5531660692950977,1.1224489795918366,True,False,False
1812,鹿島建設,2026-09-07,5016.0,5047.0,5682.0,4954.6,4940.56,1882020.0,4984.0,4991.0,4960.0,4973.0,80800.0,-0.857256778309412,-0.6379585326953707,-0.2207062600320997,-1.4662175549831624,-12.478000703977477,14.256987733762315,12.581731721814936,0.04293259370251113,False,False,False
1813,不動テトラ,2026-09-07,2866.0,2930.0,2930.0,2837.2,2818.52,56200.0,2866.0,2866.0,2835.0,2846.0,9000.0,-0.6978367062107416,0.0,-0.6978367062107416,-2.866894197952219,-2.866894197952219,2.951510892480669,0.0,0.1601423487544484,False,False,False
1814,大末建設,2026-09-07,3635.0,3835.0,3855.0,3641.0,3651.6,62700.0,3620.0,3620.0,3580.0,3600.0,14700.0,-0.9628610729023435,-0.4126547455295726,-0.5524861878453025,-6.1277705345501925,-6.6147859922178975,7.08333333333333,0.5215123859191761,0.23444976076555024,False,False,False
1815,鉄建建設,2026-09-07,4495.0,4615.0,4615.0,4506.0,4413.0,84540.0,4495.0,4505.0,4455.0,4455.0,8700.0,-0.8898776418242438,0.0,-0.8898776418242438,-3.4669555796316365,-3.4669555796316365,3.5914702581369307,0.0,0.10290986515259049,False,False,False
1820,西松建設,2026-09-07,5587.0,5688.0,5688.0,5625.2,5491.0,146560.0,5590.0,5591.0,5555.0,5567.0,26500.0,-0.35797386790764607,0.053696080186149686,-0.4114490161001738,-2.1272855133614654,-2.1272855133614654,2.173522543560269,0.0,0.18081331877729256,False,False,False
1822,大豊建設,2026-09-07,826.0,843.0,843.0,829.2,806.32,208900.0,825.0,825.0,820.0,822.0,61200.0,-0.4842615012106588,-0.1210653753026647,-0.363636363636366,-2.491103202846978,-2.491103202846978,2.5547445255474477,0.0,0.2929631402584969,False,False,False
1826,佐田建設,2026-09-07,1090.0,1117.0,1126.0,1093.0,1090.76,9080.0,1090.0,1090.0,1090.0,1090.0,5000.0,0.0,0.0,0.0,-2.4171888988361645,-3.1971580817051537,3.3027522935779707,0.8057296329453845,0.5506607929515418,False,False,False
1827,ナカノフドー建設,2026-09-07,1367.0,1481.0,1579.0,1351.8,1357.96,9500.0,1354.0,1354.0,1354.0,1367.0,9900.0,0.0,-0.9509875640087762,0.9601181683899451,-7.697501688048614,-13.426219126029137,15.508412582297005,6.6171505739365255,1.0421052631578946,True,False,False
1828,田辺工業,2026-09-07,2534.0,2538.0,2538.0,2488.8,2363.76,15640.0,2550.0,2552.0,2521.0,2521.0,2100.0,-0.5130228887134991,0.6314127861089203,-1.1372549019607825,-0.6698187549251333,-0.6698187549251333,0.6743355811186014,0.0,0.13427109974424553,False,False,False
1833,奥村組,2026-09-07,5740.0,5910.0,5910.0,5796.0,5756.0,148700.0,5740.0,5740.0,5710.0,5720.0,24300.0,-0.34843205574912606,0.0,-0.34843205574912606,-3.2148900169204686,-3.2148900169204686,3.321678321678312,0.0,0.16341627437794218,False,False,False
1835,東鉄工業,2026-09-07,3970.0,4080.0,4270.0,3987.0,4007.0,60540.0,3965.0,3965.0,3940.0,3945.0,5800.0,-0.6297229219143552,-0.12594458438287548,-0.5044136191677207,-3.308823529411764,-7.611241217798592,8.238276299112801,4.656862745098045,0.09580442682523951,False,False,False
1840,土屋ホールディングス,2026-09-07,260.0,260.0,260.0,258.2,251.24,12460.0,260.0,260.0,260.0,260.0,20200.0,0.0,0.0,0.0,0.0,0.0,0.0,0.0,1.6211878009630818,False,False,False
1844,大盛工業,2026-09-07,475.0,500.0,505.0,477.2,480.44,48660.0,474.0,474.0,471.0,475.0,74300.0,0.0,-0.21052631578947212,0.21097046413502962,-5.000000000000004,-5.940594059405946,6.315789473684208,1.0000000000000009,1.5269214960953554,True,False,False
1847,イチケン,2026-09-07,3445.0,3560.0,3560.0,3436.0,3306.72,22940.0,3435.0,3435.0,3410.0,3420.0,1500.0,-0.7256894049346929,-0.2902757619738794,-0.4366812227074246,-3.93258426966292,-3.93258426966292,4.093567251461994,0.0,0.06538796861377506,False,False,False
1848,富士ピー・エス,2026-09-07,757.0,800.0,800.0,772.8,715.44,19000.0,759.0,763.0,756.0,757.0,15500.0,0.0,0.26420079260238705,-0.26350461133070047,-5.3749999999999964,-5.3749999999999964,5.680317040951133,0.0,0.8157894736842105,False,False,False
184A,学びエイド,2026-09-07,324.0,347.0,403.0,321.2,326.04,1900.0,324.0,324.0,324.0,324.0,1400.0,0.0,0.0,0.0,-6.628242074927959,-19.602977667493793,24.382716049382715,16.13832853025936,0.7368421052631579,False,False,False
1850,南海辰村建設,2026-09-07,446.0,446.0,460.0,430.6,419.88,32740.0,447.0,447.0,443.0,443.0,4500.0,-0.6726457399103158,0.22421524663676085,-0.8948545861297563,-0.6726457399103158,-3.6956521739130443,3.8374717832957206,3.1390134529148073,0.13744654856444716,False,False,False
1852,淺沼組,2026-09-07,893.0,950.0,950.0,903.8,910.68,409380.0,893.0,893.0,886.0,888.0,74000.0,-0.5599104143337086,0.0,-0.5599104143337086,-6.52631578947368,-6.52631578947368,6.981981981981988,0.0,0.18076115100884263,False,False,False
1853,森組,2026-09-07,326.0,338.0,338.0,327.0,330.84,18100.0,326.0,326.0,326.0,326.0,10500.0,0.0,0.0,0.0,-3.5502958579881616,-3.5502958579881616,3.6809815950920255,0.0,0.580110497237569,False,False,False
1860,戸田建設,2026-09-07,1506.5,1568.5,1568.5,1533.2,1503.84,853900.0,1510.0,1510.0,1498.0,1499.5,42200.0,-0.46465316959840575,0.23232658479921398,-0.6953642384106007,-4.399107427478488,-4.399107427478488,4.60153384461488,0.0,0.049420306827497366,False,False,False
1861,熊谷組,2026-09-07,1296.0,1327.0,1490.0,1292.0,1316.2,878560.0,1295.0,1296.0,1286.0,1288.0,39700.0,-0.6172839506172867,-0.07716049382715529,-0.540540540540535,-2.9389600602863553,-13.557046979865772,15.683229813664589,12.283345892991715,0.04518757967583318,False,False,False
1866,北野建設,2026-09-07,1170.0,1215.0,1216.0,1170.2,1175.0,14400.0,1161.0,1161.0,1161.0,1170.0,8100.0,0.0,-0.7692307692307665,0.7751937984496138,-3.703703703703709,-3.7828947368421018,3.93162393162394,0.08230452674897748,0.5625,True,False,False
1867,植木組,2026-09-07,2731.0,2900.0,2935.0,2713.2,2730.8,4320.0,2731.0,2731.0,2731.0,2731.0,1700.0,0.0,0.0,0.0,-5.827586206896552,-6.95059625212947,7.469791285243499,1.206896551724146,0.39351851851851855,False,False,False
186A,アストロスケールホールディングス,2026-09-07,1087.0,1380.0,1380.0,1075.8,1175.2,3526820.0,1067.0,1083.0,1059.0,1082.0,248700.0,-0.4599816007359703,-1.839926402943881,1.4058106841611906,-21.59420289855073,-21.59420289855073,27.541589648798514,0.0,0.07051678282418723,True,False,False
1870,矢作建設工業,2026-09-07,2132.0,2255.0,2255.0,2167.4,2089.4,167000.0,2130.0,2130.0,2119.0,2123.0,9500.0,-0.42213883677297837,-0.09380863039399889,-0.328638497652578,-5.853658536585371,-5.853658536585371,6.217616580310881,0.0,0.05688622754491018,False,False,False
1871,ピーエス・コンストラクション,2026-09-07,2199.0,2407.0,2407.0,2229.0,2299.08,104760.0,2190.0,2190.0,2180.0,2199.0,87900.0,0.0,-0.4092769440654842,0.4109589041095818,-8.64146240132946,-8.64146240132946,9.458844929513411,0.0,0.8390607101947308,True,False,False
1873,日本ハウスホールディングス,2026-09-07,310.0,333.0,333.0,321.4,318.52,97240.0,310.0,310.0,308.0,310.0,282400.0,0.0,0.0,0.0,-6.906906906906906,-6.906906906906906,7.41935483870968,0.0,2.904154668860551,False,False,False
1878,大東建託,2026-09-07,3255.0,3377.0,3632.0,3311.6,3275.52,1691980.0,3255.0,3261.0,3247.0,3248.0,77100.0,-0.21505376344086446,0.0,-0.21505376344086446,-3.8199585430855776,-10.572687224669608,11.822660098522174,7.5510808409831265,0.04556791451435596,False,False,False
1879,新日本建設,2026-09-07,2305.0,2390.0,2390.0,2308.4,2290.32,208800.0,2296.0,2296.0,2273.0,2278.0,58700.0,-1.1713665943600904,-0.39045553145335976,-0.7839721254355392,-4.686192468619243,-4.686192468619243,4.916593503072875,0.0,0.2811302681992337,False,False,False
1882,東亜道路工業,2026-09-07,1614.0,1640.0,1654.0,1612.4,1612.36,452580.0,1613.0,1613.0,1606.0,1606.0,17400.0,-0.495662949194553,-0.06195786864932051,-0.43397396156230617,-2.073170731707319,-2.9020556227327687,2.98879202988791,0.8536585365853666,0.03844624154845552,False,False,False
1885,東亜建設工業,2026-09-07,2138.0,2245.0,2245.0,2114.2,2080.56,482600.0,2138.0,2140.0,2121.0,2124.0,23000.0,-0.6548175865294659,0.0,-0.6548175865294659,-5.389755011135855,-5.389755011135855,5.696798493408672,0.0,0.04765851636966432,False,False,False
1887,日本国土開発,2026-09-07,554.0,557.0,557.0,549.0,539.68,296560.0,550.0,551.0,547.0,554.0,188100.0,0.0,-0.7220216606498187,0.727272727272732,-0.538599640933568,-0.538599640933568,0.5415162454873723,0.0,0.634272997032641,True,False,False
1888,若築建設,2026-09-07,3705.0,3970.0,3970.0,3719.0,3767.2,14760.0,3705.0,3705.0,3650.0,3705.0,10600.0,0.0,0.0,0.0,-6.6750629722921895,-6.6750629722921895,7.1524966261808265,0.0,0.7181571815718157,False,False,False
1893,五洋建設,2026-09-07,1465.0,1509.0,1601.0,1455.7,1455.6,1786220.0,1462.5,1466.0,1450.5,1454.5,120100.0,-0.716723549488052,-0.17064846416382506,-0.5470085470085428,-3.611663353214045,-9.150530918176136,10.072189755929873,6.096752816434714,0.06723695849335468,False,False,False
1897,金下建設,2026-09-07,3310.0,3450.0,3575.0,3310.0,3273.8,580.0,3310.0,3310.0,3310.0,3310.0,2300.0,0.0,0.0,0.0,-4.057971014492756,-7.4125874125874125,8.006042296072513,3.6231884057970953,3.9655172413793105,False,False,False
1898,世紀東急工業,2026-09-07,1491.0,1517.0,1522.0,1495.2,1484.68,180380.0,1490.0,1490.0,1479.0,1483.0,33700.0,-0.5365526492287054,-0.06706908115359234,-0.46979865771812346,-2.2412656558998045,-2.562417871222078,2.6298044504383,0.3295978905734964,0.1868278079609713,False,False,False
1899,福田組,2026-09-07,4505.0,5140.0,5140.0,4544.0,4627.0,75980.0,4530.0,4530.0,4500.0,4515.0,4700.0,0.2219755826859071,0.5549389567147678,-0.3311258278145712,-12.159533073929962,-12.159533073929962,13.842746400885941,0.0,0.06185838378520663,False,False,False
189A,Ｄ＆Ｍカンパニー,2026-09-07,1026.0,1026.0,1026.0,1017.0,989.36,1020.0,1016.0,1026.0,1016.0,1026.0,1200.0,0.0,-0.974658869395717,0.9842519685039353,0.0,0.0,0.0,0.0,1.1764705882352942,True,False,False
1904,大成温調,2026-09-07,5070.0,5200.0,5240.0,5092.0,5109.6,8420.0,5060.0,5060.0,5060.0,5070.0,7800.0,0.0,-0.19723865877712132,0.19762845849802257,-2.500000000000002,-3.244274809160308,3.3530571992110403,0.7692307692307665,0.9263657957244655,True,False,False
1905,テノックス,2026-09-07,1457.0,1488.0,1549.0,1453.8,1470.28,8560.0,1463.0,1466.0,1453.0,1457.0,4500.0,0.0,0.41180507892930596,-0.41011619958988277,-2.083333333333337,-5.939315687540347,6.314344543582706,4.0994623655914,0.5257009345794392,False,False,False
1909,日本ドライケミカル,2026-09-07,3700.0,3715.0,3720.0,3698.0,3700.2,162600.0,3700.0,3700.0,3700.0,3700.0,126300.0,0.0,0.0,0.0,-0.40376850605652326,-0.5376344086021501,0.540540540540535,0.13458950201883368,0.7767527675276753,False,False,False
190A,Ｃｈｏｒｄｉａ　Ｔｈｅｒａｐｅｕｔｉｃｓ,2026-09-07,70.0,84.0,84.0,71.0,77.04,358760.0,70.0,70.0,70.0,70.0,11100.0,0.0,0.0,0.0,-16.666666666666664,-16.666666666666664,19.999999999999996,0.0,0.030939904114171034,False,False,False
1911,住友林業,2026-09-07,1285.0,1369.5,1413.0,1306.7,1330.38,4174800.0,1266.0,1275.5,1255.0,1262.5,1042800.0,-1.7509727626459193,-1.478599221789878,-0.2764612954186396,-7.813070463672878,-10.651096956829441,11.920792079207931,3.1763417305586072,0.24978442081057775,False,False,False
1914,日本基礎技術,2026-09-07,825.0,844.0,844.0,827.4,761.48,40840.0,825.0,825.0,825.0,825.0,40100.0,0.0,0.0,0.0,-2.251184834123221,-2.251184834123221,2.3030303030302957,0.0,0.9818805093046034,False,False,False
1921,巴コーポレーション,2026-09-07,1856.0,2008.0,2008.0,1934.4,1909.52,15240.0,1856.0,1872.0,1856.0,1856.0,39800.0,0.0,0.0,0.0,-7.5697211155378525,-7.5697211155378525,8.18965517241379,0.0,2.611548556430446,False,False,False
1925,大和ハウス工業,2026-09-07,4634.0,4799.0,4929.0,4718.2,4644.64,1910380.0,4626.0,4626.0,4608.0,4615.0,120200.0,-0.410012947777294,-0.17263703064307467,-0.23778642455685173,-3.8341321108564252,-6.370460539663214,6.80390032502709,2.708897687018119,0.06291941917314879,False,False,False
1926,ライト工業,2026-09-07,3820.0,3905.0,4035.0,3817.0,3777.8,129460.0,3815.0,3820.0,3790.0,3800.0,15700.0,-0.5235602094240788,-0.13089005235602524,-0.3931847968545177,-2.688860435339313,-5.824039653035939,6.184210526315792,3.3290653008962945,0.12127298007106442,False,False,False
1928,積水ハウス,2026-09-07,3340.0,3528.0,3767.0,3400.4,3417.56,2267020.0,3328.0,3328.0,3306.0,3318.0,215300.0,-0.6586826347305341,-0.3592814371257469,-0.30048076923077094,-5.952380952380953,-11.91929917706398,13.53224834237492,6.774376417233552,0.09497048989422237,False,False,False
1929,日特建設,2026-09-07,1213.0,1222.0,1222.0,1203.0,1169.84,80420.0,1210.0,1210.0,1205.0,1205.0,15700.0,-0.6595218466611708,-0.2473206924979432,-0.4132231404958664,-1.3911620294599025,-1.3911620294599025,1.4107883817427336,0.0,0.19522506839094753,False,False,False
192A,インテグループ,2026-09-07,1281.0,1325.0,1325.0,1265.6,1233.64,1780.0,1275.0,1298.0,1270.0,1281.0,2800.0,0.0,-0.4683840749414525,0.47058823529411153,-3.3207547169811336,-3.3207547169811336,3.4348165495706517,0.0,1.5730337078651686,True,False,False
1930,北陸電気工事,2026-09-07,1600.0,1604.0,1733.0,1569.6,1528.48,64120.0,1599.0,1599.0,1587.0,1600.0,87600.0,0.0,-0.06249999999999867,0.0625390869293252,-0.24937655860348684,-7.674552798615119,8.31249999999999,8.042394014962584,1.3661883967560824,True,False,False
1934,ユアテック,2026-09-07,2650.0,2675.0,2675.0,2614.0,2503.36,154100.0,2648.0,2648.0,2624.0,2629.0,9200.0,-0.7924528301886835,-0.07547169811320531,-0.7175226586102701,-1.7196261682242975,-1.7196261682242975,1.749714720426021,0.0,0.05970149253731343,False,False,False
1938,日本リーテック,2026-09-07,2559.0,2626.0,2626.0,2518.0,2485.76,82600.0,2560.0,2560.0,2520.0,2530.0,4700.0,-1.133255177803827,0.03907776475184921,-1.171875,-3.6557501904036505,-3.6557501904036505,3.7944664031620556,0.0,0.05690072639225181,False,False,False
1939,四電工,2026-09-07,2332.0,2359.0,2359.0,2290.0,2157.44,149380.0,2309.0,2336.0,2287.0,2305.0,12300.0,-1.1578044596912473,-0.9862778730703292,-0.17323516673884987,-2.28910555320051,-2.28910555320051,2.3427331887201808,0.0,0.08234034007229883,False,False,False
1941,中電工,2026-09-07,5220.0,5240.0,5240.0,5184.0,5101.4,84920.0,5210.0,5210.0,5180.0,5220.0,80200.0,0.0,-0.19157088122605526,0.19193857965451588,-0.3816793893129722,-0.3816793893129722,0.3831417624521105,0.0,0.9444182760244937,True,False,False
1942,関電工,2026-09-07,5738.0,5844.0,6100.0,5683.2,5515.92,857540.0,5700.0,5705.0,5665.0,5685.0,31200.0,-0.9236667828511624,-0.6622516556291425,-0.2631578947368429,-2.72073921971252,-6.803278688524594,7.299912049252422,4.380561259411353,0.036383142477318844,False,False,False
1944,きんでん,2026-09-07,7184.0,7320.0,7862.0,7114.0,6955.72,628360.0,7120.0,7122.0,7034.0,7093.0,34800.0,-1.2667037861915365,-0.8908685968819552,-0.37921348314606806,-3.101092896174862,-9.781226151106592,10.841674890737352,7.404371584699443,0.05538226494366287,False,False,False
1945,東京エネシス,2026-09-07,2179.0,2190.0,2190.0,2105.8,2061.92,219500.0,2150.0,2154.0,2132.0,2135.0,20200.0,-2.0192748967416296,-1.3308857273978902,-0.6976744186046546,-2.511415525114158,-2.511415525114158,2.576112412177989,0.0,0.09202733485193622,False,False,False
1946,トーエネック,2026-09-07,2260.0,2315.0,2315.0,2242.8,2145.04,203520.0,2255.0,2259.0,2230.0,2232.0,7000.0,-1.2389380530973493,-0.22123893805309214,-1.0199556541020005,-3.585313174946003,-3.585313174946003,3.7186379928315416,0.0,0.034394654088050314,False,False,False
1948,弘電社,2026-09-07,11420.0,11480.0,11480.0,11420.0,11418.0,4440.0,11420.0,11420.0,11420.0,11420.0,9100.0,0.0,0.0,0.0,-0.5226480836236891,-0.5226480836236891,0.5253940455341555,0.0,2.0495495495495497,False,False,False
194A,ＷＯＬＶＥＳ　ＨＡＮＤ,2026-09-07,1854.0,2160.0,2160.0,1904.4,1820.48,63500.0,1853.0,1868.0,1853.0,1863.0,2200.0,0.4854368932038833,-0.05393743257821049,0.5396654074473872,-13.749999999999996,-13.749999999999996,15.94202898550725,0.0,0.03464566929133858,True,False,False
1950,日本電設工業,2026-09-07,4065.0,4105.0,4155.0,4020.0,3926.2,96580.0,4065.0,4070.0,4040.0,4045.0,4400.0,-0.49200492004920493,0.0,-0.49200492004920493,-1.461632155907433,-2.6474127557160054,2.7194066749072876,1.218026796589533,0.04555808656036447,False,False,False
1951,エクシオグループ,2026-09-07,2622.0,2702.5,2775.0,2633.8,2612.36,431680.0,2604.0,2609.0,2598.0,2602.0,19000.0,-0.7627765064835978,-0.6864988558352381,-0.07680491551459445,-3.71877890841813,-6.234234234234237,6.648731744811687,2.6827012025901986,0.04401408450704225,False,False,False
1952,新日本空調,2026-09-07,3225.0,3250.0,3500.0,3170.0,3142.2,117500.0,3230.0,3230.0,3180.0,3185.0,10000.0,-1.2403100775193798,0.15503875968991832,-1.393188854489169,-2.0000000000000018,-8.999999999999996,9.8901098901099,7.692307692307687,0.0851063829787234,False,False,False
1959,クラフティア,2026-09-07,8209.0,8546.0,9368.0,8202.8,8222.16,163080.0,8150.0,8180.0,8103.0,8130.0,6400.0,-0.9623583871360752,-0.7187233524180825,-0.24539877300613355,-4.867774397378888,-13.215200683176775,15.227552275522749,9.61853498712848,0.039244542555800836,False,False,False
195A,ＭＵＳＣＡＴ　ＧＲＯＵＰ,2026-09-07,651.0,719.0,805.0,674.4,649.04,28520.0,661.0,705.0,661.0,705.0,7500.0,8.294930875576046,1.5360983102918668,6.656580937972767,-1.947148817802502,-12.422360248447205,14.184397163120565,11.961057023643939,0.26297335203366057,True,False,False
1960,サンテック,2026-09-07,1729.0,1790.0,1790.0,1677.0,1631.72,18360.0,1723.0,1723.0,1713.0,1729.0,30700.0,0.0,-0.3470213996529803,0.34822983168891763,-3.4078212290502785,-3.4078212290502785,3.528050896471946,0.0,1.6721132897603486,True,False,False
1961,三機工業,2026-09-07,2475.0,2585.0,2585.0,2421.2,2406.76,309860.0,2472.0,2472.0,2433.0,2440.0,22500.0,-1.4141414141414121,-0.12121212121212199,-1.2944983818770184,-5.609284332688591,-5.609284332688591,5.942622950819665,0.0,0.07261343832698638,False,False,False
1963,日揮ホールディングス,2026-09-07,2391.5,2427.0,2427.0,2368.1,2306.76,1768800.0,2364.5,2383.0,2352.5,2382.5,94900.0,-0.3763328454944648,-1.1289985364833832,0.761260308733358,-1.8335393489905205,-1.8335393489905205,1.8677859391395657,0.0,0.05365219357756671,True,False,False
1964,中外炉工業,2026-09-07,4010.0,4250.0,4250.0,3986.0,4041.2,18840.0,3980.0,3980.0,3950.0,4010.0,16800.0,0.0,-0.7481296758104716,0.7537688442211143,-5.647058823529417,-5.647058823529417,5.985037406483795,0.0,0.89171974522293,True,False,False
1965,テクノ菱和,2026-09-07,7250.0,7310.0,7310.0,6890.0,6425.2,67940.0,7210.0,7270.0,7120.0,7210.0,8200.0,-0.5517241379310311,-0.5517241379310311,0.0,-1.3679890560875485,-1.3679890560875485,1.386962552011095,0.0,0.12069473064468648,False,False,False
1966,高田工業所,2026-09-07,1736.0,1765.0,1775.0,1739.4,1733.44,2320.0,1738.0,1738.0,1738.0,1736.0,3200.0,0.0,0.11520737327188613,-0.11507479861909697,-1.643059490084986,-2.1971830985915486,2.246543778801846,0.56657223796035,1.3793103448275863,False,False,False
1967,ヤマト,2026-09-07,2111.0,2174.0,2192.0,2100.6,2077.36,11300.0,2111.0,2111.0,2085.0,2093.0,1800.0,-0.85267645665561,0.0,-0.85267645665561,-3.7258509659613637,-4.516423357664234,4.730052556139519,0.8279668813247376,0.1592920353982301,False,False,False
1968,太平電業,2026-09-07,2551.0,2582.0,2594.0,2499.8,2441.48,127900.0,2555.0,2568.0,2523.0,2533.0,35300.0,-0.7056056448451642,0.1568012544100439,-0.8610567514677148,-1.8977536793183591,-2.351580570547418,2.408211606790367,0.4647560030983655,0.2759968725566849,False,False,False
1969,高砂熱学工業,2026-09-07,4449.0,4476.0,4526.0,4343.0,4273.4,475400.0,4427.0,4449.0,4417.0,4418.0,40700.0,-0.6967857945605727,-0.4944931445268641,-0.20329794443189053,-1.2957998212689947,-2.386212991604064,2.4445450430058857,1.1170688114387817,0.08561211611274716,False,False,False
196A,ＭＦＳ,2026-09-07,352.0,391.0,391.0,334.8,320.36,225080.0,350.0,350.0,344.0,352.0,190100.0,0.0,-0.5681818181818232,0.5714285714285783,-9.974424552429673,-9.974424552429673,11.079545454545459,0.0,0.8445885907232984,True,False,False
1972,三晃金属工業,2026-09-07,1335.0,1356.0,1356.0,1331.0,1317.88,35800.0,1335.0,1335.0,1328.0,1335.0,62400.0,0.0,0.0,0.0,-1.5486725663716783,-1.5486725663716783,1.573033707865168,0.0,1.7430167597765363,False,False,False
1975,朝日工業社,2026-09-07,4005.0,4130.0,4175.0,3918.0,3864.8,70860.0,3965.0,3965.0,3920.0,4005.0,53000.0,0.0,-0.9987515605493158,1.0088272383354413,-3.0266343825665842,-4.071856287425146,4.244694132334592,1.0895883777239712,0.7479537115438893,True,False,False
1976,明星工業,2026-09-07,1706.0,1909.0,2110.0,1708.2,1782.28,91620.0,1716.0,1720.0,1699.0,1706.0,61900.0,0.0,0.5861664712778492,-0.5827505827505797,-10.633839706652692,-19.14691943127962,23.68112543962486,10.529072812991092,0.6756166775813142,False,False,False
1979,大氣社,2026-09-07,3895.0,4200.0,4515.0,3918.0,4020.8,233760.0,3890.0,3890.0,3865.0,3865.0,10600.0,-0.7702182284980763,-0.12836970474967568,-0.6426735218509005,-7.976190476190482,-14.396456256921375,16.817593790426912,7.499999999999996,0.04534565366187543,False,False,False
197A,タウンズ,2026-09-07,506.0,512.0,512.0,505.2,492.48,173680.0,505.0,505.0,502.0,503.0,14400.0,-0.5928853754940677,-0.19762845849802257,-0.3960396039603964,-1.7578125,-1.7578125,1.7892644135188762,0.0,0.08291110087517273,False,False,False
1980,ダイダン,2026-09-07,2829.0,2948.0,2948.0,2774.0,2707.32,455060.0,2866.0,2870.0,2804.0,2813.0,93700.0,-0.5655708731000408,1.307882644043823,-1.8492672714584768,-4.579375848032563,-4.579375848032563,4.799146818343414,0.0,0.20590691337406056,False,False,False
1981,協和日成,2026-09-07,1346.0,1366.0,1385.0,1343.8,1329.8,5540.0,1342.0,1342.0,1342.0,1346.0,3000.0,0.0,-0.2971768202080227,0.29806259314455463,-1.4641288433382083,-2.8158844765342916,2.8974739970282215,1.3909224011713128,0.5415162454873647,True,False,False
1982,日比谷総合設備,2026-09-07,3160.0,3160.0,3260.0,3016.6,2954.28,136060.0,3120.0,3125.0,3090.0,3105.0,5300.0,-1.7405063291139222,-1.2658227848101222,-0.48076923076922906,-1.7405063291139222,-4.754601226993859,4.99194847020934,3.164556962025311,0.03895340291048067,False,False,False
198A,ＰｏｓｔＰｒｉｍｅ,2026-09-07,169.0,188.0,188.0,168.6,161.08,100880.0,171.0,171.0,167.0,169.0,18500.0,0.0,1.183431952662728,-1.1695906432748537,-10.106382978723405,-10.106382978723405,11.242603550295849,0.0,0.18338620142743853,False,False,False
1994,高橋カーテンウォール工業,2026-09-07,619.0,651.0,651.0,619.2,587.92,25380.0,619.0,619.0,619.0,619.0,17000.0,0.0,0.0,0.0,-4.915514592933945,-4.915514592933945,5.169628432956386,0.0,0.6698187549251379,False,False,False
1997,暁飯島工業,2026-09-07,3875.0,4290.0,4290.0,3899.0,3981.4,2460.0,3925.0,3940.0,3800.0,3875.0,4500.0,0.0,1.2903225806451646,-1.273885350318471,-9.673659673659674,-9.673659673659674,10.709677419354847,0.0,1.829268292682927,False,False,False
2001,ニップン,2026-09-07,2910.0,2999.0,2999.0,2959.2,2886.24,152100.0,2910.0,2921.0,2897.0,2897.0,11500.0,-0.44673539518900185,0.0,-0.44673539518900185,-3.401133711237081,-3.401133711237081,3.5208836727649295,0.0,0.07560815253122946,False,False,False
2002,日清製粉グループ本社,2026-09-07,2011.5,2082.0,2189.5,2053.3,2023.2,910000.0,2005.0,2012.5,1995.0,1996.5,87900.0,-0.7457121551081247,-0.32314193388018886,-0.4239401496259343,-4.106628242074928,-8.81479789906371,9.666917104933637,5.163304514889533,0.0965934065934066,False,False,False
2003,日東富士製粉,2026-09-07,1806.0,1830.0,1905.0,1812.6,1784.52,23600.0,1806.0,1806.0,1790.0,1790.0,1400.0,-0.8859357696566983,0.0,-0.8859357696566983,-2.1857923497267784,-6.036745406824151,6.424581005586583,4.098360655737698,0.059322033898305086,False,False,False
2004,昭和産業,2026-09-07,3825.0,3880.0,3880.0,3843.0,3673.0,68400.0,3825.0,3825.0,3800.0,3810.0,2200.0,-0.39215686274509665,0.0,-0.39215686274509665,-1.8041237113402109,-1.8041237113402109,1.8372703412073532,0.0,0.03216374269005848,False,False,False
2009,鳥越製粉,2026-09-07,1103.0,1113.0,1113.0,1105.0,1091.24,11500.0,1103.0,1103.0,1100.0,1103.0,17800.0,0.0,0.0,0.0,-0.8984725965858087,-0.8984725965858087,0.9066183136899442,0.0,1.5478260869565217,False,False,False
2053,中部飼料,2026-09-07,1998.0,2059.0,2059.0,2020.4,1981.36,58080.0,1991.0,2004.0,1990.0,1998.0,43300.0,0.0,-0.350350350350348,0.35158211953791874,-2.962603205439529,-2.962603205439529,3.0530530530530564,0.0,0.7455234159779615,True,False,False
2055,日和産業,2026-09-07,351.0,359.0,359.0,348.8,346.08,13840.0,351.0,351.0,351.0,351.0,14400.0,0.0,0.0,0.0,-2.228412256267409,-2.228412256267409,2.279202279202286,0.0,1.0404624277456647,False,False,False
205A,ロゴスホールディングス,2026-09-07,1645.0,1731.0,1933.0,1644.0,1694.92,28320.0,1640.0,1647.0,1636.0,1645.0,19400.0,0.0,-0.3039513677811523,0.304878048780477,-4.968226458694391,-14.899120538023801,17.50759878419452,11.66955517042172,0.6850282485875706,True,False,False
2060,フィード・ワン,2026-09-07,1445.0,1477.0,1477.0,1455.2,1384.0,116440.0,1446.0,1446.0,1439.0,1442.0,3900.0,-0.20761245674740803,0.06920415224913601,-0.2766251728907321,-2.3696682464455,-2.3696682464455,2.4271844660194164,0.0,0.033493644795602885,False,False,False
206A,ＰＲＩＳＭ　ＢｉｏＬａｂ,2026-09-07,180.0,183.0,183.0,174.6,168.84,65100.0,180.0,180.0,176.0,178.0,8900.0,-1.1111111111111072,0.0,-1.1111111111111072,-2.732240437158473,-2.732240437158473,2.8089887640449396,0.0,0.13671274961597543,False,False,False
208A,構造計画研究所ホールディングス,2026-09-07,2901.0,3105.0,3105.0,2921.8,2972.4,13260.0,2896.0,2896.0,2875.0,2901.0,11500.0,0.0,-0.17235436056531883,0.17265193370166187,-6.570048309178745,-6.570048309178745,7.032057911065159,0.0,0.8672699849170438,True,False,False
2108,日本甜菜製糖,2026-09-07,5350.0,5980.0,5980.0,5422.0,5410.0,42780.0,5350.0,5350.0,5330.0,5330.0,1600.0,-0.37383177570093906,0.0,-0.37383177570093906,-10.869565217391308,-10.869565217391308,12.195121951219523,0.0,0.03740065451145395,False,False,False
2109,ＤＭ三井製糖,2026-09-07,3735.0,3865.0,3865.0,3791.0,3606.6,70060.0,3730.0,3735.0,3725.0,3730.0,3100.0,-0.1338688085676054,-0.1338688085676054,0.0,-3.4928848641655907,-3.4928848641655907,3.6193029490616535,0.0,0.04424778761061947,False,False,False
2112,塩水港精糖,2026-09-07,470.0,485.0,485.0,471.4,464.96,39820.0,471.0,471.0,464.0,470.0,38100.0,0.0,0.21276595744681437,-0.2123142250530785,-3.0927835051546393,-3.0927835051546393,3.1914893617021267,0.0,0.9568056253139126,False,False,False
2114,フジ日本,2026-09-07,682.0,694.0,694.0,680.8,652.28,19200.0,688.0,688.0,681.0,682.0,14000.0,0.0,0.8797653958944274,-0.8720930232558155,-1.729106628242072,-1.729106628242072,1.7595307917888547,0.0,0.7291666666666666,False,False,False
2117,ウェルネオシュガー,2026-09-07,2802.0,2923.0,2923.0,2820.4,2809.56,24260.0,2802.0,2802.0,2789.0,2802.0,31200.0,0.0,0.0,0.0,-4.1395826205952835,-4.1395826205952835,4.318344039971445,0.0,1.2860676009892829,False,False,False
211A,カドス・コーポレーション,2026-09-07,3375.0,3415.0,3935.0,3379.0,3346.4,2020.0,3390.0,3390.0,3390.0,3375.0,2800.0,0.0,0.4444444444444473,-0.4424778761061954,-1.171303074670571,-14.23125794155019,16.592592592592602,15.226939970717424,1.386138613861386,False,False,False
2120,ＬＩＦＵＬＬ,2026-09-07,225.0,249.0,249.0,231.0,228.28,753960.0,225.0,225.0,223.0,224.0,146300.0,-0.4444444444444473,0.0,-0.4444444444444473,-10.040160642570283,-10.040160642570283,11.16071428571428,0.0,0.19404212425062337,False,False,False
2121,ＭＩＸＩ,2026-09-07,3555.0,3825.0,3825.0,3657.0,3467.4,503720.0,3530.0,3530.0,3515.0,3520.0,13200.0,-0.9845288326300938,-0.7032348804500654,-0.283286118980175,-7.973856209150332,-7.973856209150332,8.66477272727273,0.0,0.02620503454300008,False,False,False
2122,インタースペース,2026-09-07,1499.0,1520.0,1520.0,1502.0,1443.4,7940.0,1499.0,1499.0,1487.0,1488.0,400.0,-0.7338225483655814,0.0,-0.7338225483655814,-2.1052631578947323,-2.1052631578947323,2.1505376344086002,0.0,0.05037783375314862,False,False,False
2124,ジェイエイシーリクルートメント,2026-09-07,969.0,1065.0,1065.0,985.2,979.48,412500.0,966.0,969.0,960.0,962.0,39400.0,-0.7223942208462342,-0.3095975232198178,-0.41407867494823725,-9.67136150234742,-9.67136150234742,10.70686070686071,0.0,0.09551515151515151,False,False,False
2127,日本Ｍ＆Ａセンターホールディングス,2026-09-07,654.7000122070312,695.2000122070312,714.9000244140625,662.2200073242187,663.5360034179688,4156300.0,650.0,650.2000122070312,641.2000122070312,643.5,555300.0,-1.7107090267610259,-0.7178879058192256,-1.0000000000000009,-7.436710486080223,-9.987413900647502,11.095574889520199,2.8337186221401467,0.1336044077665231,False,False,False
212A,フィットイージー,2026-09-07,2944.0,3155.0,3155.0,2893.8,2971.8,125980.0,2971.0,3005.0,2939.0,3000.0,34400.0,1.9021739130434812,0.9171195652173836,0.9761023224503562,-4.912836767036454,-4.912836767036454,5.166666666666675,0.0,0.27305921574853154,True,False,False
2130,メンバーズ,2026-09-07,904.0,969.0,1118.0,910.2,923.48,65100.0,903.0,903.0,896.0,897.0,22400.0,-0.7743362831858391,-0.11061946902655162,-0.6644518272425293,-7.430340557275539,-19.76744186046512,24.63768115942029,15.376676986584116,0.34408602150537637,False,False,False
2134,北浜キャピタルパートナーズ,2026-09-07,21.0,25.0,26.0,20.4,22.08,526240.0,20.0,21.0,20.0,21.0,950300.0,0.0,-4.761904761904767,5.000000000000004,-16.000000000000004,-19.23076923076923,23.809523809523814,4.0000000000000036,1.8058300395256917,True,False,False
2136,ヒップ,2026-09-07,1431.0,1440.0,1460.0,1419.6,1420.36,1260.0,1439.0,1439.0,1414.0,1431.0,600.0,0.0,0.5590496156533842,-0.5559416261292527,-0.6249999999999978,-1.9863013698630083,2.0265548567435454,1.388888888888884,0.47619047619047616,False,False,False
2138,クルーズ,2026-09-07,448.0,473.0,473.0,452.6,455.52,10900.0,448.0,448.0,448.0,448.0,32700.0,0.0,0.0,0.0,-5.285412262156452,-5.285412262156452,5.58035714285714,0.0,3.0,False,False,False
2139,中広,2026-09-07,521.0,532.0,533.0,523.0,525.32,2300.0,521.0,521.0,521.0,521.0,2600.0,0.0,0.0,0.0,-2.0676691729323293,-2.251407129455907,2.303262955854124,0.1879699248120259,1.1304347826086956,False,False,False
2146,ＵＴグループ,2026-09-07,226.0,240.0,240.0,229.2,219.16,4661660.0,225.0,226.0,225.0,225.0,335200.0,-0.4424778761061954,-0.4424778761061954,0.0,-6.25,-6.25,6.666666666666665,0.0,0.0719057159895831,False,False,False
2148,アイティメディア,2026-09-07,1173.0,1279.0,1279.0,1190.8,1227.28,37580.0,1166.0,1166.0,1161.0,1165.0,6700.0,-0.6820119352088705,-0.5967604433077534,-0.08576329331045907,-8.913213448006251,-8.913213448006251,9.785407725321882,0.0,0.17828632251197446,False,False,False
2152,幼児活動研究会,2026-09-07,1530.0,1594.0,1628.0,1525.8,1522.96,420.0,1522.0,1522.0,1522.0,1530.0,400.0,0.0,-0.5228758169934622,0.5256241787122251,-4.015056461731492,-6.019656019656017,6.405228758169934,2.132998745294845,0.9523809523809523,True,False,False
2153,Ｅ・Ｊホールディングス,2026-09-07,1845.0,1908.0,1908.0,1864.2,1802.16,60600.0,1838.0,1840.0,1821.0,1828.0,10900.0,-0.9214092140921393,-0.3794037940379358,-0.5440696409140355,-4.192872117400414,-4.192872117400414,4.37636761487965,0.0,0.17986798679867988,False,False,False
2154,オープンアップグループ,2026-09-07,1965.0,2083.0,2106.0,2008.4,2014.64,126960.0,1965.0,1965.0,1955.0,1959.0,8900.0,-0.3053435114503844,0.0,-0.3053435114503844,-5.9529524723955785,-6.980056980056981,7.503828483920372,1.1041766682669207,0.07010081915563957,False,False,False
2156,セーラー広告,2026-09-07,281.0,285.0,285.0,280.4,275.36,1920.0,279.0,279.0,279.0,281.0,3200.0,0.0,-0.7117437722419906,0.7168458781362075,-1.403508771929829,-1.403508771929829,1.4234875444839812,0.0,1.6666666666666667,True,False,False
2157,コシダカホールディングス,2026-09-07,1003.0,1076.0,1099.0,1024.4,1030.4,874220.0,1001.0,1007.0,999.0,999.0,42300.0,-0.3988035892322994,-0.1994017946161497,-0.19980019980020414,-7.15613382899628,-9.099181073703367,10.010010010010006,2.1375464684014966,0.0483859897966187,False,False,False
2158,ＦＲＯＮＴＥＯ,2026-09-07,632.0,675.0,675.0,622.6,636.88,202860.0,623.0,630.0,622.0,628.0,17100.0,-0.6329113924050667,-1.424050632911389,0.8025682182985605,-6.96296296296296,-6.96296296296296,7.484076433121012,0.0,0.08429458740017746,True,False,False
215A,タイミー,2026-09-07,1650.0,1825.0,1825.0,1665.2,1642.24,1512700.0,1619.0,1637.0,1617.0,1626.0,67900.0,-1.4545454545454528,-1.8787878787878798,0.4323656578134605,-10.9041095890411,-10.9041095890411,12.238622386223863,0.0,0.04488662656177696,True,False,False
2160,ジーエヌアイグループ,2026-09-07,2933.0,2988.0,2988.0,2843.6,2794.8,916900.0,2938.0,2954.0,2920.0,2950.0,69300.0,0.5796113194681318,0.17047391749063223,0.4084411164057222,-1.2717536813922403,-1.2717536813922403,1.2881355932203409,0.0,0.07558076126076999,True,False,False
2163,アルトナー,2026-09-07,961.0,984.0,1009.0,964.0,966.8,18640.0,963.0,963.0,959.0,961.0,22600.0,0.0,0.20811654526535772,-0.20768431983385627,-2.3373983739837345,-4.757185332011893,4.994797086368363,2.5406504065040636,1.2124463519313304,False,False,False
2164,地域新聞社,2026-09-07,119.0,188.0,188.0,124.6,148.36,213600.0,119.0,119.0,119.0,119.0,121000.0,0.0,0.0,0.0,-36.702127659574465,-36.702127659574465,57.98319327731092,0.0,0.5664794007490637,False,False,False
2168,パソナグループ,2026-09-07,1603.0,1762.0,1762.0,1666.8,1645.68,164700.0,1603.0,1603.0,1590.0,1592.0,18100.0,-0.6862133499688117,0.0,-0.6862133499688117,-9.64812712826334,-9.64812712826334,10.678391959799004,0.0,0.10989678202792957,False,False,False
2169,ＣＤＳ,2026-09-07,1732.0,1738.0,1738.0,1728.4,1720.76,2220.0,1733.0,1733.0,1733.0,1732.0,4400.0,0.0,0.05773672055426893,-0.057703404500863975,-0.345224395857302,-0.345224395857302,0.34642032332563577,0.0,1.981981981981982,False,False,False
2170,リンクアンドモチベーション,2026-09-07,660.0,749.0,749.0,676.2,663.4,407900.0,657.0,657.0,651.0,660.0,283700.0,0.0,-0.4545454545454519,0.45662100456620447,-11.882510013351133,-11.882510013351133,13.484848484848477,0.0,0.6955136062760481,True,False,False
2173,博展,2026-09-07,728.0,745.0,745.0,721.0,712.4,9220.0,718.0,720.0,716.0,720.0,2900.0,-1.098901098901095,-1.3736263736263687,0.278551532033422,-3.3557046979865723,-3.3557046979865723,3.472222222222232,0.0,0.31453362255965295,True,False,False
2175,エス・エム・エス,2026-09-07,2568.0,2603.0,2603.0,2509.0,2360.4,570500.0,2568.0,2586.0,2550.0,2558.0,26600.0,-0.3894080996884708,0.0,-0.3894080996884708,-1.7287744909719516,-1.7287744909719516,1.7591868647380826,0.0,0.046625766871165646,False,False,False
2179,成学社,2026-09-07,829.0,888.0,888.0,834.6,840.92,1380.0,828.0,828.0,828.0,829.0,1100.0,0.0,-0.12062726176115257,0.12077294685990392,-6.644144144144148,-6.644144144144148,7.117008443908324,0.0,0.7971014492753623,True,False,False
2180,サニーサイドアップグループ,2026-09-07,1306.0,1315.0,1315.0,1308.8,1307.64,10160.0,1306.0,1307.0,1306.0,1306.0,48800.0,0.0,0.0,0.0,-0.6844106463878341,-0.6844106463878341,0.6891271056661541,0.0,4.803149606299213,False,False,False
2181,パーソルホールディングス,2026-09-07,294.79998779296875,304.29998779296875,304.29998779296875,298.6999938964844,285.82399658203127,9578520.0,292.29998779296875,293.0,291.70001220703125,292.0,388100.0,-0.9497923707293743,-0.8480325995656735,-0.10263010793597482,-4.042059903511097,-4.042059903511097,4.212324586633143,0.0,0.04051774178056735,False,False,False
2183,リニカル,2026-09-07,205.0,213.0,213.0,206.0,207.12,33140.0,204.0,204.0,204.0,205.0,78100.0,0.0,-0.4878048780487809,0.4901960784313708,-3.7558685446009377,-3.7558685446009377,3.9024390243902474,0.0,2.3566686783343394,True,False,False
2185,シイエム・シイ,2026-09-07,2001.0,2010.0,2010.0,2003.6,1944.8,1640.0,1999.0,1999.0,1999.0,2001.0,2700.0,0.0,-0.09995002498750516,0.10005002501249916,-0.4477611940298498,-0.4477611940298498,0.4497751124437732,0.0,1.646341463414634,True,False,False
2186,ソーバル,2026-09-07,905.0,932.0,932.0,902.2,914.36,16840.0,905.0,905.0,905.0,905.0,9700.0,0.0,0.0,0.0,-2.896995708154504,-2.896995708154504,2.983425414364649,0.0,0.5760095011876485,False,False,False
218A,Ｌｉｂｅｒａｗａｒｅ,2026-09-07,1171.0,1238.0,1238.0,1172.8,1112.72,263420.0,1155.0,1172.0,1136.0,1169.0,31200.0,-0.1707941929974366,-1.3663535439795038,1.21212121212122,-5.573505654281097,-5.573505654281097,5.902480752780148,0.0,0.11844203173639055,True,False,False
2193,クックパッド,2026-09-07,127.0,139.0,139.0,129.0,129.84,298900.0,127.0,127.0,127.0,127.0,342100.0,0.0,0.0,0.0,-8.633093525179858,-8.633093525179858,9.4488188976378,0.0,1.1445299431247908,False,False,False
2195,アミタホールディングス,2026-09-07,369.0,434.0,434.0,386.8,357.0,176720.0,369.0,375.0,369.0,369.0,108300.0,0.0,0.0,0.0,-14.97695852534562,-14.97695852534562,17.615176151761514,0.0,0.6128338614757809,False,False,False
2198,アイ・ケイ・ケイホールディングス,2026-09-07,778.0,796.0,812.0,782.6,780.76,22420.0,779.0,779.0,775.0,778.0,16900.0,0.0,0.12853470437017567,-0.12836970474967568,-2.261306532663321,-4.187192118226601,4.370179948586128,2.01005025125629,0.7537912578055308,False,False,False
219A,Ｈｅａｒｔｓｅｅｄ,2026-09-07,2252.0,2646.0,2646.0,2267.6,2110.32,625120.0,2228.0,2249.0,2200.0,2233.0,27100.0,-0.8436944937833091,-1.0657193605683846,0.2244165170556478,-15.608465608465604,-15.608465608465604,18.49529780564263,0.0,0.043351676478116205,True,False,False
2201,森永製菓,2026-09-07,2493.0,2629.0,2829.5,2531.9,2553.48,401880.0,2493.0,2494.5,2483.0,2483.5,40500.0,-0.38106698756518176,0.0,-0.38106698756518176,-5.534423735260551,-12.228308888496198,13.931950875780142,7.626473944465584,0.10077635114959689,False,False,False
2204,中村屋,2026-09-07,3150.0,3260.0,3350.0,3172.0,3191.2,8280.0,3160.0,3160.0,3145.0,3150.0,14300.0,0.0,0.31746031746031633,-0.31645569620253333,-3.3742331288343586,-5.970149253731338,6.349206349206349,2.7607361963190247,1.7270531400966183,False,False,False
2206,江崎グリコ,2026-09-07,5021.0,5249.0,5382.0,5099.6,5114.08,187760.0,5019.0,5024.0,5002.0,5019.0,7600.0,-0.039832702648878726,-0.039832702648878726,0.0,-4.381787007048965,-6.7447045707915265,7.232516437537351,2.533815964945707,0.040477204942479764,False,False,False
2207,ｍｅｉｔｏ,2026-09-07,3455.0,3750.0,3750.0,3472.0,3450.8,56760.0,3450.0,3450.0,3440.0,3455.0,43900.0,0.0,-0.14471780028944004,0.14492753623187582,-7.866666666666666,-7.866666666666666,8.538350217076696,0.0,0.7734319943622269,True,False,False
2208,ブルボン,2026-09-07,3100.0,3175.0,3225.0,3086.0,3096.0,2680.0,3100.0,3100.0,3100.0,3100.0,2700.0,0.0,0.0,0.0,-2.3622047244094446,-3.875968992248058,4.0322580645161255,1.5748031496062964,1.007462686567164,False,False,False
2209,井村屋グループ,2026-09-07,2399.0,2437.0,2473.0,2413.0,2382.8,21500.0,2392.0,2392.0,2385.0,2389.0,2800.0,-0.41684035014589726,-0.2917882451021314,-0.12541806020066604,-1.9696347968814143,-3.396684189243837,3.5161155295102553,1.4772260976610552,0.13023255813953488,False,False,False
220A,Ｆａｂｅｒ　Ｃｏｍｐａｎｙ,2026-09-07,947.0,987.0,987.0,951.0,945.92,2400.0,947.0,947.0,947.0,947.0,3000.0,0.0,0.0,0.0,-4.052684903748737,-4.052684903748737,4.223864836325242,0.0,1.25,False,False,False
2211,不二家,2026-09-07,2489.0,2525.0,2525.0,2490.8,2462.12,23280.0,2484.0,2490.0,2484.0,2489.0,1300.0,0.0,-0.2008838891120912,0.20128824476650653,-1.425742574257427,-1.425742574257427,1.44636400160707,0.0,0.05584192439862543,True,False,False
2212,山崎製パン,2026-09-07,3749.0,3873.0,3873.0,3792.4,3593.92,621900.0,3778.0,3784.0,3760.0,3760.0,22100.0,0.2934115764203771,0.7735396105628123,-0.47644256220222836,-2.9176349083397835,-2.9176349083397835,3.005319148936181,0.0,0.035536259848850296,False,False,False
2215,第一屋製パン,2026-09-07,613.0,650.0,650.0,612.8,612.56,5500.0,613.0,617.0,613.0,613.0,6700.0,0.0,0.0,0.0,-5.692307692307697,-5.692307692307697,6.035889070146827,0.0,1.2181818181818183,False,False,False
2216,カンロ,2026-09-07,1096.0,1124.0,1288.0,1094.4,1090.56,84060.0,1098.0,1098.0,1087.0,1088.0,12200.0,-0.7299270072992692,0.18248175182482562,-0.910746812386154,-3.2028469750889688,-15.527950310559003,18.38235294117647,14.590747330960863,0.14513442778967403,False,False,False
2217,モロゾフ,2026-09-07,1491.0,1530.0,1621.0,1490.0,1502.0,42000.0,1490.0,1490.0,1486.0,1491.0,21000.0,0.0,-0.06706908115359234,0.06711409395974144,-2.5490196078431393,-8.019740900678595,8.71898054996647,5.947712418300655,0.5,True,False,False
2220,亀田製菓,2026-09-07,1322.0,1430.0,1430.0,1355.6,1337.2,220120.0,1322.0,1327.0,1317.0,1319.0,13800.0,-0.22692889561271024,0.0,-0.22692889561271024,-7.762237762237767,-7.762237762237767,8.41546626231995,0.0,0.06269307650372524,False,False,False
2221,岩塚製菓,2026-09-07,3065.0,3115.0,3140.0,3059.0,3063.2,2640.0,3060.0,3060.0,3060.0,3065.0,2100.0,0.0,-0.16313213703099683,0.16339869281045694,-1.60513643659711,-2.388535031847139,2.446982055464919,0.8025682182985605,0.7954545454545454,True,False,False
2222,寿スピリッツ,2026-09-07,2503.5,2787.0,2787.0,2644.6,2664.5,775520.0,2499.0,2500.0,2465.0,2478.5,45300.0,-0.998601957259837,-0.17974835230677444,-0.8203281312525013,-11.069250089702187,-11.069250089702187,12.447044583417387,0.0,0.058412420053641424,False,False,False
2224,コモ,2026-09-07,3715.0,3750.0,3750.0,3697.0,3697.6,1140.0,3710.0,3710.0,3710.0,3715.0,2000.0,0.0,-0.1345895020188448,0.13477088948787852,-0.9333333333333305,-0.9333333333333305,0.9421265141319024,0.0,1.7543859649122806,True,False,False
2226,湖池屋,2026-09-07,4900.0,4960.0,5000.0,4927.0,4862.8,2840.0,4910.0,4910.0,4910.0,4900.0,2900.0,0.0,0.20408163265306367,-0.20366598778004397,-1.2096774193548376,-2.0000000000000018,2.0408163265306145,0.8064516129032251,1.0211267605633803,False,False,False
2229,カルビー,2026-09-07,3002.0,3126.0,3209.0,3060.6,3024.82,268500.0,3000.0,3019.0,2999.0,3007.0,24000.0,0.16655562958027836,-0.06662225183211579,0.23333333333332984,-3.806781829814454,-6.294795886569027,6.717658796142345,2.655150351887392,0.0893854748603352,True,False,False
2264,森永乳業,2026-09-07,1121.0,1237.0,1317.0,1125.5,1172.58,1721380.0,1116.5,1121.5,1109.5,1110.5,150200.0,-0.9366636931311345,-0.4014272970562005,-0.5373936408419211,-10.226354082457556,-15.679574791192108,18.59522737505628,6.467259498787392,0.08725557401619631,False,False,False
2266,六甲バター,2026-09-07,1111.0,1173.0,1173.0,1132.2,1080.32,168620.0,1108.0,1108.0,1097.0,1099.0,29300.0,-1.080108010801084,-0.27002700270026825,-0.8122743682310474,-6.308610400682014,-6.308610400682014,6.733393994540493,0.0,0.1737634918752224,False,False,False
2267,ヤクルト本社,2026-09-07,2807.0,2984.0,2984.0,2843.7,2857.34,914240.0,2810.0,2832.5,2804.5,2820.5,64500.0,0.48094050587816906,0.10687566797291659,0.3736654804270545,-5.479222520107241,-5.479222520107241,5.796844531111511,0.0,0.07055040252012601,True,False,False
2268,Ｂ－Ｒ　サーティワン　アイスクリーム,2026-09-07,4050.0,4080.0,4120.0,4044.0,4053.4,7780.0,4050.0,4050.0,4050.0,4050.0,12200.0,0.0,0.0,0.0,-0.7352941176470562,-1.6990291262135915,1.7283950617283939,0.9803921568627416,1.5681233933161953,False,False,False
2269,明治ホールディングス,2026-09-07,4371.0,4608.0,4608.0,4476.8,4255.44,1046880.0,4350.0,4372.0,4346.0,4350.0,47300.0,-0.48043925875085325,-0.48043925875085325,0.0,-5.5989583333333375,-5.5989583333333375,5.931034482758624,0.0,0.045181873758214884,False,False,False
2270,雪印メグミルク,2026-09-07,3750.0,3855.0,4040.0,3782.0,3687.8,155740.0,3740.0,3745.0,3725.0,3725.0,5900.0,-0.666666666666671,-0.2666666666666706,-0.40106951871657914,-3.3722438391699083,-7.797029702970293,8.456375838926178,4.79896238651103,0.03788365224091435,False,False,False
2281,プリマハム,2026-09-07,2403.0,2483.0,2589.0,2440.8,2413.32,141760.0,2400.0,2402.0,2388.0,2391.0,42100.0,-0.4993757802746579,-0.12484394506866447,-0.3750000000000031,-3.7051953282319805,-7.647740440324446,8.281053952321194,4.269029399919444,0.2969808126410835,False,False,False
2282,日本ハム,2026-09-07,6076.0,6508.0,6722.0,6196.6,6233.88,557980.0,6080.0,6125.0,6072.0,6075.0,39400.0,-0.01645819618170119,0.06583278472680476,-0.0822368421052655,-6.653349723417334,-9.62511157393633,10.650205761316878,3.28826060233558,0.07061184988709272,False,False,False
2286,林兼産業,2026-09-07,910.0,1027.0,1027.0,918.8,906.0,17400.0,908.0,909.0,903.0,903.0,2500.0,-0.7692307692307665,-0.219780219780219,-0.5506607929515406,-12.074001947419665,-12.074001947419665,13.732004429678856,0.0,0.14367816091954022,False,False,False
2288,丸大食品,2026-09-07,2244.0,2292.0,2430.0,2253.2,2226.96,137520.0,2235.0,2242.0,2232.0,2236.0,32300.0,-0.35650623885917776,-0.40106951871657914,0.04474272930647949,-2.44328097731239,-7.9835390946502045,8.676207513416824,6.020942408376961,0.23487492728330425,True,False,False
228A,オプロ,2026-09-07,1706.0,1769.0,1769.0,1693.2,1649.72,1700.0,1700.0,1769.0,1640.0,1706.0,2000.0,0.0,-0.3516998827667095,0.3529411764705781,-3.561334087054835,-3.561334087054835,3.6928487690504053,0.0,1.1764705882352942,True,False,False
2291,福留ハム,2026-09-07,510.0,524.0,537.0,509.4,512.84,2280.0,508.0,508.0,508.0,510.0,1300.0,0.0,-0.39215686274509665,0.3937007874015741,-2.6717557251908386,-5.027932960893855,5.294117647058827,2.4809160305343525,0.5701754385964912,True,False,False
2292,Ｓ　Ｆｏｏｄｓ,2026-09-07,2768.0,2983.0,2983.0,2858.8,2819.6,197780.0,2770.0,2771.0,2753.0,2753.0,8600.0,-0.5419075144508678,0.07225433526012459,-0.6137184115523442,-7.710358699296016,-7.710358699296016,8.354522339266257,0.0,0.043482657498230354,False,False,False
2293,滝沢ハム,2026-09-07,2710.0,2781.0,2781.0,2713.6,2721.24,780.0,2710.0,2710.0,2710.0,2710.0,900.0,0.0,0.0,0.0,-2.553038475368574,-2.553038475368574,2.6199261992619904,0.0,1.1538461538461537,False,False,False
2294,柿安本店,2026-09-07,2579.0,2641.0,2690.0,2574.2,2584.28,17480.0,2569.0,2570.0,2569.0,2570.0,600.0,-0.3489724699495933,-0.3877471888328765,0.03892565200467324,-2.688375615297234,-4.460966542750933,4.669260700389111,1.8553578190079412,0.034324942791762014,True,False,False
2296,伊藤ハム米久ホールディングス,2026-09-07,5000.0,5190.0,5190.0,5072.0,5050.6,91340.0,5000.0,5010.0,4990.0,5000.0,100500.0,0.0,0.0,0.0,-3.6608863198458574,-3.6608863198458574,3.8000000000000034,0.0,1.1002846507554194,False,False,False
2300,きょくとう,2026-09-07,500.0,504.0,507.0,498.8,499.16,2100.0,500.0,500.0,500.0,500.0,1600.0,0.0,0.0,0.0,-0.7936507936507908,-1.3806706114398382,1.4000000000000012,0.5952380952380931,0.7619047619047619,False,False,False
2301,学情,2026-09-07,1695.0,1750.0,1750.0,1718.6,1677.2,73040.0,1691.0,1692.0,1674.0,1676.0,10700.0,-1.1209439528023557,-0.23598820058997605,-0.8870490833826183,-4.228571428571426,-4.228571428571426,4.415274463007157,0.0,0.14649507119386637,False,False,False
2303,ドーン,2026-09-07,1373.0,1409.0,1409.0,1364.6,1337.2,16260.0,1384.0,1389.0,1384.0,1389.0,800.0,1.1653313911143437,0.8011653313911182,0.36127167630057855,-1.419446415897796,-1.419446415897796,1.4398848092152639,0.0,0.04920049200492005,True,False,False
2304,ＣＳＳホールディングス,2026-09-07,915.0,973.0,973.0,917.2,925.4,5220.0,911.0,923.0,906.0,915.0,5100.0,0.0,-0.43715846994535346,0.4390779363337094,-5.960945529290851,-5.960945529290851,6.338797814207653,0.0,0.9770114942528736,True,False,False
2305,スタジオアリス,2026-09-07,1840.0,1960.0,2027.0,1862.6,1916.72,31020.0,1830.0,1834.0,1824.0,1840.0,31000.0,0.0,-0.5434782608695676,0.5464480874316946,-6.122448979591832,-9.225456339417859,10.16304347826087,3.4183673469387665,0.9993552546744036,True,False,False
2307,クロスキャット,2026-09-07,1050.0,1103.0,1103.0,1061.2,1049.24,23720.0,1049.0,1049.0,1037.0,1043.0,3700.0,-0.666666666666671,-0.09523809523809268,-0.5719733079122991,-5.439709882139621,-5.439709882139621,5.752636625119845,0.0,0.15598650927487354,False,False,False
2311,エプコ,2026-09-07,781.0,794.0,794.0,780.6,784.56,4920.0,783.0,783.0,781.0,781.0,6900.0,0.0,0.256081946222797,-0.25542784163473664,-1.6372795969773257,-1.6372795969773257,1.6645326504481472,0.0,1.4024390243902438,False,False,False
2315,ＣＡＩＣＡ　ＤＩＧＩＴＡＬ,2026-09-07,70.0,74.0,74.0,68.4,65.0,5410780.0,70.0,70.0,69.0,69.0,2865200.0,-1.4285714285714235,0.0,-1.4285714285714235,-6.756756756756754,-6.756756756756754,7.246376811594213,0.0,0.529535482869383,False,False,False
2317,システナ,2026-09-07,435.0,468.0,469.0,451.2,437.76,1181060.0,435.0,437.0,434.0,436.0,65200.0,0.22988505747125743,0.0,0.22988505747125743,-6.8376068376068355,-7.036247334754798,7.568807339449535,0.21367521367521292,0.05520464667332735,True,False,False
2321,ソフトフロントホールディングス,2026-09-07,142.0,144.0,144.0,140.6,134.16,90300.0,142.0,142.0,142.0,142.0,111400.0,0.0,0.0,0.0,-1.388888888888884,-1.388888888888884,1.4084507042253502,0.0,1.2336655592469545,False,False,False
2323,ｆｏｎｆｕｎ,2026-09-07,328.0,369.0,369.0,324.2,310.52,37820.0,326.0,326.0,326.0,328.0,30900.0,0.0,-0.6097560975609762,0.6134969325153339,-11.111111111111116,-11.111111111111116,12.5,0.0,0.817028027498678,True,False,False
2325,ＮＪＳ,2026-09-07,4765.0,5050.0,5050.0,4731.0,4681.4,23120.0,4705.0,4720.0,4705.0,4765.0,23500.0,0.0,-1.2591815320041944,1.2752391073326264,-5.643564356435649,-5.643564356435649,5.98111227701994,0.0,1.0164359861591696,True,False,False
2326,デジタルアーツ,2026-09-07,4500.0,4930.0,4930.0,4506.0,4506.8,101900.0,4455.0,4475.0,4450.0,4475.0,6000.0,-0.5555555555555536,-1.0000000000000009,0.44893378226711356,-9.229208924949294,-9.229208924949294,10.167597765363134,0.0,0.058881256133464184,True,False,False
2327,日鉄ソリューションズ,2026-09-07,3859.0,4100.0,4100.0,3976.8,3863.48,229520.0,3828.0,3839.0,3802.0,3828.0,13600.0,-0.8033169214822444,-0.8033169214822444,0.0,-6.63414634146341,-6.63414634146341,7.105538140020906,0.0,0.059254095503659815,False,False,False
2329,東北新社,2026-09-07,500.0,527.0,527.0,502.2,498.68,70460.0,498.0,499.0,498.0,500.0,65000.0,0.0,-0.40000000000000036,0.40160642570281624,-5.123339658444026,-5.123339658444026,5.400000000000005,0.0,0.922509225092251,True,False,False
2330,フォーサイド,2026-09-07,110.0,115.0,115.0,90.8,79.4,3071060.0,120.0,130.0,120.0,130.0,1583500.0,18.181818181818187,9.090909090909083,8.333333333333325,13.043478260869556,13.043478260869556,-11.538461538461542,0.0,0.5156200139365561,True,True,True
2331,ＡＬＳＯＫ,2026-09-07,1191.0,1227.0,1241.0,1209.5,1176.94,919640.0,1186.5,1188.0,1181.0,1186.5,67500.0,-0.37783375314861534,-0.37783375314861534,0.0,-3.3007334963325197,-4.391619661563251,4.5933417614833605,1.140994295028519,0.07339828628593797,False,False,False
2332,クエスト,2026-09-07,1705.0,1801.0,1801.0,1698.8,1699.24,9060.0,1700.0,1705.0,1700.0,1705.0,500.0,0.0,-0.2932551319648091,0.2941176470588225,-5.330372015546914,-5.330372015546914,5.6304985337243485,0.0,0.05518763796909492,True,False,False
2334,イオレ,2026-09-07,593.0,602.0,602.0,567.6,540.76,1066500.0,588.0,589.0,581.0,588.0,102500.0,-0.8431703204047181,-0.8431703204047181,0.0,-2.3255813953488413,-2.3255813953488413,2.3809523809523725,0.0,0.09610876699484294,False,False,False
2335,キューブシステム,2026-09-07,1086.0,1118.0,1118.0,1103.0,1087.04,71280.0,1086.0,1089.0,1083.0,1086.0,81400.0,0.0,0.0,0.0,-2.8622540250447193,-2.8622540250447193,2.946593001841613,0.0,1.1419753086419753,False,False,False
2337,いちご,2026-09-07,391.0,417.0,438.0,393.4,402.48,868580.0,392.0,392.0,389.0,390.0,174200.0,-0.2557544757033292,0.2557544757033181,-0.5102040816326481,-6.474820143884896,-10.95890410958904,12.307692307692308,5.035971223021574,0.20055723134311174,False,False,False
2338,クオンタムソリューションズ,2026-09-07,126.0,140.0,140.0,123.2,127.84,117560.0,125.0,126.0,124.0,126.0,34900.0,0.0,-0.7936507936507908,0.8000000000000007,-9.999999999999998,-9.999999999999998,11.111111111111116,0.0,0.2968696835658387,True,False,False
2340,極楽湯ホールディングス,2026-09-07,520.0,535.0,535.0,519.4,517.4,34740.0,519.0,519.0,519.0,520.0,58000.0,0.0,-0.19230769230769162,0.19267822736031004,-2.8037383177570097,-2.8037383177570097,2.8846153846153744,0.0,1.669545192861255,True,False,False
2341,アルバイトタイムス,2026-09-07,173.0,176.0,176.0,171.6,168.84,14840.0,173.0,173.0,173.0,173.0,1300.0,0.0,0.0,0.0,-1.7045454545454586,-1.7045454545454586,1.7341040462427681,0.0,0.0876010781671159,False,False,False
2342,トランスジェニックグループ,2026-09-07,260.0,282.0,282.0,252.2,244.36,63260.0,258.0,260.0,258.0,258.0,3600.0,-0.7692307692307665,-0.7692307692307665,0.0,-8.510638297872342,-8.510638297872342,9.302325581395344,0.0,0.05690799873537781,False,False,False
2345,ＨＯＤＬ１,2026-09-07,107.0,122.0,122.0,104.0,101.84,67540.0,107.0,107.0,107.0,107.0,60600.0,0.0,0.0,0.0,-12.295081967213118,-12.295081967213118,14.018691588785037,0.0,0.8972460763991709,False,False,False
2349,エヌアイデイ,2026-09-07,2468.0,2575.0,2575.0,2481.0,2519.04,460.0,2465.0,2465.0,2465.0,2468.0,300.0,0.0,-0.12155591572122759,0.12170385395537942,-4.155339805825243,-4.155339805825243,4.335494327390599,0.0,0.6521739130434783,True,False,False
2351,ＡＳＪ,2026-09-07,347.0,370.0,370.0,337.4,325.48,5300.0,350.0,350.0,348.0,347.0,13500.0,0.0,0.8645533141210304,-0.8571428571428563,-6.216216216216219,-6.216216216216219,6.628242074927959,0.0,2.547169811320755,False,False,False
2353,日本駐車場開発,2026-09-07,269.0,275.0,275.0,269.0,262.92,1516500.0,269.0,269.0,267.0,269.0,1574300.0,0.0,0.0,0.0,-2.1818181818181848,-2.1818181818181848,2.230483271375472,0.0,1.0381140784701615,False,False,False
2354,ＹＥ　ＤＩＧＩＴＡＬ,2026-09-07,1424.0,1758.0,1758.0,1386.2,1365.48,809860.0,1409.0,1429.0,1401.0,1426.0,46900.0,0.1404494382022392,-1.0533707865168496,1.2065294535131388,-18.885096700796357,-18.885096700796357,23.281907433380077,0.0,0.057911243918702,True,False,False
2359,コア,2026-09-07,2116.0,2220.0,2220.0,2142.0,2106.6,17540.0,2100.0,2109.0,2099.0,2116.0,23800.0,0.0,-0.7561436672967825,0.7619047619047636,-4.684684684684681,-4.684684684684681,4.914933837429114,0.0,1.3568985176738884,True,False,False
2370,メディネット,2026-09-07,25.0,26.0,26.0,24.8,25.12,352300.0,25.0,25.0,24.0,25.0,181100.0,0.0,0.0,0.0,-3.8461538461538436,-3.8461538461538436,4.0000000000000036,0.0,0.5140505251206359,False,False,False
2371,カカクコム,2026-09-07,3700.0,3740.0,3740.0,3693.6,3694.72,174600.0,3676.0,3700.0,3676.0,3692.0,4000.0,-0.216216216216214,-0.6486486486486531,0.43525571273121955,-1.2834224598930466,-1.2834224598930466,1.300108342361872,0.0,0.022909507445589918,True,False,False
2373,ケア２１,2026-09-07,414.0,418.0,418.0,411.6,407.56,9720.0,414.0,416.0,412.0,414.0,9200.0,0.0,0.0,0.0,-0.9569377990430672,-0.9569377990430672,0.9661835748792313,0.0,0.9465020576131687,False,False,False
2375,ギグワークス,2026-09-07,223.0,227.0,227.0,218.0,207.36,39300.0,223.0,223.0,221.0,221.0,3100.0,-0.8968609865470878,0.0,-0.8968609865470878,-2.643171806167399,-2.643171806167399,2.714932126696823,0.0,0.07888040712468193,False,False,False
2376,サイネックス,2026-09-07,778.0,797.0,798.0,785.6,775.76,1500.0,770.0,770.0,770.0,778.0,2200.0,0.0,-1.0282776349614386,1.0389610389610393,-2.3839397741530766,-2.506265664160401,2.570694087403602,0.12547051442910462,1.4666666666666666,True,False,False
2378,ルネサンス,2026-09-07,1045.0,1079.0,1087.0,1047.6,1056.04,53320.0,1042.0,1042.0,1042.0,1045.0,35800.0,0.0,-0.2870813397129135,0.2879078694817627,-3.151065801668207,-3.863845446182157,4.019138755980856,0.7414272474513428,0.6714178544636159,True,False,False
2379,ディップ,2026-09-07,1802.0,1912.0,1922.0,1812.8,1844.76,276780.0,1800.0,1801.0,1792.0,1801.0,19700.0,-0.05549389567147678,-0.11098779134295356,0.05555555555556424,-5.805439330543938,-6.295525494276799,6.718489727928922,0.5230125523012497,0.0711756629814293,True,False,False
2384,ＳＢＳホールディングス,2026-09-07,4980.0,5350.0,5350.0,5021.0,4889.2,78500.0,4980.0,5020.0,4935.0,5010.0,7000.0,0.6024096385542244,0.0,0.6024096385542244,-6.355140186915886,-6.355140186915886,6.7864271457085845,0.0,0.08917197452229299,True,False,False
2385,総医研ホールディングス,2026-09-07,220.0,229.0,229.0,220.6,220.2,25480.0,220.0,220.0,220.0,220.0,31200.0,0.0,0.0,0.0,-3.9301310043668103,-3.9301310043668103,4.090909090909101,0.0,1.2244897959183674,False,False,False
2388,ウェッジホールディングス,2026-09-07,34.0,38.0,39.0,33.6,35.28,101600.0,33.0,33.0,33.0,33.0,29300.0,-2.941176470588236,-2.941176470588236,0.0,-13.157894736842103,-15.384615384615385,18.181818181818187,2.6315789473684292,0.28838582677165353,False,False,False
2391,プラネット,2026-09-07,1174.0,1184.0,1221.0,1176.4,1175.88,2400.0,1172.0,1174.0,1172.0,1174.0,1200.0,0.0,-0.17035775127768327,0.17064846416381396,-0.8445945945945943,-3.8493038493038534,4.003407155025562,3.125,0.5,True,False,False
2393,日本ケアサプライ,2026-09-07,4200.0,4490.0,4630.0,4258.0,4253.6,5720.0,4270.0,4270.0,4270.0,4200.0,4400.0,0.0,1.6666666666666607,-1.6393442622950838,-6.458797327394206,-9.287257019438444,10.238095238095246,3.1180400890868487,0.7692307692307693,False,False,False
2395,新日本科学,2026-09-07,1335.0,1524.0,1524.0,1356.4,1404.52,167040.0,1326.0,1326.0,1312.0,1320.0,17700.0,-1.1235955056179803,-0.6741573033707815,-0.4524886877828038,-13.38582677165354,-13.38582677165354,15.454545454545453,0.0,0.10596264367816093,False,False,False
2404,鉄人化ホールディングス,2026-09-07,529.0,576.0,596.0,529.0,556.4,25940.0,529.0,529.0,529.0,529.0,8700.0,0.0,0.0,0.0,-8.159722222222221,-11.241610738255037,12.665406427221182,3.472222222222232,0.3353893600616808,False,False,False
2408,ＫＧ情報,2026-09-07,853.0,875.0,875.0,853.8,851.2,1880.0,839.0,839.0,839.0,839.0,100.0,-1.6412661195779554,-1.6412661195779554,0.0,-4.114285714285715,-4.114285714285715,4.290822407628125,0.0,0.05319148936170213,False,False,False
2410,キャリアデザインセンター,2026-09-07,2882.0,2984.0,2984.0,2884.8,2896.48,31400.0,2866.0,2866.0,2852.0,2882.0,28900.0,0.0,-0.5551700208188737,0.5582693649685888,-3.4182305630026777,-3.4182305630026777,3.539208882720324,0.0,0.9203821656050956,True,False,False
2411,ゲンダイエージェンシー,2026-09-07,472.0,475.0,475.0,471.4,466.92,12140.0,469.0,471.0,469.0,472.0,9600.0,0.0,-0.6355932203389814,0.6396588486140775,-0.6315789473684164,-0.6315789473684164,0.6355932203389925,0.0,0.7907742998352554,True,False,False
2413,エムスリー,2026-09-07,1703.5,1878.0,2003.0,1772.7,1732.24,3546820.0,1707.5,1726.0,1707.5,1719.5,202400.0,0.9392427355444655,0.23481068388611082,0.7027818448023471,-8.439829605963789,-14.153769345981026,16.487350974120375,6.656017039403617,0.057065202068331634,True,False,False
2415,ヒューマンホールディングス,2026-09-07,1686.0,1721.0,1721.0,1676.4,1640.48,4140.0,1686.0,1686.0,1686.0,1686.0,1900.0,0.0,0.0,0.0,-2.033701336432303,-2.033701336432303,2.0759193357058114,0.0,0.45893719806763283,False,False,False
2418,ツカダ・グローバルホールディング,2026-09-07,606.0,626.0,626.0,606.6,603.72,83800.0,605.0,605.0,599.0,606.0,43900.0,0.0,-0.16501650165016146,0.16528925619834212,-3.194888178913735,-3.194888178913735,3.300330033003296,0.0,0.5238663484486874,True,False,False
241A,ＲＯＸＸ,2026-09-07,419.0,438.0,438.0,420.2,414.96,8500.0,419.0,419.0,419.0,419.0,11800.0,0.0,0.0,0.0,-4.337899543378998,-4.337899543378998,4.534606205250591,0.0,1.388235294117647,False,False,False
2424,ブラス,2026-09-07,596.0,603.0,635.0,597.0,599.24,2340.0,597.0,597.0,596.0,596.0,1100.0,0.0,0.1677852348993314,-0.16750418760469454,-1.1608623548922004,-6.141732283464563,6.5436241610738355,5.306799336650081,0.4700854700854701,False,False,False
2425,ケアサービス,2026-09-07,667.0,685.0,694.0,668.4,670.48,1280.0,667.0,667.0,667.0,667.0,2700.0,0.0,0.0,0.0,-2.6277372262773713,-3.89048991354467,4.047976011994003,1.3138686131386912,2.109375,False,False,False
2428,ウェルネット,2026-09-07,634.0,648.0,655.0,635.2,635.32,24060.0,631.0,632.0,631.0,634.0,23100.0,0.0,-0.4731861198738141,0.47543581616482644,-2.1604938271604923,-3.2061068702290085,3.312302839116721,1.0802469135802406,0.9600997506234414,True,False,False
2429,ワールドホールディングス,2026-09-07,2790.0,2948.0,2948.0,2848.2,2775.56,41740.0,2784.0,2784.0,2760.0,2790.0,44000.0,0.0,-0.21505376344086446,0.21551724137931494,-5.359565807327005,-5.359565807327005,5.663082437275979,0.0,1.0541447053186392,True,False,False
2432,ディー・エヌ・エー,2026-09-07,2563.0,2629.0,2629.0,2596.5,2517.68,1152980.0,2537.0,2559.0,2531.0,2559.0,60700.0,-0.15606710885680553,-1.0144362075692581,0.8671659440283808,-2.6626093571700316,-2.6626093571700316,2.735443532629933,0.0,0.052646186403927216,True,False,False
2433,博報堂ＤＹホールディングス,2026-09-07,1299.0,1397.0,1405.0,1349.7,1299.94,808160.0,1307.0,1314.0,1297.5,1299.5,62700.0,0.038491147036179285,0.615858352578913,-0.5738332058148443,-6.979241231209732,-7.508896797153019,8.118507118122364,0.5726556907659219,0.07758364680261334,False,False,False
2435,シダー,2026-09-07,210.0,220.0,220.0,209.8,213.4,9000.0,210.0,210.0,210.0,210.0,11200.0,0.0,0.0,0.0,-4.545454545454541,-4.545454545454541,4.761904761904767,0.0,1.2444444444444445,False,False,False
2436,共同ピーアール,2026-09-07,595.0,669.0,669.0,602.6,626.76,45660.0,594.0,599.0,591.0,591.0,5300.0,-0.6722689075630228,-0.1680672268907557,-0.5050505050505083,-11.659192825112108,-11.659192825112108,13.197969543147202,0.0,0.11607533946561542,False,False,False
2437,Ｓｈｉｎｗａ　Ｗｉｓｅ　Ｈｏｌｄｉｎｇｓ,2026-09-07,624.0,687.0,705.0,620.8,629.56,174300.0,617.0,620.0,616.0,624.0,35100.0,0.0,-1.1217948717948678,1.1345218800648205,-9.170305676855895,-11.489361702127665,12.98076923076923,2.6200873362445476,0.20137693631669534,True,False,False
2438,アスカネット,2026-09-07,360.0,371.0,371.0,364.6,349.88,54420.0,360.0,360.0,357.0,360.0,85100.0,0.0,0.0,0.0,-2.96495956873315,-2.96495956873315,3.0555555555555447,0.0,1.563763322307975,False,False,False
2440,ぐるなび,2026-09-07,123.0,135.0,135.0,125.6,127.04,176700.0,123.0,124.0,123.0,124.0,68700.0,0.8130081300812941,0.0,0.8130081300812941,-8.148148148148149,-8.148148148148149,8.870967741935477,0.0,0.38879456706281834,True,False,False
2445,タカミヤ,2026-09-07,399.0,424.0,432.0,398.8,412.28,88920.0,397.0,397.0,396.0,397.0,41700.0,-0.5012531328320802,-0.5012531328320802,0.0,-6.367924528301883,-8.10185185185185,8.816120906801018,1.8867924528301883,0.4689608636977058,False,False,False
2449,プラップジャパン,2026-09-07,1100.0,1221.0,1221.0,1055.8,1078.4,44420.0,1070.0,1087.0,1070.0,1100.0,201000.0,0.0,-2.7272727272727226,2.8037383177569986,-9.909909909909908,-9.909909909909908,11.00000000000001,0.0,4.524988743809095,True,False,False
244A,グロースエクスパートナーズ,2026-09-07,1168.0,1195.0,1200.0,1179.2,1167.64,1060.0,1166.0,1166.0,1166.0,1168.0,2000.0,0.0,-0.1712328767123239,0.17152658662091813,-2.259414225941425,-2.6666666666666616,2.7397260273972712,0.4184100418409997,1.8867924528301887,True,False,False
2454,オールアバウト,2026-09-07,354.0,359.0,359.0,353.8,347.44,6340.0,353.0,353.0,353.0,354.0,4200.0,0.0,-0.28248587570621764,0.28328611898016387,-1.392757660167132,-1.392757660167132,1.412429378531077,0.0,0.6624605678233438,True,False,False
2459,アウンコンサルティング,2026-09-07,178.0,188.0,190.0,178.0,175.24,21120.0,178.0,178.0,177.0,178.0,10800.0,0.0,0.0,0.0,-5.319148936170215,-6.315789473684208,6.741573033707859,1.0638297872340496,0.5113636363636364,False,False,False
245A,ＩＮＧＳ,2026-09-07,2537.0,2600.0,2600.0,2554.4,2511.92,3120.0,2537.0,2537.0,2537.0,2537.0,5400.0,0.0,0.0,0.0,-2.423076923076928,-2.423076923076928,2.4832479306267308,0.0,1.7307692307692308,False,False,False
2461,ファンコミュニケーションズ,2026-09-07,387.0,404.0,412.0,390.2,395.88,109840.0,386.0,386.0,385.0,386.0,18000.0,-0.2583979328165342,-0.2583979328165342,0.0,-4.455445544554459,-6.310679611650483,6.735751295336789,1.980198019801982,0.1638747268754552,False,False,False
2462,ライク,2026-09-07,1513.0,1559.0,1559.0,1531.0,1531.08,19240.0,1510.0,1510.0,1505.0,1506.0,6100.0,-0.46265697290152064,-0.198281559814939,-0.26490066225165476,-3.399615137908918,-3.399615137908918,3.5192563081009265,0.0,0.31704781704781704,False,False,False
2464,Ａｏｂａ‐ＢＢＴ,2026-09-07,374.0,382.0,382.0,373.6,355.72,8000.0,360.0,360.0,360.0,374.0,16200.0,0.0,-3.7433155080213942,3.8888888888888973,-2.0942408376963373,-2.0942408376963373,2.1390374331550888,0.0,2.025,True,False,False
2469,ヒビノ,2026-09-07,2824.0,2924.0,2924.0,2826.8,2761.04,13440.0,2837.0,2850.0,2837.0,2824.0,11100.0,0.0,0.46033994334278017,-0.45823052520267415,-3.4199726402188824,-3.4199726402188824,3.541076487252126,0.0,0.8258928571428571,False,False,False
246A,アスア,2026-09-07,925.0,1104.0,1104.0,932.8,963.6,4400.0,928.0,928.0,928.0,925.0,14400.0,0.0,0.324324324324321,-0.3232758620689613,-16.213768115942027,-16.213768115942027,19.351351351351354,0.0,3.272727272727273,False,False,False
2471,エスプール,2026-09-07,278.0,306.0,306.0,280.4,286.08,243400.0,275.0,275.0,273.0,274.0,57900.0,-1.4388489208633115,-1.0791366906474864,-0.363636363636366,-10.457516339869278,-10.457516339869278,11.678832116788328,0.0,0.23788003286770748,False,False,False
2475,ＷＤＢホールディングス,2026-09-07,1765.0,1874.0,1874.0,1811.2,1811.68,16220.0,1765.0,1765.0,1750.0,1765.0,29300.0,0.0,0.0,0.0,-5.816435432230527,-5.816435432230527,6.175637393767697,0.0,1.8064118372379778,False,False,False
2477,手間いらず,2026-09-07,3290.0,3425.0,3425.0,3319.0,2982.36,18120.0,3260.0,3310.0,3260.0,3290.0,9600.0,0.0,-0.911854103343468,0.9202453987730008,-3.9416058394160625,-3.9416058394160625,4.103343465045595,0.0,0.5298013245033113,True,False,False
2479,ジェイテック,2026-09-07,265.0,266.0,266.0,260.6,246.16,79340.0,266.0,266.0,263.0,264.0,30000.0,-0.37735849056603765,0.37735849056603765,-0.7518796992481258,-0.7518796992481258,-0.7518796992481258,0.7575757575757569,0.0,0.3781194857574994,False,False,False
247A,Ａｉロボティクス,2026-09-07,1041.0,1101.0,1101.0,1017.4,937.32,1247820.0,1041.0,1049.0,1034.0,1046.0,33500.0,0.4803073967339033,0.0,0.4803073967339033,-4.995458673932784,-4.995458673932784,5.258126195028678,0.0,0.026846820855572117,True,False,False
2480,システム・ロケーション,2026-09-07,1760.0,1768.0,1776.0,1749.2,1731.44,800.0,1752.0,1760.0,1743.0,1760.0,600.0,0.0,-0.4545454545454519,0.45662100456620447,-0.4524886877828038,-0.9009009009009028,0.9090909090909038,0.4524886877828038,0.75,True,False,False
2481,タウンニュース社,2026-09-07,692.0,692.0,692.0,680.8,663.24,980.0,686.0,686.0,686.0,692.0,1900.0,0.0,-0.8670520231213841,0.8746355685131268,0.0,0.0,0.0,0.0,1.9387755102040816,True,False,False
2483,翻訳センター,2026-09-07,2209.0,2273.0,2345.0,2219.6,2214.32,5840.0,2234.0,2247.0,2208.0,2209.0,7200.0,0.0,1.1317338162064372,-1.1190689346463722,-2.8156621205455368,-5.79957356076759,6.1566319601629615,3.167619885613737,1.2328767123287672,False,False,False
2484,出前館,2026-09-07,151.0,199.0,199.0,161.6,156.08,1255980.0,154.0,155.0,152.0,152.0,164500.0,0.6622516556291425,1.9867549668874274,-1.2987012987012991,-23.61809045226131,-23.61809045226131,30.921052631578938,0.0,0.13097342314368063,False,False,False
2485,ティア,2026-09-07,449.0,478.0,483.0,449.2,456.56,38440.0,449.0,449.0,449.0,449.0,4400.0,0.0,0.0,0.0,-6.066945606694563,-7.039337474120078,7.572383073496658,1.0460251046025215,0.11446409989594172,False,False,False
2488,ＪＴＰ,2026-09-07,1459.0,1527.0,1527.0,1460.8,1447.6,10940.0,1458.0,1458.0,1437.0,1459.0,5500.0,0.0,-0.06854009595613775,0.0685871056241405,-4.453176162409955,-4.453176162409955,4.660726525017145,0.0,0.5027422303473492,True,False,False
2489,アドウェイズ,2026-09-07,427.0,437.0,437.0,426.0,377.8,190640.0,423.0,425.0,420.0,420.0,19000.0,-1.6393442622950838,-0.936768149882905,-0.7092198581560294,-3.89016018306636,-3.89016018306636,4.047619047619055,0.0,0.09966428871170793,False,False,False
248A,キッズスター,2026-09-07,813.0,854.0,854.0,815.2,820.68,3180.0,813.0,813.0,813.0,813.0,700.0,0.0,0.0,0.0,-4.800936768149889,-4.800936768149889,5.043050430504303,0.0,0.22012578616352202,False,False,False
2491,バリューコマース,2026-09-07,475.0,506.0,506.0,491.4,477.44,125260.0,476.0,476.0,472.0,474.0,12300.0,-0.21052631578947212,0.21052631578948322,-0.42016806722688926,-6.324110671936756,-6.324110671936756,6.7510548523206815,0.0,0.09819575283410506,False,False,False
2492,インフォマート,2026-09-07,700.0,715.0,715.0,672.2,607.12,4570040.0,699.0,716.0,691.0,700.0,416600.0,0.0,-0.14285714285714457,0.14306151645206988,-2.0979020979020935,-2.0979020979020935,2.1428571428571352,0.0,0.0911589395278816,True,False,False
2493,イーサポートリンク,2026-09-07,947.0,952.0,952.0,946.0,944.96,2080.0,947.0,947.0,947.0,947.0,1800.0,0.0,0.0,0.0,-0.5252100840336116,-0.5252100840336116,0.5279831045406524,0.0,0.8653846153846154,False,False,False
2497,ユナイテッド,2026-09-07,536.0,543.0,543.0,536.2,527.08,22720.0,535.0,535.0,535.0,536.0,19500.0,0.0,-0.1865671641791078,0.18691588785046953,-1.2891344383057057,-1.2891344383057057,1.3059701492537323,0.0,0.858274647887324,True,False,False
2498,オリエンタルコンサルタンツホールディングス,2026-09-07,3185.0,3330.0,3330.0,3201.0,3219.6,8420.0,3195.0,3195.0,3165.0,3185.0,9300.0,0.0,0.31397174254317317,-0.3129890453834161,-4.354354354354351,-4.354354354354351,4.552590266875978,0.0,1.1045130641330165,False,False,False
2499,日本和装ホールディングス,2026-09-07,308.0,308.0,308.0,306.0,296.64,13840.0,308.0,308.0,308.0,308.0,27100.0,0.0,0.0,0.0,0.0,0.0,0.0,0.0,1.9580924855491328,False,False,False
2501,サッポロホールディングス,2026-09-07,1851.0,2091.0,2198.5,1856.6,1927.48,1086640.0,1848.0,1854.5,1842.0,1847.0,48200.0,-0.216099405726633,-0.16207455429497752,-0.05411255411255089,-11.66905786704926,-15.988173754832836,19.030860855441254,5.141080822572941,0.044356916734152985,False,False,False
2502,アサヒグループホールディングス,2026-09-07,1628.0,1753.0,1805.5,1653.9,1667.98,5642920.0,1623.0,1629.5,1619.5,1626.0,437700.0,-0.12285012285012664,-0.30712530712531105,0.1848428835489857,-7.244723331431835,-9.941844364441987,11.039360393603936,2.994865944095837,0.07756622457876419,True,False,False
2503,キリンホールディングス,2026-09-07,2871.5,3132.0,3161.0,2952.9,2998.92,2632900.0,2853.0,2865.0,2846.0,2854.0,245500.0,-0.6094375761796944,-0.6442625805328173,0.0350508236943492,-8.876117496807156,-9.712116418854787,10.756832515767334,0.92592592592593,0.09324319191765734,True,False,False
250A,シマダヤ,2026-09-07,1583.0,1667.0,1706.0,1593.0,1621.24,39980.0,1583.0,1583.0,1578.0,1583.0,37700.0,0.0,0.0,0.0,-5.038992201559688,-7.2098475967174664,7.770056854074547,2.339532093581287,0.9429714857428715,False,False,False
2531,宝ホールディングス,2026-09-07,2450.0,2487.0,2487.0,2305.0,2139.06,637400.0,2431.0,2450.0,2383.5,2389.0,32300.0,-2.4897959183673435,-0.7755102040816308,-1.727684080625258,-3.940490550864495,-3.940490550864495,4.102134784428624,0.0,0.050674615625980544,False,False,False
2533,オエノンホールディングス,2026-09-07,453.0,488.0,525.0,458.8,465.48,119620.0,450.0,452.0,447.0,452.0,12100.0,-0.22075055187638082,-0.6622516556291425,0.4444444444444473,-7.377049180327866,-13.904761904761909,16.150442477876116,7.581967213114749,0.10115365323524494,True,False,False
253A,ＥＴＳグループ,2026-09-07,1047.0,1069.0,1188.0,1038.2,1053.8,11140.0,1047.0,1047.0,1044.0,1047.0,15200.0,0.0,0.0,0.0,-2.0579981290926086,-11.868686868686872,13.467048710601714,11.13189897100093,1.3644524236983842,False,False,False
254A,ＡＩフュージョンキャピタルグループ,2026-09-07,1196.0,1235.0,1328.0,1209.6,1185.68,10860.0,1198.0,1198.0,1192.0,1196.0,8300.0,0.0,0.16722408026756952,-0.16694490818029983,-3.157894736842104,-9.93975903614458,11.036789297658856,7.530364372469633,0.7642725598526704,False,False,False
255A,ジーエルテクノホールディングス,2026-09-07,5320.0,5840.0,6430.0,5126.0,5423.2,63180.0,5320.0,5320.0,5210.0,5320.0,67800.0,0.0,0.0,0.0,-8.904109589041099,-17.26283048211509,20.86466165413534,10.102739726027398,1.0731244064577399,False,False,False
256A,飛島ホールディングス,2026-09-07,2214.0,2252.0,2252.0,2164.8,2118.64,312560.0,2221.0,2231.0,2217.0,2225.0,29900.0,0.49683830171634025,0.3161698283649539,0.1800990544799541,-1.1989342806394299,-1.1989342806394299,1.2134831460674178,0.0,0.09566163296647044,True,False,False
2573,北海道コカ・コーラボトリング,2026-09-07,4035.0,4125.0,4125.0,4063.0,4017.2,4540.0,4035.0,4035.0,4035.0,4035.0,2600.0,0.0,0.0,0.0,-2.1818181818181848,-2.1818181818181848,2.230483271375472,0.0,0.5726872246696035,False,False,False
2579,コカ・コーラ　ボトラーズジャパンホールディングス,2026-09-07,3767.0,4056.0,4660.0,3871.2,3887.48,744740.0,3773.0,3799.0,3773.0,3788.0,35500.0,0.5574727900185872,0.15927794000532014,0.3975616220514233,-6.607495069033531,-18.712446351931334,23.020063357972553,14.891518737672582,0.04766764239868947,True,False,False
2585,ライフドリンク　カンパニー,2026-09-07,1505.0,1896.0,1896.0,1526.4,1559.48,627340.0,1545.0,1552.0,1528.0,1538.0,81000.0,2.19269102990034,2.657807308970095,-0.45307443365695255,-18.881856540084385,-18.881856540084385,23.27698309492847,0.0,0.12911658749641342,False,False,False
2586,フルッタフルッタ,2026-09-07,71.0,95.0,107.0,74.2,83.32,671300.0,71.0,72.0,71.0,72.0,166300.0,1.4084507042253502,0.0,1.4084507042253502,-24.210526315789473,-32.71028037383178,48.611111111111114,12.631578947368416,0.24772828839565023,True,False,False
2587,サントリービバレッジ＆フード,2026-09-07,4456.0,4715.0,5003.0,4521.6,4556.56,1231740.0,4435.0,4447.0,4425.0,4435.0,22100.0,-0.47127468581688037,-0.47127468581688037,0.0,-5.938494167550368,-11.353188087147714,12.807215332581734,6.108165429480383,0.01794209817006836,False,False,False
2588,プレミアムウォーターホールディングス,2026-09-07,3680.0,3870.0,3880.0,3707.0,3723.8,2620.0,3680.0,3680.0,3680.0,3680.0,2800.0,0.0,0.0,0.0,-4.9095607235142165,-5.154639175257736,5.434782608695654,0.25839793281654533,1.0687022900763359,False,False,False
2590,ダイドーグループホールディングス,2026-09-07,3015.0,3550.0,3550.0,2990.0,2976.0,97780.0,2985.0,3000.0,2982.0,2988.0,4400.0,-0.8955223880596996,-0.995024875621886,0.10050251256281673,-15.830985915492956,-15.830985915492956,18.808567603748315,0.0,0.04499897729597055,True,False,False
2593,伊藤園,2026-09-07,3129.0,3402.0,3402.0,3164.4,3007.94,954060.0,3118.0,3139.0,3110.0,3133.0,26700.0,0.12783636944710963,-0.3515500159795515,0.4810776138550299,-7.907113462669013,-7.907113462669013,8.586019789339282,0.0,0.027985661279164832,True,False,False
25935,伊藤園第１種優先株式,2026-09-07,1799.0,1822.0,1822.0,1801.2,1791.92,32520.0,1800.0,1800.0,1799.0,1799.0,19300.0,0.0,0.05558643690939391,-0.05555555555555314,-1.2623490669593895,-1.2623490669593895,1.27848804891606,0.0,0.593480934809348,False,False,False
2594,キーコーヒー,2026-09-07,2015.0,2060.0,2060.0,2027.0,2014.44,81880.0,2009.0,2010.0,2006.0,2006.0,18700.0,-0.4466501240694809,-0.29776674937965764,-0.149328023892481,-2.6213592233009675,-2.6213592233009675,2.6919242273180544,0.0,0.22838299951148022,False,False,False
2597,ユニカフェ,2026-09-07,1266.0,1289.0,1289.0,1256.2,1200.16,8280.0,1270.0,1291.0,1270.0,1289.0,2700.0,1.8167456556082096,0.3159557661927437,1.4960629921259905,0.0,0.0,0.0,0.0,0.32608695652173914,True,False,False
2602,日清オイリオグループ,2026-09-07,2038.0,2107.0,2107.0,2075.8,1998.76,212060.0,2034.0,2034.0,2025.0,2025.0,15800.0,-0.6378802747791901,-0.19627085377821318,-0.4424778761061954,-3.891789273849078,-3.891789273849078,4.049382716049377,0.0,0.07450721493916816,False,False,False
2607,不二製油,2026-09-07,4461.0,4760.0,4760.0,4598.4,4433.56,322540.0,4432.0,4454.0,4411.0,4416.0,12000.0,-1.008742434431742,-0.6500784577448959,-0.3610108303249149,-7.2268907563025175,-7.2268907563025175,7.789855072463769,0.0,0.03720468779066163,False,False,False
2612,かどや製油,2026-09-07,2309.0,2527.0,2527.0,2216.2,1854.24,84160.0,2294.0,2319.0,2294.0,2309.0,38700.0,0.0,-0.6496318752706842,0.6538796861377483,-8.626830233478433,-8.626830233478433,9.441316587267213,0.0,0.4598384030418251,True,False,False
2613,Ｊ－オイルミルズ,2026-09-07,2234.0,2349.0,2349.0,2302.0,2185.92,96340.0,2222.0,2222.0,2209.0,2209.0,3600.0,-1.1190689346463722,-0.53715308863026,-0.5850585058505886,-5.959982971477229,-5.959982971477229,6.337709370755995,0.0,0.0373676562175628,False,False,False
261A,日水コン,2026-09-07,2037.0,2069.0,2069.0,2016.4,1993.92,25780.0,2038.0,2038.0,2021.0,2028.0,2100.0,-0.44182621502208974,0.04909180166912108,-0.4906771344455385,-1.9816336394393397,-1.9816336394393397,2.021696252465488,0.0,0.08145849495733126,False,False,False
262A,インターメスティック,2026-09-07,1788.0,1998.0,2049.0,1753.2,1869.8,334220.0,1772.0,1773.0,1758.0,1773.0,25700.0,-0.8389261744966459,-0.8948545861297563,0.056433408577882815,-11.261261261261257,-13.469985358711567,15.566835871404393,2.552552552552556,0.0768954580815032,True,False,False
264A,Ｓｃｈｏｏ,2026-09-07,308.0,385.0,385.0,304.0,312.2,46380.0,308.0,309.0,308.0,308.0,33800.0,0.0,0.0,0.0,-19.999999999999996,-19.999999999999996,25.0,0.0,0.728762397585166,False,False,False
2652,まんだらけ,2026-09-07,435.0,490.0,490.0,437.0,447.76,154140.0,436.0,436.0,431.0,431.0,22700.0,-0.919540229885063,0.22988505747125743,-1.1467889908256867,-12.040816326530612,-12.040816326530612,13.689095127610207,0.0,0.14726871675100559,False,False,False
2653,イオン九州,2026-09-07,2805.0,2849.0,2857.0,2801.0,2824.24,21960.0,2801.0,2804.0,2800.0,2800.0,600.0,-0.17825311942959443,-0.14260249554367554,-0.0357015351660106,-1.7199017199017175,-1.9950997549877503,2.0357142857142962,0.2808002808002863,0.0273224043715847,False,False,False
2654,アスモ,2026-09-07,444.0,445.0,445.0,436.0,422.2,13080.0,445.0,449.0,445.0,444.0,25100.0,0.0,0.22522522522523403,-0.22471910112359383,-0.22471910112359383,-0.22471910112359383,0.22522522522523403,0.0,1.918960244648318,False,False,False
2656,ベクターホールディングス,2026-09-07,163.0,220.0,220.0,164.6,179.0,522220.0,163.0,163.0,162.0,163.0,127300.0,0.0,0.0,0.0,-25.909090909090903,-25.909090909090903,34.96932515337423,0.0,0.24376699475316915,False,False,False
2659,サンエー,2026-09-07,3320.0,3430.0,3430.0,3383.0,3340.8,173580.0,3335.0,3335.0,3305.0,3305.0,5600.0,-0.45180722891565717,0.45180722891566827,-0.8995502248875575,-3.6443148688046656,-3.6443148688046656,3.782148260211793,0.0,0.03226178131121097,False,False,False
265A,Ｈｍｃｏｍｍ,2026-09-07,737.0,796.0,796.0,748.4,698.52,44680.0,726.0,726.0,716.0,737.0,60900.0,0.0,-1.4925373134328401,1.5151515151515138,-7.412060301507539,-7.412060301507539,8.00542740841248,0.0,1.3630259623992838,True,False,False
2664,カワチ薬品,2026-09-07,3805.0,3895.0,3895.0,3689.0,3685.0,89780.0,3760.0,3785.0,3760.0,3805.0,78300.0,0.0,-1.182654402102501,1.196808510638303,-2.310654685494218,-2.310654685494218,2.365308804205002,0.0,0.8721318779238137,True,False,False
2666,オートウェーブ,2026-09-07,187.0,195.0,196.0,185.2,184.4,49220.0,187.0,187.0,185.0,186.0,5800.0,-0.5347593582887722,0.0,-0.5347593582887722,-4.61538461538461,-5.102040816326525,5.376344086021501,0.512820512820511,0.11783827712312069,False,False,False
2667,イメージ　ワン,2026-09-07,101.0,118.0,121.0,101.2,106.52,252060.0,101.0,101.0,101.0,101.0,10900.0,0.0,0.0,0.0,-14.406779661016945,-16.528925619834713,19.8019801980198,2.5423728813559254,0.0432436721415536,False,False,False
2668,タビオ,2026-09-07,1269.0,1275.0,1275.0,1268.4,1267.92,1060.0,1261.0,1271.0,1261.0,1269.0,1600.0,0.0,-0.6304176516942483,0.6344171292624878,-0.47058823529412264,-0.47058823529412264,0.47281323877068626,0.0,1.509433962264151,True,False,False
2669,カネ美食品,2026-09-07,3950.0,4015.0,4025.0,3928.0,3970.4,7560.0,3950.0,3950.0,3950.0,3950.0,9200.0,0.0,0.0,0.0,-1.6189290161892855,-1.8633540372670843,1.8987341772152,0.24906600249066102,1.216931216931217,False,False,False
2670,エービーシー・マート,2026-09-07,2697.5,2847.0,2874.0,2696.1,2764.52,626600.0,2718.0,2721.5,2700.0,2718.0,28300.0,0.7599629286376253,0.7599629286376253,0.0,-4.531085353003162,-5.427974947807934,5.739514348785879,0.94836670179137,0.045164379189275454,False,False,False
2673,夢みつけ隊,2026-09-07,111.0,135.0,135.0,112.6,116.44,60440.0,112.0,112.0,112.0,112.0,5500.0,0.9009009009008917,0.9009009009008917,0.0,-17.037037037037038,-17.037037037037038,20.535714285714278,0.0,0.09099933818663138,False,False,False
2674,ハードオフコーポレーション,2026-09-07,2577.0,2898.0,3095.0,2643.0,2747.52,70520.0,2559.0,2577.0,2556.0,2577.0,63600.0,0.0,-0.6984866123399325,0.703399765533419,-11.07660455486542,-16.73667205169629,20.10089251067133,6.797791580400281,0.9018718094157686,True,False,False
2676,高千穂交易,2026-09-07,2063.0,2105.0,2105.0,2062.2,2071.28,18460.0,2063.0,2063.0,2056.0,2063.0,12100.0,0.0,0.0,0.0,-1.9952494061757697,-1.9952494061757697,2.0358700920988904,0.0,0.6554712892741061,False,False,False
2678,アスクル,2026-09-07,1296.0,1323.0,1323.0,1287.2,1273.48,300680.0,1298.0,1299.0,1289.0,1289.0,24700.0,-0.5401234567901203,0.15432098765431057,-0.6933744221879867,-2.569916855631138,-2.569916855631138,2.637703646237388,0.0,0.0821471331648264,False,False,False
2681,ゲオホールディングス,2026-09-07,2343.0,2484.0,2484.0,2412.6,2305.2,142920.0,2352.0,2362.0,2346.0,2359.0,13900.0,0.6828851899274513,0.3841229193341844,0.29761904761904656,-5.032206119162641,-5.032206119162641,5.298855447223394,0.0,0.09725720682899525,True,False,False
2683,魚喜,2026-09-07,994.0,1022.0,1022.0,996.6,1007.4,3140.0,997.0,997.0,997.0,994.0,1400.0,0.0,0.3018108651911433,-0.30090270812437314,-2.73972602739726,-2.73972602739726,2.8169014084507005,0.0,0.445859872611465,False,False,False
2685,アンドエスティＨＤ,2026-09-07,3245.0,3575.0,3575.0,3301.0,3437.2,209380.0,3250.0,3255.0,3230.0,3255.0,17800.0,0.30816640986133237,0.15408320493066618,0.15384615384614886,-8.951048951048957,-8.951048951048957,9.83102918586789,0.0,0.08501289521444264,True,False,False
2687,シー・ヴイ・エス・ベイエリア,2026-09-07,500.0,512.0,512.0,494.8,501.72,7340.0,500.0,500.0,500.0,500.0,13300.0,0.0,0.0,0.0,-2.34375,-2.34375,2.400000000000002,0.0,1.8119891008174387,False,False,False
2689,オルバヘルスケアホールディングス,2026-09-07,1926.0,1946.0,1946.0,1916.0,1894.28,4720.0,1927.0,1927.0,1927.0,1926.0,2000.0,0.0,0.05192107995846129,-0.05189413596263792,-1.0277492291880796,-1.0277492291880796,1.0384215991692702,0.0,0.423728813559322,False,False,False
268A,リガク・ホールディングス,2026-09-07,1706.0,2218.0,2327.0,1600.6,1862.88,2766980.0,1704.0,1713.0,1672.0,1676.0,213400.0,-1.7584994138335253,-0.11723329425556983,-1.6431924882629123,-24.43642921550947,-27.975934679845295,38.84248210023866,4.914337240757449,0.07712379561832756,False,False,False
2693,ＹＫＴ,2026-09-07,281.0,325.0,358.0,278.4,299.6,54800.0,281.0,281.0,281.0,281.0,42200.0,0.0,0.0,0.0,-13.538461538461544,-21.50837988826816,27.402135231316716,10.153846153846157,0.7700729927007299,False,False,False
2694,焼肉坂井ホールディングス,2026-09-07,72.0,73.0,73.0,72.0,71.84,150580.0,72.0,73.0,72.0,73.0,34100.0,1.388888888888884,0.0,1.388888888888884,0.0,0.0,0.0,0.0,0.22645769690529952,True,False,False
2695,くら寿司,2026-09-07,1696.0,1775.0,1775.0,1726.6,1704.2,678980.0,1690.0,1695.0,1685.0,1695.0,90500.0,-0.0589622641509413,-0.3537735849056589,0.2958579881656709,-4.507042253521131,-4.507042253521131,4.71976401179941,0.0,0.1332881675454358,True,False,False
2698,キャンドゥ,2026-09-07,3305.0,3680.0,3680.0,3323.0,3551.2,20740.0,3350.0,3375.0,3345.0,3375.0,8100.0,2.1180030257186067,1.3615733736762392,0.746268656716409,-8.288043478260864,-8.288043478260864,9.037037037037043,0.0,0.390549662487946,True,False,False
269A,Ｓａｐｅｅｔ,2026-09-07,2859.0,2918.0,2918.0,2772.8,2621.2,11280.0,2878.0,2878.0,2878.0,2859.0,12300.0,0.0,0.6645680307799884,-0.6601806810284883,-2.0219328307059636,-2.0219328307059636,2.0636586218957698,0.0,1.0904255319148937,False,False,False
2700,木徳神糧,2026-09-07,1771.0,1885.0,1885.0,1784.6,1767.56,11180.0,1776.0,1776.0,1751.0,1771.0,6700.0,0.0,0.28232636928289256,-0.28153153153153143,-6.047745358090184,-6.047745358090184,6.437041219649919,0.0,0.5992844364937389,False,False,False
2702,日本マクドナルドホールディングス,2026-09-07,8100.0,8320.0,8320.0,8174.0,8038.0,399220.0,8070.0,8110.0,8040.0,8100.0,41800.0,0.0,-0.37037037037036535,0.3717472118959009,-2.644230769230771,-2.644230769230771,2.716049382716057,0.0,0.10470417313761836,True,False,False
2705,大戸屋ホールディングス,2026-09-07,9110.0,10200.0,10200.0,9636.0,9028.0,38260.0,9110.0,9140.0,9110.0,9110.0,39500.0,0.0,0.0,0.0,-10.686274509803917,-10.686274509803917,11.964873765093298,0.0,1.0324098274960793,False,False,False
2708,久世,2026-09-07,1905.0,2015.0,2015.0,1909.0,1937.44,380.0,1915.0,1915.0,1915.0,1905.0,600.0,0.0,0.5249343832020914,-0.5221932114882533,-5.459057071960293,-5.459057071960293,5.774278215223094,0.0,1.5789473684210527,False,False,False
2721,ジェイホールディングス,2026-09-07,107.0,124.0,157.0,108.2,114.44,77280.0,107.0,107.0,107.0,107.0,39400.0,0.0,0.0,0.0,-13.709677419354838,-31.84713375796179,46.728971962616825,26.61290322580645,0.5098343685300207,False,False,False
2722,ＩＫホールディングス,2026-09-07,359.0,361.0,361.0,359.6,358.28,5000.0,359.0,359.0,359.0,359.0,3500.0,0.0,0.0,0.0,-0.5540166204986097,-0.5540166204986097,0.557103064066844,0.0,0.7,False,False,False
2726,パルグループホールディングス,2026-09-07,1509.0,1578.0,1578.0,1499.0,1502.28,1034320.0,1554.0,1585.0,1551.0,1562.0,231700.0,3.5122597746852113,2.982107355864816,0.5148005148005064,-1.0139416983523497,-1.0139416983523497,1.0243277848911658,0.0,0.2240119112073633,True,False,False
2730,エディオン,2026-09-07,2488.0,2583.0,2615.0,2505.0,2512.36,203100.0,2488.0,2499.0,2483.0,2491.0,15900.0,0.1205787781350498,0.0,0.1205787781350498,-3.561749903213318,-4.74187380497132,4.977920513849865,1.2388695315524556,0.07828655834564253,True,False,False
2733,あらた,2026-09-07,2672.0,2753.0,2753.0,2694.0,2638.8,77780.0,2665.0,2665.0,2655.0,2660.0,17300.0,-0.44910179640718084,-0.2619760479041888,-0.18761726078799779,-3.3781329458772213,-3.3781329458772213,3.496240601503753,0.0,0.22242221650809976,False,False,False
2734,サーラコーポレーション,2026-09-07,1204.0,1245.0,1245.0,1208.0,1199.96,118940.0,1195.0,1197.0,1191.0,1194.0,3600.0,-0.830564784053156,-0.7475083056478371,-0.08368200836820217,-4.0963855421686795,-4.0963855421686795,4.271356783919589,0.0,0.030267361694972256,False,False,False
2735,ワッツ,2026-09-07,724.0,730.0,730.0,701.0,694.84,57160.0,738.0,740.0,733.0,736.0,19300.0,1.6574585635359185,1.9337016574585641,-0.27100271002710175,0.8219178082191858,0.8219178082191858,-0.8152173913043459,0.0,0.3376487053883835,False,True,True
2736,フェスタリアホールディングス,2026-09-07,603.0,675.0,678.0,605.4,651.84,5000.0,604.0,604.0,604.0,603.0,1400.0,0.0,0.16583747927032544,-0.16556291390728006,-10.666666666666668,-11.061946902654862,12.43781094527363,0.4444444444444473,0.28,False,False,False
2737,トーメンデバイス,2026-09-07,33900.0,35700.0,35700.0,33990.0,31458.0,93180.0,34100.0,34100.0,33500.0,33800.0,3200.0,-0.2949852507374673,0.5899705014749346,-0.8797653958944274,-5.3221288515406195,-5.3221288515406195,5.621301775147924,0.0,0.034342133505044004,False,False,False
2742,ハローズ,2026-09-07,3970.0,4125.0,4125.0,4004.0,3913.0,39940.0,3940.0,3940.0,3930.0,3970.0,34500.0,0.0,-0.7556675062972307,0.761421319796951,-3.7575757575757596,-3.7575757575757596,3.9042821158690177,0.0,0.8637956935403105,True,False,False
2749,ＪＰホールディングス,2026-09-07,662.0,676.0,676.0,662.4,647.24,246080.0,660.0,660.0,657.0,657.0,30600.0,-0.7552870090634434,-0.30211480362537513,-0.4545454545454519,-2.810650887573962,-2.810650887573962,2.8919330289193246,0.0,0.12434980494148244,False,False,False
274A,ガーデン,2026-09-07,2287.0,2379.0,2379.0,2280.4,2329.12,15000.0,2287.0,2287.0,2278.0,2278.0,900.0,-0.3935286401399174,0.0,-0.3935286401399174,-4.245481294661624,-4.245481294661624,4.433713784021065,0.0,0.06,False,False,False
2750,石光商事,2026-09-07,1355.0,1389.0,1389.0,1359.2,1327.88,7860.0,1355.0,1355.0,1353.0,1353.0,1600.0,-0.14760147601475815,0.0,-0.14760147601475815,-2.591792656587477,-2.591792656587477,2.6607538802660757,0.0,0.2035623409669211,False,False,False
2751,テンポスホールディングス,2026-09-07,3790.0,3815.0,3925.0,3781.0,3764.8,2980.0,3785.0,3785.0,3775.0,3790.0,3900.0,0.0,-0.13192612137202797,0.13210039630118242,-0.6553079947575369,-3.439490445859872,3.562005277044844,2.8833551769331667,1.308724832214765,True,False,False
2752,フジオフードグループ本社,2026-09-07,1145.0,1160.0,1188.0,1147.0,1123.16,85600.0,1147.0,1149.0,1145.0,1145.0,7400.0,0.0,0.17467248908296096,-0.17436791630339732,-1.2931034482758674,-3.6195286195286225,3.7554585152838493,2.4137931034482696,0.08644859813084112,False,False,False
2753,あみやき亭,2026-09-07,1382.0,1417.0,1417.0,1393.2,1381.28,28580.0,1380.0,1381.0,1375.0,1382.0,30500.0,0.0,-0.14471780028944004,0.14492753623187582,-2.470007057163015,-2.470007057163015,2.532561505065134,0.0,1.067179846046186,True,False,False
2760,東京エレクトロン　デバイス,2026-09-07,4180.0,4465.0,4730.0,4157.0,4183.4,110840.0,4150.0,4150.0,4095.0,4120.0,10700.0,-1.4354066985645897,-0.7177033492822948,-0.7228915662650603,-7.726763717805152,-12.896405919661735,14.805825242718452,5.935050391937291,0.09653554673403103,False,False,False
2762,ＳＡＮＫＯ　ＭＡＲＫＥＴＩＮＧ　ＦＯＯＤＳ,2026-09-07,70.0,79.0,84.0,69.6,73.72,71600.0,69.0,70.0,69.0,70.0,4900.0,0.0,-1.4285714285714235,1.449275362318847,-11.392405063291145,-16.666666666666664,19.999999999999996,6.329113924050622,0.06843575418994413,True,False,False
2764,ひらまつ,2026-09-07,162.0,173.0,173.0,162.2,153.64,362580.0,163.0,163.0,160.0,161.0,39000.0,-0.6172839506172867,0.6172839506172867,-1.2269938650306789,-6.936416184971095,-6.936416184971095,7.453416149068315,0.0,0.10756246897236472,False,False,False
2767,円谷フィールズホールディングス,2026-09-07,2450.0,2629.0,2629.0,2508.4,2484.72,406580.0,2460.0,2464.0,2445.0,2452.0,18100.0,0.08163265306122547,0.40816326530612734,-0.3252032520325243,-6.732597945987062,-6.732597945987062,7.218597063621535,0.0,0.044517684096610756,False,False,False
2768,双日,2026-09-07,5853.0,5894.0,5894.0,5773.0,5603.88,1483960.0,5821.0,5821.0,5719.0,5766.0,122100.0,-1.4864172219374638,-0.5467281735861973,-0.9448548359388464,-2.1717000339328107,-2.1717000339328107,2.219909816163712,0.0,0.08227984581794658,False,False,False
2769,ヴィレッジヴァンガードコーポレーション,2026-09-07,926.0,939.0,939.0,927.2,907.2,5200.0,925.0,927.0,925.0,926.0,3600.0,0.0,-0.10799136069113979,0.108108108108107,-1.3844515441959526,-1.3844515441959526,1.4038876889848728,0.0,0.6923076923076923,True,False,False
276A,ククレブ・アドバイザーズ,2026-09-07,4035.0,4110.0,4110.0,3791.0,3576.4,31340.0,4035.0,4075.0,4005.0,4075.0,3600.0,0.991325898389106,0.0,0.991325898389106,-0.8515815085158196,-0.8515815085158196,0.8588957055214674,0.0,0.1148691767708998,True,False,False
2776,新都ホールディングス,2026-09-07,104.0,111.0,111.0,103.0,96.96,230600.0,105.0,105.0,105.0,104.0,421200.0,0.0,0.9615384615384581,-0.952380952380949,-6.3063063063063085,-6.3063063063063085,6.730769230769229,0.0,1.826539462272333,False,False,False
2778,パレモ・ホールディングス,2026-09-07,116.0,119.0,119.0,115.2,112.6,36780.0,115.0,115.0,115.0,116.0,18000.0,0.0,-0.8620689655172376,0.8695652173912993,-2.5210084033613467,-2.5210084033613467,2.586206896551735,0.0,0.4893964110929853,True,False,False
277A,グロービング,2026-09-07,1901.0,2012.0,2012.0,1862.0,1782.2,128560.0,1880.0,1922.0,1880.0,1922.0,13600.0,1.104681746449243,-1.104681746449232,2.2340425531914843,-4.473161033797213,-4.473161033797213,4.682622268470338,0.0,0.10578718108276292,True,False,False
2780,コメ兵ホールディングス,2026-09-07,4920.0,5700.0,5700.0,4959.0,5156.2,128100.0,4865.0,4885.0,4860.0,4880.0,4200.0,-0.8130081300813052,-1.1178861788617933,0.30832476875641834,-14.385964912280702,-14.385964912280702,16.803278688524582,0.0,0.03278688524590164,True,False,False
2782,セリア,2026-09-07,4570.0,4660.0,4660.0,4472.0,4261.0,364440.0,4595.0,4625.0,4550.0,4570.0,250800.0,0.0,0.547045951859948,-0.5440696409140355,-1.931330472102999,-1.931330472102999,1.969365426695835,0.0,0.6881791241356602,False,False,False
2784,アルフレッサ　ホールディングス,2026-09-07,2291.0,2351.5,2475.0,2318.0,2277.6,366460.0,2284.5,2288.5,2271.0,2274.0,68200.0,-0.7420340462680031,-0.2837189000436502,-0.45961917268548813,-3.295768658303211,-8.121212121212118,8.839050131926118,5.251966829683186,0.18610489548654696,False,False,False
2788,アップルインターナショナル,2026-09-07,416.0,445.0,445.0,417.2,413.92,41840.0,413.0,413.0,404.0,407.0,20600.0,-2.163461538461542,-0.7211538461538436,-1.4527845036319653,-8.539325842696632,-8.539325842696632,9.336609336609335,0.0,0.49235181644359466,False,False,False
2789,カルラ,2026-09-07,477.0,481.0,481.0,477.2,476.8,1200.0,479.0,479.0,477.0,477.0,1200.0,0.0,0.41928721174004924,-0.41753653444676075,-0.8316008316008316,-0.8316008316008316,0.8385744234800763,0.0,1.0,False,False,False
278A,Ｔｅｒｒａ　Ｄｒｏｎｅ,2026-09-07,20100.0,23400.0,23400.0,19308.0,15254.8,6493880.0,20390.0,21490.0,20210.0,21020.0,693500.0,4.577114427860707,1.4427860696517358,3.0897498773908794,-10.170940170940169,-10.170940170940169,11.322549952426254,0.0,0.10679285727484955,True,False,False
2790,ナフコ,2026-09-07,2112.0,2241.0,2274.0,2120.2,2162.24,8200.0,2112.0,2112.0,2112.0,2112.0,4500.0,0.0,0.0,0.0,-5.756358768406966,-7.12401055408971,7.670454545454541,1.4725568942436373,0.5487804878048781,False,False,False
2791,大黒天物産,2026-09-07,4640.0,4745.0,4925.0,4609.0,4531.2,50380.0,4645.0,4675.0,4640.0,4665.0,4700.0,0.5387931034482651,0.10775862068965747,0.43057050592034685,-1.6859852476290849,-5.2791878172588795,5.5734190782422255,3.7934668071654354,0.09329098848749504,True,False,False
2792,ハニーズホールディングス,2026-09-07,1450.0,1474.0,1479.0,1448.2,1437.04,41800.0,1442.0,1442.0,1438.0,1450.0,47400.0,0.0,-0.5517241379310311,0.554785020804438,-1.6282225237449155,-1.9607843137254943,2.0000000000000018,0.33921302578019397,1.1339712918660287,True,False,False
2795,日本プリメックス,2026-09-07,958.0,990.0,990.0,962.6,968.48,380.0,957.0,957.0,957.0,958.0,1000.0,0.0,-0.10438413361169019,0.10449320794148065,-3.232323232323231,-3.232323232323231,3.3402922755741082,0.0,2.6315789473684212,True,False,False
2796,ファーマライズホールディングス,2026-09-07,505.0,506.0,506.0,505.2,498.16,3400.0,505.0,505.0,505.0,505.0,4400.0,0.0,0.0,0.0,-0.19762845849802257,-0.19762845849802257,0.1980198019801982,0.0,1.2941176470588236,False,False,False
2798,ワイズテーブルコーポレーション,2026-09-07,3000.0,3090.0,3090.0,2997.2,3038.12,4320.0,3005.0,3015.0,3000.0,3000.0,4800.0,0.0,0.16666666666667052,-0.16638935108153063,-2.9126213592232997,-2.9126213592232997,3.0000000000000027,0.0,1.1111111111111112,False,False,False
2801,キッコーマン,2026-09-07,1726.5,1867.5,1867.5,1799.0,1775.86,3469720.0,1716.5,1734.5,1716.0,1726.0,252700.0,-0.02896032435563134,-0.5792064871126601,0.5534517914360659,-7.576974564926376,-7.576974564926376,8.198146002317497,0.0,0.07283008427192972,True,False,False
2802,味の素,2026-09-07,5219.0,5754.0,5754.0,5226.8,5339.04,2907380.0,5200.0,5201.0,5169.0,5196.0,141300.0,-0.4406974516190876,-0.3640544165548931,-0.07692307692307443,-9.697601668404587,-9.697601668404587,10.739030023094687,0.0,0.048600458144446204,False,False,False
2804,ブルドックソース,2026-09-07,1849.0,1883.0,1883.0,1863.2,1832.44,15620.0,1848.0,1848.0,1843.0,1843.0,800.0,-0.32449972958356055,-0.05408328826392861,-0.27056277056276556,-2.1242697822623446,-2.1242697822623446,2.170374389582208,0.0,0.05121638924455826,False,False,False
2805,ヱスビー食品,2026-09-07,7350.0,7610.0,7610.0,7242.0,6912.4,80380.0,7350.0,7370.0,7300.0,7370.0,5600.0,0.2721088435374108,0.0,0.2721088435374108,-3.1537450722733285,-3.1537450722733285,3.256445047489831,0.0,0.06966907190843494,True,False,False
2806,ユタカフーズ,2026-09-07,1931.0,2020.0,2020.0,1922.8,1895.08,3200.0,1923.0,1923.0,1923.0,1931.0,700.0,0.0,-0.4142931123770066,0.4160166406656174,-4.40594059405941,-4.40594059405941,4.609010875194208,0.0,0.21875,True,False,False
2809,キユーピー,2026-09-07,4647.0,4929.0,4929.0,4729.0,4676.04,304240.0,4635.0,4655.0,4627.0,4640.0,12600.0,-0.1506348181622541,-0.2582311168495832,0.10787486515642097,-5.863258267397042,-5.863258267397042,6.228448275862064,0.0,0.04141467262687352,True,False,False
280A,ＴＭＨ,2026-09-07,1171.0,1326.0,1326.0,1095.2,1107.56,36940.0,1156.0,1156.0,1148.0,1156.0,2100.0,-1.2809564474807855,-1.2809564474807855,0.0,-12.82051282051282,-12.82051282051282,14.705882352941169,0.0,0.0568489442338928,False,False,False
2810,ハウス食品グループ本社,2026-09-07,3839.0,4019.0,4135.0,3919.4,3791.04,272340.0,3826.0,3831.0,3815.0,3815.0,10200.0,-0.6251628028132283,-0.3386298515238306,-0.2875065342394123,-5.075889524757404,-7.738814993954046,8.387942332896458,2.886290121920876,0.03745318352059925,False,False,False
2811,カゴメ,2026-09-07,2718.5,2769.0,2892.5,2743.6,2680.0,260760.0,2702.0,2719.0,2701.5,2702.5,15900.0,-0.5885598675740344,-0.6069523634357199,0.018504811250918962,-2.4015890213073265,-6.568712186689718,7.0305272895467175,4.460093896713624,0.06097560975609756,True,False,False
2813,和弘食品,2026-09-07,3915.0,3995.0,4070.0,3930.0,3948.2,540.0,3920.0,3920.0,3920.0,3915.0,500.0,0.0,0.12771392081736277,-0.12755102040816757,-2.0025031289111372,-3.8083538083538038,3.9591315453384457,1.8773466833541974,0.9259259259259259,False,False,False
2814,佐藤食品工業,2026-09-07,4000.0,4065.0,4065.0,3916.0,3463.4,3680.0,4035.0,4035.0,4000.0,4000.0,7400.0,0.0,0.8750000000000036,-0.8674101610904539,-1.5990159901599021,-1.5990159901599021,1.6250000000000098,0.0,2.010869565217391,False,False,False
2815,アリアケジャパン,2026-09-07,5370.0,5520.0,5640.0,5422.0,5368.4,80100.0,5360.0,5360.0,5340.0,5350.0,7600.0,-0.3724394785847296,-0.18621973929237035,-0.1865671641791078,-3.079710144927539,-5.141843971631211,5.42056074766355,2.1739130434782705,0.09488139825218476,False,False,False
2816,ダイショー,2026-09-07,1418.0,1419.0,1420.0,1416.8,1412.96,1720.0,1419.0,1419.0,1419.0,1418.0,3200.0,0.0,0.07052186177716191,-0.0704721634954164,-0.0704721634954164,-0.14084507042253502,0.14104372355430161,0.07047216349542751,1.8604651162790697,False,False,False
2818,ピエトロ,2026-09-07,1770.0,1778.0,1778.0,1769.0,1761.96,2580.0,1770.0,1770.0,1770.0,1770.0,5200.0,0.0,0.0,0.0,-0.4499437570303688,-0.4499437570303688,0.4519774011299438,0.0,2.0155038759689923,False,False,False
2819,エバラ食品工業,2026-09-07,2518.0,2642.0,2642.0,2538.0,2535.08,11060.0,2500.0,2500.0,2500.0,2518.0,14400.0,0.0,-0.714853057982523,0.7200000000000095,-4.693414080242242,-4.693414080242242,4.924543288324057,0.0,1.301989150090416,True,False,False
281A,インフォメティス,2026-09-07,424.0,486.0,486.0,427.4,448.0,45740.0,422.0,422.0,419.0,424.0,48400.0,0.0,-0.4716981132075526,0.4739336492890933,-12.757201646090532,-12.757201646090532,14.622641509433954,0.0,1.0581547879317883,True,False,False
2820,やまみ,2026-09-07,6580.0,6580.0,6580.0,6176.0,5786.4,21800.0,6650.0,6850.0,6590.0,6590.0,3600.0,0.1519756838905817,1.0638297872340496,-0.9022556390977488,0.1519756838905817,0.1519756838905817,-0.15174506828528056,0.0,0.1651376146788991,False,True,True
2831,はごろもフーズ,2026-09-07,3685.0,3700.0,3700.0,3677.0,3662.2,840.0,3680.0,3680.0,3680.0,3685.0,1100.0,0.0,-0.13568521031207537,0.13586956521738358,-0.40540540540540126,-0.40540540540540126,0.4070556309362372,0.0,1.3095238095238095,True,False,False
285A,キオクシアホールディングス,2026-09-07,59530.0,63350.0,63350.0,53532.0,52075.6,28090680.0,58530.0,59040.0,58300.0,58670.0,2101200.0,-1.4446497564253313,-1.679825298168991,0.2391935759439523,-7.387529597474352,-7.387529597474352,7.976819498892107,0.0,0.07480061002439244,True,False,False
286A,ユカリア,2026-09-07,808.0,853.0,853.0,818.8,817.56,21220.0,823.0,823.0,806.0,808.0,29200.0,0.0,1.856435643564347,-1.8226002430133614,-5.275498241500587,-5.275498241500587,5.569306930693063,0.0,1.3760603204524033,False,False,False
2871,ニチレイ,2026-09-07,2102.0,2230.0,2369.0,2132.3,2160.1,1062740.0,2098.0,2112.0,2095.0,2107.5,68300.0,0.2616555661274944,-0.19029495718363432,0.4528122020972303,-5.493273542600896,-11.038412832418743,12.40806642941874,6.233183856502245,0.06426783597116886,True,False,False
2872,セイヒョー,2026-09-07,1930.0,2017.0,2017.0,1935.0,1982.76,4900.0,1929.0,1929.0,1929.0,1930.0,5400.0,0.0,-0.05181347150259308,0.051840331778119086,-4.313336638572141,-4.313336638572141,4.507772020725387,0.0,1.1020408163265305,True,False,False
2874,横浜冷凍,2026-09-07,2167.0,2274.0,2274.0,2180.2,2137.84,130680.0,2156.0,2158.0,2150.0,2167.0,114700.0,0.0,-0.5076142131979711,0.5102040816326481,-4.7053649956024675,-4.7053649956024675,4.9377018920166105,0.0,0.8777165595347414,True,False,False
2875,東洋水産,2026-09-07,10175.0,10890.0,11560.0,10408.0,10484.4,351620.0,10145.0,10180.0,10110.0,10110.0,13200.0,-0.6388206388206363,-0.29484029484029284,-0.3449975357318835,-7.162534435261703,-12.543252595155707,14.342235410484673,6.152433425160697,0.03754052670496559,False,False,False
2876,デルソーレ,2026-09-07,481.0,499.0,499.0,470.2,472.2,4060.0,479.0,485.0,479.0,485.0,2800.0,0.8316008316008316,-0.4158004158004158,1.2526096033402823,-2.8056112224448926,-2.8056112224448926,2.8865979381443196,0.0,0.6896551724137931,True,False,False
2877,日東ベスト,2026-09-07,751.0,797.0,797.0,754.4,746.12,1480.0,757.0,760.0,751.0,751.0,1000.0,0.0,0.7989347536617952,-0.7926023778071389,-5.771643663739024,-5.771643663739024,6.125166444740349,0.0,0.6756756756756757,False,False,False
287A,黒田グループ,2026-09-07,1165.0,1240.0,1240.0,1177.2,1177.6,472740.0,1165.0,1165.0,1157.0,1165.0,39800.0,0.0,0.0,0.0,-6.048387096774189,-6.048387096774189,6.4377682403433445,0.0,0.08419004103735668,False,False,False
2882,イートアンドホールディングス,2026-09-07,2017.0,2089.0,2089.0,2030.4,2049.2,23820.0,2017.0,2020.0,2015.0,2017.0,19900.0,0.0,0.0,0.0,-3.446625179511731,-3.446625179511731,3.5696579077838297,0.0,0.8354324097397146,False,False,False
2883,大冷,2026-09-07,2037.0,2039.0,2039.0,2028.0,2013.68,2700.0,2039.0,2039.0,2039.0,2037.0,5100.0,0.0,0.09818360333824216,-0.09808729769494873,-0.09808729769494873,-0.09808729769494873,0.09818360333824216,0.0,1.8888888888888888,False,False,False
2884,ヨシムラ・フード・ホールディングス,2026-09-07,631.0,678.0,678.0,628.8,645.36,67140.0,635.0,635.0,626.0,631.0,114400.0,0.0,0.6339144215530945,-0.6299212598425252,-6.932153392330386,-6.932153392330386,7.448494453248822,0.0,1.7039022937146262,False,False,False
288A,ラクサス・テクノロジーズ,2026-09-07,95.0,108.0,108.0,94.8,96.16,46180.0,95.0,95.0,95.0,95.0,47300.0,0.0,0.0,0.0,-12.037037037037035,-12.037037037037035,13.684210526315788,0.0,1.0242529233434388,False,False,False
2892,日本食品化工,2026-09-07,4595.0,4625.0,4775.0,4580.0,4486.2,3560.0,4595.0,4595.0,4595.0,4595.0,2300.0,0.0,0.0,0.0,-0.6486486486486531,-3.7696335078533982,3.9173014145810647,3.2432432432432323,0.6460674157303371,False,False,False
2894,石井食品,2026-09-07,365.0,379.0,379.0,368.0,350.92,19280.0,362.0,362.0,362.0,365.0,8500.0,0.0,-0.8219178082191747,0.8287292817679592,-3.693931398416883,-3.693931398416883,3.835616438356171,0.0,0.4408713692946058,True,False,False
2897,日清食品ホールディングス,2026-09-07,2931.0,3096.0,3138.0,2991.6,2964.1,1104960.0,2937.0,2942.5,2917.0,2918.0,85900.0,-0.4435346298191756,0.20470829068577334,-0.6469186244467129,-5.7493540051679615,-7.010834926704912,7.539410555174775,1.3565891472868241,0.07774037069215176,False,False,False
2901,ウェルディッシュ,2026-09-07,150.0,184.0,187.0,149.4,160.88,86480.0,150.0,151.0,150.0,151.0,83600.0,0.6666666666666599,0.0,0.6666666666666599,-17.934782608695656,-19.25133689839572,23.84105960264902,1.6304347826086918,0.9666975023126735,True,False,False
2903,シノブフーズ,2026-09-07,1615.0,1663.0,1720.0,1628.8,1601.4,2160.0,1615.0,1615.0,1615.0,1615.0,3700.0,0.0,0.0,0.0,-2.8863499699338546,-6.104651162790697,6.5015479876161075,3.4275405892964628,1.712962962962963,False,False,False
2904,一正蒲鉾,2026-09-07,755.0,760.0,762.0,754.4,754.4,3360.0,755.0,755.0,755.0,755.0,3900.0,0.0,0.0,0.0,-0.6578947368421018,-0.9186351706036766,0.9271523178807861,0.2631578947368318,1.1607142857142858,False,False,False
2907,あじかん,2026-09-07,1528.0,1544.0,1577.0,1530.2,1524.48,1500.0,1526.0,1526.0,1526.0,1528.0,2800.0,0.0,-0.13089005235602524,0.1310615989515096,-1.0362694300518172,-3.107165504121745,3.2068062827225186,2.137305699481873,1.8666666666666667,True,False,False
2908,フジッコ,2026-09-07,1609.0,1650.0,1650.0,1620.6,1598.0,40620.0,1608.0,1608.0,1601.0,1609.0,30900.0,0.0,-0.06215040397762328,0.062189054726369264,-2.4848484848484897,-2.4848484848484897,2.5481665630826544,0.0,0.7607090103397341,True,False,False
290A,Ｓｙｎｓｐｅｃｔｉｖｅ,2026-09-07,1476.0,1622.0,1622.0,1457.4,1412.24,1104880.0,1464.0,1492.0,1455.0,1489.0,63500.0,0.8807588075880668,-0.8130081300813052,1.7076502732240373,-8.199753390875465,-8.199753390875465,8.932169241101406,0.0,0.05747230468467164,True,False,False
2910,ロック・フィールド,2026-09-07,1428.0,1449.0,1449.0,1423.6,1400.72,65420.0,1416.0,1424.0,1416.0,1424.0,5900.0,-0.2801120448179262,-0.8403361344537785,0.5649717514124353,-1.7253278122843385,-1.7253278122843385,1.755617977528079,0.0,0.09018648731274839,True,False,False
2911,旭松食品,2026-09-07,2246.0,2278.0,2300.0,2250.2,2262.92,580.0,2246.0,2246.0,2246.0,2246.0,700.0,0.0,0.0,0.0,-1.4047410008779626,-2.347826086956517,2.404274265360651,0.9657594381035972,1.206896551724138,False,False,False
2914,日本たばこ産業,2026-09-07,6736.0,7187.0,7218.0,6908.0,6967.0,3553040.0,6700.0,6718.0,6684.0,6694.0,428300.0,-0.6235154394299336,-0.5344418052256494,-0.08955223880596774,-6.85960762487825,-7.2596287060127445,7.82790558709292,0.4313343536941794,0.12054466034719565,False,False,False
2915,ケンコーマヨネーズ,2026-09-07,2052.0,2092.0,2145.0,2069.4,2025.96,30480.0,2050.0,2050.0,2036.0,2052.0,24500.0,0.0,-0.09746588693957392,0.09756097560975618,-1.9120458891013437,-4.335664335664335,4.532163742690054,2.533460803059273,0.8038057742782152,True,False,False
2916,仙波糖化工業,2026-09-07,743.0,749.0,761.0,745.2,740.8,1940.0,745.0,745.0,743.0,743.0,1700.0,0.0,0.2691790040376896,-0.26845637583892135,-0.8010680907877155,-2.365308804204991,2.4226110363391617,1.602136181575431,0.8762886597938144,False,False,False
2917,大森屋,2026-09-07,925.0,942.0,952.0,926.8,932.6,3520.0,925.0,925.0,925.0,925.0,5100.0,0.0,0.0,0.0,-1.8046709129511673,-2.8361344537815136,2.9189189189189113,1.0615711252653925,1.4488636363636365,False,False,False
2918,わらべや日洋ホールディングス,2026-09-07,2744.0,2896.0,2896.0,2778.8,2800.24,83940.0,2739.0,2739.0,2724.0,2728.0,9400.0,-0.5830903790087438,-0.18221574344022828,-0.40160642570281624,-5.8011049723756924,-5.8011049723756924,6.158357771260992,0.0,0.11198475101262807,False,False,False
291A,リスキル,2026-09-07,1990.0,2060.0,2060.0,1993.4,1932.72,2760.0,1995.0,1995.0,1990.0,1990.0,1200.0,0.0,0.2512562814070307,-0.25062656641604564,-3.398058252427183,-3.398058252427183,3.5175879396984966,0.0,0.43478260869565216,False,False,False
2922,なとり,2026-09-07,1993.0,2034.0,2042.0,1996.2,1987.16,15180.0,1986.0,1986.0,1981.0,1981.0,2400.0,-0.6021073758153528,-0.351229302558953,-0.2517623363544774,-2.6057030481809296,-2.9872673849167475,3.0792529025744475,0.3933136676499416,0.15810276679841898,False,False,False
2923,サトウ食品,2026-09-07,7930.0,8600.0,8980.0,7888.0,8183.6,2360.0,7980.0,7980.0,7980.0,7930.0,1200.0,0.0,0.6305170239596425,-0.6265664160400974,-7.790697674418601,-11.692650334075728,13.240857503152581,4.418604651162794,0.5084745762711864,False,False,False
2924,イフジ産業,2026-09-07,1921.0,1965.0,2078.0,1923.2,1938.84,2400.0,1921.0,1921.0,1921.0,1921.0,1500.0,0.0,0.0,0.0,-2.23918575063613,-7.555341674687199,8.172826652785004,5.750636132315523,0.625,False,False,False
2926,篠崎屋,2026-09-07,128.0,137.0,137.0,126.2,122.44,216480.0,128.0,128.0,127.0,128.0,179800.0,0.0,0.0,0.0,-6.569343065693434,-6.569343065693434,7.03125,0.0,0.8305617147080562,False,False,False
2927,ＡＦＣ－ＨＤアムスライフサイエンス,2026-09-07,861.0,915.0,915.0,867.6,878.08,24700.0,860.0,860.0,860.0,861.0,22600.0,0.0,-0.11614401858304202,0.11627906976743319,-5.9016393442623,-5.9016393442623,6.271777003484313,0.0,0.9149797570850202,True,False,False
2929,ファーマフーズ,2026-09-07,607.0,625.0,625.0,606.8,599.52,110960.0,603.0,605.0,596.0,599.0,16600.0,-1.317957166392092,-0.658978583196046,-0.6633499170812573,-4.159999999999997,-4.159999999999997,4.340567612687818,0.0,0.14960346070656091,False,False,False
2930,北の達人コーポレーション,2026-09-07,132.0,136.0,136.0,131.4,126.24,438700.0,132.0,132.0,131.0,132.0,438800.0,0.0,0.0,0.0,-2.941176470588236,-2.941176470588236,3.0303030303030276,0.0,1.0002279462046957,False,False,False
2931,ユーグレナ,2026-09-07,345.0,373.0,373.0,347.6,350.36,602360.0,345.0,345.0,343.0,345.0,490200.0,0.0,0.0,0.0,-7.506702412868638,-7.506702412868638,8.115942028985511,0.0,0.8137990570423003,False,False,False
2932,ＳＴＩフードホールディングス,2026-09-07,1119.0,1126.0,1130.0,1118.6,1103.32,9120.0,1122.0,1122.0,1122.0,1119.0,11600.0,0.0,0.2680965147453085,-0.2673796791443861,-0.6216696269982225,-0.9734513274336276,0.9830205540661385,0.3552397868561208,1.2719298245614035,False,False,False
2933,紀文食品,2026-09-07,1131.0,1144.0,1144.0,1128.2,1122.72,90120.0,1133.0,1133.0,1126.0,1129.0,32000.0,-0.17683465959328348,0.17683465959328348,-0.3530450132391838,-1.3111888111888126,-1.3111888111888126,1.3286093888396744,0.0,0.3550821127385708,False,False,False
2934,ジェイフロンティア,2026-09-07,2025.0,2095.0,2095.0,2010.8,2001.36,5000.0,2005.0,2005.0,2001.0,2025.0,6200.0,0.0,-0.987654320987652,0.9975062344139696,-3.341288782816232,-3.341288782816232,3.4567901234567877,0.0,1.24,True,False,False
2935,ピックルスホールディングス,2026-09-07,1203.0,1218.0,1218.0,1208.8,1173.24,19460.0,1203.0,1203.0,1199.0,1203.0,16900.0,0.0,0.0,0.0,-1.2315270935960632,-1.2315270935960632,1.2468827930174564,0.0,0.868448098663926,False,False,False
2936,ベースフード,2026-09-07,274.0,280.0,310.0,272.6,270.76,23420.0,274.0,274.0,273.0,273.0,6500.0,-0.36496350364964014,0.0,-0.36496350364964014,-2.500000000000002,-11.935483870967744,13.55311355311355,10.71428571428572,0.2775405636208369,False,False,False
2937,サンクゼール,2026-09-07,1760.0,1765.0,1765.0,1756.6,1750.04,2520.0,1761.0,1761.0,1761.0,1760.0,2400.0,0.0,0.05681818181817455,-0.05678591709256109,-0.283286118980175,-0.283286118980175,0.28409090909091717,0.0,0.9523809523809523,False,False,False
2938,オカムラ食品工業,2026-09-07,1255.0,1330.0,1330.0,1263.0,1279.08,50220.0,1255.0,1255.0,1251.0,1251.0,4200.0,-0.3187250996015911,0.0,-0.3187250996015911,-5.939849624060145,-5.939849624060145,6.314948041566737,0.0,0.08363201911589008,False,False,False
2961,日本調理機,2026-09-07,1500.0,1712.0,1712.0,1572.0,1514.76,840.0,1540.0,1540.0,1540.0,1500.0,1500.0,0.0,2.6666666666666616,-2.5974025974025983,-12.383177570093462,-12.383177570093462,14.133333333333331,0.0,1.7857142857142858,False,False,False
2962,テクニスコ,2026-09-07,1598.0,2025.0,2025.0,1541.4,1486.52,313700.0,1574.0,1601.0,1552.0,1582.0,18600.0,-1.0012515644555742,-1.5018773466833557,0.5082592121982143,-21.87654320987654,-21.87654320987654,28.002528445006327,0.0,0.05929231750079694,True,False,False
296A,令和アカウンティング・ホールディングス,2026-09-07,1140.0,1206.0,1206.0,1114.4,1005.16,88480.0,1136.0,1141.0,1134.0,1140.0,67600.0,0.0,-0.35087719298245723,0.35211267605634866,-5.472636815920396,-5.472636815920396,5.789473684210522,0.0,0.7640144665461122,True,False,False
2970,ＧＬＣ　ＧＲＯＵＰ,2026-09-07,1085.0,1109.0,1109.0,1080.6,1041.88,8140.0,1085.0,1085.0,1085.0,1085.0,12100.0,0.0,0.0,0.0,-2.1641118124436476,-2.1641118124436476,2.211981566820276,0.0,1.4864864864864864,False,False,False
2975,スター・マイカ・ホールディングス,2026-09-07,1485.0,1625.0,1625.0,1506.6,1557.92,160760.0,1476.0,1483.0,1451.0,1451.0,17100.0,-2.289562289562286,-0.60606060606061,-1.693766937669372,-10.707692307692307,-10.707692307692307,11.991729841488619,0.0,0.10636974371734262,False,False,False
2978,ツクルバ,2026-09-07,342.0,352.0,365.0,336.6,341.4,3300.0,343.0,343.0,343.0,342.0,3600.0,0.0,0.29239766081872176,-0.2915451895043719,-2.840909090909094,-6.301369863013695,6.725146198830401,3.693181818181812,1.0909090909090908,False,False,False
297A,アルピコホールディングス,2026-09-07,213.0,216.0,224.0,213.0,214.4,27020.0,213.0,213.0,212.0,213.0,25700.0,0.0,0.0,0.0,-1.388888888888884,-4.91071428571429,5.164319248826299,3.703703703703698,0.9511472982975574,False,False,False
2980,ＳＲＥホールディングス,2026-09-07,2357.0,2637.0,2818.0,2388.6,2496.68,330540.0,2357.0,2365.0,2342.0,2358.0,22000.0,0.042426813746287984,0.0,0.042426813746287984,-10.580204778156999,-16.323633782824697,19.508057675996614,6.863860447478198,0.06655775397833848,True,False,False
2981,ランディックス,2026-09-07,2257.0,2261.0,2261.0,2220.0,2157.92,4640.0,2257.0,2257.0,2256.0,2257.0,5300.0,0.0,0.0,0.0,-0.17691287041132764,-0.17691287041132764,0.17722640673460965,0.0,1.1422413793103448,False,False,False
2982,ＡＤワークスグループ,2026-09-07,434.0,444.0,444.0,435.6,421.76,218440.0,434.0,434.0,431.0,431.0,38800.0,-0.691244239631339,0.0,-0.691244239631339,-2.9279279279279313,-2.9279279279279313,3.0162412993039345,0.0,0.1776231459439663,False,False,False
2983,アールプランナー,2026-09-07,1769.0,1819.0,1819.0,1754.0,1622.24,41900.0,1741.0,1746.0,1732.0,1769.0,50100.0,0.0,-1.5828151498021525,1.6082711085583012,-2.7487630566245147,-2.7487630566245147,2.8264556246466954,0.0,1.1957040572792363,True,False,False
2984,ヤマイチエステート,2026-09-07,759.0,779.0,779.0,759.8,760.32,4160.0,759.0,759.0,759.0,759.0,5300.0,0.0,0.0,0.0,-2.5673940949935803,-2.5673940949935803,2.6350461133069825,0.0,1.2740384615384615,False,False,False
2986,ＬＡホールディングス,2026-09-07,2843.0,2893.0,2893.0,2815.4,2789.36,112640.0,2829.0,2829.0,2802.0,2811.0,9200.0,-1.125571579317619,-0.4924375659514646,-0.6362672322375418,-2.8344279294849617,-2.8344279294849617,2.917111348274637,0.0,0.08167613636363637,False,False,False
298A,ＧＶＡ　ＴＥＣＨ,2026-09-07,360.0,367.0,367.0,349.4,328.6,7200.0,360.0,360.0,360.0,360.0,11800.0,0.0,0.0,0.0,-1.9073569482288777,-1.9073569482288777,1.9444444444444375,0.0,1.6388888888888888,False,False,False
2991,ランドネット,2026-09-07,537.0,568.0,588.0,540.0,549.6,34920.0,533.0,533.0,532.0,537.0,43700.0,0.0,-0.7448789571694592,0.7504690431519689,-5.457746478873238,-8.673469387755105,9.49720670391061,3.5211267605633756,1.2514318442153494,True,False,False
2993,長栄,2026-09-07,2220.0,2278.0,2278.0,2229.6,2215.68,1220.0,2210.0,2220.0,2210.0,2220.0,500.0,0.0,-0.45045045045044585,0.4524886877828038,-2.5460930640913038,-2.5460930640913038,2.612612612612608,0.0,0.4098360655737705,True,False,False
2997,ストレージ王,2026-09-07,1324.0,1337.0,1338.0,1323.6,1328.56,7420.0,1324.0,1325.0,1324.0,1324.0,2500.0,0.0,0.0,0.0,-0.972326103216159,-1.0463378176382654,1.0574018126888296,0.07479431563202077,0.33692722371967654,False,False,False
2998,クリアル,2026-09-07,566.0,583.0,583.0,557.2,526.44,88640.0,562.0,566.0,557.0,566.0,7900.0,0.0,-0.7067137809187329,0.7117437722419906,-2.9159519725557415,-2.9159519725557415,3.0035335689045928,0.0,0.0891245487364621,True,False,False
2999,ホームポジション,2026-09-07,527.0,658.0,660.0,524.8,603.68,36380.0,527.0,527.0,527.0,527.0,20500.0,0.0,0.0,0.0,-19.908814589665656,-20.151515151515152,25.237191650853894,0.3039513677811634,0.5634964266080263,False,False,False
299A,クラシル,2026-09-07,1284.0,1424.0,1424.0,1295.4,1227.44,226600.0,1280.0,1296.0,1280.0,1288.0,7400.0,0.31152647975076775,-0.31152647975077885,0.6250000000000089,-9.55056179775281,-9.55056179775281,10.559006211180133,0.0,0.03265666372462489,True,False,False
3001,片倉工業,2026-09-07,2920.0,3075.0,3075.0,2988.2,2943.76,29860.0,2892.0,2904.0,2890.0,2890.0,1300.0,-1.0273972602739767,-0.9589041095890427,-0.06915629322268302,-6.016260162601627,-6.016260162601627,6.401384083044981,0.0,0.043536503683858,False,False,False
3002,グンゼ,2026-09-07,4105.0,4270.0,4270.0,4130.0,4163.0,181580.0,4095.0,4095.0,4055.0,4065.0,20800.0,-0.974421437271622,-0.24360535931789995,-0.73260073260073,-4.800936768149889,-4.800936768149889,5.043050430504303,0.0,0.11455006057935896,False,False,False
3003,ヒューリック,2026-09-07,1738.0,1814.5,1915.0,1769.4,1758.76,2155240.0,1734.0,1737.5,1728.5,1733.5,182300.0,-0.25891829689298484,-0.23014959723820505,-0.028835063437138153,-4.464039680352716,-9.477806788511744,10.470147101240258,5.538715899696878,0.08458454742859264,False,False,False
3004,神栄,2026-09-07,2091.0,2140.0,2280.0,2087.8,2084.8,4260.0,2098.0,2098.0,2098.0,2091.0,3100.0,0.0,0.33476805356289496,-0.3336510962821726,-2.2897196261682295,-8.289473684210524,9.038737446197986,6.542056074766345,0.7276995305164319,False,False,False
300A,ＭＩＣ,2026-09-07,3195.0,3490.0,3490.0,3252.0,3247.68,13300.0,3250.0,3255.0,3200.0,3195.0,20000.0,0.0,1.7214397496087663,-1.692307692307693,-8.452722063037255,-8.452722063037255,9.233176838810643,0.0,1.5037593984962405,False,False,False
3010,ポラリス・ホールディングス,2026-09-07,190.0,198.0,201.0,190.6,192.44,92180.0,189.0,190.0,187.0,188.0,102100.0,-1.0526315789473717,-0.5263157894736858,-0.5291005291005346,-5.05050505050505,-6.467661691542292,6.914893617021267,1.5151515151515138,1.107615534823172,False,False,False
3011,バナーズ,2026-09-07,142.0,147.0,147.0,144.2,144.6,32100.0,144.0,144.0,143.0,142.0,76600.0,0.0,1.4084507042253502,-1.388888888888884,-3.401360544217691,-3.401360544217691,3.5211267605633756,0.0,2.3862928348909658,False,False,False
3020,アプライド,2026-09-07,4535.0,4560.0,4560.0,4390.0,4300.0,2240.0,4560.0,4560.0,4550.0,4535.0,7000.0,0.0,0.5512679162072764,-0.5482456140350922,-0.5482456140350922,-0.5482456140350922,0.5512679162072764,0.0,3.125,False,False,False
3021,パシフィックネット,2026-09-07,1598.0,1669.0,1669.0,1590.2,1613.48,10580.0,1596.0,1603.0,1590.0,1603.0,4700.0,0.31289111389236623,-0.12515644555695093,0.43859649122806044,-3.954463750748949,-3.954463750748949,4.117280099812848,0.0,0.444234404536862,True,False,False
3023,ラサ商事,2026-09-07,2032.0,2145.0,2145.0,2034.0,2045.24,22280.0,2025.0,2025.0,2013.0,2032.0,27700.0,0.0,-0.34448818897637734,0.34567901234567877,-5.2680652680652695,-5.2680652680652695,5.561023622047245,0.0,1.2432675044883303,True,False,False
3024,クリエイト,2026-09-07,1168.0,1198.0,1198.0,1169.0,1156.08,1140.0,1168.0,1168.0,1168.0,1168.0,1000.0,0.0,0.0,0.0,-2.5041736227045086,-2.5041736227045086,2.568493150684925,0.0,0.8771929824561403,False,False,False
3028,アルペン,2026-09-07,2330.0,2405.0,2405.0,2337.2,2327.36,81140.0,2311.0,2326.0,2304.0,2320.0,3000.0,-0.42918454935622075,-0.8154506437768272,0.38944180008653184,-3.534303534303529,-3.534303534303529,3.663793103448265,0.0,0.036973132856790734,True,False,False
302A,ビースタイルホールディングス,2026-09-07,636.0,696.0,696.0,606.4,617.32,4580.0,619.0,636.0,619.0,636.0,13200.0,0.0,-2.6729559748427723,2.746365105008075,-8.62068965517241,-8.62068965517241,9.433962264150942,0.0,2.8820960698689957,True,False,False
3030,ハブ,2026-09-07,857.0,875.0,875.0,857.8,846.96,14420.0,855.0,856.0,855.0,856.0,1600.0,-0.1166861143523934,-0.2333722287047868,0.11695906432749315,-2.1714285714285686,-2.1714285714285686,2.219626168224309,0.0,0.11095700416088766,True,False,False
3031,ラクーンホールディングス,2026-09-07,670.0,698.0,698.0,676.8,650.32,179800.0,671.0,671.0,662.0,670.0,67900.0,0.0,0.14925373134329067,-0.14903129657227732,-4.011461318051579,-4.011461318051579,4.179104477611939,0.0,0.37764182424916576,False,False,False
3034,クオールホールディングス,2026-09-07,2266.0,2655.0,2655.0,2299.6,2385.2,108580.0,2246.0,2262.0,2244.0,2244.0,3400.0,-0.9708737864077666,-0.8826125330979706,-0.08904719501335867,-15.48022598870057,-15.48022598870057,18.31550802139037,0.0,0.03131331736968134,False,False,False
3035,ケイティケイ,2026-09-07,776.0,817.0,847.0,775.4,789.08,7460.0,776.0,776.0,776.0,776.0,14300.0,0.0,0.0,0.0,-5.018359853121179,-8.38252656434475,9.149484536082465,3.6719706242350103,1.9168900804289544,False,False,False
3036,アルコニックス,2026-09-07,3375.0,3785.0,3785.0,3334.0,3394.76,130840.0,3355.0,3355.0,3320.0,3320.0,7300.0,-1.6296296296296253,-0.592592592592589,-1.0432190760059634,-12.285336856010565,-12.285336856010565,14.006024096385538,0.0,0.05579333537144604,False,False,False
3038,神戸物産,2026-09-07,2985.0,3204.0,3204.0,2908.7,2830.0,2822800.0,3016.0,3052.0,3011.0,3052.0,497000.0,2.2445561139028403,1.038525963149084,1.1936339522546469,-4.744069912609239,-4.744069912609239,4.980340760157276,0.0,0.17606631713192575,True,False,False
303A,ｖｉｓｕｍｏ,2026-09-07,589.0,637.0,637.0,594.4,605.56,1460.0,581.0,589.0,577.0,589.0,900.0,0.0,-1.358234295415961,1.376936316695354,-7.535321821036112,-7.535321821036112,8.149405772495765,0.0,0.6164383561643836,True,False,False
3040,ソリトンシステムズ,2026-09-07,2352.0,2593.0,2593.0,2340.2,2290.32,88520.0,2342.0,2342.0,2321.0,2340.0,3900.0,-0.5102040816326481,-0.42517006802721413,-0.0853970964987183,-9.757038179714616,-9.757038179714616,10.811965811965818,0.0,0.04405784003615002,False,False,False
3041,ビューティカダンホールディングス,2026-09-07,408.0,415.0,419.0,410.6,404.92,7740.0,407.0,407.0,407.0,408.0,4100.0,0.0,-0.2450980392156854,0.24570024570025328,-1.6867469879518038,-2.6252983293556076,2.6960784313725394,0.9638554216867545,0.5297157622739018,True,False,False
3042,セキュアヴェイル,2026-09-07,296.0,308.0,308.0,297.6,297.4,12160.0,296.0,296.0,296.0,296.0,9200.0,0.0,0.0,0.0,-3.8961038961038974,-3.8961038961038974,4.054054054054057,0.0,0.756578947368421,False,False,False
3045,カワサキ,2026-09-07,1457.0,1501.0,1516.0,1456.0,1480.4,1140.0,1464.0,1464.0,1464.0,1464.0,100.0,0.48043925875085325,0.48043925875085325,0.0,-2.4650233177881398,-3.430079155672827,3.5519125683060038,0.9993337774816702,0.08771929824561403,False,False,False
3046,ジンズホールディングス,2026-09-07,5680.0,6660.0,7070.0,5662.0,6244.4,328740.0,5720.0,5760.0,5650.0,5760.0,45800.0,1.4084507042253502,0.7042253521126751,0.6993006993007089,-13.513513513513509,-18.528995756718526,22.743055555555557,6.156156156156145,0.1393198272190789,True,False,False
3048,ビックカメラ,2026-09-07,1721.0,1826.0,1855.5,1752.0,1748.9,505860.0,1738.0,1755.0,1722.5,1752.0,85500.0,1.801278326554323,0.9877977919814152,0.8055235903337232,-4.052573932092008,-5.5780113177041235,5.907534246575352,1.6155531215772179,0.16901909619262245,True,False,False
3050,ＤＣＭホールディングス,2026-09-07,1579.0,1636.0,1636.0,1591.0,1577.12,210800.0,1580.0,1586.0,1578.0,1582.0,11000.0,0.18999366687777464,0.06333122229258414,0.12658227848101333,-3.3007334963325197,-3.3007334963325197,3.4134007585334913,0.0,0.05218216318785579,True,False,False
3053,ペッパーフードサービス,2026-09-07,202.0,220.0,220.0,202.8,201.28,230100.0,202.0,203.0,201.0,203.0,38000.0,0.4950495049504955,0.0,0.4950495049504955,-7.727272727272727,-7.727272727272727,8.374384236453203,0.0,0.16514558887440242,True,False,False
3054,ハイパー,2026-09-07,371.0,389.0,389.0,376.8,316.16,31840.0,372.0,372.0,370.0,370.0,1900.0,-0.26954177897574594,0.26954177897573484,-0.5376344086021501,-4.884318766066842,-4.884318766066842,5.135135135135127,0.0,0.059673366834170856,False,False,False
3058,三洋堂ホールディングス,2026-09-07,708.0,745.0,745.0,706.2,704.08,460.0,710.0,710.0,710.0,708.0,700.0,0.0,0.28248587570620654,-0.28169014084507005,-4.966442953020134,-4.966442953020134,5.225988700564965,0.0,1.5217391304347827,False,False,False
3059,ヒラキ,2026-09-07,709.0,715.0,715.0,710.2,709.32,1460.0,708.0,708.0,708.0,709.0,2100.0,0.0,-0.14104372355430161,0.14124293785311437,-0.8391608391608352,-0.8391608391608352,0.8462623413258097,0.0,1.4383561643835616,True,False,False
3063,ジェイグループホールディングス,2026-09-07,1154.0,1216.0,1257.0,1124.2,1178.72,67660.0,1150.0,1152.0,1146.0,1147.0,4900.0,-0.60658578856152,-0.34662045060658286,-0.260869565217392,-5.674342105263152,-8.750994431185365,9.590235396687019,3.3717105263157965,0.07242092817026308,False,False,False
3064,ＭｏｎｏｔａＲＯ,2026-09-07,1901.0,1990.0,2131.5,1884.5,1881.94,1491200.0,1901.5,1915.0,1897.5,1907.0,91600.0,0.31562335612835835,0.026301946344031712,0.2892453326321265,-4.170854271356783,-10.53248885761201,11.772417409543777,7.110552763819089,0.06142703862660944,True,False,False
3065,ライフフーズ,2026-09-07,1588.0,1628.0,1628.0,1589.6,1610.44,2180.0,1589.0,1589.0,1587.0,1588.0,2500.0,0.0,0.06297229219143219,-0.06293266205160686,-2.457002457002455,-2.457002457002455,2.5188916876574208,0.0,1.146788990825688,False,False,False
3067,東京一番フーズ,2026-09-07,466.0,469.0,469.0,465.6,459.08,10140.0,467.0,467.0,467.0,466.0,11900.0,0.0,0.21459227467810482,-0.21413276231263545,-0.6396588486140775,-0.6396588486140775,0.6437768240343367,0.0,1.1735700197238659,False,False,False
3068,ＷＤＩ,2026-09-07,3055.0,3090.0,3090.0,3044.0,3029.8,1740.0,3070.0,3070.0,3055.0,3055.0,2800.0,0.0,0.49099836333879043,-0.48859934853420217,-1.132686084142398,-1.132686084142398,1.1456628477905184,0.0,1.6091954022988506,False,False,False
3069,ＪＦＬＡホールディングス,2026-09-07,168.0,170.0,170.0,168.6,166.04,81780.0,167.0,167.0,167.0,168.0,106900.0,0.0,-0.5952380952380931,0.5988023952095745,-1.17647058823529,-1.17647058823529,1.1904761904761862,0.0,1.3071655661530936,True,False,False
3070,ジェリービーンズグループ,2026-09-07,67.0,73.0,83.0,67.6,69.44,464540.0,67.0,67.0,66.0,66.0,47200.0,-1.4925373134328401,0.0,-1.4925373134328401,-9.589041095890416,-20.481927710843372,25.757575757575758,13.698630136986312,0.101605889697335,False,False,False
3071,ストリーム,2026-09-07,107.0,107.0,107.0,106.2,104.04,63640.0,107.0,107.0,106.0,106.0,10100.0,-0.9345794392523366,0.0,-0.9345794392523366,-0.9345794392523366,-0.9345794392523366,0.9433962264151052,0.0,0.15870521684475172,False,False,False
3075,銚子丸,2026-09-07,1662.0,1737.0,1750.0,1646.8,1689.88,7540.0,1660.0,1660.0,1655.0,1662.0,9300.0,0.0,-0.12033694344163459,0.12048192771083599,-4.317789291882557,-5.028571428571427,5.294825511432011,0.7484168105929667,1.23342175066313,True,False,False
3076,あい　ホールディングス,2026-09-07,2981.0,3040.0,3040.0,2983.2,2945.96,98580.0,2986.0,3005.0,2970.0,2999.0,7600.0,0.6038242200603783,0.16772895001677668,0.4353650368385864,-1.3486842105263186,-1.3486842105263186,1.3671223741247074,0.0,0.07709474538445932,True,False,False
3077,ホリイフードサービス,2026-09-07,1287.0,1314.0,1314.0,1260.6,1032.76,24440.0,1287.0,1287.0,1285.0,1287.0,22400.0,0.0,0.0,0.0,-2.0547945205479423,-2.0547945205479423,2.0979020979021046,0.0,0.9165302782324058,False,False,False
3080,ジェーソン,2026-09-07,815.0,822.0,822.0,813.4,805.72,3160.0,811.0,811.0,811.0,815.0,5300.0,0.0,-0.4907975460122671,0.4932182490752224,-0.8515815085158196,-0.8515815085158196,0.8588957055214674,0.0,1.6772151898734178,True,False,False
3082,きちりホールディングス,2026-09-07,981.0,988.0,988.0,980.8,970.48,6400.0,980.0,981.0,980.0,981.0,6100.0,0.0,-0.10193679918450993,0.10204081632652073,-0.7085020242915019,-0.7085020242915019,0.7135575942915473,0.0,0.953125,True,False,False
3083,スターシーズ,2026-09-07,1255.0,1358.0,1358.0,1254.2,1046.56,825280.0,1256.0,1259.0,1243.0,1251.0,12200.0,-0.3187250996015911,0.07968127490038945,-0.398089171974525,-7.8792341678939675,-7.8792341678939675,8.55315747402079,0.0,0.014782861574253587,False,False,False
3086,Ｊ．フロント　リテイリング,2026-09-07,2694.0,3189.0,3189.0,2783.9,2933.7,2713960.0,2699.0,2699.0,2666.5,2685.5,107800.0,-0.31551596139569593,0.18559762435039762,-0.5001852537977025,-15.78864847914707,-15.78864847914707,18.74883634332527,0.0,0.039720555940397057,False,False,False
3087,ドトール・日レスホールディングス,2026-09-07,3280.0,3455.0,3455.0,3367.0,3261.6,90680.0,3270.0,3270.0,3245.0,3280.0,110200.0,0.0,-0.3048780487804881,0.3058103975535076,-5.065123010130246,-5.065123010130246,5.335365853658547,0.0,1.215262461402735,True,False,False
3088,マツキヨココカラ＆カンパニー,2026-09-07,2576.5,2660.5,2719.5,2587.1,2539.88,1410160.0,2575.0,2590.0,2567.0,2583.0,119100.0,0.25228022511158965,-0.058218513487284795,0.3106796116504773,-2.912986280774288,-5.019305019305021,5.284552845528445,2.217628265363647,0.0844585011629886,True,False,False
3089,テクノアルファ,2026-09-07,1078.0,1138.0,1138.0,1086.0,1067.4,5700.0,1078.0,1082.0,1078.0,1078.0,8100.0,0.0,0.0,0.0,-5.27240773286467,-5.27240773286467,5.56586270871986,0.0,1.4210526315789473,False,False,False
3091,ブロンコビリー,2026-09-07,2818.0,2931.0,2931.0,2846.8,2720.88,71920.0,2805.0,2833.0,2791.0,2830.0,6200.0,0.42583392476933657,-0.46132008516678313,0.891265597147961,-3.445922893210507,-3.445922893210507,3.568904593639566,0.0,0.08620689655172414,True,False,False
3092,ＺＯＺＯ,2026-09-07,1126.5,1182.5,1242.0,1140.8,1138.36,2728880.0,1127.0,1132.5,1125.5,1127.5,103500.0,0.08877052818463405,0.04438526409231702,0.04436557231588534,-4.651162790697672,-9.219001610305956,10.155210643015522,5.031712473572947,0.0379276479727947,True,False,False
3093,トレジャー・ファクトリー,2026-09-07,1871.0,2188.0,2188.0,1899.8,2065.04,203820.0,1910.0,1930.0,1891.0,1907.0,41900.0,1.9241047568145486,2.084446819882424,-0.15706806282722585,-12.842778793418653,-12.842778793418653,14.735186156266389,0.0,0.20557354528505545,False,False,False
3096,オーシャンシステム,2026-09-07,1611.0,1647.0,1651.0,1611.4,1617.52,2380.0,1611.0,1611.0,1611.0,1611.0,3600.0,0.0,0.0,0.0,-2.1857923497267784,-2.42277407631738,2.4829298572315306,0.24286581663630624,1.5126050420168067,False,False,False
3097,物語コーポレーション,2026-09-07,5790.0,6010.0,6010.0,5696.0,5634.4,148100.0,5800.0,5940.0,5790.0,5930.0,38200.0,2.4179620034542326,0.17271157167531026,2.2413793103448265,-1.331114808652245,-1.331114808652245,1.3490725126475533,0.0,0.2579338284942606,True,False,False
3099,三越伊勢丹ホールディングス,2026-09-07,3207.0,3909.0,3909.0,3289.0,3502.96,2685260.0,3160.0,3193.0,3138.0,3192.0,241900.0,-0.4677268475210439,-1.4655441222326204,1.0126582278481067,-18.342287029930926,-18.342287029930926,22.462406015037594,0.0,0.09008438661433157,True,False,False
3101,東洋紡,2026-09-07,1644.0,1805.0,1805.0,1676.2,1637.88,588040.0,1633.0,1633.0,1610.0,1617.0,40000.0,-1.6423357664233529,-0.669099756690994,-0.9797917942437229,-10.415512465373967,-10.415512465373967,11.626468769325914,0.0,0.06802258349772124,False,False,False
3103,ユニチカ,2026-09-07,1424.0,1847.0,1847.0,1447.4,1376.12,13694700.0,1419.0,1462.0,1416.0,1445.0,753400.0,1.4747191011236005,-0.3511235955056202,1.8322762508808932,-21.76502436383324,-21.76502436383324,27.820069204152254,0.0,0.055013983511869556,True,False,False
3104,富士紡ホールディングス,2026-09-07,3390.0,3835.0,4045.0,3342.0,3531.8,110820.0,3320.0,3335.0,3305.0,3330.0,10000.0,-1.7699115044247815,-2.0648967551622377,0.3012048192771122,-13.168187744458926,-17.6761433868974,21.47147147147148,5.47588005215125,0.09023641941887746,True,False,False
3105,日清紡ホールディングス,2026-09-07,2280.0,2571.5,2649.5,2272.7,2273.08,825920.0,2249.5,2330.0,2241.5,2321.5,76200.0,1.820175438596494,-1.3377192982456099,3.2007112691709194,-9.72195216799533,-12.37969428193999,14.12879603704502,3.033249076414535,0.09226075164664858,True,False,False
3106,倉敷紡績,2026-09-07,11080.0,11430.0,11430.0,11134.0,10632.8,26560.0,10970.0,11030.0,10890.0,11020.0,1600.0,-0.5415162454873612,-0.9927797833935048,0.45578851412944044,-3.5870516185476764,-3.5870516185476764,3.7205081669691387,0.0,0.060240963855421686,True,False,False
3107,ダイワボウホールディングス,2026-09-07,3727.0,3863.0,3863.0,3782.8,3702.04,236240.0,3715.0,3723.0,3706.0,3717.0,8100.0,-0.26831231553527957,-0.32197477864234214,0.053835800807533474,-3.779446026404354,-3.779446026404354,3.927898843153077,0.0,0.03428716559431087,True,False,False
3109,シキボウ,2026-09-07,1050.0,1100.0,1100.0,1064.6,1067.0,44740.0,1050.0,1050.0,1047.0,1049.0,9000.0,-0.09523809523809268,0.0,-0.09523809523809268,-4.6363636363636385,-4.6363636363636385,4.861773117254531,0.0,0.20116227089852481,False,False,False
3110,日東紡績,2026-09-07,3115.0,3500.0,3610.0,3084.2,3072.88,3798140.0,3060.0,3075.0,3015.0,3050.0,226200.0,-2.0866773675762396,-1.7656500802568198,-0.32679738562091387,-12.857142857142856,-15.512465373961215,18.36065573770491,3.142857142857136,0.059555466623136585,False,False,False
3111,オーミケンシ,2026-09-07,181.0,195.0,195.0,186.6,178.84,7340.0,181.0,181.0,181.0,181.0,9000.0,0.0,0.0,0.0,-7.179487179487176,-7.179487179487176,7.734806629834257,0.0,1.2261580381471389,False,False,False
3113,ＵＮＩＶＡ・Ｏａｋホールディングス,2026-09-07,84.0,84.0,84.0,82.4,78.72,53580.0,84.0,84.0,84.0,84.0,128600.0,0.0,0.0,0.0,0.0,0.0,0.0,0.0,2.4001493094438224,False,False,False
3116,トヨタ紡織,2026-09-07,2302.0,2348.0,2450.0,2303.8,2244.36,549500.0,2285.0,2294.5,2256.5,2262.5,37000.0,-1.7158992180712374,-0.738488271068638,-0.9846827133479175,-3.641396933560481,-7.653061224489798,8.287292817679548,4.344122657580929,0.06733393994540492,False,False,False
3121,マーチャント・バンカーズ,2026-09-07,266.0,278.0,278.0,269.8,251.68,61460.0,260.0,261.0,258.0,258.0,15300.0,-3.007518796992481,-2.2556390977443663,-0.7692307692307665,-7.194244604316546,-7.194244604316546,7.751937984496116,0.0,0.24894240156199154,False,False,False
3123,サイボー,2026-09-07,655.0,660.0,660.0,652.8,645.8,3160.0,655.0,655.0,655.0,655.0,2000.0,0.0,0.0,0.0,-0.7575757575757569,-0.7575757575757569,0.7633587786259444,0.0,0.6329113924050633,False,False,False
3131,シンデン・ハイテックス,2026-09-07,6720.0,7200.0,7200.0,6386.0,5901.2,47720.0,6680.0,6680.0,6470.0,6680.0,5100.0,-0.5952380952380931,-0.5952380952380931,0.0,-7.222222222222219,-7.222222222222219,7.784431137724557,0.0,0.10687342833193629,False,False,False
3132,マクニカホールディングス,2026-09-07,3649.0,3914.0,3914.0,3597.4,3569.24,789360.0,3600.0,3626.0,3586.0,3608.0,40200.0,-1.1235955056179803,-1.3428336530556306,0.22222222222221255,-7.818088911599386,-7.818088911599386,8.481152993348108,0.0,0.05092733353602919,True,False,False
3133,海帆,2026-09-07,63.0,90.0,92.0,66.6,75.76,296060.0,63.0,64.0,63.0,63.0,667900.0,0.0,0.0,0.0,-30.000000000000004,-31.521739130434778,46.031746031746025,2.2222222222222143,2.255961629399446,False,False,False
3134,Ｈａｍｅｅ,2026-09-07,310.0,325.0,325.0,309.0,303.6,38740.0,310.0,310.0,310.0,310.0,57500.0,0.0,0.0,0.0,-4.61538461538461,-4.61538461538461,4.8387096774193505,0.0,1.4842540010325245,False,False,False
3135,マーケットエンタープライズ,2026-09-07,1166.0,1236.0,1236.0,1149.4,1137.12,6520.0,1150.0,1170.0,1135.0,1166.0,9200.0,0.0,-1.3722126929674117,1.3913043478260834,-5.663430420711979,-5.663430420711979,6.003430531732423,0.0,1.4110429447852761,True,False,False
3137,ファンデリー,2026-09-07,205.0,210.0,224.0,205.8,206.64,12040.0,205.0,205.0,204.0,204.0,1400.0,-0.4878048780487809,0.0,-0.4878048780487809,-2.857142857142858,-8.92857142857143,9.80392156862746,6.666666666666665,0.11627906976744186,False,False,False
3138,富士山マガジンサービス,2026-09-07,1132.0,1152.0,1173.0,1137.0,1130.52,2460.0,1132.0,1132.0,1132.0,1132.0,2800.0,0.0,0.0,0.0,-1.736111111111116,-3.4953111679454363,3.621908127208484,1.822916666666674,1.1382113821138211,False,False,False
3139,ラクト・ジャパン,2026-09-07,3400.0,3490.0,3550.0,3435.0,3382.0,24440.0,3405.0,3405.0,3390.0,3400.0,21400.0,0.0,0.14705882352941124,-0.1468428781204123,-2.5787965616045794,-4.225352112676061,4.4117647058823595,1.7191977077363862,0.8756137479541735,False,False,False
3140,ＢＲＵＮＯ,2026-09-07,1020.0,1036.0,1036.0,1018.6,1014.2,4760.0,1016.0,1016.0,1016.0,1020.0,5400.0,0.0,-0.39215686274509665,0.3937007874015741,-1.5444015444015413,-1.5444015444015413,1.5686274509803866,0.0,1.134453781512605,True,False,False
3143,オーウイル,2026-09-07,728.0,742.0,742.0,709.0,694.8,31480.0,739.0,739.0,739.0,728.0,94600.0,0.0,1.5109890109890056,-1.4884979702300405,-1.8867924528301883,-1.8867924528301883,1.9230769230769162,0.0,3.0050825921219824,False,False,False
3148,クリエイトＳＤホールディングス,2026-09-07,3380.0,3460.0,3555.0,3410.0,3364.2,61000.0,3365.0,3375.0,3365.0,3380.0,49400.0,0.0,-0.4437869822485174,0.4457652303120341,-2.3121387283236983,-4.922644163150491,5.177514792899407,2.7456647398844014,0.8098360655737705,True,False,False
3150,グリムス,2026-09-07,2455.0,2558.0,2646.0,2434.4,2492.56,46860.0,2450.0,2450.0,2421.0,2455.0,39800.0,0.0,-0.20366598778004397,0.20408163265306367,-4.026583268178263,-7.218442932728653,7.780040733197557,3.4401876465989023,0.8493384549722578,True,False,False
3151,バイタルケーエスケー・ホールディングス,2026-09-07,1608.0,1697.0,1727.0,1642.8,1630.0,89240.0,1600.0,1600.0,1586.0,1587.0,5800.0,-1.3059701492537323,-0.497512437810943,-0.8125000000000049,-6.482027106658805,-8.106543138390276,8.821676118462518,1.7678255745433136,0.06499327655759748,False,False,False
3153,八洲電機,2026-09-07,3145.0,3160.0,3160.0,3045.6,2975.48,93180.0,3125.0,3130.0,3110.0,3125.0,20300.0,-0.6359300476947549,-0.6359300476947549,0.0,-1.1075949367088556,-1.1075949367088556,1.1200000000000099,0.0,0.21785790942262287,False,False,False
3154,メディアスホールディングス,2026-09-07,788.0,828.0,828.0,795.4,796.16,17260.0,785.0,785.0,780.0,783.0,4000.0,-0.6345177664974666,-0.3807106598984755,-0.2547770700636942,-5.434782608695654,-5.434782608695654,5.747126436781613,0.0,0.23174971031286212,False,False,False
3156,レスター,2026-09-07,5270.0,5640.0,5640.0,5330.0,4970.0,100060.0,5370.0,5370.0,5240.0,5260.0,12700.0,-0.189753320683117,1.8975332068311257,-2.0484171322160183,-6.737588652482273,-6.737588652482273,7.2243346007604625,0.0,0.12692384569258444,False,False,False
3157,ジオリーブグループ,2026-09-07,1446.0,1477.0,1477.0,1451.0,1421.76,1960.0,1452.0,1452.0,1452.0,1446.0,3800.0,0.0,0.4149377593360981,-0.4132231404958664,-2.098849018280302,-2.098849018280302,2.1438450899031736,0.0,1.9387755102040816,False,False,False
3159,丸善ＣＨＩホールディングス,2026-09-07,406.0,430.0,430.0,403.0,404.08,86780.0,405.0,405.0,404.0,406.0,110900.0,0.0,-0.24630541871921707,0.24691358024691024,-5.581395348837215,-5.581395348837215,5.9113300492610765,0.0,1.2779442267803642,True,False,False
3160,大光,2026-09-07,580.0,581.0,582.0,580.0,579.32,6280.0,580.0,580.0,580.0,580.0,3000.0,0.0,0.0,0.0,-0.1721170395869165,-0.3436426116838476,0.34482758620688614,0.1721170395869276,0.47770700636942676,False,False,False
3161,アゼアス,2026-09-07,667.0,684.0,684.0,667.6,668.44,6960.0,665.0,667.0,664.0,667.0,3000.0,0.0,-0.2998500749625155,0.3007518796992459,-2.4853801169590684,-2.4853801169590684,2.5487256371814038,0.0,0.43103448275862066,True,False,False
3166,ＯＣＨＩホールディングス,2026-09-07,1475.0,1480.0,1486.0,1474.4,1464.8,1760.0,1465.0,1475.0,1463.0,1475.0,2500.0,0.0,-0.6779661016949157,0.6825938566553003,-0.33783783783783994,-0.7402422611036297,0.7457627118644172,0.40540540540541237,1.4204545454545454,True,False,False
3167,ＴＯＫＡＩホールディングス,2026-09-07,1320.0,1341.0,1341.0,1329.6,1250.76,336920.0,1318.0,1319.0,1310.0,1311.0,61500.0,-0.6818181818181834,-0.15151515151514694,-0.531107738998482,-2.2371364653243853,-2.2371364653243853,2.2883295194507935,0.0,0.18253591356998694,False,False,False
3168,ＭＥＲＦ,2026-09-07,1265.0,1651.0,1651.0,1300.4,1423.44,114960.0,1288.0,1300.0,1267.0,1289.0,9100.0,1.8972332015810167,1.8181818181818077,0.07763975155279379,-21.926105390672323,-21.926105390672323,28.083785880527536,0.0,0.0791579679888657,True,False,False
3169,ミサワ,2026-09-07,683.0,689.0,689.0,684.2,666.92,3840.0,682.0,682.0,679.0,683.0,3900.0,0.0,-0.14641288433382416,0.14662756598240456,-0.8708272859216271,-0.8708272859216271,0.8784773060029227,0.0,1.015625,True,False,False
3172,ティーライフ,2026-09-07,1121.0,1136.0,1159.0,1120.8,1125.08,4080.0,1120.0,1120.0,1120.0,1121.0,4200.0,0.0,-0.0892060660124927,0.08928571428572507,-1.320422535211263,-3.2786885245901676,3.3898305084745672,2.0246478873239493,1.0294117647058822,True,False,False
3173,Ｃｏｍｉｎｉｘ,2026-09-07,1480.0,1730.0,1730.0,1513.8,1421.28,7560.0,1480.0,1480.0,1480.0,1480.0,9500.0,0.0,0.0,0.0,-14.45086705202312,-14.45086705202312,16.891891891891888,0.0,1.2566137566137565,False,False,False
3174,ハピネス・アンド・ディ,2026-09-07,399.0,405.0,504.0,400.2,402.2,7280.0,399.0,399.0,399.0,399.0,5400.0,0.0,0.0,0.0,-1.4814814814814836,-20.833333333333336,26.315789473684205,24.444444444444446,0.7417582417582418,False,False,False
3175,エー・ピーホールディングス,2026-09-07,973.0,980.0,980.0,959.8,948.8,18080.0,973.0,973.0,973.0,973.0,53400.0,0.0,0.0,0.0,-0.7142857142857117,-0.7142857142857117,0.7194244604316502,0.0,2.9535398230088497,False,False,False
3176,三洋貿易,2026-09-07,1141.0,1227.0,1227.0,1164.4,1111.2,535520.0,1141.0,1148.0,1134.0,1137.0,90200.0,-0.35056967572304476,0.0,-0.35056967572304476,-7.334963325183375,-7.334963325183375,7.9155672823219,0.0,0.16843441888258143,False,False,False
3177,ありがとうサービス,2026-09-07,4220.0,4450.0,4450.0,4340.0,4300.2,1260.0,4220.0,4220.0,4220.0,4220.0,1000.0,0.0,0.0,0.0,-5.1685393258426915,-5.1685393258426915,5.450236966824651,0.0,0.7936507936507936,False,False,False
3178,チムニー,2026-09-07,1214.0,1224.0,1224.0,1218.2,1183.68,17660.0,1206.0,1206.0,1206.0,1206.0,3100.0,-0.658978583196046,-0.658978583196046,0.0,-1.4705882352941124,-1.4705882352941124,1.4925373134328401,0.0,0.1755379388448471,False,False,False
3179,シュッピン,2026-09-07,1200.0,1288.0,1415.0,1197.8,1250.56,76760.0,1191.0,1191.0,1185.0,1190.0,4600.0,-0.8333333333333304,-0.7499999999999951,-0.08396305625524292,-7.608695652173914,-15.901060070671381,18.907563025210084,9.860248447204967,0.05992704533611256,False,False,False
3180,ビューティガレージ,2026-09-07,1650.0,1675.0,1675.0,1639.4,1537.4,36920.0,1646.0,1648.0,1635.0,1650.0,44500.0,0.0,-0.24242424242424399,0.2430133657351119,-1.4925373134328401,-1.4925373134328401,1.5151515151515138,0.0,1.205308775731311,True,False,False
3181,買取王国,2026-09-07,1066.0,1097.0,1120.0,1061.4,1077.04,3380.0,1060.0,1066.0,1060.0,1066.0,4100.0,0.0,-0.5628517823639823,0.5660377358490676,-2.8258887876025485,-4.8214285714285765,5.065666041275807,2.096627164995435,1.21301775147929,True,False,False
3182,オイシックス・ラ・大地,2026-09-07,1633.0,1798.0,1798.0,1670.4,1689.2,88420.0,1618.0,1625.0,1616.0,1622.0,4300.0,-0.6736068585425636,-0.9185548071034888,0.24721878862794533,-9.788654060066737,-9.788654060066737,10.850801479654738,0.0,0.0486315313277539,True,False,False
3183,ウイン・パートナーズ,2026-09-07,1260.0,1298.0,1359.0,1262.8,1273.48,21420.0,1259.0,1259.0,1254.0,1260.0,21600.0,0.0,-0.07936507936507908,0.0794281175536149,-2.927580893682591,-7.284768211920534,7.857142857142851,4.699537750385208,1.0084033613445378,True,False,False
3184,ＩＣＤＡホールディングス,2026-09-07,4155.0,4415.0,4570.0,4179.0,4240.8,80.0,4180.0,4180.0,4155.0,4155.0,300.0,0.0,0.6016847172081841,-0.5980861244019087,-5.889014722536812,-9.08096280087527,9.987966305655839,3.5107587768969495,3.75,False,False,False
3185,夢展望,2026-09-07,151.0,153.0,162.0,145.6,146.88,71880.0,150.0,150.0,149.0,151.0,102000.0,0.0,-0.6622516556291425,0.6666666666666599,-1.3071895424836555,-6.79012345679012,7.284768211920523,5.882352941176472,1.4190317195325544,True,False,False
3186,ネクステージ,2026-09-07,3260.0,3660.0,3660.0,3247.0,3427.0,408900.0,3170.0,3205.0,3145.0,3200.0,71000.0,-1.8404907975460127,-2.7607361963190136,0.9463722397476282,-12.568306010928964,-12.568306010928964,14.375000000000004,0.0,0.17363658596233797,True,False,False
3187,ミラタップ,2026-09-07,368.0,419.0,419.0,362.2,350.28,54040.0,366.0,366.0,366.0,368.0,47600.0,0.0,-0.5434782608695676,0.5464480874316946,-12.171837708830546,-12.171837708830546,13.858695652173903,0.0,0.8808290155440415,True,False,False
3189,ＡＮＡＰホールディングス,2026-09-07,112.0,190.0,190.0,115.0,115.92,506320.0,111.0,111.0,109.0,109.0,53000.0,-2.67857142857143,-0.8928571428571397,-1.8018018018018056,-42.63157894736842,-42.63157894736842,74.31192660550458,0.0,0.10467688418391531,False,False,False
3190,ホットマン,2026-09-07,586.0,592.0,599.0,584.2,582.64,840.0,588.0,588.0,588.0,586.0,1400.0,0.0,0.34129692832765013,-0.3401360544217691,-1.0135135135135087,-2.170283806343909,2.2184300341296925,1.1824324324324342,1.6666666666666667,False,False,False
3191,ジョイフル本田,2026-09-07,2231.0,2324.0,2545.0,2220.6,2263.08,127720.0,2231.0,2231.0,2220.0,2225.0,2900.0,-0.26893769610040197,0.0,-0.26893769610040197,-4.259896729776247,-12.573673870333991,14.382022471910116,9.509466437177272,0.022705919198246164,False,False,False
3192,白鳩,2026-09-07,279.0,302.0,302.0,285.4,292.04,11720.0,279.0,279.0,277.0,277.0,3500.0,-0.7168458781361964,0.0,-0.7168458781361964,-8.278145695364236,-8.278145695364236,9.025270758122739,0.0,0.2986348122866894,False,False,False
3193,エターナルホスピタリティグループ,2026-09-07,1421.0,1505.0,1510.0,1424.8,1443.52,131380.0,1420.0,1421.0,1407.0,1418.0,12700.0,-0.2111189303307559,-0.07037297677692234,-0.14084507042253502,-5.780730897009967,-6.092715231788082,6.488011283497874,0.33222591362125353,0.09666615923275994,False,False,False
3195,ジェネレーションパス,2026-09-07,712.0,746.0,746.0,710.6,631.08,46000.0,711.0,711.0,702.0,712.0,31900.0,0.0,-0.1404494382022503,0.14064697609001975,-4.557640750670244,-4.557640750670244,4.7752808988763995,0.0,0.6934782608695652,True,False,False
3196,ホットランドホールディングス,2026-09-07,1647.0,1691.0,1702.0,1633.0,1628.52,74660.0,1649.0,1650.0,1646.0,1649.0,9200.0,0.12143290831816422,0.12143290831816422,0.0,-2.4837374334713225,-3.1139835487661527,3.214069132807773,0.6505026611472564,0.12322528797214037,False,False,False
3197,すかいらーくホールディングス,2026-09-07,3317.0,3426.0,3426.0,3363.2,3272.48,912140.0,3304.0,3338.0,3290.0,3323.0,98800.0,0.18088634308108809,-0.391920410009039,0.5750605326876546,-3.006421482778754,-3.006421482778754,3.0996087872404487,0.0,0.10831670576885127,True,False,False
3199,綿半ホールディングス,2026-09-07,1312.0,1359.0,1370.0,1325.4,1321.04,33000.0,1315.0,1319.0,1309.0,1318.0,10400.0,0.45731707317073766,0.22865853658535773,0.22813688212928174,-3.0169242089771897,-3.795620437956204,3.9453717754172946,0.8094186902133815,0.3151515151515151,True,False,False
319A,技術承継機構,2026-09-07,21850.0,22700.0,22700.0,21010.0,20021.2,35780.0,21820.0,22020.0,21520.0,21830.0,6600.0,-0.09153318077803618,-0.13729977116704317,0.04582951420715187,-3.8325991189427366,-3.8325991189427366,3.9853412734768723,0.0,0.184460592509782,True,False,False
3201,日本毛織,2026-09-07,1971.0,2003.0,2003.0,1976.8,1965.24,77620.0,1966.0,1982.0,1959.0,1981.0,7300.0,0.5073566717402445,-0.25367833587012223,0.7629704984740693,-1.0983524712930626,-1.0983524712930626,1.1105502271580026,0.0,0.09404792579232156,True,False,False
3202,ダイトウボウ,2026-09-07,130.0,131.0,131.0,129.4,127.84,32900.0,131.0,131.0,131.0,130.0,30700.0,0.0,0.7692307692307665,-0.7633587786259555,-0.7633587786259555,-0.7633587786259555,0.7692307692307665,0.0,0.9331306990881459,False,False,False
3204,トーア紡コーポレーション,2026-09-07,502.0,507.0,507.0,501.6,498.72,5900.0,500.0,500.0,500.0,502.0,4900.0,0.0,-0.3984063745019917,0.40000000000000036,-0.9861932938856066,-0.9861932938856066,0.9960159362549792,0.0,0.8305084745762712,True,False,False
3205,ダイドーリミテッド,2026-09-07,734.0,760.0,760.0,737.4,738.72,122260.0,733.0,734.0,732.0,732.0,8900.0,-0.27247956403270157,-0.13623978201634523,-0.13642564802183177,-3.68421052631579,-3.68421052631579,3.825136612021862,0.0,0.07279568133486014,False,False,False
3221,ヨシックスホールディングス,2026-09-07,3270.0,3430.0,3430.0,3254.0,3279.6,26200.0,3250.0,3255.0,3250.0,3255.0,3600.0,-0.4587155963302725,-0.6116207951070374,0.15384615384614886,-5.102040816326525,-5.102040816326525,5.376344086021501,0.0,0.13740458015267176,True,False,False
3222,ユナイテッド・スーパーマーケット・ホールディングス,2026-09-07,830.0,851.0,860.0,830.4,822.08,451660.0,832.0,834.0,829.0,832.0,43100.0,0.24096385542169418,0.24096385542169418,0.0,-2.232667450058756,-3.2558139534883734,3.3653846153846256,1.0575793184488758,0.0954257627418855,False,False,False
3223,エスエルディー,2026-09-07,962.0,973.0,973.0,962.6,931.88,2860.0,970.0,973.0,962.0,962.0,6900.0,0.0,0.8316008316008316,-0.8247422680412342,-1.130524152106882,-1.130524152106882,1.1434511434511352,0.0,2.4125874125874125,False,False,False
3224,ゼネラル・オイスター,2026-09-07,694.0,702.0,702.0,694.8,693.52,3340.0,695.0,700.0,694.0,694.0,3900.0,0.0,0.14409221902016434,-0.14388489208633226,-1.139601139601143,-1.139601139601143,1.1527377521613813,0.0,1.1676646706586826,False,False,False
3231,野村不動産ホールディングス,2026-09-07,920.5999755859376,948.2999877929688,997.0999755859376,931.9599975585936,920.5959985351562,3591220.0,920.2000122070312,920.5,912.4000244140625,913.7000122070312,658600.0,-0.7495072302728167,-0.043445947155473785,-0.7063681714598369,-3.6486318708559673,-8.364252875434786,9.12771831724668,5.146049606785685,0.18339171646404287,False,False,False
3232,三重交通グループホールディングス,2026-09-07,602.0,633.0,633.0,609.2,575.32,290780.0,600.0,600.0,598.0,598.0,11500.0,-0.6644518272425293,-0.33222591362126463,-0.33333333333332993,-5.529225908372826,-5.529225908372826,5.852842809364556,0.0,0.03954879977990233,False,False,False
3236,プロパスト,2026-09-07,288.0,299.0,299.0,290.0,286.04,65740.0,288.0,288.0,288.0,288.0,55400.0,0.0,0.0,0.0,-3.678929765886285,-3.678929765886285,3.819444444444442,0.0,0.8427137207179799,False,False,False
3237,イントランス,2026-09-07,94.0,110.0,110.0,95.6,100.24,257420.0,94.0,94.0,94.0,94.0,138000.0,0.0,0.0,0.0,-14.54545454545455,-14.54545454545455,17.021276595744684,0.0,0.536088881982752,False,False,False
3238,セントラル総合開発,2026-09-07,392.0,410.0,410.0,387.2,384.24,22260.0,392.0,392.0,391.0,392.0,75400.0,0.0,0.0,0.0,-4.390243902439028,-4.390243902439028,4.591836734693877,0.0,3.387241689128482,False,False,False
323A,フライヤー,2026-09-07,374.0,439.0,439.0,373.4,369.52,6120.0,374.0,374.0,374.0,374.0,8000.0,0.0,0.0,0.0,-14.806378132118446,-14.806378132118446,17.37967914438503,0.0,1.3071895424836601,False,False,False
3241,ウィル,2026-09-07,601.0,615.0,615.0,603.2,595.72,2520.0,602.0,602.0,601.0,601.0,300.0,0.0,0.16638935108153063,-0.16611295681062677,-2.276422764227637,-2.276422764227637,2.329450915141429,0.0,0.11904761904761904,False,False,False
3242,アーバネットコーポレーション,2026-09-07,522.0,534.0,534.0,524.2,518.4,41620.0,524.0,524.0,522.0,522.0,36500.0,0.0,0.3831417624521105,-0.3816793893129722,-2.2471910112359605,-2.2471910112359605,2.298850574712641,0.0,0.8769822200864968,False,False,False
3245,ディア・ライフ,2026-09-07,1105.0,1178.0,1178.0,1123.4,1127.8,392540.0,1102.0,1102.0,1095.0,1098.0,53500.0,-0.6334841628959254,-0.2714932126696823,-0.3629764065335772,-6.791171477079794,-6.791171477079794,7.285974499089254,0.0,0.13629184286951648,False,False,False
3246,コーセーアールイー,2026-09-07,687.0,698.0,698.0,691.4,677.24,4120.0,687.0,687.0,687.0,687.0,2800.0,0.0,0.0,0.0,-1.5759312320916874,-1.5759312320916874,1.6011644832605532,0.0,0.6796116504854369,False,False,False
3248,アールエイジ,2026-09-07,886.0,897.0,897.0,889.8,886.52,1140.0,893.0,893.0,893.0,886.0,2200.0,0.0,0.7900677200902928,-0.7838745800671898,-1.2263099219620988,-1.2263099219620988,1.241534988713311,0.0,1.9298245614035088,False,False,False
324A,ブッキングリゾート,2026-09-07,719.0,787.0,787.0,723.2,734.04,18320.0,716.0,716.0,716.0,719.0,19200.0,0.0,-0.4172461752433909,0.41899441340782495,-8.640406607369755,-8.640406607369755,9.457579972183595,0.0,1.0480349344978166,True,False,False
3252,地主,2026-09-07,2860.0,3045.0,3045.0,2910.0,2930.04,144660.0,2860.0,2860.0,2837.0,2843.0,11500.0,-0.5944055944055893,0.0,-0.5944055944055893,-6.633825944170768,-6.633825944170768,7.105170594442489,0.0,0.07949675100235033,False,False,False
325A,ＴＥＮＴＩＡＬ,2026-09-07,1784.0,1912.0,1912.0,1782.6,1685.76,223240.0,1771.0,1794.0,1770.0,1790.0,5500.0,0.33632286995515237,-0.7286995515695116,1.0728402032749829,-6.380753138075312,-6.380753138075312,6.815642458100557,0.0,0.02463716179896076,True,False,False
3261,グランディーズ,2026-09-07,421.0,427.0,427.0,418.6,408.16,8060.0,429.0,429.0,429.0,421.0,6100.0,0.0,1.9002375296912177,-1.8648018648018683,-1.4051522248243575,-1.4051522248243575,1.4251781472684133,0.0,0.7568238213399504,False,False,False
3266,ファンドクリエーショングループ,2026-09-07,79.0,82.0,82.0,79.2,79.32,13300.0,80.0,80.0,79.0,79.0,66400.0,0.0,1.2658227848101333,-1.2499999999999956,-3.658536585365857,-3.658536585365857,3.797468354430378,0.0,4.992481203007519,False,False,False
3267,フィル・カンパニー,2026-09-07,642.0,675.0,675.0,643.4,641.68,13760.0,642.0,643.0,642.0,642.0,28400.0,0.0,0.0,0.0,-4.8888888888888875,-4.8888888888888875,5.1401869158878455,0.0,2.063953488372093,False,False,False
3276,ＪＰＭＣ,2026-09-07,2246.0,2347.0,2347.0,2246.4,2231.44,296340.0,2246.0,2247.0,2246.0,2246.0,211600.0,0.0,0.0,0.0,-4.303365999147846,-4.303365999147846,4.49688334817453,0.0,0.7140446784099346,False,False,False
3277,サンセイランディック,2026-09-07,824.0,881.0,881.0,811.4,774.4,23040.0,817.0,819.0,816.0,816.0,2600.0,-0.9708737864077666,-0.8495145631068013,-0.1223990208078285,-7.377979568671966,-7.377979568671966,7.965686274509798,0.0,0.11284722222222222,False,False,False
3280,エストラスト,2026-09-07,941.0,963.0,963.0,939.2,930.12,5560.0,942.0,942.0,942.0,941.0,14800.0,0.0,0.10626992561104665,-0.10615711252653925,-2.2845275181723745,-2.2845275181723745,2.337938363443137,0.0,2.661870503597122,False,False,False
3284,フージャースホールディングス,2026-09-07,1277.0,1347.0,1347.0,1304.2,1289.96,215100.0,1277.0,1277.0,1271.0,1275.0,26600.0,-0.1566170712607673,0.0,-0.1566170712607673,-5.345211581291764,-5.345211581291764,5.647058823529405,0.0,0.12366341236634124,False,False,False
3286,トラストホールディングス,2026-09-07,888.0,905.0,905.0,892.0,887.84,2360.0,887.0,887.0,887.0,888.0,4300.0,0.0,-0.11261261261261701,0.11273957158963732,-1.8784530386740328,-1.8784530386740328,1.9144144144144226,0.0,1.8220338983050848,True,False,False
3288,オープンハウスグループ,2026-09-07,7625.0,8413.0,8850.0,7754.6,8071.84,359480.0,7600.0,7611.0,7570.0,7588.0,29700.0,-0.4852459016393418,-0.3278688524590123,-0.1578947368421013,-9.80625222869369,-14.259887005649718,16.631523458091735,5.194342089623194,0.08261933904528763,False,False,False
3289,東急不動産ホールディングス,2026-09-07,1292.0,1362.5,1402.0,1320.1,1319.94,2831740.0,1291.0,1292.0,1283.5,1287.5,260300.0,-0.34829721362229504,-0.07739938080495445,-0.27110766847404655,-5.5045871559633035,-8.166904422253918,8.893203883495149,2.899082568807332,0.09192228100037433,False,False,False
3291,飯田グループホールディングス,2026-09-07,2295.0,2402.0,2402.0,2333.8,2306.12,489120.0,2280.0,2295.0,2271.0,2275.5,22000.0,-0.8496732026143761,-0.6535947712418277,-0.19736842105263497,-5.266444629475442,-5.266444629475442,5.559217754339696,0.0,0.044978737324174026,False,False,False
3293,アズマハウス,2026-09-07,771.0,780.0,780.0,772.2,772.32,3100.0,769.0,769.0,769.0,771.0,1200.0,0.0,-0.25940337224383825,0.2600780234070177,-1.1538461538461497,-1.1538461538461497,1.1673151750972721,0.0,0.3870967741935484,True,False,False
3297,東武住販,2026-09-07,1177.0,1193.0,1193.0,1173.4,1179.52,1420.0,1179.0,1179.0,1179.0,1177.0,1900.0,0.0,0.1699235344095218,-0.16963528413910245,-1.3411567476948827,-1.3411567476948827,1.35938827527613,0.0,1.3380281690140845,False,False,False
3299,ムゲンエステート,2026-09-07,1698.0,1761.0,2034.0,1720.6,1750.56,112720.0,1692.0,1696.0,1685.0,1692.0,24700.0,-0.35335689045936647,-0.35335689045936647,0.0,-3.918228279386715,-16.814159292035402,20.21276595744681,15.502555366269167,0.21912704045422285,False,False,False
3300,アンビション　ＤＸ　ホールディングス,2026-09-07,1821.0,2297.0,2297.0,1825.2,1997.0,126160.0,1820.0,1820.0,1808.0,1818.0,7700.0,-0.16474464579900872,-0.054914881932999204,-0.1098901098901095,-20.85328689595124,-20.85328689595124,26.347634763476346,0.0,0.06103360811667723,False,False,False
3302,帝国繊維,2026-09-07,3065.0,3445.0,3475.0,3061.0,3285.8,72000.0,3050.0,3050.0,3020.0,3065.0,44300.0,0.0,-0.4893964110929905,0.4918032786885185,-11.030478955007261,-11.798561151079134,13.376835236541606,0.8708272859216271,0.6152777777777778,True,False,False
3306,日本製麻,2026-09-07,716.0,725.0,900.0,698.2,647.64,72220.0,706.0,706.0,706.0,716.0,60400.0,0.0,-1.3966480446927387,1.4164305949008416,-1.2413793103448256,-20.444444444444443,25.698324022346377,24.13793103448276,0.8363334256438659,True,False,False
330A,ＴａｌｅｎｔＸ,2026-09-07,572.0,603.0,603.0,564.2,510.36,56280.0,572.0,572.0,556.0,572.0,52800.0,0.0,0.0,0.0,-5.140961857379766,-5.140961857379766,5.4195804195804165,0.0,0.9381663113006397,False,False,False
3315,日本コークス工業,2026-09-07,100.0,108.0,108.0,101.0,101.52,7842760.0,100.0,100.0,99.0,100.0,5178600.0,0.0,0.0,0.0,-7.4074074074074066,-7.4074074074074066,8.000000000000007,0.0,0.6603032605868342,False,False,False
3317,フライングガーデン,2026-09-07,1489.0,1504.0,1504.0,1478.4,1471.68,1280.0,1481.0,1481.0,1481.0,1489.0,1200.0,0.0,-0.5372733378106065,0.5401755570560329,-0.9973404255319118,-0.9973404255319118,1.0073875083948858,0.0,0.9375,True,False,False
331A,メディックス,2026-09-07,490.0,507.0,508.0,489.4,493.72,3160.0,490.0,490.0,488.0,490.0,3100.0,0.0,0.0,0.0,-3.3530571992110403,-3.543307086614178,3.6734693877551017,0.19723865877712132,0.9810126582278481,False,False,False
3320,クロスプラス,2026-09-07,1293.0,1346.0,1348.0,1310.8,1308.32,7340.0,1293.0,1294.0,1293.0,1293.0,18200.0,0.0,0.0,0.0,-3.937592867756312,-4.080118694362023,4.253673627223509,0.14858841010401136,2.4795640326975477,False,False,False
3321,ミタチ産業,2026-09-07,1686.0,1739.0,1739.0,1680.4,1667.68,21760.0,1686.0,1687.0,1680.0,1686.0,17000.0,0.0,0.0,0.0,-3.0477285796434717,-3.0477285796434717,3.1435349940688084,0.0,0.78125,False,False,False
3323,レカム,2026-09-07,95.0,110.0,110.0,94.8,88.96,459380.0,95.0,96.0,95.0,96.0,40700.0,1.0526315789473717,0.0,1.0526315789473717,-12.727272727272732,-12.727272727272732,14.583333333333325,0.0,0.08859767512734555,True,False,False
3326,ランシステム,2026-09-07,651.0,671.0,671.0,655.0,652.28,3800.0,650.0,650.0,650.0,651.0,3500.0,0.0,-0.1536098310291889,0.15384615384614886,-2.980625931445602,-2.980625931445602,3.0721966205837115,0.0,0.9210526315789473,True,False,False
3329,東和フードサービス,2026-09-07,2138.0,2148.0,2148.0,2141.6,2126.44,3000.0,2144.0,2144.0,2144.0,2138.0,2200.0,0.0,0.280636108512633,-0.2798507462686617,-0.4655493482309092,-0.4655493482309092,0.467726847521055,0.0,0.7333333333333333,False,False,False
332A,ミーク,2026-09-07,1138.0,1164.0,1164.0,1104.0,1064.4,50320.0,1149.0,1155.0,1136.0,1140.0,7100.0,0.17574692442883233,0.9666080843585334,-0.7832898172323799,-2.0618556701030966,-2.0618556701030966,2.1052631578947434,0.0,0.14109697933227344,False,False,False
3333,あさひ,2026-09-07,1296.0,1390.0,1402.0,1303.0,1336.2,80800.0,1292.0,1292.0,1288.0,1296.0,62600.0,0.0,-0.30864197530864335,0.3095975232198178,-6.762589928057549,-7.560627674750354,8.179012345679016,0.8633093525179936,0.7747524752475248,True,False,False
3349,コスモス薬品,2026-09-07,6648.0,6981.0,7089.0,6608.0,6484.0,560020.0,6700.0,6725.0,6602.0,6609.0,41800.0,-0.5866425992779756,0.7821901323706415,-1.358208955223883,-5.328749462827675,-6.771053745239097,7.2628234226055355,1.5470562956596545,0.07464019142173493,False,False,False
334A,ビジュアル・プロセッシング・ジャパン,2026-09-07,1035.0,1127.0,1127.0,1037.6,980.4,2840.0,1036.0,1036.0,1036.0,1035.0,1700.0,0.0,0.09661835748793202,-0.09652509652510188,-8.163265306122447,-8.163265306122447,8.888888888888879,0.0,0.5985915492957746,False,False,False
3350,メタプラネット,2026-09-07,271.0,359.0,359.0,293.8,264.04,42896840.0,261.0,263.0,258.0,263.0,5155000.0,-2.9520295202952074,-3.690036900369009,0.766283524904221,-26.740947075208908,-26.740947075208908,36.50190114068441,0.0,0.12017202199509334,True,False,False
3352,バッファロー,2026-09-07,1781.0,1820.0,1823.0,1789.6,1775.24,1380.0,1781.0,1781.0,1781.0,1781.0,1500.0,0.0,0.0,0.0,-2.1428571428571463,-2.3038946791003823,2.35822571588995,0.16483516483516425,1.0869565217391304,False,False,False
3353,メディカル一光グループ,2026-09-07,2812.0,2900.0,2900.0,2809.0,2852.72,1800.0,2834.0,2834.0,2834.0,2812.0,1300.0,0.0,0.7823613086771042,-0.7762879322512295,-3.0344827586206935,-3.0344827586206935,3.1294452347083945,0.0,0.7222222222222222,False,False,False
3355,クリヤマホールディングス,2026-09-07,1805.0,1876.0,1876.0,1843.8,1802.36,25460.0,1801.0,1801.0,1777.0,1784.0,11900.0,-1.1634349030470892,-0.2216066481994461,-0.943920044419766,-4.904051172707891,-4.904051172707891,5.156950672645744,0.0,0.4673998428908091,False,False,False
3358,Ｔｒａｉｌｈｅａｄ　Ｇｌｏｂａｌ　Ｈｏｌｄｉｎｇｓ,2026-09-07,95.0,111.0,111.0,95.6,96.36,89400.0,96.0,96.0,94.0,96.0,6700.0,1.0526315789473717,1.0526315789473717,0.0,-13.513513513513509,-13.513513513513509,15.625,0.0,0.07494407158836688,False,False,False
3359,ｃｏｔｔａ,2026-09-07,527.0,532.0,532.0,528.0,523.6,34340.0,529.0,529.0,526.0,526.0,5000.0,-0.189753320683117,0.379506641366234,-0.5671077504725952,-1.1278195488721776,-1.1278195488721776,1.1406844106463865,0.0,0.145602795573675,False,False,False
335A,ミライロ,2026-09-07,323.0,410.0,410.0,335.8,343.56,60380.0,320.0,323.0,320.0,323.0,40300.0,0.0,-0.9287925696594423,0.9374999999999911,-21.219512195121947,-21.219512195121947,26.93498452012384,0.0,0.6674395495197085,True,False,False
3360,シップヘルスケアホールディングス,2026-09-07,2392.5,2437.0,2592.0,2397.5,2388.4,269080.0,2384.5,2399.0,2375.0,2376.0,11100.0,-0.6896551724137945,-0.3343782654127492,-0.35646886139651945,-2.5030775543701256,-8.333333333333337,9.090909090909083,6.3602790315962165,0.04125167236509588,False,False,False
3361,トーエル,2026-09-07,891.0,913.0,913.0,900.2,884.88,2220.0,895.0,895.0,895.0,891.0,2000.0,0.0,0.44893378226711356,-0.4469273743016755,-2.409638554216864,-2.409638554216864,2.4691358024691468,0.0,0.9009009009009009,False,False,False
336A,ダイナミックマッププラットフォーム,2026-09-07,1449.0,2045.0,2045.0,1476.6,974.12,21928840.0,1520.0,1565.0,1493.0,1506.0,468700.0,3.9337474120082705,4.899930986887502,-0.9210526315789447,-26.356968215158926,-26.356968215158926,35.79017264276227,0.0,0.021373679592718995,False,False,False
3370,フジタコーポレーション,2026-09-07,490.0,491.0,491.0,475.8,471.16,8820.0,488.0,493.0,488.0,490.0,12700.0,0.0,-0.40816326530612734,0.4098360655737654,-0.20366598778004397,-0.20366598778004397,0.20408163265306367,0.0,1.439909297052154,True,False,False
3371,ソフトクリエイトホールディングス,2026-09-07,2066.0,2222.0,2222.0,2114.0,2052.04,45500.0,2066.0,2066.0,2052.0,2060.0,6200.0,-0.2904162633107443,0.0,-0.2904162633107443,-7.290729072907287,-7.290729072907287,7.864077669902914,0.0,0.13626373626373625,False,False,False
3372,関門海,2026-09-07,221.0,222.0,222.0,220.4,220.32,15580.0,220.0,221.0,220.0,221.0,1300.0,0.0,-0.4524886877828038,0.454545454545463,-0.45045045045044585,-0.45045045045044585,0.4524886877828038,0.0,0.0834403080872914,True,False,False
3374,内外テック,2026-09-07,4225.0,4650.0,4650.0,4095.0,4053.4,28640.0,4155.0,4190.0,4145.0,4185.0,1900.0,-0.9467455621301801,-1.6568047337278125,0.7220216606498298,-9.999999999999998,-9.999999999999998,11.111111111111116,0.0,0.06634078212290503,True,False,False
3375,ＺＯＡ,2026-09-07,1790.0,1813.0,1813.0,1786.0,1753.88,600.0,1755.0,1790.0,1755.0,1790.0,400.0,0.0,-1.9553072625698276,1.9943019943019946,-1.2686155543298439,-1.2686155543298439,1.2849162011173254,0.0,0.6666666666666666,True,False,False
3377,バイク王＆カンパニー,2026-09-07,388.0,399.0,399.0,387.0,388.84,7060.0,387.0,387.0,387.0,388.0,3700.0,0.0,-0.2577319587628857,0.25839793281654533,-2.7568922305764465,-2.7568922305764465,2.8350515463917425,0.0,0.5240793201133145,True,False,False
3382,セブン＆アイ・ホールディングス,2026-09-07,2039.5,2107.0,2266.5,2048.1,2042.42,7889380.0,2039.0,2045.5,2031.0,2039.0,453000.0,-0.024515812699188455,-0.024515812699188455,0.0,-3.2273374466065485,-10.037502757555705,11.157430112800393,7.570004746084491,0.057418960678785914,False,False,False
3386,コスモ・バイオ,2026-09-07,1250.0,1267.0,1299.0,1254.8,1247.76,11920.0,1249.0,1249.0,1249.0,1250.0,1500.0,0.0,-0.08000000000000229,0.08006405124099114,-1.3417521704814472,-3.772132409545803,3.91999999999999,2.525651144435681,0.12583892617449666,True,False,False
3387,クリエイト・レストランツ・ホールディングス,2026-09-07,761.0,789.0,818.0,767.4,765.72,1479020.0,758.0,760.0,755.0,759.0,118100.0,-0.26281208935611255,-0.3942181340341633,0.13192612137202797,-3.802281368821292,-7.212713936430315,7.773386034255592,3.675538656527255,0.07985017105921488,True,False,False
3388,明治電機工業,2026-09-07,2108.0,2172.0,2267.0,2125.8,2107.92,35520.0,2106.0,2106.0,2090.0,2091.0,4700.0,-0.8064516129032251,-0.0948766603415585,-0.7122507122507171,-3.7292817679558055,-7.763564181737981,8.41702534672406,4.373848987108664,0.13231981981981983,False,False,False
338A,ＺｅｎｍｕＴｅｃｈ,2026-09-07,2620.0,3090.0,3090.0,2462.2,2164.84,1367960.0,2527.0,2592.0,2521.0,2556.0,60700.0,-2.442748091603053,-3.5496183206106924,1.1476058567471359,-17.281553398058247,-17.281553398058247,20.892018779342724,0.0,0.044372642474926165,True,False,False
3391,ツルハホールディングス,2026-09-07,2305.0,2444.0,2632.0,2282.1,2367.1,1725880.0,2291.0,2312.0,2280.0,2305.5,74100.0,0.021691973969639733,-0.6073752711496794,0.6329113924050667,-5.66693944353519,-12.405015197568392,14.161787031012786,7.692307692307687,0.04293461886110274,True,False,False
3392,デリカフーズホールディングス,2026-09-07,818.0,838.0,859.0,821.0,812.56,16600.0,818.0,818.0,812.0,812.0,2100.0,-0.7334963325183352,0.0,-0.7334963325183352,-3.1026252983293534,-5.471478463329449,5.788177339901468,2.505966587112174,0.12650602409638553,False,False,False
3393,スターティアホールディングス,2026-09-07,3035.0,3085.0,3150.0,3031.6,3028.2,34820.0,3035.0,3035.0,3020.0,3020.0,1700.0,-0.49423393739703725,0.0,-0.49423393739703725,-2.1069692058346856,-4.126984126984123,4.304635761589415,2.1069692058346856,0.048822515795519814,False,False,False
3395,サンマルクホールディングス,2026-09-07,2440.0,2546.0,2686.0,2461.8,2457.28,87760.0,2440.0,2441.0,2432.0,2435.0,8100.0,-0.2049180327868827,0.0,-0.2049180327868827,-4.359780047132755,-9.344750558451231,10.308008213552355,5.498821681068344,0.0922971741112124,False,False,False
3396,フェリシモ,2026-09-07,864.0,885.0,885.0,866.0,871.8,1960.0,864.0,864.0,864.0,864.0,2300.0,0.0,0.0,0.0,-2.3728813559321993,-2.3728813559321993,2.430555555555558,0.0,1.1734693877551021,False,False,False
3397,トリドールホールディングス,2026-09-07,4237.0,4438.0,4660.0,4297.8,4269.68,365020.0,4211.0,4240.0,4206.0,4231.0,95000.0,-0.1416096294547975,-0.6136417276374817,0.47494656851103656,-4.664263181613338,-9.206008583690984,10.139446939257857,5.002253267237489,0.2602597117966139,True,False,False
3399,丸千代山岡家,2026-09-07,4170.0,4170.0,4170.0,4022.0,3828.6,81480.0,4170.0,4230.0,4160.0,4225.0,25700.0,1.318944844124692,0.0,1.318944844124692,1.318944844124692,1.318944844124692,-1.3017751479289963,0.0,0.31541482572410406,True,True,True
339A,プログレス・テクノロジーズ　グループ,2026-09-07,917.0,959.0,959.0,910.8,914.72,12860.0,910.0,910.0,910.0,917.0,13900.0,0.0,-0.7633587786259555,0.7692307692307665,-4.379562043795615,-4.379562043795615,4.580152671755733,0.0,1.0808709175738724,True,False,False
3401,帝人,2026-09-07,1704.0,1825.0,1825.0,1762.1,1735.46,643460.0,1704.0,1707.0,1679.0,1683.5,54600.0,-1.2030516431924876,0.0,-1.2030516431924876,-7.7534246575342465,-7.7534246575342465,8.405108405108397,0.0,0.08485375936344139,False,False,False
3402,東レ,2026-09-07,1259.0,1395.0,1395.0,1272.6,1286.4,4187440.0,1243.0,1244.5,1233.0,1235.0,291600.0,-1.9062748212867353,-1.2708498808578272,-0.6436041834271933,-11.46953405017921,-11.46953405017921,12.955465587044523,0.0,0.06963681867680492,False,False,False
3405,クラレ,2026-09-07,1811.5,1974.0,2088.0,1861.7,1851.82,1425360.0,1808.0,1811.5,1789.5,1794.5,96600.0,-0.9384487993375656,-0.19321004692244292,-0.7466814159292068,-9.093211752786223,-14.05651340996169,16.35553078852048,5.775075987841949,0.06777235224785318,False,False,False
3407,旭化成,2026-09-07,1612.5,1753.5,1895.0,1643.2,1654.5,4380900.0,1607.5,1607.5,1593.0,1595.5,337000.0,-1.0542635658914778,-0.31007751937984773,-0.7465007776049748,-9.0105503279156,-15.804749340369394,18.77154497022877,8.069575135443397,0.07692483279691388,False,False,False
3409,北紡,2026-09-07,90.0,99.0,99.0,90.8,92.4,52000.0,89.0,89.0,88.0,88.0,9100.0,-2.2222222222222254,-1.1111111111111072,-1.1235955056179803,-11.111111111111116,-11.111111111111116,12.5,0.0,0.175,False,False,False
340A,ジグザグ,2026-09-07,320.0,340.0,340.0,320.0,317.16,12020.0,318.0,318.0,317.0,320.0,6800.0,0.0,-0.6249999999999978,0.6289308176100628,-5.882352941176472,-5.882352941176472,6.25,0.0,0.5657237936772047,True,False,False
3415,ＴＯＫＹＯ　ＢＡＳＥ,2026-09-07,364.0,390.0,427.0,361.8,375.44,303520.0,363.0,363.0,357.0,360.0,36100.0,-1.098901098901095,-0.27472527472527375,-0.8264462809917328,-7.692307692307687,-15.690866510538637,18.61111111111111,9.487179487179498,0.11893779652082236,False,False,False
3416,ピクスタ,2026-09-07,924.0,935.0,935.0,917.2,878.76,2520.0,904.0,924.0,904.0,924.0,800.0,0.0,-2.164502164502169,2.212389380530966,-1.17647058823529,-1.17647058823529,1.1904761904761862,0.0,0.31746031746031744,True,False,False
3417,大木ヘルスケアホールディングス,2026-09-07,1020.0,1075.0,1120.0,1032.8,1049.56,5400.0,1012.0,1012.0,1012.0,1020.0,8100.0,0.0,-0.7843137254901933,0.7905138339920903,-5.116279069767438,-8.92857142857143,9.80392156862746,4.1860465116279055,1.5,True,False,False
3418,バルニバービ,2026-09-07,1050.0,1067.0,1142.0,1050.4,1048.24,9660.0,1050.0,1051.0,1050.0,1050.0,15100.0,0.0,0.0,0.0,-1.5932521087160256,-8.056042031523647,8.76190476190477,7.029053420805997,1.5631469979296067,False,False,False
341A,トヨコー,2026-09-07,2134.0,2230.0,2230.0,2101.2,2023.88,39940.0,2160.0,2160.0,2136.0,2148.0,13100.0,0.6560449859418949,1.2183692596063667,-0.5555555555555536,-3.6771300448430466,-3.6771300448430466,3.8175046554934866,0.0,0.32799198798197293,False,False,False
3420,ケー・エフ・シー,2026-09-07,1584.0,1645.0,1710.0,1586.8,1599.2,3440.0,1582.0,1585.0,1578.0,1584.0,4700.0,0.0,-0.12626262626262985,0.12642225031604948,-3.7082066869300934,-7.36842105263158,7.954545454545459,3.951367781155013,1.3662790697674418,True,False,False
3421,稲葉製作所,2026-09-07,1725.0,1763.0,1809.0,1729.2,1717.84,22540.0,1722.0,1722.0,1712.0,1713.0,1200.0,-0.6956521739130417,-0.17391304347825765,-0.5226480836236891,-2.836074872376626,-5.306799336650081,5.604203152364273,2.6091888825864995,0.05323868677905945,False,False,False
3422,Ｊ－ＭＡＸ,2026-09-07,631.0,727.0,727.0,619.6,611.12,34020.0,631.0,631.0,627.0,631.0,38800.0,0.0,0.0,0.0,-13.204951856946357,-13.204951856946357,15.213946117274158,0.0,1.1405055849500294,False,False,False
3423,エスイー,2026-09-07,275.0,280.0,286.0,274.6,275.56,6500.0,275.0,275.0,275.0,275.0,10200.0,0.0,0.0,0.0,-1.7857142857142905,-3.8461538461538436,4.0000000000000036,2.1428571428571352,1.5692307692307692,False,False,False
3431,宮地エンジニアリンググループ,2026-09-07,1576.0,1661.0,1661.0,1588.8,1606.32,80820.0,1574.0,1574.0,1565.0,1568.0,12000.0,-0.5076142131979711,-0.12690355329949554,-0.3811944091486663,-5.599036724864536,-5.599036724864536,5.931122448979598,0.0,0.14847809948032664,False,False,False
3433,トーカロ,2026-09-07,2782.0,3010.0,3220.0,2727.0,2857.92,204500.0,2810.0,2811.0,2777.0,2787.0,29800.0,0.17972681524083267,1.0064701653486718,-0.8185053380782903,-7.408637873754154,-13.447204968944105,15.536419088625752,6.976744186046502,0.14572127139364302,False,False,False
3434,アルファＣｏ,2026-09-07,1244.0,1275.0,1275.0,1244.4,1242.64,5360.0,1247.0,1247.0,1247.0,1247.0,800.0,0.2411575562700996,0.2411575562700996,0.0,-2.19607843137255,-2.19607843137255,2.245388933440262,0.0,0.14925373134328357,False,False,False
3435,サンコーテクノ,2026-09-07,1535.0,1547.0,1547.0,1504.8,1465.92,4820.0,1540.0,1540.0,1540.0,1535.0,9100.0,0.0,0.32573289902280145,-0.32467532467532756,-0.7756948933419494,-0.7756948933419494,0.7817589576547324,0.0,1.887966804979253,False,False,False
3436,ＳＵＭＣＯ,2026-09-07,3315.0,4245.0,4245.0,3226.6,3507.08,11762500.0,3303.0,3313.0,3237.0,3249.0,561000.0,-1.990950226244348,-0.36199095022624306,-1.6348773841961872,-23.46289752650177,-23.46289752650177,30.65558633425669,0.0,0.04769394261424017,False,False,False
3437,特殊電極,2026-09-07,2692.0,2779.0,2849.0,2715.4,2731.88,120.0,2685.0,2685.0,2685.0,2692.0,300.0,0.0,-0.2600297176820199,0.26070763500931626,-3.1306225260885223,-5.510705510705516,5.832095096582468,2.5188916876574208,2.5,True,False,False
3439,三ツ知,2026-09-07,678.0,689.0,696.0,678.2,672.52,680.0,678.0,678.0,678.0,678.0,200.0,0.0,0.0,0.0,-1.5965166908563089,-2.5862068965517238,2.6548672566371723,1.0159651669085612,0.29411764705882354,False,False,False
343A,ＩＡＣＥトラベル,2026-09-07,1312.0,1481.0,1550.0,1316.6,1347.2,5680.0,1310.0,1310.0,1310.0,1312.0,5100.0,0.0,-0.1524390243902385,0.15267175572519776,-11.411208642808912,-15.35483870967742,18.140243902439025,4.659014179608367,0.897887323943662,True,False,False
3440,日創グループ,2026-09-07,868.0,963.0,963.0,871.0,911.12,17560.0,868.0,868.0,865.0,868.0,8300.0,0.0,0.0,0.0,-9.865005192108,-9.865005192108,10.944700460829493,0.0,0.47266514806378135,False,False,False
3441,山王,2026-09-07,2889.0,3060.0,3060.0,2761.2,2722.2,37000.0,2864.0,2864.0,2831.0,2851.0,4900.0,-1.3153340256144008,-0.8653513326410511,-0.4539106145251437,-6.830065359477122,-6.830065359477122,7.330761136443353,0.0,0.13243243243243244,False,False,False
3443,川田テクノロジーズ,2026-09-07,1360.0,1443.0,1443.0,1362.8,1371.16,259300.0,1358.0,1359.0,1344.0,1348.0,11300.0,-0.8823529411764675,-0.14705882352941124,-0.7363770250368162,-6.583506583506582,-6.583506583506582,7.047477744807118,0.0,0.043578866178172,False,False,False
3444,菊池製作所,2026-09-07,1045.0,1130.0,1130.0,1022.2,1010.68,180660.0,1043.0,1043.0,1028.0,1043.0,6700.0,-0.191387559808609,-0.191387559808609,0.0,-7.699115044247784,-7.699115044247784,8.34132310642377,0.0,0.037086239344625266,False,False,False
3445,ＲＳ　Ｔｅｃｈｎｏｌｏｇｉｅｓ,2026-09-07,5880.0,7210.0,7300.0,5664.0,6077.6,181280.0,5840.0,5940.0,5840.0,5940.0,15700.0,1.0204081632652962,-0.6802721088435382,1.7123287671232834,-17.61442441054092,-18.63013698630137,22.895622895622903,1.2482662968099856,0.0866063548102383,True,False,False
3446,ジェイテックコーポレーション,2026-09-07,1674.0,1674.0,1674.0,1580.2,1581.76,20140.0,1674.0,1674.0,1641.0,1656.0,4900.0,-1.0752688172043001,0.0,-1.0752688172043001,-1.0752688172043001,-1.0752688172043001,1.0869565217391353,0.0,0.24329692154915591,False,False,False
3447,信和,2026-09-07,1005.0,1053.0,1053.0,1014.4,1025.12,30480.0,1001.0,1003.0,1000.0,1005.0,45800.0,0.0,-0.3980099502487566,0.3996003996004083,-4.558404558404561,-4.558404558404561,4.7761194029850795,0.0,1.5026246719160106,True,False,False
3449,テクノフレックス,2026-09-07,4130.0,4380.0,5290.0,3884.0,4096.8,103020.0,4085.0,4140.0,4035.0,4060.0,16100.0,-1.6949152542372836,-1.0895883777239712,-0.6119951040391647,-7.30593607305936,-23.251417769376182,30.295566502463057,20.77625570776256,0.15628033391574453,False,False,False
3452,ビーロット,2026-09-07,1468.0,1554.0,1554.0,1480.8,1485.56,48820.0,1472.0,1472.0,1460.0,1462.0,16700.0,-0.4087193460490468,0.27247956403269047,-0.6793478260869512,-5.920205920205923,-5.920205920205923,6.292749658002728,0.0,0.3420729209340434,False,False,False
3454,ファーストブラザーズ,2026-09-07,1250.0,1300.0,1300.0,1271.6,1270.0,3760.0,1254.0,1259.0,1250.0,1250.0,9100.0,0.0,0.32000000000000917,-0.31897926634768536,-3.8461538461538436,-3.8461538461538436,4.0000000000000036,0.0,2.4202127659574466,False,False,False
3457,Ａｎｄ　Ｄｏホールディングス,2026-09-07,935.0,952.0,966.0,935.8,930.52,68040.0,930.0,930.0,927.0,929.0,9800.0,-0.6417112299465288,-0.5347593582887722,-0.10752688172043223,-2.4159663865546244,-3.8302277432712195,3.982777179763186,1.4705882352941124,0.1440329218106996,False,False,False
3461,パルマ,2026-09-07,629.0,640.0,640.0,627.0,607.64,9500.0,629.0,629.0,626.0,629.0,2200.0,0.0,0.0,0.0,-1.7187500000000022,-1.7187500000000022,1.748807631160565,0.0,0.23157894736842105,False,False,False
3465,ケイアイスター不動産,2026-09-07,3295.0,4020.0,4020.0,3361.0,3653.8,190460.0,3270.0,3290.0,3260.0,3285.0,12600.0,-0.3034901365705611,-0.7587253414264028,0.4587155963302836,-18.28358208955224,-18.28358208955224,22.374429223744286,0.0,0.06615562322797437,True,False,False
3467,アグレ都市デザイン,2026-09-07,2855.0,3030.0,3030.0,2903.4,2861.76,4620.0,2851.0,2863.0,2851.0,2855.0,7300.0,0.0,-0.14010507880910517,0.140301648544372,-5.775577557755773,-5.775577557755773,6.129597197898429,0.0,1.58008658008658,True,False,False
3469,デュアルタップ,2026-09-07,896.0,907.0,910.0,894.8,897.96,2160.0,896.0,896.0,895.0,896.0,2600.0,0.0,0.0,0.0,-1.2127894156560126,-1.538461538461533,1.5625,0.330760749724357,1.2037037037037037,False,False,False
3474,Ｇ－ＦＡＣＴＯＲＹ,2026-09-07,606.0,610.0,610.0,605.2,587.44,3700.0,605.0,605.0,605.0,605.0,500.0,-0.16501650165016146,-0.16501650165016146,0.0,-0.8196721311475419,-0.8196721311475419,0.8264462809917328,0.0,0.13513513513513514,False,False,False
3475,グッドコムアセット,2026-09-07,1491.0,1612.0,1612.0,1505.8,1543.48,115000.0,1485.0,1485.0,1482.0,1491.0,166700.0,0.0,-0.4024144869215318,0.40404040404040664,-7.506203473945405,-7.506203473945405,8.115358819584163,0.0,1.4495652173913043,True,False,False
3477,フォーライフ,2026-09-07,908.0,908.0,908.0,897.6,887.28,4580.0,910.0,910.0,910.0,908.0,6800.0,0.0,0.22026431718060735,-0.219780219780219,0.0,0.0,0.0,0.0,1.48471615720524,False,False,False
3479,ＴＫＰ,2026-09-07,1900.0,1920.0,1979.0,1872.0,1873.64,55840.0,1882.0,1891.0,1877.0,1900.0,63200.0,0.0,-0.9473684210526301,0.9564293304994642,-1.041666666666663,-3.991915108640731,4.157894736842116,3.0729166666666696,1.1318051575931232,True,False,False
3482,ロードスターキャピタル,2026-09-07,2534.0,2682.0,2793.0,2556.6,2617.64,83400.0,2520.0,2530.0,2507.0,2515.0,15200.0,-0.7498026835043414,-0.5524861878453025,-0.1984126984126977,-6.226696495152872,-9.953455066237016,11.05367793240557,4.138702460850108,0.18225419664268586,False,False,False
3484,イノベーションホールディングス,2026-09-07,1145.0,1180.0,1180.0,1155.8,1098.2,5740.0,1162.0,1162.0,1162.0,1145.0,8200.0,0.0,1.4847161572052459,-1.462994836488818,-2.9661016949152574,-2.9661016949152574,3.056768558951961,0.0,1.4285714285714286,False,False,False
3486,グローバル・リンク・マネジメント,2026-09-07,1953.0,2010.0,2010.0,1953.6,1951.88,44920.0,1948.0,1948.0,1934.0,1953.0,85700.0,0.0,-0.25601638504864077,0.2566735112936369,-2.8358208955223896,-2.8358208955223896,2.9185867895545226,0.0,1.9078361531611754,True,False,False
3489,フェイスネットワーク,2026-09-07,818.0,885.0,885.0,835.2,831.32,59940.0,818.0,818.0,811.0,814.0,6000.0,-0.4889975550122272,0.0,-0.4889975550122272,-8.022598870056497,-8.022598870056497,8.722358722358713,0.0,0.1001001001001001,False,False,False
3490,アズ企画設計,2026-09-07,3030.0,3290.0,3290.0,3033.0,3133.4,1840.0,3045.0,3085.0,3045.0,3085.0,500.0,1.8151815181518094,0.4950495049504955,1.3136288998357948,-6.231003039513682,-6.231003039513682,6.645056726094012,0.0,0.2717391304347826,True,False,False
3491,ＧＡ　ｔｅｃｈｎｏｌｏｇｉｅｓ,2026-09-07,1572.0,1625.0,1625.0,1555.2,1535.16,182920.0,1547.0,1554.0,1541.0,1549.0,7800.0,-1.463104325699749,-1.590330788804073,0.12928248222365823,-4.676923076923078,-4.676923076923078,4.906391220142026,0.0,0.042641591952766233,True,False,False
3494,マリオン,2026-09-07,453.0,458.0,463.0,445.6,440.6,4920.0,454.0,455.0,454.0,453.0,6500.0,0.0,0.22075055187638082,-0.22026431718061845,-1.091703056768556,-2.1598272138228958,2.207505518763786,1.091703056768556,1.3211382113821137,False,False,False
3495,香陵住販,2026-09-07,2280.0,2400.0,2400.0,2286.0,2336.28,500.0,2300.0,2314.0,2280.0,2280.0,800.0,0.0,0.8771929824561431,-0.8695652173912993,-5.000000000000004,-5.000000000000004,5.263157894736836,0.0,1.6,False,False,False
3496,アズーム,2026-09-07,4710.0,5060.0,5060.0,4743.0,4761.6,35800.0,4820.0,4840.0,4765.0,4790.0,20000.0,1.698513800424628,2.3354564755838636,-0.6224066390041472,-5.335968379446642,-5.335968379446642,5.636743215031315,0.0,0.5586592178770949,False,False,False
3498,霞ヶ関キャピタル,2026-09-07,7380.0,8290.0,8290.0,7350.0,7763.6,280880.0,7350.0,7370.0,7290.0,7360.0,11400.0,-0.27100271002710175,-0.40650406504064707,0.13605442176871652,-11.2183353437877,-11.2183353437877,12.635869565217384,0.0,0.04058672742808317,True,False,False
3501,ＳＵＭＩＮＯＥ,2026-09-07,1175.0,1207.0,1207.0,1179.8,1177.08,21940.0,1175.0,1175.0,1158.0,1175.0,31400.0,0.0,0.0,0.0,-2.6512013256006606,-2.6512013256006606,2.7234042553191395,0.0,1.431175934366454,False,False,False
350A,デジタルグリッド,2026-09-07,852.0,870.0,870.0,801.0,777.56,549100.0,846.0,846.0,827.0,838.0,107700.0,-1.6431924882629123,-0.7042253521126751,-0.9456264775413725,-3.67816091954023,-3.67816091954023,3.8186157517899666,0.0,0.1961391367692588,False,False,False
3512,日本フエルト,2026-09-07,1033.0,1080.0,1080.0,1030.0,1001.12,8980.0,1031.0,1031.0,1019.0,1033.0,13500.0,0.0,-0.19361084220715918,0.19398642095054264,-4.351851851851851,-4.351851851851851,4.549854791868335,0.0,1.5033407572383073,True,False,False
3513,イチカワ,2026-09-07,3600.0,3600.0,3600.0,3384.0,3382.6,3880.0,3545.0,3545.0,3545.0,3600.0,7300.0,0.0,-1.5277777777777724,1.5514809590973178,0.0,0.0,0.0,0.0,1.8814432989690721,True,False,False
3521,テルマー湯ホールディングス,2026-09-07,157.0,158.0,158.0,156.2,155.64,21320.0,157.0,157.0,157.0,157.0,15300.0,0.0,0.0,0.0,-0.6329113924050667,-0.6329113924050667,0.6369426751592355,0.0,0.7176360225140713,False,False,False
3524,日東製網,2026-09-07,1486.0,1509.0,1509.0,1483.2,1483.28,2620.0,1489.0,1489.0,1489.0,1486.0,1200.0,0.0,0.20188425302827273,-0.2014775016789816,-1.5241882041086785,-1.5241882041086785,1.5477792732166984,0.0,0.4580152671755725,False,False,False
3529,アツギ,2026-09-07,994.0,1075.0,1114.0,1020.6,1042.96,47780.0,988.0,993.0,983.0,983.0,1700.0,-1.106639839034207,-0.6036217303822977,-0.5060728744939236,-8.558139534883724,-11.759425493716336,13.326551373346906,3.6279069767441774,0.03557974047718711,False,False,False
352A,ＬＯＩＶＥ,2026-09-07,537.0,560.0,580.0,538.8,537.6,3040.0,537.0,537.0,537.0,537.0,4600.0,0.0,0.0,0.0,-4.107142857142854,-7.413793103448274,8.007448789571692,3.571428571428581,1.513157894736842,False,False,False
3536,アクサスホールディングス,2026-09-07,128.0,131.0,132.0,128.2,129.68,17420.0,127.0,128.0,127.0,128.0,20600.0,0.0,-0.78125,0.7874015748031482,-2.2900763358778664,-3.0303030303030276,3.125,0.7633587786259444,1.182548794489093,True,False,False
3537,昭栄薬品,2026-09-07,1760.0,1790.0,1790.0,1754.2,1724.0,1560.0,1760.0,1760.0,1760.0,1760.0,1600.0,0.0,0.0,0.0,-1.6759776536312887,-1.6759776536312887,1.7045454545454586,0.0,1.0256410256410255,False,False,False
3538,ウイルプラスホールディングス,2026-09-07,1007.0,1048.0,1048.0,1017.2,999.88,8680.0,1012.0,1012.0,1011.0,1007.0,13700.0,0.0,0.49652432969216065,-0.49407114624505644,-3.912213740458015,-3.912213740458015,4.071499503475673,0.0,1.5783410138248848,False,False,False
3539,ＪＭホールディングス,2026-09-07,1349.0,1520.0,1520.0,1415.6,1432.6,176700.0,1345.0,1345.0,1340.0,1341.0,12400.0,-0.5930318754633013,-0.2965159377316562,-0.29739776951672736,-11.77631578947368,-11.77631578947368,13.34824757643549,0.0,0.07017543859649122,False,False,False
3542,ベガコーポレーション,2026-09-07,1524.0,1560.0,1560.0,1481.0,1442.6,18160.0,1524.0,1533.0,1520.0,1533.0,1200.0,0.5905511811023612,0.0,0.5905511811023612,-1.7307692307692357,-1.7307692307692357,1.7612524461839474,0.0,0.06607929515418502,True,False,False
3543,コメダホールディングス,2026-09-07,2853.0,3020.0,3020.0,2904.0,2909.56,192580.0,2860.0,2864.0,2854.0,2860.0,12800.0,0.2453557658604888,0.2453557658604888,0.0,-5.298013245033117,-5.298013245033117,5.594405594405605,0.0,0.06646588430782013,False,False,False
3544,サツドラホールディングス,2026-09-07,1249.0,1252.0,1259.0,1248.6,1248.32,10940.0,1249.0,1250.0,1249.0,1250.0,2900.0,0.08006405124099114,0.0,0.08006405124099114,-0.15974440894568342,-0.714853057982523,0.7200000000000095,0.5591054313099031,0.26508226691042047,True,False,False
3547,ユニシアホールディングス,2026-09-07,1885.0,1900.0,1900.0,1881.6,1831.72,22640.0,1895.0,1902.0,1892.0,1894.0,6500.0,0.4774535809018543,0.5305039787798504,-0.05277044854881119,-0.31578947368421373,-0.31578947368421373,0.31678986272438703,0.0,0.2871024734982332,False,False,False
3548,バロックジャパンリミテッド,2026-09-07,697.0,740.0,748.0,703.6,723.76,172900.0,695.0,695.0,686.0,688.0,97500.0,-1.2912482065997155,-0.2869440459110528,-1.0071942446043147,-7.027027027027022,-8.021390374331549,8.720930232558132,1.08108108108107,0.5639097744360902,False,False,False
3549,クスリのアオキホールディングス,2026-09-07,4072.0,4297.0,4297.0,4113.8,4067.84,249900.0,4079.0,4110.0,4062.0,4098.0,9700.0,0.6385068762279067,0.17190569744596207,0.46580044128463616,-4.631138003258084,-4.631138003258084,4.856027330405066,0.0,0.038815526210484196,True,False,False
3550,スタジオアタオ,2026-09-07,216.0,220.0,223.0,215.8,217.68,7820.0,216.0,216.0,216.0,216.0,21000.0,0.0,0.0,0.0,-1.8181818181818188,-3.139013452914796,3.240740740740744,1.3636363636363669,2.6854219948849103,False,False,False
3551,ダイニック,2026-09-07,1609.0,1656.0,1656.0,1617.0,1543.6,15760.0,1605.0,1605.0,1605.0,1609.0,16400.0,0.0,-0.24860161591050423,0.24922118380061864,-2.838164251207731,-2.838164251207731,2.9210689869484163,0.0,1.0406091370558375,True,False,False
3553,共和レザー,2026-09-07,935.0,952.0,952.0,928.6,922.96,44640.0,932.0,932.0,923.0,923.0,3100.0,-1.2834224598930466,-0.3208556149732589,-0.965665236051505,-3.0462184873949583,-3.0462184873949583,3.1419284940411796,0.0,0.06944444444444445,False,False,False
3556,リネットジャパングループ,2026-09-07,804.0,923.0,923.0,795.0,841.6,40160.0,801.0,801.0,796.0,804.0,43900.0,0.0,-0.3731343283582045,0.3745318352059934,-12.892741061755142,-12.892741061755142,14.800995024875618,0.0,1.0931274900398407,True,False,False
3557,ユナイテッド＆コレクティブ,2026-09-07,514.0,577.0,577.0,515.0,550.24,5240.0,512.0,514.0,512.0,514.0,4800.0,0.0,-0.3891050583657574,0.390625,-10.918544194107449,-10.918544194107449,12.256809338521402,0.0,0.916030534351145,True,False,False
3558,ジェイドグループ,2026-09-07,1794.0,1855.0,1855.0,1796.2,1766.12,90460.0,1793.0,1793.0,1775.0,1790.0,10200.0,-0.22296544035674826,-0.05574136008918984,-0.1673173452314547,-3.5040431266846306,-3.5040431266846306,3.6312849162011274,0.0,0.11275701967720539,False,False,False
3559,ピーバンドットコム,2026-09-07,465.0,475.0,475.0,461.6,439.88,5140.0,470.0,470.0,468.0,468.0,2100.0,0.6451612903225712,1.0752688172043001,-0.42553191489361764,-1.473684210526316,-1.473684210526316,1.4957264957264904,0.0,0.4085603112840467,False,False,False
3560,ほぼ日,2026-09-07,4330.0,4515.0,4515.0,4345.0,4372.8,2760.0,4330.0,4330.0,4330.0,4330.0,3100.0,0.0,0.0,0.0,-4.097452934662238,-4.097452934662238,4.272517321016167,0.0,1.1231884057971016,False,False,False
3561,力の源ホールディングス,2026-09-07,1538.0,1675.0,1749.0,1564.6,1604.28,73520.0,1541.0,1541.0,1537.0,1538.0,101600.0,0.0,0.19505851755525772,-0.1946787800129801,-8.179104477611943,-12.064036592338478,13.719115734720422,4.417910447761186,1.381936887921654,False,False,False
3562,Ｎｏ．１,2026-09-07,1576.0,1611.0,1611.0,1573.2,1578.44,20500.0,1576.0,1576.0,1563.0,1576.0,10700.0,0.0,0.0,0.0,-2.172563625077595,-2.172563625077595,2.2208121827411276,0.0,0.5219512195121951,False,False,False
3563,ＦＯＯＤ　＆　ＬＩＦＥ　ＣＯＭＰＡＮＩＥＳ,2026-09-07,5718.0,6135.0,6135.0,5938.6,5787.36,2738840.0,5699.0,5831.0,5685.0,5806.0,275100.0,1.5389996502273462,-0.3322840153899942,1.8775223723460188,-5.362673186634071,-5.362673186634071,5.666551842921108,0.0,0.10044398358429116,True,False,False
3565,アセンテック,2026-09-07,490.0,492.0,492.0,478.0,449.8,177520.0,486.0,492.0,486.0,490.0,217800.0,0.0,-0.8163265306122436,0.8230452674897082,-0.40650406504064707,-0.40650406504064707,0.40816326530612734,0.0,1.2269040108156828,True,False,False
3566,ユニフォームネクスト,2026-09-07,722.0,803.0,945.0,757.2,771.32,9160.0,720.0,721.0,719.0,722.0,31700.0,0.0,-0.27700831024930483,0.2777777777777768,-10.087173100871727,-23.597883597883595,30.88642659279779,17.683686176836865,3.460698689956332,True,False,False
3569,セーレン,2026-09-07,3420.0,3615.0,3615.0,3440.0,3442.6,141580.0,3390.0,3395.0,3365.0,3370.0,11500.0,-1.4619883040935644,-0.8771929824561431,-0.5899705014749235,-6.777316735822958,-6.777316735822958,7.270029673590495,0.0,0.08122616188727222,False,False,False
3571,ソトー,2026-09-07,728.0,747.0,747.0,735.8,721.56,7680.0,728.0,728.0,728.0,728.0,11700.0,0.0,0.0,0.0,-2.5435073627844695,-2.5435073627844695,2.6098901098901006,0.0,1.5234375,False,False,False
3577,東海染工,2026-09-07,934.0,966.0,966.0,938.0,940.44,3160.0,930.0,934.0,920.0,934.0,8700.0,0.0,-0.4282655246252709,0.43010752688172893,-3.31262939958592,-3.31262939958592,3.426124197002145,0.0,2.7531645569620253,True,False,False
3580,小松マテーレ,2026-09-07,759.0,775.0,775.0,762.6,752.48,64720.0,752.0,754.0,748.0,752.0,8100.0,-0.9222661396574461,-0.9222661396574461,0.0,-2.9677419354838697,-2.9677419354838697,3.0585106382978733,0.0,0.12515451174289247,False,False,False
3583,オーベクス,2026-09-07,1350.0,1359.0,1372.0,1349.6,1305.12,1200.0,1350.0,1350.0,1350.0,1350.0,2600.0,0.0,0.0,0.0,-0.6622516556291425,-1.603498542274051,1.6296296296296253,0.9565857247976428,2.1666666666666665,False,False,False
3591,ワコールホールディングス,2026-09-07,4125.0,4543.0,4596.0,4149.4,4274.16,101900.0,4125.0,4125.0,4104.0,4106.0,7100.0,-0.46060606060606135,0.0,-0.46060606060606135,-9.619194364957073,-10.661444734551784,11.93375547978568,1.1666299801893043,0.06967615309126594,False,False,False
3597,自重堂,2026-09-07,9100.0,9200.0,9200.0,9084.0,9092.0,1320.0,9100.0,9100.0,9030.0,9030.0,300.0,-0.7692307692307665,0.0,-0.7692307692307665,-1.8478260869565166,-1.8478260869565166,1.882613510520481,0.0,0.22727272727272727,False,False,False
3598,山喜,2026-09-07,168.0,169.0,169.0,166.8,163.52,24180.0,166.0,166.0,166.0,168.0,12300.0,0.0,-1.1904761904761862,1.2048192771084265,-0.591715976331364,-0.591715976331364,0.5952380952380931,0.0,0.5086848635235732,True,False,False
3600,フジックス,2026-09-07,1720.0,1793.0,1793.0,1720.0,1733.28,140.0,1720.0,1720.0,1720.0,1720.0,100.0,0.0,0.0,0.0,-4.07138873396542,-4.07138873396542,4.244186046511622,0.0,0.7142857142857143,False,False,False
3607,クラウディアホールディングス,2026-09-07,350.0,369.0,369.0,351.0,359.32,21600.0,352.0,352.0,352.0,350.0,33200.0,0.0,0.5714285714285783,-0.5681818181818232,-5.1490514905149,-5.1490514905149,5.428571428571427,0.0,1.537037037037037,False,False,False
3608,ＴＳＩホールディングス,2026-09-07,1241.0,1293.0,1293.0,1252.2,1246.28,213560.0,1243.0,1247.0,1238.0,1244.0,18400.0,0.241740531829171,0.16116035455278066,0.08045052292839916,-3.7896365042536684,-3.7896365042536684,3.938906752411575,0.0,0.08615845663982019,True,False,False
3611,マツオカコーポレーション,2026-09-07,2464.0,2575.0,2575.0,2458.6,2476.8,30760.0,2463.0,2463.0,2426.0,2464.0,39300.0,0.0,-0.040584415584410394,0.04060089321964444,-4.310679611650481,-4.310679611650481,4.504870129870131,0.0,1.277633289986996,True,False,False
3612,ワールド,2026-09-07,1595.0,1728.0,1728.0,1611.6,1633.52,275280.0,1592.0,1596.0,1585.0,1595.0,27300.0,0.0,-0.18808777429467627,0.18844221105527303,-7.696759259259256,-7.696759259259256,8.3385579937304,0.0,0.09917175239755885,True,False,False
3622,ネットイヤーグループ,2026-09-07,499.0,505.0,519.0,498.6,493.56,1640.0,497.0,499.0,497.0,499.0,900.0,0.0,-0.4008016032064132,0.4024144869215318,-1.1881188118811892,-3.8535645472061675,4.008016032064132,2.7722772277227747,0.5487804878048781,True,False,False
3623,ビリングシステム,2026-09-07,1283.0,1320.0,1320.0,1273.8,1164.2,23860.0,1283.0,1283.0,1272.0,1272.0,900.0,-0.8573655494933718,0.0,-0.8573655494933718,-3.6363636363636376,-3.6363636363636376,3.7735849056603765,0.0,0.037720033528918694,False,False,False
3624,アクセルマーク,2026-09-07,91.0,94.0,94.0,88.8,80.08,585600.0,89.0,90.0,89.0,91.0,466500.0,0.0,-2.197802197802201,2.2471910112359605,-3.1914893617021267,-3.1914893617021267,3.296703296703307,0.0,0.7966188524590164,True,False,False
3625,テックファームホールディングス,2026-09-07,627.0,680.0,680.0,656.4,650.68,7200.0,637.0,637.0,637.0,627.0,8000.0,0.0,1.594896331738438,-1.5698587127158548,-7.794117647058818,-7.794117647058818,8.452950558213711,0.0,1.1111111111111112,False,False,False
3626,ＴＩＳ,2026-09-07,3891.0,4074.0,4074.0,3972.4,3823.64,1069720.0,3860.0,3880.0,3830.0,3830.0,32200.0,-1.5677203803649453,-0.7967103572346423,-0.7772020725388629,-5.989199803632794,-5.989199803632794,6.37075718015665,0.0,0.030101334928766404,False,False,False
3627,テクミラホールディングス,2026-09-07,267.0,275.0,276.0,266.0,266.44,13720.0,265.0,265.0,265.0,267.0,10300.0,0.0,-0.7490636704119868,0.7547169811320753,-2.9090909090909056,-3.2608695652173947,3.370786516853941,0.363636363636366,0.750728862973761,True,False,False
3628,データホライゾン,2026-09-07,666.0,679.0,679.0,634.8,601.6,18560.0,649.0,679.0,649.0,666.0,15400.0,0.0,-2.552552552552556,2.6194144838212585,-1.9145802650957333,-1.9145802650957333,1.9519519519519468,0.0,0.8297413793103449,True,False,False
3632,グリーホールディングス,2026-09-07,414.0,434.0,434.0,419.6,417.4,526880.0,413.0,414.0,410.0,411.0,60300.0,-0.7246376811594235,-0.24154589371980784,-0.4842615012106588,-5.299539170506917,-5.299539170506917,5.596107055961075,0.0,0.11444731248102034,False,False,False
3633,ＧＭＯペパボ,2026-09-07,2571.0,2749.0,2749.0,2616.6,2265.24,20900.0,2553.0,2580.0,2553.0,2580.0,1400.0,0.3500583430571691,-0.7001166861143493,1.0575793184488758,-6.147690069116041,-6.147690069116041,6.550387596899232,0.0,0.06698564593301436,True,False,False
3634,ソケッツ,2026-09-07,586.0,620.0,620.0,593.2,590.6,3100.0,586.0,586.0,586.0,586.0,1500.0,0.0,0.0,0.0,-5.483870967741932,-5.483870967741932,5.802047781569963,0.0,0.4838709677419355,False,False,False
3635,コーエーテクモホールディングス,2026-09-07,1627.5,1756.0,1756.0,1676.7,1658.06,892820.0,1623.0,1628.5,1617.5,1626.5,45300.0,-0.06144393241167556,-0.27649769585254,0.2156500308071463,-7.374715261958997,-7.374715261958997,7.961881340301269,0.0,0.05073811070540535,True,False,False
3636,三菱総合研究所,2026-09-07,4960.0,5270.0,5270.0,5068.0,4902.2,33060.0,4910.0,4910.0,4860.0,4960.0,33800.0,0.0,-1.008064516129037,1.0183299389002087,-5.882352941176472,-5.882352941176472,6.25,0.0,1.0223835450695704,True,False,False
3639,ボルテージ,2026-09-07,239.0,242.0,242.0,235.4,226.56,4180.0,237.0,237.0,237.0,239.0,8900.0,0.0,-0.8368200836820106,0.8438818565400741,-1.2396694214875992,-1.2396694214875992,1.2552301255230214,0.0,2.1291866028708135,True,False,False
3640,電算,2026-09-07,2772.0,2898.0,2898.0,2823.4,2755.6,6140.0,2771.0,2771.0,2771.0,2772.0,6300.0,0.0,-0.03607503607503393,0.036088054853844476,-4.347826086956519,-4.347826086956519,4.545454545454541,0.0,1.0260586319218241,True,False,False
3641,パピレス,2026-09-07,990.0,999.0,999.0,992.4,976.32,4360.0,990.0,990.0,990.0,990.0,9600.0,0.0,0.0,0.0,-0.9009009009009028,-0.9009009009009028,0.9090909090909038,0.0,2.2018348623853212,False,False,False
3645,メディカルネット,2026-09-07,274.0,310.0,310.0,268.4,248.76,495420.0,281.0,301.0,281.0,297.0,107600.0,8.394160583941602,2.5547445255474477,5.693950177935947,-4.193548387096779,-4.193548387096779,4.377104377104368,0.0,0.21718945541156998,True,False,False
3646,駅探,2026-09-07,350.0,421.0,421.0,357.8,343.76,42020.0,354.0,356.0,354.0,350.0,7000.0,0.0,1.1428571428571344,-1.1299435028248594,-16.864608076009503,-16.864608076009503,20.285714285714285,0.0,0.16658733936220846,False,False,False
3647,アスリナ,2026-09-07,116.0,148.0,148.0,119.6,118.28,123520.0,118.0,121.0,117.0,120.0,28800.0,3.4482758620689724,1.724137931034475,1.6949152542372836,-18.918918918918916,-18.918918918918916,23.33333333333334,0.0,0.23316062176165803,True,False,False
3648,ＡＧＳ,2026-09-07,1071.0,1109.0,1161.0,1075.6,1052.2,9060.0,1071.0,1071.0,1071.0,1071.0,9600.0,0.0,0.0,0.0,-3.42651036970244,-7.751937984496127,8.403361344537807,4.688908926961233,1.0596026490066226,False,False,False
3649,ファインデックス,2026-09-07,836.0,895.0,895.0,836.0,852.52,48620.0,826.0,832.0,826.0,832.0,3200.0,-0.4784688995215336,-1.1961722488038284,0.7263922518159882,-7.039106145251395,-7.039106145251395,7.572115384615374,0.0,0.0658165364047717,True,False,False
3652,ディジタルメディアプロフェッショナル,2026-09-07,2529.0,2675.0,2675.0,2484.0,2473.52,47940.0,2527.0,2589.0,2482.0,2556.0,15900.0,1.067615658362997,-0.07908264136021748,1.1476058567471359,-4.44859813084112,-4.44859813084112,4.655712050078242,0.0,0.3316645807259074,True,False,False
3653,モルフォ,2026-09-07,1226.0,1679.0,1679.0,1160.0,820.88,2734680.0,1305.0,1343.0,1302.0,1326.0,136300.0,8.156606851549753,6.4437194127243025,1.6091954022988464,-21.024419297200716,-21.024419297200716,26.62141779788838,0.0,0.04984129770210774,True,False,False
3656,ＫＬａｂ,2026-09-07,184.0,218.0,260.0,190.0,204.4,1943700.0,181.0,182.0,180.0,181.0,439700.0,-1.6304347826086918,-1.6304347826086918,0.0,-16.972477064220183,-30.384615384615387,43.64640883977901,19.266055045871553,0.22621803776302926,False,False,False
3657,ポールトゥウィンホールディングス,2026-09-07,362.0,374.0,374.0,366.2,354.2,111820.0,360.0,360.0,357.0,362.0,125500.0,0.0,-0.5524861878453025,0.5555555555555536,-3.208556149732622,-3.208556149732622,3.3149171270718147,0.0,1.1223394741548918,True,False,False
3659,ネクソン,2026-09-07,3051.0,3349.0,3349.0,3124.6,2881.22,2775560.0,3042.0,3061.0,3036.0,3055.0,171400.0,0.13110455588332126,-0.2949852507374673,0.42735042735042583,-8.778739922364887,-8.778739922364887,9.623567921440257,0.0,0.06175330383778409,True,False,False
365A,伊澤タオル,2026-09-07,790.0,820.0,820.0,787.2,790.96,40300.0,785.0,785.0,784.0,785.0,2400.0,-0.6329113924050667,-0.6329113924050667,0.0,-4.268292682926833,-4.268292682926833,4.458598726114649,0.0,0.05955334987593052,False,False,False
3660,アイスタイル,2026-09-07,519.0,569.0,569.0,523.2,499.0,1078300.0,518.0,519.0,514.0,518.0,106200.0,-0.19267822736031004,-0.19267822736031004,0.0,-8.96309314586995,-8.96309314586995,9.845559845559837,0.0,0.09848836130946861,False,False,False
3661,エムアップホールディングス,2026-09-07,810.0,879.0,879.0,823.2,823.08,547260.0,808.0,810.0,805.0,807.0,24400.0,-0.37037037037036535,-0.24691358024691024,-0.12376237623762387,-8.19112627986348,-8.19112627986348,8.921933085501866,0.0,0.04458575448598472,False,False,False
3662,エイチームホールディングス,2026-09-07,925.0,998.0,1007.0,964.6,952.92,127820.0,921.0,922.0,919.0,921.0,15500.0,-0.432432432432428,-0.432432432432428,0.0,-7.7154308617234495,-8.540218470705064,9.337676438653641,0.9018036072144353,0.12126427789078391,False,False,False
3663,セルシス,2026-09-07,1785.0,2013.0,2038.0,1863.6,1865.44,216060.0,1792.0,1792.0,1778.0,1785.0,9200.0,0.0,0.39215686274509665,-0.390625,-11.326378539493298,-12.414131501472037,14.173669467787109,1.2419274714356776,0.042580764602425256,False,False,False
3664,ＷＩＺＥ,2026-09-07,25.0,30.0,30.0,25.2,24.52,38688440.0,24.0,25.0,24.0,24.0,26656400.0,-4.0000000000000036,-4.0000000000000036,0.0,-19.999999999999996,-19.999999999999996,25.0,0.0,0.6890016759528169,False,False,False
3665,エニグモ,2026-09-07,425.0,437.0,437.0,428.2,416.6,168380.0,425.0,425.0,422.0,423.0,12700.0,-0.47058823529412264,0.0,-0.47058823529412264,-3.203661327231122,-3.203661327231122,3.309692671394804,0.0,0.07542463475472147,False,False,False
3667,ｅｎｉｓｈ,2026-09-07,27.0,30.0,30.0,27.4,27.52,107400.0,27.0,27.0,27.0,27.0,126200.0,0.0,0.0,0.0,-9.999999999999998,-9.999999999999998,11.111111111111116,0.0,1.175046554934823,False,False,False
3668,コロプラ,2026-09-07,421.0,449.0,449.0,428.0,421.76,459900.0,421.0,422.0,419.0,421.0,68400.0,0.0,0.0,0.0,-6.23608017817372,-6.23608017817372,6.65083135391924,0.0,0.1487279843444227,False,False,False
366A,ウェルネス・コミュニケーションズ,2026-09-07,1183.0,1234.0,1234.0,1182.4,1113.44,36500.0,1181.0,1181.0,1165.0,1183.0,19700.0,0.0,-0.16906170752324368,0.16934801016088574,-4.132901134521882,-4.132901134521882,4.311073541842769,0.0,0.5397260273972603,True,False,False
3671,ソフトマックス,2026-09-07,304.0,324.0,338.0,305.6,309.6,11820.0,306.0,306.0,306.0,304.0,23500.0,0.0,0.6578947368421018,-0.6535947712418277,-6.172839506172845,-10.059171597633132,11.184210526315796,4.320987654320985,1.988155668358714,False,False,False
3672,オルトプラス,2026-09-07,28.0,34.0,34.0,28.8,28.32,124080.0,29.0,29.0,29.0,29.0,58000.0,3.571428571428581,3.571428571428581,0.0,-14.70588235294118,-14.70588235294118,17.24137931034482,0.0,0.46744036105738235,False,False,False
3673,ブロードリーフ,2026-09-07,462.0,507.0,507.0,471.4,458.72,877600.0,460.0,460.0,457.0,460.0,34500.0,-0.43290043290042934,-0.43290043290042934,0.0,-9.270216962524657,-9.270216962524657,10.217391304347823,0.0,0.03931175934366454,False,False,False
3674,オークファン,2026-09-07,338.0,352.0,352.0,342.0,331.68,7160.0,339.0,339.0,339.0,338.0,6600.0,0.0,0.2958579881656709,-0.2949852507374673,-3.9772727272727293,-3.9772727272727293,4.142011834319526,0.0,0.9217877094972067,False,False,False
3675,クロス・マーケティンググループ,2026-09-07,604.0,631.0,631.0,604.8,607.0,32240.0,604.0,604.0,604.0,604.0,13100.0,0.0,0.0,0.0,-4.278922345483361,-4.278922345483361,4.470198675496695,0.0,0.4063275434243176,False,False,False
3676,デジタルハーツホールディングス,2026-09-07,1057.0,1060.0,1060.0,1057.8,1003.2,180600.0,1057.0,1058.0,1057.0,1057.0,260300.0,0.0,0.0,0.0,-0.2830188679245338,-0.2830188679245338,0.2838221381267658,0.0,1.4413067552602437,False,False,False
3678,メディアドゥ,2026-09-07,1260.0,1325.0,1330.0,1273.2,1276.24,19240.0,1260.0,1265.0,1254.0,1260.0,18900.0,0.0,0.0,0.0,-4.9056603773584895,-5.263157894736848,5.555555555555558,0.37735849056603765,0.9823284823284824,False,False,False
3679,じげん,2026-09-07,447.0,472.0,472.0,450.8,442.28,480780.0,447.0,447.0,442.0,442.0,96200.0,-1.118568232662187,0.0,-1.118568232662187,-6.355932203389836,-6.355932203389836,6.7873303167420795,0.0,0.2000915179499979,False,False,False
367A,プリモグローバルホールディングス,2026-09-07,2863.0,2985.0,2985.0,2911.4,2828.32,56300.0,2900.0,2929.0,2864.0,2917.0,8100.0,1.8861334264757224,1.2923506811037377,0.5862068965517331,-2.2780569514237903,-2.2780569514237903,2.331162152896815,0.0,0.1438721136767318,True,False,False
3680,ホットリンク,2026-09-07,207.0,217.0,217.0,206.8,210.32,42740.0,207.0,208.0,206.0,207.0,27500.0,0.0,0.0,0.0,-4.608294930875578,-4.608294930875578,4.8309178743961345,0.0,0.6434253626579317,False,False,False
3682,エンカレッジ・テクノロジ,2026-09-07,585.0,635.0,635.0,589.4,592.52,5300.0,585.0,585.0,585.0,585.0,1100.0,0.0,0.0,0.0,-7.874015748031493,-7.874015748031493,8.547008547008538,0.0,0.20754716981132076,False,False,False
3683,サイバーリンクス,2026-09-07,1121.0,1162.0,1162.0,1122.2,1105.0,14720.0,1121.0,1121.0,1121.0,1121.0,11600.0,0.0,0.0,0.0,-3.528399311531838,-3.528399311531838,3.6574487065120342,0.0,0.7880434782608695,False,False,False
3686,ディー・エル・イー,2026-09-07,60.0,64.0,65.0,60.2,59.72,186280.0,60.0,60.0,59.0,60.0,690600.0,0.0,0.0,0.0,-6.25,-7.692307692307687,8.333333333333325,1.5625,3.707322310500322,False,False,False
3687,フィックスターズ,2026-09-07,2224.0,2360.0,2360.0,2135.8,2198.88,682360.0,2196.0,2196.0,2165.0,2192.0,81800.0,-1.4388489208633115,-1.258992805755399,-0.18214936247723523,-7.118644067796609,-7.118644067796609,7.664233576642343,0.0,0.11987807022685973,False,False,False
368A,北里コーポレーション,2026-09-07,1418.0,1620.0,1620.0,1449.2,1499.84,90400.0,1415.0,1436.0,1412.0,1428.0,13600.0,0.7052186177715081,-0.21156558533145242,0.9187279151943395,-11.851851851851848,-11.851851851851848,13.4453781512605,0.0,0.1504424778761062,True,False,False
3690,イルグルム,2026-09-07,591.0,597.0,597.0,581.4,560.96,15100.0,594.0,600.0,592.0,592.0,7100.0,0.16920473773265332,0.50761421319796,-0.33670033670033517,-0.8375209380234505,-0.8375209380234505,0.8445945945946054,0.0,0.47019867549668876,False,False,False
3691,デジタルプラス,2026-09-07,1865.0,1997.0,1997.0,1864.6,1751.28,15380.0,1864.0,1864.0,1864.0,1864.0,100.0,-0.05361930294905948,-0.05361930294905948,0.0,-6.659989984977466,-6.659989984977466,7.135193133047202,0.0,0.006501950585175552,False,False,False
3692,ＦＦＲＩセキュリティ,2026-09-07,6250.0,6400.0,6400.0,5928.0,5293.6,227880.0,6190.0,6250.0,6160.0,6230.0,9200.0,-0.31999999999999806,-0.9600000000000053,0.646203554119551,-2.6562500000000044,-2.6562500000000044,2.728731942215079,0.0,0.04037212568018255,True,False,False
3694,オプティム,2026-09-07,434.0,460.0,460.0,440.6,432.56,118100.0,433.0,433.0,430.0,431.0,43500.0,-0.691244239631339,-0.23041474654378336,-0.46189376443418473,-6.304347826086953,-6.304347826086953,6.728538283062635,0.0,0.36833192209991533,False,False,False
3695,ＧＭＯプロダクトプラットフォーム,2026-09-07,1612.0,1630.0,1630.0,1512.4,1459.76,15100.0,1613.0,1613.0,1613.0,1612.0,25200.0,0.0,0.062034739454097654,-0.061996280223186595,-1.104294478527612,-1.104294478527612,1.1166253101736912,0.0,1.6688741721854305,False,False,False
3696,セレス,2026-09-07,2223.0,2319.0,2319.0,2191.4,2165.16,92260.0,2210.0,2210.0,2194.0,2207.0,4900.0,-0.7197480881691365,-0.5847953216374324,-0.13574660633484115,-4.829667960327733,-4.829667960327733,5.0747621205256,0.0,0.05311077389984825,False,False,False
3697,ＳＨＩＦＴ,2026-09-07,852.9000244140625,1021.0,1021.0,893.0200073242188,909.9280004882812,5650960.0,852.5,858.9000244140625,840.2000122070312,841.7000122070312,474700.0,-1.3131682361863684,-0.046901676938904124,-1.266860738178155,-17.561213299996936,-17.561213299996936,21.30212488922558,0.0,0.08400342596656143,False,False,False
3698,ＣＲＩ・ミドルウェア,2026-09-07,1202.0,1245.0,1245.0,1214.0,1180.0,7000.0,1216.0,1225.0,1202.0,1202.0,6400.0,0.0,1.1647254575707144,-1.1513157894736836,-3.4538152610441797,-3.4538152610441797,3.5773710482529086,0.0,0.9142857142857143,False,False,False
369A,エータイ,2026-09-07,2637.0,2651.0,2651.0,2551.4,2479.52,13260.0,2632.0,2632.0,2630.0,2630.0,1100.0,-0.26545316647705874,-0.18960940462646736,-0.07598784194529085,-0.7921539041870984,-0.7921539041870984,0.798479087452475,0.0,0.08295625942684766,False,False,False
3708,特種東海製紙,2026-09-07,2144.0,2223.0,2223.0,2149.8,2129.0,64460.0,2136.0,2136.0,2129.0,2144.0,45100.0,0.0,-0.3731343283582045,0.3745318352059934,-3.553756185335133,-3.553756185335133,3.6847014925373234,0.0,0.6996587030716723,True,False,False
3710,ジョルダン,2026-09-07,641.0,691.0,691.0,643.0,636.68,4460.0,644.0,644.0,644.0,641.0,3000.0,0.0,0.46801872074881956,-0.46583850931677384,-7.23589001447178,-7.23589001447178,7.800312012480504,0.0,0.672645739910314,False,False,False
3712,情報企画,2026-09-07,1093.0,1106.0,1106.0,1096.6,1024.16,8180.0,1093.0,1093.0,1093.0,1093.0,4800.0,0.0,0.0,0.0,-1.175406871609408,-1.175406871609408,1.1893870082342106,0.0,0.58679706601467,False,False,False
3719,ＡＩストーム,2026-09-07,115.0,148.0,160.0,116.8,124.64,291660.0,115.0,115.0,115.0,115.0,7600.0,0.0,0.0,0.0,-22.297297297297302,-28.125,39.13043478260869,8.108108108108114,0.02605773846259343,False,False,False
3723,日本ファルコム,2026-09-07,2704.0,3045.0,3045.0,2727.8,2797.08,10980.0,2710.0,2710.0,2650.0,2653.0,2100.0,-1.8860946745562157,0.22189349112426981,-2.103321033210337,-12.873563218390805,-12.873563218390805,14.775725593667556,0.0,0.1912568306010929,False,False,False
3726,フォーシーズＨＤ,2026-09-07,402.0,411.0,411.0,402.6,402.56,15320.0,402.0,402.0,401.0,402.0,12900.0,0.0,0.0,0.0,-2.1897810218978075,-2.1897810218978075,2.238805970149249,0.0,0.8420365535248042,False,False,False
3727,アプリックス,2026-09-07,173.0,173.0,173.0,165.4,153.72,80500.0,173.0,173.0,169.0,173.0,111400.0,0.0,0.0,0.0,0.0,0.0,0.0,0.0,1.3838509316770187,False,False,False
372A,レント,2026-09-07,5510.0,5750.0,5750.0,5548.0,5556.4,3800.0,5520.0,5520.0,5510.0,5510.0,3800.0,0.0,0.1814882032667775,-0.18115942028985588,-4.173913043478262,-4.173913043478262,4.355716878402904,0.0,1.0,False,False,False
3733,ソフトウェア・サービス,2026-09-07,12100.0,12810.0,12810.0,12436.0,12003.6,9500.0,12100.0,12100.0,12090.0,12100.0,400.0,0.0,0.0,0.0,-5.5425448868071765,-5.5425448868071765,5.867768595041323,0.0,0.042105263157894736,False,False,False
373A,リップス,2026-09-07,1461.0,1488.0,1497.0,1463.6,1471.56,3460.0,1461.0,1475.0,1461.0,1461.0,6800.0,0.0,0.0,0.0,-1.814516129032262,-2.4048096192384794,2.4640657084188833,0.6048387096774244,1.9653179190751444,False,False,False
3741,セック,2026-09-07,3440.0,3445.0,3445.0,3322.0,3204.2,97180.0,3410.0,3410.0,3340.0,3360.0,7400.0,-2.3255813953488413,-0.8720930232558155,-1.4662756598240456,-2.467343976777936,-2.467343976777936,2.529761904761907,0.0,0.07614735542292653,False,False,False
3744,サイオス,2026-09-07,453.0,470.0,544.0,456.0,468.36,17840.0,454.0,454.0,454.0,453.0,8900.0,0.0,0.22075055187638082,-0.22026431718061845,-3.6170212765957444,-16.727941176470583,20.088300220750543,15.74468085106382,0.49887892376681614,False,False,False
3747,インタートレード,2026-09-07,425.0,498.0,498.0,419.8,425.6,35460.0,422.0,425.0,422.0,425.0,95100.0,0.0,-0.7058823529411784,0.7109004739336511,-14.658634538152615,-14.658634538152615,17.176470588235304,0.0,2.6818950930626055,True,False,False
3750,ＡＤＲ１２０Ｓ,2026-09-07,826.0,853.0,853.0,831.6,793.64,11180.0,836.0,836.0,836.0,826.0,4700.0,0.0,1.2106537530266248,-1.1961722488038284,-3.165298944900352,-3.165298944900352,3.2687651331719136,0.0,0.4203935599284436,False,False,False
3753,フライトソリューションズ,2026-09-07,216.0,265.0,265.0,228.0,227.56,160300.0,217.0,219.0,216.0,218.0,6600.0,0.92592592592593,0.4629629629629539,0.4608294930875667,-17.73584905660377,-17.73584905660377,21.559633027522928,0.0,0.041172800998128506,True,False,False
3758,アエリア,2026-09-07,246.0,256.0,256.0,249.2,245.8,23820.0,246.0,246.0,246.0,246.0,2500.0,0.0,0.0,0.0,-3.90625,-3.90625,4.065040650406515,0.0,0.10495382031905962,False,False,False
3760,ケイブ,2026-09-07,715.0,760.0,820.0,714.6,732.88,10600.0,715.0,715.0,715.0,715.0,10300.0,0.0,0.0,0.0,-5.921052631578949,-12.804878048780488,14.685314685314687,7.8947368421052655,0.9716981132075472,False,False,False
3762,テクマトリックス,2026-09-07,2364.0,2505.0,2505.0,2419.0,2358.96,209620.0,2345.0,2345.0,2332.0,2342.0,7000.0,-0.9306260575296155,-0.8037225042301199,-0.12793176972281106,-6.506986027944118,-6.506986027944118,6.959863364645602,0.0,0.03339376013739147,False,False,False
3763,プロシップ,2026-09-07,2012.0,2520.0,2520.0,2083.8,2128.32,48840.0,2005.0,2005.0,1979.0,2012.0,61100.0,0.0,-0.34791252485089075,0.3491271820448949,-20.158730158730155,-20.158730158730155,25.24850894632207,0.0,1.251023751023751,True,False,False
3765,ガンホー・オンライン・エンターテイメント,2026-09-07,2509.0,2695.0,2695.0,2556.4,2457.92,408340.0,2529.0,2554.0,2512.0,2512.0,17900.0,0.11956954962135669,0.7971303308090816,-0.6722024515618874,-6.79035250463822,-6.79035250463822,7.2850318471337605,0.0,0.04383601900377137,False,False,False
3766,システムズ・デザイン,2026-09-07,1439.0,1439.0,1445.0,1420.8,1418.92,1360.0,1438.0,1439.0,1438.0,1439.0,1100.0,0.0,-0.06949270326616075,0.06954102920724292,0.0,-0.41522491349480495,0.4169562195969423,0.4169562195969423,0.8088235294117647,True,False,False
3768,リスクモンスター,2026-09-07,558.0,590.0,590.0,561.6,560.92,1480.0,556.0,556.0,556.0,558.0,2200.0,0.0,-0.35842293906810374,0.3597122302158251,-5.423728813559325,-5.423728813559325,5.7347670250896154,0.0,1.4864864864864864,True,False,False
3769,ＧＭＯペイメントゲートウェイ,2026-09-07,8750.0,10455.0,10455.0,8934.2,9494.68,360640.0,8660.0,8674.0,8600.0,8619.0,24300.0,-1.4971428571428524,-1.0285714285714231,-0.4734411085450363,-17.560975609756103,-17.560975609756103,21.301775147928993,0.0,0.06738021295474711,False,False,False
3771,システムリサーチ,2026-09-07,1875.0,2000.0,2000.0,1905.0,1890.96,88660.0,1873.0,1875.0,1865.0,1872.0,19000.0,-0.16000000000000458,-0.10666666666666602,-0.05339028296850179,-6.399999999999995,-6.399999999999995,6.8376068376068355,0.0,0.214301827205053,False,False,False
3772,ウェルス・マネジメント,2026-09-07,1103.0,1111.0,1111.0,1100.0,1079.44,18180.0,1100.0,1102.0,1100.0,1103.0,20400.0,0.0,-0.27198549410698547,0.27272727272726893,-0.7200720072007227,-0.7200720072007227,0.7252946509519465,0.0,1.1221122112211221,True,False,False
3773,アドバンスト・メディア,2026-09-07,1043.0,1139.0,1139.0,1057.4,1060.16,32320.0,1046.0,1046.0,1030.0,1043.0,38600.0,0.0,0.2876318312559967,-0.2868068833651982,-8.428446005267777,-8.428446005267777,9.20421860019176,0.0,1.1943069306930694,False,False,False
3774,インターネットイニシアティブ,2026-09-07,3217.0,3577.0,3650.0,3281.4,3412.6,461360.0,3178.0,3209.0,3174.0,3200.0,25300.0,-0.5284426484302163,-1.2123096052222615,0.6922592825676421,-10.539558289069051,-12.328767123287676,14.0625,2.0408163265306145,0.05483787064331542,True,False,False
3776,ブロードバンドタワー,2026-09-07,248.0,257.0,259.0,248.0,247.88,150160.0,249.0,249.0,242.0,243.0,70300.0,-2.0161290322580627,0.40322580645162365,-2.409638554216864,-5.447470817120625,-6.177606177606176,6.584362139917688,0.7782101167315147,0.4681672882258924,False,False,False
3777,環境フレンドリーホールディングス,2026-09-07,47.0,50.0,50.0,47.2,46.8,483480.0,46.0,46.0,46.0,46.0,31800.0,-2.127659574468088,-2.127659574468088,0.0,-7.9999999999999964,-7.9999999999999964,8.695652173913038,0.0,0.06577314470091834,False,False,False
3778,さくらインターネット,2026-09-07,3630.0,4350.0,4350.0,3630.0,3620.2,635640.0,3605.0,3650.0,3560.0,3640.0,68500.0,0.2754820936639035,-0.688705234159781,0.9708737864077666,-16.321839080459768,-16.321839080459768,19.505494505494504,0.0,0.10776540179976087,True,False,False
3779,ジェイ・エスコムホールディングス,2026-09-07,130.0,134.0,136.0,129.6,130.92,26520.0,130.0,131.0,130.0,131.0,1700.0,0.7692307692307665,0.0,0.7692307692307665,-2.238805970149249,-3.676470588235292,3.8167938931297662,1.4925373134328401,0.0641025641025641,True,False,False
3787,テクノマセマティカル,2026-09-07,365.0,400.0,400.0,372.6,320.32,13320.0,358.0,358.0,358.0,365.0,13000.0,0.0,-1.9178082191780854,1.9553072625698276,-8.750000000000002,-8.750000000000002,9.589041095890405,0.0,0.975975975975976,True,False,False
3788,ＧＭＯグローバルサイン・ホールディングス,2026-09-07,1976.0,2401.0,2401.0,1999.8,2150.4,30200.0,1965.0,1965.0,1949.0,1976.0,26700.0,0.0,-0.5566801619433237,0.5597964376590436,-17.700957934194083,-17.700957934194083,21.508097165991913,0.0,0.8841059602649006,True,False,False
378A,ヒット,2026-09-07,944.0,1219.0,1219.0,954.6,1035.52,123000.0,938.0,938.0,933.0,933.0,5100.0,-1.165254237288138,-0.6355932203389814,-0.5330490405117239,-23.461853978671044,-23.461853978671044,30.65380493033225,0.0,0.041463414634146344,False,False,False
3791,ＩＧポート,2026-09-07,1034.0,1147.0,1147.0,1050.0,1098.08,71800.0,1032.0,1034.0,1032.0,1034.0,94800.0,0.0,-0.19342359767892114,0.19379844961240345,-9.85178727114211,-9.85178727114211,10.928433268858795,0.0,1.3203342618384402,True,False,False
3793,ドリコム,2026-09-07,486.0,533.0,533.0,505.2,479.12,167600.0,485.0,491.0,482.0,490.0,10800.0,0.8230452674897082,-0.2057613168724326,1.0309278350515427,-8.067542213883684,-8.067542213883684,8.775510204081627,0.0,0.06443914081145585,True,False,False
3796,いい生活,2026-09-07,338.0,344.0,344.0,329.6,306.72,39420.0,338.0,340.0,338.0,340.0,5700.0,0.591715976331364,0.0,0.591715976331364,-1.1627906976744207,-1.1627906976744207,1.17647058823529,0.0,0.1445966514459665,True,False,False
3798,ＵＬＳグループ,2026-09-07,540.0,571.0,591.0,536.4,539.08,240700.0,545.0,545.0,536.0,536.0,19100.0,-0.7407407407407418,0.92592592592593,-1.6513761467889854,-6.129597197898429,-9.306260575296111,10.261194029850751,3.5026269702276736,0.0793518903199003,False,False,False
3799,キーウェアソリューションズ,2026-09-07,1127.0,1178.0,1178.0,1134.4,1126.84,4660.0,1132.0,1132.0,1132.0,1127.0,2900.0,0.0,0.4436557231588312,-0.4416961130742081,-4.329371816638372,-4.329371816638372,4.52528837622006,0.0,0.6223175965665236,False,False,False
3800,ユニリタ,2026-09-07,1967.0,2045.0,2045.0,1970.0,1971.24,3140.0,1965.0,1965.0,1965.0,1965.0,100.0,-0.10167768174885738,-0.10167768174885738,0.0,-3.9119804400977953,-3.9119804400977953,4.071246819338414,0.0,0.03184713375796178,False,False,False
3802,エコミック,2026-09-07,503.0,508.0,508.0,502.0,496.72,1280.0,505.0,505.0,505.0,503.0,1700.0,0.0,0.3976143141153132,-0.3960396039603964,-0.9842519685039353,-0.9842519685039353,0.994035785288272,0.0,1.328125,False,False,False
3803,イメージ情報開発,2026-09-07,628.0,628.0,628.0,611.8,559.76,19040.0,609.0,628.0,609.0,628.0,13300.0,0.0,-3.0254777070063743,3.1198686371100237,0.0,0.0,0.0,0.0,0.6985294117647058,True,False,False
3804,システム　ディ,2026-09-07,475.0,475.0,475.0,470.8,453.64,5900.0,480.0,480.0,480.0,475.0,5400.0,0.0,1.0526315789473717,-1.041666666666663,0.0,0.0,0.0,0.0,0.9152542372881356,False,False,False
3807,フィスコ,2026-09-07,87.0,93.0,93.0,86.8,86.96,345820.0,87.0,88.0,87.0,87.0,579700.0,0.0,0.0,0.0,-6.451612903225811,-6.451612903225811,6.896551724137923,0.0,1.6763055925047712,False,False,False
3810,サイバーステップホールディングス,2026-09-07,173.0,260.0,260.0,174.8,196.32,808540.0,171.0,174.0,170.0,174.0,89700.0,0.5780346820809301,-1.1560693641618491,1.7543859649122862,-33.07692307692308,-33.07692307692308,49.42528735632183,0.0,0.11094070794271155,True,False,False
3815,メディア工房,2026-09-07,430.0,466.0,466.0,428.8,448.08,11960.0,430.0,430.0,430.0,430.0,10700.0,0.0,0.0,0.0,-7.725321888412018,-7.725321888412018,8.372093023255811,0.0,0.8946488294314381,False,False,False
3816,大和コンピューター,2026-09-07,1120.0,1168.0,1168.0,1141.2,1129.44,1900.0,1119.0,1128.0,1096.0,1120.0,6100.0,0.0,-0.08928571428571397,0.08936550491509543,-4.109589041095896,-4.109589041095896,4.285714285714293,0.0,3.210526315789474,True,False,False
3817,ＳＲＡホールディングス,2026-09-07,4825.0,5020.0,5020.0,4869.0,4834.2,33080.0,4815.0,4815.0,4770.0,4825.0,32500.0,0.0,-0.2072538860103612,0.20768431983384517,-3.884462151394419,-3.884462151394419,4.0414507772020825,0.0,0.9824667472793228,True,False,False
3823,ＴＨＥ　ＷＨＹ　ＨＯＷ　ＤＯ　ＣＯＭＰＡＮＹ,2026-09-07,32.0,32.0,34.0,31.6,30.92,180680.0,31.0,31.0,31.0,31.0,107600.0,-3.125,-3.125,0.0,-3.125,-8.823529411764708,9.677419354838701,6.25,0.595528005313261,False,False,False
3825,リミックスポイント,2026-09-07,234.0,270.0,270.0,233.6,223.36,2039920.0,230.0,230.0,225.0,227.0,303500.0,-2.991452991452992,-1.7094017094017144,-1.30434782608696,-15.92592592592592,-15.92592592592592,18.94273127753303,0.0,0.14878034432722853,False,False,False
3826,システムインテグレータ,2026-09-07,496.0,509.0,513.0,496.8,492.0,9940.0,494.0,494.0,494.0,496.0,6200.0,0.0,-0.40322580645161255,0.4048582995951344,-2.5540275049115935,-3.3138401559454245,3.427419354838701,0.7858546168958647,0.6237424547283702,True,False,False
3834,朝日ネット,2026-09-07,609.0,630.0,653.0,614.0,621.0,54340.0,608.0,611.0,605.0,606.0,8600.0,-0.49261083743842304,-0.16420361247947435,-0.3289473684210509,-3.809523809523807,-7.197549770290967,7.755775577557755,3.65079365079366,0.15826278984173722,False,False,False
3835,ｅＢＡＳＥ,2026-09-07,430.0,443.0,443.0,436.8,429.72,67380.0,429.0,429.0,427.0,427.0,5600.0,-0.6976744186046546,-0.23255813953488857,-0.4662004662004615,-3.6117381489842004,-3.6117381489842004,3.74707259953162,0.0,0.08311071534579995,False,False,False
3836,アバントグループ,2026-09-07,1196.0,1230.0,1329.0,1196.4,1188.28,80120.0,1182.0,1197.0,1180.0,1191.0,6300.0,-0.4180602006689016,-1.170568561872909,0.761421319796951,-3.170731707317076,-10.383747178329571,11.586901763224189,8.048780487804885,0.07863205192211682,True,False,False
3837,アドソル日進,2026-09-07,1371.0,1544.0,1547.0,1375.2,1452.64,115020.0,1372.0,1377.0,1361.0,1367.0,8800.0,-0.29175784099197966,0.07293946024800047,-0.36443148688046767,-11.463730569948183,-11.635423400129286,13.167520117044628,0.19430051813471572,0.07650843331594505,False,False,False
3839,ＯＤＫソリューションズ,2026-09-07,639.0,647.0,647.0,642.4,637.96,4180.0,635.0,635.0,635.0,639.0,8200.0,0.0,-0.6259780907668211,0.6299212598425141,-1.2364760432766575,-1.2364760432766575,1.2519561815336422,0.0,1.9617224880382775,True,False,False
3840,パス,2026-09-07,62.0,63.0,63.0,60.0,57.44,155340.0,61.0,61.0,60.0,62.0,166800.0,0.0,-1.6129032258064502,1.6393442622950838,-1.5873015873015928,-1.5873015873015928,1.6129032258064502,0.0,1.0737736577829278,True,False,False
3841,ジーダット,2026-09-07,1385.0,1430.0,1430.0,1394.0,1316.6,4180.0,1370.0,1370.0,1370.0,1385.0,1200.0,0.0,-1.0830324909747335,1.0948905109489093,-3.1468531468531458,-3.1468531468531458,3.2490974729241895,0.0,0.28708133971291866,True,False,False
3842,ネクストジェン,2026-09-07,1059.0,1070.0,1070.0,1049.8,1031.72,2580.0,1050.0,1059.0,1050.0,1059.0,2200.0,0.0,-0.8498583569405138,0.8571428571428674,-1.0280373831775713,-1.0280373831775713,1.0387157695939564,0.0,0.8527131782945736,True,False,False
3843,フリービット,2026-09-07,1693.0,1820.0,1820.0,1730.0,1695.68,34180.0,1680.0,1680.0,1673.0,1693.0,32800.0,0.0,-0.7678676904902537,0.7738095238095211,-6.978021978021975,-6.978021978021975,7.501476668635565,0.0,0.9596255119953189,True,False,False
3844,コムチュア,2026-09-07,1301.0,1483.0,1483.0,1328.0,1382.28,203960.0,1288.0,1295.0,1281.0,1294.0,48000.0,-0.5380476556494984,-0.9992313604919256,0.46583850931676274,-12.744436952124072,-12.744436952124072,14.60587326120557,0.0,0.2353402627966268,True,False,False
3845,アイフリークモバイル,2026-09-07,292.0,314.0,314.0,292.6,261.04,111960.0,292.0,294.0,292.0,292.0,57400.0,0.0,0.0,0.0,-7.006369426751591,-7.006369426751591,7.534246575342474,0.0,0.5126831011075385,False,False,False
3848,データ・アプリケーション,2026-09-07,843.0,860.0,860.0,847.0,837.72,2480.0,848.0,850.0,843.0,843.0,1400.0,0.0,0.5931198102016699,-0.5896226415094352,-1.9767441860465085,-1.9767441860465085,2.016607354685651,0.0,0.5645161290322581,False,False,False
3850,エヌ・ティ・ティ・データ・イントラマート,2026-09-07,3825.0,3895.0,3895.0,3818.0,3449.4,62200.0,3755.0,3755.0,3650.0,3670.0,6800.0,-4.052287581699343,-1.8300653594771288,-2.26364846870839,-5.776636713735561,-5.776636713735561,6.130790190735702,0.0,0.10932475884244373,False,False,False
3851,日本一ソフトウェア,2026-09-07,1485.0,1547.0,1547.0,1420.6,1228.68,321800.0,1515.0,1534.0,1471.0,1525.0,42900.0,2.6936026936027035,2.020202020202011,0.660066006600668,-1.4221073044602406,-1.4221073044602406,1.442622950819672,0.0,0.13331261653200746,True,False,False
3853,アステリア,2026-09-07,1126.0,1309.0,1309.0,1133.6,1142.68,140440.0,1121.0,1121.0,1107.0,1114.0,16800.0,-1.0657193605683846,-0.4440497335701621,-0.6244424620874267,-14.896867838044303,-14.896867838044303,17.504488330341104,0.0,0.11962403873540302,False,False,False
3854,アイル,2026-09-07,2336.0,2550.0,2550.0,2435.4,2380.16,119900.0,2186.0,2210.0,2162.0,2165.0,81200.0,-7.320205479452058,-6.421232876712324,-0.9606587374199504,-15.098039215686276,-15.098039215686276,17.782909930715938,0.0,0.677231025854879,False,False,False
3856,Ａｂａｌａｎｃｅ,2026-09-07,196.0,540.0,540.0,239.0,328.92,1029600.0,196.0,196.0,189.0,193.0,33200.0,-1.5306122448979553,0.0,-1.5306122448979553,-64.25925925925927,-64.25925925925927,179.79274611398966,0.0,0.03224553224553225,False,False,False
3858,ユビキタスＡＩ,2026-09-07,300.0,305.0,305.0,300.8,296.36,21900.0,299.0,299.0,299.0,300.0,24300.0,0.0,-0.33333333333332993,0.33444816053511683,-1.6393442622950838,-1.6393442622950838,1.6666666666666607,0.0,1.1095890410958904,True,False,False
3861,王子ホールディングス,2026-09-07,873.9000244140625,892.2999877929688,898.2000122070312,877.0,872.767998046875,3708440.0,870.0,870.0999755859375,864.0,864.5999755859375,264400.0,-1.0642005456357073,-0.44627809876506275,-0.6206924613864961,-3.104338516864147,-3.7408189895848154,3.886194491079298,0.6612153417883349,0.07129682561939792,False,False,False
3863,日本製紙,2026-09-07,1292.0,1441.0,1540.0,1328.2,1365.88,568400.0,1291.0,1296.0,1288.0,1289.0,53800.0,-0.23219814241486336,-0.07739938080495445,-0.15491866769945517,-10.548230395558644,-16.298701298701303,19.472459270752516,6.870229007633588,0.09465165376495425,False,False,False
3864,三菱製紙,2026-09-07,1186.0,1233.0,1233.0,1188.0,1170.28,165940.0,1186.0,1186.0,1168.0,1168.0,5300.0,-1.5177065767284947,0.0,-1.5177065767284947,-5.271695052716952,-5.271695052716952,5.565068493150682,0.0,0.03193925515246475,False,False,False
3865,北越コーポレーション,2026-09-07,890.0,958.0,958.0,900.6,908.44,171420.0,890.0,890.0,886.0,890.0,143200.0,0.0,0.0,0.0,-7.098121085594988,-7.098121085594988,7.640449438202257,0.0,0.8353751020884378,False,False,False
386A,みのや,2026-09-07,1251.0,1288.0,1289.0,1253.0,1265.68,3020.0,1255.0,1255.0,1251.0,1251.0,900.0,0.0,0.3197442046362964,-0.3187250996015911,-2.8726708074534146,-2.948021722265326,3.03756994404476,0.07763975155279379,0.2980132450331126,False,False,False
3877,中越パルプ工業,2026-09-07,2207.0,2280.0,2280.0,2215.8,2206.16,46200.0,2202.0,2202.0,2194.0,2194.0,9200.0,-0.5890348889895813,-0.22655188038060992,-0.36330608537693543,-3.771929824561404,-3.771929824561404,3.919781221513219,0.0,0.19913419913419914,False,False,False
3878,巴川コーポレーション,2026-09-07,868.0,935.0,935.0,863.0,872.04,29920.0,865.0,865.0,859.0,859.0,600.0,-1.0368663594470084,-0.3456221198156695,-0.6936416184971095,-8.128342245989305,-8.128342245989305,8.847497089639123,0.0,0.020053475935828877,False,False,False
387A,フラー,2026-09-07,915.0,1050.0,1077.0,923.6,946.56,2640.0,919.0,919.0,915.0,915.0,2300.0,0.0,0.43715846994536456,-0.43525571273123065,-12.857142857142856,-15.041782729805009,17.704918032786885,2.57142857142858,0.8712121212121212,False,False,False
3880,大王製紙,2026-09-07,952.0,1001.0,1019.0,968.6,975.48,220700.0,950.0,950.0,945.0,948.0,38800.0,-0.42016806722688926,-0.21008403361344463,-0.21052631578947212,-5.2947052947052935,-6.967615309126596,7.489451476793252,1.798201798201804,0.17580425917535117,False,False,False
3891,ニッポン高度紙工業,2026-09-07,6880.0,7750.0,7750.0,6526.0,6745.6,119860.0,6740.0,6740.0,6590.0,6630.0,12600.0,-3.6337209302325535,-2.034883720930236,-1.6320474777448024,-14.451612903225808,-14.451612903225808,16.892911010558077,0.0,0.10512264308359753,False,False,False
3892,岡山製紙,2026-09-07,1590.0,1616.0,1634.0,1596.8,1571.72,2720.0,1598.0,1598.0,1589.0,1589.0,400.0,-0.06289308176100628,0.5031446540880502,-0.563204005006257,-1.6707920792079167,-2.7539779681762577,2.8319697923222087,1.1138613861386037,0.14705882352941177,False,False,False
3895,ハビックス,2026-09-07,489.0,569.0,569.0,479.6,468.68,24640.0,488.0,488.0,488.0,488.0,700.0,-0.2044989775051076,-0.2044989775051076,0.0,-14.23550087873462,-14.23550087873462,16.5983606557377,0.0,0.028409090909090908,False,False,False
3896,阿波製紙,2026-09-07,407.0,429.0,429.0,407.4,397.28,11640.0,410.0,410.0,408.0,408.0,700.0,0.24570024570025328,0.7371007371007376,-0.4878048780487809,-4.895104895104896,-4.895104895104896,5.147058823529416,0.0,0.06013745704467354,False,False,False
3900,クラウドワークス,2026-09-07,652.0,709.0,750.0,656.6,682.96,81740.0,646.0,647.0,641.0,647.0,4000.0,-0.7668711656441674,-0.9202453987730008,0.1547987616099089,-8.74471086036671,-13.73333333333333,15.919629057187024,5.782792665726366,0.048935649620748714,True,False,False
3901,マークラインズ,2026-09-07,1510.0,1643.0,1643.0,1515.4,1525.44,80060.0,1510.0,1530.0,1502.0,1524.0,8700.0,0.9271523178807861,0.0,0.9271523178807861,-7.242848447961048,-7.242848447961048,7.8083989501312345,0.0,0.10866849862603048,True,False,False
3903,ｇｕｍｉ,2026-09-07,270.0,291.0,291.0,276.6,269.32,501180.0,268.0,268.0,264.0,268.0,58000.0,-0.7407407407407418,-0.7407407407407418,0.0,-7.903780068728528,-7.903780068728528,8.582089552238802,0.0,0.11572688455245621,False,False,False
3904,カヤック,2026-09-07,430.0,439.0,439.0,430.4,424.32,6980.0,430.0,430.0,430.0,430.0,400.0,0.0,0.0,0.0,-2.050113895216399,-2.050113895216399,2.0930232558139528,0.0,0.05730659025787966,False,False,False
3905,データセクション,2026-09-07,1577.0,1997.0,2407.0,1573.6,1766.52,2574600.0,1565.0,1569.0,1546.0,1560.0,142500.0,-1.0779961953075512,-0.7609384908053296,-0.31948881789137795,-21.882824236354537,-35.189031990029086,54.2948717948718,20.530796194291433,0.0553484036355162,False,False,False
3907,シリコンスタジオ,2026-09-07,2076.0,2988.0,2988.0,2139.6,1790.08,621020.0,2038.0,2130.0,2035.0,2100.0,19900.0,1.1560693641618602,-1.8304431599229232,3.04219823356231,-29.718875502008036,-29.718875502008036,42.285714285714285,0.0,0.032044056552123924,True,False,False
3908,コラボス,2026-09-07,352.0,358.0,358.0,352.2,348.84,3260.0,352.0,352.0,352.0,352.0,200.0,0.0,0.0,0.0,-1.6759776536312887,-1.6759776536312887,1.7045454545454586,0.0,0.06134969325153374,False,False,False
3909,ショーケース,2026-09-07,189.0,209.0,230.0,190.2,195.12,4840.0,189.0,189.0,189.0,189.0,300.0,0.0,0.0,0.0,-9.569377990430628,-17.826086956521735,21.693121693121697,10.047846889952151,0.06198347107438017,False,False,False
3910,エムケイシステム,2026-09-07,286.0,288.0,288.0,283.4,279.84,1680.0,283.0,286.0,282.0,286.0,1800.0,0.0,-1.0489510489510523,1.0600706713780994,-0.694444444444442,-0.694444444444442,0.6993006993007089,0.0,1.0714285714285714,True,False,False
3911,Ａｉｍｉｎｇ,2026-09-07,182.0,186.0,216.0,184.4,177.64,94580.0,182.0,182.0,180.0,181.0,25800.0,-0.5494505494505475,0.0,-0.5494505494505475,-2.6881720430107503,-16.20370370370371,19.33701657458564,16.129032258064523,0.27278494396278286,False,False,False
3912,モバイルファクトリー,2026-09-07,1127.0,1144.0,1144.0,1129.6,1118.24,3360.0,1138.0,1138.0,1125.0,1127.0,3900.0,0.0,0.976042590949433,-0.9666080843585223,-1.4860139860139898,-1.4860139860139898,1.5084294587400127,0.0,1.1607142857142858,False,False,False
3913,ＧｒｅｅｎＢｅｅ,2026-09-07,1093.0,1200.0,1200.0,1105.6,1101.08,5640.0,1083.0,1109.0,1083.0,1093.0,2000.0,0.0,-0.9149130832570851,0.9233610341643494,-8.91666666666666,-8.91666666666666,9.789569990850877,0.0,0.3546099290780142,True,False,False
3914,ＪＩＧ－ＳＡＷ,2026-09-07,2383.0,2420.0,2543.0,2357.8,2347.72,12420.0,2398.0,2401.0,2357.0,2383.0,12900.0,0.0,0.629458665547622,-0.6255212677231059,-1.528925619834709,-6.291781360597715,6.714225765841375,5.0826446280991755,1.038647342995169,False,False,False
3915,テラスカイ,2026-09-07,2370.0,2510.0,2510.0,2409.6,2331.84,130140.0,2346.0,2350.0,2329.0,2345.0,9800.0,-1.0548523206751037,-1.0126582278481067,-0.04262574595055302,-6.573705179282873,-6.573705179282873,7.036247334754808,0.0,0.07530351928692178,False,False,False
3916,デジタル・インフォメーション・テクノロジー,2026-09-07,937.0,997.0,997.0,950.2,953.12,83120.0,932.0,936.0,924.0,931.0,21200.0,-0.6403415154749181,-0.5336179295624355,-0.10729613733905241,-6.619859578736209,-6.619859578736209,7.08915145005371,0.0,0.2550529355149182,False,False,False
3917,アイリッジ,2026-09-07,468.0,498.0,505.0,455.2,471.08,12240.0,453.0,481.0,453.0,468.0,28300.0,0.0,-3.205128205128205,3.31125827814569,-6.024096385542165,-7.326732673267323,7.9059829059829,1.4056224899598346,2.3120915032679736,True,False,False
3918,ＰＣＩホールディングス,2026-09-07,1183.0,1244.0,1244.0,1198.4,1184.24,10980.0,1177.0,1177.0,1176.0,1176.0,700.0,-0.591715976331364,-0.5071851225697421,-0.0849617672047609,-5.466237942122188,-5.466237942122188,5.782312925170063,0.0,0.06375227686703097,False,False,False
3920,アイビーシー,2026-09-07,999.0,1000.0,1000.0,990.6,985.48,1620.0,997.0,1000.0,995.0,999.0,1800.0,0.0,-0.2002002002001957,0.20060180541625616,-0.10000000000000009,-0.10000000000000009,0.10010010010010895,0.0,1.1111111111111112,True,False,False
3921,ネオジャパン,2026-09-07,1610.0,1696.0,1712.0,1628.4,1615.52,11540.0,1602.0,1602.0,1602.0,1602.0,500.0,-0.4968944099378869,-0.4968944099378869,0.0,-5.542452830188682,-6.4252336448598175,6.866416978776524,0.9433962264151052,0.043327556325823226,False,False,False
3922,ＰＲ　ＴＩＭＥＳ,2026-09-07,2164.0,2269.0,2269.0,2145.0,2125.12,39060.0,2162.0,2167.0,2151.0,2151.0,1900.0,-0.600739371534198,-0.09242144177449285,-0.5087881591119281,-5.200528867342447,-5.200528867342447,5.4858205485820655,0.0,0.04864311315924219,False,False,False
3923,ラクス,2026-09-07,1043.5,1209.0,1209.0,1100.1,1097.7,1732900.0,1040.0,1049.5,1035.0,1044.0,193500.0,0.04791566842357042,-0.33540967896502627,0.38461538461538325,-13.64764267990074,-13.64764267990074,15.804597701149415,0.0,0.11166253101736973,True,False,False
3925,ダブルスタンダード,2026-09-07,1299.0,1398.0,1398.0,1323.2,1315.88,53600.0,1300.0,1301.0,1292.0,1301.0,7600.0,0.15396458814471714,0.07698229407235857,0.07692307692308553,-6.938483547925611,-6.938483547925611,7.45580322828594,0.0,0.1417910447761194,True,False,False
3926,オープンドア,2026-09-07,398.0,437.0,437.0,396.4,405.16,37240.0,419.0,419.0,413.0,414.0,7400.0,4.020100502512558,5.276381909547734,-1.1933174224343701,-5.263157894736848,-5.263157894736848,5.555555555555558,0.0,0.19871106337271752,False,False,False
3927,フーバーブレイン,2026-09-07,872.0,1018.0,1018.0,878.0,927.52,30200.0,867.0,867.0,867.0,867.0,200.0,-0.5733944954128489,-0.5733944954128489,0.0,-14.833005893909624,-14.833005893909624,17.416378316032286,0.0,0.006622516556291391,False,False,False
3928,マイネット,2026-09-07,236.0,267.0,267.0,235.8,238.4,8100.0,236.0,237.0,236.0,236.0,1300.0,0.0,0.0,0.0,-11.610486891385763,-11.610486891385763,13.135593220338993,0.0,0.16049382716049382,False,False,False
3929,ソーシャルワイヤー,2026-09-07,241.0,288.0,288.0,240.0,245.8,11520.0,242.0,242.0,242.0,242.0,2000.0,0.4149377593360981,0.4149377593360981,0.0,-15.972222222222221,-15.972222222222221,19.00826446280992,0.0,0.1736111111111111,False,False,False
3930,はてな,2026-09-07,778.0,789.0,1140.0,771.0,756.6,8800.0,778.0,785.0,777.0,785.0,8400.0,0.8997429305912519,0.0,0.8997429305912519,-0.5069708491761693,-31.14035087719298,45.222929936305725,44.486692015209115,0.9545454545454546,True,False,False
3931,バリューゴルフ,2026-09-07,1511.0,1543.0,1885.0,1510.6,1501.6,1520.0,1505.0,1505.0,1505.0,1505.0,100.0,-0.397088021178027,-0.397088021178027,0.0,-2.4627349319507497,-20.15915119363395,25.249169435215958,22.164614387556703,0.06578947368421052,False,False,False
3932,アカツキ,2026-09-07,3550.0,4025.0,4025.0,3746.0,3517.8,110800.0,3565.0,3565.0,3515.0,3520.0,4100.0,-0.8450704225352101,0.42253521126760507,-1.2622720897615736,-12.54658385093168,-12.54658385093168,14.346590909090917,0.0,0.03700361010830325,False,False,False
3933,チエル,2026-09-07,552.0,602.0,602.0,557.2,539.12,2760.0,556.0,556.0,556.0,556.0,200.0,0.7246376811594235,0.7246376811594235,0.0,-7.641196013289031,-7.641196013289031,8.273381294964022,0.0,0.07246376811594203,False,False,False
3934,ベネフィットジャパン,2026-09-07,2280.0,2497.0,2497.0,2286.4,2280.96,860.0,2280.0,2280.0,2280.0,2280.0,600.0,0.0,0.0,0.0,-8.690428514217064,-8.690428514217064,9.517543859649113,0.0,0.6976744186046512,False,False,False
3935,エディア,2026-09-07,713.0,734.0,734.0,716.0,687.48,32240.0,703.0,704.0,700.0,704.0,10000.0,-1.2622720897615736,-1.4025245441795287,0.14224751066855834,-4.087193460490468,-4.087193460490468,4.2613636363636465,0.0,0.31017369727047145,True,False,False
3936,グローバルウェイ,2026-09-07,140.0,206.0,206.0,140.6,155.64,539700.0,139.0,140.0,139.0,140.0,39400.0,0.0,-0.7142857142857117,0.7194244604316502,-32.03883495145631,-32.03883495145631,47.14285714285715,0.0,0.0730035204743376,True,False,False
3937,Ｕｂｉｃｏｍホールディングス,2026-09-07,1170.0,1314.0,1314.0,1207.2,1166.52,53080.0,1170.0,1170.0,1157.0,1161.0,4000.0,-0.7692307692307665,0.0,-0.7692307692307665,-11.64383561643836,-11.64383561643836,13.178294573643413,0.0,0.07535795026375283,False,False,False
3939,カナミックネットワーク,2026-09-07,491.0,546.0,546.0,501.4,518.08,156040.0,492.0,492.0,487.0,488.0,22000.0,-0.6109979633401208,0.20366598778003286,-0.8130081300813052,-10.622710622710619,-10.622710622710619,11.885245901639351,0.0,0.1409894898743912,False,False,False
3940,ノムラシステムコーポレーション,2026-09-07,130.0,132.0,132.0,129.4,126.08,244880.0,130.0,130.0,130.0,130.0,87800.0,0.0,0.0,0.0,-1.5151515151515138,-1.5151515151515138,1.538461538461533,0.0,0.35854295981705325,False,False,False
3941,レンゴー,2026-09-07,1557.0,1645.0,1665.0,1587.9,1582.36,822640.0,1550.0,1550.5,1524.0,1528.0,113600.0,-1.8625561978163119,-0.4495825305073864,-1.4193548387096744,-7.112462006079023,-8.228228228228229,8.96596858638743,1.2158054711246091,0.13809199649907614,False,False,False
3943,大石産業,2026-09-07,1326.0,1353.0,1353.0,1320.8,1320.24,3000.0,1326.0,1326.0,1325.0,1325.0,200.0,-0.07541478129713397,0.0,-0.07541478129713397,-2.0694752402069527,-2.0694752402069527,2.1132075471698153,0.0,0.06666666666666667,False,False,False
3944,古林紙工,2026-09-07,3245.0,3260.0,3260.0,3245.0,3072.76,1220.0,3235.0,3245.0,3235.0,3245.0,700.0,0.0,-0.30816640986132127,0.3091190108191588,-0.4601226993865004,-0.4601226993865004,0.46224961479199855,0.0,0.5737704918032787,True,False,False
3945,スーパーバッグ,2026-09-07,2198.0,2270.0,2380.0,2177.0,2201.24,4220.0,2213.0,2213.0,2213.0,2213.0,400.0,0.6824385805277444,0.6824385805277444,0.0,-2.511013215859026,-7.016806722689073,7.546317216448251,4.8458149779735615,0.0947867298578199,False,False,False
3946,トーモク,2026-09-07,4335.0,4820.0,4820.0,4415.0,4568.8,63920.0,4305.0,4315.0,4285.0,4290.0,6100.0,-1.038062283737029,-0.692041522491349,-0.34843205574912606,-10.995850622406644,-10.995850622406644,12.354312354312347,0.0,0.09543178973717147,False,False,False
3947,ダイナパック,2026-09-07,2497.0,2505.0,2505.0,2488.6,2421.44,2520.0,2495.0,2495.0,2490.0,2490.0,400.0,-0.2803364036844225,-0.08009611533840166,-0.2004008016032066,-0.5988023952095856,-0.5988023952095856,0.6024096385542244,0.0,0.15873015873015872,False,False,False
3948,光ビジネスフォーム,2026-09-07,1175.0,1250.0,1250.0,1174.8,1156.92,1240.0,1175.0,1175.0,1175.0,1175.0,100.0,0.0,0.0,0.0,-6.000000000000005,-6.000000000000005,6.382978723404253,0.0,0.08064516129032258,False,False,False
3950,ザ・パック,2026-09-07,1443.0,1546.0,1546.0,1477.8,1477.84,100580.0,1442.0,1443.0,1427.0,1427.0,4600.0,-1.1088011088011052,-0.06930006930007115,-1.0402219140083213,-7.697283311772319,-7.697283311772319,8.339173090399443,0.0,0.0457347385166037,False,False,False
3951,朝日印刷,2026-09-07,915.0,921.0,921.0,909.2,896.8,29180.0,911.0,911.0,911.0,911.0,700.0,-0.43715846994535346,-0.43715846994535346,0.0,-1.0857763300760048,-1.0857763300760048,1.0976948408342402,0.0,0.023989033584647018,False,False,False
3953,大村紙業,2026-09-07,800.0,809.0,809.0,795.0,794.2,1100.0,800.0,800.0,800.0,800.0,100.0,0.0,0.0,0.0,-1.1124845488257096,-1.1124845488257096,1.1249999999999982,0.0,0.09090909090909091,False,False,False
3954,昭和パックス,2026-09-07,3170.0,3300.0,3300.0,3209.0,3176.8,1020.0,3100.0,3100.0,3100.0,3100.0,200.0,-2.208201892744477,-2.208201892744477,0.0,-6.060606060606055,-6.060606060606055,6.451612903225801,0.0,0.19607843137254902,False,False,False
3955,イムラ,2026-09-07,849.0,855.0,855.0,847.0,843.04,2120.0,849.0,850.0,849.0,850.0,700.0,0.11778563015312216,0.0,0.11778563015312216,-0.5847953216374324,-0.5847953216374324,0.588235294117645,0.0,0.330188679245283,True,False,False
3958,笹徳印刷,2026-09-07,551.0,562.0,562.0,550.6,550.24,14040.0,551.0,551.0,551.0,551.0,100.0,0.0,0.0,0.0,-1.9572953736654797,-1.9572953736654797,1.9963702359346636,0.0,0.007122507122507123,False,False,False
3962,チェンジホールディングス,2026-09-07,991.0,1043.0,1043.0,1007.2,989.48,177340.0,990.0,990.0,984.0,985.0,20400.0,-0.6054490413723523,-0.10090817356205317,-0.5050505050505083,-5.56088207094918,-5.56088207094918,5.888324873096451,0.0,0.11503326942596143,False,False,False
3963,シンクロ・フード,2026-09-07,332.0,379.0,379.0,343.2,349.52,61980.0,330.0,330.0,320.0,325.0,14300.0,-2.108433734939763,-0.6024096385542133,-1.5151515151515138,-14.24802110817942,-14.24802110817942,16.61538461538461,0.0,0.23071958696353662,False,False,False
3964,オークネット,2026-09-07,1354.0,1518.0,1526.0,1359.8,1428.76,909040.0,1352.0,1356.0,1342.0,1345.0,45700.0,-0.6646971935007406,-0.1477104874446078,-0.5177514792899407,-11.396574440052698,-11.861074705111408,13.45724907063197,0.5270092226614009,0.05027281527765555,False,False,False
3965,キャピタル・アセット・プランニング,2026-09-07,899.0,930.0,930.0,903.0,886.56,4800.0,900.0,900.0,899.0,899.0,600.0,0.0,0.11123470522802492,-0.11111111111110628,-3.3333333333333326,-3.3333333333333326,3.4482758620689724,0.0,0.125,False,False,False
3967,エルテス,2026-09-07,564.0,618.0,618.0,567.0,592.8,13640.0,563.0,563.0,563.0,563.0,1100.0,-0.17730496453900457,-0.17730496453900457,0.0,-8.89967637540453,-8.89967637540453,9.769094138543522,0.0,0.08064516129032258,False,False,False
3968,セグエグループ,2026-09-07,636.0,688.0,688.0,638.0,623.36,229920.0,633.0,635.0,632.0,635.0,16100.0,-0.15723270440252124,-0.4716981132075526,0.3159557661927437,-7.703488372093026,-7.703488372093026,8.346456692913385,0.0,0.07002435629784273,True,False,False
3969,エイトレッド,2026-09-07,1405.0,1435.0,1468.0,1402.2,1411.52,4300.0,1410.0,1410.0,1406.0,1406.0,300.0,0.0711743772241924,0.3558718861210064,-0.28368794326241176,-2.020905923344951,-4.223433242506813,4.409672830725464,2.2996515679442497,0.06976744186046512,False,False,False
3970,イノベーション,2026-09-07,847.0,975.0,975.0,851.8,838.52,3340.0,851.0,853.0,847.0,847.0,3900.0,0.0,0.47225501770955525,-0.4700352526439522,-13.128205128205128,-13.128205128205128,15.112160566706013,0.0,1.1676646706586826,False,False,False
3974,ＳＣＡＴ,2026-09-07,673.0,675.0,684.0,670.2,667.72,2020.0,673.0,673.0,673.0,673.0,200.0,0.0,0.0,0.0,-0.2962962962962945,-1.6081871345029253,1.634472511144125,1.333333333333342,0.09900990099009901,False,False,False
3976,シャノン,2026-09-07,589.0,747.0,747.0,612.0,614.32,34300.0,589.0,589.0,572.0,572.0,3700.0,-2.8862478777589184,0.0,-2.8862478777589184,-23.42704149933066,-23.42704149933066,30.594405594405604,0.0,0.10787172011661808,False,False,False
3979,うるる,2026-09-07,435.0,457.0,457.0,443.2,423.04,26640.0,435.0,435.0,435.0,435.0,400.0,0.0,0.0,0.0,-4.81400437636762,-4.81400437636762,5.057471264367819,0.0,0.015015015015015015,False,False,False
3981,ビーグリー,2026-09-07,1232.0,1239.0,1239.0,1231.6,1218.96,1460.0,1236.0,1236.0,1236.0,1236.0,100.0,0.32467532467532756,0.32467532467532756,0.0,-0.2421307506053294,-0.2421307506053294,0.24271844660195274,0.0,0.0684931506849315,False,False,False
3983,オロ,2026-09-07,1964.0,2300.0,2300.0,2034.4,2145.36,49040.0,1956.0,1966.0,1953.0,1954.0,3500.0,-0.5091649694501044,-0.40733197556007683,-0.10224948875255935,-15.04347826086957,-15.04347826086957,17.70726714431934,0.0,0.07137030995106036,False,False,False
3984,ユーザーローカル,2026-09-07,1563.0,1613.0,1880.0,1522.4,1589.84,136460.0,1551.0,1560.0,1545.0,1556.0,12000.0,-0.44785668586052596,-0.7677543186180413,0.3223726627981982,-3.533787972721636,-17.234042553191486,20.822622107969146,16.55300681959082,0.08793785724754506,True,False,False
3985,テモナ,2026-09-07,193.0,195.0,195.0,191.4,184.36,7120.0,191.0,191.0,191.0,191.0,800.0,-1.0362694300518172,-1.0362694300518172,0.0,-2.051282051282055,-2.051282051282055,2.0942408376963373,0.0,0.11235955056179775,False,False,False
3986,ビーブレイクシステムズ,2026-09-07,472.0,499.0,499.0,473.2,483.2,7420.0,474.0,474.0,474.0,474.0,300.0,0.4237288135593209,0.4237288135593209,0.0,-5.010020040080166,-5.010020040080166,5.2742616033755185,0.0,0.04043126684636118,False,False,False
3987,エコモット,2026-09-07,661.0,757.0,757.0,669.8,669.16,33340.0,662.0,662.0,662.0,662.0,1700.0,0.1512859304084735,0.1512859304084735,0.0,-12.54953764861294,-12.54953764861294,14.350453172205446,0.0,0.05098980203959208,False,False,False
3988,ＳＹＳホールディングス,2026-09-07,560.0,577.0,577.0,559.8,556.16,540.0,553.0,553.0,553.0,553.0,200.0,-1.2499999999999956,-1.2499999999999956,0.0,-4.159445407279028,-4.159445407279028,4.33996383363473,0.0,0.37037037037037035,False,False,False
3989,シェアリングテクノロジー,2026-09-07,1520.0,1627.0,1627.0,1525.4,1496.6,170320.0,1505.0,1510.0,1499.0,1502.0,10300.0,-1.1842105263157876,-0.9868421052631526,-0.19933554817275212,-7.682851874615859,-7.682851874615859,8.322237017310252,0.0,0.06047440112728981,False,False,False
3991,ウォンテッドリー,2026-09-07,956.0,1060.0,1060.0,967.2,951.16,2960.0,956.0,956.0,956.0,956.0,100.0,0.0,0.0,0.0,-9.811320754716979,-9.811320754716979,10.878661087866103,0.0,0.033783783783783786,False,False,False
3992,ニーズウェル,2026-09-07,472.0,490.0,490.0,473.0,461.16,48420.0,475.0,475.0,471.0,471.0,4500.0,-0.21186440677966045,0.6355932203389925,-0.8421052631578996,-3.8775510204081653,-3.8775510204081653,4.033970276008492,0.0,0.09293680297397769,False,False,False
3993,ＰＫＳＨＡ　Ｔｅｃｈｎｏｌｏｇｙ,2026-09-07,3130.0,3495.0,3495.0,3168.0,3091.28,257080.0,3090.0,3095.0,3055.0,3090.0,20400.0,-1.2779552715655007,-1.2779552715655007,0.0,-11.587982832618026,-11.587982832618026,13.10679611650485,0.0,0.0793527306674965,False,False,False
3994,マネーフォワード,2026-09-07,6221.0,7050.0,7050.0,6313.0,5978.28,688380.0,6209.0,6251.0,6163.0,6195.0,32700.0,-0.4179392380646241,-0.1928950329529,-0.22547914317925244,-12.127659574468087,-12.127659574468087,13.801452784503642,0.0,0.047502832737732065,False,False,False
3996,サインポスト,2026-09-07,205.0,221.0,221.0,205.2,198.92,42700.0,205.0,205.0,202.0,202.0,10100.0,-1.4634146341463428,0.0,-1.4634146341463428,-8.597285067873306,-8.597285067873306,9.405940594059414,0.0,0.23653395784543327,False,False,False
3997,トレードワークス,2026-09-07,390.0,417.0,425.0,390.0,387.68,103460.0,390.0,392.0,390.0,391.0,6700.0,0.2564102564102555,0.0,0.2564102564102555,-6.235011990407669,-7.9999999999999964,8.695652173913038,1.918465227817756,0.06475932727624202,True,False,False
3998,すららネット,2026-09-07,292.0,313.0,332.0,293.0,299.48,2700.0,292.0,292.0,292.0,292.0,100.0,0.0,0.0,0.0,-6.709265175718848,-12.048192771084343,13.698630136986312,6.070287539936103,0.037037037037037035,False,False,False
4004,レゾナック・ホールディングス,2026-09-07,16580.0,18010.0,18010.0,15802.0,16045.2,1625540.0,16260.0,16325.0,16015.0,16150.0,120100.0,-2.593486127864897,-1.93003618817853,-0.6765067650676526,-10.327595780122156,-10.327595780122156,11.517027863777084,0.0,0.0738831403718149,False,False,False
4005,住友化学,2026-09-07,590.4000244140625,638.7999877929688,638.7999877929688,609.8400024414062,546.0559997558594,19330180.0,588.0,588.0999755859375,581.5,586.9000244140625,875300.0,-0.5928184036702144,-0.4065081834040196,-0.18707067788052978,-8.124603063662972,-8.124603063662972,8.843067169867824,0.0,0.04528152350366112,False,False,False
4008,住友精化,2026-09-07,1491.0,1588.0,1588.0,1497.2,1489.28,183000.0,1476.0,1476.0,1468.0,1472.0,19400.0,-1.2743125419181767,-1.0060362173038184,-0.27100271002710175,-7.304785894206544,-7.304785894206544,7.880434782608692,0.0,0.10601092896174863,False,False,False
4011,ヘッドウォータース,2026-09-07,2568.0,2717.0,2717.0,2439.8,2256.96,84500.0,2528.0,2546.0,2503.0,2536.0,10800.0,-1.2461059190031154,-1.5576323987538943,0.31645569620253333,-6.661759293338243,-6.661759293338243,7.137223974763396,0.0,0.12781065088757396,True,False,False
4012,アクシス,2026-09-07,1737.0,1779.0,1786.0,1741.4,1746.28,2980.0,1738.0,1738.0,1738.0,1738.0,100.0,0.05757052389177009,0.05757052389177009,0.0,-2.3046655424395768,-2.6875699888017968,2.7617951668584606,0.3934794828555299,0.03355704697986577,False,False,False
4013,勤次郎,2026-09-07,654.0,750.0,750.0,657.6,682.04,34800.0,651.0,656.0,651.0,655.0,800.0,0.1529051987767538,-0.4587155963302725,0.6144393241167334,-12.666666666666671,-12.666666666666671,14.50381679389312,0.0,0.022988505747126436,True,False,False
4014,カラダノート,2026-09-07,532.0,537.0,542.0,513.2,506.6,10800.0,525.0,525.0,525.0,525.0,1100.0,-1.3157894736842146,-1.3157894736842146,0.0,-2.2346368715083775,-3.136531365313655,3.23809523809524,0.9310986964618184,0.10185185185185185,False,False,False
4015,ペイクラウドホールディングス,2026-09-07,515.0,570.0,570.0,516.2,540.6,17360.0,508.0,508.0,508.0,508.0,1300.0,-1.3592233009708687,-1.3592233009708687,0.0,-10.87719298245614,-10.87719298245614,12.204724409448819,0.0,0.0748847926267281,False,False,False
4016,ＭＩＴホールディングス,2026-09-07,1048.0,1062.0,1062.0,1049.4,977.88,7060.0,1048.0,1048.0,1048.0,1048.0,100.0,0.0,0.0,0.0,-1.3182674199623379,-1.3182674199623379,1.3358778625954137,0.0,0.014164305949008499,False,False,False
4017,クリーマ,2026-09-07,214.0,222.0,233.0,216.0,214.2,5780.0,215.0,215.0,215.0,215.0,500.0,0.4672897196261738,0.4672897196261738,0.0,-3.1531531531531543,-7.725321888412018,8.372093023255811,4.954954954954949,0.08650519031141868,False,False,False
4019,スタメン,2026-09-07,636.0,704.0,704.0,645.6,642.2,43520.0,637.0,637.0,633.0,633.0,13000.0,-0.4716981132075526,0.15723270440251014,-0.6279434850863463,-10.08522727272727,-10.08522727272727,11.216429699842024,0.0,0.29871323529411764,False,False,False
4020,ビートレンド,2026-09-07,835.0,850.0,850.0,841.4,780.68,1100.0,835.0,841.0,835.0,835.0,400.0,0.0,0.0,0.0,-1.764705882352946,-1.764705882352946,1.7964071856287456,0.0,0.36363636363636365,False,False,False
4021,日産化学,2026-09-07,7954.0,8370.0,8370.0,8028.6,7947.16,446860.0,7820.0,7878.0,7808.0,7878.0,18300.0,-0.95549409102339,-1.6846869499622885,0.7416879795396403,-5.878136200716844,-5.878136200716844,6.245239908606237,0.0,0.04095242357785436,True,False,False
4022,ラサ工業,2026-09-07,2047.0,2573.0,2573.0,1998.0,2164.0,670960.0,2010.0,2022.0,1992.0,2009.0,44000.0,-1.856375183194925,-1.807523204689787,-0.04975124378109319,-21.919937815779246,-21.919937815779246,28.07366849178696,0.0,0.06557767974245857,False,False,False
4023,クレハ,2026-09-07,4495.0,4680.0,4680.0,4588.0,4484.4,249560.0,4495.0,4495.0,4470.0,4470.0,11200.0,-0.5561735261401579,0.0,-0.5561735261401579,-4.487179487179482,-4.487179487179482,4.697986577181212,0.0,0.044878987017150186,False,False,False
4025,多木化学,2026-09-07,5650.0,6380.0,6380.0,5822.0,5815.2,24680.0,5590.0,5670.0,5580.0,5650.0,2000.0,0.0,-1.0619469026548645,1.073345259391778,-11.442006269592476,-11.442006269592476,12.920353982300892,0.0,0.08103727714748785,True,False,False
4026,神島化学工業,2026-09-07,1700.0,1714.0,1714.0,1660.6,1645.56,39440.0,1700.0,1700.0,1676.0,1676.0,5400.0,-1.4117647058823568,0.0,-1.4117647058823568,-2.2170361726954524,-2.2170361726954524,2.2673031026253065,0.0,0.13691683569979715,False,False,False
4027,テイカ,2026-09-07,2480.0,2517.0,2517.0,2440.2,2378.8,71620.0,2468.0,2474.0,2436.0,2436.0,1600.0,-1.774193548387093,-0.4838709677419395,-1.296596434359809,-3.218116805721094,-3.218116805721094,3.325123152709364,0.0,0.02234012845573862,False,False,False
4028,石原産業,2026-09-07,3075.0,3285.0,3285.0,3109.0,3105.64,163280.0,3050.0,3050.0,3005.0,3020.0,13000.0,-1.788617886178867,-0.8130081300813052,-0.983606557377048,-8.066971080669717,-8.066971080669717,8.774834437086088,0.0,0.07961783439490445,False,False,False
402A,アクセルスペースホールディングス,2026-09-07,553.0,567.0,567.0,527.2,520.2,1616180.0,552.0,562.0,541.0,561.0,210700.0,1.4466546112115841,-0.1808318264014508,1.6304347826086918,-1.0582010582010581,-1.0582010582010581,1.0695187165775444,0.0,0.13036914205100916,True,False,False
4031,片倉コープアグリ,2026-09-07,1108.0,1161.0,1161.0,1123.8,1093.2,14440.0,1104.0,1104.0,1104.0,1104.0,300.0,-0.3610108303249149,-0.3610108303249149,0.0,-4.9095607235142165,-4.9095607235142165,5.163043478260865,0.0,0.02077562326869806,False,False,False
4040,南海化学,2026-09-07,3975.0,4065.0,4065.0,3972.0,3806.8,8780.0,3965.0,3965.0,3965.0,3965.0,100.0,-0.2515723270440251,-0.2515723270440251,0.0,-2.4600246002460024,-2.4600246002460024,2.522068095838592,0.0,0.011389521640091117,False,False,False
4041,日本曹達,2026-09-07,3905.0,4095.0,4095.0,3966.0,3935.2,127100.0,3875.0,3890.0,3855.0,3860.0,7400.0,-1.1523687580025643,-0.7682458386683688,-0.3870967741935516,-5.7387057387057405,-5.7387057387057405,6.088082901554404,0.0,0.058221872541306056,False,False,False
4042,東ソー,2026-09-07,2639.5,2790.0,2868.5,2679.1,2683.34,989520.0,2629.5,2629.5,2608.0,2619.5,69100.0,-0.7577192650123132,-0.3788596325061566,-0.38030043734550434,-6.111111111111112,-8.680495032246816,9.505630845581226,2.813620071684597,0.06983183765866278,False,False,False
4043,トクヤマ,2026-09-07,4091.0,4416.0,4649.0,3999.4,4042.12,678700.0,4021.0,4043.0,4011.0,4031.0,34300.0,-1.4666340747983342,-1.711073087264725,0.24869435463814593,-8.718297101449279,-13.293181329318138,15.331183329198716,5.27626811594204,0.050537792839251514,True,False,False
4044,セントラル硝子,2026-09-07,4490.0,4790.0,4790.0,4498.0,4476.8,57720.0,4430.0,4455.0,4415.0,4430.0,6000.0,-1.3363028953229383,-1.3363028953229383,0.0,-7.515657620041749,-7.515657620041749,8.126410835214436,0.0,0.10395010395010396,False,False,False
4045,東亞合成,2026-09-07,1828.0,1908.0,1908.0,1861.4,1858.48,241960.0,1835.0,1849.0,1825.5,1828.0,60500.0,0.0,0.3829321663019636,-0.3814713896457711,-4.192872117400414,-4.192872117400414,4.37636761487965,0.0,0.2500413291453133,False,False,False
4046,大阪ソーダ,2026-09-07,2038.0,2153.0,2153.0,2059.0,2016.28,289160.0,2028.0,2028.0,2017.0,2020.0,11400.0,-0.8832188420019649,-0.4906771344455385,-0.39447731755424265,-6.177426846261036,-6.177426846261036,6.58415841584159,0.0,0.03942454004703278,False,False,False
4047,関東電化工業,2026-09-07,2234.0,2934.0,3080.0,2206.2,2502.88,568200.0,2184.0,2211.0,2135.0,2158.0,94200.0,-3.40196956132498,-2.2381378692927445,-1.1904761904761862,-26.448534423994552,-29.935064935064936,42.72474513438369,4.976141785957733,0.16578669482576558,False,False,False
4051,ＧＭＯフィナンシャルゲート,2026-09-07,5980.0,7060.0,7060.0,6100.0,6547.6,36560.0,5930.0,5980.0,5930.0,5940.0,1500.0,-0.6688963210702337,-0.8361204013377921,0.1686340640809414,-15.864022662889521,-15.864022662889521,18.855218855218858,0.0,0.041028446389496716,True,False,False
4052,フィーチャ,2026-09-07,835.0,999.0,999.0,759.2,590.56,6420780.0,850.0,928.0,837.0,868.0,939900.0,3.952095808383227,1.7964071856287456,2.117647058823535,-13.113113113113117,-13.113113113113117,15.092165898617505,0.0,0.1463840841766888,True,False,False
4053,Ｓｕｎ　Ａｓｔｅｒｉｓｋ,2026-09-07,453.0,478.0,478.0,457.6,458.56,87060.0,450.0,450.0,446.0,450.0,29600.0,-0.6622516556291425,-0.6622516556291425,0.0,-5.857740585774063,-5.857740585774063,6.222222222222218,0.0,0.3399954054674937,False,False,False
4054,日本情報クリエイト,2026-09-07,524.0,580.0,584.0,522.6,535.72,12520.0,522.0,522.0,521.0,521.0,1100.0,-0.5725190839694694,-0.3816793893129722,-0.19157088122605526,-10.172413793103452,-10.787671232876717,12.092130518234168,0.6896551724137945,0.0878594249201278,False,False,False
4055,ティアンドエスグループ,2026-09-07,1699.0,1746.0,1746.0,1682.2,1606.76,36560.0,1701.0,1701.0,1681.0,1681.0,1300.0,-1.059446733372571,0.11771630370807085,-1.1757789535567276,-3.72279495990836,-3.72279495990836,3.8667459845330265,0.0,0.03555798687089715,False,False,False
4056,ニューラルグループ,2026-09-07,243.0,304.0,304.0,250.4,227.0,3225020.0,249.0,266.0,245.0,246.0,448900.0,1.2345679012345734,2.4691358024691468,-1.2048192771084376,-19.07894736842105,-19.07894736842105,23.57723577235773,0.0,0.13919293523761092,False,False,False
4057,インターファクトリー,2026-09-07,355.0,360.0,360.0,355.4,353.0,5480.0,356.0,356.0,356.0,356.0,100.0,0.28169014084507005,0.28169014084507005,0.0,-1.1111111111111072,-1.1111111111111072,1.1235955056179803,0.0,0.01824817518248175,False,False,False
4058,トヨクモ,2026-09-07,2329.0,2620.0,2620.0,2426.4,2417.12,35080.0,2325.0,2325.0,2290.0,2322.0,5900.0,-0.3005581794761736,-0.17174753112924046,-0.1290322580645209,-11.374045801526723,-11.374045801526723,12.833763996554692,0.0,0.16818700114025084,False,False,False
4059,まぐまぐ,2026-09-07,395.0,422.0,422.0,395.2,402.84,2600.0,396.0,396.0,395.0,395.0,3000.0,0.0,0.25316455696202667,-0.2525252525252486,-6.398104265402848,-6.398104265402848,6.835443037974676,0.0,1.1538461538461537,False,False,False
4060,ｒａｋｕｍｏ,2026-09-07,1218.0,1250.0,1250.0,1222.8,1180.52,6840.0,1229.0,1229.0,1229.0,1229.0,300.0,0.9031198686371145,0.9031198686371145,0.0,-1.6800000000000037,-1.6800000000000037,1.708706265256299,0.0,0.043859649122807015,False,False,False
4061,デンカ,2026-09-07,3282.0,3675.0,3910.0,3279.2,3448.32,644060.0,3269.0,3321.0,3265.0,3312.0,51600.0,0.9140767824497242,-0.39609993906154495,1.315386968491894,-9.87755102040816,-15.294117647058824,18.055555555555557,6.394557823129254,0.080116759308139,True,False,False
4062,イビデン,2026-09-07,22200.0,22515.0,22515.0,20629.0,19868.2,7863340.0,22000.0,22110.0,21645.0,21825.0,618600.0,-1.6891891891891886,-0.9009009009009028,-0.7954545454545436,-3.0646235842771485,-3.0646235842771485,3.16151202749142,0.0,0.07866886081487001,False,False,False
4063,信越化学工業,2026-09-07,5818.0,6508.0,6520.0,5860.2,6079.76,6093080.0,5798.0,5799.0,5759.0,5779.0,689500.0,-0.6703334479202461,-0.34376074252320254,-0.3276992066229778,-11.201598033189919,-11.365030674846622,12.822287593009163,0.18438844499077955,0.11316115987316759,False,False,False
4064,日本カーバイド工業,2026-09-07,3505.0,3610.0,3610.0,3432.0,3391.4,85580.0,3510.0,3510.0,3450.0,3475.0,9900.0,-0.8559201141226769,0.14265335235377208,-0.9971509971509973,-3.7396121883656486,-3.7396121883656486,3.8848920863309377,0.0,0.11568123393316196,False,False,False
4068,ベイシス,2026-09-07,1784.0,1784.0,1784.0,1770.6,1720.92,880.0,1796.0,1796.0,1786.0,1786.0,500.0,0.11210762331839152,0.6726457399103047,-0.5567928730512262,0.11210762331839152,0.11210762331839152,-0.11198208286674616,0.0,0.5681818181818182,False,True,True
4069,ＢｌｕｅＭｅｍｅ,2026-09-07,720.0,750.0,750.0,713.2,675.32,8220.0,714.0,714.0,714.0,714.0,200.0,-0.8333333333333304,-0.8333333333333304,0.0,-4.800000000000004,-4.800000000000004,5.042016806722693,0.0,0.024330900243309004,False,False,False
4071,プラスアルファ・コンサルティング,2026-09-07,2043.0,2405.0,2405.0,2080.4,2208.6,301160.0,2043.0,2043.0,1999.0,2007.0,56100.0,-1.7621145374449365,0.0,-1.7621145374449365,-16.54885654885655,-16.54885654885655,19.830592924763323,0.0,0.1862797184221012,False,False,False
4072,電算システムホールディングス,2026-09-07,3085.0,3180.0,3180.0,3078.0,3047.48,30480.0,3070.0,3080.0,3070.0,3075.0,1000.0,-0.32414910858995505,-0.4862236628849326,0.16286644951140072,-3.301886792452835,-3.301886792452835,3.4146341463414664,0.0,0.03280839895013123,True,False,False
4073,ジィ・シィ企画,2026-09-07,490.0,588.0,729.0,492.2,527.48,10100.0,490.0,490.0,490.0,490.0,600.0,0.0,0.0,0.0,-16.666666666666664,-32.78463648834019,48.77551020408164,23.979591836734706,0.0594059405940594,False,False,False
4074,ラキール,2026-09-07,799.0,956.0,1072.0,800.6,827.56,4300.0,794.0,799.0,783.0,799.0,5900.0,0.0,-0.6257822277847325,0.6297229219143663,-16.422594142259417,-25.46641791044776,34.167709637046315,12.133891213389125,1.372093023255814,True,False,False
4075,ブレインズテクノロジー,2026-09-07,1320.0,2035.0,2035.0,1472.2,1012.36,931880.0,1312.0,1340.0,1273.0,1310.0,30800.0,-0.7575757575757569,-0.60606060606061,-0.1524390243902385,-35.62653562653563,-35.62653562653563,55.343511450381676,0.0,0.03305146585397262,False,False,False
4076,シイエヌエス,2026-09-07,2009.0,2025.0,2025.0,2013.2,1947.68,1240.0,2015.0,2015.0,2015.0,2015.0,100.0,0.298656047784962,0.298656047784962,0.0,-0.4938271604938316,-0.4938271604938316,0.496277915632759,0.0,0.08064516129032258,False,False,False
4078,堺化学工業,2026-09-07,3860.0,4180.0,4405.0,3853.0,3964.4,200000.0,3840.0,3840.0,3755.0,3765.0,24500.0,-2.4611398963730546,-0.5181347150259086,-1.953125,-9.928229665071775,-14.52894438138479,16.998671978751666,5.382775119617222,0.1225,False,False,False
407A,ＵＮＩＣＯＮホールディングス,2026-09-07,944.0,974.0,974.0,942.8,911.28,13980.0,935.0,935.0,935.0,935.0,200.0,-0.9533898305084776,-0.9533898305084776,0.0,-4.004106776180693,-4.004106776180693,4.17112299465241,0.0,0.01430615164520744,False,False,False
4082,第一稀元素化学工業,2026-09-07,2595.0,3095.0,3095.0,2595.2,2218.92,2080860.0,2573.0,2650.0,2570.0,2649.0,99600.0,2.0809248554913395,-0.8477842003853597,2.9537504858142327,-14.410339256865912,-14.410339256865912,16.836542091355234,0.0,0.04786482512038292,True,False,False
4088,エア・ウォーター,2026-09-07,3015.0,3215.0,3215.0,2851.8,2598.12,2149760.0,3060.0,3080.0,3020.0,3030.0,119300.0,0.4975124378109541,1.4925373134328401,-0.9803921568627416,-5.7542768273716955,-5.7542768273716955,6.105610561056096,0.0,0.055494566835367666,False,False,False
4091,日本酸素ホールディングス,2026-09-07,5491.0,6200.0,6200.0,5555.2,5790.4,556180.0,5460.0,5492.0,5426.0,5447.0,29300.0,-0.8013112365689357,-0.5645601894008423,-0.23809523809523725,-12.145161290322582,-12.145161290322582,13.824123370662743,0.0,0.0526807867956417,False,False,False
4092,日本化学工業,2026-09-07,5380.0,5840.0,6200.0,5274.0,5482.8,88840.0,5300.0,5330.0,5290.0,5320.0,6300.0,-1.115241635687736,-1.486988847583648,0.37735849056603765,-8.904109589041099,-14.193548387096778,16.541353383458656,6.164383561643838,0.07091400270148582,True,False,False
4093,東邦アセチレン,2026-09-07,425.0,433.0,441.0,426.2,422.48,19500.0,425.0,427.0,425.0,426.0,4300.0,0.23529411764706687,0.0,0.23529411764706687,-1.61662817551963,-3.401360544217691,3.5211267605633756,1.8475750577367167,0.2205128205128205,True,False,False
4094,日本化学産業,2026-09-07,2285.0,2327.0,2327.0,2286.4,2243.32,7300.0,2285.0,2285.0,2278.0,2278.0,2300.0,-0.30634573304157975,0.0,-0.30634573304157975,-2.1057155135367434,-2.1057155135367434,2.1510096575943827,0.0,0.3150684931506849,False,False,False
4095,日本パーカライジング,2026-09-07,1749.0,1787.0,1787.0,1761.4,1729.72,196340.0,1730.0,1739.0,1727.0,1737.0,10800.0,-0.6861063464837058,-1.0863350485991963,0.4046242774566444,-2.7979854504756596,-2.7979854504756596,2.878526194588371,0.0,0.05500662116736274,True,False,False
4097,高圧ガス工業,2026-09-07,1196.0,1257.0,1257.0,1209.8,1173.4,52020.0,1188.0,1188.0,1177.0,1187.0,4200.0,-0.7525083612040184,-0.6688963210702337,-0.08417508417508657,-5.568814638027053,-5.568814638027053,5.897219882055604,0.0,0.08073817762399077,False,False,False
4098,チタン工業,2026-09-07,1025.0,1070.0,1100.0,1019.2,1027.2,2380.0,1019.0,1027.0,1016.0,1025.0,2300.0,0.0,-0.5853658536585371,0.5888125613346507,-4.2056074766355085,-6.818181818181824,7.317073170731714,2.8037383177569986,0.9663865546218487,True,False,False
4099,四国化成ホールディングス,2026-09-07,2209.0,3180.0,3225.0,2245.2,2615.32,665120.0,2170.0,2190.0,2144.0,2165.0,48500.0,-1.991851516523313,-1.7655047532820323,-0.23041474654378336,-31.91823899371069,-32.86821705426357,48.96073903002309,1.4150943396226356,0.07291917248015396,False,False,False
409A,オリオンビール,2026-09-07,1186.0,1255.0,1318.0,1178.0,1203.68,180980.0,1186.0,1186.0,1181.0,1182.0,6500.0,-0.3372681281618939,0.0,-0.3372681281618939,-5.816733067729086,-10.318664643399089,11.505922165820648,5.019920318725091,0.0359155707813018,False,False,False
4100,戸田工業,2026-09-07,1634.0,1658.0,1658.0,1596.4,1555.68,41660.0,1623.0,1623.0,1611.0,1621.0,4100.0,-0.795593635250913,-0.6731946144430845,-0.12322858903265343,-2.231604342581428,-2.231604342581428,2.2825416409623767,0.0,0.09841574651944311,False,False,False
4102,丸尾カルシウム,2026-09-07,1447.0,1473.0,1480.0,1449.0,1448.68,1260.0,1446.0,1446.0,1446.0,1446.0,100.0,-0.06910850034553828,-0.06910850034553828,0.0,-1.8329938900203624,-2.297297297297296,2.3513139695712226,0.4752206381534174,0.07936507936507936,False,False,False
4107,伊勢化学工業,2026-09-07,4150.0,4500.0,4500.0,4128.0,3924.2,340700.0,4110.0,4120.0,4015.0,4040.0,26300.0,-2.6506024096385583,-0.9638554216867434,-1.703163017031628,-10.222222222222221,-10.222222222222221,11.386138613861396,0.0,0.0771940123275609,False,False,False
4109,ステラ　ケミファ,2026-09-07,5460.0,5800.0,5800.0,5376.0,5427.2,53420.0,5430.0,5430.0,5390.0,5390.0,1900.0,-1.2820512820512775,-0.5494505494505475,-0.7366482504604033,-7.068965517241377,-7.068965517241377,7.606679035250474,0.0,0.0355672032946462,False,False,False
410A,ＧＭＯコマース,2026-09-07,1141.0,1188.0,1188.0,1144.6,1136.28,9740.0,1146.0,1146.0,1137.0,1146.0,900.0,0.4382120946538226,0.4382120946538226,0.0,-3.535353535353536,-3.535353535353536,3.664921465968596,0.0,0.09240246406570841,False,False,False
4112,保土谷化学工業,2026-09-07,2175.0,2355.0,2355.0,2189.6,2210.16,56740.0,2156.0,2167.0,2148.0,2161.0,2900.0,-0.6436781609195363,-0.8735632183908049,0.2319109461966562,-8.237791932059446,-8.237791932059446,8.9773253123554,0.0,0.05111032781106803,True,False,False
4113,田岡化学工業,2026-09-07,795.0,858.0,858.0,794.6,757.48,22340.0,798.0,798.0,792.0,796.0,700.0,0.12578616352201255,0.37735849056603765,-0.25062656641604564,-7.226107226107226,-7.226107226107226,7.788944723618085,0.0,0.03133393017009848,False,False,False
4114,日本触媒,2026-09-07,2570.5,2733.5,2733.5,2639.8,2558.44,928180.0,2563.0,2563.0,2542.5,2553.5,68200.0,-0.6613499319198635,-0.2917720287881731,-0.37065938353492145,-6.584964331443199,-6.584964331443199,7.049148227922464,0.0,0.0734771272813463,False,False,False
4116,大日精化工業,2026-09-07,1310.0,1416.0,1416.0,1348.0,1324.12,133820.0,1319.0,1319.0,1305.0,1309.0,15900.0,-0.07633587786259888,0.6870229007633677,-0.7581501137225222,-7.556497175141241,-7.556497175141241,8.174178762414064,0.0,0.11881632043042893,False,False,False
4118,カネカ,2026-09-07,6102.0,6570.0,6570.0,6188.6,6102.4,255080.0,6087.0,6087.0,6045.0,6064.0,9900.0,-0.6227466404457593,-0.2458210422812246,-0.3778544438968301,-7.701674277016746,-7.701674277016746,8.344327176780997,0.0,0.0388113533009252,False,False,False
4119,日本ピグメントホールディングス,2026-09-07,5990.0,6400.0,6400.0,5962.0,5923.2,2660.0,6000.0,6000.0,5810.0,5990.0,3600.0,0.0,0.16694490818029983,-0.16666666666667052,-6.406250000000002,-6.406250000000002,6.844741235392315,0.0,1.3533834586466165,False,False,False
4120,スガイ化学工業,2026-09-07,3130.0,3195.0,3345.0,3003.4,3007.76,700.0,3000.0,3130.0,3000.0,3130.0,300.0,0.0,-4.153354632587858,4.333333333333322,-2.0344287949921713,-6.427503736920781,6.869009584664543,4.694835680751175,0.42857142857142855,True,False,False
4124,大阪油化工業,2026-09-07,2983.0,3100.0,3100.0,3001.2,2874.0,3020.0,2983.0,2983.0,2983.0,2983.0,200.0,0.0,0.0,0.0,-3.7741935483870948,-3.7741935483870948,3.9222259470331977,0.0,0.06622516556291391,False,False,False
4125,三和油化工業,2026-09-07,3840.0,4100.0,4100.0,3723.0,3709.4,13120.0,3840.0,3840.0,3760.0,3775.0,2000.0,-1.692708333333337,0.0,-1.692708333333337,-7.926829268292678,-7.926829268292678,8.609271523178808,0.0,0.1524390243902439,False,False,False
414A,オーバーラップホールディングス,2026-09-07,853.0,914.0,914.0,840.6,877.12,134640.0,850.0,850.0,849.0,849.0,1400.0,-0.4689331770222793,-0.3516998827667095,-0.11764705882353343,-7.111597374179435,-7.111597374179435,7.656065959952896,0.0,0.010398098633392751,False,False,False
4151,協和キリン,2026-09-07,2390.0,2689.0,2715.5,2460.1,2546.14,2623740.0,2390.0,2390.0,2367.5,2375.0,95100.0,-0.6276150627615107,0.0,-0.6276150627615107,-11.677203421346228,-12.53912723255386,14.336842105263159,0.9854964670881428,0.03624596949392851,False,False,False
4165,プレイド,2026-09-07,681.0,758.0,758.0,708.0,671.28,481660.0,680.0,680.0,668.0,671.0,59400.0,-1.468428781204112,-0.1468428781204123,-1.3235294117647012,-11.477572559366756,-11.477572559366756,12.965722801788381,0.0,0.12332350620769837,False,False,False
4166,かっこ,2026-09-07,629.0,649.0,665.0,632.0,634.08,3180.0,627.0,627.0,627.0,627.0,300.0,-0.31796502384737746,-0.31796502384737746,0.0,-3.3898305084745783,-5.714285714285716,6.060606060606055,2.4653312788905923,0.09433962264150944,False,False,False
4167,ココペリ,2026-09-07,315.0,349.0,349.0,332.2,318.64,19220.0,312.0,313.0,312.0,313.0,1100.0,-0.6349206349206327,-0.952380952380949,0.3205128205128194,-10.315186246418339,-10.315186246418339,11.501597444089452,0.0,0.05723204994797086,True,False,False
4168,ヤプリ,2026-09-07,776.0,812.0,819.0,769.8,775.28,68200.0,776.0,776.0,767.0,770.0,3700.0,-0.773195876288657,0.0,-0.773195876288657,-5.1724137931034475,-5.982905982905984,6.363636363636371,0.8620689655172376,0.054252199413489736,False,False,False
4169,ＥＮＥＣＨＡＮＧＥ,2026-09-07,268.0,342.0,342.0,267.8,282.6,477660.0,266.0,266.0,263.0,266.0,17900.0,-0.7462686567164201,-0.7462686567164201,0.0,-22.22222222222222,-22.22222222222222,28.57142857142858,0.0,0.03747435414311435,False,False,False
416A,富士ユナイトホールディングス,2026-09-07,1289.0,1322.0,1322.0,1297.8,1265.0,7640.0,1287.0,1287.0,1285.0,1285.0,1300.0,-0.3103180760279267,-0.15515903801396336,-0.15540015540015384,-2.7987897125567374,-2.7987897125567374,2.8793774319066046,0.0,0.17015706806282724,False,False,False
4170,Ｋａｉｚｅｎ　Ｐｌａｔｆｏｒｍ,2026-09-07,129.0,302.0,302.0,133.2,134.96,755400.0,129.0,130.0,128.0,129.0,79800.0,0.0,0.0,0.0,-57.28476821192052,-57.28476821192052,134.10852713178295,0.0,0.10563939634630659,False,False,False
4172,Ｈｉクラテス,2026-09-07,2325.0,2348.0,2348.0,2301.4,2282.4,1080.0,2325.0,2325.0,2325.0,2325.0,100.0,0.0,0.0,0.0,-0.9795570698466816,-0.9795570698466816,0.9892473118279677,0.0,0.09259259259259259,False,False,False
4174,アピリッツ,2026-09-07,890.0,890.0,890.0,868.8,811.32,21400.0,889.0,889.0,889.0,889.0,300.0,-0.11235955056180247,-0.11235955056180247,0.0,-0.11235955056180247,-0.11235955056180247,0.11248593925758943,0.0,0.014018691588785047,False,False,False
4175,ｃｏｌｙ,2026-09-07,2894.0,2970.0,2970.0,2903.6,2819.0,3880.0,2894.0,2894.0,2861.0,2861.0,300.0,-1.1402902557014483,0.0,-1.1402902557014483,-3.6700336700336678,-3.6700336700336678,3.809856693463831,0.0,0.07731958762886598,False,False,False
4176,ココナラ,2026-09-07,276.0,301.0,301.0,276.8,274.2,90220.0,274.0,274.0,272.0,273.0,4500.0,-1.0869565217391353,-0.7246376811594235,-0.36496350364964014,-9.302325581395355,-9.302325581395355,10.256410256410264,0.0,0.04987807581467524,False,False,False
4177,ｉ‐ｐｌｕｇ,2026-09-07,1530.0,1599.0,1599.0,1542.0,1526.0,1720.0,1525.0,1525.0,1525.0,1525.0,100.0,-0.32679738562091387,-0.32679738562091387,0.0,-4.627892432770486,-4.627892432770486,4.85245901639344,0.0,0.05813953488372093,False,False,False
4178,Ｓｈａｒｉｎｇ　Ｉｎｎｏｖａｔｉｏｎｓ,2026-09-07,536.0,565.0,565.0,540.6,515.72,8840.0,536.0,536.0,536.0,536.0,100.0,0.0,0.0,0.0,-5.13274336283186,-5.13274336283186,5.410447761194037,0.0,0.011312217194570135,False,False,False
4179,ジーネクスト,2026-09-07,356.0,391.0,391.0,358.0,362.92,29400.0,352.0,356.0,352.0,355.0,1400.0,-0.2808988764044895,-1.1235955056179803,0.8522727272727293,-9.207161125319697,-9.207161125319697,10.140845070422543,0.0,0.047619047619047616,True,False,False
417A,ブルーゾーンホールディングス,2026-09-07,1895.0,1938.0,1938.0,1884.8,1824.06,291700.0,1882.5,1905.5,1882.5,1889.0,13800.0,-0.31662269129287823,-0.6596306068601621,0.3452855245683839,-2.5283797729618196,-2.5283797729618196,2.5939650608787668,0.0,0.047308878985258825,True,False,False
4180,Ａｐｐｉｅｒ　Ｇｒｏｕｐ,2026-09-07,1452.0,1533.0,1533.0,1426.0,1219.32,2494740.0,1461.0,1470.0,1448.0,1469.0,126600.0,1.1707988980716344,0.6198347107438051,0.5475701574264136,-4.174820613176777,-4.174820613176777,4.356705241660985,0.0,0.050746771206618725,True,False,False
4182,三菱瓦斯化学,2026-09-07,3933.0,4226.0,4736.0,3876.8,4024.24,1960840.0,3895.0,3900.0,3870.0,3892.0,75400.0,-1.0424612255275911,-0.9661835748792313,-0.07702182284980985,-7.903454803596777,-17.820945945945944,21.685508735868453,12.068149550402275,0.03845290793741458,False,False,False
4183,三井化学,2026-09-07,2231.0,2341.5,2341.5,2265.3,2179.72,3268840.0,2220.0,2223.0,2197.0,2208.0,77900.0,-1.0309278350515427,-0.4930524428507388,-0.540540540540535,-5.701473414477897,-5.701473414477897,6.046195652173902,0.0,0.023831083809547116,False,False,False
4186,東京応化工業,2026-09-07,8479.0,10050.0,10110.0,8317.6,8866.92,774040.0,8331.0,8430.0,8287.0,8430.0,45300.0,-0.5778983370680502,-1.7454888548177894,1.188332733165276,-16.119402985074625,-16.617210682492576,19.928825622775804,0.5970149253731405,0.05852410728127745,True,False,False
4187,大阪有機化学工業,2026-09-07,4390.0,5040.0,5250.0,4341.0,4673.2,94620.0,4365.0,4375.0,4300.0,4325.0,9500.0,-1.4806378132118492,-0.5694760820045608,-0.9163802978235935,-14.186507936507942,-17.619047619047624,21.387283236994215,4.166666666666674,0.10040160642570281,False,False,False
4188,三菱ケミカルグループ,2026-09-07,1227.0,1305.0,1305.0,1256.3,1190.92,6933280.0,1216.0,1217.0,1205.5,1212.5,215400.0,-1.1817440912795463,-0.896495517522411,-0.28782894736841813,-7.0881226053639885,-7.0881226053639885,7.628865979381438,0.0,0.03106754667343595,False,False,False
4189,ＫＨネオケム,2026-09-07,3255.0,3570.0,3570.0,3360.0,3396.0,92320.0,3220.0,3225.0,3185.0,3185.0,10800.0,-2.1505376344086002,-1.0752688172043001,-1.0869565217391353,-10.784313725490192,-10.784313725490192,12.08791208791209,0.0,0.1169844020797227,False,False,False
4192,スパイダープラス,2026-09-07,285.0,323.0,323.0,289.6,283.08,188340.0,285.0,287.0,284.0,284.0,10500.0,-0.35087719298245723,0.0,-0.35087719298245723,-12.074303405572751,-12.074303405572751,13.732394366197177,0.0,0.055750238929595415,False,False,False
4193,ファブリカホールディングス,2026-09-07,2170.0,2450.0,2450.0,2166.0,2218.48,3500.0,2178.0,2178.0,2165.0,2165.0,700.0,-0.23041474654378336,0.36866359447005337,-0.5968778696051391,-11.632653061224485,-11.632653061224485,13.163972286374136,0.0,0.2,False,False,False
4194,ビジョナル,2026-09-07,8878.0,9628.0,9628.0,9044.0,9123.28,200020.0,8878.0,8925.0,8838.0,8838.0,7700.0,-0.45055192610948813,0.0,-0.45055192610948813,-8.205234732031574,-8.205234732031574,8.938673908124017,0.0,0.03849615038496151,False,False,False
4196,ネオマーケティング,2026-09-07,2180.0,2200.0,2200.0,2163.8,2034.44,16860.0,2198.0,2198.0,2175.0,2176.0,6000.0,-0.18348623853210455,0.8256880733944927,-1.0009099181073733,-1.0909090909090868,-1.0909090909090868,1.1029411764705843,0.0,0.35587188612099646,False,False,False
4197,アスマーク,2026-09-07,2357.0,2395.0,2395.0,2370.0,2346.44,660.0,2379.0,2379.0,2340.0,2357.0,600.0,0.0,0.9333899024183356,-0.9247583018074823,-1.586638830897702,-1.586638830897702,1.6122189223589212,0.0,0.9090909090909091,False,False,False
4198,テンダ,2026-09-07,500.0,518.0,518.0,500.4,495.4,3760.0,500.0,500.0,500.0,500.0,100.0,0.0,0.0,0.0,-3.474903474903479,-3.474903474903479,3.600000000000003,0.0,0.026595744680851064,False,False,False
4199,ワンダープラネット,2026-09-07,811.0,993.0,993.0,811.2,814.96,6060.0,815.0,820.0,815.0,815.0,600.0,0.4932182490752224,0.4932182490752224,0.0,-17.92547834843907,-17.92547834843907,21.840490797546018,0.0,0.09900990099009901,False,False,False
4202,ダイセル,2026-09-07,1443.5,1520.0,1521.0,1474.4,1466.74,934620.0,1442.0,1442.0,1427.0,1434.5,60200.0,-0.6234845860755067,-0.10391409767924742,-0.5201109570041607,-5.625000000000002,-5.687047994740302,6.0299756012548,0.06578947368420796,0.06441120455372237,False,False,False
4203,住友ベークライト,2026-09-07,7200.0,7975.0,7975.0,7185.2,7467.24,458860.0,7085.0,7153.0,7076.0,7153.0,38500.0,-0.6527777777777799,-1.5972222222222276,0.9597741707833451,-10.307210031347957,-10.307210031347957,11.491681811827203,0.0,0.08390358715076494,True,False,False
4204,積水化学工業,2026-09-07,2547.0,2711.0,2759.0,2595.6,2636.1,1333900.0,2532.0,2542.0,2521.5,2529.0,94100.0,-0.7067137809187329,-0.5889281507656108,-0.11848341232227888,-6.713389893028399,-8.336353751359194,9.094503756425464,1.7705643673921134,0.07054501836719394,False,False,False
4205,日本ゼオン,2026-09-07,2447.0,2618.0,2618.0,2498.8,2426.24,1006860.0,2416.5,2422.5,2405.0,2420.5,46400.0,-1.0829587249693517,-1.2464241928892505,0.1655286571487613,-7.543926661573719,-7.543926661573719,8.159471183639756,0.0,0.046083864688238683,True,False,False
4206,アイカ工業,2026-09-07,4205.0,4245.0,4245.0,4158.6,4086.84,260980.0,4205.0,4224.0,4195.0,4202.0,24500.0,-0.07134363852556724,0.0,-0.07134363852556724,-1.012956419316846,-1.012956419316846,1.0233222275107146,0.0,0.09387692543489923,False,False,False
4208,ＵＢＥ,2026-09-07,3470.0,3713.0,3713.0,3517.4,3498.16,792600.0,3450.0,3455.0,3437.0,3452.0,37900.0,-0.5187319884726205,-0.5763688760806907,0.05797101449276365,-7.029356315647728,-7.029356315647728,7.560834298957131,0.0,0.04781731011859702,True,False,False
4212,積水樹脂,2026-09-07,2943.0,2999.0,3110.0,2945.8,2886.8,52860.0,2943.0,2943.0,2926.0,2935.0,1800.0,-0.2718314644920117,0.0,-0.2718314644920117,-2.1340446815605207,-5.62700964630225,5.962521294718903,3.7012337445815335,0.0340522133938706,False,False,False
4216,旭有機材,2026-09-07,6010.0,6230.0,6400.0,5872.0,5965.6,51140.0,5910.0,5910.0,5860.0,5880.0,1400.0,-2.1630615640598982,-1.6638935108153063,-0.5076142131979711,-5.61797752808989,-8.125000000000004,8.843537414965997,2.728731942215079,0.02737583105201408,False,False,False
4218,ニチバン,2026-09-07,1920.0,2006.0,2006.0,1948.2,1949.08,19760.0,1919.0,1919.0,1915.0,1915.0,4100.0,-0.26041666666666297,-0.05208333333333037,-0.20844189682126535,-4.536390827517445,-4.536390827517445,4.751958224543085,0.0,0.2074898785425101,False,False,False
421A,ムービン・ストラテジック・キャリア,2026-09-07,3875.0,4450.0,4450.0,3950.0,3835.4,86300.0,3835.0,3835.0,3780.0,3800.0,3700.0,-1.9354838709677469,-1.0322580645161339,-0.9126466753585416,-14.60674157303371,-14.60674157303371,17.105263157894733,0.0,0.04287369640787949,False,False,False
4220,リケンテクノス,2026-09-07,2453.0,2886.0,2915.0,2506.6,2658.44,128600.0,2431.0,2431.0,2416.0,2428.0,12800.0,-1.019160211985326,-0.8968609865470878,-0.12340600575894145,-15.869715869715872,-16.706689536878216,20.05766062602965,1.004851004851015,0.09953343701399689,False,False,False
4221,大倉工業,2026-09-07,5560.0,5810.0,5810.0,5596.0,5622.4,43540.0,5530.0,5530.0,5490.0,5500.0,2000.0,-1.0791366906474864,-0.5395683453237377,-0.5424954792043413,-5.335628227194489,-5.335628227194489,5.636363636363639,0.0,0.045934772622875514,False,False,False
4222,児玉化学工業,2026-09-07,728.0,745.0,745.0,698.6,669.52,535760.0,730.0,733.0,716.0,729.0,94700.0,0.13736263736263687,0.27472527472527375,-0.136986301369868,-2.147651006711404,-2.147651006711404,2.1947873799725626,0.0,0.17675824996266984,False,False,False
4224,ロンシール工業,2026-09-07,2117.0,2180.0,2199.0,2121.6,2138.76,4680.0,2117.0,2117.0,2116.0,2116.0,300.0,-0.04723665564477786,0.0,-0.04723665564477786,-2.9357798165137616,-3.774442928603916,3.922495274102089,0.8715596330275188,0.0641025641025641,False,False,False
4228,積水化成品工業,2026-09-07,593.0,668.0,668.0,608.0,609.44,273320.0,592.0,592.0,585.0,586.0,29500.0,-1.180438448566612,-0.1686340640809414,-1.0135135135135087,-12.27544910179641,-12.27544910179641,13.993174061433455,0.0,0.10793209424849992,False,False,False
4229,群栄化学工業,2026-09-07,4285.0,4750.0,4800.0,4308.0,4448.6,20840.0,4220.0,4230.0,4205.0,4205.0,800.0,-1.8669778296382722,-1.516919486581092,-0.35545023696682554,-11.473684210526313,-12.395833333333329,14.149821640903681,1.0526315789473717,0.03838771593090211,False,False,False
4231,タイガースポリマー,2026-09-07,1051.0,1067.0,1067.0,1050.6,1022.76,15000.0,1060.0,1067.0,1051.0,1051.0,18200.0,0.0,0.8563273073263655,-0.8490566037735903,-1.4995313964386137,-1.4995313964386137,1.5223596574690745,0.0,1.2133333333333334,False,False,False
4234,サンエー化研,2026-09-07,1045.0,1082.0,1082.0,1033.0,938.32,74960.0,1036.0,1036.0,1028.0,1028.0,1500.0,-1.6267942583732098,-0.8612440191387516,-0.7722007722007707,-4.990757855822547,-4.990757855822547,5.252918287937747,0.0,0.020010672358591247,False,False,False
4235,ウルトラファブリックス・ホールディングス,2026-09-07,680.0,735.0,735.0,685.4,698.08,18020.0,685.0,685.0,678.0,679.0,2900.0,-0.14705882352941124,0.7352941176470562,-0.8759124087591275,-7.619047619047614,-7.619047619047614,8.247422680412363,0.0,0.1609322974472808,False,False,False
4237,フジプレアム,2026-09-07,354.0,370.0,370.0,357.4,344.96,44380.0,355.0,355.0,355.0,355.0,2200.0,0.28248587570620654,0.28248587570620654,0.0,-4.054054054054057,-4.054054054054057,4.225352112676051,0.0,0.04957187922487607,False,False,False
4238,ミライアル,2026-09-07,1888.0,1950.0,1950.0,1874.0,1757.6,50020.0,1870.0,1870.0,1840.0,1860.0,13300.0,-1.4830508474576232,-0.9533898305084776,-0.5347593582887722,-4.61538461538461,-4.61538461538461,4.8387096774193505,0.0,0.2658936425429828,False,False,False
423A,ライオン事務器,2026-09-07,324.0,328.0,328.0,324.2,319.36,32860.0,324.0,324.0,324.0,324.0,1400.0,0.0,0.0,0.0,-1.2195121951219523,-1.2195121951219523,1.2345679012345734,0.0,0.0426049908703591,False,False,False
4240,クラスターテクノロジー,2026-09-07,317.0,352.0,352.0,316.4,319.92,9520.0,317.0,317.0,317.0,317.0,400.0,0.0,0.0,0.0,-9.943181818181824,-9.943181818181824,11.041009463722396,0.0,0.04201680672268908,False,False,False
4241,アテクト,2026-09-07,670.0,678.0,678.0,661.6,656.28,10820.0,670.0,670.0,670.0,670.0,500.0,0.0,0.0,0.0,-1.179941002949858,-1.179941002949858,1.1940298507462588,0.0,0.04621072088724584,False,False,False
4242,タカギセイコー,2026-09-07,1804.0,1867.0,1920.0,1788.6,1816.0,1620.0,1782.0,1804.0,1782.0,1804.0,400.0,0.0,-1.2195121951219523,1.2345679012345734,-3.374397429030529,-6.041666666666668,6.430155210643007,2.8387787895018723,0.24691358024691357,True,False,False
4243,ニックス,2026-09-07,1040.0,1149.0,1149.0,1056.8,1008.04,2320.0,1038.0,1038.0,1038.0,1038.0,200.0,-0.19230769230769162,-0.19230769230769162,0.0,-9.660574412532641,-9.660574412532641,10.693641618497107,0.0,0.08620689655172414,False,False,False
4245,ダイキアクシス,2026-09-07,715.0,729.0,729.0,717.8,707.56,10700.0,716.0,716.0,716.0,716.0,100.0,0.13986013986013734,0.13986013986013734,0.0,-1.7832647462277085,-1.7832647462277085,1.8156424581005526,0.0,0.009345794392523364,False,False,False
4246,ダイキョーニシカワ,2026-09-07,1114.0,1163.0,1163.0,1126.8,1105.72,207360.0,1109.0,1110.0,1097.0,1098.0,51200.0,-1.4362657091561926,-0.4488330341113067,-0.9918845807033394,-5.5889939810834015,-5.5889939810834015,5.9198542805100285,0.0,0.24691358024691357,False,False,False
4247,ポバール興業,2026-09-07,1395.0,1440.0,1440.0,1391.2,1384.36,600.0,1395.0,1395.0,1395.0,1395.0,100.0,0.0,0.0,0.0,-3.125,-3.125,3.2258064516129004,0.0,0.16666666666666666,False,False,False
4248,竹本容器,2026-09-07,880.0,895.0,895.0,883.0,884.32,3500.0,880.0,880.0,880.0,880.0,1100.0,0.0,0.0,0.0,-1.6759776536312887,-1.6759776536312887,1.7045454545454586,0.0,0.3142857142857143,False,False,False
4249,森六,2026-09-07,2954.0,3020.0,3020.0,2964.0,2861.96,35120.0,2956.0,2962.0,2950.0,2962.0,3500.0,0.27081922816520887,0.06770480704130222,0.2029769959404515,-1.9205298013244998,-1.9205298013244998,1.9581363943281582,0.0,0.09965831435079726,True,False,False
4251,恵和,2026-09-07,1174.0,1320.0,1320.0,1169.0,1213.56,85380.0,1169.0,1169.0,1163.0,1165.0,33100.0,-0.7666098807495692,-0.4258943781942026,-0.34217279726261873,-11.742424242424242,-11.742424242424242,13.30472103004292,0.0,0.3876786132583743,False,False,False
4255,ＴＨＥＣＯＯ,2026-09-07,3595.0,3890.0,3890.0,3535.0,3279.76,3400.0,3595.0,3595.0,3495.0,3495.0,1200.0,-2.781641168289295,0.0,-2.781641168289295,-10.15424164524421,-10.15424164524421,11.301859799713876,0.0,0.35294117647058826,False,False,False
4256,サインド,2026-09-07,1121.0,1144.0,1144.0,1124.0,1026.4,7180.0,1132.0,1132.0,1132.0,1132.0,200.0,0.9812667261373864,0.9812667261373864,0.0,-1.0489510489510523,-1.0489510489510523,1.0600706713780994,0.0,0.027855153203342618,False,False,False
4258,網屋,2026-09-07,4500.0,5100.0,5100.0,4358.0,4488.2,45140.0,4495.0,4570.0,4425.0,4530.0,5000.0,0.6666666666666599,-0.11111111111110628,0.7786429365962189,-11.176470588235299,-11.176470588235299,12.58278145695364,0.0,0.11076650420912716,True,False,False
4259,エクサウィザーズ,2026-09-07,870.0,875.0,875.0,836.4,801.68,1615000.0,870.0,870.0,852.0,858.0,119900.0,-1.379310344827589,0.0,-1.379310344827589,-1.9428571428571462,-1.9428571428571462,1.9813519813519864,0.0,0.07424148606811146,False,False,False
4260,ハイブリッドテクノロジーズ,2026-09-07,214.0,226.0,226.0,210.6,212.12,9280.0,215.0,215.0,215.0,215.0,500.0,0.4672897196261738,0.4672897196261738,0.0,-4.867256637168138,-4.867256637168138,5.116279069767438,0.0,0.05387931034482758,False,False,False
4261,アジアクエスト,2026-09-07,2970.0,3280.0,3325.0,2959.6,3035.44,3120.0,2970.0,2970.0,2970.0,2970.0,400.0,0.0,0.0,0.0,-9.45121951219512,-10.676691729323306,11.952861952861959,1.3719512195121908,0.1282051282051282,False,False,False
4262,ニフティライフスタイル,2026-09-07,1390.0,1417.0,1417.0,1393.6,1365.2,3520.0,1387.0,1387.0,1387.0,1387.0,400.0,-0.21582733812949284,-0.21582733812949284,0.0,-2.117148906139732,-2.117148906139732,2.1629416005767954,0.0,0.11363636363636363,False,False,False
4263,サスメド,2026-09-07,404.0,628.0,729.0,427.6,547.88,183580.0,412.0,412.0,406.0,408.0,65900.0,0.990099009900991,1.980198019801982,-0.9708737864077666,-35.031847133757964,-44.03292181069959,78.6764705882353,16.082802547770704,0.35897156553001414,False,False,False
4264,セキュア,2026-09-07,1450.0,1642.0,1650.0,1453.0,1517.2,11180.0,1453.0,1453.0,1450.0,1450.0,400.0,0.0,0.206896551724145,-0.2064693737095613,-11.693057247259443,-12.121212121212121,13.793103448275868,0.4872107186357999,0.03577817531305903,False,False,False
4265,Ｉｎｓｔｉｔｕｔｉｏｎ　ｆｏｒ　ａ　Ｇｌｏｂａｌ　Ｓｏｃｉｅｔｙ,2026-09-07,284.0,298.0,327.0,285.6,285.64,14320.0,285.0,285.0,285.0,285.0,100.0,0.35211267605634866,0.35211267605634866,0.0,-4.36241610738255,-12.844036697247708,14.73684210526316,9.731543624161066,0.006983240223463687,False,False,False
4270,ＢｅｅＸ,2026-09-07,1883.0,1970.0,1970.0,1904.2,1876.24,4320.0,1881.0,1881.0,1881.0,1881.0,100.0,-0.10621348911311612,-0.10621348911311612,0.0,-4.517766497461928,-4.517766497461928,4.731525784157364,0.0,0.023148148148148147,False,False,False
4272,日本化薬,2026-09-07,2072.5,2143.5,2143.5,2084.3,2071.7,500740.0,2057.0,2071.5,2041.0,2047.5,32800.0,-1.2062726176115812,-0.7478890229191792,-0.4618376276130265,-4.478656403079073,-4.478656403079073,4.688644688644694,0.0,0.06550305547789272,False,False,False
4274,細谷火工,2026-09-07,1090.0,1125.0,1125.0,1074.8,1082.72,25020.0,1090.0,1090.0,1086.0,1086.0,1000.0,-0.3669724770642202,0.0,-0.3669724770642202,-3.4666666666666623,-3.4666666666666623,3.5911602209944826,0.0,0.03996802557953637,False,False,False
4275,カーリット,2026-09-07,1989.0,2254.0,2463.0,2004.2,2142.72,208360.0,1951.0,1951.0,1925.0,1937.0,28500.0,-2.614379084967322,-1.9105077928607384,-0.7175807278318791,-14.063886424134875,-21.35606983353634,27.15539494062984,9.272404614019525,0.13678249184104435,False,False,False
4284,ソルクシーズ,2026-09-07,450.0,472.0,472.0,456.6,439.4,56160.0,455.0,455.0,450.0,450.0,2400.0,0.0,1.1111111111111072,-1.098901098901095,-4.6610169491525415,-4.6610169491525415,4.888888888888898,0.0,0.042735042735042736,False,False,False
4286,ＣＬホールディングス,2026-09-07,1290.0,1392.0,1392.0,1292.4,1229.52,32320.0,1260.0,1276.0,1260.0,1276.0,1000.0,-1.0852713178294615,-2.3255813953488413,1.2698412698412653,-8.333333333333337,-8.333333333333337,9.090909090909083,0.0,0.03094059405940594,True,False,False
4287,ジャストプランニング,2026-09-07,482.0,500.0,500.0,483.8,491.32,4540.0,480.0,480.0,480.0,480.0,300.0,-0.4149377593360981,-0.4149377593360981,0.0,-4.0000000000000036,-4.0000000000000036,4.166666666666674,0.0,0.06607929515418502,False,False,False
4288,アズジェント,2026-09-07,468.0,485.0,485.0,467.4,461.6,11320.0,463.0,468.0,463.0,468.0,200.0,0.0,-1.0683760683760646,1.0799136069114423,-3.5051546391752564,-3.5051546391752564,3.6324786324786418,0.0,0.0176678445229682,True,False,False
428A,サイプレス・ホールディングス,2026-09-07,1570.0,1610.0,1610.0,1548.4,1427.08,28760.0,1560.0,1561.0,1560.0,1561.0,1200.0,-0.573248407643312,-0.6369426751592355,0.06410256410256387,-3.04347826086957,-3.04347826086957,3.1390134529148073,0.0,0.04172461752433936,True,False,False
4290,プレステージ・インターナショナル,2026-09-07,692.0,749.0,749.0,699.4,713.32,643680.0,686.0,686.0,677.0,682.0,331400.0,-1.4450867052023142,-0.8670520231213841,-0.5830903790087438,-8.945260347129501,-8.945260347129501,9.824046920821106,0.0,0.5148521004225702,False,False,False
4293,セプテーニ・ホールディングス,2026-09-07,525.0,537.0,542.0,523.6,513.36,436980.0,521.0,525.0,518.0,521.0,19000.0,-0.7619047619047636,-0.7619047619047636,0.0,-2.9795158286778367,-3.874538745387457,4.0307101727447225,0.9310986964618184,0.04348025081239416,False,False,False
4299,ハイマックス,2026-09-07,1243.0,1258.0,1258.0,1230.8,1219.6,4540.0,1231.0,1231.0,1230.0,1230.0,300.0,-1.045856798069189,-0.9654062751407899,-0.08123476848090894,-2.225755166931642,-2.225755166931642,2.276422764227637,0.0,0.06607929515418502,False,False,False
429A,テクセンドフォトマスク,2026-09-07,3975.0,4030.0,4420.0,3750.0,3812.2,758140.0,3955.0,3960.0,3910.0,3920.0,27800.0,-1.383647798742138,-0.5031446540880502,-0.8849557522123908,-2.7295285359801524,-11.31221719457014,12.755102040816336,9.677419354838701,0.0366686891603134,False,False,False
4301,アミューズ,2026-09-07,1899.0,2020.0,2028.0,1903.6,1914.68,35060.0,1887.0,1887.0,1879.0,1880.0,3000.0,-1.0005265929436513,-0.6319115323854652,-0.37095919448860704,-6.930693069306926,-7.297830374753456,7.87234042553191,0.3960396039603964,0.08556759840273816,False,False,False
4307,野村総合研究所,2026-09-07,4950.0,5410.0,5620.0,5169.4,4995.12,2088380.0,4957.0,4961.0,4922.0,4926.0,137900.0,-0.48484848484848797,0.14141414141413122,-0.6253782529755947,-8.946395563770793,-12.34875444839858,14.088509947218842,3.8817005545286554,0.06603204397667091,False,False,False
4308,Ｊストリーム,2026-09-07,358.0,365.0,368.0,358.4,356.6,13300.0,358.0,358.0,358.0,358.0,900.0,0.0,0.0,0.0,-1.9178082191780854,-2.717391304347827,2.7932960893854775,0.8219178082191858,0.06766917293233082,False,False,False
4310,ドリームインキュベータ,2026-09-07,2501.0,2594.0,2690.0,2523.2,2507.8,13500.0,2500.0,2510.0,2490.0,2493.0,3400.0,-0.3198720511795261,-0.03998400639744215,-0.28000000000000247,-3.893600616808024,-7.323420074349441,7.90212595266746,3.7008481110254454,0.2518518518518518,False,False,False
4316,ビーマップ,2026-09-07,100.0,180.0,180.0,118.6,94.08,1361420.0,96.0,97.0,94.0,94.0,53100.0,-6.000000000000005,-4.0000000000000036,-2.083333333333337,-47.77777777777777,-47.77777777777777,91.48936170212767,0.0,0.03900339351559401,False,False,False
4317,レイ,2026-09-07,571.0,580.0,580.0,566.0,554.64,6300.0,571.0,571.0,571.0,571.0,100.0,0.0,0.0,0.0,-1.551724137931032,-1.551724137931032,1.5761821366024442,0.0,0.015873015873015872,False,False,False
4318,クイック,2026-09-07,824.0,875.0,875.0,843.8,827.4,97800.0,819.0,821.0,815.0,815.0,16900.0,-1.092233009708743,-0.6067961165048597,-0.48840048840048667,-6.857142857142861,-6.857142857142861,7.361963190184051,0.0,0.17280163599182005,False,False,False
431A,ユーソナー,2026-09-07,2708.0,2853.0,2853.0,2686.8,2287.0,47920.0,2758.0,2804.0,2756.0,2797.0,7700.0,3.286558345642532,1.846381093057614,1.4140681653372011,-1.962846126883977,-1.962846126883977,2.0021451555237713,0.0,0.16068447412353923,True,False,False
4320,ＣＥホールディングス,2026-09-07,1647.0,1687.0,1749.0,1647.0,1659.76,197520.0,1647.0,1648.0,1646.0,1647.0,160900.0,0.0,0.0,0.0,-2.3710729104920003,-5.831903945111494,6.193078324225865,3.6751630112626055,0.8146010530579182,False,False,False
4323,日本システム技術,2026-09-07,1887.0,2011.0,2011.0,1909.4,1903.6,54680.0,1881.0,1895.0,1862.0,1895.0,4600.0,0.4239533651298366,-0.31796502384737746,0.7442849548112696,-5.768274490303327,-5.768274490303327,6.1213720316622755,0.0,0.08412582297000731,True,False,False
4324,電通グループ,2026-09-07,3630.0,3826.0,3874.0,3694.2,3621.52,1024960.0,3600.0,3602.0,3568.0,3587.0,101300.0,-1.1845730027548185,-0.8264462809917328,-0.36111111111111205,-6.246732880292738,-7.4083634486319045,8.001115137998326,1.2545739675901668,0.09883312519512956,False,False,False
4326,インテージホールディングス,2026-09-07,1984.0,2156.0,2156.0,2020.0,1949.64,38660.0,1984.0,1984.0,1962.0,1962.0,1500.0,-1.1088709677419373,0.0,-1.1088709677419373,-8.998144712430422,-8.998144712430422,9.887869520897041,0.0,0.0387997930677703,False,False,False
4331,テイクアンドギヴ・ニーズ,2026-09-07,745.0,755.0,755.0,744.8,723.08,47400.0,739.0,741.0,739.0,741.0,2000.0,-0.5369127516778538,-0.8053691275167751,0.27063599458727605,-1.8543046357615944,-1.8543046357615944,1.8893387314439902,0.0,0.04219409282700422,True,False,False
4334,ユークス,2026-09-07,401.0,403.0,403.0,400.6,387.24,15580.0,397.0,397.0,396.0,397.0,2700.0,-0.9975062344139696,-0.9975062344139696,0.0,-1.488833746898266,-1.488833746898266,1.5113350125944613,0.0,0.17329910141206675,False,False,False
4335,ＩＰＳホールディングス,2026-09-07,1089.0,1103.0,1110.0,1090.8,1096.08,2020.0,1089.0,1089.0,1089.0,1089.0,100.0,0.0,0.0,0.0,-1.2692656391659063,-1.8918918918918948,1.9283746556473913,0.6346328195829587,0.04950495049504951,False,False,False
4337,ぴあ,2026-09-07,2686.0,2886.0,2899.0,2706.4,2753.56,23920.0,2680.0,2680.0,2664.0,2672.0,3700.0,-0.5212211466865235,-0.22338049143708627,-0.29850746268657025,-7.415107415107414,-7.830286305622625,8.495508982035926,0.45045045045044585,0.15468227424749165,False,False,False
4341,西菱電機,2026-09-07,912.0,950.0,950.0,899.8,890.24,1460.0,908.0,908.0,908.0,908.0,100.0,-0.43859649122807154,-0.43859649122807154,0.0,-4.421052631578948,-4.421052631578948,4.625550660792954,0.0,0.0684931506849315,False,False,False
4343,イオンファンタジー,2026-09-07,2842.0,2946.0,2946.0,2828.2,2820.68,98540.0,2808.0,2835.0,2808.0,2821.0,2900.0,-0.7389162561576401,-1.196340605207602,0.4629629629629539,-4.243041412084181,-4.243041412084181,4.4310528181495945,0.0,0.029429673229145525,True,False,False
4344,ソースネクスト,2026-09-07,112.0,121.0,121.0,113.2,113.32,875700.0,112.0,113.0,111.0,112.0,281000.0,0.0,0.0,0.0,-7.438016528925617,-7.438016528925617,8.03571428571428,0.0,0.32088614822427775,False,False,False
4345,シーティーエス,2026-09-07,832.0,854.0,907.0,833.8,835.76,57360.0,831.0,831.0,828.0,831.0,13300.0,-0.12019230769231282,-0.12019230769231282,0.0,-2.693208430913352,-8.379272326350605,9.145607701564384,6.206088992974235,0.23186889818688983,False,False,False
4346,ＮＥＸＹＺ．Ｇｒｏｕｐ,2026-09-07,1069.0,1119.0,1119.0,1030.2,903.08,182940.0,1060.0,1060.0,1050.0,1054.0,3400.0,-1.4031805425631427,-0.8419083255378879,-0.5660377358490565,-5.808757819481681,-5.808757819481681,6.166982922201147,0.0,0.01858532852301301,False,False,False
4347,ブロードメディア,2026-09-07,1639.0,1703.0,1817.0,1647.8,1661.68,12040.0,1650.0,1650.0,1636.0,1636.0,500.0,-0.18303843807199183,0.6711409395973256,-0.848484848484854,-3.9342337052260756,-9.961474958723171,11.063569682151586,6.694069289489146,0.04152823920265781,False,False,False
4350,メディカルシステムネットワーク,2026-09-07,490.0,527.0,527.0,504.4,490.12,57640.0,486.0,489.0,484.0,487.0,4600.0,-0.6122448979591799,-0.8163265306122436,0.2057613168724215,-7.590132827324481,-7.590132827324481,8.213552361396314,0.0,0.0798056904927134,True,False,False
4351,山田再生系債権回収総合事務所,2026-09-07,866.0,899.0,899.0,856.0,839.64,6760.0,869.0,869.0,860.0,860.0,600.0,-0.6928406466512715,0.34642032332563577,-1.0356731875719172,-4.338153503893216,-4.338153503893216,4.534883720930227,0.0,0.08875739644970414,False,False,False
4356,応用技術,2026-09-07,1626.0,1685.0,1685.0,1636.2,1649.0,760.0,1625.0,1625.0,1625.0,1625.0,100.0,-0.06150061500614923,-0.06150061500614923,0.0,-3.5608308605341255,-3.5608308605341255,3.6923076923076836,0.0,0.13157894736842105,False,False,False
4360,マナック・ケミカル・パートナーズ,2026-09-07,981.0,1040.0,1040.0,987.6,909.32,9280.0,970.0,970.0,970.0,970.0,100.0,-1.1213047910295648,-1.1213047910295648,0.0,-6.730769230769229,-6.730769230769229,7.216494845360821,0.0,0.010775862068965518,False,False,False
4361,川口化学工業,2026-09-07,1603.0,1613.0,1613.0,1602.6,1551.12,1660.0,1603.0,1603.0,1603.0,1603.0,300.0,0.0,0.0,0.0,-0.619962802231866,-0.619962802231866,0.6238303181534732,0.0,0.18072289156626506,False,False,False
4362,日本精化,2026-09-07,2688.0,2787.0,2787.0,2719.6,2672.72,18940.0,2688.0,2688.0,2670.0,2670.0,2600.0,-0.6696428571428603,0.0,-0.6696428571428603,-4.1980624327233595,-4.1980624327233595,4.3820224719101075,0.0,0.13727560718057022,False,False,False
4365,松本油脂製薬,2026-09-07,23750.0,25000.0,25000.0,24096.0,21322.0,700.0,23870.0,23870.0,23750.0,23750.0,300.0,0.0,0.505263157894742,-0.5027230833682395,-5.000000000000004,-5.000000000000004,5.263157894736836,0.0,0.42857142857142855,False,False,False
4366,ダイトーケミックス,2026-09-07,449.0,478.0,488.0,436.8,434.6,109760.0,450.0,450.0,445.0,449.0,16300.0,0.0,0.22271714922048602,-0.22222222222222365,-6.066945606694563,-7.991803278688526,8.685968819599111,2.092050209205021,0.14850583090379008,False,False,False
4368,扶桑化学工業,2026-09-07,2945.0,3600.0,4285.0,2886.2,3292.08,699420.0,2906.0,2912.0,2893.0,2903.0,49600.0,-1.4261460101867574,-1.3242784380305572,-0.10323468685478066,-19.361111111111107,-32.25204200700117,47.6059249052704,19.02777777777778,0.07091590174716193,False,False,False
4369,トリケミカル研究所,2026-09-07,3155.0,3555.0,3750.0,3055.8,3252.56,974180.0,3120.0,3140.0,3100.0,3120.0,54400.0,-1.1093502377179099,-1.1093502377179099,0.0,-12.236286919831219,-16.800000000000004,20.192307692307686,5.485232067510548,0.05584183621096717,False,False,False
436A,サイバーソリューションズ,2026-09-07,1128.0,1212.0,1212.0,1134.6,1120.28,83620.0,1153.0,1155.0,1116.0,1127.0,16200.0,-0.08865248226950229,2.2163120567375794,-2.254986990459673,-7.013201320132012,-7.013201320132012,7.5421472937000855,0.0,0.19373355656541497,False,False,False
4370,モビルス,2026-09-07,389.0,506.0,506.0,386.2,330.56,305680.0,389.0,392.0,384.0,392.0,7700.0,0.7712082262210762,0.0,0.7712082262210762,-22.529644268774707,-22.529644268774707,29.081632653061227,0.0,0.025189740905522114,True,False,False
4371,コアコンセプト・テクノロジー,2026-09-07,1440.0,1570.0,1570.0,1430.8,1414.12,12000.0,1422.0,1448.0,1422.0,1448.0,1200.0,0.5555555555555536,-1.2499999999999956,1.8284106891701901,-7.770700636942673,-7.770700636942673,8.425414364640883,0.0,0.1,True,False,False
4372,ユミルリンク,2026-09-07,1337.0,1349.0,1350.0,1303.8,1304.52,3180.0,1320.0,1349.0,1320.0,1337.0,6200.0,0.0,-1.2715033657442087,1.2878787878787934,-0.8895478131949575,-0.9629629629629655,0.972326103216159,0.0741289844329085,1.949685534591195,True,False,False
4373,シンプレクス・ホールディングス,2026-09-07,1144.0,1280.0,1280.0,1196.4,1157.72,1480000.0,1144.0,1154.0,1138.0,1150.0,513800.0,0.5244755244755206,0.0,0.5244755244755206,-10.15625,-10.15625,11.304347826086957,0.0,0.34716216216216217,True,False,False
4374,ＲＯＢＯＴ　ＰＡＹＭＥＮＴ,2026-09-07,2461.0,2590.0,2590.0,2450.4,2436.12,3380.0,2446.0,2446.0,2445.0,2445.0,300.0,-0.6501422186103167,-0.6095083299471726,-0.040883074407194187,-5.598455598455598,-5.598455598455598,5.9304703476482645,0.0,0.08875739644970414,False,False,False
4375,セーフィー,2026-09-07,677.0,714.0,714.0,670.8,660.88,196000.0,671.0,672.0,666.0,672.0,6700.0,-0.738552437223039,-0.8862629246676468,0.14903129657228842,-5.882352941176472,-5.882352941176472,6.25,0.0,0.034183673469387756,True,False,False
4376,くふうカンパニーホールディングス,2026-09-07,168.0,180.0,180.0,166.4,163.28,26360.0,168.0,168.0,168.0,168.0,1000.0,0.0,0.0,0.0,-6.666666666666665,-6.666666666666665,7.14285714285714,0.0,0.03793626707132018,False,False,False
4377,ワンキャリア,2026-09-07,2341.0,2666.0,2666.0,2428.2,2357.24,70960.0,2341.0,2341.0,2308.0,2309.0,7000.0,-1.366937206322083,0.0,-1.366937206322083,-13.390847711927979,-13.390847711927979,15.461238631442175,0.0,0.09864712514092447,False,False,False
4378,ＣＩＮＣ,2026-09-07,540.0,559.0,559.0,538.8,507.28,15540.0,543.0,543.0,543.0,543.0,400.0,0.5555555555555536,0.5555555555555536,0.0,-2.8622540250447193,-2.8622540250447193,2.946593001841613,0.0,0.02574002574002574,False,False,False
4379,Ｐｈｏｔｏｓｙｎｔｈ,2026-09-07,435.0,458.0,458.0,435.0,434.44,22220.0,436.0,436.0,435.0,435.0,800.0,0.0,0.22988505747125743,-0.2293577981651418,-5.021834061135366,-5.021834061135366,5.287356321839076,0.0,0.036003600360036005,False,False,False
4380,Ｍマート,2026-09-07,688.0,720.0,720.0,683.6,663.56,5680.0,686.0,686.0,686.0,686.0,300.0,-0.29069767441860517,-0.29069767441860517,0.0,-4.722222222222228,-4.722222222222228,4.956268221574334,0.0,0.0528169014084507,False,False,False
4381,ビープラッツ,2026-09-07,278.0,483.0,488.0,277.4,352.12,292860.0,285.0,292.0,279.0,286.0,38500.0,2.877697841726623,2.517985611510798,0.35087719298245723,-40.78674948240165,-41.393442622950815,70.62937062937063,1.0351966873705987,0.13146213207676022,True,False,False
4382,ＨＥＲＯＺ,2026-09-07,751.0,798.0,798.0,759.4,749.44,49300.0,752.0,754.0,750.0,754.0,5200.0,0.3994673768308976,0.13315579227697327,0.26595744680850686,-5.513784461152882,-5.513784461152882,5.835543766578244,0.0,0.10547667342799188,True,False,False
4385,メルカリ,2026-09-07,4340.0,5111.0,5111.0,4398.4,4592.8,2017720.0,4236.0,4284.0,4209.0,4215.0,149400.0,-2.880184331797231,-2.3963133640553025,-0.4957507082152923,-17.530815887301898,-17.530815887301898,21.257413997627527,0.0,0.07404397042206054,False,False,False
4386,ＳＩＧグループ,2026-09-07,901.0,945.0,945.0,896.4,892.16,4220.0,894.0,901.0,894.0,901.0,500.0,0.0,-0.7769145394006638,0.7829977628635243,-4.6560846560846585,-4.6560846560846585,4.88346281908989,0.0,0.11848341232227488,True,False,False
4387,ＺＵＵ,2026-09-07,549.0,593.0,593.0,539.0,504.64,19700.0,539.0,548.0,535.0,535.0,1100.0,-2.5500910746812377,-1.821493624772308,-0.7421150278293154,-9.780775716694768,-9.780775716694768,10.8411214953271,0.0,0.05583756345177665,False,False,False
4388,エーアイ,2026-09-07,378.0,380.0,380.0,373.2,367.0,11640.0,372.0,380.0,372.0,378.0,10200.0,0.0,-1.5873015873015928,1.6129032258064502,-0.5263157894736858,-0.5263157894736858,0.5291005291005346,0.0,0.8762886597938144,True,False,False
4389,プロパティデータバンク,2026-09-07,1110.0,1160.0,1160.0,1067.4,1053.4,6820.0,1093.0,1111.0,1074.0,1110.0,9700.0,0.0,-1.531531531531527,1.5553522415370447,-4.31034482758621,-4.31034482758621,4.504504504504503,0.0,1.4222873900293256,True,False,False
438A,インフキュリオン,2026-09-07,995.0,1025.0,1025.0,989.4,947.28,65700.0,996.0,996.0,985.0,988.0,5500.0,-0.7035175879396949,0.10050251256281673,-0.8032128514056214,-3.609756097560979,-3.609756097560979,3.7449392712550544,0.0,0.0837138508371385,False,False,False
4390,ＩＰＳ,2026-09-07,4150.0,4320.0,4320.0,4056.0,3915.0,55640.0,4090.0,4125.0,4090.0,4095.0,2100.0,-1.3253012048192736,-1.4457831325301207,0.12224938875304847,-5.2083333333333375,-5.2083333333333375,5.494505494505497,0.0,0.037742631200575125,True,False,False
4391,ロジザード,2026-09-07,1152.0,1188.0,1188.0,1156.6,1138.96,2420.0,1150.0,1155.0,1150.0,1155.0,200.0,0.26041666666667407,-0.17361111111111605,0.43478260869564966,-2.777777777777779,-2.777777777777779,2.857142857142847,0.0,0.08264462809917356,True,False,False
4392,ＦＩＧ,2026-09-07,1048.0,1433.0,1433.0,1085.0,1062.24,3558160.0,1026.0,1031.0,1016.0,1027.0,149300.0,-2.0038167938931317,-2.099236641221369,0.09746588693957392,-28.332170272156322,-28.332170272156322,39.53261927945473,0.0,0.0419598893810284,True,False,False
4393,バンク・オブ・イノベーション,2026-09-07,5570.0,6280.0,6280.0,5458.0,5355.2,54900.0,5560.0,5560.0,5480.0,5500.0,1800.0,-1.2567324955116699,-0.17953321364452268,-1.0791366906474864,-12.420382165605092,-12.420382165605092,14.181818181818183,0.0,0.03278688524590164,False,False,False
4394,エクスモーション,2026-09-07,664.0,762.0,762.0,672.4,582.96,183620.0,658.0,665.0,657.0,657.0,6400.0,-1.0542168674698815,-0.9036144578313254,-0.1519756838905817,-13.779527559055115,-13.779527559055115,15.981735159817356,0.0,0.0348545910031587,False,False,False
4395,アクリート,2026-09-07,749.0,759.0,759.0,727.4,697.92,24300.0,741.0,750.0,741.0,750.0,1600.0,0.1335113484646211,-1.0680907877169576,1.2145748987854255,-1.1857707509881465,-1.1857707509881465,1.200000000000001,0.0,0.06584362139917696,True,False,False
4396,システムサポートホールディングス,2026-09-07,1348.0,1455.0,1455.0,1387.8,1322.44,104920.0,1331.0,1341.0,1331.0,1339.0,4700.0,-0.667655786350152,-1.261127596439171,0.6010518407212562,-7.9725085910652975,-7.9725085910652975,8.663181478715455,0.0,0.04479603507434236,True,False,False
4397,チームスピリット,2026-09-07,409.0,441.0,441.0,413.4,411.0,44000.0,409.0,409.0,400.0,404.0,1600.0,-1.2224938875305624,0.0,-1.2224938875305624,-8.390022675736963,-8.390022675736963,9.158415841584166,0.0,0.03636363636363636,False,False,False
4398,ブロードバンドセキュリティ,2026-09-07,1290.0,1310.0,1310.0,1290.8,1278.88,2760.0,1290.0,1290.0,1290.0,1290.0,100.0,0.0,0.0,0.0,-1.526717557251911,-1.526717557251911,1.5503875968992276,0.0,0.036231884057971016,False,False,False
4401,ＡＤＥＫＡ,2026-09-07,4581.0,4913.0,4913.0,4632.8,4550.04,307040.0,4542.0,4542.0,4506.0,4517.0,9900.0,-1.397074874481552,-0.8513425016371978,-0.5504183179216193,-8.060248320781604,-8.060248320781604,8.766880673013056,0.0,0.03224335591453882,False,False,False
4403,日油,2026-09-07,2622.5,2812.0,2846.5,2674.1,2736.4,920260.0,2601.0,2619.5,2590.0,2616.0,132600.0,-0.24785510009532885,-0.8198284080076279,0.5767012687427853,-6.970128022759603,-8.097663797646238,8.811162079510693,1.2268847795163573,0.14408971377654142,True,False,False
4404,ミヨシ油脂,2026-09-07,2238.0,2249.0,2249.0,2212.4,2105.28,19300.0,2249.0,2249.0,2238.0,2238.0,1500.0,0.0,0.49151027703306926,-0.4891062694530879,-0.4891062694530879,-0.4891062694530879,0.49151027703306926,0.0,0.07772020725388601,False,False,False
4406,新日本理化,2026-09-07,244.0,262.0,262.0,250.6,242.04,251540.0,243.0,245.0,243.0,245.0,40600.0,0.4098360655737654,-0.4098360655737654,0.8230452674897082,-6.488549618320616,-6.488549618320616,6.938775510204076,0.0,0.16140574063767194,True,False,False
4409,東邦化学工業,2026-09-07,784.0,794.0,794.0,784.2,768.44,4440.0,788.0,788.0,788.0,788.0,400.0,0.5102040816326481,0.5102040816326481,0.0,-0.7556675062972307,-0.7556675062972307,0.761421319796951,0.0,0.09009009009009009,False,False,False
4410,ハリマ化成グループ,2026-09-07,1114.0,1185.0,1185.0,1130.6,1136.44,68120.0,1103.0,1103.0,1092.0,1094.0,7400.0,-1.795332136445238,-0.9874326750448859,-0.8159564823209453,-7.679324894514772,-7.679324894514772,8.3180987202925,0.0,0.1086318261890781,False,False,False
4412,サイエンスアーツ,2026-09-07,1405.0,1425.0,1425.0,1380.6,1238.68,27280.0,1410.0,1410.0,1392.0,1398.0,1100.0,-0.4982206405693912,0.3558718861210064,-0.8510638297872353,-1.8947368421052602,-1.8947368421052602,1.93133047210301,0.0,0.04032258064516129,False,False,False
4413,ボードルア,2026-09-07,2963.0,3290.0,3290.0,2963.0,2890.96,392500.0,2964.0,2965.0,2963.0,2964.0,17700.0,0.03374957813027102,0.03374957813027102,0.0,-9.90881458966565,-9.90881458966565,10.998650472334681,0.0,0.045095541401273885,False,False,False
4414,フレクト,2026-09-07,1092.0,1343.0,1343.0,1097.6,1151.96,19920.0,1092.0,1093.0,1071.0,1088.0,3100.0,-0.366300366300365,0.0,-0.366300366300365,-18.9873417721519,-18.9873417721519,23.4375,0.0,0.15562248995983935,False,False,False
4415,ブロードエンタープライズ,2026-09-07,1401.0,1494.0,1494.0,1407.0,1392.36,12580.0,1404.0,1404.0,1401.0,1402.0,1800.0,0.07137758743753775,0.21413276231263545,-0.14245014245014564,-6.157965194109771,-6.157965194109771,6.562054208273893,0.0,0.14308426073131955,False,False,False
4416,Ｔｒｕｅ　Ｄａｔａ,2026-09-07,421.0,466.0,466.0,419.0,406.24,8900.0,420.0,427.0,420.0,427.0,500.0,1.4251781472684133,-0.23752969121140222,1.6666666666666607,-8.369098712446355,-8.369098712446355,9.133489461358323,0.0,0.056179775280898875,True,False,False
4417,グローバルセキュリティエキスパート,2026-09-07,4440.0,5060.0,5060.0,4458.0,4551.4,52060.0,4310.0,4315.0,4250.0,4290.0,8500.0,-3.378378378378377,-2.9279279279279313,-0.46403712296984034,-15.217391304347828,-15.217391304347828,17.948717948717952,0.0,0.16327314636957357,False,False,False
4418,ＪＤＳＣ,2026-09-07,1078.0,1163.0,1163.0,1108.8,965.96,261720.0,1071.0,1072.0,1054.0,1071.0,12100.0,-0.649350649350644,-0.649350649350644,0.0,-7.910576096302668,-7.910576096302668,8.590102707749757,0.0,0.04623261500840593,False,False,False
4419,Ｆｉｎａｔｅｘｔホールディングス,2026-09-07,1385.0,1669.0,1674.0,1367.8,1435.2,445140.0,1386.0,1387.0,1371.0,1374.0,20300.0,-0.7942238267148016,0.07220216606498298,-0.8658008658008698,-17.675254643499105,-17.92114695340502,21.834061135371186,0.2995805871779611,0.04560363031855147,False,False,False
441A,ＮＥ,2026-09-07,275.0,289.0,289.0,263.4,269.96,47800.0,275.0,280.0,275.0,277.0,2400.0,0.727272727272732,0.0,0.727272727272732,-4.152249134948094,-4.152249134948094,4.332129963898912,0.0,0.0502092050209205,True,False,False
4420,イーソル,2026-09-07,825.0,1010.0,1010.0,850.4,750.88,1047500.0,825.0,825.0,823.0,823.0,82300.0,-0.24242424242424399,0.0,-0.24242424242424399,-18.51485148514852,-18.51485148514852,22.721749696233285,0.0,0.07856801909307876,False,False,False
4421,ディ・アイ・システム,2026-09-07,944.0,950.0,950.0,941.4,935.0,1680.0,944.0,944.0,942.0,942.0,500.0,-0.21186440677966045,0.0,-0.21186440677966045,-0.8421052631578996,-0.8421052631578996,0.849256900212314,0.0,0.2976190476190476,False,False,False
4422,ＶＡＬＵＥＮＥＸ,2026-09-07,598.0,664.0,664.0,581.8,573.76,112080.0,608.0,608.0,598.0,605.0,11300.0,1.17056856187292,1.6722408026755842,-0.49342105263158187,-8.885542168674698,-8.885542168674698,9.752066115702473,0.0,0.10082084225553176,False,False,False
4424,Ａｍａｚｉａ,2026-09-07,338.0,430.0,475.0,344.6,347.48,165320.0,336.0,338.0,336.0,338.0,1100.0,0.0,-0.591715976331364,0.5952380952380931,-21.395348837209305,-28.84210526315789,40.53254437869822,10.465116279069765,0.006653762400193564,True,False,False
4425,Ｋｕｄａｎ,2026-09-07,1565.0,1755.0,1803.0,1500.6,1568.44,398680.0,1553.0,1553.0,1523.0,1547.0,19500.0,-1.1501597444089406,-0.7667731629392938,-0.3863490019317406,-11.851851851851848,-14.198557958957291,16.54815772462832,2.7350427350427253,0.048911407645229256,False,False,False
4427,ＥｄｕＬａｂ,2026-09-07,232.0,235.0,235.0,227.6,217.44,14340.0,230.0,230.0,230.0,230.0,200.0,-0.8620689655172376,-0.8620689655172376,0.0,-2.127659574468088,-2.127659574468088,2.1739130434782705,0.0,0.01394700139470014,False,False,False
4428,シノプス,2026-09-07,703.0,730.0,749.0,706.6,707.0,2100.0,703.0,703.0,703.0,703.0,100.0,0.0,0.0,0.0,-3.698630136986303,-6.141522029372492,6.543385490753906,2.602739726027403,0.047619047619047616,False,False,False
4429,リックソフト,2026-09-07,718.0,737.0,737.0,721.0,716.96,860.0,715.0,720.0,715.0,718.0,900.0,0.0,-0.41782729805014407,0.41958041958041203,-2.578018995929443,-2.578018995929443,2.646239554317553,0.0,1.0465116279069768,True,False,False
442A,クラシコ,2026-09-07,970.0,993.0,993.0,978.0,970.84,1420.0,967.0,967.0,967.0,967.0,100.0,-0.3092783505154628,-0.3092783505154628,0.0,-2.618328298086603,-2.618328298086603,2.6887280248190315,0.0,0.07042253521126761,False,False,False
4430,東海ソフト,2026-09-07,1764.0,1840.0,1840.0,1782.4,1698.52,22120.0,1753.0,1753.0,1746.0,1750.0,1700.0,-0.7936507936507908,-0.6235827664399118,-0.17113519680547196,-4.891304347826086,-4.891304347826086,5.142857142857138,0.0,0.07685352622061482,False,False,False
4431,スマレジ,2026-09-07,3485.0,3825.0,3825.0,3523.0,3390.6,123640.0,3425.0,3455.0,3410.0,3450.0,4900.0,-1.0043041606886627,-1.7216642754662836,0.7299270072992803,-9.80392156862745,-9.80392156862745,10.869565217391308,0.0,0.03963118731802006,True,False,False
4432,ウイングアーク１ｓｔ,2026-09-07,3235.0,3585.0,3585.0,3347.0,3265.2,146720.0,3275.0,3275.0,3230.0,3230.0,7800.0,-0.1545595054095794,1.2364760432766575,-1.3740458015267132,-9.902370990237097,-9.902370990237097,10.9907120743034,0.0,0.05316248636859324,False,False,False
4433,ヒト・コミュニケーションズ・ホールディングス,2026-09-07,846.0,912.0,912.0,861.4,891.12,47700.0,846.0,846.0,842.0,843.0,8400.0,-0.35460992907800915,0.0,-0.35460992907800915,-7.565789473684214,-7.565789473684214,8.185053380782925,0.0,0.1761006289308176,False,False,False
4434,サーバーワークス,2026-09-07,2435.0,2682.0,2682.0,2474.6,2455.56,43680.0,2425.0,2436.0,2415.0,2422.0,5300.0,-0.5338809034907577,-0.4106776180698102,-0.12371134020618957,-9.694258016405666,-9.694258016405666,10.734929810074313,0.0,0.12133699633699634,False,False,False
4436,ミンカブ・ジ・インフォノイド,2026-09-07,415.0,472.0,472.0,415.8,431.84,30100.0,415.0,415.0,415.0,415.0,100.0,0.0,0.0,0.0,-12.076271186440678,-12.076271186440678,13.734939759036147,0.0,0.0033222591362126247,False,False,False
4437,ｇｏｏｄｄａｙｓホールディングス,2026-09-07,730.0,837.0,837.0,744.4,779.28,8440.0,730.0,730.0,730.0,730.0,100.0,0.0,0.0,0.0,-12.783751493428907,-12.783751493428907,14.657534246575343,0.0,0.011848341232227487,False,False,False
4438,Ｗｅｌｂｙ,2026-09-07,261.0,274.0,274.0,261.4,258.2,11940.0,261.0,261.0,261.0,261.0,1000.0,0.0,0.0,0.0,-4.744525547445255,-4.744525547445255,4.980842911877392,0.0,0.08375209380234507,False,False,False
4439,東名,2026-09-07,792.0,820.0,880.0,797.8,772.76,4760.0,792.0,792.0,792.0,792.0,200.0,0.0,0.0,0.0,-3.4146341463414664,-9.999999999999998,11.111111111111116,7.317073170731714,0.04201680672268908,False,False,False
4440,ヴィッツ,2026-09-07,1614.0,2238.0,2238.0,1735.4,1320.76,4395020.0,1665.0,1900.0,1598.0,1614.0,2341000.0,0.0,3.1598513011152463,-3.063063063063065,-27.88203753351206,-27.88203753351206,38.661710037174714,0.0,0.5326483155935582,False,False,False
4441,トビラシステムズ,2026-09-07,1495.0,1580.0,1695.0,1499.0,1498.96,12180.0,1500.0,1500.0,1485.0,1485.0,800.0,-0.6688963210702337,0.33444816053511683,-1.0000000000000009,-6.0126582278481,-12.389380530973447,14.141414141414144,7.278481012658222,0.06568144499178982,False,False,False
4442,バルテス・ホールディングス,2026-09-07,407.0,416.0,416.0,411.0,405.36,40100.0,405.0,405.0,404.0,404.0,11800.0,-0.7371007371007376,-0.49140049140049546,-0.24691358024691024,-2.8846153846153855,-2.8846153846153855,2.970297029702973,0.0,0.2942643391521197,False,False,False
4443,Ｓａｎｓａｎ,2026-09-07,2040.0,2355.0,2355.0,2157.4,2083.84,1298120.0,2030.0,2051.0,2021.0,2027.0,83300.0,-0.637254901960782,-0.4901960784313708,-0.1477832512315258,-13.92781316348195,-13.92781316348195,16.181549087321166,0.0,0.0641697223677318,False,False,False
4444,インフォネット,2026-09-07,961.0,973.0,1050.0,957.2,953.6,1260.0,961.0,961.0,960.0,961.0,1600.0,0.0,0.0,0.0,-1.2332990750256956,-8.476190476190482,9.261186264308009,7.913669064748197,1.2698412698412698,False,False,False
4445,リビン・テクノロジーズ,2026-09-07,1958.0,1968.0,1968.0,1929.4,1868.72,2500.0,1967.0,1967.0,1967.0,1967.0,500.0,0.4596527068437162,0.4596527068437162,0.0,-0.050813008130079496,-0.050813008130079496,0.05083884087442314,0.0,0.2,False,False,False
4446,Ｌｉｎｋ－Ｕグループ,2026-09-07,835.0,901.0,901.0,840.4,837.0,24100.0,836.0,836.0,830.0,832.0,2000.0,-0.3592814371257469,0.11976047904191933,-0.4784688995215336,-7.658157602663707,-7.658157602663707,8.29326923076923,0.0,0.08298755186721991,False,False,False
4447,ピー・ビーシステムズ,2026-09-07,502.0,511.0,511.0,503.2,490.4,12320.0,505.0,505.0,505.0,505.0,800.0,0.5976095617529875,0.5976095617529875,0.0,-1.1741682974559686,-1.1741682974559686,1.1881188118811892,0.0,0.06493506493506493,False,False,False
4448,ｋｕｂｅｌｌ,2026-09-07,357.0,375.0,375.0,348.8,338.88,98000.0,356.0,357.0,356.0,357.0,2100.0,0.0,-0.2801120448179262,0.2808988764045006,-4.800000000000004,-4.800000000000004,5.042016806722693,0.0,0.02142857142857143,True,False,False
4450,パワーソリューションズ,2026-09-07,2342.0,2384.0,2384.0,2345.2,2244.44,2240.0,2342.0,2342.0,2342.0,2342.0,300.0,0.0,0.0,0.0,-1.7617449664429574,-1.7617449664429574,1.7933390264730953,0.0,0.13392857142857142,False,False,False
4452,花王,2026-09-07,3455.0,3782.0,3782.0,3539.6,3533.48,2285580.0,3451.0,3451.0,3428.0,3428.0,167100.0,-0.7814761215629518,-0.11577424023154759,-0.6664734859461063,-9.360126916975142,-9.360126916975142,10.326721120186688,0.0,0.07311054524453311,False,False,False
4461,第一工業製薬,2026-09-07,13710.0,15900.0,15900.0,13262.0,13797.2,196440.0,13390.0,13460.0,13300.0,13460.0,7500.0,-1.8234865061998562,-2.334062727935815,0.5227781926810948,-15.345911949685531,-15.345911949685531,18.127786032689453,0.0,0.03817959682345754,True,False,False
4462,石原ケミカル,2026-09-07,2944.0,3380.0,3380.0,2939.4,3054.16,26360.0,2906.0,2906.0,2882.0,2883.0,2700.0,-2.0720108695652217,-1.2907608695652217,-0.7914659325533369,-14.704142011834321,-14.704142011834321,17.23898716614638,0.0,0.10242792109256449,False,False,False
4463,日華化学,2026-09-07,2034.0,2106.0,2143.0,2036.2,2038.08,10680.0,2025.0,2025.0,2005.0,2017.0,1600.0,-0.8357915437561481,-0.4424778761061954,-0.39506172839506304,-4.226020892687554,-5.879608026131589,6.246901338621713,1.7568850902184296,0.149812734082397,False,False,False
4464,ソフト９９コーポレーション,2026-09-07,3465.0,3650.0,3695.0,3495.0,3563.0,560.0,3420.0,3420.0,3420.0,3420.0,100.0,-1.2987012987012991,-1.2987012987012991,0.0,-6.301369863013695,-7.442489851150203,8.040935672514626,1.2328767123287676,0.17857142857142858,False,False,False
4465,ニイタカ,2026-09-07,2408.0,2499.0,2499.0,2409.2,2378.16,2560.0,2406.0,2406.0,2406.0,2406.0,400.0,-0.08305647840531893,-0.08305647840531893,0.0,-3.7214885954381716,-3.7214885954381716,3.8653366583541127,0.0,0.15625,False,False,False
446A,ノースサンド,2026-09-07,2144.0,2354.0,2354.0,2196.6,1916.92,819900.0,2185.0,2242.0,2142.0,2179.0,228600.0,1.6324626865671599,1.9123134328358216,-0.27459954233409745,-7.434154630416312,-7.434154630416312,8.03120697567692,0.0,0.278814489571899,False,False,False
4471,三洋化成工業,2026-09-07,6120.0,6740.0,6740.0,6340.0,6169.2,127040.0,6100.0,6100.0,6050.0,6060.0,5100.0,-0.9803921568627416,-0.32679738562091387,-0.6557377049180357,-10.089020771513358,-10.089020771513358,11.221122112211223,0.0,0.0401448362720403,False,False,False
4475,ＨＥＮＮＧＥ,2026-09-07,1569.0,1816.0,1816.0,1626.0,1529.84,586600.0,1561.0,1581.0,1558.0,1577.0,40000.0,0.5098789037603524,-0.5098789037603524,1.0249839846252495,-13.160792951541856,-13.160792951541856,15.155358275206087,0.0,0.06818956699624958,True,False,False
4476,ＡＩ　ＣＲＯＳＳ,2026-09-07,1095.0,1204.0,1204.0,1115.4,1117.04,19860.0,1095.0,1096.0,1090.0,1090.0,500.0,-0.45662100456621557,0.0,-0.45662100456621557,-9.46843853820598,-9.46843853820598,10.45871559633027,0.0,0.025176233635448138,False,False,False
4477,ＢＡＳＥ,2026-09-07,343.0,375.0,375.0,349.6,313.24,1188780.0,342.0,342.0,341.0,342.0,73400.0,-0.2915451895043719,-0.2915451895043719,0.0,-8.799999999999997,-8.799999999999997,9.649122807017552,0.0,0.061743972812463195,False,False,False
4478,フリー,2026-09-07,3820.0,4585.0,4585.0,4016.0,3499.92,802060.0,3770.0,3815.0,3755.0,3770.0,41200.0,-1.308900523560208,-1.308900523560208,0.0,-17.775354416575794,-17.775354416575794,21.618037135278524,0.0,0.05136772810014213,False,False,False
4479,マクアケ,2026-09-07,966.0,1035.0,1060.0,972.2,905.24,253760.0,968.0,968.0,961.0,961.0,1500.0,-0.5175983436852993,0.20703933747412417,-0.723140495867769,-7.149758454106281,-9.339622641509438,10.301768990634752,2.4154589371980784,0.00591109709962169,False,False,False
4480,メドレー,2026-09-07,2427.0,3040.0,3040.0,2549.2,2521.96,338880.0,2422.0,2457.0,2389.0,2432.0,51900.0,0.20601565718993964,-0.20601565718995074,0.41288191577208977,-19.999999999999996,-19.999999999999996,25.0,0.0,0.15315155807365438,True,False,False
4481,ベース,2026-09-07,3310.0,3445.0,3445.0,3346.0,3273.0,56220.0,3315.0,3315.0,3290.0,3300.0,14200.0,-0.30211480362537513,0.15105740181269312,-0.4524886877828038,-4.2089985486211905,-4.2089985486211905,4.3939393939393945,0.0,0.25257915332621844,False,False,False
4482,ウィルズ,2026-09-07,740.0,755.0,755.0,737.6,730.6,5620.0,740.0,740.0,739.0,739.0,400.0,-0.13513513513513375,0.0,-0.13513513513513375,-2.119205298013249,-2.119205298013249,2.1650879566982306,0.0,0.0711743772241993,False,False,False
4483,ＪＭＤＣ,2026-09-07,3590.0,3655.0,3655.0,3479.0,3400.2,382600.0,3550.0,3585.0,3530.0,3560.0,16100.0,-0.835654596100277,-1.1142061281337101,0.28169014084507005,-2.599179206566349,-2.599179206566349,2.6685393258427004,0.0,0.04208050182958704,True,False,False
4484,ランサーズ,2026-09-07,300.0,309.0,309.0,298.4,291.28,21700.0,300.0,300.0,299.0,299.0,3600.0,-0.33333333333332993,0.0,-0.33333333333332993,-3.2362459546925515,-3.2362459546925515,3.3444816053511683,0.0,0.16589861751152074,False,False,False
4486,ユナイトアンドグロウ,2026-09-07,685.0,709.0,709.0,688.6,678.84,5040.0,680.0,680.0,680.0,680.0,1000.0,-0.7299270072992692,-0.7299270072992692,0.0,-4.090267983074758,-4.090267983074758,4.264705882352948,0.0,0.1984126984126984,False,False,False
4487,スペースマーケット,2026-09-07,233.0,239.0,239.0,230.4,228.2,2700.0,233.0,233.0,233.0,233.0,500.0,0.0,0.0,0.0,-2.5104602510460206,-2.5104602510460206,2.5751072961373467,0.0,0.18518518518518517,False,False,False
4488,ＡＩ　ｉｎｓｉｄｅ,2026-09-07,2201.0,2380.0,2380.0,2239.6,2182.36,8160.0,2210.0,2210.0,2201.0,2201.0,300.0,0.0,0.4089050431621999,-0.40723981900452344,-7.52100840336134,-7.52100840336134,8.132666969559299,0.0,0.03676470588235294,False,False,False
4490,ビザスク,2026-09-07,659.0,690.0,690.0,669.0,665.6,10420.0,650.0,656.0,645.0,645.0,3400.0,-2.124430955993928,-1.365705614567525,-0.7692307692307665,-6.521739130434778,-6.521739130434778,6.976744186046502,0.0,0.32629558541266795,False,False,False
4491,コンピューターマネージメント,2026-09-07,3370.0,3390.0,3390.0,3313.0,3248.2,3440.0,3380.0,3380.0,3370.0,3370.0,900.0,0.0,0.29673590504450953,-0.295857988165682,-0.5899705014749235,-0.5899705014749235,0.5934718100890191,0.0,0.2616279069767442,False,False,False
4492,ゼネテック,2026-09-07,393.0,430.0,430.0,396.0,386.76,51760.0,392.0,392.0,391.0,391.0,1100.0,-0.5089058524173073,-0.2544529262086481,-0.25510204081632404,-9.069767441860465,-9.069767441860465,9.974424552429673,0.0,0.02125193199381762,False,False,False
4493,サイバーセキュリティクラウド,2026-09-07,1807.0,2048.0,2048.0,1806.2,1884.52,178560.0,1800.0,1804.0,1788.0,1796.0,8300.0,-0.6087437742113955,-0.387382401770886,-0.22222222222222365,-12.3046875,-12.3046875,14.031180400890864,0.0,0.04648297491039426,False,False,False
4495,アイキューブドシステムズ,2026-09-07,2038.0,2196.0,2196.0,2037.4,1976.32,7700.0,2029.0,2029.0,2029.0,2029.0,100.0,-0.4416094210009769,-0.4416094210009769,0.0,-7.604735883424407,-7.604735883424407,8.230655495317896,0.0,0.012987012987012988,False,False,False
4496,コマースＯｎｅホールディングス,2026-09-07,781.0,814.0,852.0,779.2,777.6,3900.0,781.0,781.0,781.0,781.0,300.0,0.0,0.0,0.0,-4.054054054054057,-8.333333333333337,9.090909090909083,4.668304668304679,0.07692307692307693,False,False,False
4498,サイバートラスト,2026-09-07,1282.0,1396.0,1396.0,1292.0,1288.24,47160.0,1270.0,1270.0,1260.0,1263.0,2200.0,-1.4820592823712953,-0.9360374414976613,-0.5511811023622082,-9.52722063037249,-9.52722063037249,10.530482977038801,0.0,0.04664970313825276,False,False,False
4499,Ｓｐｅｅｅ,2026-09-07,2471.0,2940.0,2940.0,2410.4,2462.44,86060.0,2456.0,2456.0,2423.0,2453.0,6300.0,-0.7284500202347277,-0.6070416835289305,-0.12214983713354499,-16.564625850340132,-16.564625850340132,19.853240929474115,0.0,0.0732047408784569,False,False,False
4502,武田薬品工業,2026-09-07,5777.0,5917.0,5917.0,5821.4,5670.64,3646000.0,5750.0,5785.0,5738.0,5765.0,297900.0,-0.20772027003634896,-0.46737060758178517,0.2608695652173809,-2.568869359472703,-2.568869359472703,2.636600173460546,0.0,0.08170597915523861,True,False,False
4503,アステラス製薬,2026-09-07,2303.0,2455.0,2455.0,2375.9,2340.48,5161780.0,2287.0,2290.0,2270.5,2278.5,429300.0,-1.0638297872340385,-0.6947459834997782,-0.3716659379099263,-7.1894093686354354,-7.1894093686354354,7.7463243361860945,0.0,0.0831689843426105,False,False,False
4506,住友ファーマ,2026-09-07,1618.5,1699.0,1699.0,1633.7,1428.08,4967080.0,1608.0,1609.0,1582.5,1601.0,299400.0,-1.0812480691998805,-0.6487488415199305,-0.43532338308457375,-5.768098881695116,-5.768098881695116,6.121174266083695,0.0,0.06027686286510384,False,False,False
4507,塩野義製薬,2026-09-07,2943.0,3026.0,3082.0,2955.2,2879.6,3091080.0,2922.5,2924.5,2903.0,2913.5,130800.0,-1.002378525314307,-0.6965681277607882,-0.3079555175363513,-3.717779246530073,-5.467229072031143,5.783422001029681,1.8506278916060825,0.042315307271245,False,False,False
4512,わかもと製薬,2026-09-07,301.0,319.0,319.0,307.4,288.44,58960.0,301.0,303.0,301.0,303.0,2500.0,0.6644518272425293,0.0,0.6644518272425293,-5.0156739811912265,-5.0156739811912265,5.280528052805278,0.0,0.042401628222523746,True,False,False
4516,日本新薬,2026-09-07,3424.0,3761.0,4079.0,3483.4,3562.2,401960.0,3412.0,3435.0,3393.0,3400.0,55700.0,-0.7009345794392496,-0.3504672897196248,-0.3516998827667095,-9.598511034299385,-16.64623682275067,19.970588235294116,8.455198085615523,0.13857100208976017,False,False,False
4519,中外製薬,2026-09-07,6564.0,7229.0,7229.0,6800.6,6906.88,2323640.0,6544.0,6558.0,6519.0,6529.0,222200.0,-0.5332114564290058,-0.30469226081657474,-0.22921760391197976,-9.6832203624291,-9.6832203624291,10.721396844846076,0.0,0.09562582844158303,False,False,False
4521,科研製薬,2026-09-07,3895.0,4060.0,4060.0,3949.0,3954.0,117980.0,3895.0,3895.0,3875.0,3885.0,7300.0,-0.25673940949936247,0.0,-0.25673940949936247,-4.31034482758621,-4.31034482758621,4.504504504504503,0.0,0.06187489404983896,False,False,False
4523,エーザイ,2026-09-07,4633.0,5040.0,5132.0,4725.2,4787.44,1105640.0,4610.0,4644.0,4593.0,4639.0,102600.0,0.12950571983596504,-0.49643859270450674,0.629067245119308,-7.956349206349211,-9.606391270459858,10.627290364302656,1.825396825396819,0.09279693209362903,True,False,False
4524,森下仁丹,2026-09-07,2245.0,2249.0,2249.0,2244.2,2236.8,960.0,2246.0,2246.0,2246.0,2246.0,100.0,0.044543429844101645,0.044543429844101645,0.0,-0.13339261894175225,-0.13339261894175225,0.13357079252003246,0.0,0.10416666666666667,False,False,False
4526,理研ビタミン,2026-09-07,3265.0,3470.0,3470.0,3326.0,3282.0,98300.0,3250.0,3250.0,3240.0,3250.0,13000.0,-0.45941807044410643,-0.45941807044410643,0.0,-6.340057636887608,-6.340057636887608,6.769230769230772,0.0,0.13224821973550355,False,False,False
4527,ロート製薬,2026-09-07,2904.5,3122.0,3122.0,2993.2,2831.78,1028740.0,2888.0,2895.0,2877.0,2884.0,38700.0,-0.7058013427440168,-0.5680840075744542,-0.13850415512465242,-7.623318385650224,-7.623318385650224,8.252427184466015,0.0,0.0376188346909812,False,False,False
4528,小野薬品工業,2026-09-07,2418.5,2517.5,2517.5,2462.5,2426.2,1346560.0,2402.0,2412.0,2393.0,2407.5,65900.0,-0.454827372338229,-0.682241058507338,0.22897585345544869,-4.369414101290959,-4.369414101290959,4.569055036344749,0.0,0.048939519961977186,True,False,False
4531,有機合成薬品工業,2026-09-07,363.0,374.0,374.0,363.8,358.48,40640.0,362.0,362.0,362.0,362.0,5700.0,-0.27548209366391463,-0.27548209366391463,0.0,-3.208556149732622,-3.208556149732622,3.3149171270718147,0.0,0.14025590551181102,False,False,False
4534,持田製薬,2026-09-07,3205.0,3340.0,3340.0,3267.0,3238.4,36000.0,3200.0,3200.0,3175.0,3180.0,2900.0,-0.7800312012480548,-0.15600624024960652,-0.6249999999999978,-4.790419161676651,-4.790419161676651,5.031446540880502,0.0,0.08055555555555556,False,False,False
4536,参天製薬,2026-09-07,1794.5,1990.0,2039.5,1853.8,1888.1,1181020.0,1778.5,1779.5,1771.0,1774.0,66900.0,-1.1423794928949516,-0.8916132627472817,-0.25302220972729383,-10.854271356783919,-13.017896543270414,14.966178128523122,2.487437185929653,0.05664595011092107,False,False,False
4538,扶桑薬品工業,2026-09-07,2251.0,2330.0,2330.0,2275.8,2254.72,10800.0,2249.0,2249.0,2240.0,2240.0,700.0,-0.4886717014660147,-0.08884940026654409,-0.40017785682525675,-3.862660944206009,-3.862660944206009,4.01785714285714,0.0,0.06481481481481481,False,False,False
4539,日本ケミファ,2026-09-07,1564.0,1612.0,1674.0,1581.6,1576.12,5820.0,1564.0,1564.0,1563.0,1563.0,300.0,-0.06393861892582953,0.0,-0.06393861892582953,-3.0397022332506185,-6.630824372759858,7.101727447216888,3.8461538461538547,0.05154639175257732,False,False,False
4540,ツムラ,2026-09-07,3693.0,3870.0,4079.0,3747.6,3760.84,513440.0,3693.0,3697.0,3678.0,3678.0,73800.0,-0.4061738424045447,0.0,-0.4061738424045447,-4.961240310077519,-9.83084089237558,10.902664491571512,5.40051679586564,0.14373636646930507,False,False,False
4543,テルモ,2026-09-07,2373.5,2689.0,2689.0,2457.3,2502.22,3748400.0,2350.0,2360.5,2341.0,2344.0,334900.0,-1.2428902464714509,-0.990099009900991,-0.2553191489361728,-12.830048345109702,-12.830048345109702,14.718430034129693,0.0,0.08934478710916657,False,False,False
4544,Ｈ．Ｕ．グループホールディングス,2026-09-07,3485.0,3717.0,3717.0,3501.8,3550.64,249520.0,3460.0,3468.0,3451.0,3451.0,5500.0,-0.9756097560975618,-0.717360114777621,-0.26011560693641744,-7.156308851224102,-7.156308851224102,7.7079107505070965,0.0,0.02204232125681308,False,False,False
4547,キッセイ薬品工業,2026-09-07,4005.0,4180.0,4360.0,4058.0,4068.4,52500.0,4000.0,4015.0,3990.0,4000.0,5800.0,-0.12484394506866447,-0.12484394506866447,0.0,-4.30622009569378,-8.25688073394495,9.000000000000007,4.306220095693769,0.11047619047619048,False,False,False
4548,生化学工業,2026-09-07,705.0,734.0,761.0,707.8,710.28,141360.0,702.0,702.0,700.0,701.0,69600.0,-0.5673758865248235,-0.42553191489361764,-0.14245014245014564,-4.495912806539515,-7.88436268068331,8.559201141226813,3.6784741144414212,0.4923599320882852,False,False,False
4549,栄研化学,2026-09-07,2279.0,2392.0,2580.0,2323.0,2282.88,172540.0,2265.0,2274.0,2250.0,2274.0,5300.0,-0.21939447125932654,-0.6143045195261099,0.3973509933774766,-4.933110367892979,-11.860465116279073,13.456464379947231,7.859531772575257,0.03071751477918164,True,False,False
4552,ＪＣＲファーマ,2026-09-07,528.0,546.0,546.0,528.2,517.72,380600.0,526.0,529.0,525.0,527.0,36700.0,-0.18939393939394478,-0.37878787878787845,0.19011406844107182,-3.4798534798534786,-3.4798534798534786,3.6053130929791344,0.0,0.09642669469259064,True,False,False
4553,東和薬品,2026-09-07,3580.0,3995.0,4275.0,3653.0,3812.8,120380.0,3550.0,3555.0,3520.0,3525.0,16100.0,-1.5363128491620137,-0.8379888268156388,-0.7042253521126751,-11.764705882352944,-17.543859649122805,21.27659574468086,7.008760951188986,0.13374314670211,False,False,False
4554,富士製薬工業,2026-09-07,1751.0,1892.0,1914.0,1766.0,1822.64,89460.0,1745.0,1745.0,1734.0,1740.0,7100.0,-0.6282124500285535,-0.34266133637921303,-0.2865329512893977,-8.033826638477803,-9.090909090909093,10.000000000000009,1.1627906976744207,0.07936507936507936,False,False,False
4558,中京医薬品,2026-09-07,201.0,203.0,203.0,201.6,200.84,17960.0,200.0,201.0,200.0,201.0,17600.0,0.0,-0.497512437810943,0.49999999999998934,-0.9852216748768461,-0.9852216748768461,0.995024875621886,0.0,0.9799554565701559,True,False,False
4559,ゼリア新薬工業,2026-09-07,1986.0,2173.0,2203.0,1997.0,2062.8,182900.0,1986.0,1986.0,1978.0,1980.0,27500.0,-0.30211480362537513,0.0,-0.30211480362537513,-8.881730326737225,-10.122560145256465,11.262626262626263,1.3805798435342798,0.15035538545653362,False,False,False
4563,アンジェス,2026-09-07,39.0,51.0,51.0,39.2,43.36,483740.0,39.0,40.0,38.0,39.0,1508100.0,0.0,0.0,0.0,-23.529411764705888,-23.529411764705888,30.76923076923077,0.0,3.1175838260222433,False,False,False
4564,オンコセラピー・サイエンス,2026-09-07,22.0,23.0,23.0,21.8,20.8,159244720.0,22.0,22.0,21.0,21.0,112728500.0,-4.545454545454541,0.0,-4.545454545454541,-8.695652173913048,-8.695652173913048,9.523809523809534,0.0,0.7078947421302257,False,False,False
4565,ネクセラファーマ,2026-09-07,1168.0,1216.0,1216.0,1152.6,1060.64,1213660.0,1198.0,1212.0,1191.0,1205.0,283300.0,3.167808219178081,2.568493150684925,0.5843071786310494,-0.9046052631578982,-0.9046052631578982,0.9128630705394158,0.0,0.23342616548291945,True,False,False
4568,第一三共,2026-09-07,2735.5,2958.0,2958.0,2823.5,2773.46,5356880.0,2730.0,2750.0,2726.0,2744.5,385700.0,0.3290074940595966,-0.20106013525863498,0.5311355311355292,-7.217714672075726,-7.217714672075726,7.77919475314266,0.0,0.07200086617583369,True,False,False
4569,杏林製薬,2026-09-07,1108.0,1205.0,1229.0,1158.2,1137.32,241600.0,1103.0,1108.0,1100.0,1102.0,13700.0,-0.5415162454873612,-0.4512635379061325,-0.09066183136899886,-8.547717842323655,-10.333604556550036,11.524500907441016,1.991701244813271,0.05670529801324503,False,False,False
456A,ＨＵＭＡＮ　ＭＡＤＥ,2026-09-07,1510.0,1799.0,1799.0,1531.2,1488.2,498060.0,1520.0,1522.0,1502.0,1517.0,25600.0,0.46357615894039306,0.6622516556291425,-0.19736842105263497,-15.675375208449138,-15.675375208449138,18.58932102834543,0.0,0.05139942978757579,False,False,False
4570,免疫生物研究所,2026-09-07,1151.0,1186.0,1186.0,1071.2,1035.92,171200.0,1144.0,1159.0,1122.0,1155.0,34400.0,0.3475238922675983,-0.6081668114682914,0.9615384615384581,-2.613827993254636,-2.613827993254636,2.6839826839826886,0.0,0.20093457943925233,True,False,False
4571,ＮＡＮＯホールディングス,2026-09-07,103.0,118.0,118.0,101.2,102.92,285820.0,101.0,102.0,101.0,101.0,58600.0,-1.9417475728155331,-1.9417475728155331,0.0,-14.406779661016945,-14.406779661016945,16.831683168316825,0.0,0.20502414106780492,False,False,False
4572,カルナバイオサイエンス,2026-09-07,435.0,436.0,436.0,416.0,374.6,80000.0,430.0,447.0,428.0,447.0,17700.0,2.758620689655178,-1.1494252873563204,3.953488372093017,2.522935779816504,2.522935779816504,-2.460850111856827,0.0,0.22125,True,True,True
4574,大幸薬品,2026-09-07,253.0,273.0,273.0,255.8,259.44,82200.0,253.0,253.0,252.0,253.0,2900.0,0.0,0.0,0.0,-7.326007326007322,-7.326007326007322,7.905138339920947,0.0,0.03527980535279805,False,False,False
4575,キャンバス,2026-09-07,770.0,925.0,925.0,817.2,793.2,237500.0,772.0,774.0,767.0,772.0,8100.0,0.2597402597402487,0.2597402597402487,0.0,-16.540540540540537,-16.540540540540537,19.818652849740936,0.0,0.034105263157894736,False,False,False
4576,デ・ウエスタン・セラピテクス研究所,2026-09-07,89.0,91.0,91.0,87.0,84.36,409120.0,88.0,88.0,88.0,88.0,61200.0,-1.1235955056179803,-1.1235955056179803,0.0,-3.296703296703296,-3.296703296703296,3.409090909090917,0.0,0.14958936253421978,False,False,False
4577,ダイト,2026-09-07,1288.0,1385.0,1385.0,1310.2,1311.36,82660.0,1266.0,1271.0,1260.0,1271.0,9600.0,-1.3198757763975166,-1.7080745341614856,0.3949447077409074,-8.231046931407937,-8.231046931407937,8.969315499606601,0.0,0.11613839825792402,True,False,False
4578,大塚ホールディングス,2026-09-07,11730.0,12795.0,12795.0,12116.0,12163.2,1137180.0,11830.0,11835.0,11685.0,11785.0,89400.0,0.4688832054561054,0.8525149190110826,-0.3803888419273038,-7.893708479874951,-7.893708479874951,8.570216376750107,0.0,0.07861552260855802,False,False,False
4579,ラクオリア創薬,2026-09-07,552.0,617.0,617.0,550.4,540.12,93400.0,554.0,554.0,548.0,553.0,4100.0,0.18115942028984477,0.36231884057971175,-0.18050541516245744,-10.372771474878439,-10.372771474878439,11.573236889692584,0.0,0.043897216274089934,False,False,False
4582,シンバイオ製薬,2026-09-07,60.0,74.0,74.0,61.4,66.32,380380.0,61.0,61.0,60.0,61.0,42900.0,1.6666666666666607,1.6666666666666607,0.0,-17.567567567567565,-17.567567567567565,21.311475409836067,0.0,0.11278195488721804,False,False,False
4583,カイオム・バイオサイエンス,2026-09-07,99.0,119.0,119.0,91.4,81.24,7162460.0,98.0,98.0,94.0,94.0,549300.0,-5.05050505050505,-1.0101010101010055,-4.081632653061229,-21.00840336134454,-21.00840336134454,26.595744680851062,0.0,0.07669152777118476,False,False,False
4584,キッズウェル・バイオ,2026-09-07,164.0,186.0,186.0,165.6,163.16,343400.0,162.0,164.0,161.0,164.0,51300.0,0.0,-1.2195121951219523,1.2345679012345734,-11.827956989247312,-11.827956989247312,13.414634146341452,0.0,0.14938846825859056,True,False,False
4586,メドレックス,2026-09-07,59.0,68.0,73.0,59.4,64.84,1249420.0,60.0,60.0,58.0,59.0,87500.0,0.0,1.6949152542372836,-1.6666666666666718,-13.235294117647056,-19.17808219178082,23.728813559322038,7.352941176470584,0.07003249507771606,False,False,False
4587,ペプチドリーム,2026-09-07,1088.5,1155.0,1155.0,1085.8,1048.7240014648437,621440.0,1075.5,1097.0,1075.5,1082.5,105400.0,-0.5512172714745023,-1.1943040881947642,0.6508600650860119,-6.277056277056281,-6.277056277056281,6.6974595842956175,0.0,0.1696060762100927,True,False,False
4588,オンコリスバイオファーマ,2026-09-07,4950.0,5170.0,5170.0,4372.0,3639.6,1556940.0,4885.0,4975.0,4860.0,4955.0,125000.0,0.10101010101009056,-1.3131313131313105,1.4329580348004134,-4.158607350096711,-4.158607350096711,4.339051463168508,0.0,0.08028568859429394,True,False,False
4591,リボミック,2026-09-07,85.0,95.0,95.0,86.6,81.72,1070300.0,85.0,85.0,84.0,85.0,23500.0,0.0,0.0,0.0,-10.526315789473683,-10.526315789473683,11.764705882352944,0.0,0.021956460805381668,False,False,False
4592,サンバイオ,2026-09-07,938.0,1062.0,1062.0,925.2,983.16,778640.0,939.0,955.0,933.0,947.0,55000.0,0.9594882729211163,0.10660980810235365,0.8519701810436597,-10.828625235404898,-10.828625235404898,12.14361140443505,0.0,0.07063598068427,True,False,False
4593,ヘリオス,2026-09-07,291.0,309.0,309.0,291.0,272.0,2209020.0,289.0,289.0,282.0,286.0,245600.0,-1.718213058419249,-0.6872852233676952,-1.038062283737029,-7.443365695792881,-7.443365695792881,8.041958041958042,0.0,0.11118052349005442,False,False,False
4594,ブライトパス・バイオ,2026-09-07,52.0,56.0,56.0,52.0,51.92,799000.0,52.0,57.0,52.0,56.0,1148300.0,7.692307692307687,0.0,7.692307692307687,0.0,0.0,0.0,0.0,1.437171464330413,True,False,False
4595,ミズホメディー,2026-09-07,1711.0,1760.0,1760.0,1722.8,1708.12,60460.0,1711.0,1711.0,1701.0,1704.0,16100.0,-0.40911747516072516,0.0,-0.40911747516072516,-3.1818181818181857,-3.1818181818181857,3.2863849765258246,0.0,0.26629176314918956,False,False,False
4596,窪田製薬ホールディングス,2026-09-07,66.0,72.0,72.0,65.4,65.72,771900.0,66.0,66.0,65.0,66.0,64800.0,0.0,0.0,0.0,-8.333333333333337,-8.333333333333337,9.090909090909083,0.0,0.08394869801787797,False,False,False
4597,ソレイジア・ファーマ,2026-09-07,30.0,36.0,36.0,29.4,30.68,71243380.0,29.0,30.0,29.0,29.0,33878500.0,-3.3333333333333326,-3.3333333333333326,0.0,-19.444444444444443,-19.444444444444443,24.13793103448276,0.0,0.4755319020518117,False,False,False
4598,Ｄｅｌｔａ－Ｆｌｙ　Ｐｈａｒｍａ,2026-09-07,121.0,154.0,154.0,125.8,110.04,6139160.0,121.0,121.0,119.0,119.0,75900.0,-1.6528925619834656,0.0,-1.6528925619834656,-22.72727272727273,-22.72727272727273,29.41176470588236,0.0,0.012363254907837554,False,False,False
4599,ステムリム,2026-09-07,331.0,368.0,368.0,322.2,333.48,352340.0,329.0,330.0,325.0,327.0,29400.0,-1.2084592145015116,-0.6042296072507503,-0.6079027355623046,-11.141304347826086,-11.141304347826086,12.538226299694188,0.0,0.08344212976102629,False,False,False
460A,ＢＲＡＮＵ,2026-09-07,1027.0,1115.0,1115.0,1034.8,1010.96,18440.0,1020.0,1030.0,1020.0,1028.0,1500.0,0.09737098344693162,-0.6815968841285325,0.7843137254901933,-7.802690582959637,-7.802690582959637,8.463035019455244,0.0,0.08134490238611713,True,False,False
4611,大日本塗料,2026-09-07,1545.0,1649.0,1649.0,1573.4,1513.0,91060.0,1534.0,1534.0,1518.0,1526.0,5600.0,-1.229773462783168,-0.7119741100323651,-0.521512385919165,-7.459066100667067,-7.459066100667067,8.060288335517685,0.0,0.06149791346365034,False,False,False
4612,日本ペイントホールディングス,2026-09-07,1140.0,1274.5,1282.5,1154.5,1205.46,2866880.0,1124.5,1128.5,1118.5,1125.0,161000.0,-1.3157894736842146,-1.3596491228070162,0.04446420631392112,-11.730090231463318,-12.28070175438597,13.99999999999999,0.6276971361318218,0.056158611452171,True,False,False
4613,関西ペイント,2026-09-07,2808.0,3091.0,3091.0,2821.9,2887.88,639940.0,2801.5,2810.0,2795.5,2798.5,38600.0,-0.3383190883190834,-0.23148148148147696,-0.10708548991611444,-9.462956971853764,-9.462956971853764,10.452027872074332,0.0,0.06031815482701503,False,False,False
4615,神東塗料,2026-09-07,132.0,135.0,136.0,133.2,132.24,18420.0,133.0,133.0,133.0,133.0,600.0,0.7575757575757569,0.7575757575757569,0.0,-1.4814814814814836,-2.2058823529411797,2.2556390977443552,0.7407407407407307,0.03257328990228013,False,False,False
4616,川上塗料,2026-09-07,2430.0,2688.0,2688.0,2430.6,2160.52,11900.0,2429.0,2429.0,2429.0,2429.0,100.0,-0.04115226337448874,-0.04115226337448874,0.0,-9.635416666666663,-9.635416666666663,10.662824207492804,0.0,0.008403361344537815,False,False,False
4617,中国塗料,2026-09-07,3630.0,3760.0,3815.0,3540.0,3603.0,140520.0,3600.0,3605.0,3560.0,3575.0,10700.0,-1.5151515151515138,-0.8264462809917328,-0.694444444444442,-4.9202127659574435,-6.2909567496723495,6.713286713286704,1.46276595744681,0.07614574437802447,False,False,False
4619,日本特殊塗料,2026-09-07,2679.0,2761.0,2761.0,2690.2,2665.44,27100.0,2700.0,2704.0,2677.0,2686.0,6300.0,0.26129152668905586,0.7838745800671898,-0.5185185185185182,-2.716407098877216,-2.716407098877216,2.792256142963523,0.0,0.23247232472324722,False,False,False
4620,藤倉化成,2026-09-07,991.0,1000.0,1000.0,957.2,941.6,140000.0,971.0,980.0,969.0,974.0,11800.0,-1.7154389505549927,-2.0181634712411745,0.3089598352214118,-2.6000000000000023,-2.6000000000000023,2.6694045174537884,0.0,0.08428571428571428,True,False,False
4623,アサヒペン,2026-09-07,1848.0,1895.0,1895.0,1858.0,1827.24,2660.0,1848.0,1848.0,1811.0,1811.0,600.0,-2.002164502164505,0.0,-2.002164502164505,-4.432717678100262,-4.432717678100262,4.63832136940916,0.0,0.22556390977443608,False,False,False
4624,イサム塗料,2026-09-07,4100.0,4170.0,4170.0,4118.0,3920.6,980.0,4050.0,4050.0,4050.0,4050.0,100.0,-1.2195121951219523,-1.2195121951219523,0.0,-2.877697841726623,-2.877697841726623,2.9629629629629672,0.0,0.10204081632653061,False,False,False
4625,アトミクス,2026-09-07,832.0,880.0,880.0,850.8,799.68,15220.0,842.0,842.0,837.0,837.0,1400.0,0.6009615384615419,1.2019230769230838,-0.5938242280285055,-4.886363636363633,-4.886363636363633,5.137395459976113,0.0,0.09198423127463863,False,False,False
4626,太陽ホールディングス,2026-09-07,4722.0,4911.0,4981.0,4730.2,4782.52,329200.0,4720.0,4724.0,4712.0,4721.0,16700.0,-0.021177467174926523,-0.042354934349853046,0.021186440677967155,-3.8688658114437002,-5.21983537442281,5.507307773776748,1.42537161474241,0.050729040097205344,True,False,False
4627,ナトコ,2026-09-07,1869.0,1979.0,1979.0,1921.2,1835.76,32120.0,1860.0,1895.0,1858.0,1869.0,4300.0,0.0,-0.48154093097912964,0.4838709677419395,-5.558362809499751,-5.558362809499751,5.8855002675227475,0.0,0.13387297633872977,True,False,False
4628,エスケー化研,2026-09-07,9700.0,9940.0,9940.0,9682.0,9122.8,15480.0,9780.0,9780.0,9660.0,9660.0,400.0,-0.4123711340206171,0.8247422680412342,-1.2269938650306789,-2.8169014084507005,-2.8169014084507005,2.898550724637672,0.0,0.025839793281653745,False,False,False
4629,大伸化学,2026-09-07,2380.0,2400.0,2400.0,2270.0,2133.8,5400.0,2400.0,2489.0,2400.0,2489.0,2000.0,4.579831932773115,0.8403361344537785,3.7083333333333357,3.7083333333333357,3.7083333333333357,-3.5757332261952546,0.0,0.37037037037037035,True,True,True
462A,ＦＵＮＤＩＮＮＯ,2026-09-07,289.0,425.0,425.0,288.6,266.36,912440.0,282.0,286.0,281.0,284.0,12900.0,-1.730103806228378,-2.422145328719727,0.7092198581560183,-33.1764705882353,-33.1764705882353,49.64788732394365,0.0,0.014137915917758976,True,False,False
4631,ＤＩＣ,2026-09-07,4881.0,5876.0,5876.0,4983.4,5078.68,817420.0,4811.0,4843.0,4807.0,4831.0,43600.0,-1.0243802499487864,-1.4341323499282965,0.4157139887757122,-17.78420694349898,-17.78420694349898,21.631132270751397,0.0,0.05333855300824546,True,False,False
4633,サカタインクス,2026-09-07,2590.0,2716.0,2716.0,2632.4,2628.56,129100.0,2569.0,2599.0,2544.0,2557.0,10200.0,-1.2741312741312738,-0.8108108108108136,-0.46710782405605666,-5.854197349042711,-5.854197349042711,6.218224481814616,0.0,0.07900852052672347,False,False,False
4634,ａｒｔｉｅｎｃｅ,2026-09-07,5040.0,5220.0,5220.0,5088.0,4959.6,98500.0,5000.0,5010.0,4985.0,4995.0,4200.0,-0.8928571428571397,-0.7936507936507908,-0.10000000000000009,-4.31034482758621,-4.31034482758621,4.504504504504503,0.0,0.04263959390862944,False,False,False
4635,東京インキ,2026-09-07,2210.0,2210.0,2210.0,2178.2,2025.12,32840.0,2200.0,2200.0,2186.0,2192.0,3100.0,-0.8144796380090469,-0.4524886877828038,-0.363636363636366,-0.8144796380090469,-0.8144796380090469,0.8211678832116709,0.0,0.09439707673568819,False,False,False
463A,インテリックスホールディングス,2026-09-07,998.0,1024.0,1024.0,996.4,972.12,7880.0,1005.0,1011.0,1002.0,1010.0,7800.0,1.2024048096192397,0.7014028056112176,0.4975124378109541,-1.3671875,-1.3671875,1.3861386138613874,0.0,0.9898477157360406,True,False,False
4641,アルプス技研,2026-09-07,852.0,895.0,895.0,868.4,843.48,96340.0,852.0,856.0,847.0,852.0,9200.0,0.0,0.0,0.0,-4.804469273743017,-4.804469273743017,5.046948356807501,0.0,0.0954951214448827,False,False,False
4642,オリジナル設計,2026-09-07,1409.0,1425.0,1498.0,1411.4,1411.56,940.0,1408.0,1408.0,1408.0,1408.0,100.0,-0.07097232079489313,-0.07097232079489313,0.0,-1.1929824561403457,-6.008010680907883,6.392045454545459,5.122807017543862,0.10638297872340426,False,False,False
4644,イマジニア,2026-09-07,1060.0,1074.0,1074.0,1061.0,1057.24,14320.0,1060.0,1060.0,1060.0,1060.0,1300.0,0.0,0.0,0.0,-1.3035381750465591,-1.3035381750465591,1.3207547169811429,0.0,0.09078212290502793,False,False,False
464A,ＱＰＳホールディングス,2026-09-07,1763.0,1945.0,1945.0,1750.8,1754.68,1054380.0,1741.0,1763.0,1715.0,1763.0,141100.0,0.0,-1.2478729438457181,1.263641585295816,-9.357326478149098,-9.357326478149098,10.323312535450935,0.0,0.13382272046131377,True,False,False
4650,ＳＤエンターテイメント,2026-09-07,271.0,275.0,275.0,269.2,269.96,1940.0,271.0,271.0,271.0,271.0,1000.0,0.0,0.0,0.0,-1.4545454545454528,-1.4545454545454528,1.4760147601476037,0.0,0.5154639175257731,False,False,False
4651,サニックスホールディングス,2026-09-07,274.0,289.0,289.0,271.8,271.28,173780.0,272.0,273.0,272.0,273.0,16600.0,-0.36496350364964014,-0.7299270072992692,0.3676470588235281,-5.536332179930792,-5.536332179930792,5.860805860805862,0.0,0.09552307515249166,True,False,False
4657,環境管理センター,2026-09-07,467.0,509.0,509.0,466.6,472.88,4400.0,465.0,465.0,465.0,465.0,200.0,-0.4282655246252709,-0.4282655246252709,0.0,-8.644400785854621,-8.644400785854621,9.462365591397859,0.0,0.045454545454545456,False,False,False
4658,日本空調サービス,2026-09-07,1597.0,1633.0,1644.0,1575.2,1550.72,145460.0,1586.0,1591.0,1581.0,1587.0,21400.0,-0.6261740763932377,-0.6887914840325582,0.06305170239595537,-2.8169014084507005,-3.4671532846715314,3.5916824196597252,0.6736068585425636,0.14711948301938677,True,False,False
4661,オリエンタルランド,2026-09-07,3092.0,3165.0,3167.0,3071.6,2996.3,4978780.0,3117.0,3143.0,3094.0,3125.0,613800.0,1.0672703751616996,0.8085381630013044,0.2566570420275971,-1.2638230647709303,-1.3261761919797888,1.3439999999999896,0.06319115323853985,0.12328321396004643,True,False,False
4662,フォーカスシステムズ,2026-09-07,1635.0,1764.0,1795.0,1656.0,1696.92,36440.0,1625.0,1631.0,1618.0,1626.0,5000.0,-0.5504587155963248,-0.6116207951070374,0.061538461538468425,-7.823129251700678,-9.415041782729805,10.393603936039364,1.7573696145124718,0.13721185510428102,True,False,False
4664,アール・エス・シー,2026-09-07,1089.0,1131.0,1131.0,1066.2,985.84,88360.0,1074.0,1088.0,1062.0,1076.0,3100.0,-1.1937557392102893,-1.377410468319562,0.18621973929235924,-4.862953138815207,-4.862953138815207,5.11152416356877,0.0,0.03508374830239928,True,False,False
4665,ダスキン,2026-09-07,4611.0,4735.0,4752.0,4658.4,4574.6,99280.0,4611.0,4620.0,4605.0,4612.0,6900.0,0.021687269572767676,0.0,0.021687269572767676,-2.597676874340016,-2.946127946127941,3.0355594102341676,0.35902851108764455,0.06950040290088638,True,False,False
4666,パーク２４,2026-09-07,1980.0,2076.0,2077.0,2019.9,1997.5,1474560.0,1971.0,1976.5,1961.0,1970.0,78200.0,-0.5050505050505083,-0.4545454545454519,-0.05073566717402889,-5.105973025048172,-5.151661049590761,5.43147208121828,0.04816955684008306,0.053032769097222224,False,False,False
4667,アイサンテクノロジー,2026-09-07,3155.0,3845.0,3845.0,3116.6,2289.6,1808200.0,3365.0,3395.0,3300.0,3320.0,74300.0,5.229793977813002,6.656101426307459,-1.3372956909361022,-13.654096228868662,-13.654096228868662,15.81325301204819,0.0,0.04109058732441102,False,False,False
4668,明光ネットワークジャパン,2026-09-07,772.0,800.0,808.0,772.0,775.36,101740.0,770.0,771.0,766.0,768.0,14000.0,-0.5181347150259086,-0.2590673575129543,-0.2597402597402598,-4.0000000000000036,-4.950495049504955,5.208333333333326,1.0000000000000009,0.13760566149007272,False,False,False
4671,ファルコホールディングス,2026-09-07,2926.0,2964.0,2964.0,2924.4,2810.6,14620.0,2930.0,2930.0,2910.0,2911.0,4300.0,-0.5126452494873535,0.13670539986330166,-0.6484641638225264,-1.7881241565452122,-1.7881241565452122,1.820680178632772,0.0,0.29411764705882354,False,False,False
4673,川崎地質,2026-09-07,4835.0,5100.0,5100.0,4889.0,4830.0,2860.0,4820.0,4820.0,4820.0,4820.0,100.0,-0.31023784901758056,-0.31023784901758056,0.0,-5.490196078431375,-5.490196078431375,5.809128630705396,0.0,0.03496503496503497,False,False,False
4674,クレスコ,2026-09-07,1853.0,2108.0,2108.0,1936.4,1918.52,196060.0,1850.0,1850.0,1805.0,1815.0,19000.0,-2.0507285483000515,-0.1618996222342184,-1.8918918918918948,-13.899430740037955,-13.899430740037955,16.143250688705237,0.0,0.09690910945628889,False,False,False
4676,フジ・メディア・ホールディングス,2026-09-07,4092.0,4262.0,4262.0,4157.2,4114.0,564040.0,4076.0,4090.0,4039.0,4048.0,47000.0,-1.0752688172043001,-0.3910068426197455,-0.6869479882237517,-5.02111684655091,-5.02111684655091,5.286561264822143,0.0,0.08332742358697964,False,False,False
4678,秀英予備校,2026-09-07,331.0,335.0,335.0,331.0,326.88,2480.0,331.0,331.0,331.0,331.0,5300.0,0.0,0.0,0.0,-1.1940298507462699,-1.1940298507462699,1.2084592145015005,0.0,2.1370967741935485,False,False,False
4679,田谷,2026-09-07,266.0,270.0,270.0,264.0,261.0,2640.0,265.0,265.0,265.0,265.0,500.0,-0.3759398496240629,-0.3759398496240629,0.0,-1.851851851851849,-1.851851851851849,1.8867924528301883,0.0,0.1893939393939394,False,False,False
4680,ラウンドワン,2026-09-07,1248.0,1409.0,1409.0,1286.1,1307.56,2666000.0,1236.5,1251.5,1231.0,1247.5,178100.0,-0.04006410256410797,-0.9214743589743613,0.8896077638495647,-11.46202980837473,-11.46202980837473,12.94589178356713,0.0,0.06680420105026257,True,False,False
4681,リゾートトラスト,2026-09-07,1795.5,1939.0,1939.0,1827.0,1826.18,373240.0,1779.5,1795.0,1772.0,1776.5,33300.0,-1.0582010582010581,-0.8911166805903648,-0.16858668165214974,-8.380608561113977,-8.380608561113977,9.147199549676333,0.0,0.08921873325474226,False,False,False
4684,オービック,2026-09-07,4903.0,5158.0,5158.0,5007.6,4729.28,2450840.0,4872.0,4897.0,4859.0,4871.0,87800.0,-0.6526616357332204,-0.6322659596165625,-0.020525451559938457,-5.564172159751846,-5.564172159751846,5.892013960172449,0.0,0.03582445202461197,False,False,False
4685,菱友システムズ,2026-09-07,2688.0,2785.0,2920.0,2695.6,2681.32,24100.0,2666.0,2669.0,2663.0,2669.0,1000.0,-0.7068452380952328,-0.8184523809523836,0.11252813203301848,-4.165170556552966,-8.595890410958907,9.404271262645182,4.847396768402157,0.04149377593360996,True,False,False
4686,ジャストシステム,2026-09-07,4155.0,4315.0,4315.0,4236.0,4095.0,84400.0,4125.0,4140.0,4115.0,4115.0,8800.0,-0.9626955475330878,-0.7220216606498187,-0.24242424242424399,-4.634994206257237,-4.634994206257237,4.8602673147023046,0.0,0.10426540284360189,False,False,False
4687,ＴＤＣソフト,2026-09-07,1055.0,1086.0,1136.0,1046.4,1014.68,103640.0,1056.0,1056.0,1046.0,1049.0,4600.0,-0.5687203791469142,0.09478672985780978,-0.6628787878787845,-3.4069981583793707,-7.65845070422535,8.293612964728304,4.604051565377532,0.04438440756464686,False,False,False
4689,ＬＩＮＥヤフー,2026-09-07,521.5,567.5,567.5,536.3,512.5999975585937,20605560.0,521.2999877929688,523.4000244140625,518.0999755859375,521.7000122070312,1218200.0,0.038353251587963655,-0.038353251587963655,0.07673593390171707,-8.070482430479075,-8.070482430479075,8.778989212442934,0.0,0.059119965679166206,True,False,False
4691,ワシントンホテル,2026-09-07,2290.0,2457.0,2457.0,2211.0,2229.84,44840.0,2315.0,2315.0,2235.0,2260.0,5600.0,-1.3100436681222738,1.091703056768556,-2.3758099352051865,-8.017908017908015,-8.017908017908015,8.716814159292042,0.0,0.12488849241748438,False,False,False
4694,ビー・エム・エル,2026-09-07,3605.0,3710.0,3735.0,3662.0,3604.4,60840.0,3585.0,3585.0,3575.0,3580.0,2800.0,-0.6934812760055475,-0.554785020804438,-0.1394700139469962,-3.5040431266846306,-4.149933065595713,4.32960893854748,0.6738544474393482,0.04602235371466141,False,False,False
469A,フィットクルー,2026-09-07,1635.0,1680.0,1680.0,1648.8,1574.48,2660.0,1620.0,1620.0,1620.0,1620.0,300.0,-0.917431192660545,-0.917431192660545,0.0,-3.57142857142857,-3.57142857142857,3.703703703703698,0.0,0.11278195488721804,False,False,False
4704,トレンドマイクロ,2026-09-07,5772.0,6982.0,6982.0,5889.4,6034.12,953920.0,5764.0,5785.0,5741.0,5747.0,56900.0,-0.4331254331254364,-0.1386001386001423,-0.294934073560027,-17.688341449441424,-17.688341449441424,21.489472768400898,0.0,0.05964860784971486,False,False,False
4705,クリップコーポレーション,2026-09-07,794.0,805.0,805.0,797.0,788.04,520.0,791.0,791.0,791.0,791.0,200.0,-0.37783375314861534,-0.37783375314861534,0.0,-1.7391304347826098,-1.7391304347826098,1.7699115044247815,0.0,0.38461538461538464,False,False,False
4707,キタック,2026-09-07,341.0,369.0,369.0,338.8,333.68,31300.0,343.0,343.0,342.0,342.0,3400.0,0.2932551319648091,0.5865102639296182,-0.2915451895043719,-7.317073170731703,-7.317073170731703,7.8947368421052655,0.0,0.10862619808306709,False,False,False
4709,ＩＤホールディングス,2026-09-07,1059.0,1108.0,1161.0,1078.2,1064.52,53040.0,1050.0,1051.0,1045.0,1050.0,8400.0,-0.8498583569405138,-0.8498583569405138,0.0,-5.234657039711188,-9.560723514211888,10.571428571428566,4.7833935018050555,0.1583710407239819,False,False,False
4712,ＫｅｙＨｏｌｄｅｒ,2026-09-07,826.0,837.0,837.0,826.8,788.16,21960.0,827.0,827.0,827.0,827.0,100.0,0.1210653753026536,0.1210653753026536,0.0,-1.194743130227005,-1.194743130227005,1.2091898428053138,0.0,0.004553734061930784,False,False,False
4714,リソー教育グループ,2026-09-07,206.0,212.0,212.0,207.8,205.36,710640.0,206.0,206.0,204.0,205.0,239200.0,-0.4854368932038833,0.0,-0.4854368932038833,-3.301886792452835,-3.301886792452835,3.4146341463414664,0.0,0.3365979961724643,False,False,False
4716,日本オラクル,2026-09-07,9044.0,9588.0,9588.0,9218.2,9208.52,225980.0,9061.0,9101.0,9002.0,9002.0,10200.0,-0.4643962848297267,0.1879699248120259,-0.6511422580289139,-6.111806424697541,-6.111806424697541,6.5096645189957725,0.0,0.04513673776440393,False,False,False
4718,早稲田アカデミー,2026-09-07,2638.0,2655.0,2655.0,2598.6,2465.76,34420.0,2610.0,2610.0,2603.0,2603.0,2700.0,-1.3267626990144055,-1.0614101592115288,-0.2681992337164707,-1.95856873822976,-1.95856873822976,1.9976949673453648,0.0,0.07844276583381755,False,False,False
4719,アルファシステムズ,2026-09-07,3355.0,3510.0,3510.0,3409.0,3383.6,11300.0,3355.0,3355.0,3340.0,3340.0,1300.0,-0.44709388971684305,0.0,-0.44709388971684305,-4.843304843304841,-4.843304843304841,5.089820359281427,0.0,0.11504424778761062,False,False,False
471A,ＮＳグループ,2026-09-07,1538.0,1646.0,1646.0,1550.6,1571.68,246940.0,1539.0,1539.0,1526.0,1536.0,18100.0,-0.13003901170350884,0.06501950585175997,-0.19493177387914784,-6.682867557715677,-6.682867557715677,7.161458333333326,0.0,0.07329715720417915,False,False,False
4720,城南進学研究社,2026-09-07,246.0,246.0,246.0,244.0,242.88,2320.0,246.0,246.0,246.0,246.0,300.0,0.0,0.0,0.0,0.0,0.0,0.0,0.0,0.12931034482758622,False,False,False
4722,フューチャー,2026-09-07,2446.0,2472.0,2472.0,2446.6,2446.52,425380.0,2447.0,2448.0,2446.0,2446.0,88700.0,0.0,0.040883074407194187,-0.0408663669799747,-1.0517799352750767,-1.0517799352750767,1.062959934587071,0.0,0.20851944144059428,False,False,False
4725,ＣＡＣ　Ｈｏｌｄｉｎｇｓ,2026-09-07,1941.0,1988.0,1988.0,1957.8,1915.04,44900.0,1936.0,1936.0,1931.0,1934.0,3200.0,-0.3606388459556964,-0.25759917568263235,-0.10330578512396382,-2.716297786720323,-2.716297786720323,2.792140641158225,0.0,0.07126948775055679,False,False,False
4728,トーセ,2026-09-07,653.0,682.0,682.0,650.4,650.04,3340.0,654.0,654.0,654.0,654.0,100.0,0.15313935681469104,0.15313935681469104,0.0,-4.105571847507328,-4.105571847507328,4.281345565749239,0.0,0.029940119760479042,False,False,False
472A,ミラティブ,2026-09-07,550.0,616.0,616.0,546.2,554.6,158380.0,551.0,551.0,545.0,550.0,6100.0,0.0,0.1818181818181719,-0.1814882032667886,-10.71428571428571,-10.71428571428571,12.00000000000001,0.0,0.0385149640106074,False,False,False
4732,ユー・エス・エス,2026-09-07,1960.0,2026.5,2074.0,1985.0,1982.78,1031020.0,1959.0,1961.0,1946.5,1948.5,97600.0,-0.5867346938775553,-0.05102040816326037,-0.535987748851452,-3.849000740192454,-6.051108968177433,6.440851937387726,2.3439427584505346,0.09466353707978507,False,False,False
4733,オービックビジネスコンサルタント,2026-09-07,8260.0,8891.0,8891.0,8506.8,8238.08,144140.0,8150.0,8210.0,8150.0,8209.0,5300.0,-0.6174334140435889,-1.3317191283293006,0.7239263803680895,-7.670678213924198,-7.670678213924198,8.307954683883544,0.0,0.036769807131955046,True,False,False
4735,京進,2026-09-07,301.0,309.0,309.0,300.8,302.56,3080.0,299.0,301.0,298.0,301.0,6000.0,0.0,-0.6644518272425293,0.6688963210702337,-2.588996763754048,-2.588996763754048,2.657807308970095,0.0,1.948051948051948,True,False,False
4736,日本ラッド,2026-09-07,582.0,597.0,640.0,583.0,589.56,2460.0,581.0,583.0,578.0,582.0,1600.0,0.0,-0.1718213058419238,0.1721170395869276,-2.5125628140703515,-9.062499999999996,9.965635738831624,7.2026800670016655,0.6504065040650406,True,False,False
4743,アイティフォー,2026-09-07,1612.0,1758.0,1778.0,1635.0,1673.68,95780.0,1610.0,1610.0,1600.0,1602.0,21100.0,-0.6203473945409432,-0.1240694789081842,-0.4968944099378869,-8.87372013651877,-9.89876265466817,10.986267166042452,1.1376564277588264,0.22029651284192941,False,False,False
4746,東計電算,2026-09-07,7060.0,7270.0,7270.0,7092.0,6602.2,44060.0,7030.0,7030.0,6990.0,7000.0,5400.0,-0.8498583569405138,-0.4249291784702569,-0.4267425320056861,-3.7138927097661645,-3.7138927097661645,3.857142857142848,0.0,0.12256014525646845,False,False,False
4750,ダイサン,2026-09-07,561.0,576.0,576.0,563.2,566.64,17060.0,567.0,567.0,557.0,561.0,3100.0,0.0,1.0695187165775444,-1.0582010582010581,-2.604166666666663,-2.604166666666663,2.673796791443861,0.0,0.1817116060961313,False,False,False
4751,サイバーエージェント,2026-09-07,1255.0,1371.5,1588.5,1284.4,1330.64,4600120.0,1253.5,1255.5,1244.5,1246.0,702000.0,-0.7171314741035828,-0.11952191235059528,-0.5983246908655815,-9.150565074735695,-21.56122127793516,27.48796147672552,15.822092599343772,0.15260471465961759,False,False,False
4752,昭和システムエンジニアリング,2026-09-07,1565.0,1620.0,1620.0,1567.8,1562.08,460.0,1581.0,1581.0,1565.0,1565.0,800.0,0.0,1.0223642172523917,-1.0120177103099315,-3.3950617283950657,-3.3950617283950657,3.514376996805102,0.0,1.7391304347826086,False,False,False
4754,トスネット,2026-09-07,1499.0,1563.0,1590.0,1495.6,1513.88,480.0,1500.0,1500.0,1500.0,1500.0,300.0,0.06671114076051143,0.06671114076051143,0.0,-4.0307101727447225,-5.660377358490565,6.000000000000005,1.7274472168905985,0.625,False,False,False
4755,楽天グループ,2026-09-07,742.2000122070312,873.5,886.5,742.92001953125,785.4520043945313,19316700.0,751.0,751.0,737.0999755859375,738.5,1235100.0,-0.4985195562081435,1.1856625772345142,-1.6644474034620549,-15.45506582713223,-16.694867456288776,20.04062288422479,1.4882655981682813,0.06393949277050427,False,False,False
475A,ギミック,2026-09-07,698.0,708.0,708.0,696.0,624.2,11500.0,708.0,708.0,686.0,698.0,10200.0,0.0,1.4326647564469885,-1.412429378531077,-1.412429378531077,-1.412429378531077,1.4326647564469885,0.0,0.8869565217391304,False,False,False
4760,アルファ,2026-09-07,1543.0,1742.0,1742.0,1549.4,1662.0,3760.0,1540.0,1543.0,1532.0,1543.0,2000.0,0.0,-0.19442644199610948,0.1948051948051921,-11.423650975889776,-11.423650975889776,12.896953985742066,0.0,0.5319148936170213,True,False,False
4761,さくらケーシーエス,2026-09-07,1431.0,1475.0,1520.0,1441.6,1435.12,3600.0,1429.0,1429.0,1429.0,1429.0,300.0,-0.13976240391334604,-0.13976240391334604,0.0,-3.1186440677966054,-5.9868421052631575,6.368089573128066,3.050847457627115,0.08333333333333333,False,False,False
4762,エックスネット,2026-09-07,2165.0,2177.0,2201.0,2142.2,2070.36,2200.0,2165.0,2165.0,2165.0,2165.0,100.0,0.0,0.0,0.0,-0.5512172714745023,-1.6356201726487996,1.6628175519630473,1.1024345429490046,0.045454545454545456,False,False,False
4763,クリーク・アンド・リバー社,2026-09-07,1473.0,1547.0,1547.0,1497.4,1482.32,36200.0,1466.0,1470.0,1458.0,1461.0,5500.0,-0.8146639511201648,-0.4752206381534285,-0.3410641200545683,-5.559146735617326,-5.559146735617326,5.8863791923340125,0.0,0.15193370165745856,False,False,False
4765,ＳＢＩグローバルアセットマネジメント,2026-09-07,630.0,653.0,653.0,637.8,621.48,231840.0,627.0,627.0,623.0,625.0,20400.0,-0.7936507936507908,-0.4761904761904745,-0.31897926634768536,-4.287901990811638,-4.287901990811638,4.479999999999995,0.0,0.08799171842650104,False,False,False
4766,ピーエイ,2026-09-07,212.0,216.0,216.0,212.4,201.72,7160.0,211.0,211.0,211.0,211.0,100.0,-0.4716981132075526,-0.4716981132075526,0.0,-2.314814814814814,-2.314814814814814,2.369668246445489,0.0,0.013966480446927373,False,False,False
4767,テー・オー・ダブリュー,2026-09-07,387.0,409.0,409.0,390.4,378.72,137260.0,387.0,387.0,383.0,384.0,8300.0,-0.7751937984496138,0.0,-0.7751937984496138,-6.112469437652813,-6.112469437652813,6.510416666666674,0.0,0.06046918257321871,False,False,False
4768,大塚商会,2026-09-07,3527.0,3689.0,3689.0,3609.2,3496.04,1119600.0,3500.0,3529.0,3494.0,3503.0,66200.0,-0.6804649844060151,-0.765523107456767,0.08571428571428896,-5.042016806722693,-5.042016806722693,5.3097345132743445,0.0,0.059128260092890315,True,False,False
4769,ＩＣ,2026-09-07,1159.0,1170.0,1170.0,1142.0,1130.88,860.0,1158.0,1158.0,1158.0,1158.0,100.0,-0.08628127696289623,-0.08628127696289623,0.0,-1.025641025641022,-1.025641025641022,1.0362694300518172,0.0,0.11627906976744186,False,False,False
476A,辻・本郷ＩＴコンサルティング,2026-09-07,1679.0,1689.0,1689.0,1653.4,1599.36,4020.0,1679.0,1679.0,1679.0,1679.0,100.0,0.0,0.0,0.0,-0.5920663114268754,-0.5920663114268754,0.5955926146515855,0.0,0.024875621890547265,False,False,False
4771,エフアンドエム,2026-09-07,2668.0,2802.0,2802.0,2690.8,2673.0,10720.0,2652.0,2652.0,2643.0,2643.0,1600.0,-0.9370314842578664,-0.5997001499250421,-0.33936651583710287,-5.674518201284795,-5.674518201284795,6.015891032917131,0.0,0.14925373134328357,False,False,False
4772,ＳＭ　ＥＮＴＥＲＴＡＩＮＭＥＮＴ　ＪＡＰＡＮ,2026-09-07,71.0,73.0,84.0,71.8,71.92,52740.0,70.0,71.0,70.0,71.0,212200.0,0.0,-1.4084507042253502,1.4285714285714235,-2.73972602739726,-15.476190476190476,18.309859154929576,15.068493150684926,4.023511566173682,True,False,False
4776,サイボウズ,2026-09-07,2990.0,3375.0,3375.0,3067.0,2954.16,224060.0,2970.0,2974.0,2946.0,2948.0,27400.0,-1.404682274247493,-0.6688963210702337,-0.7407407407407418,-12.651851851851848,-12.651851851851848,14.484396200814121,0.0,0.12228867267696153,False,False,False
4777,ガーラ,2026-09-07,199.0,211.0,211.0,201.0,201.4,31440.0,198.0,200.0,198.0,198.0,5900.0,-0.5025125628140725,-0.5025125628140725,0.0,-6.16113744075829,-6.16113744075829,6.565656565656575,0.0,0.1876590330788804,False,False,False
477A,スタートライン,2026-09-07,786.0,845.0,845.0,775.6,685.04,41460.0,781.0,808.0,781.0,808.0,2400.0,2.7989821882951738,-0.6361323155216314,3.457106274007682,-4.378698224852073,-4.378698224852073,4.579207920792072,0.0,0.05788712011577424,True,False,False
4783,ＮＣＤ,2026-09-07,2648.0,2700.0,2700.0,2639.2,2578.2,8540.0,2662.0,2662.0,2660.0,2660.0,800.0,0.45317220543805714,0.5287009063444037,-0.07513148009016257,-1.4814814814814836,-1.4814814814814836,1.5037593984962516,0.0,0.0936768149882904,False,False,False
4784,ＧＭＯインターネット,2026-09-07,552.0,613.0,613.0,551.8,560.48,1680020.0,552.0,553.0,545.0,548.0,78800.0,-0.7246376811594235,0.0,-0.7246376811594235,-10.603588907014682,-10.603588907014682,11.861313868613133,0.0,0.04690420352138665,False,False,False
478A,フツパー,2026-09-07,832.0,837.0,837.0,806.6,781.96,96660.0,819.0,819.0,806.0,816.0,6300.0,-1.9230769230769273,-1.5625,-0.366300366300365,-2.508960573476704,-2.508960573476704,2.5735294117646967,0.0,0.06517690875232775,False,False,False
4792,山田コンサルティンググループ,2026-09-07,1770.0,1819.0,1819.0,1781.4,1726.16,21000.0,1767.0,1767.0,1757.0,1760.0,4400.0,-0.5649717514124242,-0.16949152542372614,-0.3961516694963252,-3.243540406816936,-3.243540406816936,3.3522727272727204,0.0,0.20952380952380953,False,False,False
479A,ＰＲＯＮＩ,2026-09-07,1935.0,2035.0,2035.0,1907.2,1718.92,55560.0,1917.0,1952.0,1912.0,1952.0,1500.0,0.8785529715762186,-0.9302325581395321,1.8257694314032236,-4.078624078624083,-4.078624078624083,4.252049180327866,0.0,0.026997840172786176,True,False,False
4800,オリコン,2026-09-07,1357.0,1359.0,1359.0,1357.4,1357.32,15700.0,1357.0,1357.0,1356.0,1357.0,4900.0,0.0,0.0,0.0,-0.14716703458425018,-0.14716703458425018,0.14738393515105752,0.0,0.31210191082802546,False,False,False
4801,セントラルスポーツ,2026-09-07,2426.0,2485.0,2485.0,2440.4,2439.12,12120.0,2425.0,2425.0,2416.0,2416.0,2100.0,-0.41220115416322756,-0.041220115416318315,-0.3711340206185576,-2.776659959758554,-2.776659959758554,2.85596026490067,0.0,0.17326732673267325,False,False,False
4809,パラカ,2026-09-07,2019.0,2090.0,2099.0,2028.4,2041.72,14900.0,2017.0,2017.0,2010.0,2014.0,1400.0,-0.24764735017335227,-0.0990589400693409,-0.14873574615765772,-3.6363636363636376,-4.049547403525489,4.220456802383321,0.43062200956938135,0.09395973154362416,False,False,False
480A,リブ・コンサルティング,2026-09-07,965.0,1054.0,1054.0,956.0,939.04,25500.0,957.0,957.0,953.0,953.0,700.0,-1.2435233160621784,-0.8290155440414559,-0.4179728317659337,-9.582542694497153,-9.582542694497153,10.598111227702,0.0,0.027450980392156862,False,False,False
4811,ドリーム・アーツ,2026-09-07,911.0,950.0,950.0,904.2,844.44,23780.0,903.0,923.0,899.0,911.0,12900.0,0.0,-0.8781558726673966,0.8859357696566983,-4.1052631578947345,-4.1052631578947345,4.281009879253572,0.0,0.5424726661059714,True,False,False
4812,電通総研,2026-09-07,2852.0,2930.0,2930.0,2852.4,2750.24,1839460.0,2852.0,2855.0,2852.0,2853.0,183700.0,0.03506311360448322,0.0,0.03506311360448322,-2.6279863481228682,-2.6279863481228682,2.6989134244654656,0.0,0.09986626509954008,True,False,False
4813,ＡＣＣＥＳＳ,2026-09-07,434.0,490.0,490.0,431.0,422.96,569140.0,432.0,434.0,425.0,425.0,57800.0,-2.073732718894006,-0.4608294930875556,-1.620370370370372,-13.265306122448983,-13.265306122448983,15.294117647058814,0.0,0.10155673472256387,False,False,False
4814,ネクストウェア,2026-09-07,175.0,175.0,175.0,171.0,163.16,67560.0,176.0,177.0,174.0,177.0,17200.0,1.1428571428571344,0.5714285714285783,0.5681818181818121,1.1428571428571344,1.1428571428571344,-1.1299435028248594,0.0,0.2545885139135583,True,True,True
4816,東映アニメーション,2026-09-07,2975.0,3170.0,3170.0,3041.0,2925.6,362660.0,2982.0,3000.0,2968.0,2996.0,28800.0,0.7058823529411784,0.23529411764706687,0.46948356807512415,-5.488958990536275,-5.488958990536275,5.807743658210951,0.0,0.07941322450780346,True,False,False
4819,デジタルガレージ,2026-09-07,2196.0,2420.0,2497.0,2178.0,2269.36,237740.0,2195.0,2227.0,2163.0,2195.0,36200.0,-0.04553734061930603,-0.04553734061930603,0.0,-9.297520661157021,-12.094513416099318,13.758542141230068,3.1818181818181746,0.15226718263649364,False,False,False
4820,イーエムシステムズ,2026-09-07,586.0,613.0,613.0,599.0,580.32,88040.0,586.0,586.0,578.0,578.0,41100.0,-1.3651877133105783,0.0,-1.3651877133105783,-5.709624796084833,-5.709624796084833,6.055363321799301,0.0,0.4668332576101772,False,False,False
4825,ウェザーニューズ,2026-09-07,2042.0,2161.0,2161.0,2037.6,2040.64,237320.0,2030.0,2031.0,2019.0,2023.0,13900.0,-0.930460333006855,-0.5876591576885359,-0.34482758620689724,-6.385932438685793,-6.385932438685793,6.82155215027187,0.0,0.058570706219450534,False,False,False
4826,ＣＩＪ,2026-09-07,536.0,563.0,563.0,542.4,533.52,280640.0,530.0,532.0,526.0,531.0,23200.0,-0.9328358208955279,-1.1194029850746245,0.18867924528302993,-5.683836589698044,-5.683836589698044,6.026365348399243,0.0,0.08266818700114024,True,False,False
4828,ビジネスエンジニアリング,2026-09-07,1388.0,1492.0,1492.0,1413.8,1357.68,135460.0,1384.0,1389.0,1371.0,1378.0,20300.0,-0.7204610951008661,-0.2881844380403509,-0.43352601156069204,-7.640750670241292,-7.640750670241292,8.272859216255446,0.0,0.14985973719179094,False,False,False
4829,日本エンタープライズ,2026-09-07,109.0,112.0,112.0,109.6,109.08,140820.0,108.0,110.0,108.0,109.0,107400.0,0.0,-0.917431192660545,0.92592592592593,-2.67857142857143,-2.67857142857143,2.752293577981657,0.0,0.7626757562846187,True,False,False
4832,ＪＦＥシステムズ,2026-09-07,1934.0,2031.0,2082.0,1942.0,1944.04,25180.0,1934.0,1934.0,1903.0,1910.0,1700.0,-1.2409513960703222,0.0,-1.2409513960703222,-5.957656326932548,-8.261287223823244,9.005235602094231,2.5110782865583436,0.06751389992057188,False,False,False
4833,Ｄｅｆ　ｃｏｎｓｕｌｔｉｎｇ,2026-09-07,57.0,77.0,77.0,55.4,52.08,3298600.0,58.0,58.0,55.0,56.0,545400.0,-1.7543859649122862,1.7543859649122862,-3.4482758620689613,-27.27272727272727,-27.27272727272727,37.5,0.0,0.1653428727338871,False,False,False
4838,スペースシャワーＳＫＩＹＡＫＩホールディングス,2026-09-07,696.0,716.0,716.0,697.2,682.92,29260.0,703.0,703.0,694.0,695.0,3100.0,-0.1436781609195359,1.0057471264367734,-1.1379800853485111,-2.9329608938547524,-2.9329608938547524,3.021582733812944,0.0,0.10594668489405332,False,False,False
4839,ＷＯＷＯＷ,2026-09-07,1015.0,1025.0,1033.0,1010.4,1002.44,79060.0,1012.0,1012.0,1010.0,1010.0,5900.0,-0.49261083743842304,-0.2955665024630516,-0.19762845849802257,-1.4634146341463428,-2.2265246853823806,2.2772277227722793,0.7804878048780495,0.07462686567164178,False,False,False
483A,テラテクノロジー,2026-09-07,2166.0,2245.0,2247.0,2165.6,2185.04,840.0,2161.0,2187.0,2161.0,2166.0,1100.0,0.0,-0.23084025854108736,0.23137436372049347,-3.5189309576837413,-3.604806408544725,3.7396121883656486,0.08908685968820329,1.3095238095238095,True,False,False
4840,トライアイズ,2026-09-07,675.0,970.0,970.0,768.8,613.76,982240.0,670.0,684.0,667.0,673.0,31900.0,-0.2962962962962945,-0.7407407407407418,0.4477611940298498,-30.61855670103093,-30.61855670103093,44.13075780089153,0.0,0.032476787750447954,True,False,False
4845,スカラ,2026-09-07,348.0,364.0,364.0,353.0,347.96,54560.0,348.0,348.0,347.0,347.0,10000.0,-0.2873563218390829,0.0,-0.2873563218390829,-4.670329670329664,-4.670329670329664,4.899135446685876,0.0,0.18328445747800587,False,False,False
4847,インテリジェント　ウェイブ,2026-09-07,1373.0,1400.0,1400.0,1359.8,1279.36,72220.0,1374.0,1388.0,1374.0,1387.0,14200.0,1.0196649672250535,0.0728332119446451,0.9461426491994107,-0.928571428571423,-0.928571428571423,0.9372746935832676,0.0,0.1966214345056771,True,False,False
4848,フルキャストホールディングス,2026-09-07,1823.0,1918.0,1918.0,1851.4,1816.96,60540.0,1815.0,1817.0,1802.0,1815.0,12700.0,-0.43883708173341196,-0.43883708173341196,0.0,-5.370177267987486,-5.370177267987486,5.67493112947659,0.0,0.20977865873802445,False,False,False
4849,エン,2026-09-07,1566.0,1715.0,1715.0,1630.6,1525.44,321800.0,1599.0,1604.0,1580.0,1590.0,20900.0,1.5325670498084198,2.1072796934865856,-0.5628517823639823,-7.288629737609331,-7.288629737609331,7.8616352201257955,0.0,0.06494717215661902,False,False,False
485A,パワーエックス,2026-09-07,1833.0,2022.0,2022.0,1760.0,1810.2,4007640.0,1808.0,1832.0,1799.0,1830.0,164900.0,-0.16366612111292644,-1.3638843426077463,1.2168141592920456,-9.495548961424326,-9.495548961424326,10.491803278688527,0.0,0.04114641035621962,True,False,False
4880,セルソース,2026-09-07,343.0,360.0,360.0,346.4,339.04,31880.0,342.0,350.0,342.0,346.0,14100.0,0.8746355685131268,-0.2915451895043719,1.1695906432748648,-3.888888888888886,-3.888888888888886,4.046242774566466,0.0,0.44228356336260977,True,False,False
4881,ファンペップ,2026-09-07,51.0,54.0,68.0,50.8,49.88,165900.0,52.0,52.0,51.0,51.0,12800.0,0.0,1.9607843137254832,-1.9230769230769273,-5.555555555555558,-25.0,33.33333333333333,25.92592592592593,0.07715491259795057,False,False,False
4882,ペルセウスプロテオミクス,2026-09-07,148.0,152.0,152.0,144.0,144.6,143580.0,148.0,148.0,146.0,146.0,43000.0,-1.3513513513513487,0.0,-1.3513513513513487,-3.9473684210526327,-3.9473684210526327,4.109589041095885,0.0,0.2994846078841064,False,False,False
4883,モダリス,2026-09-07,36.0,36.0,36.0,35.0,33.04,546260.0,35.0,35.0,35.0,35.0,141200.0,-2.777777777777779,-2.777777777777779,0.0,-2.777777777777779,-2.777777777777779,2.857142857142847,0.0,0.2584849705268553,False,False,False
4884,クリングルファーマ,2026-09-07,423.0,463.0,463.0,428.2,408.6,98180.0,424.0,424.0,420.0,421.0,2000.0,-0.47281323877068626,0.23640661938533203,-0.7075471698113178,-9.071274298056153,-9.071274298056153,9.97624703087887,0.0,0.020370747606437156,False,False,False
4885,室町ケミカル,2026-09-07,900.0,914.0,914.0,904.0,896.64,5560.0,901.0,901.0,901.0,901.0,400.0,0.11111111111110628,0.11111111111110628,0.0,-1.422319474835887,-1.422319474835887,1.442841287458374,0.0,0.07194244604316546,False,False,False
4886,あすか製薬ホールディングス,2026-09-07,2082.0,2238.0,2241.0,2077.0,2107.08,59020.0,2070.0,2073.0,2061.0,2073.0,2700.0,-0.4322766570605152,-0.5763688760806907,0.14492753623187582,-7.372654155495983,-7.496653279785814,8.104196816208397,0.13404825737264314,0.045747204337512705,True,False,False
4887,サワイグループホールディングス,2026-09-07,1575.0,1725.0,1725.0,1581.2,1611.1,638320.0,1570.0,1600.0,1568.0,1590.5,126800.0,0.9841269841269762,-0.31746031746031633,1.3057324840764384,-7.797101449275368,-7.797101449275368,8.456460232631247,0.0,0.19864644692317332,True,False,False
4888,ステラファーマ,2026-09-07,370.0,374.0,374.0,363.0,342.32,168320.0,369.0,369.0,365.0,368.0,16800.0,-0.540540540540535,-0.2702702702702675,-0.27100271002710175,-1.6042780748663055,-1.6042780748663055,1.6304347826086918,0.0,0.09980988593155894,False,False,False
4889,レナサイエンス,2026-09-07,1191.0,1532.0,1577.0,1179.4,1313.88,313900.0,1190.0,1199.0,1183.0,1196.0,13300.0,0.4198152812762368,-0.08396305625524292,0.5042016806722671,-21.932114882506525,-24.159797083069122,31.856187290969906,2.937336814621405,0.042370181586492514,True,False,False
4890,坪田ラボ,2026-09-07,293.0,305.0,305.0,298.0,278.24,49400.0,299.0,300.0,296.0,296.0,6200.0,1.0238907849829282,2.0477815699658786,-1.0033444816053505,-2.950819672131144,-2.950819672131144,3.0405405405405483,0.0,0.12550607287449392,False,False,False
4891,ティムス,2026-09-07,107.0,113.0,113.0,107.2,105.56,223920.0,108.0,109.0,107.0,109.0,84800.0,1.869158878504673,0.9345794392523255,0.92592592592593,-3.539823008849563,-3.539823008849563,3.669724770642202,0.0,0.37870668095748483,True,False,False
4892,サイフューズ,2026-09-07,610.0,616.0,616.0,586.2,557.48,46280.0,615.0,615.0,605.0,610.0,4800.0,0.0,0.8196721311475308,-0.8130081300813052,-0.9740259740259716,-0.9740259740259716,0.9836065573770592,0.0,0.10371650821089023,False,False,False
4893,ノイルイミューン・バイオテック,2026-09-07,146.0,172.0,172.0,146.8,143.64,92260.0,146.0,146.0,145.0,145.0,3300.0,-0.6849315068493178,0.0,-0.6849315068493178,-15.697674418604645,-15.697674418604645,18.620689655172406,0.0,0.03576848038153046,False,False,False
4894,クオリプス,2026-09-07,5370.0,6110.0,6110.0,5432.0,5290.2,78000.0,5370.0,5370.0,5310.0,5330.0,2600.0,-0.7448789571694592,0.0,-0.7448789571694592,-12.765957446808507,-12.765957446808507,14.634146341463406,0.0,0.03333333333333333,False,False,False
4896,ケイファーマ,2026-09-07,819.0,845.0,845.0,805.8,767.44,27460.0,816.0,816.0,815.0,815.0,200.0,-0.48840048840048667,-0.366300366300365,-0.1225490196078427,-3.5502958579881616,-3.5502958579881616,3.6809815950920255,0.0,0.007283321194464676,False,False,False
4901,富士フイルムホールディングス,2026-09-07,3239.0,3463.0,3908.0,3336.0,3357.76,3750440.0,3228.0,3251.0,3225.0,3240.0,310800.0,0.03087372645877995,-0.33961099104662384,0.3717472118959009,-6.439503320820094,-17.09314227226203,20.61728395061728,12.850129945134281,0.08287027655421764,True,False,False
4902,コニカミノルタ,2026-09-07,621.2999877929688,698.9000244140625,708.0,661.2400024414062,649.1040014648438,3975680.0,626.0999755859375,633.2999877929688,620.4000244140625,622.5999755859375,524200.0,0.20923673241757257,0.7725716863474785,-0.5590161534065774,-10.917162135184178,-12.06215034096928,13.716676479739887,1.3020425337038288,0.13185165808113328,False,False,False
4911,資生堂,2026-09-07,3380.0,3821.0,3821.0,3470.4,3532.76,2750640.0,3387.0,3388.0,3356.0,3370.0,113500.0,-0.295857988165682,0.20710059171598072,-0.5019191024505432,-11.803192881444646,-11.803192881444646,13.382789317507427,0.0,0.04126312421836373,False,False,False
4912,ライオン,2026-09-07,1800.0,1946.0,1946.0,1853.7,1845.3,1163940.0,1799.5,1802.0,1791.0,1792.0,43000.0,-0.4444444444444473,-0.02777777777778212,-0.41678243956654315,-7.913669064748197,-7.913669064748197,8.59375,0.0,0.03694348505936732,False,False,False
4914,高砂香料工業,2026-09-07,1297.0,1357.0,1357.0,1317.6,1283.72,165960.0,1290.0,1290.0,1281.0,1290.0,12300.0,-0.5397070161912154,-0.5397070161912154,0.0,-4.937361827560793,-4.937361827560793,5.193798449612408,0.0,0.07411424439624006,False,False,False
4918,アイビー化粧品,2026-09-07,297.0,312.0,329.0,298.2,304.28,12500.0,297.0,297.0,297.0,297.0,1800.0,0.0,0.0,0.0,-4.807692307692313,-9.726443768996962,10.77441077441077,5.448717948717952,0.144,False,False,False
4919,ミルボン,2026-09-07,3115.0,3360.0,3360.0,3195.0,3129.6,150100.0,3100.0,3115.0,3090.0,3095.0,10000.0,-0.6420545746388395,-0.48154093097912964,-0.1612903225806428,-7.886904761904767,-7.886904761904767,8.562197092084013,0.0,0.06662225183211193,False,False,False
4920,日本色材工業研究所,2026-09-07,1140.0,1151.0,1151.0,1135.4,1129.0,400.0,1140.0,1140.0,1140.0,1140.0,200.0,0.0,0.0,0.0,-0.9556907037358786,-0.9556907037358786,0.9649122807017463,0.0,0.5,False,False,False
4922,コーセーホールディングス,2026-09-07,5676.0,6079.0,6118.0,5762.8,5788.68,325900.0,5670.0,5670.0,5588.0,5588.0,18200.0,-1.5503875968992276,-0.10570824524313016,-1.4462081128747806,-8.076986346438563,-8.662961752206598,9.484609878310657,0.641552886987995,0.055845351334765266,False,False,False
4923,コタ,2026-09-07,1220.0,1276.0,1276.0,1235.2,1231.68,26140.0,1220.0,1220.0,1213.0,1216.0,2100.0,-0.3278688524590123,0.0,-0.3278688524590123,-4.702194357366773,-4.702194357366773,4.9342105263157965,0.0,0.08033664881407804,False,False,False
4925,ハーバー研究所,2026-09-07,1739.0,1757.0,1777.0,1736.2,1737.44,1160.0,1740.0,1740.0,1740.0,1740.0,100.0,0.05750431282345314,0.05750431282345314,0.0,-0.9675583380762687,-2.0821609454136136,2.126436781609198,1.138303927148554,0.08620689655172414,False,False,False
4926,シーボン,2026-09-07,1249.0,1255.0,1260.0,1246.0,1246.44,740.0,1249.0,1249.0,1247.0,1249.0,500.0,0.0,0.0,0.0,-0.47808764940239223,-0.8730158730158699,0.8807045636509248,0.3984063745019917,0.6756756756756757,False,False,False
4927,ポーラ・オルビスホールディングス,2026-09-07,1354.0,1434.5,1434.5,1371.0,1381.08,479060.0,1350.0,1350.0,1341.0,1343.0,31400.0,-0.8124076809453484,-0.2954209748892156,-0.5185185185185182,-6.378529104217501,-6.378529104217501,6.813104988830965,0.0,0.06554502567528075,False,False,False
4928,ノエビアホールディングス,2026-09-07,4800.0,4985.0,5070.0,4838.0,4825.4,77220.0,4800.0,4815.0,4795.0,4800.0,9900.0,0.0,0.0,0.0,-3.711133400200606,-5.3254437869822535,5.624999999999991,1.7051153460381219,0.1282051282051282,False,False,False
4929,アジュバンホールディングス,2026-09-07,742.0,743.0,743.0,740.4,738.68,1480.0,742.0,742.0,742.0,742.0,300.0,0.0,0.0,0.0,-0.1345895020188448,-0.1345895020188448,0.13477088948787852,0.0,0.20270270270270271,False,False,False
4931,新日本製薬,2026-09-07,2020.0,2126.0,2126.0,2046.4,2050.68,55480.0,2015.0,2015.0,2005.0,2005.0,6500.0,-0.7425742574257432,-0.24752475247524774,-0.496277915632759,-5.6914393226716875,-5.6914393226716875,6.034912718204488,0.0,0.11715933669790915,False,False,False
4932,アルマード,2026-09-07,770.0,790.0,790.0,768.0,749.48,12760.0,777.0,792.0,777.0,792.0,12600.0,2.857142857142847,0.9090909090909038,1.9305019305019266,0.25316455696202667,0.25316455696202667,-0.2525252525252486,0.0,0.987460815047022,True,True,True
4933,Ｉ－ｎｅ,2026-09-07,1464.0,1555.0,1555.0,1450.8,1406.8,41080.0,1460.0,1460.0,1440.0,1452.0,7800.0,-0.8196721311475419,-0.2732240437158473,-0.5479452054794498,-6.623794212218648,-6.623794212218648,7.093663911845738,0.0,0.189873417721519,False,False,False
4934,プレミアアンチエイジング,2026-09-07,597.0,602.0,630.0,598.0,597.76,5360.0,596.0,598.0,596.0,598.0,3000.0,0.16750418760469454,-0.16750418760469454,0.3355704697986628,-0.6644518272425293,-5.0793650793650835,5.351170568561869,4.651162790697683,0.5597014925373134,True,False,False
4935,リベルタ,2026-09-07,206.0,244.0,319.0,201.8,218.72,343480.0,203.0,208.0,203.0,208.0,18700.0,0.9708737864077666,-1.4563106796116498,2.4630541871921263,-14.754098360655743,-34.79623824451411,53.36538461538463,30.737704918032783,0.05444276231512752,True,False,False
4936,アクシージア,2026-09-07,318.0,329.0,360.0,321.0,321.0,28380.0,318.0,318.0,318.0,318.0,2500.0,0.0,0.0,0.0,-3.3434650455927084,-11.66666666666667,13.207547169811317,9.422492401215798,0.08809020436927413,False,False,False
4937,Ｗａｑｏｏ,2026-09-07,2445.0,2508.0,2508.0,2366.0,2134.16,6920.0,2470.0,2470.0,2428.0,2428.0,200.0,-0.6952965235173858,1.0224948875255713,-1.7004048582995979,-3.189792663476876,-3.189792663476876,3.294892915980241,0.0,0.028901734104046242,False,False,False
4951,エステー,2026-09-07,1508.0,1570.0,1576.0,1522.0,1517.48,31560.0,1505.0,1505.0,1501.0,1501.0,6300.0,-0.46419098143235527,-0.19893899204244114,-0.26578073089701393,-4.394904458598726,-4.75888324873096,4.996668887408395,0.3821656050955413,0.19961977186311788,False,False,False
4956,コニシ,2026-09-07,1467.0,1505.0,1505.0,1483.6,1460.8,68260.0,1456.0,1456.0,1446.0,1451.0,2200.0,-1.0906612133605997,-0.749829584185413,-0.3434065934065922,-3.588039867109638,-3.588039867109638,3.7215713301171682,0.0,0.03222970993261061,False,False,False
4958,長谷川香料,2026-09-07,3270.0,3400.0,3400.0,3310.0,3324.8,40160.0,3255.0,3255.0,3240.0,3245.0,6000.0,-0.7645259938837912,-0.4587155963302725,-0.3072196620583667,-4.558823529411759,-4.558823529411759,4.776579352850541,0.0,0.14940239043824702,False,False,False
4960,ケミプロ化成,2026-09-07,625.0,695.0,695.0,622.4,542.72,223500.0,616.0,616.0,603.0,612.0,6700.0,-2.080000000000004,-1.4399999999999968,-0.649350649350644,-11.942446043165466,-11.942446043165466,13.56209150326797,0.0,0.029977628635346757,False,False,False
4966,上村工業,2026-09-07,19970.0,22100.0,25750.0,19550.0,20840.0,44580.0,19750.0,19750.0,19470.0,19600.0,1100.0,-1.852779168753127,-1.1016524787180737,-0.75949367088608,-11.31221719457014,-23.883495145631073,31.377551020408156,16.515837104072407,0.024674742036787798,False,False,False
4967,小林製薬,2026-09-07,5654.0,5770.0,5879.0,5692.8,5612.56,184200.0,5699.0,5702.0,5665.0,5665.0,11600.0,0.1945525291828787,0.7958967102935866,-0.5965958940164939,-1.8197573656845711,-3.6400748426603124,3.777581641659311,1.8890814558058855,0.06297502714440825,False,False,False
4968,荒川化学工業,2026-09-07,2178.0,2599.0,2673.0,2130.2,2234.0,194940.0,2151.0,2151.0,2120.0,2143.0,4700.0,-1.6069788797061557,-1.2396694214875992,-0.3719200371920084,-17.545209696036935,-19.827908716797605,24.73168455436303,2.8472489419007374,0.02410998255873602,False,False,False
4970,東洋合成工業,2026-09-07,10680.0,13340.0,15340.0,10664.0,12042.4,79200.0,10550.0,10570.0,10450.0,10470.0,4400.0,-1.96629213483146,-1.217228464419473,-0.758293838862556,-21.51424287856072,-31.7470664928292,46.513849092645664,14.99250374812593,0.05555555555555555,False,False,False
4971,メック,2026-09-07,6550.0,9100.0,10020.0,6408.0,7430.4,275420.0,6480.0,6480.0,6410.0,6450.0,13100.0,-1.526717557251911,-1.0687022900763399,-0.462962962962965,-29.120879120879117,-35.62874251497006,55.348837209302324,10.109890109890118,0.04756372086268245,False,False,False
4972,綜研化学,2026-09-07,4075.0,4240.0,4240.0,4097.0,3519.2,104520.0,4035.0,4035.0,3980.0,3985.0,1400.0,-2.208588957055213,-0.9815950920245453,-1.2391573729863659,-6.014150943396224,-6.014150943396224,6.398996235884558,0.0,0.013394565633371604,False,False,False
4973,日本高純度化学,2026-09-07,4815.0,4930.0,4930.0,4761.0,4717.2,71220.0,4750.0,4755.0,4735.0,4755.0,7400.0,-1.2461059190031154,-1.349948078920038,0.10526315789474161,-3.549695740365111,-3.549695740365111,3.680336487907465,0.0,0.10390339792193204,True,False,False
4975,ＪＣＵ,2026-09-07,5670.0,5780.0,6800.0,5572.0,5658.8,177340.0,5570.0,5600.0,5560.0,5600.0,2500.0,-1.2345679012345734,-1.763668430335097,0.538599640933568,-3.114186851211076,-17.647058823529417,21.42857142857142,17.647058823529417,0.014097214390436449,True,False,False
4976,東洋ドライルーブ,2026-09-07,1700.0,1745.0,1745.0,1561.2,1432.6,9920.0,1700.0,1700.0,1640.0,1663.0,2100.0,-2.176470588235291,0.0,-2.176470588235291,-4.6991404011461295,-4.6991404011461295,4.930847865303667,0.0,0.21169354838709678,False,False,False
4977,新田ゼラチン,2026-09-07,1206.0,1270.0,1358.0,1205.2,1236.32,30720.0,1202.0,1202.0,1195.0,1195.0,12900.0,-0.9121061359867344,-0.3316749585406287,-0.5823627287853572,-5.905511811023622,-12.002945508100149,13.640167364016742,6.929133858267722,0.419921875,False,False,False
4978,リプロセル,2026-09-07,149.0,157.0,157.0,147.6,144.04,399300.0,149.0,149.0,147.0,149.0,33400.0,0.0,0.0,0.0,-5.095541401273884,-5.095541401273884,5.369127516778516,0.0,0.08364638116704233,False,False,False
4979,ＯＡＴアグリオ,2026-09-07,2976.0,3045.0,3045.0,2968.2,2684.64,35120.0,2951.0,2967.0,2937.0,2967.0,1800.0,-0.3024193548387122,-0.8400537634408622,0.542189088444589,-2.5615763546798065,-2.5615763546798065,2.628918099089983,0.0,0.05125284738041002,True,False,False
4980,デクセリアルズ,2026-09-07,2991.5,3298.0,3658.0,2946.7,3065.16,1111540.0,2974.5,2990.0,2936.5,2952.0,70300.0,-1.3204078221627946,-0.568276784221966,-0.7564296520423563,-10.491206791995145,-19.300164024056865,23.915989159891595,10.915706488781085,0.06324558720333952,False,False,False
4985,アース製薬,2026-09-07,4685.0,4970.0,4970.0,4821.0,4816.8,52280.0,4690.0,4690.0,4655.0,4670.0,5300.0,-0.32017075773745907,0.10672358591248265,-0.4264392324093813,-6.036217303822933,-6.036217303822933,6.423982869379019,0.0,0.10137719969395563,False,False,False
4990,昭和化学工業,2026-09-07,530.0,536.0,536.0,522.6,505.52,2060.0,536.0,538.0,536.0,538.0,1000.0,1.5094339622641506,1.132075471698113,0.3731343283582156,0.3731343283582156,0.3731343283582156,-0.371747211895912,0.0,0.4854368932038835,True,True,True
4992,北興化学工業,2026-09-07,1983.0,2069.0,2069.0,1995.4,1994.4,73000.0,1983.0,1983.0,1946.0,1952.0,3500.0,-1.563287947554215,0.0,-1.563287947554215,-5.654905751570805,-5.654905751570805,5.993852459016402,0.0,0.04794520547945205,False,False,False
4994,大成ラミックグループ,2026-09-07,2810.0,2937.0,2937.0,2875.4,2763.6,20540.0,2809.0,2810.0,2794.0,2794.0,3100.0,-0.5693950177935947,-0.0355871886120962,-0.5339978640085397,-4.868913857677903,-4.868913857677903,5.118110236220463,0.0,0.15092502434274585,False,False,False
4996,クミアイ化学工業,2026-09-07,766.0,807.0,807.0,778.6,769.48,403900.0,760.0,760.0,754.0,759.0,41600.0,-0.9138381201044377,-0.7832898172323799,-0.1315789473684159,-5.947955390334569,-5.947955390334569,6.324110671936767,0.0,0.10299579103738549,False,False,False
4997,日本農薬,2026-09-07,1243.0,1326.0,1326.0,1285.4,1197.36,407940.0,1238.0,1238.0,1226.0,1233.0,123900.0,-0.8045052292839916,-0.4022526146419958,-0.40387722132472215,-7.0135746606334815,-7.0135746606334815,7.542579075425793,0.0,0.30372113546109725,False,False,False
4998,フマキラー,2026-09-07,1179.0,1214.0,1230.0,1196.0,1190.92,13260.0,1180.0,1180.0,1172.0,1177.0,1700.0,-0.16963528413910245,0.08481764206955678,-0.25423728813559476,-3.0477759472817167,-4.308943089430894,4.502973661852172,1.317957166392092,0.1282051282051282,False,False,False
500A,ＴＯブックス,2026-09-07,3405.0,3530.0,3530.0,3453.0,3229.88,6580.0,3405.0,3405.0,3405.0,3405.0,400.0,0.0,0.0,0.0,-3.541076487252126,-3.541076487252126,3.6710719530102853,0.0,0.060790273556231005,False,False,False
5010,日本精蝋,2026-09-07,289.0,370.0,370.0,287.6,279.12,121460.0,286.0,290.0,286.0,290.0,13800.0,0.34602076124568004,-1.038062283737029,1.3986013986013957,-21.62162162162162,-21.62162162162162,27.586206896551737,0.0,0.1136176519018607,True,False,False
5011,ニチレキグループ,2026-09-07,2292.0,2426.0,2426.0,2281.6,2282.36,71420.0,2275.0,2292.0,2271.0,2286.0,2600.0,-0.2617801047120394,-0.7417102966841171,0.48351648351647736,-5.770816158285241,-5.770816158285241,6.12423447069117,0.0,0.03640436852422291,True,False,False
5013,ユシロ,2026-09-07,2910.0,3110.0,3210.0,2918.8,2994.76,55060.0,2890.0,2890.0,2872.0,2872.0,1700.0,-1.3058419243986208,-0.6872852233676952,-0.622837370242213,-7.652733118971056,-10.529595015576321,11.768802228412255,3.2154340836012762,0.03087540864511442,False,False,False
5015,ビーピー・カストロール,2026-09-07,1000.0,1009.0,1015.0,1001.4,1000.88,8720.0,1000.0,1000.0,1000.0,1000.0,800.0,0.0,0.0,0.0,-0.8919722497522264,-1.4778325123152691,1.4999999999999902,0.5946481665014769,0.09174311926605505,False,False,False
5016,ＪＸ金属,2026-09-07,3685.0,4135.0,4350.0,3668.0,3813.76,16318260.0,3672.0,3768.0,3657.0,3766.0,2215900.0,2.1981004070556365,-0.3527815468113982,2.5599128540304994,-8.923821039903268,-13.425287356321835,15.507169410515132,5.199516324062881,0.13579266416885133,True,False,False
5018,ＭＯＲＥＳＣＯ,2026-09-07,2365.0,2440.0,2440.0,2347.4,2263.68,18640.0,2365.0,2365.0,2335.0,2335.0,1400.0,-1.2684989429175508,0.0,-1.2684989429175508,-4.303278688524593,-4.303278688524593,4.4967880085653,0.0,0.07510729613733906,False,False,False
5019,出光興産,2026-09-07,1499.0,1512.5,1512.5,1480.6,1359.02,5282260.0,1504.5,1519.0,1495.5,1505.0,629300.0,0.4002668445630464,0.3669112741827796,0.033233632436036054,-0.49586776859503745,-0.49586776859503745,0.4983388704318914,0.0,0.1191346128361724,True,False,False
5020,ＥＮＥＯＳホールディングス,2026-09-07,1369.0,1403.0,1403.0,1364.1,1318.56,8923460.0,1361.5,1373.0,1357.0,1367.0,705000.0,-0.14609203798392478,-0.5478451424397401,0.403966213734841,-2.565930149679263,-2.565930149679263,2.633504023408917,0.0,0.07900522891344837,True,False,False
5021,コスモエネルギーホールディングス,2026-09-07,4400.0,4520.0,4520.0,4356.0,4151.24,619600.0,4376.0,4399.0,4370.0,4379.0,27500.0,-0.4772727272727262,-0.545454545454549,0.06855575868371933,-3.1194690265486713,-3.1194690265486713,3.2199132221968574,0.0,0.04438347320852163,True,False,False
5025,マーキュリー,2026-09-07,578.0,600.0,600.0,581.4,576.68,220.0,585.0,585.0,578.0,578.0,300.0,0.0,1.211072664359869,-1.1965811965811923,-3.6666666666666625,-3.6666666666666625,3.806228373702414,0.0,1.3636363636363635,False,False,False
5026,トリプルアイズ,2026-09-07,637.0,666.0,666.0,614.6,593.32,33780.0,647.0,651.0,644.0,644.0,12100.0,1.098901098901095,1.5698587127158659,-0.46367851622874934,-3.3033033033033066,-3.3033033033033066,3.416149068322971,0.0,0.35820011841326227,False,False,False
5027,ＡｎｙＭｉｎｄ　Ｇｒｏｕｐ,2026-09-07,732.0,856.0,856.0,738.6,700.4,357380.0,725.0,726.0,714.0,724.0,26100.0,-1.0928961748633892,-0.95628415300546,-0.13793103448276334,-15.420560747663547,-15.420560747663547,18.232044198895036,0.0,0.07303150707929934,False,False,False
5028,セカンドサイトアナリティカ,2026-09-07,362.0,394.0,394.0,356.6,364.44,8220.0,362.0,362.0,362.0,362.0,1900.0,0.0,0.0,0.0,-8.121827411167516,-8.121827411167516,8.83977900552486,0.0,0.23114355231143552,False,False,False
5029,サークレイス,2026-09-07,942.0,1040.0,1040.0,899.6,815.36,27620.0,931.0,931.0,930.0,930.0,4300.0,-1.273885350318471,-1.1677282377919318,-0.10741138560687036,-10.576923076923073,-10.576923076923073,11.827956989247301,0.0,0.1556842867487328,False,False,False
5031,モイ,2026-09-07,339.0,350.0,350.0,338.4,333.76,30340.0,340.0,340.0,340.0,340.0,200.0,0.2949852507374562,0.2949852507374562,0.0,-2.857142857142858,-2.857142857142858,2.941176470588225,0.0,0.0065919578114700065,False,False,False
5032,ＡＮＹＣＯＬＯＲ,2026-09-07,2948.0,3080.0,3080.0,2966.0,2848.6,473700.0,2970.0,2970.0,2927.0,2936.0,29800.0,-0.4070556309362261,0.746268656716409,-1.1447811447811485,-4.675324675324677,-4.675324675324677,4.904632152588562,0.0,0.06290901414397299,False,False,False
5033,ヌーラボ,2026-09-07,1165.0,1209.0,1209.0,1109.8,910.24,174500.0,1146.0,1167.0,1146.0,1167.0,4900.0,0.17167381974247942,-1.6309012875536433,1.8324607329842868,-3.47394540942928,-3.47394540942928,3.5989717223650297,0.0,0.028080229226361032,True,False,False
5034,ｕｎｅｒｒｙ,2026-09-07,2296.0,2456.0,2500.0,2318.6,2161.52,15900.0,2300.0,2319.0,2296.0,2300.0,3200.0,0.17421602787457413,0.17421602787457413,0.0,-6.351791530944628,-7.9999999999999964,8.695652173913038,1.791530944625408,0.20125786163522014,False,False,False
5035,ＨＯＵＳＥＩ,2026-09-07,370.0,374.0,374.0,368.8,360.24,1780.0,370.0,373.0,370.0,370.0,1700.0,0.0,0.0,0.0,-1.0695187165775444,-1.0695187165775444,1.08108108108107,0.0,0.9550561797752809,False,False,False
5036,日本ビジネスシステムズ,2026-09-07,1511.0,1682.0,1682.0,1577.0,1600.08,96940.0,1501.0,1511.0,1496.0,1506.0,50300.0,-0.33090668431502435,-0.6618133686300487,0.3331112591605567,-10.463733650416174,-10.463733650416174,11.686586985391756,0.0,0.5188776562822365,True,False,False
5038,ｅＷｅＬＬ,2026-09-07,2156.0,2397.0,2397.0,2127.8,2164.48,49280.0,2194.0,2194.0,2160.0,2163.0,3200.0,0.32467532467532756,1.7625231910946226,-1.4129443938012742,-9.762202753441807,-9.762202753441807,10.818307905686542,0.0,0.06493506493506493,False,False,False
504A,イノバセル,2026-09-07,564.0,640.0,640.0,566.4,568.64,83380.0,565.0,570.0,558.0,564.0,10100.0,0.0,0.17730496453900457,-0.1769911504424737,-11.875000000000002,-11.875000000000002,13.475177304964546,0.0,0.12113216598704725,False,False,False
505A,ギークリー,2026-09-07,1402.0,1482.0,1482.0,1420.4,1367.72,22960.0,1424.0,1424.0,1399.0,1408.0,3800.0,0.42796005706133844,1.5691868758915817,-1.1235955056179803,-4.993252361673417,-4.993252361673417,5.255681818181812,0.0,0.16550522648083624,False,False,False
5071,ヴィス,2026-09-07,1389.0,1488.0,1488.0,1377.2,1382.4,1240.0,1389.0,1389.0,1389.0,1389.0,100.0,0.0,0.0,0.0,-6.653225806451612,-6.653225806451612,7.127429805615559,0.0,0.08064516129032258,False,False,False
5074,テスホールディングス,2026-09-07,618.0,803.0,826.0,615.6,672.8,1177500.0,619.0,620.0,611.0,614.0,70500.0,-0.6472491909385147,0.16181229773462036,-0.8077544426494332,-23.536737235367376,-25.66585956416465,34.52768729641693,2.8642590286425795,0.05987261146496815,False,False,False
5076,インフロニア・ホールディングス,2026-09-07,2765.0,2944.0,2944.0,2806.2,2735.78,1506840.0,2765.0,2780.0,2756.0,2773.0,89500.0,0.2893309222423257,0.0,0.2893309222423257,-5.808423913043481,-5.808423913043481,6.166606563288868,0.0,0.05939582171962517,True,False,False
50765,インフロニア・ホールディングス第１回社債型種類株式,2026-09-07,4633.0,4650.0,4650.0,4633.8,4631.36,3840.0,4631.0,4631.0,4631.0,4631.0,200.0,-0.04316857327865131,-0.04316857327865131,0.0,-0.40860215053762916,-0.40860215053762916,0.4102785575469614,0.0,0.052083333333333336,False,False,False
5078,セレコーポレーション,2026-09-07,4730.0,4860.0,4940.0,4770.0,4766.0,80.0,4730.0,4730.0,4730.0,4730.0,100.0,0.0,0.0,0.0,-2.6748971193415683,-4.251012145748989,4.439746300211422,1.6460905349794164,1.25,False,False,False
5079,ノバック,2026-09-07,2620.0,2722.0,2722.0,2613.8,2603.8,6540.0,2630.0,2630.0,2602.0,2602.0,1000.0,-0.6870229007633566,0.3816793893129722,-1.0646387832699666,-4.408523144746512,-4.408523144746512,4.611837048424294,0.0,0.1529051987767584,False,False,False
5101,横浜ゴム,2026-09-07,7110.0,8291.0,8291.0,7141.8,7463.28,960080.0,7104.0,7105.0,7050.0,7092.0,121300.0,-0.25316455696202667,-0.08438818565400519,-0.16891891891891442,-14.461464238330723,-14.461464238330723,16.906373378454596,0.0,0.12634363803016416,False,False,False
5105,ＴＯＹＯ　ＴＩＲＥ,2026-09-07,3722.0,3949.0,4353.0,3712.4,3820.76,1475140.0,3683.0,3686.0,3647.0,3651.0,172800.0,-1.9075765717356252,-1.0478237506716837,-0.8688569101276133,-7.546214231450998,-16.126809097174366,19.22760887428101,10.230438085591299,0.1171414238648535,False,False,False
5108,ブリヂストン,2026-09-07,3920.0,4393.0,4393.0,4042.4,4084.32,3006140.0,3861.0,3872.0,3808.0,3828.0,503100.0,-2.346938775510199,-1.5051020408163307,-0.8547008547008517,-12.86137036193945,-12.86137036193945,14.759665621734586,0.0,0.16735747503442955,False,False,False
5110,住友ゴム工業,2026-09-07,2085.5,2472.5,2547.0,2161.0,2278.9,2172060.0,2056.5,2061.0,2031.0,2045.0,379600.0,-1.9419803404459368,-1.3905538240230109,-0.5592025285679592,-17.290192113245705,-19.709462112288968,24.547677261613686,3.0131445904954424,0.1747649696601383,False,False,False
5121,藤倉コンポジット,2026-09-07,2715.0,2830.0,2830.0,2693.6,2710.96,52020.0,2700.0,2700.0,2675.0,2686.0,2800.0,-1.0681399631675914,-0.5524861878453025,-0.5185185185185182,-5.088339222614846,-5.088339222614846,5.361131794489937,0.0,0.05382545174932718,False,False,False
5122,オカモト,2026-09-07,6200.0,6730.0,6730.0,6294.0,6355.6,33500.0,6200.0,6200.0,6130.0,6170.0,2800.0,-0.4838709677419395,0.0,-0.4838709677419395,-8.32095096582467,-8.32095096582467,9.076175040518631,0.0,0.08358208955223881,False,False,False
5125,ファインズ,2026-09-07,475.0,499.0,499.0,472.2,473.92,2840.0,474.0,474.0,474.0,474.0,1200.0,-0.21052631578947212,-0.21052631578947212,0.0,-5.010020040080166,-5.010020040080166,5.2742616033755185,0.0,0.4225352112676056,False,False,False
5126,ポーターズ,2026-09-07,1401.0,1540.0,1700.0,1421.4,1469.72,300.0,1401.0,1401.0,1401.0,1401.0,100.0,0.0,0.0,0.0,-9.025974025974026,-17.58823529411765,21.34189864382583,10.389610389610393,0.3333333333333333,False,False,False
5129,ＦＩＸＥＲ,2026-09-07,281.0,422.0,422.0,301.8,269.48,533720.0,279.0,279.0,279.0,279.0,7500.0,-0.7117437722419906,-0.7117437722419906,0.0,-33.88625592417062,-33.88625592417062,51.25448028673836,0.0,0.014052312073746534,False,False,False
5131,リンカーズ,2026-09-07,116.0,157.0,157.0,120.0,120.48,156020.0,118.0,119.0,118.0,119.0,13700.0,2.586206896551735,1.724137931034475,0.8474576271186418,-24.20382165605095,-24.20382165605095,31.932773109243694,0.0,0.08780925522368926,True,False,False
5132,ｐｌｕｓｚｅｒｏ,2026-09-07,2185.0,2185.0,2185.0,2069.6,1994.08,25340.0,2160.0,2180.0,2140.0,2159.0,3100.0,-1.1899313501144149,-1.1441647597253968,-0.04629629629629983,-1.1899313501144149,-1.1899313501144149,1.2042612320518842,0.0,0.122336227308603,False,False,False
5133,テリロジーホールディングス,2026-09-07,299.0,326.0,326.0,303.4,311.24,55820.0,299.0,299.0,299.0,299.0,500.0,0.0,0.0,0.0,-8.282208588957051,-8.282208588957051,9.030100334448154,0.0,0.00895736295234683,False,False,False
5134,ＰＯＰＥＲ,2026-09-07,480.0,501.0,533.0,481.8,484.08,4220.0,478.0,478.0,478.0,478.0,200.0,-0.4166666666666652,-0.4166666666666652,0.0,-4.590818363273453,-10.31894934333959,11.506276150627626,6.387225548902187,0.04739336492890995,False,False,False
5136,ｔｒｉｐｌａ,2026-09-07,1998.0,2100.0,2100.0,1986.4,1891.52,29280.0,1973.0,1979.0,1926.0,1967.0,12700.0,-1.5515515515515554,-1.2512512512512508,-0.3041054232133855,-6.333333333333336,-6.333333333333336,6.761565836298922,0.0,0.4337431693989071,False,False,False
5137,スマートドライブ,2026-09-07,306.0,338.0,338.0,308.8,275.36,1029060.0,307.0,309.0,304.0,309.0,23700.0,0.9803921568627416,0.32679738562091387,0.6514657980456029,-8.579881656804734,-8.579881656804734,9.385113268608425,0.0,0.023030727071307794,True,False,False
5139,オープンワーク,2026-09-07,943.0,988.0,988.0,944.4,946.8,8920.0,938.0,938.0,938.0,938.0,300.0,-0.5302226935312793,-0.5302226935312793,0.0,-5.060728744939269,-5.060728744939269,5.330490405117261,0.0,0.033632286995515695,False,False,False
5142,アキレス,2026-09-07,1820.0,2032.0,2032.0,1842.6,1803.0,88980.0,1815.0,1825.0,1812.0,1825.0,2000.0,0.27472527472527375,-0.27472527472527375,0.5509641873278293,-10.187007874015752,-10.187007874015752,11.342465753424658,0.0,0.02247696111485727,True,False,False
5161,西川ゴム工業,2026-09-07,3575.0,3825.0,3825.0,3653.0,3538.4,155320.0,3590.0,3590.0,3530.0,3540.0,9600.0,-0.9790209790209836,0.41958041958041203,-1.392757660167132,-7.4509803921568585,-7.4509803921568585,8.05084745762712,0.0,0.06180788050476436,False,False,False
5162,朝日ラバー,2026-09-07,803.0,823.0,823.0,801.6,796.2,2800.0,803.0,803.0,799.0,803.0,1500.0,0.0,0.0,0.0,-2.4301336573511523,-2.4301336573511523,2.49066002490661,0.0,0.5357142857142857,False,False,False
5184,ニチリン,2026-09-07,4115.0,4200.0,4200.0,4129.0,4130.0,8520.0,4120.0,4120.0,4090.0,4110.0,10300.0,-0.12150668286755595,0.12150668286756705,-0.24271844660194164,-2.1428571428571463,-2.1428571428571463,2.1897810218978186,0.0,1.2089201877934272,False,False,False
5185,フコク,2026-09-07,2005.0,2104.0,2104.0,2024.8,2017.48,44620.0,2000.0,2000.0,1980.0,1982.0,6500.0,-1.1471321695760595,-0.24937655860348684,-0.9000000000000008,-5.798479087452469,-5.798479087452469,6.1553985872855765,0.0,0.14567458538771852,False,False,False
5186,ニッタ,2026-09-07,6900.0,7270.0,7270.0,6722.0,6755.2,48200.0,6900.0,6900.0,6850.0,6900.0,56400.0,0.0,0.0,0.0,-5.089408528198069,-5.089408528198069,5.362318840579716,0.0,1.170124481327801,False,False,False
5187,クリエートメディック,2026-09-07,1146.0,1160.0,1163.0,1146.0,1139.44,3380.0,1150.0,1150.0,1150.0,1150.0,1200.0,0.3490401396160525,0.3490401396160525,0.0,-0.8620689655172376,-1.1177987962166847,1.1304347826087024,0.2586206896551646,0.35502958579881655,False,False,False
5189,櫻護謨,2026-09-07,3565.0,4015.0,4015.0,3586.0,3504.4,1060.0,3530.0,3530.0,3530.0,3530.0,100.0,-0.9817671809256634,-0.9817671809256634,0.0,-12.079701120797015,-12.079701120797015,13.739376770538247,0.0,0.09433962264150944,False,False,False
5192,三ツ星ベルト,2026-09-07,4370.0,4645.0,4645.0,4404.0,4370.2,55800.0,4365.0,4395.0,4345.0,4345.0,8100.0,-0.5720823798627039,-0.11441647597254523,-0.45819014891179677,-6.458557588805169,-6.458557588805169,6.9044879171461515,0.0,0.14516129032258066,False,False,False
5194,相模ゴム工業,2026-09-07,641.0,652.0,671.0,643.0,641.16,5360.0,648.0,651.0,641.0,641.0,3500.0,0.0,1.0920436817472678,-1.0802469135802517,-1.6871165644171793,-4.470938897168408,4.680187207488307,2.914110429447847,0.6529850746268657,False,False,False
5195,バンドー化学,2026-09-07,2460.0,2560.0,2560.0,2475.6,2461.8,52200.0,2445.0,2445.0,2430.0,2436.0,2400.0,-0.9756097560975618,-0.6097560975609762,-0.36809815950920033,-4.843750000000002,-4.843750000000002,5.090311986863716,0.0,0.04597701149425287,False,False,False
519A,ベーシック,2026-09-07,507.0,523.0,549.0,509.8,506.32,8140.0,507.0,507.0,507.0,507.0,6000.0,0.0,0.0,0.0,-3.0592734225621365,-7.650273224043714,8.284023668639051,4.97131931166348,0.7371007371007371,False,False,False
5201,ＡＧＣ,2026-09-07,5670.0,6061.0,6274.0,5691.4,5789.0,1449360.0,5657.0,5658.0,5597.0,5610.0,76500.0,-1.0582010582010581,-0.22927689594356426,-0.8308290613399327,-7.4410163339382995,-10.583359897991706,11.83600713012478,3.5142715723478046,0.052781917536015896,False,False,False
5202,日本板硝子,2026-09-07,493.0,493.0,493.0,491.4,486.72,4658760.0,493.0,493.0,492.0,493.0,408400.0,0.0,0.0,0.0,0.0,0.0,0.0,0.0,0.08766281156359203,False,False,False
5204,石塚硝子,2026-09-07,3060.0,3085.0,3085.0,3055.0,3036.68,3420.0,3060.0,3060.0,3060.0,3060.0,2500.0,0.0,0.0,0.0,-0.8103727714748765,-0.8103727714748765,0.8169934640522847,0.0,0.7309941520467836,False,False,False
5208,有沢製作所,2026-09-07,2619.0,2978.0,2978.0,2591.6,2653.44,214480.0,2592.0,2608.0,2580.0,2605.0,12200.0,-0.5345551737304333,-1.0309278350515427,0.5015432098765427,-12.525184687709867,-12.525184687709867,14.318618042226493,0.0,0.05688176053711302,True,False,False
520A,ジェイファーマ,2026-09-07,472.0,472.0,472.0,383.8,303.96,1376460.0,495.0,499.0,482.0,484.0,225700.0,2.5423728813559254,4.8728813559322015,-2.2222222222222254,2.5423728813559254,2.5423728813559254,-2.4793388429752095,0.0,0.16397134678813768,False,True,True
5210,日本山村硝子,2026-09-07,2933.0,3055.0,3055.0,2921.8,2914.28,29020.0,2934.0,2934.0,2920.0,2933.0,21200.0,0.0,0.034094783498117565,-0.03408316291751978,-3.993453355155485,-3.993453355155485,4.159563586771231,0.0,0.7305306685044797,False,False,False
5214,日本電気硝子,2026-09-07,4826.0,5226.0,5607.0,4737.4,4842.6,868300.0,4761.0,4769.0,4726.0,4747.0,25700.0,-1.6369664318276023,-1.3468711147948564,-0.29405587061541727,-9.16570991197857,-15.337970394150169,18.116705287550026,7.290470723306552,0.02959806518484395,False,False,False
5216,倉元製作所,2026-09-07,154.0,160.0,168.0,154.0,154.4,139240.0,153.0,153.0,152.0,154.0,107800.0,0.0,-0.649350649350644,0.6535947712418277,-3.749999999999998,-8.333333333333337,9.090909090909083,5.000000000000004,0.7742028152829646,True,False,False
5218,オハラ,2026-09-07,1739.0,1742.0,1742.0,1666.6,1605.52,95360.0,1730.0,1765.0,1724.0,1757.0,26000.0,1.035077630822312,-0.517538815411156,1.5606936416185047,0.8610792192881744,0.8610792192881744,-0.8537279453614155,0.0,0.2726510067114094,True,True,True
5232,住友大阪セメント,2026-09-07,5545.0,6004.0,6084.0,5499.8,5660.04,174480.0,5445.0,5445.0,5395.0,5426.0,14400.0,-2.146077547339942,-1.803426510369699,-0.34894398530762594,-9.626915389740176,-10.815253122945434,12.126796903796544,1.3324450366422491,0.08253094910591471,False,False,False
5233,太平洋セメント,2026-09-07,4213.0,4353.0,4380.0,4181.4,4177.8,411080.0,4180.0,4183.0,4147.0,4168.0,44100.0,-1.0681224780441534,-0.7832898172323799,-0.2870813397129135,-4.249942568343668,-4.840182648401825,5.086372360844527,0.6202618883528688,0.1072783886348156,False,False,False
5237,ノザワ,2026-09-07,1221.0,1233.0,1278.0,1219.4,1209.12,2720.0,1218.0,1218.0,1218.0,1221.0,6100.0,0.0,-0.24570024570024218,0.24630541871921707,-0.9732360097323589,-4.460093896713612,4.668304668304679,3.649635036496357,2.2426470588235294,True,False,False
523A,セイワホールディングス,2026-09-07,1808.0,1869.0,1869.0,1750.8,1664.52,137560.0,1781.0,1800.0,1775.0,1795.0,3800.0,-0.7190265486725633,-1.4933628318584025,0.7860752386299907,-3.9593365436062067,-3.9593365436062067,4.122562674094699,0.0,0.027624309392265192,True,False,False
5240,ｍｏｎｏＡＩ　ｔｅｃｈｎｏｌｏｇｙ,2026-09-07,202.0,283.0,283.0,211.4,212.64,329040.0,202.0,203.0,201.0,201.0,15800.0,-0.4950495049504955,0.0,-0.4950495049504955,-28.97526501766784,-28.97526501766784,40.796019900497505,0.0,0.04801847799659616,False,False,False
5242,アイズ,2026-09-07,2520.0,3055.0,3210.0,2321.4,2165.8,15380.0,2470.0,2485.0,2462.0,2520.0,60500.0,0.0,-1.9841269841269882,2.0242914979757165,-17.512274959083474,-21.495327102803742,27.380952380952372,5.07364975450082,3.9336801040312093,True,False,False
5243,ｎｏｔｅ,2026-09-07,3000.0,3140.0,3140.0,2868.6,2593.28,323500.0,3005.0,3005.0,2959.0,2999.0,32300.0,-0.03333333333332966,0.16666666666667052,-0.19966722129783898,-4.490445859872616,-4.490445859872616,4.701567189063027,0.0,0.09984544049459042,False,False,False
5244,ｊｉｇ．ｊｐ,2026-09-07,176.0,187.0,187.0,175.2,177.48,198900.0,175.0,175.0,175.0,176.0,164300.0,0.0,-0.5681818181818232,0.5714285714285783,-5.882352941176472,-5.882352941176472,6.25,0.0,0.8260432378079436,True,False,False
5246,ＥＬＥＭＥＮＴＳ,2026-09-07,829.0,939.0,939.0,840.4,838.0,520300.0,818.0,827.0,815.0,827.0,30300.0,-0.24125452352231624,-1.3268998793727338,1.1002444987775029,-11.927582534611291,-11.927582534611291,13.542926239419595,0.0,0.05823563328848741,True,False,False
5247,ＢＴＭ,2026-09-07,564.0,594.0,594.0,571.0,565.52,3160.0,559.0,559.0,559.0,564.0,7800.0,0.0,-0.886524822695034,0.8944543828264706,-5.05050505050505,-5.05050505050505,5.319148936170204,0.0,2.4683544303797467,True,False,False
5248,テクノロジーズ,2026-09-07,506.0,528.0,628.0,507.0,490.52,15800.0,506.0,506.0,506.0,506.0,31100.0,0.0,0.0,0.0,-4.1666666666666625,-19.426751592356684,24.110671936758887,18.939393939393945,1.9683544303797469,False,False,False
5250,ＧＭＯプライム・ストラテジー,2026-09-07,1040.0,1064.0,1065.0,1033.6,1029.76,1480.0,1030.0,1030.0,1030.0,1040.0,2000.0,0.0,-0.9615384615384581,0.9708737864077666,-2.2556390977443663,-2.3474178403755874,2.4038461538461453,0.09398496240602405,1.3513513513513513,True,False,False
5252,日本ナレッジ,2026-09-07,800.0,845.0,845.0,752.0,792.28,14420.0,800.0,839.0,800.0,835.0,71300.0,4.374999999999996,0.0,4.374999999999996,-1.1834319526627168,-1.1834319526627168,1.1976047904191711,0.0,4.944521497919556,True,False,False
5253,カバー,2026-09-07,1714.0,1763.0,1763.0,1642.0,1592.04,1150840.0,1754.0,1754.0,1654.0,1659.0,487100.0,-3.2088681446907796,2.333722287047846,-5.416191562143668,-5.899035734543389,-5.899035734543389,6.268836648583487,0.0,0.4232560564457266,False,False,False
5254,Ａｒｅｎｔ,2026-09-07,4055.0,4475.0,4645.0,3942.0,4210.4,16740.0,4055.0,4075.0,4030.0,4075.0,1600.0,0.4932182490752224,0.0,0.4932182490752224,-8.93854748603352,-12.27125941872982,13.987730061349701,3.798882681564253,0.0955794504181601,True,False,False
5255,モンスターラボ,2026-09-07,90.0,103.0,104.0,92.0,94.0,262520.0,90.0,90.0,89.0,89.0,67700.0,-1.1111111111111072,0.0,-1.1111111111111072,-13.592233009708742,-14.423076923076927,16.85393258426966,0.9708737864077666,0.25788511351516075,False,False,False
5256,Ｆｕｓｉｃ,2026-09-07,2788.0,2788.0,2788.0,2674.8,2509.96,2500.0,2753.0,2753.0,2753.0,2788.0,5100.0,0.0,-1.255380200860834,1.2713403559752923,0.0,0.0,0.0,0.0,2.04,True,False,False
5257,ノバシステム,2026-09-07,2837.0,2877.0,2877.0,2838.6,2759.12,1420.0,2851.0,2851.0,2851.0,2837.0,3200.0,0.0,0.4934790271413414,-0.4910557699052909,-1.3903371567605127,-1.3903371567605127,1.409940077546712,0.0,2.2535211267605635,False,False,False
5258,トランザクション・メディア・ネットワークス,2026-09-07,428.0,483.0,483.0,427.2,433.32,81860.0,428.0,428.0,425.0,428.0,137200.0,0.0,0.0,0.0,-11.387163561076608,-11.387163561076608,12.850467289719635,0.0,1.6760322501832396,False,False,False
5261,リソルホールディングス,2026-09-07,7640.0,7850.0,8070.0,7694.0,7700.4,3000.0,7640.0,7640.0,7630.0,7630.0,800.0,-0.13089005235602524,0.0,-0.13089005235602524,-2.8025477707006363,-5.4522924411400275,5.766710353866311,2.8025477707006363,0.26666666666666666,False,False,False
5262,日本ヒューム,2026-09-07,1163.0,1177.0,1177.0,1139.0,1123.28,203460.0,1163.0,1164.0,1151.0,1156.0,38100.0,-0.6018916595012858,0.0,-0.6018916595012858,-1.7841971112999122,-1.7841971112999122,1.8166089965397925,0.0,0.18726039516366855,False,False,False
5268,旭コンクリート工業,2026-09-07,918.0,945.0,945.0,890.4,850.08,19300.0,919.0,919.0,905.0,905.0,3000.0,-1.4161220043573008,0.10893246187364536,-1.5233949945593017,-4.232804232804233,-4.232804232804233,4.419889502762442,0.0,0.15544041450777202,False,False,False
5269,日本コンクリート工業,2026-09-07,370.0,395.0,395.0,369.6,369.08,183660.0,368.0,368.0,361.0,365.0,33100.0,-1.3513513513513487,-0.540540540540535,-0.8152173913043459,-7.594936708860756,-7.594936708860756,8.219178082191792,0.0,0.18022432756179899,False,False,False
5271,トーヨーアサノ,2026-09-07,2230.0,2386.0,2386.0,2264.4,2275.68,340.0,2192.0,2192.0,2192.0,2230.0,1200.0,0.0,-1.704035874439458,1.7335766423357768,-6.538139145012578,-6.538139145012578,6.995515695067267,0.0,3.5294117647058822,True,False,False
5273,三谷セキサン,2026-09-07,2021.0,2155.0,2155.0,2036.4,1972.0,42800.0,2039.0,2039.0,2008.0,2008.0,1600.0,-0.643245917862445,0.8906481939633837,-1.5203531142716997,-6.8213457076566115,-6.8213457076566115,7.320717131474108,0.0,0.037383177570093455,False,False,False
5279,日本興業,2026-09-07,1195.0,1222.0,1222.0,1207.6,1198.2,1700.0,1195.0,1195.0,1195.0,1195.0,2100.0,0.0,0.0,0.0,-2.209492635024546,-2.209492635024546,2.259414225941425,0.0,1.2352941176470589,False,False,False
5280,ヨシコン,2026-09-07,2228.0,2282.0,2356.0,2222.6,2192.76,9380.0,2222.0,2222.0,2222.0,2228.0,9000.0,0.0,-0.269299820466784,0.27002700270026825,-2.366345311130591,-5.432937181663833,5.74506283662477,3.242769500438203,0.9594882729211087,True,False,False
5282,ジオスター,2026-09-07,417.0,463.0,463.0,426.6,418.64,51240.0,421.0,423.0,421.0,422.0,12900.0,1.1990407673860837,0.9592326139088669,0.23752969121140222,-8.855291576673864,-8.855291576673864,9.715639810426534,0.0,0.25175644028103045,True,False,False
5283,高見澤,2026-09-07,3175.0,3240.0,3240.0,3180.0,3132.2,260.0,3170.0,3170.0,3165.0,3165.0,200.0,-0.31496062992125706,-0.15748031496063408,-0.1577287066246047,-2.314814814814814,-2.314814814814814,2.369668246445489,0.0,0.7692307692307693,False,False,False
5284,ヤマウホールディングス,2026-09-07,2238.0,2274.0,2430.0,2249.6,2254.52,7180.0,2243.0,2243.0,2243.0,2238.0,12100.0,0.0,0.22341376228776078,-0.22291573785109264,-1.58311345646438,-7.901234567901239,8.579088471849872,6.860158311345654,1.6852367688022285,False,False,False
5285,ヤマックス,2026-09-07,1370.0,1434.0,1568.0,1368.8,1405.36,24800.0,1372.0,1372.0,1356.0,1370.0,24800.0,0.0,0.14598540145984717,-0.1457725947521915,-4.463040446304046,-12.627551020408168,14.452554744525536,9.344490934449091,1.0,False,False,False
5287,イトーヨーギョー,2026-09-07,882.0,938.0,938.0,881.4,851.84,16020.0,882.0,882.0,879.0,882.0,24500.0,0.0,0.0,0.0,-5.970149253731338,-5.970149253731338,6.349206349206349,0.0,1.529338327091136,False,False,False
5288,アジアパイルホールディングス,2026-09-07,1516.0,1607.0,1607.0,1527.8,1537.32,195720.0,1503.0,1503.0,1486.0,1493.0,39700.0,-1.517150395778366,-0.857519788918204,-0.6653359946773074,-7.093963907902923,-7.093963907902923,7.635632953784333,0.0,0.20284079296954832,False,False,False
5290,ベルテクスコーポレーション,2026-09-07,1176.0,1238.0,1363.0,1159.8,1198.16,68800.0,1176.0,1176.0,1163.0,1165.0,4000.0,-0.9353741496598622,0.0,-0.9353741496598622,-5.896607431340872,-14.526779163609682,16.99570815450644,10.09693053311793,0.05813953488372093,False,False,False
5301,東海カーボン,2026-09-07,1875.5,1918.5,1943.0,1848.3,1742.28,1919040.0,1850.0,1862.0,1835.0,1861.5,103100.0,-0.746467608637702,-1.3596374300186564,0.6216216216216264,-2.9710711493354136,-4.194544518785381,4.378189632017193,1.2770393536617242,0.053724779056194764,True,False,False
5302,日本カーボン,2026-09-07,5110.0,5440.0,5440.0,5087.0,4996.0,60640.0,5070.0,5080.0,5030.0,5050.0,3000.0,-1.1741682974559686,-0.7827788649706457,-0.39447731755424265,-7.169117647058821,-7.169117647058821,7.72277227722773,0.0,0.04947229551451187,False,False,False
5304,ＳＥＣカーボン,2026-09-07,2606.0,2789.0,2798.0,2641.8,2593.68,16800.0,2601.0,2601.0,2580.0,2580.0,2100.0,-0.9976976208749044,-0.19186492709132308,-0.8073817762399127,-7.493725349587665,-7.7912794853466805,8.449612403100781,0.3226963069200339,0.125,False,False,False
5310,東洋炭素,2026-09-07,7140.0,7750.0,7750.0,6888.0,7032.4,93620.0,7130.0,7130.0,7060.0,7100.0,3900.0,-0.5602240896358524,-0.1400560224089631,-0.42075736325385416,-8.387096774193548,-8.387096774193548,9.154929577464799,0.0,0.04165776543473617,False,False,False
5331,ノリタケ,2026-09-07,3580.0,4185.0,4185.0,3552.0,3656.0,174660.0,3555.0,3560.0,3535.0,3540.0,7000.0,-1.1173184357541888,-0.6983240223463638,-0.42194092827003704,-15.412186379928317,-15.412186379928317,18.220338983050844,0.0,0.04007786556738807,False,False,False
5332,ＴＯＴＯ,2026-09-07,6007.0,6750.0,7520.0,5991.8,6354.76,1250380.0,6000.0,6000.0,5952.0,5970.0,43300.0,-0.6159480605959722,-0.11653071416680705,-0.5000000000000004,-11.555555555555552,-20.61170212765957,25.963149078726964,11.4074074074074,0.03462947264031734,False,False,False
5333,ＮＧＫ,2026-09-07,5316.0,6162.0,6180.0,5237.0,5551.68,1690420.0,5251.0,5300.0,5227.0,5261.0,37100.0,-1.0346124905944332,-1.2227238525206907,0.19043991620644185,-14.621876014281076,-14.870550161812302,17.46816194639802,0.2921129503407949,0.021947208386081565,True,False,False
5334,日本特殊陶業,2026-09-07,8082.0,9916.0,10200.0,8032.2,9009.52,1307460.0,7932.0,7937.0,7845.0,7897.0,68500.0,-2.289037366988367,-1.8559762435040872,-0.4412506303580477,-20.361032674465505,-22.578431372549023,29.162973280992777,2.864058087938681,0.05239166016551176,False,False,False
5337,ダントーホールディングス,2026-09-07,824.0,856.0,881.0,824.0,828.28,4800.0,825.0,855.0,825.0,824.0,5700.0,0.0,0.12135922330096527,-0.12121212121212199,-3.738317757009346,-6.469920544835417,6.917475728155331,2.9205607476635587,1.1875,False,False,False
5341,ＡＳＡＨＩ　ＥＩＴＯホールディングス,2026-09-07,147.0,156.0,159.0,145.2,147.52,26040.0,144.0,144.0,144.0,147.0,23300.0,0.0,-2.0408163265306145,2.083333333333326,-5.769230769230771,-7.547169811320753,8.163265306122458,1.9230769230769162,0.8947772657450077,True,False,False
5344,ＭＡＲＵＷＡ,2026-09-07,58470.0,64290.0,64290.0,53098.0,56045.6,106620.0,58420.0,58420.0,57410.0,58130.0,9600.0,-0.5814947836497386,-0.0855139387720194,-0.496405340636763,-9.581583449992227,-9.581583449992227,10.59693789781524,0.0,0.09003939223410241,False,False,False
5351,品川リフラ,2026-09-07,2038.0,2158.0,2158.0,2054.4,2068.48,104600.0,2050.0,2050.0,2031.0,2038.0,9100.0,0.0,0.5888125613346507,-0.5853658536585371,-5.560704355885083,-5.560704355885083,5.888125613346418,0.0,0.0869980879541109,False,False,False
5355,日本坩堝,2026-09-07,667.0,681.0,682.0,670.0,675.0,4520.0,668.0,668.0,668.0,667.0,6600.0,0.0,0.14992503748125774,-0.14970059880239361,-2.055800293685761,-2.1994134897360684,2.2488755622188883,0.1468428781204123,1.4601769911504425,False,False,False
5356,美濃窯業,2026-09-07,1295.0,1334.0,1355.0,1304.4,1299.8,2420.0,1298.0,1298.0,1295.0,1295.0,3900.0,0.0,0.23166023166023564,-0.23112480739599928,-2.923538230884559,-4.4280442804427995,4.633204633204624,1.5742128935532174,1.6115702479338843,False,False,False
5357,ヨータイ,2026-09-07,1766.0,1815.0,1815.0,1772.4,1767.84,35420.0,1766.0,1766.0,1755.0,1757.0,5000.0,-0.5096262740656887,0.0,-0.5096262740656887,-3.195592286501381,-3.195592286501381,3.3010813887307977,0.0,0.1411631846414455,False,False,False
5363,東京窯業,2026-09-07,685.0,714.0,714.0,687.8,693.6,47400.0,685.0,685.0,683.0,685.0,56900.0,0.0,0.0,0.0,-4.06162464985994,-4.06162464985994,4.233576642335768,0.0,1.2004219409282701,False,False,False
5367,ニッカトー,2026-09-07,1404.0,1415.0,1415.0,1346.0,1264.76,196860.0,1390.0,1407.0,1382.0,1400.0,20300.0,-0.2849002849002802,-0.9971509971509973,0.7194244604316502,-1.0600706713780883,-1.0600706713780883,1.0714285714285676,0.0,0.10311896779437163,True,False,False
5368,日本インシュレーション,2026-09-07,1013.0,1049.0,1049.0,1010.2,1013.92,5580.0,1025.0,1025.0,1021.0,1013.0,10500.0,0.0,1.1846001974333609,-1.1707317073170742,-3.4318398474737832,-3.4318398474737832,3.553800592300105,0.0,1.881720430107527,False,False,False
5380,新東,2026-09-07,1230.0,1300.0,1300.0,1217.4,1167.12,520.0,1230.0,1230.0,1230.0,1230.0,700.0,0.0,0.0,0.0,-5.384615384615388,-5.384615384615388,5.691056910569103,0.0,1.3461538461538463,False,False,False
5381,マイポックス,2026-09-07,993.0,1043.0,1043.0,948.6,936.48,192040.0,985.0,1010.0,981.0,999.0,46600.0,0.6042296072507503,-0.8056394763343411,1.4213197969543234,-4.218600191754551,-4.218600191754551,4.404404404404394,0.0,0.2426577796292439,True,False,False
5384,フジミインコーポレーテッド,2026-09-07,3410.0,4170.0,4535.0,3363.0,3752.8,318000.0,3375.0,3390.0,3360.0,3385.0,9100.0,-0.7331378299120228,-1.026392961876832,0.2962962962963056,-18.824940047961636,-25.358324145534727,33.97341211225997,8.752997601918455,0.028616352201257862,True,False,False
5388,クニミネ工業,2026-09-07,1334.0,1378.0,1378.0,1335.8,1301.52,4440.0,1348.0,1348.0,1344.0,1334.0,6200.0,0.0,1.0494752623688264,-1.0385756676557834,-3.193033381712629,-3.193033381712629,3.2983508245877147,0.0,1.3963963963963963,False,False,False
5391,エーアンドエーマテリアル,2026-09-07,1495.0,1538.0,1600.0,1499.2,1502.16,8760.0,1515.0,1515.0,1495.0,1495.0,5100.0,0.0,1.3377926421404673,-1.320132013201325,-2.79583875162549,-6.562500000000004,7.0234113712374535,4.031209362808852,0.5821917808219178,False,False,False
5393,ニチアス,2026-09-07,3405.0,3743.0,3743.0,3347.6,3430.8,449780.0,3355.0,3371.0,3352.0,3371.0,15100.0,-0.998531571218797,-1.468428781204112,0.47690014903130074,-9.93855196366551,-9.93855196366551,11.035301097597161,0.0,0.033571968517942107,True,False,False
5401,日本製鉄,2026-09-07,697.5,718.5,718.5,697.1599975585938,678.5240014648438,56618700.0,694.2999877929688,694.4000244140625,687.5,691.0999755859375,4707400.0,-0.9175662242383531,-0.45878311211917655,-0.46089763262180394,-3.81350374586813,-3.81350374586813,3.9646976388375332,0.0,0.08314214208379916,False,False,False
5406,神戸製鋼所,2026-09-07,2064.5,2075.5,2098.5,2047.9,2023.74,2154500.0,2048.0,2050.0,2033.5,2039.5,117900.0,-1.2109469605231293,-0.7992249939452689,-0.4150390625,-1.7345218019754305,-2.811532046700027,2.8928658985045264,1.108166706817637,0.05472267347412393,False,False,False
5408,中山製鋼所,2026-09-07,656.0,670.0,670.0,653.6,644.24,254820.0,650.0,650.0,646.0,647.0,46100.0,-1.3719512195121908,-0.9146341463414642,-0.4615384615384577,-3.432835820895519,-3.432835820895519,3.554868624420404,0.0,0.1809120163252492,False,False,False
5410,合同製鐵,2026-09-07,3145.0,3175.0,3175.0,3124.0,2991.32,74180.0,3145.0,3145.0,3110.0,3125.0,3900.0,-0.6359300476947549,0.0,-0.6359300476947549,-1.5748031496062964,-1.5748031496062964,1.6000000000000014,0.0,0.05257481801024535,False,False,False
5411,ＪＦＥホールディングス,2026-09-07,1872.0,1937.0,1937.0,1877.0,1838.62,8116220.0,1856.0,1856.5,1845.5,1849.0,321800.0,-1.2286324786324743,-0.8547008547008517,-0.37715517241379004,-4.543107898812593,-4.543107898812593,4.759329367225518,0.0,0.039648999164635754,False,False,False
5423,東京製鐵,2026-09-07,1711.0,1829.0,1829.0,1743.4,1726.28,401440.0,1696.0,1711.0,1691.0,1698.0,22500.0,-0.7597895967270563,-0.8766803039158333,0.1179245283018826,-7.162383816293061,-7.162383816293061,7.714958775029457,0.0,0.05604822638501395,True,False,False
542A,ビタブリッドジャパン,2026-09-07,1055.0,1125.0,1125.0,1077.2,1094.48,6620.0,1051.0,1051.0,1051.0,1055.0,6300.0,0.0,-0.37914691943128354,0.38058991436726863,-6.222222222222218,-6.222222222222218,6.635071090047395,0.0,0.9516616314199395,True,False,False
543A,ＡＲＣＨＩＯＮ,2026-09-07,276.0,292.0,294.0,281.2,275.32,21482240.0,275.0,275.0,272.0,272.0,2923300.0,-1.449275362318836,-0.36231884057971175,-1.0909090909090868,-6.849315068493156,-7.482993197278908,8.088235294117641,0.6849315068493178,0.13607985014598106,False,False,False
5440,共英製鋼,2026-09-07,2035.0,2143.0,2143.0,2070.0,1987.08,139880.0,2026.0,2026.0,2006.0,2009.0,7200.0,-1.2776412776412727,-0.4422604422604448,-0.8390918065153019,-6.2529164722351815,-6.2529164722351815,6.6699850671976035,0.0,0.05147269087789534,False,False,False
5444,大和工業,2026-09-07,12415.0,13370.0,14290.0,12470.0,12761.0,141760.0,12250.0,12300.0,12250.0,12275.0,2900.0,-1.1276681433749491,-1.329037454691906,0.20408163265306367,-8.189977561705309,-14.100769769069277,16.415478615071287,6.881077038145111,0.020457110609480814,True,False,False
5445,東京鐵鋼,2026-09-07,2052.0,2105.0,2105.0,2075.0,2015.8,100300.0,2048.0,2059.0,2044.0,2044.0,2900.0,-0.3898635477582846,-0.19493177387914784,-0.1953125,-2.8978622327791026,-2.8978622327791026,2.984344422700591,0.0,0.028913260219341975,False,False,False
5446,北越メタル,2026-09-07,1115.0,1115.0,1303.0,1096.2,1090.36,5180.0,1112.0,1112.0,1112.0,1115.0,8100.0,0.0,-0.2690582959641308,0.26978417266187993,0.0,-14.428242517267842,16.86098654708521,16.86098654708521,1.5637065637065637,True,False,False
5449,大阪製鐵,2026-09-07,2612.0,2962.0,2962.0,2689.8,2698.68,26100.0,2599.0,2599.0,2540.0,2550.0,3300.0,-2.3736600306278666,-0.4977029096477792,-1.8853405155829117,-13.909520594193115,-13.909520594193115,16.156862745098046,0.0,0.12643678160919541,False,False,False
544A,ＧＭＳグループ,2026-09-07,341.0,377.0,377.0,344.0,353.64,218680.0,340.0,340.0,337.0,337.0,73500.0,-1.1730205278592365,-0.2932551319648091,-0.8823529411764675,-10.61007957559682,-10.61007957559682,11.869436201780426,0.0,0.3361075544174136,False,False,False
5451,ヨドコウ,2026-09-07,1419.0,1472.0,1496.0,1436.2,1421.68,264020.0,1416.0,1416.0,1408.0,1409.0,9300.0,-0.7047216349541974,-0.21141649048626032,-0.4943502824858781,-4.279891304347827,-5.81550802139037,6.174591909155436,1.6304347826086918,0.03522460419665177,False,False,False
5458,高砂鐵工,2026-09-07,1361.0,1462.0,1462.0,1376.6,1383.08,5500.0,1353.0,1353.0,1353.0,1361.0,1700.0,0.0,-0.5878030859661987,0.591278640059123,-6.908344733242133,-6.908344733242133,7.421013960323286,0.0,0.3090909090909091,True,False,False
545A,トランヴィア,2026-09-07,996.0,1020.0,1020.0,999.6,961.92,76800.0,994.0,994.0,988.0,988.0,29000.0,-0.8032128514056214,-0.20080321285140812,-0.6036217303822977,-3.1372549019607843,-3.1372549019607843,3.238866396761142,0.0,0.3776041666666667,False,False,False
5461,中部鋼鈑,2026-09-07,2154.0,2234.0,2234.0,2164.4,2099.84,129400.0,2144.0,2144.0,2130.0,2131.0,9300.0,-1.067780872794799,-0.46425255338904403,-0.6063432835820892,-4.610564010743056,-4.610564010743056,4.833411543876109,0.0,0.07187017001545595,False,False,False
5463,丸一鋼管,2026-09-07,1769.0,1815.0,1858.5,1760.3,1763.3,1005100.0,1757.0,1757.0,1743.5,1751.5,32800.0,-0.9892594686263467,-0.6783493499152082,-0.313033579965849,-3.498622589531686,-5.75733118106,6.109049386240373,2.3966942148760273,0.03263356879912446,False,False,False
5464,モリ工業,2026-09-07,939.0,964.0,968.0,941.8,944.76,25020.0,935.0,935.0,934.0,934.0,1900.0,-0.5324813631522929,-0.42598509052182987,-0.10695187165775666,-3.112033195020747,-3.512396694214881,3.6402569593147804,0.4149377593360981,0.0759392486011191,False,False,False
546A,ＭＩＲＡＩＮＩホールディングス,2026-09-07,2485.0,2739.0,2739.0,2468.8,2452.68,217720.0,2463.0,2477.0,2440.0,2451.0,9400.0,-1.3682092555332037,-0.8853118712273678,-0.487210718635811,-10.51478641840088,-10.51478641840088,11.750305997552024,0.0,0.043174719823626674,False,False,False
5471,大同特殊鋼,2026-09-07,2433.0,2586.5,2586.5,2304.3,2313.32,1019660.0,2383.0,2420.5,2356.0,2415.5,130100.0,-0.7192766132346873,-2.055076037813397,1.3638271086865217,-6.611250724917839,-6.611250724917839,7.079279652245907,0.0,0.1275915501245513,True,False,False
547A,ムニノバホールディングス,2026-09-07,429.0,484.0,484.0,434.6,449.0,1785160.0,429.0,430.0,426.0,427.0,308100.0,-0.4662004662004615,0.0,-0.4662004662004615,-11.776859504132231,-11.776859504132231,13.348946135831374,0.0,0.17258957180308768,False,False,False
5480,日本冶金工業,2026-09-07,5440.0,5680.0,5790.0,5466.0,5404.8,65380.0,5450.0,5450.0,5410.0,5420.0,9000.0,-0.3676470588235281,0.18382352941177516,-0.5504587155963248,-4.577464788732399,-6.39032815198618,6.826568265682664,1.936619718309851,0.13765677577240745,False,False,False
5482,愛知製鋼,2026-09-07,3265.0,3405.0,3405.0,3284.0,3211.4,168660.0,3250.0,3265.0,3230.0,3230.0,17000.0,-1.071975497702915,-0.45941807044410643,-0.6153846153846176,-5.139500734214386,-5.139500734214386,5.417956656346745,0.0,0.10079449780623741,False,False,False
5484,東北特殊鋼,2026-09-07,4445.0,4475.0,4475.0,4445.0,4454.0,800.0,4445.0,4450.0,4445.0,4445.0,3800.0,0.0,0.0,0.0,-0.6703910614525133,-0.6703910614525133,0.6749156355455588,0.0,4.75,False,False,False
548A,システムエグゼ,2026-09-07,940.0,1015.0,1015.0,946.6,952.56,35840.0,940.0,952.0,940.0,940.0,45200.0,0.0,0.0,0.0,-7.389162561576357,-7.389162561576357,7.978723404255317,0.0,1.2611607142857142,False,False,False
5491,日本金属,2026-09-07,921.0,968.0,968.0,925.6,930.28,16840.0,916.0,916.0,915.0,921.0,12000.0,0.0,-0.5428881650380024,0.5458515283842891,-4.855371900826444,-4.855371900826444,5.103148751357223,0.0,0.7125890736342043,True,False,False
549A,ヒトトヒトホールディングス,2026-09-07,516.0,530.0,530.0,509.4,502.88,23440.0,516.0,516.0,513.0,516.0,18200.0,0.0,0.0,0.0,-2.6415094339622636,-2.6415094339622636,2.7131782945736482,0.0,0.7764505119453925,False,False,False
550A,ソフトテックス,2026-09-07,2209.0,2230.0,2391.0,2198.6,2180.56,1780.0,2183.0,2183.0,2183.0,2209.0,2200.0,0.0,-1.1770031688546845,1.1910215300045879,-0.9417040358744355,-7.611877875365957,8.239022181982802,7.219730941704028,1.2359550561797752,True,False,False
5527,ｐｒｏｐｅｒｔｙ　ｔｅｃｈｎｏｌｏｇｉｅｓ,2026-09-07,745.0,749.0,749.0,739.2,706.16,18240.0,749.0,749.0,746.0,745.0,11500.0,0.0,0.5369127516778427,-0.5340453938584733,-0.5340453938584733,-0.5340453938584733,0.5369127516778427,0.0,0.6304824561403509,False,False,False
5532,リアルゲイト,2026-09-07,3600.0,3650.0,3650.0,3527.0,3423.0,20720.0,3595.0,3595.0,3545.0,3600.0,12500.0,0.0,-0.1388888888888884,0.13908205841446364,-1.3698630136986356,-1.3698630136986356,1.388888888888884,0.0,0.6032818532818532,True,False,False
5533,エリッツホールディングス,2026-09-07,2039.0,2057.0,2059.0,2038.4,2003.4,420.0,2040.0,2040.0,2031.0,2031.0,500.0,-0.3923491907797949,0.049043648847479915,-0.4411764705882337,-1.2639766650461848,-1.3598834385624037,1.3786312161496728,0.0972289742343202,1.1904761904761905,False,False,False
5535,ミガロホールディングス,2026-09-07,301.0,302.0,302.0,293.2,280.56,231240.0,299.0,299.0,294.0,296.0,51300.0,-1.661129568106312,-0.6644518272425293,-1.0033444816053505,-1.9867549668874163,-1.9867549668874163,2.0270270270270174,0.0,0.22184743124026984,False,False,False
5537,ＡｌｂａＬｉｎｋ,2026-09-07,3395.0,3705.0,3705.0,3432.0,3152.48,83280.0,3420.0,3420.0,3345.0,3365.0,2700.0,-0.8836524300441795,0.7363770250368162,-1.6081871345029253,-9.176788124156543,-9.176788124156543,10.104011887072817,0.0,0.032420749279538905,False,False,False
5541,大平洋金属,2026-09-07,2596.0,2784.0,2784.0,2601.2,2624.36,203820.0,2609.0,2617.0,2585.0,2610.0,14300.0,0.5392912172573094,0.500770416024654,0.03832886163281923,-6.25,-6.25,6.666666666666665,0.0,0.07015994504955353,True,False,False
5542,新報国マテリアル,2026-09-07,926.0,1034.0,1034.0,941.2,923.64,10200.0,925.0,925.0,925.0,926.0,32200.0,0.0,-0.10799136069113979,0.108108108108107,-10.444874274661508,-10.444874274661508,11.66306695464363,0.0,3.156862745098039,True,False,False
554A,バトンズ,2026-09-07,1507.0,1650.0,1650.0,1533.6,1522.52,22260.0,1544.0,1544.0,1507.0,1507.0,1200.0,0.0,2.4552090245520963,-2.396373056994816,-8.666666666666668,-8.666666666666668,9.48905109489051,0.0,0.05390835579514825,False,False,False
5563,新日本電工,2026-09-07,438.0,463.0,463.0,443.6,439.92,712220.0,436.0,436.0,432.0,436.0,62900.0,-0.45662100456621557,-0.45662100456621557,0.0,-5.831533477321815,-5.831533477321815,6.192660550458706,0.0,0.08831540816039987,False,False,False
556A,犬猫生活,2026-09-07,2334.0,2364.0,2364.0,2276.4,2180.88,22180.0,2312.0,2312.0,2259.0,2292.0,2400.0,-1.7994858611825149,-0.9425878320479808,-0.865051903114189,-3.0456852791878153,-3.0456852791878153,3.141361256544495,0.0,0.10820559062218214,False,False,False
5570,ジェノバ,2026-09-07,650.0,697.0,697.0,649.0,622.4,31420.0,656.0,658.0,643.0,650.0,15300.0,0.0,0.9230769230769154,-0.9146341463414642,-6.743185078909608,-6.743185078909608,7.230769230769241,0.0,0.486950986632718,False,False,False
5571,エキサイトホールディングス,2026-09-07,1020.0,1117.0,1117.0,1021.2,1002.76,1680.0,1008.0,1024.0,1000.0,1020.0,6400.0,0.0,-1.17647058823529,1.1904761904761862,-8.683974932855865,-8.683974932855865,9.509803921568638,0.0,3.8095238095238093,True,False,False
5572,Ｒｉｄｇｅ－ｉ,2026-09-07,2908.0,3150.0,3150.0,2933.6,2743.28,78980.0,2900.0,2900.0,2866.0,2908.0,196200.0,0.0,-0.27510316368638543,0.2758620689655267,-7.68253968253968,-7.68253968253968,8.321870701513067,0.0,2.4841732084071917,True,False,False
5574,ＡＢＥＪＡ,2026-09-07,3060.0,3330.0,3330.0,3008.2,2884.0,227800.0,2990.0,3055.0,2967.0,3055.0,28300.0,-0.16339869281045694,-2.287581699346408,2.1739130434782705,-8.258258258258255,-8.258258258258255,9.001636661211121,0.0,0.12423178226514486,True,False,False
5575,Ｇｌｏｂｅｅ,2026-09-07,1135.0,1348.0,1348.0,1133.6,1160.68,34540.0,1136.0,1136.0,1133.0,1133.0,2300.0,-0.17621145374449032,0.08810572687225626,-0.2640845070422504,-15.949554896142438,-15.949554896142438,18.97616946160636,0.0,0.06658946149392009,False,False,False
5576,オービーシステム,2026-09-07,3015.0,3030.0,3030.0,2993.4,2953.28,1500.0,3030.0,3030.0,3015.0,3015.0,500.0,0.0,0.4975124378109541,-0.4950495049504955,-0.4950495049504955,-0.4950495049504955,0.4975124378109541,0.0,0.3333333333333333,False,False,False
5578,ＡＲアドバンストテクノロジ,2026-09-07,891.0,905.0,905.0,882.6,850.88,54140.0,888.0,888.0,872.0,891.0,28300.0,0.0,-0.33670033670033517,0.33783783783782884,-1.5469613259668558,-1.5469613259668558,1.5712682379348974,0.0,0.5227188769855929,True,False,False
5580,プロディライト,2026-09-07,1564.0,1780.0,1780.0,1607.2,1669.48,2800.0,1591.0,1591.0,1591.0,1564.0,4100.0,0.0,1.7263427109974527,-1.6970458830923962,-12.134831460674157,-12.134831460674157,13.810741687979533,0.0,1.4642857142857142,False,False,False
5582,グリッド,2026-09-07,2147.0,2180.0,2180.0,2053.0,1999.48,29800.0,2101.0,2132.0,2093.0,2147.0,74000.0,0.0,-2.1425244527247367,2.189433603046176,-1.513761467889907,-1.513761467889907,1.5370284117373068,0.0,2.4832214765100673,True,False,False
5586,Ｌａｂｏｒｏ．ＡＩ,2026-09-07,937.0,959.0,959.0,905.8,876.28,92700.0,937.0,937.0,925.0,932.0,7700.0,-0.5336179295624355,0.0,-0.5336179295624355,-2.8154327424400383,-2.8154327424400383,2.896995708154515,0.0,0.08306364617044229,False,False,False
5587,インバウンドプラットフォーム,2026-09-07,793.0,980.0,980.0,798.4,857.0,18980.0,790.0,791.0,790.0,790.0,1000.0,-0.3783102143757877,-0.3783102143757877,0.0,-19.387755102040817,-19.387755102040817,24.0506329113924,0.0,0.05268703898840885,False,False,False
5588,ファーストアカウンティング,2026-09-07,851.0,906.0,906.0,844.8,834.4,11640.0,840.0,840.0,840.0,851.0,8600.0,0.0,-1.292596944770863,1.3095238095238049,-6.070640176600439,-6.070640176600439,6.462984723854293,0.0,0.738831615120275,True,False,False
5589,オートサーバー,2026-09-07,2990.0,2997.0,2997.0,2967.2,2845.6,3060.0,2990.0,2991.0,2990.0,2990.0,3400.0,0.0,0.0,0.0,-0.23356690023356164,-0.23356690023356164,0.234113712374584,0.0,1.1111111111111112,False,False,False
558A,ＳＱＵＥＥＺＥ,2026-09-07,5810.0,6400.0,6400.0,5808.0,5330.4,48060.0,5750.0,5780.0,5610.0,5680.0,1500.0,-2.2375215146299476,-1.03270223752151,-1.2173913043478257,-11.250000000000004,-11.250000000000004,12.676056338028175,0.0,0.031210986267166042,False,False,False
5590,ネットスターズ,2026-09-07,743.0,755.0,755.0,710.6,694.56,131400.0,750.0,753.0,737.0,743.0,22800.0,0.0,0.9421265141319024,-0.9333333333333305,-1.5894039735099286,-1.5894039735099286,1.6150740242261152,0.0,0.1735159817351598,False,False,False
5591,ＡＶＩＬＥＮ,2026-09-07,888.0,908.0,908.0,875.0,836.8,20360.0,888.0,888.0,878.0,888.0,19600.0,0.0,0.0,0.0,-2.2026431718061623,-2.2026431718061623,2.2522522522522515,0.0,0.962671905697446,False,False,False
5592,くすりの窓口,2026-09-07,2667.0,2947.0,2947.0,2662.4,2630.64,38420.0,2660.0,2662.0,2660.0,2662.0,1300.0,-0.18747656542932312,-0.2624671916010457,0.07518796992480592,-9.670851713607053,-9.670851713607053,10.706235912847472,0.0,0.0338365434669443,True,False,False
5597,ブルーイノベーション,2026-09-07,1460.0,1577.0,1577.0,1384.0,1340.64,94460.0,1454.0,1467.0,1434.0,1467.0,11500.0,0.4794520547945158,-0.4109589041095929,0.8940852819807388,-6.975269499048831,-6.975269499048831,7.49829584185413,0.0,0.12174465382172348,True,False,False
5599,Ｓ＆Ｊ,2026-09-07,1021.0,1140.0,1140.0,1007.8,1023.56,11780.0,1028.0,1028.0,1012.0,1014.0,2300.0,-0.6856023506366271,0.6856023506366382,-1.3618677042801508,-11.05263157894737,-11.05263157894737,12.426035502958577,0.0,0.19524617996604415,False,False,False
559A,梅乃宿酒造,2026-09-07,1150.0,1230.0,1230.0,1173.0,1140.68,15940.0,1151.0,1152.0,1151.0,1150.0,19200.0,0.0,0.08695652173913437,-0.08688097306689402,-6.504065040650408,-6.504065040650408,6.956521739130439,0.0,1.2045169385194479,False,False,False
5602,栗本鐵工所,2026-09-07,1688.0,1799.0,1799.0,1719.2,1701.96,259300.0,1686.0,1686.0,1670.0,1679.0,16500.0,-0.5331753554502328,-0.11848341232227888,-0.41518386714116673,-6.6703724291272914,-6.6703724291272914,7.1471113758189375,0.0,0.06363285769379097,False,False,False
5603,虹技,2026-09-07,1315.0,1329.0,1335.0,1317.4,1310.76,2640.0,1307.0,1307.0,1307.0,1315.0,1700.0,0.0,-0.6083650190114032,0.6120887528691554,-1.0534236267870534,-1.4981273408239737,1.520912547528508,0.4514672686230181,0.6439393939393939,True,False,False
5609,日本鋳造,2026-09-07,915.0,939.0,987.0,917.4,920.08,6060.0,915.0,919.0,907.0,915.0,17700.0,0.0,0.0,0.0,-2.5559105431309903,-7.294832826747721,7.868852459016384,5.111821086261981,2.9207920792079207,False,False,False
5612,日本鋳鉄管,2026-09-07,1601.0,1680.0,1680.0,1613.4,1608.36,6120.0,1600.0,1600.0,1595.0,1600.0,1700.0,-0.06246096189881367,-0.06246096189881367,0.0,-4.761904761904767,-4.761904761904767,5.000000000000004,0.0,0.2777777777777778,False,False,False
5616,雨風太陽,2026-09-07,665.0,665.0,665.0,658.0,638.08,1760.0,659.0,665.0,658.0,665.0,2600.0,0.0,-0.9022556390977488,0.9104704097116834,0.0,0.0,0.0,0.0,1.4772727272727273,True,False,False
5618,ナイル,2026-09-07,289.0,301.0,334.0,288.6,287.48,1660.0,290.0,290.0,288.0,289.0,2300.0,0.0,0.34602076124568004,-0.34482758620689724,-3.9867109634551534,-13.47305389221557,15.570934256055358,10.963455149501655,1.3855421686746987,False,False,False
5619,マーソ,2026-09-07,857.0,920.0,920.0,848.0,860.04,1040.0,850.0,857.0,850.0,857.0,800.0,0.0,-0.8168028004667427,0.8235294117647118,-6.8478260869565215,-6.8478260869565215,7.3512252042007065,0.0,0.7692307692307693,True,False,False
5621,ヒューマンテクノロジーズ,2026-09-07,1590.0,1744.0,1744.0,1606.8,1639.92,15500.0,1577.0,1599.0,1576.0,1590.0,9700.0,0.0,-0.8176100628930816,0.8243500317057784,-8.830275229357799,-8.830275229357799,9.685534591194966,0.0,0.6258064516129033,True,False,False
5631,日本製鋼所,2026-09-07,7393.0,8477.0,8477.0,7288.6,7637.36,915540.0,7313.0,7313.0,7229.0,7252.0,46400.0,-1.9072095225213026,-1.0821046936291046,-0.8341309995897661,-14.45086705202312,-14.45086705202312,16.891891891891888,0.0,0.05068047272647836,False,False,False
5632,三菱製鋼,2026-09-07,2343.0,2595.0,2595.0,2369.4,2381.48,112220.0,2311.0,2317.0,2302.0,2315.0,13100.0,-1.195049082373023,-1.3657703798548915,0.17308524448291784,-10.789980732177263,-10.789980732177263,12.095032397408211,0.0,0.11673498485118518,True,False,False
5644,メタルアート,2026-09-07,7280.0,7700.0,7740.0,7380.0,7348.0,4420.0,7280.0,7300.0,7280.0,7280.0,6200.0,0.0,0.0,0.0,-5.454545454545457,-5.943152454780365,6.318681318681318,0.5194805194805197,1.4027149321266967,False,False,False
5658,日亜鋼業,2026-09-07,406.0,412.0,412.0,406.2,395.52,34880.0,406.0,406.0,406.0,406.0,20700.0,0.0,0.0,0.0,-1.4563106796116498,-1.4563106796116498,1.4778325123152802,0.0,0.5934633027522935,False,False,False
5659,日本精線,2026-09-07,1416.0,1462.0,1462.0,1412.6,1401.8,45420.0,1412.0,1412.0,1393.0,1416.0,45700.0,0.0,-0.28248587570621764,0.28328611898016387,-3.146374829001364,-3.146374829001364,3.248587570621475,0.0,1.0061646851607222,True,False,False
5695,パウダーテック,2026-09-07,3005.0,3070.0,3070.0,2981.2,2994.2,480.0,2951.0,3005.0,2951.0,3005.0,300.0,0.0,-1.7970049916805286,1.8298881735005157,-2.1172638436482094,-2.1172638436482094,2.1630615640598982,0.0,0.625,True,False,False
5697,サンユウ,2026-09-07,820.0,849.0,849.0,825.6,818.24,2960.0,822.0,822.0,820.0,820.0,2700.0,0.0,0.24390243902439046,-0.24330900243308973,-3.4157832744405203,-3.4157832744405203,3.5365853658536617,0.0,0.9121621621621622,False,False,False
5698,エンビプロ・ホールディングス,2026-09-07,751.0,900.0,900.0,759.0,804.2,159620.0,750.0,750.0,741.0,749.0,9800.0,-0.26631158455392434,-0.13315579227696217,-0.13333333333332975,-16.77777777777778,-16.77777777777778,20.16021361815754,0.0,0.061395815060769326,False,False,False
5699,イボキン,2026-09-07,1592.0,1684.0,1684.0,1607.0,1568.12,6400.0,1584.0,1606.0,1583.0,1592.0,3900.0,0.0,-0.5025125628140725,0.5050505050504972,-5.463182897862229,-5.463182897862229,5.778894472361817,0.0,0.609375,True,False,False
5702,大紀アルミニウム工業所,2026-09-07,1860.0,1980.0,1980.0,1884.2,1836.52,290060.0,1846.0,1846.0,1830.0,1839.0,19000.0,-1.1290322580645107,-0.7526881720430145,-0.3791982665222071,-7.1212121212121176,-7.1212121212121176,7.667210440456773,0.0,0.06550368889195339,False,False,False
5703,日本軽金属ホールディングス,2026-09-07,3025.0,3150.0,3150.0,3042.0,2994.04,206360.0,3000.0,3000.0,2985.0,2997.0,22400.0,-0.9256198347107447,-0.8264462809917328,-0.10000000000000009,-4.857142857142859,-4.857142857142859,5.105105105105112,0.0,0.10854816824966079,False,False,False
5704,ＪＭＣ,2026-09-07,395.0,417.0,417.0,392.2,388.88,10180.0,413.0,413.0,385.0,395.0,10800.0,0.0,4.556962025316458,-4.358353510895885,-5.275779376498802,-5.275779376498802,5.569620253164564,0.0,1.0609037328094302,False,False,False
5706,三井金属,2026-09-07,25800.0,33120.0,35440.0,26421.0,29165.8,1502560.0,25700.0,25930.0,25515.0,25925.0,94700.0,0.4844961240310086,-0.3875968992248069,0.8754863813229541,-21.724033816425127,-26.848194130925506,36.702025072324005,7.004830917874405,0.06302576935363646,True,False,False
5707,東邦亜鉛,2026-09-07,1014.0,1291.0,1291.0,1039.2,1063.04,791100.0,1020.0,1042.0,1008.0,1042.0,71600.0,2.7613412228796763,0.591715976331364,2.1568627450980316,-19.287374128582492,-19.287374128582492,23.89635316698657,0.0,0.09050688914170142,True,False,False
5711,三菱マテリアル,2026-09-07,5261.0,6139.0,6139.0,5432.0,5273.12,3236640.0,5275.0,5339.0,5248.0,5316.0,181900.0,1.0454286257365553,0.2661091047329478,0.7772511848341157,-13.40609219742629,-13.40609219742629,15.481565086531223,0.0,0.05620025705670078,True,False,False
5713,住友金属鉱山,2026-09-07,9939.0,11850.0,11850.0,10310.8,10101.88,2753440.0,9999.0,10145.0,9950.0,10080.0,261000.0,1.4186537881074601,0.6036824630244464,0.8100810081008047,-14.936708860759495,-14.936708860759495,17.559523809523814,0.0,0.09479051659015632,True,False,False
5714,ＤＯＷＡホールディングス,2026-09-07,9349.0,10660.0,10660.0,9528.4,9548.32,478400.0,9298.0,9321.0,9233.0,9316.0,30600.0,-0.3529789282276208,-0.5455128890790473,0.19359001935899123,-12.607879924953092,-12.607879924953092,14.426792614856154,0.0,0.06396321070234114,True,False,False
5715,古河機械金属,2026-09-07,4265.0,4615.0,4615.0,4305.0,4152.2,253280.0,4255.0,4280.0,4240.0,4280.0,19200.0,0.3516998827667095,-0.23446658851113966,0.5875440658049458,-7.258938244853741,-7.258938244853741,7.827102803738328,0.0,0.07580543272267846,True,False,False
5721,エスクリプトエナジー,2026-09-07,57.0,63.0,63.0,57.2,57.84,765320.0,56.0,56.0,55.0,56.0,167000.0,-1.7543859649122862,-1.7543859649122862,0.0,-11.111111111111116,-11.111111111111116,12.5,0.0,0.21820937646997335,False,False,False
5724,アサカ理研,2026-09-07,3265.0,3930.0,3930.0,3205.0,2940.56,140200.0,3225.0,3265.0,3225.0,3265.0,8600.0,0.0,-1.225114854517606,1.240310077519391,-16.92111959287532,-16.92111959287532,20.367534456355287,0.0,0.06134094151212553,True,False,False
5726,大阪チタニウムテクノロジーズ,2026-09-07,2681.0,3315.0,3315.0,2714.6,2861.2,505560.0,2657.0,2715.0,2657.0,2714.0,87300.0,1.2308839985080144,-0.8951883625512913,2.145276627775683,-18.129713423831074,-18.129713423831074,22.144436256448042,0.0,0.17267980061713742,True,False,False
5729,日本精鉱,2026-09-07,1781.0,1916.0,1916.0,1780.4,1756.2,17880.0,1774.0,1774.0,1734.0,1756.0,4600.0,-1.403705783267828,-0.39303761931499537,-1.014656144306647,-8.350730688935283,-8.350730688935283,9.111617312072884,0.0,0.25727069351230425,False,False,False
5741,ＵＡＣＪ,2026-09-07,2274.0,2595.0,2595.0,2271.0,2347.48,716880.0,2265.0,2278.0,2245.0,2264.0,52400.0,-0.4397537379067673,-0.395778364116095,-0.04415011037527394,-12.755298651252412,-12.755298651252412,14.620141342756177,0.0,0.07309452070081464,False,False,False
5742,エヌアイシ・オートテック,2026-09-07,753.0,765.0,765.0,754.0,745.36,1240.0,750.0,750.0,750.0,750.0,1300.0,-0.3984063745019917,-0.3984063745019917,0.0,-1.9607843137254943,-1.9607843137254943,2.0000000000000018,0.0,1.0483870967741935,False,False,False
5753,日本伸銅,2026-09-07,2530.0,2698.0,2698.0,2533.0,2506.32,3180.0,2527.0,2527.0,2527.0,2530.0,1700.0,0.0,-0.11857707509881354,0.11871784724970524,-6.226834692364713,-6.226834692364713,6.640316205533603,0.0,0.5345911949685535,True,False,False
5757,ＣＫサンエツ,2026-09-07,5110.0,5570.0,5570.0,5154.0,5238.8,7500.0,5070.0,5070.0,5050.0,5110.0,7400.0,0.0,-0.7827788649706457,0.7889546351084853,-8.258527827648109,-8.258527827648109,9.001956947162437,0.0,0.9866666666666667,True,False,False
575A,前澤ホールディングス,2026-09-07,1925.0,1993.0,1993.0,1900.4,1871.12,68640.0,1919.0,1919.0,1908.0,1910.0,7100.0,-0.7792207792207795,-0.31168831168830735,-0.46899426784783316,-4.164576016056198,-4.164576016056198,4.3455497382199,0.0,0.10343822843822843,False,False,False
5801,古河電気工業,2026-09-07,3840.0,4632.0,4632.0,3781.4,3894.36,18924960.0,3820.0,3853.0,3745.0,3847.0,1345500.0,0.1822916666666563,-0.520833333333337,0.7068062827225052,-16.947322970639036,-16.947322970639036,20.405510787626714,0.0,0.0710965835594897,True,False,False
5802,住友電気工業,2026-09-07,2201.5,2584.0,2584.0,2160.4,2222.2,14465140.0,2161.0,2174.5,2115.5,2140.5,1863900.0,-2.7708380649557163,-1.8396547808312569,-0.9486348912540521,-17.163312693498455,-17.163312693498455,20.71945807054427,0.0,0.12885461184613492,False,False,False
5803,フジクラ,2026-09-07,5241.0,6433.0,6433.0,5126.6,5283.84,37162380.0,5185.0,5257.0,5126.0,5254.0,2816900.0,0.24804426636138022,-1.0684983781721002,1.3307618129218879,-18.327374475361413,-18.327374475361413,22.440045679482303,0.0,0.07579977385732561,True,False,False
5805,ＳＷＣＣ,2026-09-07,14090.0,15260.0,15260.0,13828.0,13707.2,300740.0,14030.0,14090.0,13830.0,14030.0,17600.0,-0.42583392476933657,-0.42583392476933657,0.0,-8.060288335517695,-8.060288335517695,8.76692801140413,0.0,0.058522311631309436,False,False,False
5816,オーナンバ,2026-09-07,1458.0,1654.0,1698.0,1464.4,1523.6,11920.0,1460.0,1470.0,1460.0,1458.0,13200.0,0.0,0.137174211248281,-0.136986301369868,-11.85006045949214,-14.13427561837456,16.46090534979423,2.6602176541717037,1.1073825503355705,False,False,False
5817,ＪＭＡＣＳ,2026-09-07,1099.0,1100.0,1100.0,1048.4,1020.72,63160.0,1090.0,1090.0,1074.0,1099.0,64300.0,0.0,-0.8189262966333044,0.8256880733944927,-0.09090909090908594,-0.09090909090908594,0.09099181073703999,0.0,1.0180493983533883,True,False,False
5819,カナレ電気,2026-09-07,1748.0,1791.0,1791.0,1774.4,1756.24,4020.0,1755.0,1755.0,1743.0,1748.0,8300.0,0.0,0.4004576659038861,-0.39886039886040114,-2.400893355667222,-2.400893355667222,2.4599542334096114,0.0,2.0646766169154227,False,False,False
581A,ＧＯ,2026-09-07,3510.0,4580.0,4580.0,3906.0,3649.52,3902080.0,3515.0,3520.0,3420.0,3455.0,420600.0,-1.5669515669515688,0.14245014245013454,-1.7069701280227556,-24.563318777292576,-24.563318777292576,32.56150506512301,0.0,0.10778866655732328,False,False,False
5820,三ッ星,2026-09-07,828.0,844.0,844.0,819.8,790.72,18020.0,826.0,829.0,826.0,828.0,24800.0,0.0,-0.24154589371980784,0.2421307506053294,-1.8957345971563955,-1.8957345971563955,1.9323671497584627,0.0,1.3762486126526081,True,False,False
5821,平河ヒューテック,2026-09-07,3165.0,3660.0,3660.0,3088.0,3292.8,47660.0,3160.0,3160.0,3105.0,3120.0,800.0,-1.4218009478673022,-0.15797788309637184,-1.2658227848101222,-14.754098360655743,-14.754098360655743,17.307692307692314,0.0,0.01678556441460344,False,False,False
5830,いよぎんホールディングス,2026-09-07,3968.0,4117.0,4117.0,3972.8,3869.68,982540.0,3913.0,3924.0,3889.0,3909.0,89300.0,-1.4868951612903247,-1.3860887096774244,-0.1022233580373122,-5.052222492105907,-5.052222492105907,5.32105397799949,0.0,0.09088688501231502,False,False,False
5831,しずおかフィナンシャルグループ,2026-09-07,3651.0,3712.0,3712.0,3661.0,3484.08,1926900.0,3602.0,3608.0,3570.0,3582.0,138200.0,-1.8898931799506968,-1.342098055327312,-0.5552470849528035,-3.50215517241379,-3.50215517241379,3.6292573981016263,0.0,0.07172141782137112,False,False,False
5832,ちゅうぎんフィナンシャルグループ,2026-09-07,3537.0,3610.0,3610.0,3542.2,3451.8,327260.0,3478.0,3478.0,3437.0,3459.0,82500.0,-2.2052586938083096,-1.6680802940344908,-0.5462909718228826,-4.182825484764541,-4.182825484764541,4.365423532812951,0.0,0.25209313695532604,False,False,False
5834,ＳＢＩリーシングサービス,2026-09-07,2791.0,2843.0,2964.0,2748.0,2749.08,51720.0,2780.0,2780.0,2754.0,2755.0,12000.0,-1.2898602651379432,-0.3941239699032595,-0.8992805755395739,-3.0953218431234664,-7.051282051282048,7.586206896551717,4.25606753429475,0.23201856148491878,False,False,False
5838,楽天銀行,2026-09-07,6607.0,6660.0,6660.0,6485.4,6092.88,1122440.0,6522.0,6531.0,6393.0,6426.0,109700.0,-2.73951869229605,-1.2865143030119541,-1.4719411223551027,-3.513513513513511,-3.513513513513511,3.6414565826330625,0.0,0.0977335091408004,False,False,False
5842,インテグラル,2026-09-07,3040.0,3245.0,3245.0,2987.2,2992.2,82060.0,3005.0,3075.0,2986.0,3040.0,7200.0,0.0,-1.1513157894736836,1.1647254575707144,-6.31741140215717,-6.31741140215717,6.743421052631571,0.0,0.08774067755300999,True,False,False
5843,ニッポンインシュア,2026-09-07,2341.0,2554.0,2554.0,2372.2,2415.24,4780.0,2313.0,2321.0,2300.0,2341.0,14200.0,0.0,-1.1960700555318282,1.2105490704712452,-8.339859044635867,-8.339859044635867,9.098675779581367,0.0,2.9707112970711296,True,False,False
5844,京都フィナンシャルグループ,2026-09-07,4939.0,5164.0,5164.0,4946.8,4846.12,781400.0,4899.0,4899.0,4866.0,4890.0,71400.0,-0.9921036647094539,-0.8098805426199673,-0.1837109614207022,-5.305964368706428,-5.305964368706428,5.603271983640079,0.0,0.09137445610442795,False,False,False
5845,全保連,2026-09-07,1211.0,1269.0,1269.0,1215.4,1218.16,31240.0,1205.0,1206.0,1203.0,1204.0,8000.0,-0.5780346820809301,-0.49545829892650994,-0.08298755186721962,-5.122143420015757,-5.122143420015757,5.398671096345509,0.0,0.2560819462227913,False,False,False
584A,ＬｉＮＫＸ,2026-09-07,2697.0,3655.0,3655.0,2702.6,2636.48,149960.0,2719.0,2764.0,2701.0,2739.0,18400.0,1.5572858731924377,0.8157211716722346,0.7355645457888915,-25.061559507523945,-25.061559507523945,33.442862358525005,0.0,0.12269938650306748,True,False,False
5851,リョービ,2026-09-07,2802.0,2881.0,2881.0,2788.6,2771.52,153200.0,2795.0,2795.0,2770.0,2782.0,3700.0,-0.7137758743754441,-0.24982155603140432,-0.46511627906976605,-3.436306837903502,-3.436306837903502,3.5585909417685135,0.0,0.024151436031331592,False,False,False
5852,アーレスティ,2026-09-07,691.0,710.0,710.0,688.4,680.48,82280.0,692.0,692.0,678.0,681.0,14000.0,-1.447178002894356,0.14471780028944004,-1.5895953757225412,-4.084507042253516,-4.084507042253516,4.2584434654919345,0.0,0.1701507049100632,False,False,False
5857,ＡＲＥホールディングス,2026-09-07,3760.0,4280.0,4280.0,3852.0,3711.8,665880.0,3740.0,3805.0,3735.0,3805.0,53800.0,1.196808510638303,-0.5319148936170248,1.7379679144384985,-11.0981308411215,-11.0981308411215,12.48357424441524,0.0,0.08079533849942933,True,False,False
5858,ＳＴＧ,2026-09-07,1185.0,1337.0,1440.0,1194.2,1220.04,2880.0,1171.0,1171.0,1171.0,1185.0,3400.0,0.0,-1.181434599156117,1.1955593509820561,-11.368735976065814,-17.708333333333336,21.518987341772156,7.703814510097229,1.1805555555555556,True,False,False
5867,エスネットワークス,2026-09-07,1327.0,1342.0,1342.0,1304.6,1236.16,1880.0,1324.0,1324.0,1324.0,1327.0,1200.0,0.0,-0.22607385079125297,0.22658610271903967,-1.1177347242920965,-1.1177347242920965,1.130369253956287,0.0,0.6382978723404256,True,False,False
5868,ロココ,2026-09-07,1055.0,1061.0,1061.0,1034.4,1012.2,4440.0,1048.0,1061.0,1048.0,1055.0,4600.0,0.0,-0.6635071090047351,0.6679389312977069,-0.5655042412818112,-0.5655042412818112,0.5687203791469253,0.0,1.0360360360360361,True,False,False
5869,早稲田学習研究会,2026-09-07,1264.0,1279.0,1279.0,1257.2,1246.92,6160.0,1270.0,1270.0,1264.0,1264.0,800.0,0.0,0.4746835443038,-0.47244094488189115,-1.1727912431587217,-1.1727912431587217,1.186708860759489,0.0,0.12987012987012986,False,False,False
5870,ナルネットコミュニケーションズ,2026-09-07,898.0,960.0,960.0,887.2,877.16,8940.0,896.0,898.0,885.0,898.0,7400.0,0.0,-0.22271714922048602,0.22321428571427937,-6.458333333333332,-6.458333333333332,6.9042316258352,0.0,0.8277404921700223,True,False,False
5871,ＳＯＬＩＺＥ　Ｈｏｌｄｉｎｇｓ,2026-09-07,1360.0,1587.0,1587.0,1391.6,1363.28,26980.0,1369.0,1369.0,1369.0,1360.0,10600.0,0.0,0.6617647058823506,-0.6574141709276837,-14.303717706364205,-14.303717706364205,16.691176470588243,0.0,0.39288361749444034,False,False,False
5884,クラダシ,2026-09-07,638.0,670.0,670.0,621.8,616.72,15980.0,638.0,638.0,638.0,638.0,24400.0,0.0,0.0,0.0,-4.7761194029850795,-4.7761194029850795,5.0156739811912265,0.0,1.5269086357947435,False,False,False
5885,ジーデップ・アドバンス,2026-09-07,3500.0,3630.0,3630.0,3289.0,3117.8,53240.0,3505.0,3520.0,3475.0,3520.0,4900.0,0.5714285714285783,0.14285714285713347,0.42796005706133844,-3.0303030303030276,-3.0303030303030276,3.125,0.0,0.09203606311044328,True,False,False
5888,ＤＡＩＷＡ　ＣＹＣＬＥ,2026-09-07,2856.0,2946.0,2946.0,2896.4,2807.52,3040.0,2882.0,2882.0,2856.0,2856.0,5200.0,0.0,0.9103641456582601,-0.9021512838306767,-3.054989816700615,-3.054989816700615,3.1512605042016917,0.0,1.7105263157894737,False,False,False
5889,Ｊａｐａｎ　Ｅｙｅｗｅａｒ　Ｈｏｌｄｉｎｇｓ,2026-09-07,2654.0,2733.0,2733.0,2635.2,2572.64,110240.0,2642.0,2642.0,2622.0,2640.0,7700.0,-0.5275056518462717,-0.45214770158251705,-0.07570022710068347,-3.4028540065861645,-3.4028540065861645,3.5227272727272663,0.0,0.06984760522496372,False,False,False
5891,魁力屋,2026-09-07,1677.0,1708.0,1708.0,1683.0,1655.28,6580.0,1677.0,1677.0,1677.0,1677.0,6100.0,0.0,0.0,0.0,-1.814988290398123,-1.814988290398123,1.8485390578413918,0.0,0.9270516717325228,False,False,False
5892,ｙｕｔｏｒｉ,2026-09-07,2567.0,2698.0,2698.0,2530.0,2409.96,73380.0,2567.0,2567.0,2459.0,2502.0,3800.0,-2.532138683287888,0.0,-2.532138683287888,-7.264640474425499,-7.264640474425499,7.833733013589139,0.0,0.05178522758244753,False,False,False
589A,ネイス,2026-09-07,1343.0,1473.0,1473.0,1376.6,1303.36,76100.0,1341.0,1351.0,1341.0,1343.0,73900.0,0.0,-0.14892032762472418,0.1491424310216205,-8.825526137135098,-8.825526137135098,9.67982129560685,0.0,0.9710906701708278,True,False,False
5900,ダイケン,2026-09-07,870.0,899.0,899.0,870.2,868.36,1960.0,860.0,874.0,860.0,870.0,3600.0,0.0,-1.1494252873563204,1.1627906976744207,-3.2258064516129004,-3.2258064516129004,3.3333333333333437,0.0,1.836734693877551,True,False,False
5901,東洋製罐グループホールディングス,2026-09-07,4530.0,4661.0,4661.0,4550.0,4391.36,294600.0,4517.0,4531.0,4507.0,4516.0,14800.0,-0.3090507726269287,-0.2869757174392973,-0.02213858755811815,-3.1109204033469173,-3.1109204033469173,3.2108060230292335,0.0,0.05023761031907671,False,False,False
5902,ホッカンホールディングス,2026-09-07,2707.0,2883.0,2883.0,2715.8,2627.48,21140.0,2700.0,2701.0,2688.0,2707.0,14900.0,0.0,-0.2585888437384609,0.2592592592592702,-6.104751994450231,-6.104751994450231,6.501662356852611,0.0,0.7048249763481551,True,False,False
5905,日本製罐,2026-09-07,1380.0,1400.0,1410.0,1368.2,1366.28,620.0,1380.0,1380.0,1380.0,1380.0,300.0,0.0,0.0,0.0,-1.4285714285714235,-2.127659574468088,2.1739130434782705,0.7142857142857117,0.4838709677419355,False,False,False
5906,エムケー精工,2026-09-07,780.0,784.0,833.0,770.2,753.8,4960.0,779.0,779.0,778.0,780.0,6600.0,0.0,-0.12820512820512775,0.12836970474967568,-0.5102040816326481,-6.362545018007204,6.794871794871793,6.25,1.3306451612903225,True,False,False
5909,コロナ,2026-09-07,954.0,1005.0,1050.0,964.8,977.84,14040.0,951.0,951.0,950.0,954.0,10600.0,0.0,-0.3144654088050314,0.3154574132492094,-5.074626865671639,-9.142857142857142,10.062893081761004,4.477611940298498,0.7549857549857549,True,False,False
5911,横河ブリッジホールディングス,2026-09-07,2960.0,3030.0,3040.0,2982.0,2964.04,98260.0,2955.0,2955.0,2941.0,2952.0,13000.0,-0.2702702702702675,-0.16891891891891442,-0.10152284263958977,-2.5742574257425765,-2.894736842105261,2.981029810298108,0.3300330033003229,0.13230205577040505,False,False,False
5915,駒井ハルテック,2026-09-07,2480.0,2498.0,2498.0,2468.0,2383.32,4820.0,2480.0,2481.0,2480.0,2480.0,6600.0,0.0,0.0,0.0,-0.7205764611689314,-0.7205764611689314,0.7258064516129092,0.0,1.3692946058091287,False,False,False
5918,瀧上工業,2026-09-07,8040.0,8120.0,8120.0,7998.0,7667.6,180.0,8040.0,8040.0,8040.0,8040.0,300.0,0.0,0.0,0.0,-0.9852216748768461,-0.9852216748768461,0.995024875621886,0.0,1.6666666666666667,False,False,False
5921,川岸工業,2026-09-07,4420.0,4420.0,4420.0,4392.0,4296.4,520.0,4430.0,4430.0,4430.0,4420.0,800.0,0.0,0.2262443438914019,-0.22573363431150906,0.0,0.0,0.0,0.0,1.5384615384615385,False,False,False
5923,高田機工,2026-09-07,1175.0,1220.0,1220.0,1171.0,1159.28,1920.0,1165.0,1175.0,1165.0,1175.0,600.0,0.0,-0.8510638297872353,0.8583690987124415,-3.688524590163933,-3.688524590163933,3.8297872340425476,0.0,0.3125,True,False,False
5928,アルメタックス,2026-09-07,290.0,296.0,296.0,292.4,285.88,10860.0,290.0,290.0,290.0,290.0,7500.0,0.0,0.0,0.0,-2.0270270270270285,-2.0270270270270285,2.0689655172413834,0.0,0.6906077348066298,False,False,False
5929,三和ホールディングス,2026-09-07,3585.0,3735.0,4020.0,3600.4,3609.88,650920.0,3566.0,3571.0,3548.0,3548.0,29600.0,-1.032078103207812,-0.52998605299861,-0.5047672462142438,-5.0066934404283785,-11.741293532338304,13.303269447576094,7.63052208835342,0.04547409819947152,False,False,False
5930,文化シヤッター,2026-09-07,1913.0,1928.0,1989.0,1912.4,1864.6,97140.0,1913.0,1915.0,1904.0,1909.0,6700.0,-0.2090956612650241,0.0,-0.2090956612650241,-0.985477178423233,-4.022121669180489,4.190675746464123,3.1639004149377703,0.06897261684167182,False,False,False
5932,三協立山,2026-09-07,652.0,685.0,685.0,653.8,662.4,81640.0,647.0,649.0,645.0,647.0,26600.0,-0.7668711656441674,-0.7668711656441674,0.0,-5.5474452554744484,-5.5474452554744484,5.873261205564151,0.0,0.3258206761391475,False,False,False
5933,アルインコ,2026-09-07,1121.0,1149.0,1149.0,1127.4,1121.32,32480.0,1118.0,1118.0,1112.0,1113.0,5400.0,-0.7136485280999083,-0.267618198037467,-0.4472271914132353,-3.1331592689295085,-3.1331592689295085,3.2345013477088846,0.0,0.16625615763546797,False,False,False
5936,東洋シヤッター,2026-09-07,924.0,925.0,930.0,917.2,896.4,5780.0,923.0,923.0,923.0,924.0,13400.0,0.0,-0.10822510822511289,0.10834236186347823,-0.108108108108107,-0.6451612903225823,0.6493506493506551,0.540540540540535,2.3183391003460208,True,False,False
5938,ＬＩＸＩＬ,2026-09-07,1755.5,1820.0,1933.0,1765.7,1762.1,1886240.0,1754.5,1755.0,1744.0,1748.5,279100.0,-0.39874679578467687,-0.05696382796923638,-0.34197777144485686,-3.9285714285714257,-9.54474909467149,10.551901629968551,6.208791208791209,0.14796632453982525,False,False,False
5939,大谷工業,2026-09-07,4750.0,4870.0,4900.0,4799.0,4821.0,700.0,4765.0,4765.0,4765.0,4750.0,1800.0,0.0,0.3157894736842026,-0.31479538300105414,-2.4640657084188944,-3.0612244897959218,3.157894736842115,0.6160164271047153,2.5714285714285716,False,False,False
5940,不二サッシ,2026-09-07,758.0,776.0,814.0,759.2,750.64,12100.0,757.0,757.0,757.0,758.0,12300.0,0.0,-0.13192612137202797,0.13210039630118242,-2.3195876288659822,-6.8796068796068806,7.387862796833766,4.89690721649485,1.0165289256198347,True,False,False
5941,中西製作所,2026-09-07,2720.0,2809.0,2873.0,2754.8,2760.76,1140.0,2727.0,2727.0,2727.0,2720.0,1400.0,0.0,0.2573529411764808,-0.25669233590025486,-3.1683873264506945,-5.3254437869822535,5.624999999999991,2.2783908864364433,1.2280701754385965,False,False,False
5942,日本フイルコン,2026-09-07,637.0,660.0,660.0,640.8,645.16,34300.0,635.0,635.0,627.0,628.0,14500.0,-1.4128728414442682,-0.31397174254317317,-1.1023622047244053,-4.848484848484846,-4.848484848484846,5.095541401273884,0.0,0.4227405247813411,False,False,False
5943,ノーリツ,2026-09-07,2304.0,2471.0,2471.0,2363.0,2390.36,97260.0,2300.0,2301.0,2294.0,2294.0,2700.0,-0.434027777777779,-0.17361111111111605,-0.260869565217392,-7.1630918656414355,-7.1630918656414355,7.715780296425456,0.0,0.027760641579272053,False,False,False
5945,天龍製鋸,2026-09-07,2295.0,2460.0,2535.0,2307.0,2385.88,980.0,2295.0,2295.0,2295.0,2295.0,1400.0,0.0,0.0,0.0,-6.707317073170726,-9.467455621301779,10.457516339869288,3.0487804878048808,1.4285714285714286,False,False,False
5946,長府製作所,2026-09-07,2124.0,2151.0,2151.0,2135.2,2078.32,42560.0,2107.0,2114.0,2107.0,2111.0,3500.0,-0.6120527306967993,-0.8003766478342778,0.18984337921215122,-1.8596001859600197,-1.8596001859600197,1.8948365703458148,0.0,0.08223684210526316,True,False,False
5947,リンナイ,2026-09-07,3514.0,3693.0,3797.0,3609.4,3590.44,300840.0,3510.0,3517.0,3500.0,3500.0,17700.0,-0.3984063745019917,-0.11383039271485318,-0.2849002849002802,-5.226103438938534,-7.821964708980778,8.485714285714296,2.8161386406715394,0.05883526126844835,False,False,False
5949,ユニプレス,2026-09-07,1353.0,1387.0,1387.0,1363.2,1330.08,164840.0,1351.0,1352.0,1339.0,1340.0,23300.0,-0.960827790096086,-0.14781966001478075,-0.8142116950407119,-3.388608507570301,-3.388608507570301,3.5074626865671643,0.0,0.141349187090512,False,False,False
5950,日本パワーファスニング,2026-09-07,157.0,162.0,162.0,157.4,152.84,11520.0,157.0,157.0,155.0,155.0,1300.0,-1.273885350318471,0.0,-1.273885350318471,-4.320987654320985,-4.320987654320985,4.516129032258065,0.0,0.11284722222222222,False,False,False
5951,ダイニチ工業,2026-09-07,1189.0,1377.0,1377.0,1214.2,1187.36,12200.0,1194.0,1194.0,1194.0,1189.0,11600.0,0.0,0.420521446593769,-0.41876046901172526,-13.652868554829334,-13.652868554829334,15.81160639192598,0.0,0.9508196721311475,False,False,False
5952,アマテイ,2026-09-07,191.0,193.0,193.0,190.2,187.72,12560.0,191.0,191.0,190.0,191.0,4800.0,0.0,0.0,0.0,-1.0362694300518172,-1.0362694300518172,1.0471204188481575,0.0,0.3821656050955414,False,False,False
5955,ワイズホールディングス,2026-09-07,84.0,88.0,88.0,83.2,84.0,875360.0,83.0,83.0,83.0,84.0,1737700.0,0.0,-1.1904761904761862,1.2048192771084265,-4.545454545454541,-4.545454545454541,4.761904761904767,0.0,1.9851261195393894,True,False,False
5956,トーソー,2026-09-07,572.0,588.0,609.0,574.6,576.76,2900.0,572.0,572.0,572.0,572.0,4200.0,0.0,0.0,0.0,-2.7210884353741527,-6.075533661740562,6.468531468531458,3.571428571428581,1.4482758620689655,False,False,False
5957,日東精工,2026-09-07,770.0,790.0,810.0,775.8,778.72,84060.0,767.0,768.0,766.0,767.0,6000.0,-0.3896103896103842,-0.3896103896103842,0.0,-2.9113924050632956,-5.308641975308637,5.606258148631027,2.5316455696202445,0.07137758743754462,False,False,False
5958,三洋工業,2026-09-07,4525.0,4755.0,4850.0,4534.0,4631.4,1780.0,4505.0,4505.0,4485.0,4525.0,1700.0,0.0,-0.44198895027623974,0.4439511653718142,-4.8370136698212445,-6.70103092783505,7.182320441988943,1.9978969505783484,0.9550561797752809,True,False,False
5959,岡部,2026-09-07,953.0,969.0,969.0,955.8,940.36,75860.0,947.0,947.0,942.0,944.0,7600.0,-0.9443861490031513,-0.6295907660020972,-0.31678986272439813,-2.579979360165119,-2.579979360165119,2.648305084745761,0.0,0.10018455048774058,False,False,False
5962,浅香工業,2026-09-07,2085.0,2150.0,2150.0,2080.0,2019.56,1060.0,2080.0,2080.0,2080.0,2085.0,500.0,0.0,-0.23980815347721673,0.24038461538462563,-3.023255813953485,-3.023255813953485,3.1175059952038398,0.0,0.4716981132075472,True,False,False
5965,フジマック,2026-09-07,1201.0,1225.0,1225.0,1203.2,1188.12,12220.0,1227.0,1227.0,1213.0,1213.0,11400.0,0.9991673605328932,2.164862614487917,-1.1409942950285301,-0.9795918367346945,-0.9795918367346945,0.9892827699917506,0.0,0.9328968903436988,False,False,False
5967,ＴＯＮＥ,2026-09-07,468.0,495.0,496.0,471.2,475.36,25080.0,468.0,468.0,468.0,468.0,22900.0,0.0,0.0,0.0,-5.454545454545457,-5.645161290322576,5.982905982905984,0.20202020202020332,0.9130781499202552,False,False,False
5969,ロブテックス,2026-09-07,1206.0,1245.0,1278.0,1229.2,1209.84,320.0,1206.0,1206.0,1206.0,1206.0,900.0,0.0,0.0,0.0,-3.1325301204819245,-5.633802816901412,5.970149253731338,2.650602409638547,2.8125,False,False,False
5970,ジーテクト,2026-09-07,2264.0,2392.0,2392.0,2298.0,2286.6,101660.0,2252.0,2252.0,2232.0,2237.0,13400.0,-1.1925795053003507,-0.5300353356890497,-0.6660746003552376,-6.479933110367897,-6.479933110367897,6.928922664282511,0.0,0.13181192209325202,False,False,False
5971,共和工業所,2026-09-07,8290.0,8700.0,8700.0,8378.0,8208.0,180.0,8440.0,8440.0,8440.0,8290.0,500.0,0.0,1.8094089264173663,-1.7772511848341277,-4.712643678160921,-4.712643678160921,4.945717732207489,0.0,2.7777777777777777,False,False,False
5973,トーアミ,2026-09-07,616.0,630.0,630.0,613.2,609.4,2280.0,613.0,613.0,613.0,616.0,1400.0,0.0,-0.48701298701299134,0.4893964110929794,-2.2222222222222254,-2.2222222222222254,2.2727272727272707,0.0,0.6140350877192983,True,False,False
5974,中国工業,2026-09-07,840.0,859.0,862.0,844.0,848.52,1880.0,833.0,840.0,833.0,840.0,1000.0,0.0,-0.8333333333333304,0.8403361344537785,-2.211874272409775,-2.5522041763341052,2.6190476190476097,0.34924330616996624,0.5319148936170213,True,False,False
5975,東プレ,2026-09-07,3410.0,3610.0,3610.0,3424.0,3174.76,168280.0,3355.0,3360.0,3345.0,3410.0,129800.0,0.0,-1.6129032258064502,1.6393442622950838,-5.540166204986152,-5.540166204986152,5.8651026392961825,0.0,0.7713334917993819,True,False,False
5976,高周波熱錬,2026-09-07,1492.0,1578.0,1578.0,1500.6,1489.88,72120.0,1492.0,1492.0,1478.0,1484.0,14200.0,-0.536193029490617,0.0,-0.536193029490617,-5.956907477820028,-5.956907477820028,6.334231805929913,0.0,0.19689406544647808,False,False,False
5981,東京製綱,2026-09-07,1882.0,2122.0,2145.0,1899.0,1966.0,89820.0,1870.0,1870.0,1848.0,1858.0,11400.0,-1.2752391073326264,-0.6376195536663132,-0.6417112299465288,-12.441093308199813,-13.37995337995338,15.446716899892365,1.083883129123464,0.12692050768203073,False,False,False
5982,マルゼン,2026-09-07,4160.0,4315.0,4315.0,4164.0,4119.6,2480.0,4135.0,4135.0,4135.0,4160.0,3800.0,0.0,-0.6009615384615419,0.6045949214026569,-3.5921205098493614,-3.5921205098493614,3.725961538461542,0.0,1.532258064516129,True,False,False
5983,イワブチ,2026-09-07,13450.0,14490.0,15690.0,13564.0,13688.8,560.0,13450.0,13450.0,13220.0,13450.0,800.0,0.0,0.0,0.0,-7.177363699102834,-14.27660930528999,16.6542750929368,8.28157349896481,1.4285714285714286,False,False,False
5984,兼房,2026-09-07,795.0,795.0,795.0,783.4,765.64,3300.0,795.0,796.0,795.0,795.0,7100.0,0.0,0.0,0.0,0.0,0.0,0.0,0.0,2.1515151515151514,False,False,False
5985,サンコール,2026-09-07,2187.0,2541.0,2541.0,2068.4,2026.6,969940.0,2171.0,2171.0,2110.0,2138.0,78000.0,-2.2405121170553266,-0.7315957933241912,-1.5200368493781702,-15.859897678079493,-15.859897678079493,18.849391955098227,0.0,0.08041734540280843,False,False,False
5986,モリテック　スチール,2026-09-07,257.0,264.0,264.0,256.8,254.4,26840.0,258.0,258.0,258.0,257.0,41400.0,0.0,0.3891050583657574,-0.3875968992248069,-2.651515151515149,-2.651515151515149,2.7237354085603016,0.0,1.5424739195230999,False,False,False
5987,オーネックス,2026-09-07,1649.0,2191.0,2191.0,1666.8,1707.76,620.0,1649.0,1649.0,1649.0,1649.0,1000.0,0.0,0.0,0.0,-24.73756275673209,-24.73756275673209,32.86840509399636,0.0,1.6129032258064515,False,False,False
5988,パイオラックス,2026-09-07,1690.0,1749.0,1765.0,1696.6,1715.76,98200.0,1690.0,1695.0,1678.0,1690.0,69500.0,0.0,0.0,0.0,-3.373356203544886,-4.249291784702547,4.4378698224851965,0.914808461978267,0.7077393075356415,False,False,False
5989,エイチワン,2026-09-07,1492.0,1577.0,1629.0,1511.2,1516.12,137840.0,1485.0,1485.0,1467.0,1471.0,17700.0,-1.407506702412864,-0.4691689008042843,-0.9427609427609451,-6.721623335447047,-9.699201964395332,10.740992522093817,3.2974001268230912,0.1284097504352873,False,False,False
5990,スーパーツール,2026-09-07,1950.0,1968.0,1993.0,1954.8,1952.12,420.0,1951.0,1960.0,1950.0,1950.0,600.0,0.0,0.05128205128204222,-0.05125576627370565,-0.9146341463414642,-2.1575514300050225,2.205128205128215,1.2703252032520318,1.4285714285714286,False,False,False
5991,日本発條,2026-09-07,3428.0,3797.0,3805.0,3346.6,3509.32,568740.0,3358.0,3360.0,3337.0,3358.0,18800.0,-2.0420070011668567,-2.0420070011668567,0.0,-11.561759283644978,-11.74770039421813,13.311494937462776,0.21069265209376908,0.033055526251011005,False,False,False
5992,中央発條,2026-09-07,3675.0,3765.0,3965.0,3690.0,3703.4,21100.0,3675.0,3675.0,3660.0,3670.0,1800.0,-0.1360544217687054,0.0,-0.1360544217687054,-2.5232403718459473,-7.440100882723833,8.038147138964579,5.312084993359889,0.08530805687203792,False,False,False
5994,ファインシンター,2026-09-07,1055.0,1060.0,1060.0,1026.8,1001.0,9040.0,1055.0,1055.0,1045.0,1055.0,12200.0,0.0,0.0,0.0,-0.4716981132075526,-0.4716981132075526,0.4739336492890933,0.0,1.3495575221238938,False,False,False
5997,協立エアテック,2026-09-07,883.0,960.0,960.0,903.2,922.0,5780.0,884.0,896.0,884.0,883.0,4500.0,0.0,0.11325028312569874,-0.11312217194570096,-8.020833333333332,-8.020833333333332,8.720271800679491,0.0,0.7785467128027682,False,False,False
5998,アドバネクス,2026-09-07,2741.0,2838.0,2849.0,2703.2,2598.64,17280.0,2741.0,2741.0,2661.0,2741.0,17900.0,0.0,0.0,0.0,-3.4178999295278345,-3.7908037908037873,3.940167821962781,0.3875968992248069,1.0358796296296295,False,False,False
6005,三浦工業,2026-09-07,3223.0,3273.0,3273.0,3195.6,3171.48,285000.0,3213.0,3223.0,3205.0,3213.0,12300.0,-0.3102699348433102,-0.3102699348433102,0.0,-1.8331805682859748,-1.8331805682859748,1.8674136321195078,0.0,0.0431578947368421,False,False,False
6013,タクマ,2026-09-07,3025.0,3310.0,3510.0,3005.2,3154.04,186480.0,2999.0,3000.0,2971.0,2984.0,16200.0,-1.3553719008264409,-0.8595041322314034,-0.5001667222407469,-9.848942598187316,-14.985754985754983,17.627345844504028,6.042296072507547,0.08687258687258688,False,False,False
6016,ジャパンエンジンコーポレーション,2026-09-07,11400.0,11540.0,11540.0,10926.0,10181.6,110960.0,11300.0,11300.0,11180.0,11300.0,4100.0,-0.8771929824561431,-0.8771929824561431,0.0,-2.0797227036395194,-2.0797227036395194,2.123893805309729,0.0,0.03695025234318673,False,False,False
6022,赤阪鐵工所,2026-09-07,2905.0,2968.0,2968.0,2918.6,2722.28,1420.0,2901.0,2905.0,2891.0,2905.0,3400.0,0.0,-0.1376936316695332,0.13788348845225062,-2.1226415094339646,-2.1226415094339646,2.168674698795181,0.0,2.3943661971830985,True,False,False
6023,ダイハツインフィニアース,2026-09-07,3370.0,3370.0,3370.0,3148.2,3024.76,158600.0,3360.0,3370.0,3305.0,3335.0,22200.0,-1.0385756676557834,-0.29673590504450953,-0.7440476190476164,-1.0385756676557834,-1.0385756676557834,1.0494752623688264,0.0,0.13997477931904162,False,False,False
6027,弁護士ドットコム,2026-09-07,5030.0,5780.0,5780.0,5082.0,3965.76,401220.0,5000.0,5030.0,4950.0,5010.0,15800.0,-0.3976143141153132,-0.5964214711729587,0.20000000000000018,-13.321799307958482,-13.321799307958482,15.369261477045914,0.0,0.03937989133143911,True,False,False
6029,アトラグループ,2026-09-07,184.0,198.0,222.0,184.8,189.52,15020.0,185.0,186.0,185.0,186.0,1300.0,1.0869565217391353,0.5434782608695565,0.540540540540535,-6.060606060606055,-16.216216216216218,19.354838709677423,12.12121212121211,0.08655126498002663,True,False,False
6030,アドベンチャー,2026-09-07,1666.0,1666.0,1666.0,1601.4,1533.16,10420.0,1681.0,1681.0,1666.0,1666.0,21100.0,0.0,0.9003601440576325,-0.8923259964306984,0.0,0.0,0.0,0.0,2.0249520153550864,False,False,False
6031,ＺＥＴＡ,2026-09-07,299.0,316.0,316.0,296.2,265.24,137540.0,299.0,299.0,296.0,297.0,3900.0,-0.6688963210702337,0.0,-0.6688963210702337,-6.0126582278481,-6.0126582278481,6.3973063973064015,0.0,0.02835538752362949,False,False,False
6033,エクストリーム,2026-09-07,1689.0,1750.0,1750.0,1663.4,1668.68,19000.0,1698.0,1720.0,1698.0,1720.0,9100.0,1.8354055654233203,0.5328596802841812,1.2956419316843437,-1.7142857142857126,-1.7142857142857126,1.744186046511631,0.0,0.4789473684210526,True,False,False
6034,ＭＲＴ,2026-09-07,610.0,650.0,650.0,627.6,635.36,8480.0,608.0,614.0,608.0,610.0,29900.0,0.0,-0.3278688524590123,0.328947368421062,-6.153846153846154,-6.153846153846154,6.557377049180335,0.0,3.525943396226415,True,False,False
6035,アイ・アールジャパンホールディングス,2026-09-07,729.0,760.0,760.0,735.8,732.76,23620.0,727.0,730.0,725.0,730.0,3900.0,0.137174211248281,-0.2743484224965731,0.4126547455295837,-3.9473684210526327,-3.9473684210526327,4.109589041095885,0.0,0.1651143099068586,True,False,False
6036,ＫｅｅＰｅｒ技研,2026-09-07,3570.0,3650.0,3650.0,3435.0,3142.64,201220.0,3545.0,3555.0,3505.0,3570.0,251600.0,0.0,-0.7002801120448154,0.7052186177715081,-2.1917808219178103,-2.1917808219178103,2.2408963585434094,0.0,1.2503727263691482,True,False,False
6037,楽待,2026-09-07,1090.0,1101.0,1101.0,1059.8,1047.28,41380.0,1080.0,1080.0,1071.0,1077.0,6100.0,-1.1926605504587129,-0.917431192660545,-0.2777777777777768,-2.1798365122615793,-2.1798365122615793,2.2284122562674202,0.0,0.1474142097631706,False,False,False
6038,イード,2026-09-07,819.0,847.0,847.0,828.0,825.12,4660.0,818.0,818.0,818.0,819.0,5200.0,0.0,-0.12210012210012167,0.12224938875304847,-3.3057851239669422,-3.3057851239669422,3.418803418803429,0.0,1.1158798283261802,True,False,False
6039,日本動物高度医療センター,2026-09-07,1012.0,1175.0,1175.0,1007.8,1043.84,56960.0,1011.0,1011.0,995.0,1007.0,8200.0,-0.49407114624505644,-0.09881422924901129,-0.3956478733926794,-14.297872340425533,-14.297872340425533,16.6832174776564,0.0,0.14396067415730338,False,False,False
6040,日本スキー場開発,2026-09-07,465.0,474.0,526.0,466.6,460.08,23440.0,465.0,465.0,460.0,465.0,26700.0,0.0,0.0,0.0,-1.898734177215189,-11.596958174904948,13.118279569892465,10.970464135021096,1.1390784982935154,False,False,False
6042,ニッキ,2026-09-07,3870.0,4075.0,4075.0,3851.0,3962.4,220.0,3890.0,3890.0,3890.0,3870.0,400.0,0.0,0.5167958656330685,-0.5141388174807249,-5.030674846625772,-5.030674846625772,5.297157622739013,0.0,1.8181818181818181,False,False,False
6044,三機サービス,2026-09-07,1874.0,1992.0,1992.0,1892.6,1925.0,6900.0,1867.0,1867.0,1867.0,1874.0,5400.0,0.0,-0.3735325506937004,0.3749330476700674,-5.923694779116461,-5.923694779116461,6.296691568836721,0.0,0.782608695652174,True,False,False
6045,レントラックス,2026-09-07,2202.0,2520.0,2520.0,2249.2,2033.12,39380.0,2202.0,2205.0,2200.0,2200.0,5000.0,-0.09082652134423386,0.0,-0.09082652134423386,-12.698412698412698,-12.698412698412698,14.54545454545455,0.0,0.12696800406297612,False,False,False
6046,リンクバル,2026-09-07,155.0,192.0,192.0,153.2,143.68,187200.0,153.0,153.0,153.0,155.0,32300.0,0.0,-1.2903225806451646,1.3071895424836555,-19.270833333333336,-19.270833333333336,23.870967741935488,0.0,0.17254273504273504,True,False,False
6047,Ｇｕｎｏｓｙ,2026-09-07,398.0,433.0,433.0,403.8,399.32,75120.0,395.0,396.0,394.0,395.0,5500.0,-0.7537688442211032,-0.7537688442211032,0.0,-8.77598152424942,-8.77598152424942,9.620253164556969,0.0,0.07321618743343983,False,False,False
6049,イトクロ,2026-09-07,255.0,255.0,255.0,250.8,245.72,5880.0,255.0,255.0,255.0,255.0,7900.0,0.0,0.0,0.0,0.0,0.0,0.0,0.0,1.3435374149659864,False,False,False
6050,イー・ガーディアン,2026-09-07,1804.0,1824.0,1824.0,1809.8,1764.12,15040.0,1804.0,1804.0,1802.0,1802.0,1600.0,-0.11086474501108556,0.0,-0.11086474501108556,-1.206140350877194,-1.206140350877194,1.220865704772467,0.0,0.10638297872340426,False,False,False
6054,リブセンス,2026-09-07,113.0,125.0,125.0,112.8,115.84,28380.0,112.0,114.0,112.0,113.0,42500.0,0.0,-0.8849557522123908,0.8928571428571397,-9.599999999999998,-9.599999999999998,10.619469026548668,0.0,1.4975334742776603,True,False,False
6055,ジャパンマテリアル,2026-09-07,2238.0,2320.0,2455.0,2148.2,2183.84,516380.0,2230.0,2250.0,2222.0,2245.0,44100.0,0.3127792672028562,-0.357462019660415,0.6726457399103047,-3.2327586206896575,-8.553971486761714,9.35412026726057,5.81896551724137,0.08540222316898408,True,False,False
6058,ベクトル,2026-09-07,2055.0,2226.0,2226.0,1996.0,1908.88,729580.0,2026.0,2040.0,1982.0,2009.0,110500.0,-2.2384428223844233,-1.4111922141119226,-0.8390918065153019,-9.748427672955973,-9.748427672955973,10.801393728222997,0.0,0.15145700265906412,False,False,False
6059,ウチヤマホールディングス,2026-09-07,363.0,365.0,365.0,361.2,358.48,5400.0,363.0,364.0,363.0,363.0,7000.0,0.0,0.0,0.0,-0.5479452054794498,-0.5479452054794498,0.5509641873278293,0.0,1.2962962962962963,False,False,False
6061,ユニバーサル園芸社,2026-09-07,3200.0,3390.0,3390.0,3209.0,3115.92,4060.0,3155.0,3155.0,3155.0,3200.0,3000.0,0.0,-1.4062499999999978,1.4263074484944571,-5.604719764011801,-5.604719764011801,5.937499999999996,0.0,0.7389162561576355,True,False,False
6062,チャーム・ケア・コーポレーション,2026-09-07,1414.0,1473.0,1495.0,1417.8,1405.44,101880.0,1410.0,1412.0,1401.0,1407.0,9800.0,-0.4950495049504955,-0.28288543140028155,-0.21276595744680327,-4.480651731160901,-5.886287625418063,6.254442075337607,1.4935505770536261,0.0961915979583824,False,False,False
6063,日本エマージェンシーアシスタンス,2026-09-07,980.0,1083.0,1083.0,992.8,1005.68,1860.0,972.0,972.0,972.0,980.0,3200.0,0.0,-0.8163265306122436,0.8230452674897082,-9.510618651892887,-9.510618651892887,10.510204081632658,0.0,1.7204301075268817,True,False,False
6069,トレンダーズ,2026-09-07,687.0,713.0,713.0,687.8,684.96,17160.0,688.0,688.0,687.0,687.0,14500.0,0.0,0.14556040756914523,-0.14534883720930258,-3.6465638148667656,-3.6465638148667656,3.784570596797665,0.0,0.844988344988345,False,False,False
6070,キャリアリンク,2026-09-07,2557.0,2689.0,2689.0,2597.4,2519.2,31600.0,2544.0,2557.0,2536.0,2557.0,37100.0,0.0,-0.5084082909659782,0.5110062893081802,-4.908888062476757,-4.908888062476757,5.16229956980836,0.0,1.1740506329113924,True,False,False
6071,ＩＢＪ,2026-09-07,915.0,976.0,976.0,924.6,897.88,236820.0,900.0,900.0,891.0,900.0,17500.0,-1.6393442622950838,-1.6393442622950838,0.0,-7.786885245901642,-7.786885245901642,8.444444444444454,0.0,0.07389578582889958,False,False,False
6072,地盤ネットホールディングス,2026-09-07,1052.0,1224.0,1224.0,1035.4,1056.96,427540.0,1049.0,1054.0,1041.0,1054.0,17200.0,0.19011406844107182,-0.2851711026615966,0.4766444232602529,-13.888888888888884,-13.888888888888884,16.129032258064523,0.0,0.040230153903728305,True,False,False
6073,アサンテ,2026-09-07,1532.0,1536.0,1540.0,1523.0,1509.72,11280.0,1527.0,1527.0,1527.0,1532.0,8400.0,0.0,-0.32637075718016106,0.3274394237066103,-0.26041666666666297,-0.5194805194805197,0.5221932114882533,0.26041666666667407,0.7446808510638298,True,False,False
6074,ジェイエスエス,2026-09-07,520.0,524.0,524.0,518.4,518.16,1660.0,518.0,518.0,512.0,520.0,4100.0,0.0,-0.38461538461538325,0.38610038610038533,-0.7633587786259555,-0.7633587786259555,0.7692307692307665,0.0,2.4698795180722892,True,False,False
6078,バリューＨＲ,2026-09-07,1555.0,1661.0,1661.0,1579.0,1554.6,38340.0,1553.0,1553.0,1542.0,1555.0,28000.0,0.0,-0.12861736334405238,0.12878300064391723,-6.381697772426254,-6.381697772426254,6.816720257234721,0.0,0.7303077725612936,True,False,False
6080,Ｍ＆Ａキャピタルパートナーズ,2026-09-07,4120.0,4330.0,4330.0,4164.0,4118.0,60040.0,4100.0,4100.0,4065.0,4090.0,4200.0,-0.7281553398058249,-0.4854368932038833,-0.24390243902439046,-5.542725173210162,-5.542725173210162,5.867970660146704,0.0,0.06995336442371752,False,False,False
6081,アライドアーキテクツ,2026-09-07,160.0,172.0,172.0,158.6,160.92,259100.0,160.0,160.0,155.0,160.0,163500.0,0.0,0.0,0.0,-6.976744186046513,-6.976744186046513,7.499999999999996,0.0,0.6310304901582401,False,False,False
6082,ライドオンエクスプレスホールディングス,2026-09-07,1012.0,1046.0,1046.0,1013.2,1011.04,18980.0,1008.0,1008.0,1008.0,1012.0,22200.0,0.0,-0.39525691699604515,0.3968253968253954,-3.2504780114722798,-3.2504780114722798,3.359683794466406,0.0,1.1696522655426764,True,False,False
6083,ＥＲＩホールディングス,2026-09-07,1625.0,1772.0,1772.0,1638.2,1662.32,31700.0,1625.0,1626.0,1610.0,1625.0,35500.0,0.0,0.0,0.0,-8.295711060948086,-8.295711060948086,9.046153846153837,0.0,1.1198738170347002,False,False,False
6085,アーキテクツ・スタジオ・ジャパン,2026-09-07,193.0,283.0,283.0,190.6,132.88,8121340.0,205.0,211.0,201.0,204.0,1234000.0,5.699481865284972,6.217616580310881,-0.4878048780487809,-27.915194346289752,-27.915194346289752,38.725490196078425,0.0,0.1519453686214344,False,False,False
6086,シンメンテホールディングス,2026-09-07,1032.0,1087.0,1087.0,1025.2,1043.88,23000.0,1015.0,1021.0,1008.0,1018.0,2700.0,-1.3565891472868241,-1.6472868217054293,0.2955665024630516,-6.347746090156392,-6.347746090156392,6.7779960707269105,0.0,0.11739130434782609,True,False,False
6087,アビスト,2026-09-07,3585.0,3590.0,3590.0,3569.0,3518.6,2500.0,3585.0,3585.0,3585.0,3585.0,3100.0,0.0,0.0,0.0,-0.139275766016711,-0.139275766016711,0.1394700139470073,0.0,1.24,False,False,False
6088,シグマクシス・ホールディングス,2026-09-07,547.0,584.0,631.0,549.6,550.64,321020.0,547.0,554.0,546.0,553.0,57400.0,1.0968921389396646,0.0,1.0968921389396646,-5.308219178082196,-12.361331220285265,14.10488245931283,8.047945205479445,0.17880505887483647,True,False,False
6089,ウィルグループ,2026-09-07,1153.0,1212.0,1212.0,1170.8,1148.44,44340.0,1149.0,1149.0,1141.0,1153.0,42000.0,0.0,-0.3469210754553309,0.3481288076588429,-4.867986798679869,-4.867986798679869,5.117085862966175,0.0,0.9472259810554804,True,False,False
6090,ヒューマン・メタボローム・テクノロジーズ,2026-09-07,623.0,646.0,646.0,618.0,608.52,3020.0,628.0,628.0,628.0,623.0,2600.0,0.0,0.8025682182985605,-0.79617834394905,-3.5603715170278605,-3.5603715170278605,3.6918138041733606,0.0,0.8609271523178808,False,False,False
6091,ウエスコホールディングス,2026-09-07,893.0,929.0,929.0,888.8,897.96,3500.0,883.0,893.0,883.0,893.0,383400.0,0.0,-1.1198208286674172,1.1325028312570762,-3.8751345532830994,-3.8751345532830994,4.031354983202684,0.0,109.54285714285714,True,False,False
6092,エンバイオ・ホールディングス,2026-09-07,836.0,920.0,920.0,850.8,821.76,22860.0,837.0,837.0,835.0,835.0,700.0,-0.11961722488038617,0.11961722488038617,-0.2389486260453988,-9.239130434782606,-9.239130434782606,10.179640718562876,0.0,0.03062117235345582,False,False,False
6093,ミトラグループ,2026-09-07,161.0,167.0,167.0,161.4,162.64,48800.0,161.0,161.0,161.0,161.0,38400.0,0.0,0.0,0.0,-3.59281437125748,-3.59281437125748,3.7267080745341685,0.0,0.7868852459016393,False,False,False
6094,フリークアウト・ホールディングス,2026-09-07,562.0,612.0,612.0,570.0,575.12,12800.0,552.0,552.0,540.0,548.0,21300.0,-2.491103202846978,-1.7793594306049876,-0.7246376811594235,-10.457516339869278,-10.457516339869278,11.678832116788328,0.0,1.6640625,False,False,False
6098,リクルートホールディングス,2026-09-07,16140.0,18215.0,18215.0,16532.0,15828.2,4465660.0,15910.0,16060.0,15880.0,15985.0,222200.0,-0.9603469640644402,-1.4250309789343274,0.4714016341923255,-12.242657150699976,-12.242657150699976,13.950578667500778,0.0,0.04975748265653901,True,False,False
6099,エラン,2026-09-07,725.0,780.0,806.0,733.8,752.04,106160.0,723.0,723.0,717.0,719.0,7500.0,-0.8275862068965467,-0.27586206896551557,-0.5532503457814641,-7.8205128205128265,-10.794044665012404,12.100139082058426,3.3333333333333437,0.07064807837226827,False,False,False
6101,ツガミ,2026-09-07,5290.0,6400.0,7120.0,5158.0,5630.8,262780.0,5190.0,5200.0,5130.0,5200.0,20000.0,-1.7013232514177745,-1.8903591682419618,0.19267822736031004,-18.75,-26.96629213483146,36.92307692307693,11.250000000000004,0.07610929294466855,True,False,False
6103,オークマ,2026-09-07,4695.0,5710.0,5710.0,4644.0,5053.0,449820.0,4650.0,4690.0,4635.0,4660.0,17800.0,-0.7454739084132078,-0.9584664536741228,0.21505376344086446,-18.388791593695274,-18.388791593695274,22.532188841201716,0.0,0.039571384109199234,True,False,False
6104,芝浦機械,2026-09-07,4425.0,4550.0,4900.0,4472.0,4284.6,101000.0,4380.0,4405.0,4350.0,4400.0,10100.0,-0.5649717514124242,-1.016949152542368,0.45662100456620447,-3.296703296703296,-10.204081632653061,11.363636363636353,7.692307692307687,0.1,True,False,False
6113,アマダ,2026-09-07,2562.5,2858.0,2975.5,2515.8,2664.46,1936000.0,2542.5,2548.0,2514.0,2526.5,123000.0,-1.404878048780489,-0.7804878048780495,-0.6293018682399176,-11.59902029391182,-15.089900856998828,17.77162081931525,4.111266620013998,0.06353305785123967,False,False,False
6118,アイダエンジニアリング,2026-09-07,1264.0,1336.0,1336.0,1225.2,1238.96,326660.0,1257.0,1267.0,1257.0,1266.0,10600.0,0.15822784810126667,-0.5537974683544333,0.7159904534606243,-5.239520958083832,-5.239520958083832,5.529225908372837,0.0,0.03244964182942509,True,False,False
6125,岡本工作機械製作所,2026-09-07,4915.0,5180.0,5960.0,4679.0,4953.4,47580.0,4860.0,4895.0,4825.0,4845.0,2900.0,-1.4242115971515812,-1.1190233977619535,-0.30864197530864335,-6.4671814671814705,-18.708053691275172,23.01341589267285,15.05791505791505,0.06094997898276587,False,False,False
6134,ＦＵＪＩ,2026-09-07,7191.0,8561.0,8673.0,6958.0,7568.6,657020.0,7088.0,7119.0,7033.0,7101.0,33200.0,-1.251564455569465,-1.4323459880406064,0.18340857787810805,-17.054082467001518,-18.125216188170178,22.13772708069286,1.3082583810302584,0.050531186265258286,True,False,False
6135,牧野フライス製作所,2026-09-07,15600.0,16500.0,16500.0,15510.0,15255.2,141600.0,15360.0,15360.0,15270.0,15360.0,2700.0,-1.538461538461533,-1.538461538461533,0.0,-6.909090909090909,-6.909090909090909,7.421875,0.0,0.019067796610169493,False,False,False
6136,オーエスジー,2026-09-07,3647.0,4079.0,4079.0,3620.4,3758.04,272100.0,3600.0,3608.0,3593.0,3607.0,15300.0,-1.0967918837400559,-1.2887304633945718,0.19444444444445264,-11.57146359401814,-11.57146359401814,13.085666759079562,0.0,0.05622932745314223,True,False,False
6137,小池酸素工業,2026-09-07,1550.0,1558.0,1577.0,1534.8,1506.84,34060.0,1557.0,1557.0,1550.0,1550.0,38300.0,0.0,0.4516129032257954,-0.4495825305073864,-0.5134788189987138,-1.7121116043119833,1.74193548387096,1.2195121951219523,1.1244862008220786,False,False,False
6138,ダイジェット工業,2026-09-07,2025.0,2200.0,2200.0,2025.2,1834.72,11900.0,2025.0,2025.0,2025.0,2025.0,8700.0,0.0,0.0,0.0,-7.954545454545459,-7.954545454545459,8.64197530864197,0.0,0.7310924369747899,False,False,False
6140,旭ダイヤモンド工業,2026-09-07,1198.0,1323.0,1323.0,1175.0,1213.32,521520.0,1185.0,1187.0,1173.0,1183.0,37800.0,-1.2520868113522488,-1.085141903171949,-0.16877637130802148,-10.582010582010582,-10.582010582010582,11.834319526627212,0.0,0.07248044178554994,False,False,False
6141,ＤＭＧ森精機,2026-09-07,2928.5,3754.0,3980.0,2897.4,3233.74,1786360.0,2900.0,2900.0,2866.0,2879.5,129900.0,-1.6732115417449234,-0.9731944681577565,-0.7068965517241343,-23.29515183803943,-27.650753768844215,38.21844070151068,6.020245071923291,0.07271770527777156,False,False,False
6143,ソディック,2026-09-07,1782.0,1901.0,1979.0,1735.6,1756.76,412320.0,1771.0,1774.0,1746.0,1771.0,21400.0,-0.6172839506172867,-0.6172839506172867,0.0,-6.838506049447657,-10.510358767054074,11.744776962168268,4.103103629668592,0.05190143577803648,False,False,False
6144,西部電機,2026-09-07,2853.0,3150.0,3300.0,2871.0,2993.6,4060.0,2841.0,2841.0,2841.0,2853.0,5900.0,0.0,-0.4206098843322792,0.42238648363253084,-9.42857142857143,-13.54545454545455,15.667718191377489,4.761904761904767,1.4532019704433496,True,False,False
6145,ＮＩＴＴＯＫＵ,2026-09-07,2468.0,2540.0,2877.0,2442.4,2494.92,93100.0,2465.0,2470.0,2444.0,2470.0,3000.0,0.08103727714747766,-0.12155591572122759,0.20283975659229903,-2.7559055118110187,-14.146680570038239,16.47773279352227,13.26771653543306,0.0322234156820623,True,False,False
6146,ディスコ,2026-09-07,57150.0,68120.0,68120.0,55482.0,60380.4,1327400.0,56720.0,56720.0,56210.0,56430.0,62700.0,-1.2598425196850394,-0.7524059492563406,-0.5112834978843406,-17.160892542571936,-17.160892542571936,20.71593124224702,0.0,0.047235196624981164,False,False,False
6147,ヤマザキ,2026-09-07,187.0,200.0,200.0,190.4,192.72,5920.0,196.0,230.0,196.0,226.0,64700.0,20.85561497326203,4.8128342245989275,15.306122448979597,12.99999999999999,12.99999999999999,-11.504424778761058,0.0,10.929054054054054,True,True,True
6149,小田原エンジニアリング,2026-09-07,2256.0,2370.0,2370.0,2254.4,2244.32,10440.0,2244.0,2244.0,2230.0,2231.0,800.0,-1.1081560283687897,-0.5319148936170248,-0.5793226381461625,-5.864978902953588,-5.864978902953588,6.230389959659344,0.0,0.07662835249042145,False,False,False
6150,タケダ機械,2026-09-07,2803.0,2820.0,2820.0,2798.0,2794.08,1460.0,2804.0,2804.0,2797.0,2803.0,1500.0,0.0,0.035676061362832634,-0.03566333808844302,-0.6028368794326222,-0.6028368794326222,0.6064930431680438,0.0,1.0273972602739727,False,False,False
6151,日東工器,2026-09-07,1744.0,1793.0,1793.0,1737.6,1743.16,10860.0,1744.0,1744.0,1732.0,1742.0,2000.0,-0.11467889908256534,0.0,-0.11467889908256534,-2.844394868934741,-2.844394868934741,2.9276693455797975,0.0,0.1841620626151013,False,False,False
6155,高松機械工業,2026-09-07,539.0,556.0,556.0,536.8,533.8,8120.0,545.0,545.0,545.0,539.0,3600.0,0.0,1.1131725417439675,-1.1009174311926606,-3.0575539568345356,-3.0575539568345356,3.153988868274582,0.0,0.4433497536945813,False,False,False
6156,エーワン精密,2026-09-07,1856.0,1930.0,1930.0,1860.4,1868.08,6120.0,1873.0,1873.0,1855.0,1855.0,1800.0,-0.053879310344828735,0.9159482758620774,-0.9610250934329989,-3.886010362694303,-3.886010362694303,4.043126684636111,0.0,0.29411764705882354,False,False,False
6157,日進工具,2026-09-07,832.0,893.0,972.0,829.6,847.28,82700.0,825.0,825.0,820.0,823.0,5800.0,-1.081730769230771,-0.8413461538461564,-0.24242424242424399,-7.838745800671898,-15.32921810699589,18.104495747266093,8.846584546472558,0.07013301088270858,False,False,False
6158,和井田製作所,2026-09-07,1031.0,1040.0,1040.0,1029.4,1005.44,4220.0,1030.0,1030.0,1020.0,1031.0,3700.0,0.0,-0.09699321047527132,0.0970873786407811,-0.8653846153846123,-0.8653846153846123,0.8729388942773975,0.0,0.8767772511848341,True,False,False
6159,ミクロン精密,2026-09-07,1910.0,1945.0,1950.0,1859.8,1871.72,740.0,1910.0,1910.0,1900.0,1910.0,2600.0,0.0,0.0,0.0,-1.7994858611825149,-2.051282051282055,2.0942408376963373,0.25706940874035134,3.5135135135135136,False,False,False
6161,エスティック,2026-09-07,1059.0,1110.0,1120.0,1056.0,1068.96,3540.0,1058.0,1072.0,1057.0,1059.0,4500.0,0.0,-0.09442870632672129,0.0945179584120881,-4.594594594594592,-5.446428571428575,5.760151085930132,0.9009009009008917,1.271186440677966,True,False,False
6165,パンチ工業,2026-09-07,553.0,573.0,573.0,550.2,534.64,70960.0,554.0,554.0,547.0,553.0,53700.0,0.0,0.1808318264014508,-0.18050541516245744,-3.4904013961605584,-3.4904013961605584,3.616636528028927,0.0,0.7567643742953777,False,False,False
6166,中村超硬,2026-09-07,685.0,699.0,699.0,673.6,649.72,139980.0,679.0,679.0,672.0,677.0,18700.0,-1.167883211678833,-0.8759124087591275,-0.2945508100147265,-3.1473533619456373,-3.1473533619456373,3.2496307237813937,0.0,0.13359051293041863,False,False,False
6167,冨士ダイス,2026-09-07,1010.0,1135.0,1135.0,1013.6,1036.2,54860.0,1005.0,1013.0,995.0,1001.0,5900.0,-0.8910891089108919,-0.4950495049504955,-0.3980099502487566,-11.806167400881062,-11.806167400881062,13.386613386613377,0.0,0.1075464819540649,False,False,False
6171,土木管理総合試験所,2026-09-07,374.0,390.0,397.0,373.6,377.6,11320.0,374.0,374.0,374.0,374.0,4700.0,0.0,0.0,0.0,-4.102564102564099,-5.793450881612094,6.149732620320858,1.7948717948717885,0.41519434628975266,False,False,False
6176,ブランジスタ,2026-09-07,1168.0,1308.0,1308.0,1058.8,986.36,313220.0,1167.0,1168.0,1136.0,1163.0,69000.0,-0.42808219178082085,-0.08561643835616195,-0.3427592116538092,-11.085626911314982,-11.085626911314982,12.467755803955294,0.0,0.2202924462039461,False,False,False
6177,ＡｐｐＢａｎｋ,2026-09-07,86.0,101.0,101.0,86.0,82.64,1205940.0,85.0,85.0,85.0,86.0,502800.0,0.0,-1.1627906976744207,1.17647058823529,-14.851485148514854,-14.851485148514854,17.44186046511629,0.0,0.4169361659784069,True,False,False
6178,日本郵政,2026-09-07,2497.0,2603.0,2603.0,2526.5,2405.3,5911520.0,2484.5,2484.5,2456.0,2461.5,301400.0,-1.42170604725671,-0.5006007208650409,-0.9257395854296635,-5.436035343834034,-5.436035343834034,5.748527320739383,0.0,0.05098519500906704,False,False,False
6180,ＧＭＯメディア,2026-09-07,3830.0,3880.0,3880.0,3855.0,3820.8,940.0,3875.0,3875.0,3830.0,3830.0,700.0,0.0,1.1749347258485532,-1.1612903225806437,-1.2886597938144284,-1.2886597938144284,1.305483028720622,0.0,0.7446808510638298,False,False,False
6181,タメニー,2026-09-07,94.0,96.0,96.0,92.0,84.12,100520.0,94.0,94.0,94.0,94.0,83400.0,0.0,0.0,0.0,-2.083333333333337,-2.083333333333337,2.127659574468077,0.0,0.8296856346995622,False,False,False
6182,メタリアル,2026-09-07,519.0,544.0,544.0,520.0,482.36,33160.0,515.0,515.0,515.0,519.0,44500.0,0.0,-0.770712909441229,0.7766990291262044,-4.595588235294112,-4.595588235294112,4.816955684007707,0.0,1.341978287092883,True,False,False
6183,ベルシステム２４ホールディングス,2026-09-07,1373.0,1448.0,1448.0,1383.6,1384.28,265120.0,1370.0,1373.0,1362.0,1364.0,10900.0,-0.6554989075018169,-0.21849963583393528,-0.43795620437956373,-5.8011049723756924,-5.8011049723756924,6.158357771260992,0.0,0.04111345805672903,False,False,False
6184,鎌倉新書,2026-09-07,568.0,606.0,606.0,575.6,571.52,127920.0,565.0,570.0,564.0,568.0,7700.0,0.0,-0.5281690140845119,0.5309734513274433,-6.270627062706269,-6.270627062706269,6.690140845070425,0.0,0.060193871169480925,True,False,False
6185,ＳＭＮ,2026-09-07,366.0,374.0,403.0,367.8,367.6,4340.0,366.0,366.0,366.0,366.0,6900.0,0.0,0.0,0.0,-2.1390374331550777,-9.181141439205954,10.10928961748634,7.754010695187175,1.5898617511520738,False,False,False
6186,一蔵,2026-09-07,375.0,389.0,389.0,377.0,382.36,1900.0,377.0,377.0,377.0,375.0,2800.0,0.0,0.5333333333333412,-0.5305039787798393,-3.598971722365041,-3.598971722365041,3.733333333333344,0.0,1.4736842105263157,False,False,False
6189,グローバルキッズＣＯＭＰＡＮＹ,2026-09-07,1012.0,1050.0,1050.0,1012.8,1015.4,7060.0,1011.0,1011.0,1006.0,1012.0,14200.0,0.0,-0.09881422924901129,0.09891196834816984,-3.6190476190476217,-3.6190476190476217,3.754940711462451,0.0,2.011331444759207,True,False,False
6190,フェニックスバイオ,2026-09-07,333.0,359.0,359.0,337.6,342.32,7980.0,334.0,334.0,331.0,333.0,13800.0,0.0,0.30030030030030463,-0.29940119760478723,-7.2423398328690824,-7.2423398328690824,7.8078078078078095,0.0,1.7293233082706767,False,False,False
6191,エアトリ,2026-09-07,778.0,940.0,940.0,779.2,849.68,99300.0,778.0,778.0,771.0,778.0,88800.0,0.0,0.0,0.0,-17.234042553191486,-17.234042553191486,20.822622107969146,0.0,0.8942598187311178,False,False,False
6193,バーチャレクス・ホールディングス,2026-09-07,1220.0,1247.0,1247.0,1232.0,1124.24,11180.0,1221.0,1221.0,1220.0,1220.0,1300.0,0.0,0.08196721311475308,-0.08190008190007703,-2.165196471531672,-2.165196471531672,2.2131147540983553,0.0,0.11627906976744186,False,False,False
6194,アトラエ,2026-09-07,853.0,926.0,926.0,859.6,881.24,158220.0,851.0,853.0,846.0,846.0,25900.0,-0.8206330597889777,-0.23446658851113966,-0.5875440658049347,-8.639308855291572,-8.639308855291572,9.456264775413704,0.0,0.16369611932751865,False,False,False
6195,ホープ,2026-09-07,203.0,218.0,218.0,202.0,205.48,24040.0,202.0,203.0,202.0,203.0,9300.0,0.0,-0.49261083743842304,0.4950495049504955,-6.880733944954132,-6.880733944954132,7.389162561576357,0.0,0.38685524126455906,True,False,False
6196,ストライクグループ,2026-09-07,1411.0,1459.0,1459.0,1400.0,1351.68,553520.0,1404.0,1404.0,1389.0,1397.0,43000.0,-0.9922041105598911,-0.49610205527994555,-0.4985754985754931,-4.249485949280329,-4.249485949280329,4.438081603435928,0.0,0.07768463650816591,False,False,False
6198,キャリア,2026-09-07,209.0,215.0,221.0,204.8,207.68,17400.0,207.0,207.0,207.0,209.0,10100.0,0.0,-0.9569377990430672,0.9661835748792313,-2.7906976744186074,-5.429864253393668,5.741626794258381,2.7906976744185963,0.5804597701149425,True,False,False
6199,セラク,2026-09-07,1320.0,1485.0,1485.0,1340.8,1368.92,15400.0,1306.0,1306.0,1304.0,1320.0,12600.0,0.0,-1.0606060606060619,1.071975497702904,-11.111111111111116,-11.111111111111116,12.5,0.0,0.8181818181818182,True,False,False
6200,インソース,2026-09-07,717.0,752.0,783.0,726.4,727.48,373820.0,716.0,717.0,712.0,715.0,26300.0,-0.2789400278940035,-0.1394700139469962,-0.13966480446927498,-4.9202127659574435,-8.684546615581102,9.510489510489517,4.122340425531923,0.07035471617355947,False,False,False
6203,豊和工業,2026-09-07,1912.0,1912.0,1912.0,1595.4,1506.68,2154040.0,1522.0,1912.0,1519.0,1912.0,9083700.0,0.0,-20.39748953974896,25.624178712220758,0.0,0.0,0.0,0.0,4.217052608122412,True,False,False
6208,石川製作所,2026-09-07,1689.0,1715.0,1727.0,1630.6,1660.08,44660.0,1690.0,1691.0,1666.0,1683.0,7700.0,-0.3552397868561319,0.0592066311426942,-0.41420118343195034,-1.865889212827987,-2.547770700636942,2.614379084967311,0.6997084548104882,0.1724137931034483,False,False,False
6209,リケンＮＰＲ,2026-09-07,3915.0,4055.0,4150.0,3948.0,3987.2,70100.0,3905.0,3905.0,3880.0,3885.0,17300.0,-0.7662835249042099,-0.25542784163473664,-0.5121638924455829,-4.192355117139335,-6.3855421686746965,6.821106821106815,2.3427866831072786,0.24679029957203993,False,False,False
6217,津田駒工業,2026-09-07,786.0,956.0,956.0,795.6,808.24,72240.0,778.0,787.0,774.0,787.0,4500.0,0.12722646310432406,-1.0178117048346036,1.1568123393316254,-17.677824267782427,-17.677824267782427,21.473951715374852,0.0,0.06229235880398671,True,False,False
6218,エンシュウ,2026-09-07,660.0,660.0,684.0,646.0,642.84,10220.0,663.0,663.0,663.0,660.0,17100.0,0.0,0.454545454545463,-0.4524886877828038,0.0,-3.508771929824561,3.6363636363636376,3.6363636363636376,1.6731898238747553,False,False,False
6222,島精機製作所,2026-09-07,957.0,1009.0,1009.0,942.6,953.28,167460.0,953.0,953.0,945.0,949.0,12900.0,-0.8359456635318674,-0.4179728317659337,-0.41972717733472775,-5.946481665014868,-5.946481665014868,6.322444678609052,0.0,0.07703332139018274,False,False,False
6223,西部技研,2026-09-07,1972.0,2019.0,2187.0,1916.0,1972.96,40960.0,1972.0,1972.0,1952.0,1963.0,2800.0,-0.4563894523326617,0.0,-0.4563894523326617,-2.7736503219415565,-10.242341106538632,11.411105450840541,8.320950965824657,0.068359375,False,False,False
6224,ＪＲＣ,2026-09-07,1237.0,1255.0,1255.0,1214.0,1154.0,33620.0,1222.0,1222.0,1219.0,1221.0,4100.0,-1.2934518997574806,-1.212611156022636,-0.08183306055646877,-2.709163346613541,-2.709163346613541,2.7846027846027743,0.0,0.12195121951219512,False,False,False
6226,守谷輸送機工業,2026-09-07,2216.0,2500.0,2647.0,2153.8,2197.4,127080.0,2205.0,2233.0,2181.0,2217.0,19000.0,0.04512635379061436,-0.49638989169674685,0.5442176870748217,-11.319999999999997,-16.244805440120892,19.395579612088397,5.879999999999996,0.14951211835064526,True,False,False
6227,ＡＩメカテック,2026-09-07,6590.0,7090.0,7600.0,6134.0,6409.6,834420.0,6540.0,6620.0,6430.0,6620.0,85600.0,0.4552352048558417,-0.7587253414264028,1.2232415902140747,-6.629055007052187,-12.894736842105258,14.803625377643503,7.1932299012694045,0.10258622755926272,True,False,False
6228,ジェイ・イー・ティ,2026-09-07,545.0,550.0,577.0,521.4,510.32,84220.0,547.0,547.0,536.0,545.0,43600.0,0.0,0.3669724770642091,-0.3656307129798919,-0.9090909090909038,-5.54592720970537,5.871559633027523,4.909090909090907,0.5176917596770363,False,False,False
6229,オーケーエム,2026-09-07,1520.0,1696.0,1696.0,1509.6,1532.44,12060.0,1506.0,1526.0,1506.0,1520.0,6300.0,0.0,-0.9210526315789447,0.9296148738379806,-10.377358490566035,-10.377358490566035,11.578947368421044,0.0,0.5223880597014925,True,False,False
6230,ＳＡＮＥＩ,2026-09-07,2164.0,2210.0,2305.0,2164.4,2132.08,1440.0,2161.0,2161.0,2161.0,2161.0,100.0,-0.13863216266173373,-0.13863216266173373,0.0,-2.21719457013575,-6.247288503253801,6.6635816751503985,4.2986425339366585,0.06944444444444445,False,False,False
6231,木村工機,2026-09-07,12390.0,13850.0,13850.0,12528.0,12833.6,11120.0,12390.0,12390.0,12210.0,12350.0,2000.0,-0.32284100080710587,0.0,-0.32284100080710587,-10.83032490974729,-10.83032490974729,12.145748987854255,0.0,0.17985611510791366,False,False,False
6232,ＡＣＳＬ,2026-09-07,1464.0,1800.0,1840.0,1483.4,1631.04,600760.0,1451.0,1459.0,1427.0,1437.0,117000.0,-1.8442622950819665,-0.8879781420765065,-0.9648518263266737,-20.166666666666664,-21.902173913043477,28.044537230340993,2.2222222222222143,0.19475331247087024,False,False,False
6233,ＫＬＡＳＳ,2026-09-07,398.0,406.0,406.0,400.2,395.0,11840.0,401.0,401.0,401.0,398.0,5600.0,0.0,0.7537688442211143,-0.7481296758104716,-1.9704433497536922,-1.9704433497536922,2.01005025125629,0.0,0.47297297297297297,False,False,False
6235,オプトラン,2026-09-07,2588.0,3355.0,3355.0,2543.4,2878.16,327680.0,2591.0,2592.0,2555.0,2570.0,15100.0,-0.695517774343124,0.11591962905719289,-0.8104978772674687,-23.397913561847982,-23.397913561847982,30.544747081712064,0.0,0.04608154296875,False,False,False
6237,イワキポンプ,2026-09-07,4070.0,5000.0,6030.0,4017.0,4574.0,77260.0,4020.0,4025.0,3965.0,4070.0,46400.0,0.0,-1.2285012285012331,1.243781094527363,-18.600000000000005,-32.50414593698176,48.157248157248155,20.599999999999994,0.6005695055656226,True,False,False
6238,フリュー,2026-09-07,1437.0,1461.0,1461.0,1430.4,1398.76,104560.0,1415.0,1434.0,1410.0,1433.0,12800.0,-0.27835768963118124,-1.5309672929714635,1.272084805653706,-1.9164955509924697,-1.9164955509924697,1.9539427773900941,0.0,0.12241775057383321,True,False,False
6239,ナガオカ,2026-09-07,1470.0,1525.0,1525.0,1482.0,1413.08,7460.0,1460.0,1460.0,1460.0,1470.0,5000.0,0.0,-0.6802721088435382,0.6849315068493178,-3.60655737704918,-3.60655737704918,3.741496598639449,0.0,0.6702412868632708,True,False,False
6240,ヤマシンフィルタ,2026-09-07,535.0,557.0,568.0,536.4,540.52,236180.0,532.0,532.0,530.0,531.0,38900.0,-0.747663551401867,-0.5607476635513975,-0.1879699248120259,-4.667863554757634,-6.51408450704225,6.967984934086635,1.9748653500897717,0.16470488610381911,False,False,False
6245,ヒラノテクシード,2026-09-07,1936.0,1963.0,1963.0,1868.6,1774.0,67180.0,1940.0,1940.0,1928.0,1936.0,3000.0,0.0,0.20661157024792765,-0.20618556701030855,-1.3754457463066694,-1.3754457463066694,1.394628099173545,0.0,0.04465614766299494,False,False,False
6246,テクノスマート,2026-09-07,1842.0,1886.0,1898.0,1852.6,1841.64,4860.0,1838.0,1838.0,1838.0,1842.0,1400.0,0.0,-0.21715526601520097,0.21762785636560977,-2.332979851537642,-2.950474183350893,3.0401737242128135,0.6362672322375307,0.2880658436213992,True,False,False
6247,日阪製作所,2026-09-07,1724.0,1841.0,1872.0,1747.4,1744.12,62020.0,1700.0,1700.0,1690.0,1724.0,57700.0,0.0,-1.39211136890951,1.4117647058823568,-6.3552417164584485,-7.905982905982912,8.584686774941996,1.6838674633351536,0.9303450499838761,True,False,False
6248,横田製作所,2026-09-07,1750.0,1800.0,1840.0,1729.0,1753.28,420.0,1724.0,1750.0,1724.0,1750.0,500.0,0.0,-1.4857142857142902,1.5081206496519783,-2.777777777777779,-4.891304347826086,5.142857142857138,2.2222222222222143,1.1904761904761905,True,False,False
6249,ゲームカードホールディングス,2026-09-07,2849.0,2865.0,2865.0,2831.8,2749.2,6060.0,2843.0,2843.0,2843.0,2849.0,5500.0,0.0,-0.21060021060020917,0.2110446711220515,-0.5584642233856907,-0.5584642233856907,0.5616005616005726,0.0,0.9075907590759076,True,False,False
6250,やまびこ,2026-09-07,4515.0,4610.0,4610.0,4468.0,4247.8,119760.0,4460.0,4460.0,4405.0,4515.0,154000.0,0.0,-1.218161683277963,1.2331838565022402,-2.060737527114964,-2.060737527114964,2.1040974529346723,0.0,1.2859051436205744,True,False,False
6254,野村マイクロ・サイエンス,2026-09-07,3530.0,4065.0,4630.0,3433.0,3766.8,464700.0,3505.0,3510.0,3425.0,3450.0,37500.0,-2.2662889518413554,-0.7082152974504208,-1.5691868758915817,-15.12915129151291,-25.485961123110144,34.20289855072465,13.899138991389904,0.08069722401549387,False,False,False
6255,エヌ・ピー・シー,2026-09-07,660.0,743.0,743.0,656.2,690.4,174980.0,656.0,656.0,646.0,656.0,11100.0,-0.60606060606061,-0.60606060606061,0.0,-11.709286675639296,-11.709286675639296,13.262195121951216,0.0,0.06343582123671276,False,False,False
6257,藤商事,2026-09-07,1023.0,1030.0,1050.0,1022.4,1017.12,18160.0,1024.0,1024.0,1019.0,1023.0,20400.0,0.0,0.09775171065493637,-0.09765625,-0.6796116504854344,-2.571428571428569,2.639296187683282,1.9417475728155331,1.1233480176211454,False,False,False
6258,平田機工,2026-09-07,3645.0,4020.0,4020.0,3478.0,3457.68,299800.0,3690.0,3775.0,3685.0,3755.0,84200.0,3.0178326474622708,1.2345679012345734,1.7615176151761558,-6.592039800995019,-6.592039800995019,7.057256990679095,0.0,0.2808539026017345,True,False,False
6262,ＰＥＧＡＳＵＳ,2026-09-07,524.0,552.0,563.0,526.8,532.44,40260.0,522.0,523.0,519.0,521.0,14300.0,-0.5725190839694694,-0.3816793893129722,-0.19157088122605526,-5.6159420289855095,-7.46003552397868,8.061420345489445,1.9927536231884035,0.3551912568306011,False,False,False
6264,マルマエ,2026-09-07,2029.0,2315.0,2315.0,1932.8,2062.6,535280.0,1983.0,2008.0,1978.0,2006.0,35100.0,-1.1335633316904903,-2.2671266633809806,1.1598587997982746,-13.347732181425487,-13.347732181425487,15.403788634097705,0.0,0.0655731579733971,True,False,False
6265,コンバム,2026-09-07,3030.0,4155.0,4155.0,3051.0,3207.2,1420.0,3030.0,3030.0,3030.0,3030.0,1200.0,0.0,0.0,0.0,-27.07581227436823,-27.07581227436823,37.12871287128714,0.0,0.8450704225352113,False,False,False
6266,タツモ,2026-09-07,3675.0,4200.0,4600.0,3448.0,3691.6,245280.0,3635.0,3665.0,3605.0,3650.0,23000.0,-0.6802721088435382,-1.0884353741496544,0.4126547455295837,-13.095238095238093,-20.65217391304348,26.027397260273965,9.523809523809534,0.09377038486627527,True,False,False
6267,ゼネラルパッカー,2026-09-07,4040.0,4065.0,4165.0,4024.0,4005.4,420.0,4040.0,4040.0,4040.0,4040.0,700.0,0.0,0.0,0.0,-0.6150061500615034,-3.001200480192079,3.0940594059405857,2.4600246002460135,1.6666666666666667,False,False,False
6268,ナブテスコ,2026-09-07,4617.0,5082.0,5082.0,4475.8,4694.68,926340.0,4615.0,4636.0,4593.0,4634.0,57300.0,0.36820446177170396,-0.04331817197313903,0.4117009750812528,-8.81542699724518,-8.81542699724518,9.667673716012093,0.0,0.0618563378457154,True,False,False
6269,三井海洋開発,2026-09-07,9720.0,11185.0,11185.0,9499.4,9926.88,739600.0,9722.0,9796.0,9710.0,9759.0,77300.0,0.401234567901243,0.02057613168724437,0.3805801275457821,-12.749217702279836,-12.749217702279836,14.61215288451685,0.0,0.10451595457003786,True,False,False
6272,レオン自動機,2026-09-07,1552.0,1582.0,1582.0,1555.4,1536.8,62980.0,1545.0,1545.0,1540.0,1543.0,5400.0,-0.5798969072164928,-0.45103092783504994,-0.12944983818770073,-2.465233881163087,-2.465233881163087,2.5275437459494565,0.0,0.08574150523975865,False,False,False
6273,ＳＭＣ,2026-09-07,68590.0,79990.0,82580.0,67820.0,72496.8,232360.0,67680.0,68120.0,67350.0,68110.0,9100.0,-0.699810467998252,-1.3267240122466828,0.6353427895981145,-14.851856482060255,-17.522402518769674,21.24504478050213,3.2379047380922676,0.039163367188844896,True,False,False
6276,シリウスビジョン,2026-09-07,376.0,452.0,452.0,367.2,357.44,90560.0,377.0,377.0,372.0,372.0,8200.0,-1.0638297872340385,0.26595744680850686,-1.326259946949604,-17.699115044247794,-17.699115044247794,21.505376344086024,0.0,0.09054770318021202,False,False,False
6277,ホソカワミクロン,2026-09-07,5560.0,5620.0,5620.0,5456.0,5294.8,35080.0,5470.0,5490.0,5470.0,5560.0,26300.0,0.0,-1.618705035971224,1.645338208409508,-1.0676156583629859,-1.0676156583629859,1.0791366906474753,0.0,0.749714937286203,True,False,False
6278,ユニオンツール,2026-09-07,14000.0,17630.0,19490.0,13558.0,15360.8,184660.0,13700.0,13810.0,13600.0,13780.0,8700.0,-1.571428571428568,-2.1428571428571463,0.5839416058394109,-21.837776517300057,-29.297075423293993,41.436865021770686,10.550198525241061,0.04711361420989928,True,False,False
6279,瑞光,2026-09-07,917.0,952.0,952.0,922.0,926.84,18780.0,917.0,917.0,917.0,917.0,17100.0,0.0,0.0,0.0,-3.676470588235292,-3.676470588235292,3.8167938931297662,0.0,0.9105431309904153,False,False,False
6282,オイレス工業,2026-09-07,2906.0,2998.0,2998.0,2914.2,2919.24,127500.0,2890.0,2890.0,2876.0,2881.0,39000.0,-0.860289057123198,-0.550584996558845,-0.31141868512111204,-3.9026017344896635,-3.9026017344896635,4.061089899340509,0.0,0.3058823529411765,False,False,False
6284,日精エー・エス・ビー機械,2026-09-07,8770.0,9590.0,10160.0,8642.0,9051.2,35060.0,8620.0,8620.0,8570.0,8600.0,2600.0,-1.9384264538198415,-1.710376282782211,-0.23201856148491462,-10.323253388946817,-15.354330708661411,18.13953488372093,5.943691345151203,0.07415858528237307,False,False,False
6286,靜甲,2026-09-07,1524.0,1553.0,1553.0,1521.0,1474.2,3240.0,1527.0,1527.0,1518.0,1524.0,2700.0,0.0,0.19685039370078705,-0.19646365422396617,-1.8673535093367666,-1.8673535093367666,1.9028871391076008,0.0,0.8333333333333334,False,False,False
6287,サトー,2026-09-07,2774.0,2950.0,2950.0,2809.6,2739.28,104020.0,2750.0,2750.0,2735.0,2740.0,6000.0,-1.2256669069935167,-0.8651766402307137,-0.363636363636366,-7.118644067796609,-7.118644067796609,7.664233576642343,0.0,0.05768121515093251,False,False,False
6289,技研製作所,2026-09-07,1851.0,2007.0,2007.0,1866.4,1923.64,79520.0,1841.0,1847.0,1840.0,1843.0,5600.0,-0.432198811453266,-0.540248514316588,0.10863661053774898,-8.171400099651215,-8.171400099651215,8.898534997287033,0.0,0.07042253521126761,True,False,False
6291,日本エアーテック,2026-09-07,1347.0,1420.0,1420.0,1352.4,1355.84,21360.0,1336.0,1341.0,1324.0,1332.0,3300.0,-1.1135857461024523,-0.8166295471418006,-0.29940119760478723,-6.197183098591552,-6.197183098591552,6.606606606606613,0.0,0.1544943820224719,False,False,False
6292,カワタ,2026-09-07,858.0,866.0,866.0,853.8,847.88,5980.0,858.0,858.0,858.0,858.0,9600.0,0.0,0.0,0.0,-0.9237875288683584,-0.9237875288683584,0.932400932400923,0.0,1.605351170568562,False,False,False
6294,オカダアイヨン,2026-09-07,1966.0,1998.0,2030.0,1970.8,1965.68,19600.0,1969.0,1969.0,1957.0,1966.0,14400.0,0.0,0.15259409969481386,-0.1523616048755727,-1.6016016016015988,-3.1527093596059097,3.2553407934893253,1.60160160160161,0.7346938775510204,False,False,False
6298,ワイエイシイホールディングス,2026-09-07,1360.0,1394.0,1394.0,1294.6,1287.16,166960.0,1353.0,1357.0,1346.0,1355.0,11200.0,-0.3676470588235281,-0.5147058823529393,0.14781966001478075,-2.7977044476327095,-2.7977044476327095,2.8782287822878283,0.0,0.06708193579300431,True,False,False
6301,小松製作所,2026-09-07,7576.0,7636.0,7636.0,7497.8,7306.4,2396540.0,7596.0,7651.0,7582.0,7624.0,318700.0,0.6335797254487963,0.2639915522703262,0.36861506055818616,-0.15715034049240684,-0.15715034049240684,0.15739769150051597,0.0,0.1329833843791466,True,False,False
6302,住友重機械工業,2026-09-07,5970.0,6131.0,6131.0,5771.4,5799.44,866040.0,5915.0,5939.0,5860.0,5900.0,48000.0,-1.1725293132328285,-0.9212730318257978,-0.2535925612848655,-3.7677377263089173,-3.7677377263089173,3.915254237288135,0.0,0.05542469170015242,False,False,False
6305,日立建機,2026-09-07,6026.0,6153.0,6153.0,5956.2,5687.96,1501440.0,5980.0,6004.0,5940.0,5994.0,69000.0,-0.5310321938267526,-0.7633587786259555,0.234113712374584,-2.5841053144807447,-2.5841053144807447,2.652652652652643,0.0,0.04595588235294118,True,False,False
6306,日工,2026-09-07,998.0,1053.0,1053.0,1005.4,1009.08,106000.0,998.0,998.0,991.0,991.0,10300.0,-0.7014028056112176,0.0,-0.7014028056112176,-5.887939221272553,-5.887939221272553,6.25630676084763,0.0,0.09716981132075472,False,False,False
6307,サンセイ,2026-09-07,495.0,500.0,503.0,493.0,481.6,10820.0,495.0,495.0,495.0,495.0,6200.0,0.0,0.0,0.0,-1.0000000000000009,-1.5904572564612307,1.6161616161616266,0.6000000000000005,0.5730129390018485,False,False,False
6309,巴工業,2026-09-07,2058.0,2079.0,2079.0,2056.0,1994.48,95040.0,2056.0,2056.0,2034.0,2034.0,8800.0,-1.1661807580174877,-0.09718172983479434,-1.0700389105058328,-2.164502164502169,-2.164502164502169,2.212389380530966,0.0,0.09259259259259259,False,False,False
6310,井関農機,2026-09-07,2046.0,2132.0,2132.0,2002.8,1864.96,218660.0,2033.0,2033.0,2003.0,2016.0,16500.0,-1.4662756598240456,-0.6353861192570864,-0.8362026561731462,-5.44090056285178,-5.44090056285178,5.753968253968256,0.0,0.07545961767127046,False,False,False
6315,ＴＯＷＡ,2026-09-07,2309.0,2656.0,3030.0,2239.2,2442.24,3062380.0,2300.0,2300.0,2264.0,2291.0,232700.0,-0.7795582503248188,-0.38977912516240387,-0.3913043478260825,-13.74246987951807,-24.389438943894394,32.25665648188565,14.081325301204828,0.07598665090550487,False,False,False
6316,丸山製作所,2026-09-07,3000.0,3095.0,3095.0,3016.8,2904.0,5260.0,3000.0,3000.0,3000.0,3000.0,4100.0,0.0,0.0,0.0,-3.0694668820678506,-3.0694668820678506,3.166666666666673,0.0,0.779467680608365,False,False,False
6317,北川鉄工所,2026-09-07,1803.0,1920.0,1920.0,1805.8,1809.56,23360.0,1790.0,1790.0,1770.0,1779.0,2600.0,-1.331114808652245,-0.7210205213532994,-0.614525139664801,-7.343750000000004,-7.343750000000004,7.925801011804379,0.0,0.1113013698630137,False,False,False
6322,タクミナ,2026-09-07,1593.0,1606.0,1618.0,1584.4,1585.24,1420.0,1582.0,1606.0,1582.0,1593.0,2700.0,0.0,-0.6905210295040765,0.6953223767383054,-0.8094645080946483,-1.5451174289246028,1.5693659761456313,0.7471980074719831,1.9014084507042253,True,False,False
6323,ローツェ,2026-09-07,3844.0,4503.0,4528.0,3816.6,4052.56,1127980.0,3800.0,3814.0,3774.0,3810.0,67500.0,-0.8844953173777315,-1.144640998959412,0.2631578947368318,-15.38974017321786,-15.85689045936396,18.84514435695539,0.5551854319342686,0.05984148655117998,True,False,False
6324,ハーモニック・ドライブ・システムズ,2026-09-07,5970.0,7160.0,7480.0,5616.0,6127.2,1020440.0,5960.0,5980.0,5890.0,5930.0,80700.0,-0.670016750418756,-0.16750418760469454,-0.5033557046979831,-17.17877094972067,-20.721925133689844,26.138279932546382,4.469273743016755,0.07908353259378308,False,False,False
6325,タカキタ,2026-09-07,415.0,421.0,421.0,415.8,411.68,4940.0,416.0,416.0,416.0,415.0,2200.0,0.0,0.24096385542169418,-0.24038461538461453,-1.4251781472684133,-1.4251781472684133,1.4457831325301207,0.0,0.44534412955465585,False,False,False
6326,クボタ,2026-09-07,2917.0,3087.0,3087.0,2981.3,2776.5,6173880.0,2893.5,2926.5,2881.0,2901.0,469200.0,-0.5485087418580781,-0.8056222146040404,0.25920165889061764,-6.025267249757049,-6.025267249757049,6.411582213029998,0.0,0.07599758984625551,True,False,False
6327,北川精機,2026-09-07,3240.0,4110.0,4110.0,3111.0,3302.36,199260.0,3170.0,3220.0,3145.0,3220.0,13600.0,-0.6172839506172867,-2.1604938271604923,1.577287066246047,-21.654501216545007,-21.654501216545007,27.639751552795033,0.0,0.06825253437719563,True,False,False
6328,荏原実業,2026-09-07,2415.0,2490.0,2602.0,2399.8,2386.16,78520.0,2414.0,2414.0,2387.0,2394.0,4000.0,-0.8695652173912993,-0.041407867494824835,-0.8285004142502106,-3.855421686746985,-7.993850883935439,8.688387635756056,4.497991967871484,0.05094243504839532,False,False,False
6330,東洋エンジニアリング,2026-09-07,2657.0,2837.0,2837.0,2570.0,2410.44,7464620.0,2655.0,2700.0,2602.0,2686.0,644000.0,1.0914565299209533,-0.07527286413248069,1.167608286252353,-5.322523792738809,-5.322523792738809,5.621742367833216,0.0,0.08627364822321833,True,False,False
6331,三菱化工機,2026-09-07,3365.0,3405.0,3405.0,3249.0,3238.0,162640.0,3315.0,3315.0,3305.0,3315.0,4600.0,-1.4858841010401136,-1.4858841010401136,0.0,-2.643171806167399,-2.643171806167399,2.714932126696823,0.0,0.028283325135268076,False,False,False
6332,月島ホールディングス,2026-09-07,2838.0,2868.0,2868.0,2807.2,2767.36,95740.0,2828.0,2828.0,2790.0,2803.0,8000.0,-1.233262861169837,-0.35236081747709314,-0.8840169731258896,-2.2663877266387744,-2.2663877266387744,2.318943988583655,0.0,0.08355964069354502,False,False,False
6333,ＴＥＩＫＯＫＵ,2026-09-07,3410.0,3475.0,3540.0,3377.0,3357.0,33400.0,3400.0,3400.0,3370.0,3385.0,1500.0,-0.7331378299120228,-0.2932551319648091,-0.4411764705882337,-2.5899280575539585,-4.378531073446323,4.579025110782875,1.8705035971223083,0.04491017964071856,False,False,False
6334,明治機械,2026-09-07,498.0,520.0,520.0,496.8,497.52,6100.0,500.0,500.0,500.0,498.0,1800.0,0.0,0.40160642570281624,-0.40000000000000036,-4.230769230769226,-4.230769230769226,4.417670682730934,0.0,0.29508196721311475,False,False,False
6335,東京機械製作所,2026-09-07,599.0,735.0,739.0,590.8,624.12,42020.0,599.0,604.0,598.0,604.0,1500.0,0.8347245409014992,0.0,0.8347245409014992,-17.823129251700674,-18.267929634641412,22.35099337748345,0.5442176870748217,0.03569728700618753,True,False,False
6336,石井表記,2026-09-07,1946.0,2022.0,2022.0,1863.6,1707.4,38580.0,1922.0,1935.0,1904.0,1946.0,77400.0,0.0,-1.2332990750256956,1.248699271592102,-3.758654797230465,-3.758654797230465,3.9054470709146916,0.0,2.0062208398133747,True,False,False
6337,テセック,2026-09-07,3695.0,3760.0,3760.0,3496.0,3313.2,57660.0,3630.0,3635.0,3625.0,3695.0,84500.0,0.0,-1.7591339648173165,1.7906336088154173,-1.7287234042553168,-1.7287234042553168,1.7591339648173276,0.0,1.4654873395768298,True,False,False
6338,タカトリ,2026-09-07,1685.0,1797.0,1797.0,1650.4,1646.44,10960.0,1675.0,1675.0,1662.0,1662.0,400.0,-1.364985163204746,-0.5934718100890191,-0.776119402985076,-7.512520868113526,-7.512520868113526,8.122743682310475,0.0,0.0364963503649635,False,False,False
6339,新東工業,2026-09-07,1202.0,1286.0,1286.0,1203.8,1211.72,121200.0,1192.0,1192.0,1175.0,1177.0,30100.0,-2.079866888519133,-0.8319467554076532,-1.2583892617449632,-8.47589424572317,-8.47589424572317,9.260832625318605,0.0,0.24834983498349836,False,False,False
6340,澁谷工業,2026-09-07,5350.0,5650.0,5650.0,5290.0,5034.0,61940.0,5300.0,5300.0,5270.0,5350.0,42500.0,0.0,-0.9345794392523366,0.9433962264151052,-5.309734513274334,-5.309734513274334,5.607476635514019,0.0,0.6861478850500484,True,False,False
6342,太平製作所,2026-09-07,2935.0,3125.0,3125.0,2979.2,2966.64,580.0,2951.0,2963.0,2935.0,2935.0,700.0,0.0,0.545144804088582,-0.5421890884446001,-6.0799999999999965,-6.0799999999999965,6.473594548551964,0.0,1.206896551724138,False,False,False
6343,フリージア・マクロス,2026-09-07,149.0,154.0,154.0,150.6,149.52,53180.0,147.0,148.0,147.0,148.0,5100.0,-0.6711409395973145,-1.342281879194629,0.6802721088435382,-3.8961038961038974,-3.8961038961038974,4.054054054054057,0.0,0.09590071455434374,True,False,False
6345,アイチ　コーポレーション,2026-09-07,1471.0,1488.0,1488.0,1467.4,1433.36,195820.0,1460.0,1468.0,1454.0,1468.0,19100.0,-0.20394289598911763,-0.7477906186267869,0.5479452054794498,-1.3440860215053752,-1.3440860215053752,1.3623978201634968,0.0,0.09753855581656623,True,False,False
6346,キクカワエンタープライズ,2026-09-07,5670.0,5940.0,5940.0,5686.0,5781.2,260.0,5570.0,5670.0,5570.0,5670.0,1000.0,0.0,-1.763668430335097,1.795332136445249,-4.545454545454541,-4.545454545454541,4.761904761904767,0.0,3.8461538461538463,True,False,False
6347,プラコー,2026-09-07,248.0,282.0,282.0,251.2,257.36,15480.0,251.0,251.0,251.0,248.0,8300.0,0.0,1.2096774193548487,-1.195219123505975,-12.056737588652478,-12.056737588652478,13.709677419354849,0.0,0.5361757105943152,False,False,False
6349,小森コーポレーション,2026-09-07,2011.0,2071.0,2071.0,2015.0,1968.28,155600.0,1998.0,1998.0,1990.0,1994.0,11700.0,-0.8453505718547971,-0.6464445549477893,-0.2002002002001957,-3.718010622887491,-3.718010622887491,3.8615847542627924,0.0,0.07519280205655526,False,False,False
6351,鶴見製作所,2026-09-07,2633.0,2678.0,2678.0,2580.0,2424.72,59100.0,2608.0,2608.0,2580.0,2598.0,3100.0,-1.3292821876186856,-0.9494872768704865,-0.3834355828220892,-2.987303958177745,-2.987303958177745,3.0792917628945427,0.0,0.05245346869712352,False,False,False
6356,日本ギア工業,2026-09-07,1348.0,1429.0,1429.0,1323.4,1339.84,78920.0,1345.0,1345.0,1316.0,1324.0,12600.0,-1.7804154302670572,-0.2225519287833877,-1.5613382899628214,-7.347795661301615,-7.347795661301615,7.9305135951661665,0.0,0.15965534718702484,False,False,False
6357,三精テクノロジーズ,2026-09-07,2708.0,2835.0,2835.0,2691.0,2605.64,34580.0,2718.0,2731.0,2701.0,2721.0,5600.0,0.48005908419497256,0.36927621861151394,0.1103752759381793,-4.021164021164026,-4.021164021164026,4.189636163175314,0.0,0.16194331983805668,True,False,False
6358,酒井重工業,2026-09-07,2160.0,2209.0,2219.0,2163.2,2161.96,22520.0,2151.0,2151.0,2142.0,2160.0,15300.0,0.0,-0.4166666666666652,0.4184100418409997,-2.218198279764594,-2.658855340243349,2.731481481481479,0.45269352648256156,0.6793960923623446,True,False,False
6360,東京自働機械製作所,2026-09-07,4725.0,4870.0,4930.0,4688.0,4688.4,1200.0,4650.0,4750.0,4650.0,4725.0,2400.0,0.0,-1.5873015873015928,1.6129032258064502,-2.977412731006157,-4.158215010141985,4.338624338624331,1.2320328542094527,2.0,True,False,False
6361,荏原製作所,2026-09-07,4598.0,6014.0,6048.0,4470.8,5164.92,3184360.0,4623.0,4625.0,4563.0,4588.0,210400.0,-0.21748586341887588,0.5437146585471897,-0.7570841444949128,-23.71134020618557,-24.14021164021164,31.822144725370528,0.5653475224476123,0.06607293145247396,False,False,False
6363,酉島製作所,2026-09-07,3045.0,3320.0,3495.0,2943.0,3083.16,204620.0,3025.0,3025.0,2984.0,2999.0,10600.0,-1.5106732348111662,-0.6568144499178974,-0.8595041322314034,-9.668674698795176,-14.191702432045783,16.538846282094035,5.2710843373493965,0.051803342781741764,False,False,False
6364,ＡＩＲＭＡＮ,2026-09-07,2485.0,2641.0,2788.0,2509.0,2567.92,54080.0,2485.0,2485.0,2458.0,2463.0,2800.0,-0.8853118712273678,0.0,-0.8853118712273678,-6.739871260886032,-11.6571018651363,13.195290296386531,5.566073457023846,0.051775147928994084,False,False,False
6365,電業社機械製作所,2026-09-07,5690.0,5770.0,5770.0,5668.0,5561.2,340.0,5650.0,5650.0,5650.0,5690.0,1100.0,0.0,-0.7029876977152849,0.707964601769917,-1.3864818024263426,-1.3864818024263426,1.4059753954305698,0.0,3.235294117647059,True,False,False
6366,千代田化工建設,2026-09-07,722.0,749.0,749.0,713.2,705.92,1894080.0,725.0,725.0,717.0,723.0,102700.0,0.13850415512466352,0.41551246537396835,-0.27586206896551557,-3.471295060080104,-3.471295060080104,3.596127247579539,0.0,0.05422157459030241,False,False,False
6367,ダイキン工業,2026-09-07,20660.0,22390.0,24135.0,20738.0,21365.2,1138960.0,20605.0,20670.0,20585.0,20650.0,40300.0,-0.04840271055178702,-0.26621490803484527,0.21839359378792444,-7.7713264850379655,-14.439610524135071,16.87651331719129,7.7936578829834735,0.03538315656388284,True,False,False
6368,オルガノ,2026-09-07,13030.0,15170.0,15675.0,12766.0,13768.4,186480.0,12910.0,12930.0,12765.0,12930.0,11700.0,-0.7674597083653145,-0.9209516500383708,0.15491866769945517,-14.765985497692814,-17.511961722488035,21.229698375870075,3.3289386947923605,0.06274131274131274,True,False,False
6369,トーヨーカネツ,2026-09-07,2451.0,2533.0,2540.0,2445.4,2469.96,85240.0,2431.0,2439.0,2431.0,2438.0,3900.0,-0.5303957568339457,-0.8159934720522233,0.2879473467708671,-3.750493485984996,-4.015748031496058,4.1837571780147575,0.2763521515988909,0.045753167526982635,True,False,False
6370,栗田工業,2026-09-07,7903.0,8808.0,9212.0,7829.4,8289.92,592880.0,7826.0,7847.0,7740.0,7799.0,54700.0,-1.315955966088822,-0.9743135518157642,-0.3450038333759231,-11.455495004541326,-15.338688666956147,18.117707398384407,4.586739327883738,0.09226150317096209,False,False,False
6371,椿本チエイン,2026-09-07,2729.0,2766.0,2766.0,2711.2,2686.24,138740.0,2691.0,2695.0,2682.0,2692.0,4300.0,-1.3558079882740937,-1.3924514474166316,0.03716090672611916,-2.6753434562545197,-2.6753434562545197,2.74888558692421,0.0,0.030993224736917978,True,False,False
6376,日機装,2026-09-07,3615.0,4530.0,4530.0,3615.0,3742.8,474520.0,3575.0,3580.0,3555.0,3580.0,15800.0,-0.9681881051175623,-1.1065006915629283,0.13986013986013734,-20.971302428256067,-20.971302428256067,26.536312849162,0.0,0.03329680519261569,True,False,False
6378,木村化工機,2026-09-07,1213.0,1323.0,1323.0,1203.6,1239.28,107800.0,1202.0,1202.0,1187.0,1199.0,10200.0,-1.154163231657046,-0.906842539159114,-0.24958402662229595,-9.37263794406652,-9.37263794406652,10.341951626355295,0.0,0.09461966604823747,False,False,False
6379,レイズネクスト,2026-09-07,2962.0,3215.0,3215.0,2990.0,2970.2,163740.0,2962.0,2962.0,2935.0,2962.0,208800.0,0.0,0.0,0.0,-7.86936236391913,-7.86936236391913,8.541525995948685,0.0,1.2751923781604984,False,False,False
6380,オリエンタルチエン工業,2026-09-07,4235.0,4290.0,4290.0,4049.0,3844.8,16800.0,4185.0,4235.0,4165.0,4200.0,2900.0,-0.8264462809917328,-1.1806375442739103,0.35842293906809264,-2.0979020979020935,-2.0979020979020935,2.1428571428571352,0.0,0.17261904761904762,True,False,False
6381,アネスト岩田,2026-09-07,1992.0,2020.0,2020.0,1975.2,1938.92,89540.0,1992.0,1992.0,1977.0,1986.0,13100.0,-0.3012048192771122,0.0,-0.3012048192771122,-1.6831683168316847,-1.6831683168316847,1.7119838872104776,0.0,0.14630332812150995,False,False,False
6382,トリニティ工業,2026-09-07,1238.0,1267.0,1267.0,1245.2,1237.4,11360.0,1239.0,1239.0,1233.0,1238.0,14300.0,0.0,0.08077544426494665,-0.08071025020177647,-2.2888713496448276,-2.2888713496448276,2.342487883683364,0.0,1.2588028169014085,False,False,False
6383,ダイフク,2026-09-07,5812.0,6406.0,6406.0,5681.6,5958.96,1808840.0,5730.0,5730.0,5681.0,5719.0,73200.0,-1.6001376462491446,-1.410874053682032,-0.19197207678882666,-10.724320949110211,-10.724320949110211,12.012589613568814,0.0,0.0404679241945114,False,False,False
6384,昭和真空,2026-09-07,1730.0,1734.0,1734.0,1719.6,1675.44,9660.0,1710.0,1710.0,1710.0,1730.0,4700.0,0.0,-1.1560693641618491,1.1695906432748648,-0.23068050749711633,-0.23068050749711633,0.23121387283238093,0.0,0.4865424430641822,True,False,False
6387,サムコ,2026-09-07,9140.0,10950.0,10950.0,8484.0,9065.6,78000.0,9000.0,9000.0,8910.0,8960.0,8900.0,-1.969365426695846,-1.5317286652078765,-0.4444444444444473,-18.173515981735157,-18.173515981735157,22.20982142857142,0.0,0.1141025641025641,False,False,False
6390,加藤製作所,2026-09-07,1331.0,1384.0,1384.0,1340.8,1345.64,69920.0,1331.0,1331.0,1320.0,1322.0,12100.0,-0.6761833208114187,0.0,-0.6761833208114187,-4.4797687861271696,-4.4797687861271696,4.689863842662634,0.0,0.17305491990846683,False,False,False
6391,加地テック,2026-09-07,4760.0,4940.0,4940.0,4796.0,4682.8,1220.0,4735.0,4780.0,4735.0,4760.0,800.0,0.0,-0.5252100840336116,0.5279831045406524,-3.6437246963562764,-3.6437246963562764,3.7815126050420256,0.0,0.6557377049180327,True,False,False
6392,ヤマダコーポレーション,2026-09-07,7780.0,8100.0,8100.0,7858.0,7692.0,3020.0,7920.0,7920.0,7780.0,7780.0,200.0,0.0,1.799485861182526,-1.7676767676767624,-3.9506172839506193,-3.9506172839506193,4.113110539845755,0.0,0.06622516556291391,False,False,False
6393,油研工業,2026-09-07,3050.0,3080.0,3095.0,3042.0,3048.6,3180.0,3050.0,3050.0,3050.0,3050.0,4300.0,0.0,0.0,0.0,-0.9740259740259716,-1.4539579967689842,1.4754098360655776,0.48701298701299134,1.3522012578616351,False,False,False
6395,タダノ,2026-09-07,1428.0,1457.0,1522.0,1420.2,1393.6,379500.0,1419.0,1426.0,1404.0,1411.0,10200.0,-1.1904761904761862,-0.6302521008403339,-0.5637773079633535,-3.157172271791353,-7.29303547963206,7.866761162296254,4.461221688400818,0.026877470355731226,False,False,False
6396,宇野澤組鐵工所,2026-09-07,4495.0,4850.0,4850.0,4699.0,4609.8,1120.0,4495.0,4495.0,4495.0,4495.0,2500.0,0.0,0.0,0.0,-7.319587628865976,-7.319587628865976,7.8976640711902135,0.0,2.232142857142857,False,False,False
6400,不二精機,2026-09-07,289.0,297.0,297.0,289.4,285.6,11820.0,289.0,289.0,289.0,289.0,7800.0,0.0,0.0,0.0,-2.6936026936026924,-2.6936026936026924,2.768166089965396,0.0,0.6598984771573604,False,False,False
6402,兼松エンジニアリング,2026-09-07,1619.0,1648.0,1648.0,1604.0,1590.76,3540.0,1619.0,1619.0,1619.0,1619.0,2800.0,0.0,0.0,0.0,-1.7597087378640741,-1.7597087378640741,1.7912291537986347,0.0,0.7909604519774012,False,False,False
6405,鈴茂器工,2026-09-07,1241.0,1255.0,1255.0,1228.4,1161.04,31940.0,1252.0,1254.0,1250.0,1251.0,3100.0,0.8058017727639033,0.8863819500402936,-0.07987220447284171,-0.3187250996015911,-0.3187250996015911,0.3197442046362964,0.0,0.09705698184095178,False,False,False
6407,ＣＫＤ,2026-09-07,5520.0,6530.0,6900.0,5280.0,5801.2,505120.0,5420.0,5440.0,5350.0,5410.0,32200.0,-1.9927536231884035,-1.8115942028985477,-0.18450184501844769,-17.15160796324655,-21.59420289855073,27.541589648798514,5.666156202143946,0.06374722838137473,False,False,False
6408,小倉クラッチ,2026-09-07,4240.0,4690.0,4720.0,4273.0,4340.4,300.0,4240.0,4240.0,4240.0,4240.0,200.0,0.0,0.0,0.0,-9.594882729211085,-10.169491525423723,11.32075471698113,0.6396588486140775,0.6666666666666666,False,False,False
6412,平和,2026-09-07,2155.0,2257.0,2257.0,2207.6,2181.64,222580.0,2156.0,2159.0,2146.0,2146.0,25500.0,-0.4176334106728574,0.046403712296982924,-0.4638218923933235,-4.918032786885251,-4.918032786885251,5.1724137931034475,0.0,0.11456554946536077,False,False,False
6413,理想科学工業,2026-09-07,1076.0,1185.0,1185.0,1103.8,1112.52,124420.0,1072.0,1074.0,1066.0,1066.0,9700.0,-0.9293680297397744,-0.371747211895912,-0.5597014925373123,-10.042194092827007,-10.042194092827007,11.163227016885546,0.0,0.077961742485131,False,False,False
6417,ＳＡＮＫＹＯ,2026-09-07,1996.5,2039.5,2039.5,2017.6,1944.28,895860.0,1981.5,1989.0,1975.0,1982.0,60600.0,-0.7262709742048568,-0.7513148009015813,0.025233409033553755,-2.819318460406961,-2.819318460406961,2.9011099899091786,0.0,0.06764449802424485,True,False,False
6418,日本金銭機械,2026-09-07,1226.0,1326.0,1326.0,1232.8,1227.36,108180.0,1226.0,1226.0,1210.0,1219.0,3800.0,-0.5709624796084833,0.0,-0.5709624796084833,-8.069381598793369,-8.069381598793369,8.777686628383918,0.0,0.03512664078387872,False,False,False
6419,マースグループホールディングス,2026-09-07,3190.0,3255.0,3255.0,3198.0,3164.4,61240.0,3190.0,3190.0,3165.0,3190.0,46400.0,0.0,0.0,0.0,-1.9969278033794113,-1.9969278033794113,2.0376175548589393,0.0,0.7576747224036577,False,False,False
6420,ガリレイ,2026-09-07,3525.0,3595.0,3615.0,3529.0,3510.6,38900.0,3525.0,3525.0,3500.0,3505.0,2800.0,-0.5673758865248235,0.0,-0.5673758865248235,-2.5034770514603566,-3.042876901798064,3.1383737517831634,0.5563282336578546,0.07197943444730077,False,False,False
6424,高見沢サイバネティックス,2026-09-07,904.0,916.0,916.0,901.8,898.0,1680.0,904.0,904.0,904.0,904.0,3500.0,0.0,0.0,0.0,-1.3100436681222738,-1.3100436681222738,1.327433628318575,0.0,2.0833333333333335,False,False,False
6425,ユニバーサルエンターテインメント,2026-09-07,731.0,789.0,789.0,731.4,725.12,201280.0,733.0,734.0,725.0,732.0,15100.0,0.1367989056087593,0.2735978112175186,-0.13642564802183177,-7.224334600760452,-7.224334600760452,7.786885245901631,0.0,0.07501987281399046,False,False,False
6428,オーイズミ,2026-09-07,325.0,332.0,332.0,327.0,324.64,10700.0,325.0,325.0,325.0,325.0,2300.0,0.0,0.0,0.0,-2.108433734939763,-2.108433734939763,2.1538461538461506,0.0,0.21495327102803738,False,False,False
6430,ダイコク電機,2026-09-07,2469.0,2578.0,2578.0,2509.2,2467.72,40500.0,2461.0,2461.0,2444.0,2449.0,9300.0,-0.8100445524503841,-0.3240178209801492,-0.4876066639577403,-5.003878975950348,-5.003878975950348,5.267456104532453,0.0,0.22962962962962963,False,False,False
6432,竹内製作所,2026-09-07,7620.0,7810.0,7950.0,7548.0,7573.2,205360.0,7660.0,7740.0,7590.0,7690.0,31900.0,0.9186351706036655,0.5249343832020914,0.3916449086161844,-1.5364916773367487,-3.2704402515723263,3.3810143042912966,1.7925736235595346,0.155336969224776,True,False,False
6433,ヒーハイスト,2026-09-07,1110.0,1230.0,1230.0,1095.2,1036.56,68720.0,1109.0,1119.0,1100.0,1118.0,3000.0,0.7207207207207134,-0.09009009009008917,0.8115419296663706,-9.105691056910569,-9.105691056910569,10.017889087656528,0.0,0.043655413271245634,True,False,False
6436,アマノ,2026-09-07,3947.0,4040.0,4077.0,3978.2,3916.56,209760.0,3947.0,3958.0,3912.0,3916.0,6600.0,-0.785406637952879,0.0,-0.785406637952879,-3.069306930693072,-3.9489820946774556,4.111338100102135,0.9158415841584056,0.031464530892448515,False,False,False
6440,ＪＵＫＩ,2026-09-07,736.0,763.0,763.0,735.0,661.6,437280.0,725.0,726.0,720.0,725.0,14700.0,-1.4945652173913082,-1.4945652173913082,0.0,-4.980340760157276,-4.980340760157276,5.241379310344829,0.0,0.03361690450054885,False,False,False
6444,サンデン,2026-09-07,190.0,211.0,211.0,188.8,188.16,79540.0,188.0,188.0,186.0,186.0,3200.0,-2.1052631578947323,-1.0526315789473717,-1.0638297872340385,-11.848341232227488,-11.848341232227488,13.440860215053775,0.0,0.04023133014835303,False,False,False
6445,ジャノメ,2026-09-07,1381.0,1470.0,1470.0,1402.4,1403.0,32660.0,1369.0,1369.0,1360.0,1365.0,3200.0,-1.1585807385952163,-0.868935553946415,-0.29218407596786067,-7.14285714285714,-7.14285714285714,7.692307692307687,0.0,0.09797917942437231,False,False,False
6448,ブラザー工業,2026-09-07,4715.0,5061.0,5061.0,4880.4,4611.6,1061140.0,4688.0,4699.0,4641.0,4683.0,64900.0,-0.6786850477200401,-0.5726405090137887,-0.1066552901023865,-7.468879668049788,-7.468879668049788,8.071748878923767,0.0,0.06116063855853139,False,False,False
6454,マックス,2026-09-07,1904.0,1928.0,1963.0,1857.8,1846.04,266340.0,1885.0,1890.0,1881.0,1884.0,14800.0,-1.0504201680672232,-0.997899159663862,-0.053050397877985045,-2.2821576763485507,-4.024452368823228,4.193205944798306,1.8153526970954292,0.05556807088683637,False,False,False
6455,モリタホールディングス,2026-09-07,2473.0,2544.0,2564.0,2477.6,2425.16,61980.0,2461.0,2461.0,2441.0,2447.0,4400.0,-1.0513546300040422,-0.48524059846341006,-0.5688744412840285,-3.812893081761004,-4.563182527301091,4.781364936657129,0.7861635220125729,0.07099064214262665,False,False,False
6457,グローリー,2026-09-07,4582.0,4985.0,4985.0,4650.8,4762.92,187220.0,4556.0,4556.0,4518.0,4527.0,6100.0,-1.200349192492356,-0.5674378000873004,-0.6365232660228259,-9.187562688064189,-9.187562688064189,10.117075325822844,0.0,0.03258198910372823,False,False,False
6458,新晃工業,2026-09-07,1253.0,1275.0,1275.0,1245.0,1237.96,216760.0,1256.0,1256.0,1246.0,1255.0,11600.0,0.15961691939345712,0.23942537909018569,-0.07961783439490722,-1.5686274509803977,-1.5686274509803977,1.5936254980079667,0.0,0.053515408747001295,False,False,False
6459,大和冷機工業,2026-09-07,1668.0,1854.0,1854.0,1684.2,1714.96,90620.0,1655.0,1657.0,1651.0,1652.0,5100.0,-0.959232613908878,-0.7793764988009544,-0.18126888217522286,-10.895361380798274,-10.895361380798274,12.227602905569013,0.0,0.056278967115427056,False,False,False
6460,セガサミーホールディングス,2026-09-07,3128.0,3211.0,3211.0,3158.6,2890.08,946900.0,3100.0,3138.0,3086.0,3133.0,44000.0,0.15984654731457937,-0.8951406649616356,1.064516129032267,-2.429149797570851,-2.429149797570851,2.4896265560165887,0.0,0.04646742000211215,True,False,False
6463,ＴＰＲ,2026-09-07,1619.0,1653.0,1653.0,1626.2,1559.6,151920.0,1618.0,1618.0,1586.0,1589.0,8900.0,-1.8529956763434163,-0.061766522544781655,-1.792336217552537,-3.8717483363581384,-3.8717483363581384,4.027690371302706,0.0,0.058583464981569244,False,False,False
6464,ツバキ・ナカシマ,2026-09-07,360.0,401.0,401.0,349.0,354.2,467400.0,360.0,360.0,354.0,360.0,55600.0,0.0,0.0,0.0,-10.224438902743138,-10.224438902743138,11.388888888888893,0.0,0.11895592640136927,False,False,False
6465,ホシザキ,2026-09-07,5454.0,5818.0,5904.0,5583.2,5663.24,280040.0,5450.0,5450.0,5419.0,5426.0,16800.0,-0.5133846718005097,-0.07334066740006806,-0.4403669724770687,-6.737710553454801,-8.09620596205962,8.809436048654629,1.4781711928497865,0.05999142979574346,False,False,False
6466,ＴＶＥ,2026-09-07,3810.0,4225.0,4565.0,3813.0,3950.8,9700.0,3800.0,3880.0,3785.0,3810.0,14800.0,0.0,-0.2624671916010457,0.2631578947368318,-9.822485207100595,-16.538882803943046,19.816272965879268,8.047337278106514,1.5257731958762886,True,False,False
6467,ニチダイ,2026-09-07,342.0,355.0,355.0,344.0,341.16,3820.0,341.0,341.0,341.0,341.0,800.0,-0.29239766081871066,-0.29239766081871066,0.0,-3.9436619718309807,-3.9436619718309807,4.105571847507328,0.0,0.2094240837696335,False,False,False
6469,放電精密加工研究所,2026-09-07,2946.0,3250.0,3250.0,2829.8,2884.92,48460.0,2979.0,2994.0,2956.0,2977.0,5700.0,1.0522742701968735,1.1201629327902252,-0.0671366230278636,-8.399999999999997,-8.399999999999997,9.170305676855905,0.0,0.11762278167560875,False,False,False
6470,大豊工業,2026-09-07,1121.0,1229.0,1229.0,1124.0,1140.12,65680.0,1116.0,1116.0,1102.0,1105.0,9600.0,-1.4272970561998166,-0.4460303300624413,-0.9856630824372714,-10.089503661513422,-10.089503661513422,11.22171945701358,0.0,0.146163215590743,False,False,False
6471,日本精工,2026-09-07,1122.0,1196.5,1254.0,1116.3,1137.64,2148060.0,1115.0,1117.5,1106.0,1115.0,181300.0,-0.6238859180035639,-0.6238859180035639,0.0,-6.811533639782697,-11.084529505582141,12.46636771300449,4.80568324279147,0.08440173924378276,False,False,False
6472,ＮＴＮ,2026-09-07,398.6000061035156,410.5,410.5,384.75999755859374,382.7959997558594,2876720.0,396.0,398.0,390.29998779296875,391.8999938964844,190300.0,-1.6808861275559694,-0.6522845117168385,-1.0353550766453612,-4.531061170162154,-4.531061170162154,4.746110332532583,0.0,0.06615172835729581,False,False,False
6473,ジェイテクト,2026-09-07,2201.5,2243.5,2264.5,2186.8,2123.68,1315500.0,2175.0,2178.5,2138.0,2147.0,63600.0,-2.4755848285260007,-1.203724733136502,-1.2873563218390838,-4.301314909739251,-5.188783395893138,5.472752678155568,0.9360374414976613,0.0483466362599772,False,False,False
6474,不二越,2026-09-07,5560.0,6100.0,6100.0,5494.0,5648.4,58120.0,5530.0,5530.0,5480.0,5560.0,58700.0,0.0,-0.5395683453237377,0.5424954792043302,-8.852459016393443,-8.852459016393443,9.712230215827343,0.0,1.009979353062629,True,False,False
6479,ミネベアミツミ,2026-09-07,3468.0,3871.0,4126.0,3336.6,3545.52,2469720.0,3433.0,3437.0,3412.0,3420.0,193200.0,-1.384083044982698,-1.0092272202998798,-0.3786775415088872,-11.650736243864635,-17.111003393116818,20.643274853801174,6.587445104624123,0.07822749137554055,False,False,False
6480,日本トムソン,2026-09-07,1771.0,1970.0,2135.0,1740.6,1812.96,693380.0,1758.0,1759.0,1722.0,1731.0,52000.0,-2.2586109542631294,-0.734048560135514,-1.5358361774744034,-12.131979695431472,-18.92271662763466,23.33911034084344,8.375634517766507,0.07499495226282846,False,False,False
6481,ＴＨＫ,2026-09-07,6508.0,7760.0,7989.0,6398.6,6935.28,937480.0,6421.0,6423.0,6356.0,6393.0,49700.0,-1.767055931161643,-1.3368162261831573,-0.4360691481077761,-17.615979381443303,-19.97746901990236,24.964805255748466,2.951030927835041,0.053014464308571915,False,False,False
6482,ＹＵＳＨＩＮ,2026-09-07,724.0,749.0,749.0,729.8,718.48,60240.0,720.0,720.0,712.0,714.0,5200.0,-1.3812154696132617,-0.5524861878453025,-0.8333333333333304,-4.672897196261683,-4.672897196261683,4.90196078431373,0.0,0.08632138114209828,False,False,False
6484,ＫＶＫ,2026-09-07,2229.0,2550.0,2550.0,2229.2,2256.0,1880.0,2225.0,2225.0,2225.0,2229.0,1200.0,0.0,-0.17945266935845972,0.17977528089887507,-12.588235294117645,-12.588235294117645,14.40107671601616,0.0,0.6382978723404256,True,False,False
6485,前澤給装工業,2026-09-07,1650.0,1716.0,1716.0,1671.8,1652.04,39780.0,1638.0,1638.0,1632.0,1650.0,23100.0,0.0,-0.727272727272732,0.73260073260073,-3.8461538461538436,-3.8461538461538436,4.0000000000000036,0.0,0.5806938159879337,True,False,False
6486,イーグル工業,2026-09-07,3045.0,3120.0,3120.0,3035.0,3020.96,134960.0,3020.0,3035.0,3010.0,3015.0,24800.0,-0.9852216748768461,-0.8210180623973717,-0.16556291390728006,-3.3653846153846145,-3.3653846153846145,3.482587064676612,0.0,0.18375815056312983,False,False,False
6488,ヨシタケ,2026-09-07,1040.0,1084.0,1084.0,1042.0,1029.32,3160.0,1035.0,1035.0,1035.0,1040.0,3900.0,0.0,-0.48076923076922906,0.48309178743961567,-4.059040590405905,-4.059040590405905,4.230769230769238,0.0,1.2341772151898733,True,False,False
6490,ＰＩＬＬＡＲ,2026-09-07,9830.0,11260.0,12080.0,9566.0,10105.6,95880.0,9680.0,9700.0,9610.0,9660.0,4400.0,-1.7293997965411978,-1.5259409969481164,-0.20661157024793875,-14.20959147424512,-20.033112582781452,25.051759834368536,7.282415630550632,0.0458906967042136,False,False,False
6492,岡野バルブ製造,2026-09-07,14520.0,16150.0,16150.0,13816.0,14259.2,10600.0,14480.0,14480.0,14020.0,14520.0,18900.0,0.0,-0.27548209366391463,0.2762430939226457,-10.092879256965947,-10.092879256965947,11.225895316804401,0.0,1.7830188679245282,True,False,False
6493,ＮＩＴＴＡＮ,2026-09-07,497.0,521.0,521.0,501.8,505.2,46920.0,495.0,495.0,492.0,494.0,9500.0,-0.6036217303822977,-0.4024144869215318,-0.20202020202020332,-5.182341650671784,-5.182341650671784,5.465587044534415,0.0,0.20247229326513214,False,False,False
6494,ＮＦＫホールディングス,2026-09-07,97.0,104.0,104.0,96.6,97.68,211640.0,96.0,97.0,96.0,97.0,129300.0,0.0,-1.0309278350515427,1.041666666666674,-6.730769230769229,-6.730769230769229,7.216494845360821,0.0,0.6109431109431109,True,False,False
6495,宮入バルブ製作所,2026-09-07,112.0,141.0,141.0,114.6,121.68,280820.0,113.0,113.0,112.0,112.0,20300.0,0.0,0.8928571428571397,-0.8849557522123908,-20.567375886524818,-20.567375886524818,25.89285714285714,0.0,0.07228829855423403,False,False,False
6496,中北製作所,2026-09-07,5600.0,5820.0,5820.0,5460.0,5489.6,2940.0,5600.0,5600.0,5600.0,5600.0,1300.0,0.0,0.0,0.0,-3.7800687285223344,-3.7800687285223344,3.928571428571437,0.0,0.4421768707482993,False,False,False
6497,ハマイ,2026-09-07,1485.0,1490.0,1490.0,1460.4,1429.96,5420.0,1469.0,1469.0,1469.0,1485.0,3800.0,0.0,-1.077441077441077,1.0891763104152519,-0.3355704697986628,-0.3355704697986628,0.33670033670034627,0.0,0.7011070110701108,True,False,False
6498,キッツ,2026-09-07,1944.0,2129.0,2458.0,1896.0,2030.08,460100.0,1940.0,1960.0,1940.0,1945.0,32800.0,0.051440329218110925,-0.2057613168724326,0.2577319587628857,-8.64255519023015,-20.8706265256306,26.375321336760926,15.453264443400649,0.07128885024994566,True,False,False
6501,日立製作所,2026-09-07,5358.0,5830.0,5830.0,5392.6,5443.72,8544560.0,5300.0,5312.0,5263.0,5281.0,866700.0,-1.4371033967898517,-1.0824934677118314,-0.3584905660377391,-9.41680960548885,-9.41680960548885,10.395758379094877,0.0,0.10143295851395508,False,False,False
6503,三菱電機,2026-09-07,5385.0,6265.0,6265.0,5348.0,5681.2,6365560.0,5325.0,5325.0,5259.0,5306.0,482300.0,-1.467038068709381,-1.1142061281337101,-0.35680751173708947,-15.307262569832403,-15.307262569832403,18.07387862796834,0.0,0.075767096689058,False,False,False
6504,富士電機,2026-09-07,13395.0,15230.0,15240.0,13203.0,14061.2,636640.0,13385.0,13420.0,13260.0,13335.0,63600.0,-0.4479283314669624,-0.0746547219111604,-0.37355248412401787,-12.442547603414312,-12.5,14.28571428571428,0.06565988181221893,0.09989947222920331,False,False,False
6505,東洋電機製造,2026-09-07,2454.0,2490.0,2492.0,2444.8,2420.36,36580.0,2455.0,2455.0,2424.0,2424.0,6900.0,-1.2224938875305624,0.04074979625101616,-1.2627291242362504,-2.6506024096385583,-2.72873194221509,2.8052805280528004,0.08032128514057213,0.18862766539092402,False,False,False
6506,安川電機,2026-09-07,4661.0,5639.0,5639.0,4581.2,5020.8,3537180.0,4640.0,4640.0,4573.0,4611.0,282300.0,-1.072731173567909,-0.45054709289852335,-0.6249999999999978,-18.230182656499384,-18.230182656499384,22.294513120798086,0.0,0.07980933964344478,False,False,False
6507,シンフォニアテクノロジー,2026-09-07,12380.0,13860.0,15060.0,11920.0,12741.2,154680.0,12080.0,12180.0,12020.0,12180.0,6400.0,-1.6155088852988664,-2.4232633279482996,0.8278145695364225,-12.121212121212121,-19.123505976095622,23.645320197044327,8.658008658008654,0.04137574347039048,True,False,False
6508,明電舎,2026-09-07,11200.0,12760.0,12760.0,10894.0,11390.0,261600.0,11060.0,11150.0,11030.0,11140.0,16400.0,-0.5357142857142838,-1.2499999999999956,0.723327305605781,-12.695924764890288,-12.695924764890288,14.542190305206471,0.0,0.06269113149847094,True,False,False
6513,オリジン,2026-09-07,1296.0,1390.0,1390.0,1279.2,1208.12,33680.0,1289.0,1289.0,1283.0,1296.0,30900.0,0.0,-0.5401234567901203,0.5430566330488773,-6.762589928057549,-6.762589928057549,7.253086419753085,0.0,0.917458432304038,True,False,False
6516,山洋電気,2026-09-07,5320.0,6120.0,6190.0,5248.0,5596.8,84400.0,5260.0,5260.0,5200.0,5230.0,5700.0,-1.6917293233082664,-1.1278195488721776,-0.5703422053231932,-14.542483660130722,-15.508885298869146,18.355640535372842,1.1437908496731986,0.06753554502369669,False,False,False
6517,デンヨー,2026-09-07,3995.0,4325.0,4730.0,4054.0,4149.2,50040.0,4025.0,4055.0,4000.0,4055.0,16200.0,1.5018773466833446,0.7509386733416834,0.7453416149068248,-6.242774566473985,-14.270613107822406,16.64611590628853,9.364161849710984,0.3237410071942446,True,False,False
6518,三相電機,2026-09-07,1749.0,2061.0,2144.0,1755.8,1847.4,4920.0,1763.0,1782.0,1748.0,1749.0,4900.0,0.0,0.8004574042309809,-0.794100964265454,-15.138282387190682,-18.423507462686572,22.584333905088627,4.027171276079566,0.9959349593495935,False,False,False
6521,オキサイド,2026-09-07,3270.0,3585.0,3585.0,3099.0,3239.68,151440.0,3200.0,3275.0,3175.0,3275.0,16200.0,0.1529051987767538,-2.1406727828746197,2.34375,-8.647140864714087,-8.647140864714087,9.465648854961838,0.0,0.10697305863708399,True,False,False
6522,アスタリスク,2026-09-07,1708.0,2567.0,2567.0,1568.8,1888.68,4427320.0,1700.0,1734.0,1645.0,1690.0,293100.0,-1.0538641686182681,-0.4683840749414525,-0.588235294117645,-34.164394234514994,-34.164394234514994,51.89349112426036,0.0,0.06620257853509573,False,False,False
6523,ＰＨＣホールディングス,2026-09-07,1378.0,1612.0,1612.0,1474.2,1395.68,811680.0,1364.0,1371.0,1361.0,1365.0,38100.0,-0.9433962264150941,-1.0159651669085612,0.07331378299120228,-15.322580645161288,-15.322580645161288,18.0952380952381,0.0,0.04693968066232998,True,False,False
6524,湖北工業,2026-09-07,4825.0,5360.0,5360.0,4808.0,4826.2,272520.0,4800.0,4820.0,4770.0,4795.0,11700.0,-0.6217616580310836,-0.5181347150259086,-0.10416666666667185,-10.541044776119401,-10.541044776119401,11.783107403545356,0.0,0.042932628797886396,False,False,False
6525,ＫＯＫＵＳＡＩ　ＥＬＥＣＴＲＩＣ,2026-09-07,8929.0,9559.0,9559.0,8487.0,8491.92,7137240.0,8935.0,9093.0,8933.0,9087.0,572300.0,1.7695150632769607,0.06719677455482298,1.7011751538891895,-4.937754995292398,-4.937754995292398,5.194233520413771,0.0,0.08018505752924099,True,False,False
6526,ソシオネクスト,2026-09-07,1996.5,2147.0,2447.5,1963.2,1998.5,4265880.0,2000.0,2006.0,1983.0,1993.5,225200.0,-0.15026296018031404,0.1753067868770275,-0.3249999999999975,-7.149510945505355,-18.54954034729316,22.77401555053926,13.996273870517006,0.05279098333755286,False,False,False
6532,ベイカレント,2026-09-07,7403.0,8270.0,8270.0,7823.4,7557.08,1140120.0,7400.0,7463.0,7380.0,7421.0,55300.0,0.24314467107928728,-0.04052411184655158,0.28378378378377533,-10.266021765417166,-10.266021765417166,11.440506670260064,0.0,0.048503666280742375,True,False,False
6533,Ｏｒｃｈｅｓｔｒａ　Ｈｏｌｄｉｎｇｓ,2026-09-07,1140.0,1267.0,1267.0,1155.8,1199.76,17160.0,1149.0,1149.0,1134.0,1140.0,23300.0,0.0,0.7894736842105177,-0.7832898172323799,-10.023677979479084,-10.023677979479084,11.140350877192983,0.0,1.3578088578088578,False,False,False
6535,アイモバイル,2026-09-07,513.0,531.0,548.0,518.0,505.2,296720.0,515.0,515.0,509.0,513.0,273900.0,0.0,0.3898635477582957,-0.3883495145631022,-3.3898305084745783,-6.386861313868608,6.822612085769975,3.201506591337089,0.9230924777568078,False,False,False
6537,ＷＡＳＨハウス,2026-09-07,300.0,314.0,314.0,297.2,299.72,15660.0,306.0,308.0,301.0,301.0,19400.0,0.33333333333334103,2.0000000000000018,-1.6339869281045805,-4.140127388535031,-4.140127388535031,4.318936877076407,0.0,1.2388250319284801,False,False,False
6538,ディスラプターズ,2026-09-07,250.0,281.0,281.0,247.6,247.24,72460.0,250.0,250.0,250.0,250.0,23700.0,0.0,0.0,0.0,-11.032028469750887,-11.032028469750887,12.400000000000011,0.0,0.32707700800441625,False,False,False
6539,ＭＳ－Ｊａｐａｎ,2026-09-07,996.0,1019.0,1019.0,1002.8,998.8,43320.0,995.0,996.0,992.0,996.0,3400.0,0.0,-0.10040160642570406,0.10050251256281673,-2.257114818449457,-2.257114818449457,2.309236947791171,0.0,0.07848568790397045,True,False,False
6540,船場,2026-09-07,1523.0,1572.0,1572.0,1526.2,1526.32,12240.0,1520.0,1520.0,1513.0,1513.0,1200.0,-0.6565988181221227,-0.1969796454366346,-0.4605263157894779,-3.753180661577604,-3.753180661577604,3.899537343027104,0.0,0.09803921568627451,False,False,False
6543,日宣,2026-09-07,1216.0,1450.0,1450.0,1211.2,1220.36,3000.0,1224.0,1224.0,1224.0,1216.0,1600.0,0.0,0.6578947368421018,-0.6535947712418277,-16.137931034482754,-16.137931034482754,19.24342105263157,0.0,0.5333333333333333,False,False,False
6544,ジャパンエレベーターサービスホールディングス,2026-09-07,1471.5,1599.0,1729.0,1483.8,1541.92,682140.0,1471.5,1481.0,1464.5,1469.0,39400.0,-0.16989466530751285,0.0,-0.16989466530751285,-8.130081300813007,-15.037593984962406,17.699115044247794,8.130081300813007,0.05775940422787111,False,False,False
6545,インターネットインフィニティー,2026-09-07,802.0,907.0,907.0,810.6,838.96,5120.0,802.0,802.0,802.0,802.0,7900.0,0.0,0.0,0.0,-11.576626240352816,-11.576626240352816,13.092269326683281,0.0,1.54296875,False,False,False
6546,フルテック,2026-09-07,1172.0,1224.0,1224.0,1165.2,1144.0,1980.0,1178.0,1180.0,1172.0,1172.0,1700.0,0.0,0.5119453924914641,-0.5093378607809895,-4.248366013071891,-4.248366013071891,4.436860068259385,0.0,0.8585858585858586,False,False,False
6547,グリーンズ,2026-09-07,2198.0,2346.0,2346.0,2161.4,2122.04,49860.0,2180.0,2180.0,2168.0,2172.0,1100.0,-1.1828935395814422,-0.8189262966333044,-0.3669724770642202,-7.416879795396425,-7.416879795396425,8.011049723756901,0.0,0.02206177296430004,False,False,False
6548,旅工房,2026-09-07,131.0,132.0,137.0,122.4,113.76,48800.0,131.0,131.0,130.0,130.0,4100.0,-0.7633587786259555,0.0,-0.7633587786259555,-1.5151515151515138,-5.109489051094895,5.384615384615388,3.7878787878787845,0.08401639344262295,False,False,False
6549,ディーエムソリューションズ,2026-09-07,1135.0,1244.0,1255.0,1110.2,1106.92,7380.0,1135.0,1135.0,1135.0,1135.0,600.0,0.0,0.0,0.0,-8.7620578778135,-9.561752988047811,10.572687224669597,0.8842443729903504,0.08130081300813008,False,False,False
6551,ツナググループ・ホールディングス,2026-09-07,619.0,639.0,639.0,627.2,612.32,16800.0,615.0,615.0,615.0,619.0,11000.0,0.0,-0.646203554119551,0.6504065040650486,-3.1298904538341166,-3.1298904538341166,3.2310177705977328,0.0,0.6547619047619048,True,False,False
6552,ＧａｍｅＷｉｔｈ,2026-09-07,177.0,179.0,179.0,174.4,174.36,14720.0,176.0,176.0,176.0,177.0,15400.0,0.0,-0.5649717514124242,0.5681818181818121,-1.1173184357541888,-1.1173184357541888,1.1299435028248483,0.0,1.046195652173913,True,False,False
6554,エスユーエス,2026-09-07,1114.0,1132.0,1132.0,1117.2,1078.6,11420.0,1116.0,1116.0,1116.0,1114.0,8200.0,0.0,0.17953321364452268,-0.17921146953404632,-1.590106007067138,-1.590106007067138,1.6157989228007263,0.0,0.7180385288966725,False,False,False
6555,ＭＳ＆Ｃｏｎｓｕｌｔｉｎｇ,2026-09-07,430.0,435.0,435.0,427.8,423.76,1660.0,429.0,429.0,429.0,430.0,3900.0,0.0,-0.23255813953488857,0.2331002331002363,-1.1494252873563204,-1.1494252873563204,1.1627906976744207,0.0,2.3493975903614457,True,False,False
6557,ＡＩＡＩグループ,2026-09-07,751.0,799.0,799.0,754.2,767.12,23580.0,749.0,749.0,749.0,751.0,11300.0,0.0,-0.26631158455392434,0.2670226969292422,-6.007509386733412,-6.007509386733412,6.391478029294273,0.0,0.47921967769296014,True,False,False
6558,クックビズ,2026-09-07,670.0,685.0,741.0,666.0,673.96,3000.0,667.0,667.0,667.0,670.0,500.0,0.0,-0.4477611940298498,0.4497751124437732,-2.1897810218978075,-9.581646423751689,10.597014925373127,8.175182481751818,0.16666666666666666,True,False,False
6560,エル・ティー・エス,2026-09-07,1864.0,1881.0,1881.0,1839.4,1730.48,31120.0,1870.0,1870.0,1840.0,1864.0,18200.0,0.0,0.32188841201716833,-0.3208556149732589,-0.9037745879851178,-0.9037745879851178,0.9120171673819844,0.0,0.5848329048843187,False,False,False
6561,ＨＡＮＡＴＯＵＲ　ＪＡＰＡＮ,2026-09-07,842.0,862.0,862.0,845.4,825.4,11820.0,840.0,840.0,840.0,842.0,5300.0,0.0,-0.23752969121140222,0.23809523809523725,-2.3201856148491906,-2.3201856148491906,2.375296912114022,0.0,0.44839255499153974,True,False,False
6562,ジーニー,2026-09-07,989.0,1110.0,1110.0,947.8,963.16,61840.0,975.0,984.0,972.0,981.0,5700.0,-0.8088978766430777,-1.4155712841253831,0.6153846153846176,-11.621621621621625,-11.621621621621625,13.149847094801226,0.0,0.09217335058214748,True,False,False
6563,みらいワークス,2026-09-07,454.0,537.0,537.0,454.2,479.48,20620.0,453.0,455.0,448.0,454.0,18900.0,0.0,-0.22026431718061845,0.22075055187638082,-15.456238361266294,-15.456238361266294,18.281938325991188,0.0,0.9165858389912707,True,False,False
6564,ミダックホールディングス,2026-09-07,1961.0,2332.0,2332.0,1958.2,2099.52,58260.0,1961.0,1969.0,1941.0,1969.0,6800.0,0.4079551249362545,0.0,0.4079551249362545,-15.566037735849058,-15.566037735849058,18.43575418994414,0.0,0.1167181599725369,True,False,False
6566,要興業,2026-09-07,1256.0,1428.0,1428.0,1282.8,1340.56,1220.0,1282.0,1286.0,1256.0,1256.0,600.0,0.0,2.070063694267521,-2.028081123244929,-12.04481792717087,-12.04481792717087,13.694267515923574,0.0,0.4918032786885246,False,False,False
6568,神戸天然物化学,2026-09-07,1245.0,1310.0,1310.0,1242.4,1251.96,1740.0,1245.0,1245.0,1245.0,1245.0,1900.0,0.0,0.0,0.0,-4.961832061068705,-4.961832061068705,5.2208835341365445,0.0,1.0919540229885059,False,False,False
6570,共和コーポレーション,2026-09-07,3995.0,4465.0,4465.0,4156.0,3368.72,126320.0,3970.0,4015.0,3965.0,4010.0,2500.0,0.3754693366708306,-0.6257822277847325,1.0075566750629816,-10.190369540873457,-10.190369540873457,11.34663341645885,0.0,0.019791006966434453,True,False,False
6571,キュービーネットホールディングス,2026-09-07,1291.0,1349.0,1349.0,1310.8,1302.72,66220.0,1291.0,1291.0,1282.0,1287.0,6700.0,-0.30983733539891034,0.0,-0.30983733539891034,-4.595997034840627,-4.595997034840627,4.8174048174048245,0.0,0.10117789187556629,False,False,False
6572,オープングループ,2026-09-07,273.0,302.0,302.0,276.2,263.16,362500.0,270.0,275.0,268.0,275.0,68800.0,0.73260073260073,-1.098901098901095,1.85185185185186,-8.94039735099338,-8.94039735099338,9.818181818181815,0.0,0.18979310344827585,True,False,False
6573,ＣＲＡＶＩＡ,2026-09-07,28.0,31.0,31.0,28.4,27.88,635060.0,28.0,28.0,28.0,28.0,269200.0,0.0,0.0,0.0,-9.677419354838712,-9.677419354838712,10.71428571428572,0.0,0.4238969546184613,False,False,False
6574,コンヴァノ,2026-09-07,120.0,140.0,140.0,121.0,108.96,723160.0,119.0,120.0,119.0,120.0,17000.0,0.0,-0.8333333333333304,0.8403361344537785,-14.28571428571429,-14.28571428571429,16.666666666666675,0.0,0.023507937385917364,True,False,False
6577,ベストワンドットコム,2026-09-07,1962.0,1997.0,2389.0,1965.2,1925.76,1940.0,1962.0,1962.0,1962.0,1962.0,2000.0,0.0,0.0,0.0,-1.7526289434151243,-17.87358727501046,21.76350662589195,19.629444166249364,1.0309278350515463,False,False,False
6578,コレックホールディングス,2026-09-07,470.0,510.0,510.0,475.4,493.64,13240.0,470.0,470.0,470.0,470.0,10200.0,0.0,0.0,0.0,-7.843137254901967,-7.843137254901967,8.51063829787233,0.0,0.770392749244713,False,False,False
6579,ログリー,2026-09-07,353.0,370.0,370.0,351.4,353.36,840.0,353.0,353.0,353.0,353.0,300.0,0.0,0.0,0.0,-4.594594594594592,-4.594594594594592,4.815864022662897,0.0,0.35714285714285715,False,False,False
6580,ライトアップ,2026-09-07,871.0,1019.0,1019.0,886.8,865.44,11980.0,871.0,871.0,868.0,871.0,8000.0,0.0,0.0,0.0,-14.524043179587832,-14.524043179587832,16.99196326061998,0.0,0.667779632721202,False,False,False
6584,三櫻工業,2026-09-07,793.0,878.0,885.0,774.4,803.84,409100.0,784.0,784.0,771.0,775.0,102000.0,-2.2698612862547263,-1.1349306431273631,-1.1479591836734748,-11.731207289293854,-12.429378531073443,14.193548387096765,0.7972665148063829,0.24932779271571742,False,False,False
6586,マキタ,2026-09-07,5320.0,5500.0,5895.0,5303.2,5326.72,698300.0,5275.0,5286.0,5260.0,5286.0,21300.0,-0.6390977443609058,-0.8458646616541388,0.2085308056872126,-3.8909090909090893,-10.330788804071245,11.520998864926213,7.181818181818178,0.030502649291135615,True,False,False
6588,東芝テック,2026-09-07,2942.0,3450.0,3450.0,3005.0,3119.72,136060.0,2940.0,2940.0,2895.0,2910.0,16700.0,-1.0876954452753274,-0.06798096532970588,-1.0204081632653073,-15.652173913043477,-15.652173913043477,18.556701030927837,0.0,0.12273996766132589,False,False,False
6590,芝浦メカトロニクス,2026-09-07,4110.0,4780.0,5330.0,3947.0,4249.8,1482220.0,4040.0,4055.0,4000.0,4050.0,70800.0,-1.4598540145985384,-1.703163017031628,0.24752475247524774,-15.271966527196657,-24.015009380863038,31.604938271604933,11.506276150627626,0.04776618855500533,True,False,False
6592,マブチモーター,2026-09-07,1751.0,1824.5,1824.5,1754.8,1727.28,1556360.0,1751.0,1753.0,1730.5,1732.0,83300.0,-1.0850942318675005,0.0,-1.0850942318675005,-5.069882159495753,-5.069882159495753,5.340646651270209,0.0,0.053522321313834845,False,False,False
6594,ニデック,2026-09-07,2812.0,2847.0,2847.0,2588.8,2669.24,5932140.0,2777.0,2793.0,2758.0,2765.0,345700.0,-1.6714082503556216,-1.2446657183499243,-0.4321209938782822,-2.8802247980330153,-2.8802247980330153,2.965641952983722,0.0,0.058275765575323574,False,False,False
6597,ＨＰＣシステムズ,2026-09-07,3630.0,3895.0,3895.0,3508.0,3492.2,118320.0,3610.0,3620.0,3560.0,3620.0,4400.0,-0.27548209366391463,-0.5509641873278182,0.27700831024930483,-7.060333761232352,-7.060333761232352,7.596685082872923,0.0,0.03718728870858688,True,False,False
6599,エブレン,2026-09-07,3960.0,3960.0,3960.0,3632.0,3344.2,14700.0,3950.0,3950.0,3950.0,3960.0,21600.0,0.0,-0.2525252525252486,0.25316455696202667,0.0,0.0,0.0,0.0,1.469387755102041,True,False,False
6612,バルミューダ,2026-09-07,598.0,640.0,645.0,599.0,608.56,1820.0,604.0,606.0,598.0,598.0,1800.0,0.0,1.0033444816053505,-0.9933774834437137,-6.562500000000004,-7.286821705426361,7.859531772575257,0.78125,0.989010989010989,False,False,False
6613,ＱＤレーザ,2026-09-07,2104.0,2551.0,2551.0,1965.4,1991.08,2841400.0,2004.0,2058.0,2004.0,2046.0,524800.0,-2.7566539923954414,-4.752851711026618,2.095808383233533,-19.79615836926696,-19.79615836926696,24.682306940371458,0.0,0.1846976842401633,True,False,False
6614,シキノハイテック,2026-09-07,872.0,910.0,935.0,866.4,875.4,10240.0,871.0,885.0,863.0,872.0,5700.0,0.0,-0.11467889908256534,0.11481056257176547,-4.175824175824172,-6.737967914438503,7.224770642201839,2.7472527472527375,0.556640625,True,False,False
6615,ユー・エム・シー・エレクトロニクス,2026-09-07,242.0,254.0,259.0,238.2,238.36,105620.0,244.0,244.0,241.0,242.0,78600.0,0.0,0.8264462809917328,-0.8196721311475419,-4.7244094488189,-6.563706563706562,7.024793388429762,1.9685039370078705,0.7441772391592502,False,False,False
6616,トレックス・セミコンダクター,2026-09-07,1960.0,2219.0,2219.0,1916.4,1971.32,89500.0,1932.0,1941.0,1914.0,1941.0,9100.0,-0.9693877551020358,-1.4285714285714235,0.46583850931676274,-12.528165840468674,-12.528165840468674,14.322514167954669,0.0,0.10167597765363129,True,False,False
6617,東光高岳,2026-09-07,7030.0,8140.0,8590.0,6812.0,7356.8,86340.0,6920.0,6940.0,6860.0,6940.0,7500.0,-1.2802275960170695,-1.5647226173541973,0.28901734104045396,-14.742014742014742,-19.20838183934808,23.77521613832854,5.528255528255532,0.08686587908269632,True,False,False
6619,ダブル・スコープ,2026-09-07,169.0,175.0,175.0,161.8,157.24,2584900.0,168.0,169.0,166.0,169.0,987900.0,0.0,-0.591715976331364,0.5952380952380931,-3.4285714285714253,-3.4285714285714253,3.5502958579881616,0.0,0.38218112886378586,True,False,False
6620,宮越ホールディングス,2026-09-07,713.0,736.0,736.0,707.2,701.44,52200.0,705.0,705.0,702.0,713.0,71600.0,0.0,-1.1220196353436185,1.134751773049647,-3.125,-3.125,3.2258064516129004,0.0,1.371647509578544,True,False,False
6622,ダイヘン,2026-09-07,12990.0,14790.0,15660.0,12438.0,13377.6,154140.0,12770.0,12840.0,12700.0,12840.0,9800.0,-1.1547344110854452,-1.6936104695919885,0.5481597494126911,-13.184584178498982,-18.00766283524904,21.962616822429904,5.882352941176472,0.06357856494096276,True,False,False
6625,ＪＡＬＣＯホールディングス,2026-09-07,378.0,399.0,399.0,382.2,374.4,175240.0,377.0,378.0,374.0,377.0,30400.0,-0.2645502645502673,-0.2645502645502673,0.0,-5.513784461152882,-5.513784461152882,5.835543766578244,0.0,0.1734763752567907,False,False,False
6626,ＳＥＭＩＴＥＣ,2026-09-07,2451.0,2473.0,2473.0,2320.2,2194.44,17600.0,2488.0,2490.0,2447.0,2451.0,30400.0,0.0,1.509587923296607,-1.4871382636655994,-0.8896077638495758,-0.8896077638495758,0.8975928192574534,0.0,1.7272727272727273,False,False,False
6627,テラプローブ,2026-09-07,11380.0,13090.0,13280.0,10982.0,11254.4,66180.0,11280.0,11360.0,11190.0,11310.0,8800.0,-0.6151142355008798,-0.8787346221441172,0.26595744680850686,-13.598166539343016,-14.834337349397586,17.4182139699381,1.4514896867838134,0.13297068600785736,True,False,False
6629,テクノホライゾン,2026-09-07,1018.0,1027.0,1084.0,989.0,984.32,132240.0,1014.0,1014.0,1006.0,1014.0,7800.0,-0.39292730844793233,-0.39292730844793233,0.0,-1.2658227848101222,-6.457564575645758,6.903353057199202,5.550146056475169,0.05898366606170599,False,False,False
6630,ヤーマン,2026-09-07,785.0,844.0,844.0,798.0,788.16,133500.0,784.0,785.0,782.0,783.0,12400.0,-0.2547770700636942,-0.1273885350318471,-0.12755102040816757,-7.2274881516587675,-7.2274881516587675,7.790549169859506,0.0,0.09288389513108614,False,False,False
6632,ＪＶＣケンウッド,2026-09-07,992.9000244140624,1060.0,1150.0,1016.6,1014.0919970703123,1230120.0,984.0,987.4000244140625,975.5999755859375,979.4000244140625,139700.0,-1.359653506702918,-0.8963666225423439,-0.46747719369283347,-7.603771281692218,-14.8347804857337,17.41882492682201,8.490566037735858,0.11356615614736773,False,False,False
6633,ＣＧＳホールディングス,2026-09-07,318.0,328.0,332.0,318.6,321.0,4380.0,318.0,318.0,317.0,318.0,4100.0,0.0,0.0,0.0,-3.0487804878048808,-4.216867469879515,4.402515723270439,1.2195121951219523,0.9360730593607306,False,False,False
6634,ＪＮグループ,2026-09-07,72.0,76.0,76.0,72.0,70.28,73760.0,71.0,72.0,71.0,72.0,105300.0,0.0,-1.388888888888884,1.4084507042253502,-5.263157894736848,-5.263157894736848,5.555555555555558,0.0,1.4276030368763557,True,False,False
6635,大日光・エンジニアリング,2026-09-07,670.0,768.0,768.0,667.4,666.32,22660.0,665.0,665.0,665.0,670.0,21200.0,0.0,-0.7462686567164201,0.7518796992481258,-12.760416666666663,-12.760416666666663,14.626865671641799,0.0,0.9355692850838482,True,False,False
6637,寺崎電気産業,2026-09-07,4415.0,4485.0,4485.0,4211.0,4206.2,28560.0,4410.0,4440.0,4380.0,4440.0,3000.0,0.5662514156285381,-0.11325028312570984,0.6802721088435382,-1.0033444816053505,-1.0033444816053505,1.0135135135135087,0.0,0.10504201680672269,True,False,False
6638,ミマキエンジニアリング,2026-09-07,1966.0,2068.0,2266.0,1941.4,1981.92,72540.0,1926.0,1934.0,1901.0,1932.0,4100.0,-1.7293997965411978,-2.0345879959308255,0.31152647975076775,-6.576402321083174,-14.739629302736102,17.287784679089025,9.57446808510638,0.05652054039150813,True,False,False
6643,戸上電機製作所,2026-09-07,5900.0,6070.0,6220.0,5778.0,5771.6,3320.0,5880.0,5880.0,5880.0,5900.0,2800.0,0.0,-0.3389830508474523,0.340136054421758,-2.8006589785831926,-5.1446945337620615,5.423728813559325,2.471169686985175,0.8433734939759037,True,False,False
6644,大崎電気工業,2026-09-07,1499.0,1618.0,1623.0,1491.6,1529.2,352760.0,1500.0,1500.0,1485.0,1491.0,58600.0,-0.5336891260840582,0.06671114076051143,-0.6000000000000005,-7.8491965389369645,-8.133086876155271,8.853118712273634,0.30902348578492056,0.16611860755187663,False,False,False
6645,オムロン,2026-09-07,6290.0,7245.0,7245.0,6297.8,6463.52,1026220.0,6286.0,6350.0,6258.0,6281.0,70100.0,-0.14308426073131875,-0.06359300476947993,-0.07954183900731326,-13.305728088336789,-13.305728088336789,15.347874542270334,0.0,0.06830893960359377,False,False,False
6648,かわでん,2026-09-07,1679.0,1790.0,2014.0,1673.2,1741.56,27980.0,1679.0,1679.0,1654.0,1656.0,1800.0,-1.3698630136986356,0.0,-1.3698630136986356,-7.48603351955307,-17.775571002979152,21.61835748792271,12.513966480446935,0.06433166547533953,False,False,False
6651,日東工業,2026-09-07,4415.0,4635.0,4740.0,4351.0,4432.2,77240.0,4430.0,4430.0,4400.0,4430.0,6400.0,0.3397508493771184,0.3397508493771184,0.0,-4.42286947141316,-6.540084388185652,6.997742663656892,2.265372168284796,0.08285862247540135,False,False,False
6652,ＩＤＥＣ,2026-09-07,3655.0,3975.0,3975.0,3664.0,3661.6,105740.0,3650.0,3650.0,3610.0,3655.0,56300.0,0.0,-0.1367989056087593,0.136986301369868,-8.050314465408803,-8.050314465408803,8.755129958960328,0.0,0.5324380556080953,True,False,False
6653,正興電機製作所,2026-09-07,2185.0,2341.0,2446.0,2152.0,2208.36,62880.0,2178.0,2188.0,2143.0,2159.0,9900.0,-1.1899313501144149,-0.32036613272311554,-0.8723599632690537,-7.774455360956855,-11.733442354865087,13.29319129226494,4.485262708244342,0.15744274809160305,False,False,False
6654,不二電機工業,2026-09-07,1076.0,1117.0,1146.0,1089.0,1092.96,23500.0,1076.0,1076.0,1076.0,1076.0,6000.0,0.0,0.0,0.0,-3.6705461056401045,-6.108202443280975,6.505576208178443,2.5962399283795845,0.2553191489361702,False,False,False
6656,インスペック,2026-09-07,841.0,912.0,1135.0,821.8,857.12,36520.0,840.0,840.0,826.0,841.0,48000.0,0.0,-0.11890606420927874,0.11904761904761862,-7.785087719298245,-25.903083700440533,34.95838287752675,24.451754385964918,1.3143483023001095,True,False,False
6658,シライ電子工業,2026-09-07,454.0,466.0,466.0,453.4,448.0,41940.0,452.0,453.0,449.0,450.0,8600.0,-0.8810572687224627,-0.4405286343612369,-0.4424778761061954,-3.433476394849788,-3.433476394849788,3.5555555555555562,0.0,0.2050548402479733,False,False,False
6659,メディアリンクス,2026-09-07,51.0,55.0,55.0,50.0,48.4,3783000.0,52.0,52.0,50.0,51.0,2215300.0,0.0,1.9607843137254832,-1.9230769230769273,-7.272727272727275,-7.272727272727275,7.843137254901955,0.0,0.585593444356331,False,False,False
6662,ユビテック,2026-09-07,227.0,241.0,241.0,230.6,223.92,18440.0,226.0,226.0,226.0,227.0,4900.0,0.0,-0.4405286343612369,0.4424778761061843,-5.809128630705396,-5.809128630705396,6.167400881057272,0.0,0.26572668112798264,True,False,False
6663,太洋テクノレックス,2026-09-07,315.0,335.0,335.0,313.2,307.04,18660.0,312.0,315.0,308.0,315.0,13900.0,0.0,-0.952380952380949,0.9615384615384581,-5.970149253731338,-5.970149253731338,6.349206349206349,0.0,0.744908896034298,True,False,False
6664,オプトエレクトロニクス,2026-09-07,254.0,265.0,265.0,257.4,246.76,4960.0,251.0,251.0,251.0,254.0,4200.0,0.0,-1.1811023622047223,1.195219123505975,-4.150943396226414,-4.150943396226414,4.330708661417315,0.0,0.8467741935483871,True,False,False
6666,リバーエレテック,2026-09-07,813.0,888.0,888.0,789.6,806.72,32420.0,808.0,808.0,797.0,813.0,39400.0,0.0,-0.6150061500615034,0.6188118811881083,-8.445945945945944,-8.445945945945944,9.225092250922518,0.0,1.21529919802591,True,False,False
6668,アドテック　プラズマ　テクノロジー,2026-09-07,4105.0,4330.0,4330.0,4040.0,3789.4,58620.0,4035.0,4050.0,3925.0,4005.0,6900.0,-2.436053593179055,-1.705237515225333,-0.743494423791824,-7.505773672055427,-7.505773672055427,8.114856429463169,0.0,0.11770726714431934,False,False,False
6674,ジーエス・ユアサ　コーポレーション,2026-09-07,5115.0,5769.0,6314.0,5063.2,5375.24,731020.0,5193.0,5198.0,5095.0,5129.0,56600.0,0.2737047898338174,1.5249266862169986,-1.2324282688234156,-11.093777084416711,-18.767817548305356,23.103918892571663,9.447044548448602,0.0774260622144401,False,False,False
6675,サクサ,2026-09-07,2177.0,2217.0,2217.0,2182.0,2133.2,33660.0,2171.0,2171.0,2162.0,2177.0,19900.0,0.0,-0.2756086357372567,0.2763703362505865,-1.8042399639151996,-1.8042399639151996,1.837390904915015,0.0,0.5912061794414736,True,False,False
6676,ＢＵＦＦＡＬＯ,2026-09-07,3120.0,3190.0,3190.0,3105.0,2927.2,52600.0,3105.0,3105.0,3070.0,3120.0,47100.0,0.0,-0.48076923076922906,0.48309178743961567,-2.1943573667711602,-2.1943573667711602,2.2435897435897356,0.0,0.8954372623574145,True,False,False
6677,エスケーエレクトロニクス,2026-09-07,3275.0,3750.0,3850.0,3233.0,3370.2,100500.0,3270.0,3270.0,3240.0,3250.0,9900.0,-0.7633587786259555,-0.15267175572518665,-0.6116207951070374,-13.33333333333333,-15.58441558441559,18.461538461538463,2.6666666666666616,0.09850746268656717,False,False,False
6678,テクノメディカ,2026-09-07,2035.0,2199.0,2199.0,2032.0,2075.08,11060.0,2035.0,2035.0,2035.0,2035.0,7100.0,0.0,0.0,0.0,-7.4579354251932735,-7.4579354251932735,8.058968058968063,0.0,0.6419529837251357,False,False,False
6694,ズーム,2026-09-07,768.0,770.0,770.0,735.8,704.64,10040.0,777.0,780.0,777.0,768.0,19800.0,0.0,1.171875,-1.158301158301156,-0.2597402597402598,-0.2597402597402598,0.26041666666667407,0.0,1.9721115537848606,False,False,False
6696,トラース・オン・プロダクト,2026-09-07,328.0,337.0,337.0,325.4,307.56,17080.0,328.0,328.0,322.0,322.0,900.0,-1.8292682926829285,0.0,-1.8292682926829285,-4.4510385756676545,-4.4510385756676545,4.658385093167694,0.0,0.05269320843091335,False,False,False
6699,ダイヤモンドエレクトリックホールディングス,2026-09-07,512.0,535.0,535.0,515.6,512.48,77560.0,514.0,514.0,509.0,509.0,39400.0,-0.5859375,0.390625,-0.9727626459143934,-4.859813084112153,-4.859813084112153,5.108055009823187,0.0,0.5079938112429088,False,False,False
6701,日本電気,2026-09-07,4610.0,5169.0,5169.0,4789.4,4780.0,6755860.0,4571.0,4588.0,4568.0,4569.0,405200.0,-0.8893709327548849,-0.8459869848156165,-0.043754101947057755,-11.607661056297157,-11.607661056297157,13.131976362442543,0.0,0.05997756022179264,False,False,False
6702,富士通,2026-09-07,3831.0,3991.0,3991.0,3854.8,3715.56,5925900.0,3782.0,3790.0,3763.0,3763.0,308900.0,-1.7749934742886997,-1.279039415296268,-0.5023796932839719,-5.71285392132298,-5.71285392132298,6.0589954823279335,0.0,0.05212710305607587,False,False,False
6703,沖電気工業,2026-09-07,2798.0,3050.0,3425.0,2766.2,2809.8,623960.0,2754.0,2772.0,2738.0,2771.0,37400.0,-0.9649749821300957,-1.5725518227305169,0.6172839506172867,-9.14754098360656,-19.094890510948904,23.601587874413575,12.295081967213118,0.05993973972690557,True,False,False
6706,電気興業,2026-09-07,3285.0,3530.0,3530.0,3303.0,3297.6,22640.0,3270.0,3270.0,3255.0,3285.0,22900.0,0.0,-0.45662100456621557,0.4587155963302836,-6.940509915014159,-6.940509915014159,7.458143074581436,0.0,1.0114840989399294,True,False,False
6707,サンケン電気,2026-09-07,7020.0,8854.0,9334.0,6944.2,7834.6,134580.0,7082.0,7082.0,6985.0,7008.0,16300.0,-0.17094017094017033,0.8831908831908875,-1.0449025698955117,-20.849333634515478,-24.91964859652882,33.1906392694064,5.421278518183881,0.12111755089909347,False,False,False
6718,アイホン,2026-09-07,2870.0,2907.0,2907.0,2861.8,2841.16,23240.0,2862.0,2865.0,2850.0,2865.0,2800.0,-0.17421602787456303,-0.2787456445992986,0.10482180293500676,-1.4447884416924683,-1.4447884416924683,1.4659685863874339,0.0,0.12048192771084337,True,False,False
6721,ウインテスト,2026-09-07,73.0,80.0,82.0,72.6,74.68,125080.0,73.0,73.0,73.0,73.0,167200.0,0.0,0.0,0.0,-8.750000000000002,-10.97560975609756,12.328767123287676,2.499999999999991,1.3367444835305404,False,False,False
6723,ルネサスエレクトロニクス,2026-09-07,3403.0,4053.0,4053.0,3304.2,3564.72,11424800.0,3411.0,3432.0,3391.0,3413.0,937300.0,0.2938583602703604,0.23508668821627943,0.05863383172091119,-15.79077226745621,-15.79077226745621,18.75183123351889,0.0,0.08204082347174567,True,False,False
6724,セイコーエプソン,2026-09-07,3151.0,3332.0,3332.0,3228.2,3134.68,1386920.0,3143.0,3149.0,3124.0,3131.0,52800.0,-0.6347191367819693,-0.2538876547127922,-0.38180082723512365,-6.032412965186074,-6.032412965186074,6.41967422548706,0.0,0.03806996798661783,False,False,False
6727,ワコム,2026-09-07,833.0,863.0,863.0,843.4,810.68,513940.0,826.0,827.0,814.0,818.0,62000.0,-1.8007202881152429,-0.8403361344537785,-0.9685230024213065,-5.2143684820394,-5.2143684820394,5.5012224938875365,0.0,0.1206366501926295,False,False,False
6728,アルバック,2026-09-07,7327.0,9750.0,9750.0,7245.0,8062.68,449560.0,7299.0,7326.0,7250.0,7317.0,25300.0,-0.1364815067558367,-0.3821482189163339,0.2466091245376001,-24.95384615384615,-24.95384615384615,33.251332513325124,0.0,0.05627724886555743,True,False,False
6730,アクセル,2026-09-07,1192.0,1474.0,1474.0,1218.2,1161.44,2671980.0,1191.0,1194.0,1182.0,1188.0,19100.0,-0.3355704697986628,-0.0838926174496657,-0.25188916876573986,-19.402985074626866,-19.402985074626866,24.07407407407407,0.0,0.007148257097732767,False,False,False
6731,ピクセラ,2026-09-07,107.0,115.0,115.0,106.4,107.4,51380.0,107.0,107.0,107.0,107.0,77100.0,0.0,0.0,0.0,-6.956521739130439,-6.956521739130439,7.476635514018692,0.0,1.50058388478007,False,False,False
6736,サン電子,2026-09-07,9160.0,11000.0,11350.0,9058.0,8986.8,43540.0,9100.0,9100.0,8990.0,9160.0,26400.0,0.0,-0.6550218340611313,0.659340659340657,-16.727272727272723,-19.295154185022025,23.908296943231445,3.1818181818181746,0.6063389986219568,True,False,False
6737,ＥＩＺＯ,2026-09-07,3125.0,3215.0,3215.0,3140.0,3035.12,164160.0,3125.0,3125.0,3105.0,3105.0,8300.0,-0.6399999999999961,0.0,-0.6399999999999961,-3.4214618973561484,-3.4214618973561484,3.5426731078904927,0.0,0.050560428849902535,False,False,False
6740,ジャパンディスプレイ,2026-09-07,47.0,51.0,51.0,47.0,47.92,8156560.0,47.0,48.0,47.0,48.0,1147800.0,2.127659574468077,0.0,2.127659574468077,-5.882352941176472,-5.882352941176472,6.25,0.0,0.1407210883019312,True,False,False
6741,日本信号,2026-09-07,1820.0,1910.0,1910.0,1832.4,1822.12,162960.0,1806.0,1806.0,1780.0,1801.0,17700.0,-1.0439560439560402,-0.7692307692307665,-0.2768549280177224,-5.70680628272251,-5.70680628272251,6.052193225985558,0.0,0.10861561119293078,False,False,False
6742,京三製作所,2026-09-07,1014.0,1100.0,1100.0,999.2,1011.0,231460.0,1005.0,1014.0,1000.0,1012.0,5700.0,-0.19723865877712132,-0.887573964497046,0.6965174129353269,-7.9999999999999964,-7.9999999999999964,8.695652173913038,0.0,0.02462628531927763,True,False,False
6743,大同信号,2026-09-07,1026.0,1126.0,1126.0,1026.6,1025.8,22920.0,1027.0,1027.0,1026.0,1026.0,22200.0,0.0,0.09746588693957392,-0.09737098344693162,-8.880994671403197,-8.880994671403197,9.746588693957126,0.0,0.9685863874345549,False,False,False
6744,能美防災,2026-09-07,4180.0,4580.0,4765.0,4194.0,4372.4,81020.0,4125.0,4125.0,4105.0,4120.0,4000.0,-1.4354066985645897,-1.3157894736842146,-0.12121212121212199,-10.043668122270743,-13.536201469045118,15.655339805825253,4.039301310043664,0.049370525796099726,False,False,False
6745,ホーチキ,2026-09-07,1913.0,2132.0,2193.0,1943.4,2001.68,231140.0,1891.0,1905.0,1888.0,1905.0,7700.0,-0.4181913225300593,-1.1500261369576603,0.7403490216816522,-10.647279549718569,-13.132694938440492,15.118110236220472,2.861163227016883,0.03331314354936402,True,False,False
6748,星和電機,2026-09-07,789.0,809.0,809.0,780.6,775.56,12120.0,789.0,789.0,780.0,789.0,12700.0,0.0,0.0,0.0,-2.4721878862793534,-2.4721878862793534,2.5348542458808687,0.0,1.0478547854785478,False,False,False
6750,エレコム,2026-09-07,2009.0,2064.0,2064.0,2030.0,1944.72,152000.0,2000.0,2013.0,1995.0,2005.0,12400.0,-0.19910403185664505,-0.44798407167745413,0.24999999999999467,-2.858527131782951,-2.858527131782951,2.9426433915211936,0.0,0.08157894736842106,True,False,False
6752,パナソニック　ホールディングス,2026-09-07,4421.0,4982.0,4982.0,4307.2,4411.24,7160540.0,4351.0,4369.0,4308.0,4332.0,651500.0,-2.01311920380004,-1.583352182764075,-0.4366812227074246,-13.046969088719385,-13.046969088719385,15.004616805170823,0.0,0.09098475813276652,False,False,False
6753,シャープ,2026-09-07,637.4000244140625,678.5999755859375,678.5999755859375,646.6200073242187,640.332001953125,2547700.0,637.0,639.7999877929688,631.2999877929688,633.0999755859375,256800.0,-0.6746232606561153,-0.06275876980554873,-0.6122487306220559,-6.704981084137673,-6.704981084137673,7.18685859336663,0.0,0.10079679711111983,False,False,False
6754,アンリツ,2026-09-07,3251.0,3769.0,3926.0,3252.0,3455.32,786500.0,3200.0,3229.0,3188.0,3207.0,40700.0,-1.3534297139341733,-1.5687480775146145,0.2187500000000009,-14.9111170071637,-18.31380539989812,22.41970689117556,4.165561156805508,0.05174825174825175,True,False,False
6757,ＯＳＧコーポレーション,2026-09-07,876.0,888.0,888.0,877.6,878.56,2160.0,882.0,882.0,882.0,876.0,1400.0,0.0,0.6849315068493178,-0.6802721088435382,-1.3513513513513487,-1.3513513513513487,1.3698630136986356,0.0,0.6481481481481481,False,False,False
6758,ソニーグループ,2026-09-07,3780.0,4070.0,4070.0,3905.2,3793.08,14031300.0,3760.0,3767.0,3735.0,3749.0,1491100.0,-0.8201058201058209,-0.5291005291005346,-0.2925531914893642,-7.886977886977887,-7.886977886977887,8.562283275540139,0.0,0.10626955449601962,False,False,False
6762,ＴＤＫ,2026-09-07,2980.5,3300.0,3300.0,2936.7,3056.5,8944840.0,2940.0,2949.0,2912.0,2925.5,445500.0,-1.8453279651065246,-1.3588324106693528,-0.4931972789115613,-11.348484848484851,-11.348484848484851,12.801230558878828,0.0,0.049805250848533905,False,False,False
6763,帝国通信工業,2026-09-07,2816.0,3040.0,3040.0,2825.2,2847.24,16620.0,2811.0,2820.0,2800.0,2803.0,2300.0,-0.4616477272727293,-0.17755681818182323,-0.28459622909996485,-7.7960526315789425,-7.7960526315789425,8.455226542989646,0.0,0.13838748495788206,False,False,False
6768,タムラ製作所,2026-09-07,796.0,862.0,894.0,795.0,799.8,899680.0,790.0,794.0,781.0,785.0,72100.0,-1.3819095477386911,-0.7537688442211032,-0.6329113924050667,-8.932714617169369,-12.192393736017893,13.885350318471335,3.7122969837587005,0.0801396051929575,False,False,False
6769,ザインエレクトロニクス,2026-09-07,1241.0,1273.0,1273.0,1159.2,1105.64,201960.0,1217.0,1231.0,1206.0,1227.0,11200.0,-1.1281224818694646,-1.9339242546333568,0.8216926869350827,-3.613511390416335,-3.613511390416335,3.7489812550937307,0.0,0.05545652604476134,True,False,False
6770,アルプスアルパイン,2026-09-07,2256.5,2347.5,2347.5,2276.1,2192.46,1983460.0,2249.0,2256.0,2203.0,2213.5,176000.0,-1.9056060270330133,-0.33237314424994224,-1.5784793241440664,-5.708200212992542,-5.708200212992542,6.053761011971992,0.0,0.08873382876387727,False,False,False
6771,池上通信機,2026-09-07,678.0,691.0,691.0,671.4,671.44,10240.0,678.0,678.0,678.0,678.0,8600.0,0.0,0.0,0.0,-1.881331403762665,-1.881331403762665,1.9174041297935096,0.0,0.83984375,False,False,False
6772,東京コスモス電機,2026-09-07,1070.0,1099.0,1180.0,1054.0,1082.92,1620.0,1077.0,1077.0,1077.0,1070.0,3900.0,0.0,0.6542056074766434,-0.6499535747446661,-2.638762511373971,-9.322033898305083,10.280373831775691,7.370336669699729,2.4074074074074074,False,False,False
6775,ＴＢグループ,2026-09-07,133.0,162.0,162.0,127.8,120.04,315220.0,132.0,132.0,130.0,131.0,13200.0,-1.5037593984962405,-0.7518796992481258,-0.7575757575757569,-19.135802469135797,-19.135802469135797,23.664122137404586,0.0,0.04187551551297507,False,False,False
6776,天昇電気工業,2026-09-07,290.0,293.0,293.0,287.0,277.6,24640.0,290.0,290.0,290.0,290.0,800.0,0.0,0.0,0.0,-1.0238907849829393,-1.0238907849829393,1.0344827586206806,0.0,0.032467532467532464,False,False,False
6777,ｓａｎｔｅｃ　Ｈｏｌｄｉｎｇｓ,2026-09-07,20080.0,21260.0,21540.0,19056.0,19181.2,94860.0,19600.0,19800.0,19510.0,19760.0,7000.0,-1.5936254980079667,-2.39043824701195,0.8163265306122547,-7.055503292568199,-8.263695450324981,9.008097165991913,1.3170272812794037,0.07379295804343243,True,False,False
6778,アルチザネットワークス,2026-09-07,674.0,685.0,689.0,676.0,635.2,11060.0,682.0,682.0,673.0,674.0,5300.0,0.0,1.1869436201780381,-1.1730205278592365,-1.6058394160583966,-2.1770682148040676,2.2255192878338326,0.5839416058394109,0.47920433996383366,False,False,False
6779,日本電波工業,2026-09-07,2693.0,3400.0,3400.0,2653.0,2823.36,437760.0,2672.0,2683.0,2615.0,2644.0,36300.0,-1.8195321203119175,-0.7797994801336805,-1.0479041916167664,-22.235294117647065,-22.235294117647065,28.593040847201202,0.0,0.08292214912280702,False,False,False
6785,鈴木,2026-09-07,3195.0,3260.0,3285.0,3079.6,3031.56,116880.0,3170.0,3170.0,3105.0,3160.0,11800.0,-1.0954616588419452,-0.7824726134585291,-0.3154574132492094,-3.0674846625766916,-3.8051750380517557,3.9556962025316444,0.7668711656441785,0.10095824777549624,False,False,False
6786,ＲＶＨ,2026-09-07,49.0,51.0,51.0,48.6,48.6,16320.0,49.0,50.0,49.0,49.0,21700.0,0.0,0.0,0.0,-3.9215686274509776,-3.9215686274509776,4.081632653061229,0.0,1.329656862745098,False,False,False
6787,メイコー,2026-09-07,19930.0,20210.0,25060.0,18594.0,19082.0,461660.0,19900.0,19930.0,19560.0,19800.0,26100.0,-0.652282990466635,-0.15052684395383542,-0.5025125628140725,-2.028698664027706,-20.989624900239424,26.56565656565657,23.998020781791183,0.05653511242039596,False,False,False
6788,日本トリム,2026-09-07,4965.0,5050.0,5050.0,4991.0,4911.2,11600.0,4935.0,4935.0,4935.0,4965.0,6300.0,0.0,-0.6042296072507503,0.6079027355623046,-1.6831683168316847,-1.6831683168316847,1.7119838872104776,0.0,0.5431034482758621,True,False,False
6794,フォスター電機,2026-09-07,3035.0,3185.0,3185.0,3002.0,2992.2,111500.0,3005.0,3030.0,2992.0,3020.0,3600.0,-0.49423393739703725,-0.9884678747940745,0.4991680532445919,-5.180533751962324,-5.180533751962324,5.4635761589403975,0.0,0.03228699551569507,True,False,False
6797,名古屋電機工業,2026-09-07,1237.0,1250.0,1250.0,1216.0,1185.92,6940.0,1232.0,1232.0,1230.0,1237.0,14500.0,0.0,-0.404203718674212,0.40584415584414835,-1.0399999999999965,-1.0399999999999965,1.0509296685529579,0.0,2.089337175792507,True,False,False
6798,ＳＭＫ,2026-09-07,3310.0,3545.0,3545.0,3321.0,3310.2,10980.0,3270.0,3270.0,3270.0,3310.0,8400.0,0.0,-1.2084592145015116,1.2232415902140747,-6.629055007052187,-6.629055007052187,7.099697885196377,0.0,0.7650273224043715,True,False,False
6800,ヨコオ,2026-09-07,3895.0,4555.0,4715.0,3800.0,4022.6,120280.0,3860.0,3885.0,3790.0,3860.0,8200.0,-0.898587933247752,-0.898587933247752,0.0,-15.257958287596052,-18.13361611876988,22.150259067357503,3.5126234906695863,0.06817426005986033,False,False,False
6803,ティアック,2026-09-07,99.0,101.0,101.0,98.8,98.4,353500.0,99.0,99.0,99.0,99.0,526500.0,0.0,0.0,0.0,-1.980198019801982,-1.980198019801982,2.020202020202011,0.0,1.4893917963224894,False,False,False
6804,ホシデン,2026-09-07,2632.0,3150.0,3150.0,2644.2,2792.48,235680.0,2621.0,2621.0,2612.0,2620.0,12700.0,-0.455927051671734,-0.41793313069908855,-0.038153376573824005,-16.825396825396822,-16.825396825396822,20.22900763358779,0.0,0.05388662593346911,False,False,False
6806,ヒロセ電機,2026-09-07,24995.0,28075.0,28750.0,25079.0,26209.0,150440.0,24910.0,24910.0,24620.0,24640.0,6900.0,-1.4202840568113606,-0.34006801360272343,-1.083902047370533,-12.235084594835266,-14.295652173913043,16.6801948051948,2.404274265360651,0.04586546131348046,False,False,False
6807,日本航空電子工業,2026-09-07,2500.0,2511.0,2551.0,2467.4,2388.68,193260.0,2500.0,2500.0,2485.0,2485.0,8100.0,-0.6000000000000005,0.0,-0.6000000000000005,-1.0354440461967318,-2.58722069776558,2.655935613682092,1.592990840302666,0.04191244954982925,False,False,False
6809,ＴＯＡ,2026-09-07,1762.0,1789.0,1789.0,1771.2,1706.08,99620.0,1750.0,1750.0,1740.0,1747.0,4000.0,-0.8513053348467636,-0.6810442678774176,-0.17142857142856682,-2.347680268306318,-2.347680268306318,2.404121350887234,0.0,0.04015257980325236,False,False,False
6810,マクセル,2026-09-07,2563.0,2670.0,2670.0,2533.4,2456.2,241800.0,2544.0,2553.0,2513.0,2546.0,10800.0,-0.6632852126414401,-0.7413187670698429,0.07861635220125507,-4.64419475655431,-4.64419475655431,4.870384917517678,0.0,0.04466501240694789,True,False,False
6814,古野電気,2026-09-07,8010.0,8120.0,8120.0,7714.0,7707.2,296180.0,8000.0,8010.0,7880.0,7970.0,26200.0,-0.4993757802746579,-0.12484394506866447,-0.3750000000000031,-1.8472906403940836,-1.8472906403940836,1.8820577164366359,0.0,0.08845972044027281,False,False,False
6817,スミダコーポレーション,2026-09-07,1223.0,1288.0,1357.0,1202.8,1214.6,177920.0,1209.0,1212.0,1198.0,1198.0,12200.0,-2.044153720359776,-1.1447260834014705,-0.9098428453267138,-6.987577639751552,-11.71702284450995,13.27212020033388,5.35714285714286,0.06857014388489209,False,False,False
6819,伊豆シャボテンリゾート,2026-09-07,480.0,481.0,481.0,476.2,475.8,16880.0,481.0,481.0,481.0,480.0,13000.0,0.0,0.2083333333333437,-0.20790020790020236,-0.20790020790020236,-0.20790020790020236,0.2083333333333437,0.0,0.7701421800947867,False,False,False
6820,アイコム,2026-09-07,3510.0,3835.0,3835.0,3595.0,3506.0,11820.0,3490.0,3490.0,3465.0,3465.0,1000.0,-1.2820512820512775,-0.5698005698005715,-0.7163323782234943,-9.647979139504558,-9.647979139504558,10.678210678210686,0.0,0.08460236886632826,False,False,False
6822,大井電気,2026-09-07,5000.0,5650.0,5650.0,5018.0,4921.4,3520.0,5000.0,5000.0,5000.0,5000.0,1300.0,0.0,0.0,0.0,-11.504424778761058,-11.504424778761058,12.99999999999999,0.0,0.3693181818181818,False,False,False
6823,リオン,2026-09-07,3320.0,3595.0,3595.0,3300.0,3391.6,37100.0,3295.0,3295.0,3280.0,3290.0,2300.0,-0.9036144578313254,-0.7530120481927693,-0.15174506828528056,-8.484005563282338,-8.484005563282338,9.27051671732524,0.0,0.06199460916442048,False,False,False
6824,新コスモス電機,2026-09-07,4240.0,4815.0,4995.0,4278.0,4412.2,9560.0,4235.0,4335.0,4235.0,4335.0,700.0,2.2405660377358583,-0.1179245283018826,2.3612750885478206,-9.968847352024923,-13.213213213213216,15.224913494809677,3.738317757009346,0.07322175732217573,True,False,False
6832,アオイ電子,2026-09-07,2400.0,2438.0,2529.0,2323.6,2306.36,38920.0,2378.0,2385.0,2360.0,2385.0,1900.0,-0.6249999999999978,-0.9166666666666656,0.2943650126156383,-2.1739130434782594,-5.693950177935947,6.037735849056602,3.732567678424936,0.04881808838643371,True,False,False
6834,精工技研,2026-09-07,5500.0,6030.0,6030.0,5194.0,4950.8,1203860.0,5440.0,5470.0,5390.0,5400.0,33600.0,-1.8181818181818188,-1.0909090909090868,-0.7352941176470562,-10.447761194029848,-10.447761194029848,11.66666666666667,0.0,0.027910222118851028,False,False,False
6835,アライドテレシスホールディングス,2026-09-07,263.0,270.0,270.0,259.6,254.84,139340.0,261.0,261.0,258.0,260.0,15700.0,-1.1406844106463865,-0.760456273764254,-0.3831417624521105,-3.703703703703709,-3.703703703703709,3.8461538461538547,0.0,0.11267403473518013,False,False,False
6836,ぷらっとホーム,2026-09-07,830.0,922.0,922.0,809.6,809.88,9080.0,824.0,848.0,824.0,830.0,7900.0,0.0,-0.7228915662650603,0.728155339805836,-9.97830802603037,-9.97830802603037,11.0843373493976,0.0,0.8700440528634361,True,False,False
6837,京写,2026-09-07,372.0,395.0,395.0,370.6,366.24,19880.0,372.0,372.0,365.0,368.0,7600.0,-1.0752688172043001,0.0,-1.0752688172043001,-6.835443037974686,-6.835443037974686,7.336956521739135,0.0,0.3822937625754527,False,False,False
6838,多摩川ホールディングス,2026-09-07,1564.0,1622.0,1622.0,1516.8,1479.52,229260.0,1547.0,1554.0,1537.0,1554.0,12200.0,-0.6393861892583175,-1.0869565217391353,0.4524886877828038,-4.192355117139335,-4.192355117139335,4.375804375804382,0.0,0.0532146907441333,True,False,False
6840,ＡＫＩＢＡホールディングス,2026-09-07,827.0,864.0,864.0,764.4,757.48,326000.0,832.0,837.0,813.0,837.0,57400.0,1.2091898428053138,0.6045949214026569,0.6009615384615419,-3.125,-3.125,3.2258064516129004,0.0,0.17607361963190185,True,False,False
6841,横河電機,2026-09-07,4750.0,5801.0,6022.0,4820.0,5234.48,1361600.0,4650.0,4683.0,4629.0,4679.0,88200.0,-1.4947368421052598,-2.1052631578947323,0.6236559139785047,-19.341492846061026,-22.30156094320823,28.702714255182737,3.8096879848302123,0.06477673325499413,True,False,False
6844,新電元工業,2026-09-07,3070.0,3575.0,3945.0,3060.0,3245.6,87240.0,3050.0,3050.0,3025.0,3045.0,5000.0,-0.8143322475570036,-0.6514657980456029,-0.16393442622950616,-14.825174825174825,-22.81368821292775,29.556650246305427,10.349650349650341,0.05731315910132966,False,False,False
6845,アズビル,2026-09-07,1486.0,1590.5,1760.0,1481.4,1546.08,1545320.0,1476.0,1482.5,1474.5,1478.5,55300.0,-0.5047106325706596,-0.6729475100942128,0.16937669376693165,-7.041810751336053,-15.99431818181818,19.0395671288468,10.65702609242376,0.035785468381953255,True,False,False
6848,東亜ディーケーケー,2026-09-07,866.0,878.0,878.0,867.4,864.76,6020.0,869.0,869.0,869.0,866.0,3800.0,0.0,0.34642032332563577,-0.345224395857302,-1.3667425968109326,-1.3667425968109326,1.385681293302543,0.0,0.6312292358803987,False,False,False
6849,日本光電工業,2026-09-07,1502.5,1543.5,1670.0,1517.5,1506.24,653240.0,1502.5,1502.5,1489.0,1492.5,26100.0,-0.6655574043261225,0.0,-0.6655574043261225,-3.3041788143828965,-10.628742514970057,11.892797319933003,8.195659216067375,0.039954687404323064,False,False,False
6850,チノー,2026-09-07,1714.0,1754.0,1757.0,1686.8,1685.72,36560.0,1695.0,1700.0,1693.0,1699.0,2300.0,-0.875145857642945,-1.1085180863477206,0.23598820058996495,-3.135689851767387,-3.3010813887307866,3.4137728075338325,0.17103762827821445,0.06291028446389496,True,False,False
6853,共和電業,2026-09-07,763.0,786.0,814.0,762.6,771.8,19980.0,763.0,763.0,763.0,763.0,12800.0,0.0,0.0,0.0,-2.9262086513994867,-6.26535626535627,6.684141546526878,3.562340966921118,0.6406406406406406,False,False,False
6855,日本電子材料,2026-09-07,6650.0,7700.0,7700.0,6234.0,6605.6,476440.0,6600.0,6720.0,6600.0,6720.0,46500.0,1.0526315789473717,-0.7518796992481258,1.8181818181818077,-12.727272727272732,-12.727272727272732,14.583333333333325,0.0,0.09759885819830409,True,False,False
6856,堀場製作所,2026-09-07,22980.0,26485.0,28315.0,22795.0,24329.4,183120.0,22580.0,22680.0,22540.0,22680.0,4900.0,-1.305483028720622,-1.7406440382941701,0.44286979627989886,-14.36662261657542,-19.901112484548822,24.84567901234569,6.909571455540875,0.026758409785932722,True,False,False
6857,アドバンテスト,2026-09-07,34480.0,38730.0,38730.0,33154.0,34272.0,7884360.0,34030.0,34470.0,34010.0,34440.0,517000.0,-0.11600928074245731,-1.3051044083526642,1.2048192771084265,-11.076684740511233,-11.076684740511233,12.456445993031352,0.0,0.06557285562810425,True,False,False
6858,小野測器,2026-09-07,846.0,867.0,867.0,830.6,834.0,43400.0,847.0,847.0,842.0,847.0,6400.0,0.11820330969267712,0.11820330969267712,0.0,-2.3068050749711633,-2.3068050749711633,2.3612750885478206,0.0,0.14746543778801843,False,False,False
6859,エスペック,2026-09-07,4005.0,4290.0,4300.0,3882.0,4015.0,65780.0,3975.0,3990.0,3965.0,3990.0,4800.0,-0.3745318352059934,-0.7490636704119868,0.37735849056603765,-6.99300699300699,-7.20930232558139,7.769423558897248,0.2331002331002363,0.07297050775311645,True,False,False
6861,キーエンス,2026-09-07,78890.0,87820.0,87920.0,78978.0,82698.0,563640.0,78500.0,79580.0,78200.0,79280.0,42200.0,0.49435923437697316,-0.49435923437698426,0.9936305732484163,-9.724436347073562,-9.82711555959963,10.89808274470232,0.11386927806877889,0.07487048470655028,True,False,False
6862,ミナトホールディングス,2026-09-07,4630.0,4635.0,4635.0,3971.0,3309.4,395400.0,4560.0,4640.0,4490.0,4580.0,67200.0,-1.0799136069114423,-1.5118790496760237,0.43859649122806044,-1.1866235167206085,-1.1866235167206085,1.2008733624454093,0.0,0.16995447647951442,True,False,False
6863,ニレコ,2026-09-07,1016.0,1024.0,1024.0,985.8,961.24,63340.0,1007.0,1007.0,992.0,1016.0,104800.0,0.0,-0.8858267716535417,0.8937437934458892,-0.78125,-0.78125,0.7874015748031482,0.0,1.6545626776128828,True,False,False
6864,エヌエフホールディングス,2026-09-07,1606.0,1700.0,1700.0,1571.6,1578.44,37400.0,1600.0,1600.0,1573.0,1606.0,78300.0,0.0,-0.37359900373599153,0.374999999999992,-5.529411764705882,-5.529411764705882,5.853051058530512,0.0,2.093582887700535,True,False,False
6866,日置電機,2026-09-07,10440.0,12540.0,13320.0,10372.0,11317.6,32300.0,10300.0,10370.0,10240.0,10370.0,2800.0,-0.6704980842911823,-1.3409961685823757,0.6796116504854455,-17.304625199362043,-22.14714714714715,28.44744455159114,6.2200956937799035,0.08668730650154799,True,False,False
6867,リーダー電子,2026-09-07,414.0,424.0,424.0,407.0,412.16,16960.0,414.0,414.0,414.0,414.0,51100.0,0.0,0.0,0.0,-2.358490566037741,-2.358490566037741,2.4154589371980784,0.0,3.0129716981132075,False,False,False
6869,シスメックス,2026-09-07,1892.5,2012.5,2012.5,1920.0,1866.96,2604740.0,1880.0,1895.0,1877.0,1880.5,184300.0,-0.6340819022457089,-0.6605019815059454,0.026595744680846245,-6.5590062111801295,-6.5590062111801295,7.019409731454407,0.0,0.07075562244216313,True,False,False
6870,日本フェンオール,2026-09-07,2200.0,2285.0,2702.0,2188.6,2205.04,1620.0,2183.0,2227.0,2183.0,2200.0,2000.0,0.0,-0.7727272727272694,0.778744846541457,-3.7199124726477018,-18.578830495928944,22.818181818181827,18.249452954048138,1.2345679012345678,True,False,False
6871,日本マイクロニクス,2026-09-07,12920.0,16200.0,16200.0,12188.0,13693.6,960520.0,12790.0,12840.0,12670.0,12820.0,63300.0,-0.7739938080495334,-1.0061919504643968,0.23455824863174435,-20.864197530864192,-20.864197530864192,26.36505460218408,0.0,0.06590180318993878,True,False,False
6874,協立電機,2026-09-07,2345.0,2700.0,2700.0,2345.2,2395.4,4520.0,2345.0,2345.0,2345.0,2345.0,7800.0,0.0,0.0,0.0,-13.148148148148152,-13.148148148148152,15.138592750533043,0.0,1.7256637168141593,False,False,False
6875,メガチップス,2026-09-07,11170.0,11950.0,11950.0,10752.0,10750.4,112300.0,11030.0,11230.0,11030.0,11230.0,4800.0,0.5371530886302489,-1.25335720680394,1.8132366273798661,-6.025104602510456,-6.025104602510456,6.411398040961713,0.0,0.0427426536064114,True,False,False
6877,ＯＢＡＲＡ　ＧＲＯＵＰ,2026-09-07,5560.0,6130.0,6350.0,5544.0,5788.4,33540.0,5560.0,5560.0,5540.0,5560.0,25400.0,0.0,0.0,0.0,-9.298531810766718,-12.44094488188976,14.20863309352518,3.5889070146818858,0.7573047107930829,False,False,False
6882,三社電機製作所,2026-09-07,1152.0,1278.0,1278.0,1134.0,1183.44,51120.0,1141.0,1146.0,1129.0,1152.0,69600.0,0.0,-0.954861111111116,0.9640666082383786,-9.859154929577462,-9.859154929577462,10.9375,0.0,1.3615023474178405,True,False,False
6888,アクモス,2026-09-07,497.0,507.0,507.0,498.4,494.04,6120.0,500.0,500.0,500.0,497.0,9100.0,0.0,0.6036217303822866,-0.6000000000000005,-1.9723865877712021,-1.9723865877712021,2.012072434607637,0.0,1.4869281045751634,False,False,False
6890,フェローテック,2026-09-07,9640.0,10300.0,10300.0,9100.0,9017.2,949700.0,9490.0,9640.0,9390.0,9500.0,73800.0,-1.4522821576763434,-1.556016597510368,0.10537407797681642,-7.7669902912621325,-7.7669902912621325,8.421052631578952,0.0,0.07770875013162051,True,False,False
6894,パルステック工業,2026-09-07,2183.0,2271.0,2271.0,2190.6,2154.92,900.0,2184.0,2184.0,2159.0,2183.0,500.0,0.0,0.04580852038478245,-0.045787545787545625,-3.8749449581682027,-3.8749449581682027,4.031149793861655,0.0,0.5555555555555556,False,False,False
6897,ツインバード,2026-09-07,676.0,763.0,763.0,677.4,678.2,1075860.0,686.0,695.0,675.0,676.0,38700.0,0.0,1.4792899408283988,-1.4577259475218707,-11.402359108781123,-11.402359108781123,12.869822485207095,0.0,0.03597122302158273,False,False,False
6898,トミタ電機,2026-09-07,4855.0,4855.0,4855.0,4283.0,3799.2,6360.0,4805.0,4855.0,4630.0,4855.0,27400.0,0.0,-1.0298661174047319,1.0405827263267442,0.0,0.0,0.0,0.0,4.3081761006289305,True,False,False
6899,ＡＳＴＩ,2026-09-07,2326.0,2430.0,2451.0,2345.8,2326.44,5700.0,2332.0,2332.0,2332.0,2326.0,4600.0,0.0,0.2579535683576939,-0.2572898799313883,-4.2798353909465074,-5.099959200326398,5.374032674118667,0.8641975308641969,0.8070175438596491,False,False,False
6902,デンソー,2026-09-07,1927.0,1984.0,2218.0,1936.7,1927.24,6787820.0,1916.0,1916.0,1895.5,1903.0,911400.0,-1.2454592631032657,-0.5708354955889949,-0.6784968684759862,-4.082661290322576,-14.201983769161409,16.55281135049922,11.794354838709676,0.13426991287335258,False,False,False
6904,原田工業,2026-09-07,630.0,653.0,653.0,600.0,532.4,146760.0,630.0,630.0,613.0,613.0,5100.0,-2.6984126984127,0.0,-2.6984126984127,-6.125574272588052,-6.125574272588052,6.5252854812398065,0.0,0.034750613246116106,False,False,False
6905,コーセル,2026-09-07,1351.0,1406.0,1406.0,1322.0,1330.52,127180.0,1336.0,1336.0,1324.0,1351.0,118500.0,0.0,-1.1102886750555152,1.1227544910179743,-3.9118065433854876,-3.9118065433854876,4.071058475203548,0.0,0.9317502752005032,True,False,False
6907,ジオマテック,2026-09-07,797.0,815.0,815.0,781.4,749.48,18540.0,795.0,795.0,784.0,797.0,29400.0,0.0,-0.25094102885822034,0.2515723270440251,-2.208588957055213,-2.208588957055213,2.258469259723972,0.0,1.5857605177993528,True,False,False
6908,イリソ電子工業,2026-09-07,2835.0,2872.0,2890.0,2804.4,2786.8,97360.0,2832.0,2832.0,2816.0,2829.0,7000.0,-0.2116402116402072,-0.10582010582010914,-0.10593220338983578,-1.4972144846796653,-2.110726643598615,2.1562389536938786,0.6267409470751995,0.07189811010682005,False,False,False
6912,菊水ホールディングス,2026-09-07,2578.0,2638.0,2638.0,2526.0,2415.52,17280.0,2578.0,2578.0,2548.0,2578.0,12400.0,0.0,0.0,0.0,-2.2744503411675554,-2.2744503411675554,2.3273855702094615,0.0,0.7175925925925926,False,False,False
6914,オプテックスグループ,2026-09-07,3145.0,3680.0,3800.0,3156.0,3374.0,113740.0,3110.0,3130.0,3100.0,3125.0,14500.0,-0.6359300476947549,-1.112877583465821,0.4823151125401992,-15.081521739130432,-17.763157894736846,21.599999999999998,3.2608695652173836,0.12748373483383155,True,False,False
6915,千代田インテグレ,2026-09-07,3405.0,3550.0,3550.0,3425.0,3414.0,8400.0,3405.0,3405.0,3405.0,3405.0,8000.0,0.0,0.0,0.0,-4.084507042253516,-4.084507042253516,4.2584434654919345,0.0,0.9523809523809523,False,False,False
6918,アバールデータ,2026-09-07,3750.0,4060.0,4060.0,3573.0,3531.2,48980.0,3680.0,3705.0,3675.0,3750.0,72500.0,0.0,-1.866666666666672,1.9021739130434812,-7.635467980295562,-7.635467980295562,8.266666666666666,0.0,1.4801959983666804,True,False,False
6919,ケル,2026-09-07,1423.0,1474.0,1474.0,1428.6,1424.24,11880.0,1429.0,1429.0,1424.0,1423.0,22300.0,0.0,0.42164441321153046,-0.41987403778865895,-3.4599728629579385,-3.4599728629579385,3.5839775122979534,0.0,1.8771043771043772,False,False,False
6920,レーザーテック,2026-09-07,35590.0,41680.0,46870.0,33578.0,37082.4,3064600.0,35280.0,35340.0,34880.0,35280.0,179300.0,-0.8710311885361088,-0.8710311885361088,0.0,-15.355086372360848,-24.72797098357158,32.851473922902485,12.452015355086377,0.05850681981335248,False,False,False
6923,スタンレー電気,2026-09-07,3674.0,3740.0,3740.0,3651.6,3594.8,440080.0,3633.0,3675.0,3606.0,3618.0,31600.0,-1.5242242787152915,-1.1159499183451271,-0.41288191577208977,-3.262032085561495,-3.262032085561495,3.3720287451630693,0.0,0.07180512634066534,False,False,False
6925,ウシオ電機,2026-09-07,3792.0,4437.0,4437.0,3737.2,3974.8,482200.0,3750.0,3755.0,3710.0,3717.0,12900.0,-1.9778481012658222,-1.1075949367088556,-0.880000000000003,-16.227180527383368,-16.227180527383368,19.370460048426153,0.0,0.026752384902530072,False,False,False
6926,岡谷電機産業,2026-09-07,192.0,197.0,197.0,192.2,188.2,22280.0,192.0,192.0,192.0,192.0,11000.0,0.0,0.0,0.0,-2.538071065989844,-2.538071065989844,2.604166666666674,0.0,0.49371633752244165,False,False,False
6927,ヘリオス　テクノ　ホールディング,2026-09-07,992.0,1007.0,1007.0,990.4,968.36,47820.0,990.0,990.0,985.0,992.0,44700.0,0.0,-0.20161290322581182,0.20202020202020332,-1.4895729890764597,-1.4895729890764597,1.5120967741935498,0.0,0.9347553324968633,True,False,False
6928,エノモト,2026-09-07,3045.0,3320.0,3320.0,2978.6,2930.36,44340.0,3010.0,3010.0,2972.0,3005.0,5800.0,-1.3136288998357948,-1.1494252873563204,-0.16611295681062677,-9.487951807228912,-9.487951807228912,10.48252911813643,0.0,0.13080739738385205,False,False,False
6929,日本セラミック,2026-09-07,3730.0,3835.0,3990.0,3739.0,3753.4,87020.0,3715.0,3720.0,3700.0,3700.0,2900.0,-0.8042895442359255,-0.40214477211796273,-0.40376850605652326,-3.520208604954367,-7.2681704260651685,7.837837837837847,4.041720990873543,0.033325672259250746,False,False,False
6932,遠藤照明,2026-09-07,2527.0,2697.0,2784.0,2522.0,2596.28,31260.0,2518.0,2518.0,2493.0,2527.0,23400.0,0.0,-0.35615354174910463,0.35742652899126703,-6.30329996292176,-9.231321839080465,10.17016224772458,3.2258064516129004,0.7485604606525912,True,False,False
6941,山一電機,2026-09-07,7730.0,9450.0,10370.0,7608.0,8220.8,240320.0,7610.0,7680.0,7550.0,7630.0,13800.0,-1.2936610608020649,-1.5523932729624823,0.26281208935610145,-19.259259259259252,-26.42237222757956,35.910878112712986,9.73544973544973,0.05742343541944075,True,False,False
6942,ソフィアホールディングス,2026-09-07,1440.0,1470.0,1470.0,1449.4,1400.52,5760.0,1444.0,1444.0,1444.0,1440.0,8900.0,0.0,0.2777777777777768,-0.27700831024930483,-2.0408163265306145,-2.0408163265306145,2.083333333333326,0.0,1.5451388888888888,False,False,False
6943,ＮＫＫスイッチズ,2026-09-07,5540.0,5690.0,5690.0,5568.0,5426.0,520.0,5500.0,5630.0,5500.0,5540.0,500.0,0.0,-0.7220216606498187,0.727272727272732,-2.6362038664323406,-2.6362038664323406,2.707581227436817,0.0,0.9615384615384616,True,False,False
6946,日本アビオニクス,2026-09-07,6300.0,6350.0,6350.0,5916.0,5774.4,194600.0,6500.0,6590.0,6390.0,6520.0,52600.0,3.492063492063502,3.1746031746031855,0.3076923076922977,2.677165354330713,2.677165354330713,-2.60736196319018,0.0,0.27029804727646456,True,True,True
6947,図研,2026-09-07,4900.0,5220.0,5220.0,4956.0,4943.4,52260.0,4845.0,4860.0,4840.0,4840.0,4600.0,-1.224489795918371,-1.122448979591839,-0.10319917440660964,-7.279693486590033,-7.279693486590033,7.851239669421495,0.0,0.0880214313050134,False,False,False
6951,日本電子,2026-09-07,7063.0,9255.0,9255.0,6912.6,7616.72,288120.0,7005.0,7022.0,6931.0,6959.0,11700.0,-1.4724621265751137,-0.8211808013592004,-0.6566738044254117,-24.80821177741761,-24.80821177741761,32.9932461560569,0.0,0.040608079966680546,False,False,False
6952,カシオ計算機,2026-09-07,2319.0,2536.0,2536.0,2388.1,2359.24,1732060.0,2279.0,2299.5,2254.5,2261.5,124200.0,-2.4795170332039707,-1.7248814144027569,-0.7678806494076373,-10.82413249211357,-10.82413249211357,12.137961529957986,0.0,0.0717065228687228,False,False,False
6954,ファナック,2026-09-07,6011.0,6720.0,7240.0,5883.4,6183.36,4834940.0,6000.0,6003.0,5924.0,5964.0,349400.0,-0.7818998502744923,-0.18299783729828212,-0.6000000000000005,-11.250000000000004,-17.624309392265193,21.395036887994646,7.738095238095233,0.07226563307921091,False,False,False
6955,ＦＤＫ,2026-09-07,415.0,431.0,431.0,414.4,410.4,68660.0,415.0,415.0,413.0,415.0,49500.0,0.0,0.0,0.0,-3.7122969837587005,-3.7122969837587005,3.855421686746996,0.0,0.7209437809496068,False,False,False
6958,日本シイエムケイ,2026-09-07,755.0,810.0,810.0,773.4,739.16,976060.0,750.0,753.0,734.0,753.0,104200.0,-0.26490066225165476,-0.6622516556291425,0.40000000000000036,-7.037037037037042,-7.037037037037042,7.569721115537842,0.0,0.10675573222957604,True,False,False
6960,フクダ電子,2026-09-07,12140.0,12480.0,12480.0,12058.0,11892.4,58220.0,11950.0,12200.0,11900.0,11970.0,6200.0,-1.4003294892915963,-1.565074135090605,0.16736401673640433,-4.086538461538458,-4.086538461538458,4.260651629072676,0.0,0.10649261422191687,True,False,False
6961,エンプラス,2026-09-07,10420.0,12460.0,13460.0,9870.0,10595.2,146540.0,10410.0,10440.0,10290.0,10350.0,9100.0,-0.6717850287907834,-0.09596928982725794,-0.5763688760806907,-16.93418940609952,-23.105497771173845,30.04830917874397,8.02568218298556,0.062099085573904735,False,False,False
6962,大真空,2026-09-07,767.0,843.0,843.0,763.4,783.2,292380.0,759.0,760.0,755.0,757.0,17100.0,-1.3037809647979182,-1.04302477183833,-0.26350461133070047,-10.201660735468565,-10.201660735468565,11.360634081902244,0.0,0.05848553252616458,False,False,False
6963,ローム,2026-09-07,5243.0,5375.0,5375.0,4883.2,4793.36,3101000.0,5200.0,5205.0,5124.0,5152.0,231200.0,-1.735647530040052,-0.8201411405683756,-0.9230769230769265,-4.148837209302325,-4.148837209302325,4.328416149068315,0.0,0.0745565946468881,False,False,False
6964,サンコー,2026-09-07,693.0,715.0,715.0,695.4,695.8,5320.0,690.0,693.0,690.0,693.0,9600.0,0.0,-0.43290043290042934,0.43478260869564966,-3.076923076923077,-3.076923076923077,3.1746031746031855,0.0,1.8045112781954886,True,False,False
6965,浜松ホトニクス,2026-09-07,2359.5,2646.5,2646.5,2325.4,2400.72,2249280.0,2330.0,2330.0,2303.5,2317.0,177200.0,-1.8012290739563452,-1.250264886628527,-0.5579399141630859,-12.450406196863783,-12.450406196863783,14.220975399223136,0.0,0.0787807654004837,False,False,False
6966,三井ハイテック,2026-09-07,955.0,1002.0,1002.0,935.0,941.08,1310240.0,952.0,953.0,943.0,946.0,122300.0,-0.9424083769633551,-0.3141361256544517,-0.6302521008403339,-5.588822355289425,-5.588822355289425,5.919661733615222,0.0,0.09334167786054463,False,False,False
6969,松尾電機,2026-09-07,1045.0,1261.0,1261.0,1007.4,1051.64,23780.0,1018.0,1023.0,1018.0,1023.0,1100.0,-2.1052631578947323,-2.583732057416266,0.4911591355599265,-18.87390959555908,-18.87390959555908,23.26490713587488,0.0,0.04625735912531539,True,False,False
6971,京セラ,2026-09-07,3544.0,3981.0,3981.0,3544.4,3685.6,3907220.0,3492.0,3509.0,3481.0,3488.0,264400.0,-1.5801354401805856,-1.467268623024831,-0.11454753722794919,-12.383823160010044,-12.383823160010044,14.134174311926607,0.0,0.0676695962858503,False,False,False
6976,太陽誘電,2026-09-07,9824.0,11680.0,11750.0,9249.6,9748.84,25413100.0,9674.0,9674.0,9332.0,9371.0,1812600.0,-4.611156351791534,-1.526872964169379,-3.132106677692781,-19.768835616438352,-20.246808510638303,25.386831714865,0.5993150684931559,0.07132541878007799,False,False,False
6977,日本抵抗器製作所,2026-09-07,1400.0,1564.0,1631.0,1419.6,1492.04,3140.0,1400.0,1400.0,1400.0,1400.0,5300.0,0.0,0.0,0.0,-10.48593350383632,-14.163090128755362,16.500000000000004,4.2838874680307,1.6878980891719746,False,False,False
6981,村田製作所,2026-09-07,7620.0,8540.0,8540.0,7184.4,7392.12,19526720.0,7399.0,7399.0,7269.0,7310.0,1659100.0,-4.06824146981627,-2.9002624671916055,-1.2028652520610916,-14.402810304449654,-14.402810304449654,16.82626538987688,0.0,0.08496562658756822,False,False,False
6982,リード,2026-09-07,582.0,589.0,616.0,580.2,582.6,980.0,579.0,579.0,579.0,582.0,400.0,0.0,-0.5154639175257714,0.5181347150259086,-1.1884550084889645,-5.519480519480524,5.841924398625431,4.584040747028872,0.40816326530612246,True,False,False
6986,双葉電子工業,2026-09-07,782.0,806.0,806.0,775.4,702.4,419940.0,785.0,785.0,776.0,780.0,29100.0,-0.2557544757033292,0.38363171355497716,-0.6369426751592355,-3.2258064516129004,-3.2258064516129004,3.3333333333333437,0.0,0.06929561365909416,False,False,False
6988,日東電工,2026-09-07,3379.0,3626.0,3630.0,3466.8,3459.08,2411360.0,3344.0,3347.0,3304.0,3320.0,247800.0,-1.746078721515243,-1.0358094110683669,-0.7177033492822948,-8.439051296194155,-8.539944903581265,9.337349397590366,0.11031439602868787,0.10276358569437993,False,False,False
6989,北陸電気工業,2026-09-07,2439.0,2661.0,2661.0,2432.4,2456.68,4820.0,2417.0,2450.0,2415.0,2439.0,2300.0,0.0,-0.9020090200901998,0.9102192800992892,-8.342728297632473,-8.342728297632473,9.102091020910219,0.0,0.47717842323651455,True,False,False
6993,大黒屋ホールディングス,2026-09-07,86.0,112.0,112.0,85.8,91.96,1269800.0,85.0,86.0,85.0,85.0,199500.0,-1.1627906976744207,-1.1627906976744207,0.0,-24.10714285714286,-24.10714285714286,31.76470588235294,0.0,0.15711135611907387,False,False,False
6994,指月電機製作所,2026-09-07,1223.0,1334.0,1334.0,1172.8,1167.16,104480.0,1201.0,1205.0,1188.0,1200.0,9600.0,-1.880621422730988,-1.7988552739165997,-0.08326394671107629,-10.04497751124438,-10.04497751124438,11.166666666666657,0.0,0.09188361408882083,False,False,False
6995,東海理化電機製作所,2026-09-07,3185.0,3270.0,3445.0,3199.0,3104.96,154980.0,3140.0,3140.0,3125.0,3125.0,3200.0,-1.883830455259028,-1.4128728414442682,-0.4777070063694322,-4.434250764525993,-9.288824383164007,10.240000000000006,5.351681957186538,0.020647825525874308,False,False,False
6996,ニチコン,2026-09-07,2684.0,3150.0,3325.0,2622.2,2805.72,1340320.0,2653.0,2653.0,2598.0,2609.0,55300.0,-2.794336810730258,-1.1549925484351742,-1.6584998115341087,-17.174603174603178,-21.53383458646616,27.443464929091597,5.555555555555558,0.041258803867733077,False,False,False
6997,日本ケミコン,2026-09-07,2872.0,3275.0,3565.0,2789.2,2937.08,924900.0,2822.0,2844.0,2741.0,2764.0,59500.0,-3.760445682451252,-1.7409470752089096,-2.0552799433026236,-15.6030534351145,-22.46844319775596,28.97973950795949,8.85496183206107,0.06433127905719538,False,False,False
6998,日本タングステン,2026-09-07,3665.0,3700.0,3700.0,3576.0,3125.48,118960.0,3660.0,3700.0,3620.0,3700.0,8300.0,0.9549795361528002,-0.13642564802183177,1.0928961748633892,0.0,0.0,0.0,0.0,0.06977135171486214,True,False,False
6999,ＫＯＡ,2026-09-07,2279.0,2645.0,2783.0,2252.0,2356.6,477020.0,2234.0,2236.0,2196.0,2213.0,45600.0,-2.8960070206230815,-1.9745502413339167,-0.9400179051029522,-16.33270321361059,-20.481494789795185,25.756891098056943,5.217391304347818,0.09559347616452141,False,False,False
7003,三井Ｅ＆Ｓ,2026-09-07,4500.0,4612.0,5221.0,4271.2,4279.12,2337100.0,4450.0,4479.0,4420.0,4442.0,195500.0,-1.2888888888888839,-1.1111111111111072,-0.17977528089887507,-3.686036426712924,-14.920513311626127,17.537145429986502,13.204683434518639,0.08365067819092037,False,False,False
7004,カナデビア,2026-09-07,1193.0,1284.0,1284.0,1171.4,1202.88,1166500.0,1183.0,1190.0,1176.0,1183.0,90200.0,-0.8382229673092989,-0.8382229673092989,0.0,-7.866043613707163,-7.866043613707163,8.537616229923927,0.0,0.0773253321903129,False,False,False
7011,三菱重工業,2026-09-07,3829.0,4439.0,4439.0,3791.6,4000.84,14586460.0,3764.0,3779.0,3710.0,3722.0,1918500.0,-2.7944633063463065,-1.6975711674066307,-1.1158342189160453,-16.152286551025007,-16.152286551025007,19.263836646964005,0.0,0.13152608652133554,False,False,False
7012,川崎重工業,2026-09-07,2488.0,2955.5,2955.5,2464.7,2673.8,12079180.0,2441.5,2453.5,2404.0,2414.5,1684000.0,-2.954180064308687,-1.8689710610932497,-1.1058775343026794,-18.304855354423953,-18.304855354423953,22.40629529923379,0.0,0.1394134370048298,False,False,False
7013,ＩＨＩ,2026-09-07,2730.5,3098.0,3098.0,2666.1,2763.7,12114040.0,2650.5,2652.0,2618.5,2623.0,1621800.0,-3.937007874015752,-2.9298663248489287,-1.0375400867760787,-15.332472562943833,-15.332472562943833,18.1090354555852,0.0,0.13387771544422836,False,False,False
7014,名村造船所,2026-09-07,5080.0,5140.0,5140.0,4706.0,4517.4,1897940.0,5060.0,5070.0,4895.0,4920.0,308300.0,-3.149606299212604,-0.3937007874015741,-2.766798418972327,-4.280155642023342,-4.280155642023342,4.471544715447151,0.0,0.16243927626795368,False,False,False
7018,内海造船,2026-09-07,13880.0,13900.0,13900.0,12868.0,12078.8,34820.0,13780.0,13850.0,13510.0,13520.0,1800.0,-2.5936599423631135,-0.7204610951008661,-1.8867924528301883,-2.7338129496402908,-2.7338129496402908,2.8106508875739733,0.0,0.051694428489373924,False,False,False
7021,ニッチツ,2026-09-07,2213.0,2250.0,2250.0,2217.6,2152.6,1180.0,2187.0,2187.0,2187.0,2213.0,2300.0,0.0,-1.1748757342973315,1.1888431641517982,-1.6444444444444484,-1.6444444444444484,1.671938544961593,0.0,1.9491525423728813,True,False,False
7022,サノヤスホールディングス,2026-09-07,344.0,345.0,345.0,327.8,315.64,70400.0,343.0,343.0,341.0,343.0,8900.0,-0.29069767441860517,-0.29069767441860517,0.0,-0.5797101449275366,-0.5797101449275366,0.5830903790087438,0.0,0.12642045454545456,False,False,False
7030,スプリックス,2026-09-07,983.0,1068.0,1200.0,979.0,1015.56,7260.0,983.0,983.0,983.0,983.0,200.0,0.0,0.0,0.0,-7.958801498127343,-18.08333333333333,22.075279755849444,12.35955056179776,0.027548209366391185,False,False,False
7033,マネジメントソリューションズ,2026-09-07,1593.0,1744.0,1744.0,1602.2,1576.84,69560.0,1584.0,1585.0,1573.0,1585.0,5500.0,-0.5021971123666091,-0.5649717514124242,0.06313131313131493,-9.116972477064223,-9.116972477064223,10.031545741324921,0.0,0.07906843013225992,True,False,False
7034,プロレド・パートナーズ,2026-09-07,343.0,390.0,452.0,345.8,364.48,23620.0,343.0,344.0,343.0,343.0,23700.0,0.0,0.0,0.0,-12.051282051282053,-24.11504424778761,31.778425655976683,15.897435897435908,1.0033869602032177,False,False,False
7035,ａｎｄ　ｆａｃｔｏｒｙ,2026-09-07,233.0,339.0,339.0,231.0,255.88,51220.0,231.0,231.0,231.0,233.0,75700.0,0.0,-0.8583690987124415,0.8658008658008587,-31.268436578171087,-31.268436578171087,45.49356223175967,0.0,1.4779383053494728,True,False,False
7036,イーエムネットジャパン,2026-09-07,661.0,689.0,689.0,669.4,659.12,1780.0,668.0,669.0,661.0,661.0,900.0,0.0,1.0590015128593144,-1.0479041916167664,-4.0638606676342555,-4.0638606676342555,4.236006051437213,0.0,0.5056179775280899,False,False,False
7037,テノ．ホールディングス,2026-09-07,804.0,868.0,880.0,809.0,832.36,10260.0,803.0,803.0,803.0,804.0,12600.0,0.0,-0.12437810945273853,0.12453300124533051,-7.3732718894009235,-8.636363636363631,9.45273631840795,1.382488479262678,1.2280701754385965,True,False,False
7038,フロンティア・マネジメント,2026-09-07,585.0,597.0,597.0,587.8,573.8,13020.0,584.0,584.0,583.0,585.0,15700.0,0.0,-0.17094017094017033,0.1712328767123239,-2.010050251256279,-2.010050251256279,2.051282051282044,0.0,1.2058371735791091,True,False,False
7039,ブリッジインターナショナルグループ,2026-09-07,1359.0,1751.0,1760.0,1370.8,1483.04,15520.0,1364.0,1364.0,1355.0,1359.0,18100.0,0.0,0.3679175864606421,-0.3665689149560114,-22.387207310108515,-22.784090909090903,29.506990434142754,0.5139920045688084,1.166237113402062,False,False,False
7040,サン・ライフホールディング,2026-09-07,978.0,995.0,1000.0,975.2,976.32,500.0,978.0,978.0,978.0,978.0,600.0,0.0,0.0,0.0,-1.70854271356784,-2.200000000000002,2.249488752556239,0.5025125628140614,1.2,False,False,False
7041,ＣＲＧホールディングス,2026-09-07,355.0,360.0,360.0,356.4,348.16,5200.0,355.0,355.0,355.0,355.0,4000.0,0.0,0.0,0.0,-1.388888888888884,-1.388888888888884,1.4084507042253502,0.0,0.7692307692307693,False,False,False
7042,アクセスグループ・ホールディングス,2026-09-07,672.0,725.0,725.0,685.2,692.8,2340.0,672.0,672.0,672.0,672.0,700.0,0.0,0.0,0.0,-7.310344827586201,-7.310344827586201,7.886904761904767,0.0,0.29914529914529914,False,False,False
7043,アルー,2026-09-07,945.0,958.0,958.0,944.0,933.76,860.0,934.0,934.0,931.0,945.0,1000.0,0.0,-1.1640211640211673,1.177730192719495,-1.3569937369519836,-1.3569937369519836,1.3756613756613856,0.0,1.1627906976744187,True,False,False
7044,ピアラ,2026-09-07,510.0,536.0,536.0,509.4,513.8,11880.0,508.0,508.0,507.0,510.0,17100.0,0.0,-0.39215686274509665,0.3937007874015741,-4.850746268656714,-4.850746268656714,5.098039215686279,0.0,1.4393939393939394,True,False,False
7046,ＴＤＳＥ,2026-09-07,1353.0,1440.0,1440.0,1362.0,1321.76,1620.0,1357.0,1357.0,1357.0,1353.0,2700.0,0.0,0.2956393200295615,-0.29476787030213725,-6.041666666666668,-6.041666666666668,6.430155210643007,0.0,1.6666666666666667,False,False,False
7047,ポート,2026-09-07,2189.0,2690.0,2690.0,2164.6,2345.76,185420.0,2176.0,2176.0,2152.0,2161.0,7200.0,-1.2791228871630866,-0.593878483325716,-0.6893382352941124,-19.665427509293675,-19.665427509293675,24.479407681628885,0.0,0.03883076259303204,False,False,False
7048,ベルトラ,2026-09-07,159.0,165.0,165.0,157.6,155.52,120800.0,162.0,162.0,161.0,161.0,29200.0,1.2578616352201255,1.8867924528301883,-0.6172839506172867,-2.4242424242424288,-2.4242424242424288,2.4844720496894457,0.0,0.24172185430463577,False,False,False
7049,識学,2026-09-07,788.0,889.0,889.0,798.2,847.32,24760.0,790.0,790.0,790.0,790.0,1300.0,0.2538071065989911,0.2538071065989911,0.0,-11.136107986501687,-11.136107986501687,12.531645569620252,0.0,0.05250403877221325,False,False,False
7050,フロンティアインターナショナル,2026-09-07,1406.0,1505.0,1505.0,1430.4,1406.88,7140.0,1391.0,1391.0,1391.0,1406.0,21700.0,0.0,-1.0668563300142209,1.078360891444996,-6.578073089700998,-6.578073089700998,7.041251778093893,0.0,3.0392156862745097,True,False,False
7057,エヌ・シー・エヌ,2026-09-07,934.0,957.0,960.0,930.8,925.08,1380.0,935.0,935.0,935.0,934.0,1600.0,0.0,0.10706638115631772,-0.10695187165775666,-2.4033437826541326,-2.708333333333335,2.7837259100642386,0.31347962382444194,1.1594202898550725,False,False,False
7058,共栄セキュリティーサービス,2026-09-07,2970.0,2988.0,3300.0,2972.8,2942.24,340.0,2969.0,2969.0,2969.0,2970.0,1500.0,0.0,-0.033670033670030186,0.033681374200056347,-0.6024096385542133,-9.999999999999998,11.111111111111116,10.441767068273089,4.411764705882353,True,False,False
7059,コプロ・ホールディングス,2026-09-07,935.0,940.0,940.0,923.8,889.8,91340.0,934.0,934.0,921.0,922.0,7100.0,-1.3903743315508033,-0.10695187165775666,-1.2847965738758016,-1.9148936170212738,-1.9148936170212738,1.952277657266821,0.0,0.07773155244142764,False,False,False
7060,ギークス,2026-09-07,596.0,609.0,620.0,601.0,595.24,8240.0,599.0,599.0,576.0,576.0,9700.0,-3.3557046979865723,0.5033557046979942,-3.8397328881469073,-5.418719211822665,-7.096774193548383,7.638888888888884,1.806239737274229,1.1771844660194175,False,False,False
7061,日本ホスピスホールディングス,2026-09-07,472.0,573.0,579.0,475.4,511.04,52080.0,472.0,472.0,471.0,472.0,9700.0,0.0,0.0,0.0,-17.626527050610818,-18.480138169257344,22.669491525423723,1.0471204188481575,0.18625192012288785,False,False,False
7062,フレアス,2026-09-07,686.0,815.0,815.0,689.8,737.24,4300.0,686.0,686.0,680.0,680.0,1300.0,-0.8746355685131157,0.0,-0.8746355685131157,-16.564417177914116,-16.564417177914116,19.852941176470583,0.0,0.3023255813953488,False,False,False
7063,Ｂｉｒｄｍａｎ,2026-09-07,83.0,105.0,119.0,83.8,91.88,221540.0,84.0,84.0,82.0,82.0,105200.0,-1.2048192771084376,1.2048192771084265,-2.3809523809523836,-21.904761904761905,-31.092436974789916,45.12195121951219,13.33333333333333,0.47485781348740635,False,False,False
7064,ハウテレビジョン,2026-09-07,993.0,1023.0,1023.0,979.0,894.84,7500.0,993.0,993.0,993.0,993.0,8600.0,0.0,0.0,0.0,-2.9325513196480912,-2.9325513196480912,3.0211480362537735,0.0,1.1466666666666667,False,False,False
7065,ユーピーアール,2026-09-07,963.0,1048.0,1048.0,978.8,1003.08,11840.0,975.0,982.0,963.0,963.0,20700.0,0.0,1.2461059190031154,-1.2307692307692353,-8.110687022900764,-8.110687022900764,8.82658359293873,0.0,1.7483108108108107,False,False,False
7066,ピアズ,2026-09-07,460.0,496.0,496.0,453.8,450.52,60540.0,468.0,469.0,466.0,466.0,3800.0,1.304347826086949,1.7391304347825987,-0.42735042735042583,-6.048387096774189,-6.048387096774189,6.4377682403433445,0.0,0.06276841757515692,False,False,False
7067,ブランディングテクノロジー,2026-09-07,1040.0,1290.0,1290.0,1040.2,1031.24,940.0,1055.0,1055.0,1055.0,1040.0,1100.0,0.0,1.4423076923076872,-1.4218009478673022,-19.379844961240313,-19.379844961240313,24.03846153846154,0.0,1.1702127659574468,False,False,False
7068,フィードフォースグループ,2026-09-07,598.0,630.0,630.0,605.2,587.6,43640.0,598.0,598.0,593.0,595.0,1900.0,-0.5016722408026753,0.0,-0.5016722408026753,-5.555555555555558,-5.555555555555558,5.882352941176472,0.0,0.043538038496791935,False,False,False
7069,サイバー・バズ,2026-09-07,534.0,694.0,695.0,540.0,578.96,15880.0,534.0,534.0,534.0,534.0,26600.0,0.0,0.0,0.0,-23.054755043227672,-23.165467625899282,30.149812734082392,0.14409221902016434,1.6750629722921915,False,False,False
7071,アンビスホールディングス,2026-09-07,388.0,435.0,435.0,402.6,404.96,301180.0,389.0,389.0,384.0,387.0,79500.0,-0.2577319587628857,0.2577319587628857,-0.5141388174807249,-11.03448275862069,-11.03448275862069,12.4031007751938,0.0,0.26396175044823694,False,False,False
7072,インティメート・マージャー,2026-09-07,1129.0,1253.0,1253.0,1121.4,1141.12,5180.0,1110.0,1111.0,1110.0,1129.0,2700.0,0.0,-1.6829052258635957,1.7117117117117164,-9.896249002394253,-9.896249002394253,10.983170947741371,0.0,0.5212355212355212,True,False,False
7073,ジェイック,2026-09-07,2333.0,2399.0,2520.0,2356.8,2274.72,1100.0,2352.0,2352.0,2303.0,2333.0,1800.0,0.0,0.8144020574367694,-0.8078231292517057,-2.751146310962904,-7.4206349206349165,8.015430775825116,5.043768236765311,1.6363636363636365,False,False,False
7074,トゥエンティーフォーセブンホールディングス,2026-09-07,191.0,206.0,207.0,191.2,192.88,2400.0,192.0,192.0,192.0,191.0,2900.0,0.0,0.5235602094240788,-0.520833333333337,-7.281553398058249,-7.729468599033817,8.37696335078535,0.4854368932038833,1.2083333333333333,False,False,False
7075,ＱＬＳホールディングス,2026-09-07,1024.0,1026.0,1026.0,967.0,876.44,23840.0,1036.0,1036.0,1016.0,1016.0,6000.0,-0.78125,1.171875,-1.9305019305019266,-0.974658869395717,-0.974658869395717,0.9842519685039353,0.0,0.2516778523489933,False,False,False
7077,ＡＬｉＮＫインターネット,2026-09-07,988.0,1021.0,1024.0,987.0,1004.04,1280.0,985.0,985.0,985.0,988.0,1300.0,0.0,-0.30364372469635637,0.3045685279187804,-3.2321253672869754,-3.515625,3.6437246963562764,0.2938295788442735,1.015625,True,False,False
7078,ＩＮＣＬＵＳＩＶＥ　Ｈｏｌｄｉｎｇｓ,2026-09-07,344.0,419.0,419.0,349.6,346.64,10740.0,344.0,344.0,343.0,343.0,1100.0,-0.29069767441860517,0.0,-0.29069767441860517,-18.138424821002385,-18.138424821002385,22.157434402332356,0.0,0.10242085661080075,False,False,False
7080,スポーツフィールド,2026-09-07,905.0,914.0,914.0,894.0,851.44,21060.0,906.0,906.0,900.0,905.0,37300.0,0.0,0.11049723756906271,-0.11037527593819041,-0.9846827133479175,-0.9846827133479175,0.9944751381215422,0.0,1.7711301044634378,False,False,False
7081,コーユーレンティア,2026-09-07,1295.0,1331.0,1346.0,1298.4,1308.44,5320.0,1290.0,1290.0,1290.0,1295.0,3700.0,0.0,-0.38610038610038533,0.3875968992248069,-2.704733283245675,-3.7890044576523008,3.9382239382239392,1.1269722013523609,0.6954887218045113,True,False,False
7082,ジモティー,2026-09-07,1406.0,1408.0,1408.0,1406.2,1405.76,9620.0,1406.0,1407.0,1406.0,1406.0,4700.0,0.0,0.0,0.0,-0.14204545454545858,-0.14204545454545858,0.14224751066855834,0.0,0.4885654885654886,False,False,False
7083,ＡＨＣグループ,2026-09-07,1107.0,1185.0,1185.0,1101.4,1070.08,1760.0,1115.0,1115.0,1115.0,1107.0,1500.0,0.0,0.7226738934055899,-0.7174887892376636,-6.5822784810126596,-6.5822784810126596,7.046070460704601,0.0,0.8522727272727273,False,False,False
7084,Ｓｍｉｌｅ　Ｈｏｌｄｉｎｇｓ,2026-09-07,2975.0,3065.0,3065.0,2958.6,2805.6,5740.0,2995.0,2995.0,2995.0,2975.0,5500.0,0.0,0.6722689075630228,-0.6677796327211993,-2.9363784665579096,-2.9363784665579096,3.0252100840336027,0.0,0.9581881533101045,False,False,False
7085,カーブスホールディングス,2026-09-07,918.0,986.0,998.0,929.0,945.4,383740.0,918.0,918.0,911.0,914.0,17200.0,-0.43572984749454813,0.0,-0.43572984749454813,-7.302231237322521,-8.416833667334666,9.19037199124726,1.2170385395537497,0.04482201490592589,False,False,False
7087,ウイルテック,2026-09-07,1435.0,1450.0,1450.0,1426.0,1392.24,5040.0,1435.0,1435.0,1435.0,1435.0,6400.0,0.0,0.0,0.0,-1.0344827586206917,-1.0344827586206917,1.0452961672473782,0.0,1.2698412698412698,False,False,False
7089,フォースタートアップス,2026-09-07,1455.0,1689.0,1752.0,1486.8,1575.52,18760.0,1441.0,1441.0,1424.0,1427.0,4000.0,-1.9243986254295575,-0.9621993127147732,-0.9715475364330373,-15.512137359384248,-18.55022831050228,22.775052557813602,3.730017761989335,0.21321961620469082,False,False,False
7090,リグア,2026-09-07,948.0,954.0,954.0,938.8,869.84,1420.0,956.0,956.0,956.0,956.0,300.0,0.8438818565400741,0.8438818565400741,0.0,0.20964360587001352,0.20964360587001352,-0.20920502092049986,0.0,0.2112676056338028,False,True,True
7091,リビングプラットフォーム,2026-09-07,1257.0,1300.0,1300.0,1270.6,1250.28,11220.0,1274.0,1279.0,1271.0,1257.0,23300.0,0.0,1.352426412092278,-1.3343799058084804,-3.3076923076923115,-3.3076923076923115,3.4208432776451803,0.0,2.0766488413547237,False,False,False
7093,アディッシュ,2026-09-07,592.0,617.0,617.0,594.2,569.92,3500.0,602.0,602.0,602.0,592.0,4500.0,0.0,1.6891891891891886,-1.661129568106312,-4.051863857374394,-4.051863857374394,4.222972972972983,0.0,1.2857142857142858,False,False,False
7094,ＮｅｘＴｏｎｅ,2026-09-07,1876.0,1992.0,1992.0,1863.8,1755.88,81200.0,1876.0,1876.0,1846.0,1865.0,1200.0,-0.5863539445629007,0.0,-0.5863539445629007,-6.3755020080321305,-6.3755020080321305,6.809651474530831,0.0,0.014778325123152709,False,False,False
7095,Ｍａｃｂｅｅ　Ｐｌａｎｅｔ,2026-09-07,1264.0,1305.0,1305.0,1255.2,1247.28,55060.0,1260.0,1260.0,1251.0,1256.0,3000.0,-0.6329113924050667,-0.31645569620253333,-0.31746031746031633,-3.7547892720306564,-3.7547892720306564,3.9012738853503093,0.0,0.05448601525608427,False,False,False
7096,ステムセル研究所,2026-09-07,761.0,775.0,775.0,763.0,756.48,2620.0,756.0,756.0,756.0,761.0,1200.0,0.0,-0.6570302233902758,0.6613756613756516,-1.806451612903226,-1.806451612903226,1.8396846254927768,0.0,0.4580152671755725,True,False,False
7097,さくらさくプラス,2026-09-07,2755.0,2790.0,3015.0,2755.8,2741.52,3580.0,2754.0,2755.0,2754.0,2755.0,4000.0,0.0,-0.03629764065335994,0.03631082062454105,-1.2544802867383464,-8.62354892205639,9.437386569872963,8.064516129032251,1.1173184357541899,True,False,False
7102,日本車輌製造,2026-09-07,3635.0,3830.0,3925.0,3631.0,3607.6,34820.0,3600.0,3600.0,3575.0,3635.0,29400.0,0.0,-0.9628610729023435,0.9722222222222188,-5.0913838120104415,-7.388535031847132,7.9779917469051,2.4804177545691974,0.8443423319931074,True,False,False
7110,クラシコム,2026-09-07,2042.0,2053.0,2120.0,2028.8,2018.44,1680.0,2040.0,2040.0,2040.0,2042.0,600.0,0.0,-0.09794319294809117,0.09803921568627416,-0.5358012664393619,-3.6792452830188727,3.8197845249755114,3.263516804676092,0.35714285714285715,True,False,False
7111,ＩＮＥＳＴ,2026-09-07,525.0,549.0,549.0,530.4,507.48,3880.0,525.0,525.0,525.0,525.0,900.0,0.0,0.0,0.0,-4.371584699453557,-4.371584699453557,4.571428571428582,0.0,0.23195876288659795,False,False,False
7112,キューブ,2026-09-07,698.0,723.0,723.0,697.8,704.04,1580.0,696.0,696.0,696.0,698.0,4200.0,0.0,-0.2865329512893977,0.2873563218390718,-3.457814661134162,-3.457814661134162,3.5816618911174825,0.0,2.6582278481012658,True,False,False
7114,フーディソン,2026-09-07,777.0,810.0,810.0,777.6,782.84,1500.0,778.0,780.0,778.0,777.0,2500.0,0.0,0.12870012870012104,-0.12853470437017567,-4.074074074074074,-4.074074074074074,4.247104247104239,0.0,1.6666666666666667,False,False,False
7115,アルファパーチェス,2026-09-07,1498.0,1690.0,1690.0,1477.6,1527.12,6000.0,1498.0,1498.0,1498.0,1498.0,6600.0,0.0,0.0,0.0,-11.360946745562128,-11.360946745562128,12.817089452603469,0.0,1.1,False,False,False
7119,ハルメクホールディングス,2026-09-07,1932.0,1935.0,1935.0,1880.8,1756.44,17000.0,1959.0,1990.0,1959.0,1965.0,6900.0,1.7080745341614856,1.3975155279503104,0.3062787136294043,1.5503875968992276,1.5503875968992276,-1.526717557251911,0.0,0.40588235294117647,True,True,True
7120,ＳＨＩＮＫＯ,2026-09-07,1000.0,1100.0,1100.0,999.2,1010.92,13980.0,1001.0,1001.0,1001.0,1000.0,5100.0,0.0,0.09999999999998899,-0.09990009990009652,-9.090909090909093,-9.090909090909093,10.000000000000009,0.0,0.3648068669527897,False,False,False
7122,近畿車輛,2026-09-07,2446.0,2475.0,2475.0,2433.0,2387.44,2840.0,2458.0,2458.0,2458.0,2446.0,900.0,0.0,0.49059689288635244,-0.4882017900732283,-1.1717171717171682,-1.1717171717171682,1.1856091578086758,0.0,0.31690140845070425,False,False,False
7126,グローバルスタイル,2026-09-07,1444.0,1445.0,1575.0,1436.0,1420.08,2320.0,1435.0,1445.0,1435.0,1444.0,3300.0,0.0,-0.6232686980609414,0.6271777003484358,-0.06920415224913601,-8.317460317460313,9.072022160664828,8.996539792387548,1.4224137931034482,True,False,False
7127,一家ホールディングス,2026-09-07,711.0,712.0,712.0,709.4,702.68,6180.0,709.0,709.0,707.0,711.0,11600.0,0.0,-0.2812939521800284,0.28208744710860323,-0.1404494382022503,-0.1404494382022503,0.14064697609001975,0.0,1.8770226537216828,True,False,False
7128,ユニソルホールディングス,2026-09-07,2809.0,3015.0,3045.0,2750.8,2862.92,90940.0,2780.0,2804.0,2780.0,2797.0,5100.0,-0.4271982912068317,-1.0323958704165137,0.6115107913668982,-7.230514096185736,-8.144499178981935,8.866642831605297,0.995024875621886,0.05608093248295579,True,False,False
7129,ミアヘルサホールディングス,2026-09-07,1179.0,1179.0,1179.0,1172.4,1158.56,1480.0,1179.0,1179.0,1179.0,1179.0,1900.0,0.0,0.0,0.0,0.0,0.0,0.0,0.0,1.2837837837837838,False,False,False
7130,ヤマエグループホールディングス,2026-09-07,2825.0,2996.0,2996.0,2851.6,2883.8,71240.0,2817.0,2818.0,2810.0,2816.0,9200.0,-0.3185840707964571,-0.2831858407079668,-0.03549875754348397,-6.008010680907883,-6.008010680907883,6.392045454545459,0.0,0.1291409320606401,False,False,False
7131,のむら産業,2026-09-07,3850.0,3865.0,3865.0,3734.0,3615.6,3240.0,3795.0,3795.0,3790.0,3850.0,4400.0,0.0,-1.4285714285714235,1.449275362318847,-0.38809831824062613,-0.38809831824062613,0.3896103896103842,0.0,1.3580246913580247,True,False,False
7133,ＨＹＵＧＡ　ＰＲＩＭＡＲＹ　ＣＡＲＥ,2026-09-07,1309.0,1347.0,1347.0,1304.8,1284.52,3700.0,1305.0,1305.0,1305.0,1309.0,2900.0,0.0,-0.30557677616500634,0.30651340996168397,-2.821083890126208,-2.821083890126208,2.9029793735676046,0.0,0.7837837837837838,True,False,False
7134,アップガレージグループ,2026-09-07,1368.0,1516.0,1516.0,1364.6,1400.16,7800.0,1398.0,1408.0,1381.0,1381.0,2800.0,0.9502923976608235,2.1929824561403466,-1.2160228898426273,-8.905013192612133,-8.905013192612133,9.775524981897178,0.0,0.358974358974359,False,False,False
7135,ジャパンクラフトホールディングス,2026-09-07,180.0,220.0,220.0,180.4,190.92,23560.0,181.0,181.0,181.0,180.0,31400.0,0.0,0.5555555555555536,-0.5524861878453025,-18.181818181818176,-18.181818181818176,22.222222222222232,0.0,1.33276740237691,False,False,False
7138,ＴＯＲＩＣＯ,2026-09-07,151.0,218.0,218.0,156.2,148.28,884840.0,148.0,148.0,146.0,147.0,52200.0,-2.6490066225165587,-1.9867549668874163,-0.6756756756756799,-32.56880733944955,-32.56880733944955,48.29931972789117,0.0,0.05899371637810225,False,False,False
7140,ペットゴー,2026-09-07,799.0,815.0,815.0,800.6,802.28,1560.0,800.0,800.0,800.0,799.0,2000.0,0.0,0.12515644555695093,-0.12499999999999734,-1.9631901840490795,-1.9631901840490795,2.0025031289111483,0.0,1.2820512820512822,False,False,False
7148,ＦＰＧ,2026-09-07,1717.0,1736.0,1797.0,1705.2,1654.04,536720.0,1714.0,1714.0,1699.0,1707.0,73300.0,-0.5824111822946954,-0.17472335468841083,-0.40840140023337135,-1.6705069124423932,-5.008347245409017,5.272407732864681,3.5138248847926157,0.13657027873006408,False,False,False
7150,島根銀行,2026-09-07,524.0,550.0,550.0,532.4,514.52,28280.0,524.0,524.0,524.0,524.0,1100.0,0.0,0.0,0.0,-4.727272727272725,-4.727272727272725,4.961832061068705,0.0,0.038896746817538894,False,False,False
7157,ライフネット生命保険,2026-09-07,1418.0,1724.0,1724.0,1430.6,1532.76,238540.0,1409.0,1412.0,1401.0,1409.0,39300.0,-0.6346967559943573,-0.6346967559943573,0.0,-18.271461716937353,-18.271461716937353,22.356281050390358,0.0,0.1647522428104301,False,False,False
7161,じもとホールディングス,2026-09-07,612.0,625.0,625.0,600.8,561.8,182160.0,614.0,614.0,597.0,604.0,33600.0,-1.3071895424836555,0.32679738562091387,-1.6286644951140072,-3.3599999999999963,-3.3599999999999963,3.47682119205297,0.0,0.1844532279314888,False,False,False
7162,アストマックス,2026-09-07,307.0,328.0,328.0,299.4,272.64,424480.0,304.0,305.0,304.0,304.0,7900.0,-0.9771986970684043,-0.9771986970684043,0.0,-7.317073170731703,-7.317073170731703,7.8947368421052655,0.0,0.01861100640784018,False,False,False
7164,全国保証,2026-09-07,3170.0,3241.0,3274.0,3198.8,3153.76,303100.0,3150.0,3157.0,3140.0,3147.0,23400.0,-0.7255520504731883,-0.6309148264984188,-0.09523809523809268,-2.9003394014193162,-3.8790470372632835,4.035589450270094,1.0182042579450767,0.07720224348399868,False,False,False
7167,めぶきフィナンシャルグループ,2026-09-07,1703.0,1726.5,1726.5,1700.3,1638.72,2677920.0,1689.0,1693.0,1668.0,1676.0,157300.0,-1.5854374633000545,-0.8220786846740991,-0.7696862048549469,-2.9249927599189096,-2.9249927599189096,3.013126491646778,0.0,0.05873961880862759,False,False,False
7172,ジャパンインベストメントアドバイザー,2026-09-07,2131.0,2144.0,2164.0,2108.8,2074.32,136780.0,2121.0,2121.0,2107.0,2109.0,8400.0,-1.0323791647114056,-0.46926325668700253,-0.5657708628005631,-1.6324626865671599,-2.5415896487985257,2.6078710289236584,0.9328358208955168,0.06141248720573183,False,False,False
7173,東京きらぼしフィナンシャルグループ,2026-09-07,1715.0,1855.0,1855.0,1704.8,1720.12,998280.0,1690.0,1708.0,1670.0,1675.0,96200.0,-2.3323615160349864,-1.4577259475218707,-0.887573964497046,-9.703504043126687,-9.703504043126687,10.746268656716417,0.0,0.09636574908843211,False,False,False
7175,今村証券,2026-09-07,1975.0,2035.0,2035.0,1957.0,1819.04,10480.0,1950.0,1980.0,1940.0,1975.0,11900.0,0.0,-1.2658227848101222,1.2820512820512775,-2.9484029484029506,-2.9484029484029506,3.037974683544298,0.0,1.1354961832061068,True,False,False
7177,ＧＭＯフィナンシャルホールディングス,2026-09-07,1167.0,1243.0,1243.0,1177.2,1129.88,279540.0,1161.0,1161.0,1150.0,1153.0,30500.0,-1.1996572407883432,-0.5141388174807249,-0.6890611541774283,-7.240547063555914,-7.240547063555914,7.805724197745012,0.0,0.10910781998998355,False,False,False
7180,九州フィナンシャルグループ,2026-09-07,1612.0,1642.0,1642.0,1606.6,1539.94,1222280.0,1599.5,1600.5,1576.0,1585.5,150600.0,-1.643920595533499,-0.7754342431761763,-0.8752735229759279,-3.440925700365405,-3.440925700365405,3.5635446231472745,0.0,0.12321235723402166,False,False,False
7181,かんぽ生命保険,2026-09-07,1728.5,1762.0,1797.5,1723.8,1690.06,2392280.0,1713.5,1715.5,1700.5,1714.5,77800.0,-0.8099508244142295,-0.8678044547295372,0.05836008170412299,-2.695800227014755,-4.617524339360224,4.841061533974922,2.0147559591373376,0.032521276773621814,True,False,False
7182,ゆうちょ銀行,2026-09-07,3341.0,3455.0,3455.0,3387.0,3246.16,6037160.0,3290.0,3292.0,3257.0,3273.0,464700.0,-2.0353187668362804,-1.526489075127202,-0.5167173252279667,-5.267727930535459,-5.267727930535459,5.5606477238008045,0.0,0.07697327882646808,False,False,False
7183,あんしん保証,2026-09-07,254.0,255.0,255.0,254.2,254.04,12020.0,254.0,254.0,254.0,254.0,15000.0,0.0,0.0,0.0,-0.39215686274509665,-0.39215686274509665,0.3937007874015741,0.0,1.2479201331114809,False,False,False
7184,富山第一銀行,2026-09-07,3380.0,3470.0,3470.0,3363.0,3218.36,143100.0,3355.0,3355.0,3320.0,3320.0,8100.0,-1.7751479289940808,-0.7396449704141994,-1.0432190760059634,-4.322766570605186,-4.322766570605186,4.518072289156616,0.0,0.05660377358490566,False,False,False
7185,ヒロセ通商,2026-09-07,3935.0,3950.0,3950.0,3922.0,3920.6,6520.0,3940.0,3940.0,3920.0,3935.0,7200.0,0.0,0.12706480304955914,-0.12690355329949554,-0.37974683544304,-0.37974683544304,0.3811944091486552,0.0,1.1042944785276074,False,False,False
7186,横浜フィナンシャルグループ,2026-09-07,1926.5,1991.5,1995.5,1942.7,1894.84,3456120.0,1910.0,1910.5,1889.0,1893.5,400300.0,-1.712950947313785,-0.8564754736568925,-0.8638743455497422,-4.920913884007028,-5.111500876973185,5.386849749141809,0.20085362791866235,0.11582352464613498,False,False,False
7187,ジェイリース,2026-09-07,1350.0,1410.0,1410.0,1357.2,1369.12,58140.0,1345.0,1345.0,1339.0,1342.0,8200.0,-0.592592592592589,-0.37037037037036535,-0.22304832713754275,-4.822695035460988,-4.822695035460988,5.067064083457518,0.0,0.14103887168902648,False,False,False
7189,西日本フィナンシャルホールディングス,2026-09-07,4939.0,5094.0,5094.0,4948.0,4702.72,452060.0,4869.0,4884.0,4828.0,4858.0,24300.0,-1.6400080988054233,-1.4172909495849373,-0.22591907989319981,-4.632901452689442,-4.632901452689442,4.857966241251543,0.0,0.05375392646993762,False,False,False
7191,イントラスト,2026-09-07,1147.0,1188.0,1188.0,1160.4,1160.84,19320.0,1140.0,1142.0,1138.0,1147.0,17800.0,0.0,-0.6102877070618962,0.614035087719289,-3.4511784511784493,-3.4511784511784493,3.574542284219695,0.0,0.9213250517598344,True,False,False
7192,日本モーゲージサービス,2026-09-07,676.0,726.0,726.0,656.0,630.8,183780.0,676.0,676.0,670.0,670.0,4800.0,-0.887573964497046,0.0,-0.887573964497046,-7.7134986225895315,-7.7134986225895315,8.358208955223878,0.0,0.02611818478615736,False,False,False
7196,Ｃａｓａ,2026-09-07,745.0,758.0,790.0,746.0,743.12,5460.0,745.0,745.0,745.0,745.0,4400.0,0.0,0.0,0.0,-1.715039577836408,-5.696202531645566,6.040268456375841,4.221635883905006,0.8058608058608059,False,False,False
7198,ＳＢＩアルヒ,2026-09-07,833.0,853.0,853.0,834.8,832.28,115040.0,830.0,830.0,824.0,827.0,19000.0,-0.7202881152461038,-0.36014405762304635,-0.3614457831325302,-3.0480656506447823,-3.0480656506447823,3.1438935912938337,0.0,0.16515994436717663,False,False,False
7199,プレミアグループ,2026-09-07,2133.0,2265.0,2265.0,2099.4,2114.8,190740.0,2118.0,2124.0,2106.0,2124.0,9800.0,-0.42194092827003704,-0.7032348804500654,0.28328611898016387,-6.2251655629139035,-6.2251655629139035,6.638418079096042,0.0,0.05137884030617595,True,False,False
7201,日産自動車,2026-09-07,316.6000061035156,351.5,358.20001220703125,321.0,327.80400024414064,42183440.0,313.29998779296875,313.79998779296875,308.70001220703125,310.79998779296875,7214500.0,-1.8319703723096215,-1.0423304633379926,-0.7979572605831153,-11.57895084126067,-13.232837185573965,15.250973705197435,1.9061201157983598,0.17102682948569392,False,False,False
7202,いすゞ自動車,2026-09-07,2224.5,2332.5,2487.0,2242.8,2246.46,2909320.0,2200.0,2200.5,2157.5,2172.5,435900.0,-2.3376039559451556,-1.1013710946280009,-1.2499999999999956,-6.859592711682749,-12.645757941294733,14.476409666283075,6.623794212218659,0.1498288259799541,False,False,False
7203,トヨタ自動車,2026-09-07,3096.0,3269.0,3269.0,3134.0,3048.62,22444280.0,3040.0,3040.0,3004.0,3030.0,3484000.0,-2.131782945736438,-1.8087855297157618,-0.3289473684210509,-7.311104313245642,-7.311104313245642,7.88778877887788,0.0,0.1552288600926383,False,False,False
7208,カネミツ,2026-09-07,1312.0,1323.0,1360.0,1316.4,1308.48,1460.0,1303.0,1303.0,1303.0,1312.0,1300.0,0.0,-0.6859756097560954,0.6907137375287808,-0.8314436885865417,-3.529411764705881,3.658536585365857,2.7966742252456545,0.8904109589041096,True,False,False
7211,三菱自動車工業,2026-09-07,367.6000061035156,406.2999877929688,406.2999877929688,378.1200073242188,360.9960046386719,12194060.0,363.70001220703125,364.0,358.1000061035156,362.0,959300.0,-1.5233966296340773,-1.0609341217981738,-0.4674215424726347,-10.903270766412621,-10.903270766412621,12.23756568866541,0.0,0.07866945053575265,False,False,False
7212,エフテック,2026-09-07,741.0,765.0,765.0,747.4,728.48,17280.0,741.0,745.0,741.0,741.0,11500.0,0.0,0.0,0.0,-3.1372549019607843,-3.1372549019607843,3.238866396761142,0.0,0.6655092592592593,False,False,False
7213,レシップホールディングス,2026-09-07,672.0,693.0,693.0,679.6,659.28,17580.0,671.0,672.0,671.0,672.0,26800.0,0.0,-0.14880952380952328,0.14903129657228842,-3.0303030303030276,-3.0303030303030276,3.125,0.0,1.5244596131968147,True,False,False
7214,ＧＭＢ,2026-09-07,1122.0,1184.0,1184.0,1121.2,1109.76,6440.0,1117.0,1130.0,1116.0,1122.0,3000.0,0.0,-0.4456327985739805,0.44762757385854446,-5.236486486486491,-5.236486486486491,5.525846702317283,0.0,0.4658385093167702,True,False,False
7217,テイン,2026-09-07,457.0,467.0,467.0,456.6,451.4,3940.0,453.0,458.0,453.0,457.0,3700.0,0.0,-0.8752735229759279,0.8830022075055233,-2.1413276231263434,-2.1413276231263434,2.188183807439814,0.0,0.9390862944162437,True,False,False
7218,田中精密工業,2026-09-07,1165.0,1222.0,1222.0,1161.4,1107.24,5180.0,1191.0,1191.0,1172.0,1165.0,11600.0,0.0,2.2317596566523656,-2.183039462636438,-4.664484451718498,-4.664484451718498,4.892703862660941,0.0,2.2393822393822393,False,False,False
7220,武蔵精密工業,2026-09-07,3010.0,3825.0,3825.0,2948.4,3296.08,1117940.0,2966.0,2967.0,2883.0,2919.0,54000.0,-3.023255813953485,-1.46179401993356,-1.5846257585974355,-23.686274509803916,-23.686274509803916,31.03802672147995,0.0,0.04830312896935435,False,False,False
7222,日産車体,2026-09-07,915.0,984.0,1005.0,922.8,943.48,106620.0,909.0,909.0,896.0,905.0,23200.0,-1.0928961748633892,-0.6557377049180357,-0.44004400440044167,-8.028455284552848,-9.950248756218905,11.049723756906072,2.1341463414634054,0.21759519789908086,False,False,False
7224,新明和工業,2026-09-07,1974.0,2045.0,2045.0,1962.4,1988.08,179860.0,1951.0,1952.0,1939.0,1944.0,16500.0,-1.5197568389057725,-1.1651469098277634,-0.35879036391593955,-4.938875305623469,-4.938875305623469,5.195473251028804,0.0,0.0917380184588013,False,False,False
7226,極東開発工業,2026-09-07,2299.0,2377.0,2388.0,2308.4,2325.24,243220.0,2294.0,2294.0,2277.0,2291.0,43300.0,-0.3479773814701992,-0.21748586341887588,-0.1307759372275452,-3.6180058897770317,-4.061976549413737,4.233958969882146,0.462768195204033,0.178028122687279,False,False,False
7228,デイトナ,2026-09-07,4030.0,4100.0,4100.0,4046.0,3992.0,1700.0,4050.0,4050.0,4050.0,4030.0,1900.0,0.0,0.496277915632759,-0.4938271604938316,-1.7073170731707332,-1.7073170731707332,1.7369727047146455,0.0,1.1176470588235294,False,False,False
7231,トピー工業,2026-09-07,3095.0,3195.0,3195.0,3121.0,3018.72,58800.0,3060.0,3070.0,3035.0,3060.0,3900.0,-1.1308562197092087,-1.1308562197092087,0.0,-4.225352112676061,-4.225352112676061,4.4117647058823595,0.0,0.0663265306122449,False,False,False
7235,東京ラヂエーター製造,2026-09-07,1566.0,1623.0,1623.0,1564.4,1574.8,24460.0,1567.0,1567.0,1550.0,1553.0,2300.0,-0.8301404853129024,0.06385696040869249,-0.8934269304403331,-4.313000616142948,-4.313000616142948,4.507405022537014,0.0,0.09403107113654947,False,False,False
7236,ティラド,2026-09-07,1544.0,1611.0,1611.0,1536.4,1543.56,241100.0,1528.0,1529.0,1512.0,1517.0,26800.0,-1.7487046632124303,-1.0362694300518172,-0.7198952879581166,-5.834885164494108,-5.834885164494108,6.196440342781817,0.0,0.11115719618415595,False,False,False
7238,曙ブレーキ工業,2026-09-07,107.0,113.0,116.0,107.2,108.72,4184440.0,106.0,107.0,105.0,107.0,5763100.0,0.0,-0.9345794392523366,0.9433962264151052,-5.309734513274334,-7.758620689655171,8.411214953271017,2.6548672566371723,1.3772691208381527,True,False,False
7239,タチエス,2026-09-07,2376.0,2405.0,2405.0,2377.6,2327.36,73400.0,2370.0,2377.0,2349.0,2357.0,7500.0,-0.7996632996633002,-0.2525252525252486,-0.5485232067510504,-1.995841995841996,-1.995841995841996,2.036487059821801,0.0,0.10217983651226158,False,False,False
7240,ＮＯＫ,2026-09-07,3078.0,3138.0,3138.0,3061.6,3037.1,414400.0,3035.0,3050.0,3015.0,3024.0,52400.0,-1.7543859649122862,-1.3970110461338558,-0.3624382207578214,-3.632887189292544,-3.632887189292544,3.7698412698412787,0.0,0.12644787644787644,False,False,False
7241,フタバ産業,2026-09-07,1115.0,1146.0,1146.0,1123.4,1091.2,315200.0,1111.0,1111.0,1101.0,1104.0,109300.0,-0.9865470852017943,-0.35874439461883734,-0.6300630063006296,-3.6649214659685847,-3.6649214659685847,3.8043478260869623,0.0,0.34676395939086296,False,False,False
7242,カヤバ,2026-09-07,4830.0,4910.0,4910.0,4822.0,4652.0,131080.0,4775.0,4780.0,4730.0,4780.0,8700.0,-1.0351966873705987,-1.1387163561076608,0.10471204188482464,-2.647657841140527,-2.647657841140527,2.7196652719665204,0.0,0.06637168141592921,True,False,False
7244,市光工業,2026-09-07,597.0,606.0,606.0,585.6,563.6,186240.0,588.0,588.0,581.0,584.0,13500.0,-2.1775544388609736,-1.5075376884422065,-0.6802721088435382,-3.63036303630363,-3.63036303630363,3.767123287671237,0.0,0.07248711340206186,False,False,False
7245,大同メタル工業,2026-09-07,1202.0,1427.0,1556.0,1185.8,1305.96,355440.0,1188.0,1189.0,1177.0,1186.0,25500.0,-1.331114808652245,-1.1647254575707144,-0.16835016835017313,-16.888577435178696,-23.778920308483286,31.19730185497471,9.039943938332161,0.07174206617150573,False,False,False
7246,プレス工業,2026-09-07,1040.0,1056.0,1056.0,1025.8,977.44,491860.0,1035.0,1035.0,1021.0,1027.0,81600.0,-1.2499999999999956,-0.48076923076922906,-0.7729468599033784,-2.7462121212121215,-2.7462121212121215,2.8237585199610615,0.0,0.1659008661001098,False,False,False
7247,ミクニ,2026-09-07,376.0,381.0,381.0,376.0,369.84,53580.0,375.0,375.0,373.0,376.0,46800.0,0.0,-0.26595744680850686,0.2666666666666595,-1.3123359580052507,-1.3123359580052507,1.3297872340425565,0.0,0.8734602463605823,True,False,False
7254,ユニバンス,2026-09-07,831.0,850.0,863.0,833.0,818.56,1400.0,831.0,831.0,831.0,831.0,2900.0,0.0,0.0,0.0,-2.2352941176470575,-3.7079953650057895,3.8507821901323736,1.5294117647058902,2.0714285714285716,False,False,False
7255,桜井製作所,2026-09-07,509.0,533.0,580.0,513.0,518.8,4020.0,504.0,504.0,504.0,509.0,3300.0,0.0,-0.9823182711198419,0.9920634920634885,-4.502814258911824,-12.241379310344824,13.948919449901776,8.818011257035652,0.8208955223880597,True,False,False
7256,河西工業,2026-09-07,445.0,511.0,511.0,430.4,433.6,174260.0,443.0,443.0,434.0,434.0,3400.0,-2.4719101123595544,-0.44943820224718767,-2.031602708803615,-15.068493150684937,-15.068493150684937,17.741935483870975,0.0,0.019511075404567885,False,False,False
7259,アイシン,2026-09-07,2285.0,2325.0,2545.5,2267.8,2241.68,2313960.0,2270.0,2277.0,2245.0,2256.5,100800.0,-1.247264770240697,-0.6564551422319487,-0.5947136563876687,-2.946236559139781,-11.353368689844823,12.807445158431197,9.483870967741925,0.04356168645957579,False,False,False
7261,マツダ,2026-09-07,1162.0,1275.0,1275.0,1206.5,1183.72,8662160.0,1145.5,1146.0,1122.5,1132.5,1765300.0,-2.53872633390706,-1.419965576592086,-1.1348756001746008,-11.176470588235299,-11.176470588235299,12.58278145695364,0.0,0.20379443464447666,False,False,False
7264,ムロコーポレーション,2026-09-07,1357.0,1375.0,1410.0,1354.6,1342.44,1800.0,1357.0,1357.0,1357.0,1357.0,800.0,0.0,0.0,0.0,-1.3090909090909042,-3.7588652482269502,3.905674281503324,2.5454545454545396,0.4444444444444444,False,False,False
7265,エイケン工業,2026-09-07,3700.0,3905.0,3905.0,3771.0,3844.8,1480.0,3820.0,3820.0,3700.0,3700.0,2200.0,0.0,3.2432432432432323,-3.141361256544506,-5.2496798975672165,-5.2496798975672165,5.5405405405405395,0.0,1.4864864864864864,False,False,False
7266,今仙電機製作所,2026-09-07,1011.0,1042.0,1042.0,1012.0,976.32,23700.0,1009.0,1009.0,999.0,1000.0,9700.0,-1.0880316518298683,-0.1978239366963397,-0.8919722497522264,-4.0307101727447225,-4.0307101727447225,4.200000000000004,0.0,0.4092827004219409,False,False,False
7267,本田技研工業,2026-09-07,1695.0,1762.5,1762.5,1706.9,1681.68,14205060.0,1660.0,1664.0,1645.5,1658.5,1655800.0,-2.1533923303834857,-2.0648967551622377,-0.09036144578312699,-5.900709219858157,-5.900709219858157,6.270726560144713,0.0,0.11656409758212918,False,False,False
7269,スズキ,2026-09-07,2055.0,2288.0,2288.0,2121.5,2070.12,6846820.0,2017.0,2021.0,2003.0,2020.5,566600.0,-1.6788321167883202,-1.8491484184914864,0.1735250371839303,-11.691433566433563,-11.691433566433563,13.23929720366246,0.0,0.08275374553442327,True,False,False
7270,ＳＵＢＡＲＵ,2026-09-07,2640.5,2749.0,2881.5,2666.9,2606.88,3536980.0,2597.0,2598.5,2575.0,2597.0,563900.0,-1.6474152622609317,-1.6474152622609317,0.0,-5.529283375773009,-9.873329862918624,10.954948016942634,4.819934521644242,0.15942979604069007,False,False,False
7271,安永,2026-09-07,810.0,829.0,1005.0,807.6,835.84,52940.0,810.0,810.0,804.0,809.0,11600.0,-0.12345679012345512,0.0,-0.12345679012345512,-2.4125452352231624,-19.502487562189053,24.227441285537708,21.230398069963808,0.219115980355119,False,False,False
7272,ヤマハ発動機,2026-09-07,1848.5,1987.0,1987.0,1895.5,1869.8,5483460.0,1808.5,1824.0,1796.0,1808.0,778400.0,-2.1909656478225625,-2.163916689207468,-0.027647221454241144,-9.00855561147459,-9.00855561147459,9.900442477876116,0.0,0.14195416762409135,False,False,False
7273,イクヨ,2026-09-07,604.0,613.0,617.0,588.8,595.4,34540.0,610.0,610.0,609.0,604.0,48200.0,0.0,0.9933774834437026,-0.983606557377048,-1.4681892332789603,-2.1069692058346856,2.1523178807947074,0.6525285481239873,1.3954834973943253,False,False,False
7276,小糸製作所,2026-09-07,2712.5,2770.0,2770.0,2717.6,2693.66,666420.0,2683.5,2686.0,2667.5,2679.0,33900.0,-1.2350230414746588,-1.0691244239631303,-0.1676914477361624,-3.285198555956681,-3.285198555956681,3.396789846957815,0.0,0.05086882146394166,False,False,False
7277,ＴＢＫ,2026-09-07,348.0,364.0,364.0,353.2,350.92,25980.0,348.0,348.0,348.0,348.0,11100.0,0.0,0.0,0.0,-4.395604395604391,-4.395604395604391,4.597701149425282,0.0,0.42725173210161665,False,False,False
7278,エクセディ,2026-09-07,6090.0,6290.0,6290.0,6156.0,6106.4,256700.0,6070.0,6070.0,6010.0,6010.0,43300.0,-1.3136288998357948,-0.3284072249589487,-0.9884678747940745,-4.451510333863274,-4.451510333863274,4.658901830282858,0.0,0.16867939228671602,False,False,False
7279,ハイレックスコーポレーション,2026-09-07,2589.0,2759.0,2759.0,2632.6,2570.68,135200.0,2571.0,2571.0,2461.0,2475.0,15900.0,-4.403244495944381,-0.6952491309385911,-3.7339556592765444,-10.293584632113085,-10.293584632113085,11.474747474747481,0.0,0.11760355029585799,False,False,False
7280,ミツバ,2026-09-07,1342.0,1361.0,1361.0,1329.8,1280.84,164580.0,1336.0,1336.0,1322.0,1325.0,21700.0,-1.266766020864385,-0.44709388971684305,-0.823353293413176,-2.645113886847905,-2.645113886847905,2.71698113207548,0.0,0.1318507716611982,False,False,False
7282,豊田合成,2026-09-07,5480.0,5595.0,5720.0,5455.8,5298.76,413120.0,5384.0,5384.0,5275.0,5333.0,66700.0,-2.6824817518248167,-1.7518248175182438,-0.9472511144130724,-4.682752457551387,-6.7657342657342685,7.256703543971499,2.2341376228775633,0.16145429899302866,False,False,False
7283,愛三工業,2026-09-07,2315.0,2394.0,2527.0,2321.6,2294.44,125780.0,2300.0,2300.0,2270.0,2286.0,12500.0,-1.2526997840172749,-0.6479481641468721,-0.6086956521739184,-4.511278195488721,-9.537000395726158,10.542432195975504,5.555555555555558,0.09937986961361106,False,False,False
7284,盟和産業,2026-09-07,1162.0,1203.0,1203.0,1163.2,1181.32,640.0,1161.0,1161.0,1161.0,1162.0,800.0,0.0,-0.0860585197934638,0.08613264427217437,-3.408146300914383,-3.408146300914383,3.528399311531838,0.0,1.25,True,False,False
7287,日本精機,2026-09-07,2806.0,2825.0,2825.0,2746.4,2639.56,177340.0,2798.0,2805.0,2751.0,2755.0,13600.0,-1.8175338560228127,-0.28510334996436626,-1.5368120085775594,-2.4778761061946875,-2.4778761061946875,2.5408348457350183,0.0,0.0766888462839743,False,False,False
7291,日本プラスト,2026-09-07,464.0,475.0,491.0,466.0,460.0,34760.0,465.0,465.0,460.0,464.0,24400.0,0.0,0.21551724137931494,-0.21505376344086446,-2.3157894736842155,-5.498981670061099,5.81896551724137,3.368421052631576,0.7019562715765247,False,False,False
7292,村上開明堂,2026-09-07,6890.0,7000.0,7000.0,6868.0,6705.2,3860.0,6950.0,6960.0,6950.0,6960.0,300.0,1.0159651669085612,0.8708272859216271,0.14388489208632116,-0.5714285714285672,-0.5714285714285672,0.5747126436781658,0.0,0.07772020725388601,True,False,False
7294,ヨロズ,2026-09-07,908.0,951.0,951.0,914.8,915.52,42760.0,904.0,904.0,900.0,902.0,15100.0,-0.6607929515418554,-0.4405286343612369,-0.22123893805309214,-5.152471083070454,-5.152471083070454,5.432372505543248,0.0,0.353133769878391,False,False,False
7296,エフ・シー・シー,2026-09-07,4160.0,4330.0,4330.0,4212.0,4126.6,149800.0,4130.0,4130.0,4075.0,4095.0,12000.0,-1.5625,-0.7211538461538436,-0.8474576271186418,-5.427251732101612,-5.427251732101612,5.7387057387057405,0.0,0.0801068090787717,False,False,False
7297,カーメイト,2026-09-07,873.0,874.0,898.0,867.0,861.88,1280.0,873.0,873.0,873.0,873.0,5400.0,0.0,0.0,0.0,-0.11441647597254523,-2.7839643652561197,2.86368843069873,2.7459954233409523,4.21875,False,False,False
7299,フジオーゼックス,2026-09-07,1851.0,1916.0,2009.0,1860.8,1859.24,2880.0,1851.0,1851.0,1851.0,1851.0,1500.0,0.0,0.0,0.0,-3.3924843423799533,-7.8646092583374845,8.535926526202054,4.853862212943638,0.5208333333333334,False,False,False
7305,新家工業,2026-09-07,2777.0,2793.0,2793.0,2774.2,2707.6,23040.0,2785.0,2785.0,2767.0,2769.0,2000.0,-0.28808066258552145,0.28808066258552145,-0.5745062836624792,-0.8592910848549962,-0.8592910848549962,0.8667388949079147,0.0,0.08680555555555555,False,False,False
7309,シマノ,2026-09-07,18780.0,20775.0,21530.0,19297.0,19761.2,291520.0,18625.0,18725.0,18520.0,18675.0,26800.0,-0.5591054313099031,-0.8253461128860495,0.26845637583892135,-10.108303249097473,-13.26056665118439,15.287817938420357,3.6341756919374246,0.09193194291986828,True,False,False
7313,テイ・エス　テック,2026-09-07,1849.0,1874.0,1891.5,1857.5,1833.2,310400.0,1840.5,1847.5,1828.5,1833.5,38900.0,-0.8382909680908601,-0.45970795024337097,-0.380331431676173,-2.161152614727857,-3.0663494581020356,3.163348786473952,0.9338313767342621,0.1253221649484536,False,False,False
7314,小田原機器,2026-09-07,1326.0,1340.0,1340.0,1321.0,1304.68,2020.0,1332.0,1332.0,1332.0,1326.0,2700.0,0.0,0.4524886877828038,-0.45045045045044585,-1.0447761194029903,-1.0447761194029903,1.0558069381598756,0.0,1.3366336633663367,False,False,False
7318,セレンディップ・ホールディングス,2026-09-07,1410.0,1635.0,2130.0,1377.4,1560.88,145040.0,1390.0,1390.0,1363.0,1379.0,8200.0,-2.1985815602836856,-1.4184397163120588,-0.7913669064748219,-15.657492354740066,-35.25821596244132,54.45975344452503,30.27522935779816,0.056536127964699395,False,False,False
7320,Ｓｏｌｖｖｙ,2026-09-07,1472.0,1600.0,1600.0,1475.4,1475.68,37500.0,1458.0,1458.0,1450.0,1472.0,18700.0,0.0,-0.9510869565217406,0.9602194787379892,-7.9999999999999964,-7.9999999999999964,8.695652173913038,0.0,0.49866666666666665,True,False,False
7322,三十三フィナンシャルグループ,2026-09-07,2140.0,2253.0,2253.0,2151.4,2026.48,420140.0,2128.0,2140.0,2090.0,2102.0,17000.0,-1.7757009345794383,-0.5607476635513975,-1.2218045112781906,-6.702174877940525,-6.702174877940525,7.183634633682212,0.0,0.04046270290855429,False,False,False
7325,アイリックコーポレーション,2026-09-07,695.0,740.0,740.0,701.6,702.84,7060.0,696.0,696.0,696.0,695.0,6100.0,0.0,0.14388489208632116,-0.1436781609195359,-6.081081081081086,-6.081081081081086,6.474820143884896,0.0,0.8640226628895185,False,False,False
7326,ＳＢＩインシュアランスグループ,2026-09-07,2168.0,2168.0,2171.0,2129.0,2105.96,18060.0,2147.0,2147.0,2133.0,2168.0,21500.0,0.0,-0.9686346863468587,0.9781089892873851,0.0,-0.13818516812529325,0.13837638376383854,0.13837638376383854,1.1904761904761905,True,False,False
7327,第四北越フィナンシャルグループ,2026-09-07,2647.0,2683.0,2683.0,2635.0,2489.32,794860.0,2627.0,2637.0,2598.0,2612.0,50600.0,-1.3222516055912403,-0.7555723460521357,-0.5709935287400048,-2.6462914647782387,-2.6462914647782387,2.7182235834609436,0.0,0.06365900913368391,False,False,False
7337,ひろぎんホールディングス,2026-09-07,2396.0,2443.5,2443.5,2402.4,2322.76,608460.0,2380.0,2381.5,2354.5,2361.5,38000.0,-1.4398998330550916,-0.6677796327211993,-0.7773109243697451,-3.355842029875178,-3.355842029875178,3.4723692568282782,0.0,0.06245274956447425,False,False,False
7343,ブロードマインド,2026-09-07,1294.0,1307.0,1307.0,1293.6,1266.8,2700.0,1284.0,1284.0,1284.0,1294.0,900.0,0.0,-0.7727975270479082,0.7788161993769416,-0.9946442234123998,-0.9946442234123998,1.004636785162294,0.0,0.3333333333333333,True,False,False
7345,アイ・パートナーズフィナンシャル,2026-09-07,945.0,960.0,989.0,943.8,945.64,620.0,930.0,944.0,930.0,944.0,400.0,-0.10582010582010914,-1.5873015873015928,1.505376344086029,-1.6666666666666718,-4.5500505561172915,4.766949152542366,3.0208333333333393,0.6451612903225806,True,False,False
7347,マーキュリアホールディングス,2026-09-07,795.0,812.0,812.0,797.4,788.36,12460.0,797.0,797.0,797.0,795.0,8300.0,0.0,0.2515723270440251,-0.25094102885822034,-2.0935960591133007,-2.0935960591133007,2.1383647798742134,0.0,0.666131621187801,False,False,False
7350,おきなわフィナンシャルグループ,2026-09-07,7920.0,8280.0,8280.0,7882.0,7721.6,95200.0,7800.0,7800.0,7710.0,7920.0,63700.0,0.0,-1.5151515151515138,1.538461538461533,-4.347826086956519,-4.347826086956519,4.545454545454541,0.0,0.6691176470588235,True,False,False
7351,グッドパッチ,2026-09-07,459.0,489.0,489.0,472.0,455.04,17040.0,456.0,459.0,456.0,459.0,24200.0,0.0,-0.6535947712418277,0.6578947368421018,-6.134969325153373,-6.134969325153373,6.5359477124183,0.0,1.42018779342723,True,False,False
7352,ＴＷＯＳＴＯＮＥ＆Ｓｏｎｓ,2026-09-07,328.0,384.0,384.0,324.4,347.12,39040.0,325.0,325.0,325.0,325.0,12000.0,-0.9146341463414642,-0.9146341463414642,0.0,-15.364583333333337,-15.364583333333337,18.153846153846164,0.0,0.3073770491803279,False,False,False
7353,ＫＩＹＯラーニング,2026-09-07,530.0,568.0,575.0,535.8,545.52,7560.0,530.0,530.0,530.0,530.0,7200.0,0.0,0.0,0.0,-6.690140845070425,-7.826086956521738,8.490566037735858,1.232394366197176,0.9523809523809523,False,False,False
7354,ダイレクトマーケティングミックス,2026-09-07,421.0,433.0,433.0,406.8,370.56,587300.0,420.0,430.0,416.0,427.0,81700.0,1.4251781472684133,-0.23752969121140222,1.6666666666666607,-1.385681293302543,-1.385681293302543,1.4051522248243575,0.0,0.1391111867869913,True,False,False
7356,Ｒｅｔｔｙ,2026-09-07,114.0,143.0,143.0,115.6,118.04,23660.0,117.0,128.0,117.0,117.0,154200.0,2.6315789473684292,2.6315789473684292,0.0,-18.181818181818176,-18.181818181818176,22.222222222222232,0.0,6.517328825021132,False,False,False
7357,ジオコード,2026-09-07,1711.0,1980.0,1980.0,1706.6,1754.48,5740.0,1711.0,1711.0,1711.0,1711.0,3700.0,0.0,0.0,0.0,-13.58585858585859,-13.58585858585859,15.721800116890705,0.0,0.6445993031358885,False,False,False
7358,ポピンズ,2026-09-07,1805.0,1918.0,1918.0,1833.0,1740.56,21500.0,1845.0,1853.0,1833.0,1805.0,20300.0,0.0,2.216066481994461,-2.168021680216803,-5.891553701772678,-5.891553701772678,6.260387811634338,0.0,0.9441860465116279,False,False,False
7359,東京通信グループ,2026-09-07,275.0,303.0,303.0,283.8,253.24,59000.0,275.0,278.0,275.0,275.0,54700.0,0.0,0.0,0.0,-9.24092409240924,-9.24092409240924,10.18181818181818,0.0,0.9271186440677966,False,False,False
7360,オンデック,2026-09-07,638.0,665.0,665.0,640.2,644.8,1500.0,638.0,638.0,638.0,638.0,1000.0,0.0,0.0,0.0,-4.060150375939853,-4.060150375939853,4.2319749216300995,0.0,0.6666666666666666,False,False,False
7361,ヒューマンクリエイションホールディングス,2026-09-07,1192.0,1210.0,1210.0,1195.0,1195.88,5540.0,1196.0,1204.0,1196.0,1204.0,2100.0,1.0067114093959662,0.3355704697986628,0.6688963210702337,-0.49586776859503745,-0.49586776859503745,0.4983388704318914,0.0,0.37906137184115524,True,False,False
7362,Ｔ．Ｓ．Ｉ,2026-09-07,862.0,900.0,900.0,871.0,869.64,1440.0,862.0,862.0,862.0,862.0,1200.0,0.0,0.0,0.0,-4.222222222222227,-4.222222222222227,4.408352668213467,0.0,0.8333333333333334,False,False,False
7363,ベビーカレンダー,2026-09-07,1300.0,1970.0,1970.0,1291.8,1284.28,1100.0,1300.0,1300.0,1300.0,1300.0,800.0,0.0,0.0,0.0,-34.01015228426396,-34.01015228426396,51.53846153846153,0.0,0.7272727272727273,False,False,False
7366,ＬＩＴＡＬＩＣＯ,2026-09-07,1803.0,1947.0,1947.0,1821.0,1815.76,97160.0,1782.0,1800.0,1782.0,1803.0,106200.0,0.0,-1.1647254575707144,1.1784511784511675,-7.395993836671799,-7.395993836671799,7.98668885191347,0.0,1.0930424042815974,True,False,False
7367,セルム,2026-09-07,331.0,339.0,342.0,330.4,334.08,6340.0,331.0,331.0,331.0,331.0,8000.0,0.0,0.0,0.0,-2.359882005899705,-3.2163742690058506,3.3232628398791597,0.8849557522123908,1.2618296529968454,False,False,False
7368,表示灯,2026-09-07,1714.0,1729.0,1729.0,1715.8,1700.44,2220.0,1714.0,1714.0,1714.0,1714.0,1200.0,0.0,0.0,0.0,-0.8675534991324452,-0.8675534991324452,0.875145857642945,0.0,0.5405405405405406,False,False,False
7369,メイホーホールディングス,2026-09-07,399.0,419.0,419.0,367.2,360.04,16440.0,403.0,404.0,401.0,399.0,81200.0,0.0,1.0025062656641603,-0.992555831265507,-4.77326968973747,-4.77326968973747,5.012531328320802,0.0,4.9391727493917275,False,False,False
7370,Ｅｎｊｉｎ,2026-09-07,717.0,721.0,721.0,718.2,712.68,2560.0,717.0,717.0,717.0,717.0,1700.0,0.0,0.0,0.0,-0.554785020804438,-0.554785020804438,0.557880055788007,0.0,0.6640625,False,False,False
7371,Ｚｅｎｋｅｎ,2026-09-07,824.0,824.0,824.0,814.6,765.6,34780.0,824.0,824.0,820.0,824.0,51600.0,0.0,0.0,0.0,0.0,0.0,0.0,0.0,1.4836112708453133,False,False,False
7372,デコルテ・ホールディングス,2026-09-07,395.0,408.0,408.0,391.8,391.68,7660.0,395.0,395.0,390.0,395.0,8000.0,0.0,0.0,0.0,-3.1862745098039214,-3.1862745098039214,3.2911392405063244,0.0,1.0443864229765014,False,False,False
7373,アイドマ・ホールディングス,2026-09-07,929.0,1006.0,1006.0,943.6,948.64,43040.0,933.0,933.0,923.0,927.0,5300.0,-0.21528525296017342,0.43057050592034685,-0.6430868167202619,-7.852882703777331,-7.852882703777331,8.522114347357057,0.0,0.12314126394052044,False,False,False
7374,コンフィデンス・インターワークス,2026-09-07,1522.0,1550.0,1550.0,1533.0,1524.44,11500.0,1533.0,1550.0,1519.0,1522.0,26800.0,0.0,0.7227332457293123,-0.7175472928897642,-1.806451612903226,-1.806451612903226,1.8396846254927768,0.0,2.3304347826086955,False,False,False
7375,リファインバースグループ,2026-09-07,1198.0,1333.0,1333.0,1164.0,1177.88,28180.0,1202.0,1202.0,1195.0,1198.0,27300.0,0.0,0.33388981636059967,-0.33277870216306127,-10.127531882970741,-10.127531882970741,11.268781302170282,0.0,0.9687721788502484,False,False,False
7376,ＢＣＣ,2026-09-07,750.0,1107.0,1200.0,814.4,929.68,51740.0,748.0,748.0,731.0,750.0,95400.0,0.0,-0.2666666666666706,0.2673796791443861,-32.24932249322493,-37.5,60.00000000000001,8.401084010840098,1.8438345574023967,True,False,False
7377,ＤＮホールディングス,2026-09-07,1701.0,1748.0,1755.0,1719.4,1708.56,3820.0,1709.0,1709.0,1709.0,1701.0,21300.0,0.0,0.4703115814226999,-0.4681100058513743,-2.6887871853546907,-3.076923076923077,3.1746031746031855,0.4004576659038861,5.575916230366492,False,False,False
7378,アシロ,2026-09-07,1575.0,1674.0,1674.0,1575.8,1539.68,16000.0,1575.0,1575.0,1567.0,1575.0,14100.0,0.0,0.0,0.0,-5.913978494623651,-5.913978494623651,6.2857142857142945,0.0,0.88125,False,False,False
7380,十六フィナンシャルグループ,2026-09-07,2642.0,2706.0,2706.0,2649.0,2532.56,336580.0,2620.0,2640.0,2586.0,2591.0,24200.0,-1.930355791067373,-0.832702498107496,-1.1068702290076282,-4.24981522542498,-4.24981522542498,4.43844075646469,0.0,0.07189969695169053,False,False,False
7381,ＣＣＩグループ,2026-09-07,1305.0,1314.0,1314.0,1283.2,1236.88,392920.0,1298.0,1298.0,1283.0,1287.0,41100.0,-1.379310344827589,-0.5363984674329525,-0.8474576271186418,-2.0547945205479423,-2.0547945205479423,2.0979020979021046,0.0,0.10460144558688791,False,False,False
7383,ネットプロテクションズホールディングス,2026-09-07,415.0,474.0,474.0,405.2,440.68,959360.0,410.0,410.0,402.0,407.0,100900.0,-1.927710843373498,-1.2048192771084376,-0.7317073170731714,-14.135021097046419,-14.135021097046419,16.46191646191646,0.0,0.10517428285523682,False,False,False
7384,プロクレアホールディングス,2026-09-07,5000.0,5030.0,5030.0,4770.0,4513.8,108200.0,4975.0,5030.0,4930.0,4940.0,6400.0,-1.200000000000001,-0.5000000000000004,-0.7035175879396949,-1.7892644135188873,-1.7892644135188873,1.8218623481781382,0.0,0.059149722735674676,False,False,False
7388,ＦＰパートナー,2026-09-07,2323.0,2369.0,2369.0,2323.2,2246.28,34180.0,2323.0,2326.0,2312.0,2326.0,2200.0,0.1291433491175109,0.0,0.1291433491175109,-1.8151118615449602,-1.8151118615449602,1.8486672398968285,0.0,0.06436512580456408,True,False,False
7389,あいちフィナンシャルグループ,2026-09-07,1911.0,2014.0,2014.0,1935.0,1805.88,1142880.0,1922.0,1925.0,1886.0,1886.0,102300.0,-1.3082155939298845,0.5756148613291545,-1.8730489073881418,-6.355511420059578,-6.355511420059578,6.7868504772004234,0.0,0.08951070978580429,False,False,False
7399,ナンシン,2026-09-07,628.0,630.0,630.0,620.6,604.12,3540.0,629.0,629.0,629.0,628.0,4400.0,0.0,0.15923566878981443,-0.15898251192368873,-0.31746031746031633,-0.31746031746031633,0.31847133757962887,0.0,1.2429378531073447,False,False,False
7409,ＡｅｒｏＥｄｇｅ,2026-09-07,1559.0,1774.0,1774.0,1516.2,1540.6,90520.0,1558.0,1558.0,1535.0,1546.0,6000.0,-0.8338678640153918,-0.06414368184733954,-0.7702182284980763,-12.852311161217589,-12.852311161217589,14.747736093143594,0.0,0.06628369421122404,False,False,False
7412,アトム,2026-09-07,381.0,395.0,398.0,386.8,374.72,422040.0,381.0,383.0,380.0,383.0,62300.0,0.5249343832020914,0.0,0.5249343832020914,-3.037974683544309,-3.7688442211055273,3.9164490861618884,0.75949367088608,0.14761633968344232,True,False,False
7414,小野建,2026-09-07,1421.0,1475.0,1475.0,1447.4,1439.72,43900.0,1421.0,1421.0,1413.0,1417.0,7300.0,-0.28149190710766714,0.0,-0.28149190710766714,-3.932203389830513,-3.932203389830513,4.093154551870137,0.0,0.1662870159453303,False,False,False
7416,はるやまホールディングス,2026-09-07,684.0,699.0,722.0,686.6,685.12,1480.0,684.0,684.0,684.0,684.0,2100.0,0.0,0.0,0.0,-2.145922746781115,-5.263157894736848,5.555555555555558,3.2904148783977183,1.4189189189189189,False,False,False
7417,南陽,2026-09-07,1888.0,1949.0,1980.0,1891.0,1880.52,3320.0,1877.0,1877.0,1877.0,1888.0,3100.0,0.0,-0.5826271186440635,0.586041555673944,-3.1298101590559235,-4.6464646464646435,4.8728813559322015,1.5905592611595631,0.9337349397590361,True,False,False
7419,ノジマ,2026-09-07,1247.0,1333.0,1492.0,1256.8,1287.88,557920.0,1243.0,1247.0,1239.0,1244.0,60100.0,-0.2405773857257376,-0.3207698476343279,0.08045052292839916,-6.676669167291827,-16.621983914209114,19.935691318327976,11.927981995498872,0.10772153713794093,True,False,False
7421,カッパ・クリエイト,2026-09-07,1611.0,1648.0,1667.0,1614.2,1598.0,93520.0,1613.0,1613.0,1605.0,1605.0,8900.0,-0.3724394785847296,0.12414649286158763,-0.49597024178549276,-2.6092233009708754,-3.7192561487702447,3.8629283489096666,1.1529126213592145,0.09516680923866552,False,False,False
7422,東邦レマック,2026-09-07,421.0,421.0,421.0,388.0,365.32,9120.0,425.0,430.0,425.0,425.0,3100.0,0.9501187648456089,0.9501187648456089,0.0,0.9501187648456089,0.9501187648456089,-0.9411764705882342,0.0,0.3399122807017544,False,True,True
7425,初穂商事,2026-09-07,1124.0,1219.0,1250.0,1111.2,1164.68,10700.0,1092.0,1125.0,1088.0,1124.0,2900.0,0.0,-2.8469750889679735,2.93040293040292,-7.793273174733384,-10.08,11.209964412811392,2.5430680885972112,0.27102803738317754,True,False,False
7426,山大,2026-09-07,597.0,680.0,680.0,601.2,619.52,1420.0,601.0,601.0,601.0,597.0,3500.0,0.0,0.670016750418756,-0.6655574043261225,-12.205882352941178,-12.205882352941178,13.90284757118927,0.0,2.464788732394366,False,False,False
7427,エコートレーディング,2026-09-07,834.0,854.0,854.0,833.8,833.0,4480.0,832.0,832.0,832.0,834.0,3100.0,0.0,-0.23980815347721673,0.24038461538462563,-2.3419203747072626,-2.3419203747072626,2.3980815347721895,0.0,0.6919642857142857,True,False,False
7433,伯東,2026-09-07,5260.0,5440.0,5440.0,5324.0,5252.0,75720.0,5260.0,5260.0,5210.0,5260.0,6500.0,0.0,0.0,0.0,-3.308823529411764,-3.308823529411764,3.4220532319391594,0.0,0.08584257791864765,False,False,False
7434,オータケ,2026-09-07,1846.0,1849.0,1849.0,1836.4,1812.68,360.0,1811.0,1847.0,1811.0,1846.0,700.0,0.0,-1.8959913326110467,1.9326339039204887,-0.16224986479177472,-0.16224986479177472,0.16251354279523955,0.0,1.9444444444444444,True,False,False
7435,ナ・デックス,2026-09-07,1330.0,1388.0,1388.0,1307.6,1305.96,16380.0,1359.0,1363.0,1352.0,1330.0,17100.0,0.0,2.1804511278195493,-2.1339220014716664,-4.17867435158501,-4.17867435158501,4.360902255639099,0.0,1.043956043956044,False,False,False
7438,コンドーテック,2026-09-07,1697.0,1732.0,1732.0,1695.2,1616.88,43460.0,1697.0,1715.0,1692.0,1709.0,6800.0,0.707130229817321,0.0,0.707130229817321,-1.327944572748263,-1.327944572748263,1.345816266822708,0.0,0.15646571560055222,True,False,False
7442,中山福,2026-09-07,484.0,493.0,498.0,483.2,486.4,5760.0,484.0,484.0,484.0,484.0,6400.0,0.0,0.0,0.0,-1.8255578093306246,-2.8112449799196804,2.892561983471076,1.0141987829614507,1.1111111111111112,False,False,False
7443,横浜魚類,2026-09-07,665.0,684.0,684.0,671.8,658.92,2820.0,665.0,665.0,665.0,665.0,2000.0,0.0,0.0,0.0,-2.777777777777779,-2.777777777777779,2.857142857142847,0.0,0.7092198581560284,False,False,False
7444,ハリマ共和物産,2026-09-07,1980.0,2036.0,2036.0,1978.6,1985.04,1000.0,1980.0,1980.0,1980.0,1980.0,300.0,0.0,0.0,0.0,-2.7504911591355596,-2.7504911591355596,2.8282828282828243,0.0,0.3,False,False,False
7446,東北化学薬品,2026-09-07,4550.0,4585.0,4970.0,4513.0,4448.4,260.0,4550.0,4550.0,4550.0,4550.0,300.0,0.0,0.0,0.0,-0.7633587786259555,-8.450704225352112,9.23076923076922,8.3969465648855,1.1538461538461537,False,False,False
7447,ナガイレーベン,2026-09-07,1671.0,1827.0,1852.0,1690.0,1755.92,96900.0,1669.0,1669.0,1660.0,1667.0,8900.0,-0.2393776181927043,-0.11968880909635216,-0.11983223487117556,-8.757525998905313,-9.989200863930881,11.097780443911208,1.3683634373289566,0.09184726522187822,False,False,False
7453,良品計画,2026-09-07,4223.0,4625.0,4625.0,4245.2,4322.16,2927000.0,4209.0,4266.0,4204.0,4263.0,196800.0,0.9471939379587901,-0.331517878285581,1.282965074839626,-7.827027027027023,-7.827027027027023,8.491672531081406,0.0,0.0672360778954561,True,False,False
7456,松田産業,2026-09-07,7370.0,7460.0,7460.0,6966.0,6695.6,131840.0,7360.0,7400.0,7290.0,7330.0,13800.0,-0.5427408412483015,-0.13568521031207537,-0.40760869565217295,-1.7426273458445052,-1.7426273458445052,1.7735334242837686,0.0,0.10467233009708737,False,False,False
7458,第一興商,2026-09-07,1832.5,1914.5,1914.5,1870.9,1843.02,267740.0,1836.0,1836.0,1819.0,1821.5,73900.0,-0.6002728512960465,0.19099590723055115,-0.7897603485838789,-4.857665186732829,-4.857665186732829,5.105682130112554,0.0,0.27601404347501307,False,False,False
7459,メディパルホールディングス,2026-09-07,2928.0,3000.0,3108.0,2923.4,2861.94,549060.0,2925.0,2937.0,2905.0,2916.5,20000.0,-0.392759562841527,-0.10245901639344135,-0.29059829059828735,-2.7833333333333377,-6.161518661518661,6.566089490828042,3.600000000000003,0.03642589152369504,False,False,False
7460,ヤギ,2026-09-07,1670.0,1733.0,1882.0,1687.8,1678.52,16260.0,1669.0,1669.0,1658.0,1670.0,34500.0,0.0,-0.059880239520959666,0.05991611743558778,-3.6353144835545304,-11.264612114771522,12.694610778443117,8.597807270628977,2.121771217712177,True,False,False
7461,キムラ,2026-09-07,478.0,495.0,496.0,477.6,475.76,960.0,478.0,478.0,472.0,478.0,2100.0,0.0,0.0,0.0,-3.4343434343434343,-3.629032258064513,3.765690376569042,0.20202020202020332,2.1875,False,False,False
7462,ＣＡＰＩＴＡ,2026-09-07,402.0,410.0,425.0,400.2,395.08,16840.0,405.0,405.0,405.0,402.0,25200.0,0.0,0.746268656716409,-0.7407407407407418,-1.9512195121951237,-5.41176470588235,5.721393034825861,3.658536585365857,1.496437054631829,False,False,False
7463,アドヴァングループ,2026-09-07,956.0,974.0,974.0,948.6,942.72,30700.0,951.0,951.0,947.0,956.0,42700.0,0.0,-0.5230125523012608,0.525762355415349,-1.848049281314168,-1.848049281314168,1.882845188284521,0.0,1.3908794788273615,True,False,False
7464,セフテック,2026-09-07,1523.0,1560.0,1648.0,1527.6,1536.88,1580.0,1535.0,1535.0,1523.0,1523.0,600.0,0.0,0.7879185817465606,-0.7817589576547213,-2.3717948717948745,-7.584951456310685,8.20748522652659,5.641025641025643,0.379746835443038,False,False,False
7466,ＳＰＫ,2026-09-07,1455.0,1500.0,1500.0,1457.0,1416.52,34840.0,1450.0,1450.0,1441.0,1455.0,37700.0,0.0,-0.3436426116838476,0.34482758620688614,-3.0000000000000027,-3.0000000000000027,3.092783505154628,0.0,1.0820895522388059,True,False,False
7472,鳥羽洋行,2026-09-07,3900.0,3995.0,3995.0,3950.0,3900.2,420.0,3940.0,3940.0,3940.0,3900.0,900.0,0.0,1.025641025641022,-1.0152284263959421,-2.377972465581979,-2.377972465581979,2.4358974358974272,0.0,2.142857142857143,False,False,False
7475,アルビス,2026-09-07,2501.0,2566.0,2680.0,2509.0,2512.44,17760.0,2501.0,2501.0,2487.0,2490.0,6800.0,-0.43982407037185256,0.0,-0.43982407037185256,-2.9618082618862007,-7.0895522388059735,7.63052208835342,4.4427123928292955,0.38288288288288286,False,False,False
7476,アズワン,2026-09-07,2435.5,2556.5,2609.5,2494.9,2426.36,135080.0,2430.0,2430.0,2413.5,2421.5,5600.0,-0.5748306302607253,-0.22582631903099726,-0.3497942386831321,-5.280657148445145,-7.2044452960337235,7.763782779269057,2.073146880500687,0.041456914421083804,False,False,False
7480,スズデン,2026-09-07,3415.0,3620.0,3620.0,3440.0,3356.48,64780.0,3380.0,3400.0,3370.0,3400.0,1700.0,-0.43923865300146137,-1.0248901903367469,0.591715976331364,-6.077348066298338,-6.077348066298338,6.470588235294117,0.0,0.026242667489966037,True,False,False
7481,尾家産業,2026-09-07,2613.0,2641.0,2641.0,2605.0,2574.88,2180.0,2613.0,2626.0,2613.0,2626.0,500.0,0.4975124378109541,0.0,0.4975124378109541,-0.5679666792881455,-0.5679666792881455,0.5712109672505683,0.0,0.22935779816513763,True,False,False
7482,シモジマ,2026-09-07,1495.0,1579.0,1579.0,1540.6,1481.04,42060.0,1496.0,1499.0,1489.0,1492.0,11800.0,-0.20066889632106566,0.06688963210701449,-0.2673796791443861,-5.509816339455353,-5.509816339455353,5.831099195710454,0.0,0.2805515929624346,False,False,False
7483,ドウシシャ,2026-09-07,3010.0,3090.0,3090.0,3048.0,3006.12,52940.0,3005.0,3010.0,2993.0,3005.0,3700.0,-0.16611295681062677,-0.16611295681062677,0.0,-2.750809061488668,-2.750809061488668,2.828618968386021,0.0,0.06989044200982245,False,False,False
7486,サンリン,2026-09-07,811.0,838.0,838.0,811.6,808.28,860.0,811.0,811.0,811.0,811.0,3100.0,0.0,0.0,0.0,-3.221957040572787,-3.221957040572787,3.329223181257701,0.0,3.604651162790698,False,False,False
7487,小津産業,2026-09-07,1800.0,1805.0,1805.0,1796.2,1789.4,3840.0,1801.0,1802.0,1801.0,1802.0,400.0,0.11111111111110628,0.05555555555556424,0.05552470849528035,-0.16620498614958734,-0.16620498614958734,0.16648168701443034,0.0,0.10416666666666667,True,False,False
7490,日新商事,2026-09-07,2186.0,2191.0,2191.0,2188.2,2188.32,5240.0,2188.0,2188.0,2186.0,2186.0,1200.0,0.0,0.09149130832570851,-0.0914076782449702,-0.22820629849383822,-0.22820629849383822,0.22872827081428238,0.0,0.22900763358778625,False,False,False
7494,コナカ,2026-09-07,245.0,250.0,250.0,245.0,240.44,42040.0,245.0,245.0,245.0,245.0,21100.0,0.0,0.0,0.0,-2.0000000000000018,-2.0000000000000018,2.0408163265306145,0.0,0.5019029495718363,False,False,False
7500,西川計測,2026-09-07,10020.0,10020.0,10020.0,9788.0,9766.8,520.0,9780.0,10020.0,9780.0,10020.0,700.0,0.0,-2.39520958083832,2.4539877300613577,0.0,0.0,0.0,0.0,1.3461538461538463,True,False,False
7501,ティムコ,2026-09-07,1450.0,1518.0,1740.0,1469.4,1477.28,260.0,1450.0,1450.0,1450.0,1450.0,100.0,0.0,0.0,0.0,-4.479578392621875,-16.666666666666664,19.999999999999996,14.62450592885376,0.38461538461538464,False,False,False
7502,プラザホールディングス,2026-09-07,1695.0,1700.0,1700.0,1688.0,1672.28,680.0,1704.0,1704.0,1704.0,1695.0,1600.0,0.0,0.5309734513274433,-0.5281690140845119,-0.2941176470588225,-0.2941176470588225,0.2949852507374562,0.0,2.3529411764705883,False,False,False
7504,高速,2026-09-07,4535.0,5200.0,5200.0,4771.0,4770.8,54160.0,4525.0,4570.0,4505.0,4510.0,6600.0,-0.5512679162072764,-0.22050716648290836,-0.33149171270717703,-13.269230769230766,-13.269230769230766,15.299334811529942,0.0,0.12186115214180207,False,False,False
7505,扶桑電通,2026-09-07,2173.0,2354.0,2354.0,2193.2,2163.64,11540.0,2195.0,2200.0,2180.0,2180.0,4000.0,0.3221352968246771,1.012425218591817,-0.6833712984054663,-7.3916737468139315,-7.3916737468139315,7.981651376146792,0.0,0.3466204506065858,False,False,False
7506,ハウス　オブ　ローゼ,2026-09-07,1387.0,1390.0,1399.0,1387.0,1382.16,960.0,1390.0,1390.0,1390.0,1390.0,200.0,0.21629416005768398,0.21629416005768398,0.0,0.0,-0.6433166547534008,0.6474820143884896,0.6474820143884896,0.20833333333333334,False,False,False
7508,Ｇ‐７ホールディングス,2026-09-07,1421.0,1468.0,1498.0,1429.0,1425.48,56880.0,1415.0,1416.0,1410.0,1414.0,6000.0,-0.49261083743842304,-0.4222378606615007,-0.07067137809186885,-3.6784741144414212,-5.607476635514019,5.940594059405946,2.043596730245234,0.10548523206751055,False,False,False
7510,たけびし,2026-09-07,2761.0,2917.0,2952.0,2767.8,2804.76,51480.0,2760.0,2760.0,2731.0,2761.0,58700.0,0.0,-0.03621876131836288,0.036231884057968955,-5.347960233116211,-6.470189701897022,6.91778341180731,1.1998628728145277,1.1402486402486403,True,False,False
7512,イオン北海道,2026-09-07,853.0,870.0,879.0,857.4,849.6,137040.0,851.0,855.0,851.0,853.0,11000.0,0.0,-0.23446658851113966,0.235017626321965,-1.9540229885057436,-2.9579067121729197,3.0480656506447934,1.0344827586206806,0.08026853473438413,True,False,False
7513,コジマ,2026-09-07,1441.0,1517.0,1517.0,1419.6,1402.4,273120.0,1444.0,1464.0,1440.0,1456.0,75400.0,1.0409437890353868,0.2081887578070818,0.8310249307479145,-4.021094264996705,-4.021094264996705,4.189560439560447,0.0,0.27606912712360865,True,False,False
7514,ヒマラヤ,2026-09-07,855.0,885.0,888.0,855.2,872.28,6700.0,855.0,855.0,855.0,855.0,4600.0,0.0,0.0,0.0,-3.3898305084745783,-3.716216216216217,3.8596491228070073,0.3389830508474523,0.6865671641791045,False,False,False
7515,マルヨシセンター,2026-09-07,4600.0,4670.0,4670.0,4602.0,4603.4,220.0,4615.0,4615.0,4600.0,4600.0,900.0,0.0,0.3260869565217428,-0.325027085590468,-1.498929336188437,-1.498929336188437,1.521739130434785,0.0,4.090909090909091,False,False,False
7516,コーナン商事,2026-09-07,4455.0,4550.0,4550.0,4474.0,4361.8,61580.0,4460.0,4465.0,4455.0,4455.0,43600.0,0.0,0.11223344556678949,-0.11210762331838042,-2.0879120879120916,-2.0879120879120916,2.1324354657688005,0.0,0.7080220850925625,False,False,False
7520,エコス,2026-09-07,2529.0,2682.0,2682.0,2551.8,2534.48,15980.0,2529.0,2529.0,2515.0,2515.0,2600.0,-0.5535784895215445,0.0,-0.5535784895215445,-6.226696495152872,-6.226696495152872,6.640159045725635,0.0,0.16270337922403003,False,False,False
7521,ムサシ,2026-09-07,2785.0,2869.0,2928.0,2774.2,2763.56,720.0,2784.0,2784.0,2784.0,2785.0,700.0,0.0,-0.035906642728900096,0.03591954022987842,-2.9278494248867193,-4.883879781420763,5.134649910233402,2.0564656674799675,0.9722222222222222,True,False,False
7522,ワタミ,2026-09-07,934.0,1017.0,1017.0,948.0,957.92,113700.0,931.0,934.0,929.0,931.0,37400.0,-0.3211991434689532,-0.3211991434689532,0.0,-8.456243854473943,-8.456243854473943,9.237379162191184,0.0,0.3289357959542656,False,False,False
7523,アールビバン,2026-09-07,1877.0,1900.0,1900.0,1878.2,1889.48,1920.0,1878.0,1878.0,1877.0,1877.0,2200.0,0.0,0.05327650506126158,-0.05324813631523151,-1.210526315789473,-1.210526315789473,1.2253596164091718,0.0,1.1458333333333333,False,False,False
7524,マルシェ,2026-09-07,176.0,184.0,184.0,176.0,178.56,7180.0,176.0,176.0,176.0,176.0,5000.0,0.0,0.0,0.0,-4.347826086956519,-4.347826086956519,4.545454545454541,0.0,0.6963788300835655,False,False,False
7525,リックス,2026-09-07,3600.0,3800.0,3800.0,3614.0,3661.4,17340.0,3600.0,3600.0,3585.0,3585.0,4300.0,-0.4166666666666652,0.0,-0.4166666666666652,-5.657894736842106,-5.657894736842106,5.99721059972107,0.0,0.24798154555940022,False,False,False
7527,システムソフト,2026-09-07,52.0,55.0,55.0,53.2,52.48,1344520.0,52.0,52.0,52.0,52.0,1632700.0,0.0,0.0,0.0,-5.454545454545457,-5.454545454545457,5.769230769230771,0.0,1.2143367149614732,False,False,False
7531,清和中央ホールディングス,2026-09-07,1301.0,1329.0,1333.0,1303.6,1305.68,240.0,1301.0,1301.0,1301.0,1301.0,600.0,0.0,0.0,0.0,-2.106847253574118,-2.400600150037513,2.4596464258262785,0.3009781790820121,2.5,False,False,False
7532,パン・パシフィック・インターナショナルホールディングス,2026-09-07,769.4000244140625,939.5,984.5,770.2400024414062,847.54,22389580.0,769.5,776.7999877929688,767.0,773.2999877929688,1316100.0,0.5068837087542688,0.012993967086716296,0.4938255741349984,-17.69026207632052,-21.452515206402357,27.311524058057344,4.789781798829162,0.05878180832333613,True,False,False
7537,丸文,2026-09-07,1813.0,1924.0,1924.0,1822.0,1804.08,77080.0,1813.0,1813.0,1788.0,1802.0,7400.0,-0.60672917815775,0.0,-0.60672917815775,-6.340956340956339,-6.340956340956339,6.770255271920078,0.0,0.096004151530877,False,False,False
7538,大水,2026-09-07,390.0,408.0,408.0,386.6,387.96,2300.0,386.0,393.0,385.0,390.0,2300.0,0.0,-1.025641025641022,1.0362694300518172,-4.411764705882348,-4.411764705882348,4.615384615384621,0.0,1.0,True,False,False
7539,アイナボホールディングス,2026-09-07,817.0,822.0,822.0,816.6,796.96,11100.0,817.0,818.0,816.0,818.0,1900.0,0.1223990208078396,0.0,0.1223990208078396,-0.48661800486617945,-0.48661800486617945,0.4889975550122161,0.0,0.17117117117117117,True,False,False
7544,スリーエフ,2026-09-07,555.0,567.0,568.0,558.2,558.24,2680.0,555.0,558.0,555.0,558.0,400.0,0.540540540540535,0.0,0.540540540540535,-1.5873015873015928,-1.7605633802816878,1.7921146953405076,0.17636684303350414,0.14925373134328357,True,False,False
7545,西松屋チェーン,2026-09-07,1993.0,2055.0,2073.0,2005.8,2008.2,179340.0,1985.0,1991.0,1984.0,1993.0,119900.0,0.0,-0.4014049172102352,0.4030226700251882,-3.0170316301703193,-3.8591413410516195,4.014049172102352,0.8759124087591275,0.6685625069700011,True,False,False
7550,ゼンショーホールディングス,2026-09-07,11695.0,12070.0,12070.0,11706.0,11326.48,490020.0,11555.0,11765.0,11530.0,11735.0,39400.0,0.34202650705430493,-1.197092774690034,1.5577672003461718,-2.775476387738196,-2.775476387738196,2.8547081380485784,0.0,0.08040488143341089,True,False,False
75505,ゼンショーホールディングス第１回社債型種類株式,2026-09-07,4940.0,4979.0,4979.0,4933.2,4935.0,1520.0,4930.0,4940.0,4926.0,4940.0,600.0,0.0,-0.2024291497975672,0.20283975659229903,-0.7832898172323799,-0.7832898172323799,0.7894736842105177,0.0,0.39473684210526316,True,False,False
7551,ウェッズ,2026-09-07,727.0,750.0,752.0,726.6,721.68,8440.0,748.0,748.0,743.0,748.0,82500.0,2.8885832187070193,2.8885832187070193,0.0,-0.2666666666666706,-0.5319148936170248,0.5347593582887722,0.2666666666666595,9.774881516587678,False,False,False
7552,ハピネット,2026-09-07,3655.0,3955.0,3955.0,3746.0,3569.2,168860.0,3630.0,3635.0,3610.0,3635.0,9300.0,-0.5471956224350261,-0.6839945280437743,0.13774104683195176,-8.091024020227556,-8.091024020227556,8.803301237964245,0.0,0.05507521023332938,True,False,False
7554,幸楽苑,2026-09-07,1178.0,1220.0,1220.0,1192.4,1160.84,56240.0,1174.0,1174.0,1167.0,1171.0,6000.0,-0.5942275042444822,-0.339558573853993,-0.25553662691651935,-4.016393442622945,-4.016393442622945,4.18445772843723,0.0,0.10668563300142248,False,False,False
7561,ハークスレイ,2026-09-07,713.0,731.0,731.0,714.8,699.04,13420.0,710.0,710.0,710.0,713.0,11200.0,0.0,-0.42075736325385416,0.42253521126760507,-2.4623803009575895,-2.4623803009575895,2.524544179523147,0.0,0.834575260804769,True,False,False
7562,安楽亭,2026-09-07,3840.0,3860.0,3860.0,3844.0,3816.0,2780.0,3840.0,3845.0,3840.0,3840.0,1800.0,0.0,0.0,0.0,-0.5181347150259086,-0.5181347150259086,0.5208333333333259,0.0,0.6474820143884892,False,False,False
7564,ワークマン,2026-09-07,5950.0,6440.0,6440.0,6034.0,6177.2,548620.0,5970.0,6030.0,5960.0,6020.0,57300.0,1.17647058823529,0.3361344537815114,0.8375209380234505,-6.521739130434778,-6.521739130434778,6.976744186046502,0.0,0.10444387736502497,True,False,False
7565,萬世電機,2026-09-07,8630.0,9000.0,9000.0,8524.0,7920.4,1580.0,8700.0,8720.0,8550.0,8630.0,2300.0,0.0,0.8111239860950192,-0.8045977011494232,-4.11111111111111,-4.11111111111111,4.2873696407879525,0.0,1.4556962025316456,False,False,False
7567,栄電子,2026-09-07,608.0,684.0,684.0,606.0,603.64,8760.0,608.0,609.0,608.0,608.0,9800.0,0.0,0.0,0.0,-11.111111111111116,-11.111111111111116,12.5,0.0,1.1187214611872147,False,False,False
7570,橋本総業ホールディングス,2026-09-07,1400.0,1450.0,1474.0,1409.4,1405.64,11440.0,1405.0,1405.0,1400.0,1400.0,19100.0,0.0,0.3571428571428559,-0.3558718861209953,-3.4482758620689613,-5.02035278154681,5.285714285714294,1.6551724137930934,1.6695804195804196,False,False,False
7571,ヤマノホールディングス,2026-09-07,89.0,94.0,94.0,88.8,86.16,329420.0,88.0,89.0,88.0,89.0,525200.0,0.0,-1.1235955056179803,1.1363636363636465,-5.319148936170215,-5.319148936170215,5.617977528089879,0.0,1.5943172849250198,True,False,False
7575,日本ライフライン,2026-09-07,1510.0,1622.0,1622.0,1557.2,1548.32,177620.0,1501.0,1501.0,1488.0,1490.0,18300.0,-1.3245033112582738,-0.596026490066226,-0.7328447701532292,-8.138101109741058,-8.138101109741058,8.859060402684559,0.0,0.10302893818263709,False,False,False
7578,ニチリョク,2026-09-07,82.0,83.0,83.0,80.4,71.88,86280.0,81.0,81.0,81.0,82.0,81800.0,0.0,-1.2195121951219523,1.2345679012345734,-1.2048192771084376,-1.2048192771084376,1.2195121951219523,0.0,0.9480760315252665,True,False,False
7581,サイゼリヤ,2026-09-07,7270.0,7900.0,8420.0,7064.0,7387.2,416340.0,7270.0,7480.0,7270.0,7430.0,93600.0,2.2008253094910613,0.0,2.2008253094910613,-5.949367088607593,-11.757719714964365,13.324360699865402,6.582278481012649,0.22481625594466062,True,False,False
7585,かんなん丸,2026-09-07,406.0,410.0,410.0,407.2,407.32,3360.0,406.0,406.0,406.0,406.0,4100.0,0.0,0.0,0.0,-0.9756097560975618,-0.9756097560975618,0.9852216748768461,0.0,1.2202380952380953,False,False,False
7590,タカショー,2026-09-07,397.0,420.0,420.0,397.8,399.2,30400.0,396.0,396.0,395.0,395.0,2800.0,-0.5037783375314908,-0.25188916876573986,-0.2525252525252486,-5.952380952380953,-5.952380952380953,6.329113924050622,0.0,0.09210526315789473,False,False,False
7593,ＶＴホールディングス,2026-09-07,531.0,545.0,545.0,537.6,519.44,393720.0,530.0,532.0,529.0,532.0,77300.0,0.18832391713747842,-0.18832391713747842,0.37735849056603765,-2.3853211009174258,-2.3853211009174258,2.443609022556381,0.0,0.19633241897795387,True,False,False
7595,アルゴグラフィックス,2026-09-07,1292.0,1367.0,1398.0,1308.4,1318.68,230560.0,1290.0,1290.0,1281.0,1286.0,17300.0,-0.4643962848297267,-0.1547987616099089,-0.31007751937984773,-5.925384052670079,-8.01144492131617,8.709175738724717,2.2677395757132457,0.07503469812630117,False,False,False
7596,魚力,2026-09-07,2325.0,2395.0,2395.0,2338.0,2332.72,38020.0,2324.0,2327.0,2316.0,2327.0,4000.0,0.08602150537635467,-0.043010752688177334,0.1290877796901846,-2.8392484342379953,-2.8392484342379953,2.9222174473571227,0.0,0.10520778537611783,True,False,False
7599,ＩＤＯＭ,2026-09-07,1250.0,1318.0,1339.0,1253.2,1276.92,668160.0,1250.0,1251.0,1244.0,1247.0,74400.0,-0.23999999999999577,0.0,-0.23999999999999577,-5.386949924127471,-6.870799103808811,7.37770649558942,1.593323216995457,0.11135057471264367,False,False,False
7600,日本エム・ディ・エム,2026-09-07,683.0,930.0,939.0,674.2,816.96,453020.0,677.0,677.0,664.0,671.0,15500.0,-1.7569546120058566,-0.8784773060029227,-0.8862629246676468,-27.849462365591393,-28.541001064962725,39.9403874813711,0.967741935483879,0.034214824952540725,False,False,False
7601,ポプラ,2026-09-07,165.0,167.0,169.0,163.8,165.68,54880.0,165.0,165.0,165.0,165.0,7900.0,0.0,0.0,0.0,-1.19760479041916,-2.3668639053254448,2.4242424242424176,1.1976047904191711,0.14395043731778426,False,False,False
7602,レダックス,2026-09-07,168.0,179.0,179.0,168.8,167.64,15620.0,168.0,168.0,168.0,168.0,19500.0,0.0,0.0,0.0,-6.145251396648044,-6.145251396648044,6.547619047619047,0.0,1.2483994878361075,False,False,False
7603,ジーイエット,2026-09-07,40.0,56.0,56.0,41.2,45.32,460160.0,41.0,41.0,40.0,40.0,25200.0,0.0,2.499999999999991,-2.4390243902439046,-28.57142857142857,-28.57142857142857,39.99999999999999,0.0,0.05476356050069541,False,False,False
7604,梅の花グループ,2026-09-07,910.0,910.0,910.0,902.6,896.8,7520.0,910.0,910.0,904.0,910.0,8600.0,0.0,0.0,0.0,0.0,0.0,0.0,0.0,1.1436170212765957,False,False,False
7606,ユナイテッドアローズ,2026-09-07,2381.0,2650.0,2660.0,2402.2,2497.72,260620.0,2380.0,2396.0,2371.0,2389.0,11200.0,0.33599328013440566,-0.04199916001680348,0.37815126050420034,-9.849056603773587,-10.187969924812034,11.34365843449141,0.37735849056603765,0.042974445552912285,True,False,False
7607,進和,2026-09-07,3040.0,3185.0,3245.0,3053.0,3109.6,26980.0,3035.0,3035.0,3005.0,3015.0,5800.0,-0.8223684210526327,-0.164473684210531,-0.658978583196046,-5.337519623233911,-7.0878274268104775,7.628524046434504,1.8838304552590168,0.2149740548554485,False,False,False
7608,エスケイジャパン,2026-09-07,855.0,883.0,883.0,858.6,831.52,65960.0,852.0,863.0,847.0,863.0,7200.0,0.9356725146198785,-0.35087719298245723,1.2910798122065748,-2.2650056625141524,-2.2650056625141524,2.3174971031286296,0.0,0.1091570648878108,True,False,False
7609,ダイトロン,2026-09-07,4135.0,4910.0,4910.0,3968.0,4186.2,90720.0,4085.0,4150.0,4065.0,4140.0,20700.0,0.12091898428052694,-1.209189842805325,1.346389228886169,-15.682281059063142,-15.682281059063142,18.599033816425113,0.0,0.22817460317460317,True,False,False
7610,テイツー,2026-09-07,141.0,146.0,150.0,141.4,141.6,357880.0,140.0,140.0,138.0,139.0,200800.0,-1.4184397163120588,-0.7092198581560294,-0.7142857142857117,-4.794520547945202,-7.333333333333336,7.913669064748197,2.7397260273972712,0.5610819269028725,False,False,False
7611,ハイデイ日高,2026-09-07,2995.0,3110.0,3110.0,3047.0,2939.16,154300.0,3015.0,3015.0,2995.0,2999.0,10600.0,0.13355592654424875,0.6677796327211993,-0.5306799336650125,-3.569131832797423,-3.569131832797423,3.7012337445815335,0.0,0.06869734283862605,False,False,False
7613,シークス,2026-09-07,1598.0,1693.0,1693.0,1616.2,1601.56,223320.0,1591.0,1605.0,1585.0,1594.0,10200.0,-0.25031289111389077,-0.43804755944931717,0.18856065367693908,-5.8476077968103946,-5.8476077968103946,6.210790464240912,0.0,0.04567436861902203,True,False,False
7614,オーエムツーネットワーク,2026-09-07,1544.0,1578.0,1578.0,1542.2,1532.68,2400.0,1552.0,1552.0,1552.0,1544.0,3400.0,0.0,0.5181347150259086,-0.5154639175257714,-2.154626108998736,-2.154626108998736,2.2020725388601115,0.0,1.4166666666666667,False,False,False
7615,京都きもの友禅ホールディングス,2026-09-07,99.0,123.0,123.0,101.4,97.52,451560.0,99.0,99.0,98.0,99.0,22000.0,0.0,0.0,0.0,-19.512195121951216,-19.512195121951216,24.242424242424242,0.0,0.04871999291345558,False,False,False
7616,コロワイド,2026-09-07,2077.0,2168.0,2168.0,2113.0,2067.04,358060.0,2066.5,2071.0,2056.5,2063.0,66800.0,-0.6740491092922518,-0.5055368319691889,-0.16936849745947669,-4.843173431734316,-4.843173431734316,5.089675230247215,0.0,0.18656091157906496,False,False,False
7619,田中商事,2026-09-07,971.0,978.0,995.0,967.8,959.72,3500.0,970.0,971.0,965.0,971.0,2100.0,0.0,-0.1029866117404743,0.10309278350515427,-0.7157464212678932,-2.412060301507535,2.471678681771361,1.7382413087934534,0.6,True,False,False
7621,うかい,2026-09-07,3450.0,3505.0,3505.0,3468.0,3440.2,1880.0,3410.0,3415.0,3410.0,3415.0,500.0,-1.0144927536231862,-1.1594202898550732,0.14662756598240456,-2.5677603423680417,-2.5677603423680417,2.6354319180087904,0.0,0.26595744680851063,True,False,False
7624,ＮａＩＴＯ,2026-09-07,158.0,158.0,158.0,155.4,149.04,83320.0,158.0,158.0,158.0,158.0,24600.0,0.0,0.0,0.0,0.0,0.0,0.0,0.0,0.2952472395583293,False,False,False
7625,グローバルダイニング,2026-09-07,473.0,490.0,491.0,472.8,478.0,5880.0,472.0,472.0,472.0,473.0,2000.0,0.0,-0.21141649048626032,0.21186440677967155,-3.469387755102038,-3.665987780040736,3.8054968287526414,0.20408163265306367,0.3401360544217687,True,False,False
7628,オーハシテクニカ,2026-09-07,1172.0,1235.0,1235.0,1186.6,1187.64,23580.0,1157.0,1157.0,1146.0,1149.0,12600.0,-1.9624573378839605,-1.2798634812286713,-0.691443388072599,-6.963562753036435,-6.963562753036435,7.484769364664934,0.0,0.5343511450381679,False,False,False
7630,壱番屋,2026-09-07,1078.0,1191.0,1191.0,1096.4,970.88,1714080.0,1076.0,1083.0,1073.0,1078.0,111800.0,0.0,-0.18552875695733162,0.18587360594795044,-9.487825356842993,-9.487825356842993,10.482374768089064,0.0,0.06522449360589938,True,False,False
7636,ハンズマン,2026-09-07,799.0,805.0,809.0,796.6,794.88,6460.0,802.0,802.0,802.0,799.0,7400.0,0.0,0.3754693366708306,-0.37406483790524137,-0.7453416149068359,-1.2360939431396822,1.251564455569465,0.496894409937898,1.1455108359133126,False,False,False
7637,白銅,2026-09-07,3665.0,4085.0,4085.0,3710.0,3741.4,29240.0,3625.0,3660.0,3610.0,3660.0,3200.0,-0.13642564802183177,-1.0914051841746208,0.9655172413793212,-10.403916768665855,-10.403916768665855,11.612021857923494,0.0,0.1094391244870041,True,False,False
7638,ＮＥＷ　ＡＲＴ　ＨＯＬＤＩＮＧＳ,2026-09-07,1401.0,1445.0,1445.0,1404.4,1402.8,10800.0,1401.0,1401.0,1392.0,1393.0,4100.0,-0.5710206995003575,0.0,-0.5710206995003575,-3.598615916955017,-3.598615916955017,3.732950466618812,0.0,0.37962962962962965,False,False,False
7640,トップカルチャー,2026-09-07,198.0,202.0,202.0,196.0,184.0,33120.0,195.0,196.0,195.0,198.0,77200.0,0.0,-1.5151515151515138,1.538461538461533,-1.980198019801982,-1.980198019801982,2.020202020202011,0.0,2.3309178743961354,True,False,False
7643,ダイイチ,2026-09-07,1730.0,1759.0,1759.0,1732.2,1735.72,5560.0,1733.0,1733.0,1733.0,1730.0,2700.0,0.0,0.1734104046242857,-0.17311021350259193,-1.6486640136441189,-1.6486640136441189,1.676300578034673,0.0,0.4856115107913669,False,False,False
7646,ＰＬＡＮＴ,2026-09-07,1898.0,1915.0,1915.0,1901.2,1855.56,6200.0,1898.0,1898.0,1896.0,1898.0,8100.0,0.0,0.0,0.0,-0.8877284595300239,-0.8877284595300239,0.8956796628029506,0.0,1.3064516129032258,False,False,False
7649,スギホールディングス,2026-09-07,1310.0,1429.25,1525.5,1317.5,1361.72,2618560.0,1313.5,1315.5,1308.0,1313.0,62200.0,0.22900763358779663,0.26717557251907387,-0.03806623524933439,-8.133636522651743,-13.929859062602423,16.184310738766182,6.734301206926707,0.023753513381400464,False,False,False
7670,オーウエル,2026-09-07,1229.0,1286.0,1286.0,1240.8,1199.92,7320.0,1226.0,1226.0,1226.0,1229.0,7100.0,0.0,-0.24410089503661414,0.2446982055464897,-4.432348367029548,-4.432348367029548,4.637917005695691,0.0,0.9699453551912568,True,False,False
7673,ダイコー通産,2026-09-07,1693.0,1729.0,1729.0,1684.4,1651.96,2980.0,1699.0,1699.0,1699.0,1693.0,400.0,0.0,0.35440047253396667,-0.35314891112419033,-2.0821283979178706,-2.0821283979178706,2.126402835203778,0.0,0.1342281879194631,False,False,False
7674,ＮＡＴＴＹ　ＳＷＡＮＫＹホールディングス,2026-09-07,2634.0,2689.0,2825.0,2638.2,2602.68,1680.0,2634.0,2634.0,2632.0,2634.0,3300.0,0.0,0.0,0.0,-2.0453700260319785,-6.761061946902657,7.251328777524679,5.057642246188165,1.9642857142857142,False,False,False
7677,ヤシマキザイ,2026-09-07,2750.0,2883.0,2883.0,2756.2,2733.28,220.0,2700.0,2750.0,2700.0,2750.0,200.0,0.0,-1.8181818181818188,1.85185185185186,-4.613250086715226,-4.613250086715226,4.836363636363639,0.0,0.9090909090909091,True,False,False
7678,あさくま,2026-09-07,3260.0,3270.0,3270.0,3244.0,3133.12,6900.0,3275.0,3275.0,3270.0,3260.0,8800.0,0.0,0.4601226993865115,-0.45801526717557106,-0.3058103975535187,-0.3058103975535187,0.30674846625766694,0.0,1.2753623188405796,False,False,False
7679,薬王堂ホールディングス,2026-09-07,1652.0,1788.0,1812.0,1636.0,1700.68,70460.0,1645.0,1645.0,1631.0,1635.0,4500.0,-1.0290556900726444,-0.4237288135593209,-0.6079027355623046,-8.557046979865767,-9.7682119205298,10.825688073394502,1.342281879194629,0.06386602327561737,False,False,False
7682,浜木綿,2026-09-07,4000.0,4000.0,4130.0,3931.0,3916.8,1320.0,3920.0,4000.0,3910.0,4000.0,2100.0,0.0,-2.0000000000000018,2.0408163265306145,0.0,-3.147699757869249,3.2499999999999973,3.2499999999999973,1.5909090909090908,True,False,False
7683,ダブルエー,2026-09-07,1408.0,1425.0,1428.0,1405.2,1394.52,17800.0,1408.0,1408.0,1402.0,1408.0,14100.0,0.0,0.0,0.0,-1.1929824561403457,-1.4005602240896309,1.4204545454545414,0.21052631578948322,0.7921348314606742,False,False,False
7685,ＢｕｙＳｅｌｌ　Ｔｅｃｈｎｏｌｏｇｉｅｓ,2026-09-07,3135.0,3450.0,3450.0,3091.0,3183.28,334880.0,3130.0,3130.0,3090.0,3110.0,18700.0,-0.797448165869219,-0.15948963317384823,-0.6389776357827448,-9.85507246376811,-9.85507246376811,10.932475884244376,0.0,0.055840898232202583,False,False,False
7686,ひとまいる,2026-09-07,440.0,479.0,479.0,439.8,434.24,50400.0,440.0,441.0,440.0,440.0,3600.0,0.0,0.0,0.0,-8.141962421711902,-8.141962421711902,8.863636363636363,0.0,0.07142857142857142,False,False,False
7687,ミクリード,2026-09-07,447.0,474.0,474.0,448.4,438.64,4860.0,448.0,448.0,448.0,448.0,300.0,0.22371364653244186,0.22371364653244186,0.0,-5.485232067510548,-5.485232067510548,5.803571428571419,0.0,0.06172839506172839,False,False,False
7689,コパ・コーポレーション,2026-09-07,461.0,461.0,461.0,348.8,313.28,64400.0,471.0,473.0,455.0,461.0,274600.0,0.0,2.1691973969631295,-2.123142250530785,0.0,0.0,0.0,0.0,4.263975155279503,False,False,False
7692,アースインフィニティ,2026-09-07,81.0,82.0,82.0,80.4,79.4,297460.0,81.0,81.0,80.0,81.0,512700.0,0.0,0.0,0.0,-1.2195121951219523,-1.2195121951219523,1.2345679012345734,0.0,1.7235930881463053,False,False,False
7694,いつも,2026-09-07,613.0,727.0,727.0,635.4,523.56,435500.0,603.0,603.0,586.0,590.0,12700.0,-3.7520391517128826,-1.631321370309946,-2.1558872305140975,-18.844566712517196,-18.844566712517196,23.220338983050848,0.0,0.029161882893226177,False,False,False
7695,交換できるくん,2026-09-07,915.0,943.0,943.0,900.6,834.84,5760.0,908.0,915.0,908.0,915.0,4300.0,0.0,-0.7650273224043769,0.7709251101321479,-2.969247083775184,-2.969247083775184,3.0601092896174853,0.0,0.7465277777777778,True,False,False
7698,アイスコ,2026-09-07,2720.0,2730.0,2730.0,2706.4,2654.88,2100.0,2727.0,2727.0,2727.0,2720.0,1400.0,0.0,0.2573529411764808,-0.25669233590025486,-0.366300366300365,-0.366300366300365,0.3676470588235281,0.0,0.6666666666666666,False,False,False
7701,島津製作所,2026-09-07,3847.0,4271.0,4292.0,3917.2,4078.2,833300.0,3827.0,3846.0,3807.0,3821.0,60800.0,-0.6758513127112065,-0.519885625162464,-0.1567807682257616,-10.536174198080072,-10.973904939422185,12.326616069091866,0.49168812924373917,0.07296291851674067,False,False,False
7702,ＪＭＳ,2026-09-07,457.0,470.0,470.0,458.2,455.6,21060.0,459.0,459.0,454.0,454.0,5900.0,-0.6564551422319487,0.4376367614879584,-1.089324618736387,-3.404255319148941,-3.404255319148941,3.524229074889873,0.0,0.2801519468186135,False,False,False
7707,プレシジョン・システム・サイエンス,2026-09-07,212.0,235.0,235.0,211.8,215.0,103280.0,211.0,211.0,208.0,212.0,44600.0,0.0,-0.4716981132075526,0.4739336492890933,-9.787234042553195,-9.787234042553195,10.849056603773576,0.0,0.43183578621223856,True,False,False
7709,クボテック,2026-09-07,48.0,82.0,82.0,61.2,46.64,1660060.0,49.0,49.0,46.0,46.0,80300.0,-4.1666666666666625,2.083333333333326,-6.122448979591832,-43.90243902439024,-43.90243902439024,78.26086956521738,0.0,0.04837174559955664,False,False,False
7711,助川電気工業,2026-09-07,5230.0,5550.0,5550.0,5094.0,4854.2,39940.0,5250.0,5250.0,5100.0,5230.0,45500.0,0.0,0.3824091778202643,-0.3809523809523818,-5.765765765765762,-5.765765765765762,6.118546845124273,0.0,1.1392088132198297,False,False,False
7713,シグマ光機,2026-09-07,2400.0,2550.0,2550.0,2380.0,2253.04,28580.0,2390.0,2410.0,2390.0,2400.0,15100.0,0.0,-0.4166666666666652,0.4184100418409997,-5.882352941176472,-5.882352941176472,6.25,0.0,0.5283414975507348,True,False,False
7715,長野計器,2026-09-07,4180.0,4555.0,4555.0,3981.0,4008.6,90920.0,4110.0,4145.0,4095.0,4145.0,4500.0,-0.837320574162681,-1.674641148325362,0.8515815085158085,-9.001097694840832,-9.001097694840832,9.891435464414954,0.0,0.04949406071271448,True,False,False
7716,ナカニシ,2026-09-07,3115.0,3385.0,3385.0,3115.0,3165.4,256940.0,3105.0,3110.0,3080.0,3090.0,14500.0,-0.8025682182985605,-0.32102728731941976,-0.48309178743961567,-8.714918759231905,-8.714918759231905,9.546925566343045,0.0,0.056433408577878104,False,False,False
7717,ブイ・テクノロジー,2026-09-07,6010.0,6250.0,6350.0,5606.0,5628.4,165060.0,6000.0,6000.0,5930.0,5960.0,15900.0,-0.8319467554076532,-0.16638935108153063,-0.666666666666671,-4.64,-6.141732283464563,6.5436241610738355,1.6000000000000014,0.09632860777898945,False,False,False
7719,東京衡機,2026-09-07,526.0,600.0,600.0,509.4,472.68,246300.0,526.0,536.0,525.0,533.0,31300.0,1.3307984790874583,0.0,1.3307984790874583,-11.16666666666667,-11.16666666666667,12.570356472795496,0.0,0.1270807957775071,True,False,False
7721,東京計器,2026-09-07,7370.0,7980.0,7980.0,7044.0,7229.6,245320.0,7260.0,7290.0,7190.0,7260.0,19100.0,-1.4925373134328401,-1.4925373134328401,0.0,-9.022556390977442,-9.022556390977442,9.917355371900815,0.0,0.07785749225501386,False,False,False
7722,国際計測器,2026-09-07,783.0,806.0,817.0,781.8,787.04,31620.0,783.0,783.0,779.0,779.0,2100.0,-0.5108556832694733,0.0,-0.5108556832694733,-3.3498759305210957,-4.651162790697672,4.878048780487809,1.3647642679900818,0.06641366223908918,False,False,False
7723,愛知時計電機,2026-09-07,2862.0,2971.0,3080.0,2884.8,2847.88,28380.0,2850.0,2850.0,2831.0,2862.0,20300.0,0.0,-0.41928721174003813,0.42105263157894424,-3.6687983843823657,-7.077922077922083,7.617051013277432,3.6687983843823657,0.715292459478506,True,False,False
7725,インターアクション,2026-09-07,1776.0,2025.0,2025.0,1734.0,1835.08,111480.0,1755.0,1769.0,1746.0,1763.0,4700.0,-0.7319819819819773,-1.1824324324324342,0.4558404558404616,-12.938271604938267,-12.938271604938267,14.861032331253554,0.0,0.0421600287047004,True,False,False
7726,黒田精工,2026-09-07,1420.0,1489.0,1489.0,1382.2,1347.68,9760.0,1404.0,1404.0,1404.0,1420.0,10700.0,0.0,-1.1267605633802802,1.139601139601143,-4.633982538616522,-4.633982538616522,4.859154929577469,0.0,1.096311475409836,True,False,False
7727,オーバル,2026-09-07,880.0,935.0,935.0,841.4,819.28,142580.0,878.0,879.0,871.0,876.0,9800.0,-0.4545454545454519,-0.2272727272727315,-0.2277904328018221,-6.310160427807487,-6.310160427807487,6.735159817351599,0.0,0.06873334268480853,False,False,False
7729,東京精密,2026-09-07,17600.0,19585.0,19585.0,17085.0,17883.2,270640.0,17370.0,17490.0,17325.0,17455.0,8800.0,-0.8238636363636309,-1.3068181818181812,0.48934945308001243,-10.87567015573143,-10.87567015573143,12.202807218562018,0.0,0.0325155187703222,True,False,False
7730,マニー,2026-09-07,1486.0,1629.0,1629.0,1513.0,1563.8,289640.0,1480.0,1480.0,1463.0,1466.0,58300.0,-1.3458950201884257,-0.40376850605652326,-0.9459459459459474,-10.0061387354205,-10.0061387354205,11.11869031377899,0.0,0.2012843529899185,False,False,False
7731,ニコン,2026-09-07,1874.5,2089.5,2285.0,1900.1,1961.88,1553340.0,1852.0,1864.0,1852.0,1862.0,54300.0,-0.6668444918644933,-1.2003200853560991,0.5399568034557323,-10.887772194304857,-18.51203501094092,22.71750805585393,9.35630533620484,0.034956931515315384,True,False,False
7733,オリンパス,2026-09-07,2017.0,2210.5,2210.5,2072.2,2058.6,4392060.0,1989.0,2008.5,1987.5,1994.0,256300.0,-1.1403073872087277,-1.3882002974714869,0.2513826043237799,-9.794164216240675,-9.794164216240675,10.857572718154461,0.0,0.0583553048000255,True,False,False
7734,理研計器,2026-09-07,3415.0,3735.0,3750.0,3369.0,3415.2,85700.0,3375.0,3400.0,3375.0,3400.0,2400.0,-0.43923865300146137,-1.171303074670571,0.7407407407407307,-8.969210174029453,-9.333333333333337,10.294117647058831,0.40160642570281624,0.028004667444574097,True,False,False
7735,ＳＣＲＥＥＮホールディングス,2026-09-07,13515.0,14730.0,16215.0,13225.0,13415.8,1509960.0,13505.0,13595.0,13450.0,13580.0,102900.0,0.4809470958194506,-0.07399186089530607,0.5553498704183646,-7.8071961982349,-16.250385445575088,19.403534609720175,10.081466395112027,0.06814750059604228,True,False,False
7740,タムロン,2026-09-07,1395.0,1460.0,1463.0,1376.6,1396.16,467240.0,1381.0,1389.0,1373.0,1376.0,19900.0,-1.3620071684587787,-1.003584229390686,-0.3620564808110016,-5.753424657534245,-5.946684894053311,6.322674418604657,0.205479452054802,0.0425905316325657,False,False,False
7741,ＨＯＹＡ,2026-09-07,24145.0,26845.0,26925.0,24411.0,25291.4,1194820.0,24015.0,24170.0,23865.0,23920.0,59200.0,-0.9318699523710894,-0.5384137502588482,-0.3955860920258125,-10.895883777239712,-11.160631383472609,12.562709030100327,0.2980070776680943,0.049547212132371406,False,False,False
7743,シード,2026-09-07,792.0,793.0,793.0,792.0,605.44,503740.0,792.0,793.0,792.0,792.0,70800.0,0.0,0.0,0.0,-0.12610340479193294,-0.12610340479193294,0.12626262626262985,0.0,0.14054869575574702,False,False,False
7744,ノーリツ鋼機,2026-09-07,2030.0,2199.0,2199.0,2057.4,2044.56,261960.0,2028.0,2030.0,2011.0,2015.0,13000.0,-0.7389162561576401,-0.09852216748768017,-0.6410256410256387,-8.367439745338789,-8.367439745338789,9.131513647642686,0.0,0.049625897083524204,False,False,False
7745,Ａ＆Ｄホロンホールディングス,2026-09-07,2898.0,2957.0,3410.0,2835.8,2906.48,87260.0,2852.0,2866.0,2840.0,2857.0,2800.0,-1.4147688060731523,-1.5873015873015928,0.1753155680224383,-3.381805884342237,-16.217008797653953,19.355967798389926,15.31958065607033,0.03208801283520513,True,False,False
7746,岡本硝子,2026-09-07,800.0,813.0,813.0,780.8,755.4,452680.0,800.0,800.0,793.0,798.0,30700.0,-0.24999999999999467,0.0,-0.24999999999999467,-1.845018450184499,-1.845018450184499,1.8796992481203034,0.0,0.06781832641159317,False,False,False
7747,朝日インテック,2026-09-07,3422.0,4282.0,4282.0,3589.8,3818.8,1512480.0,3398.0,3403.0,3375.0,3394.0,128200.0,-0.8182349503214503,-0.7013442431326733,-0.11771630370805974,-20.737972909855205,-20.737972909855205,26.16381850324101,0.0,0.08476145139109277,False,False,False
7749,メディキット,2026-09-07,2965.0,2999.0,2999.0,2934.0,2865.68,2060.0,2965.0,2965.0,2965.0,2965.0,2200.0,0.0,0.0,0.0,-1.133711237079027,-1.133711237079027,1.1467116357504192,0.0,1.0679611650485437,False,False,False
7751,キヤノン,2026-09-07,4502.0,4750.0,4750.0,4641.2,4586.64,3127480.0,4450.0,4482.0,4432.0,4470.0,357900.0,-0.710795202132386,-1.1550422034651286,0.44943820224718767,-5.894736842105264,-5.894736842105264,6.263982102908283,0.0,0.11443718265184749,True,False,False
7752,リコー,2026-09-07,1654.0,1747.5,1747.5,1697.0,1642.78,1761200.0,1645.0,1651.0,1641.0,1642.5,80100.0,-0.6952841596130632,-0.5441354292623934,-0.1519756838905817,-6.008583690987123,-6.008583690987123,6.392694063926951,0.0,0.04548035430388372,False,False,False
7760,ＩＭＶ,2026-09-07,2060.0,2219.0,2724.0,2001.6,2091.8,78740.0,2060.0,2175.0,2058.0,2167.0,41600.0,5.194174757281544,0.0,5.194174757281544,-2.3433979269941396,-20.44787077826725,25.703737886478994,22.757999098693116,0.5283210566421133,True,False,False
7762,シチズン時計,2026-09-07,2642.0,2920.0,2920.0,2685.8,2612.0,1689820.0,2592.0,2593.0,2561.0,2585.0,121900.0,-2.1574564723694123,-1.8925056775170312,-0.2700617283950657,-11.472602739726023,-11.472602739726023,12.959381044487417,0.0,0.07213786083724893,False,False,False
7769,リズム,2026-09-07,3900.0,4055.0,4055.0,3930.0,3959.4,22840.0,3900.0,3900.0,3875.0,3880.0,6000.0,-0.512820512820511,0.0,-0.512820512820511,-4.315659679408135,-4.315659679408135,4.510309278350522,0.0,0.2626970227670753,False,False,False
7771,日本精密,2026-09-07,265.0,309.0,315.0,268.0,288.72,113140.0,265.0,265.0,265.0,265.0,16200.0,0.0,0.0,0.0,-14.239482200647247,-15.873015873015872,18.867924528301884,1.9417475728155331,0.14318543397560546,False,False,False
7774,ジャパン・ティッシュエンジニアリング,2026-09-07,902.0,904.0,904.0,877.0,840.88,98640.0,897.0,900.0,885.0,898.0,16000.0,-0.44345898004434225,-0.5543237250554278,0.11148272017837968,-0.6637168141592875,-0.6637168141592875,0.6681514476614803,0.0,0.16220600162206,True,False,False
7775,大研医器,2026-09-07,427.0,440.0,440.0,426.2,425.76,14780.0,427.0,427.0,426.0,427.0,16000.0,0.0,0.0,0.0,-2.954545454545454,-2.954545454545454,3.0444964871194413,0.0,1.0825439783491204,False,False,False
7776,セルシード,2026-09-07,223.0,242.0,242.0,220.4,229.2,174000.0,223.0,223.0,222.0,222.0,8700.0,-0.4484304932735439,0.0,-0.4484304932735439,-8.264462809917351,-8.264462809917351,9.009009009009006,0.0,0.05,False,False,False
7777,スリー・ディー・マトリックス,2026-09-07,351.0,389.0,389.0,360.0,359.72,1394440.0,349.0,350.0,347.0,350.0,127600.0,-0.2849002849002802,-0.5698005698005715,0.2865329512893977,-10.025706940874034,-10.025706940874034,11.142857142857142,0.0,0.09150626774906055,True,False,False
7779,ＣＹＢＥＲＤＹＮＥ,2026-09-07,231.0,259.0,259.0,223.0,231.64,1124140.0,229.0,229.0,226.0,228.0,151900.0,-1.2987012987012991,-0.8658008658008698,-0.4366812227074246,-11.969111969111967,-11.969111969111967,13.596491228070185,0.0,0.13512551817389293,False,False,False
7780,メニコン,2026-09-07,1810.0,2049.0,2086.0,1894.0,1906.88,261560.0,1798.0,1802.0,1788.0,1795.0,40400.0,-0.8287292817679592,-0.6629834254143652,-0.16685205784204848,-12.396290873596872,-13.950143815915627,16.211699164345394,1.8057589067838054,0.154457868175562,False,False,False
7781,平山ホールディングス,2026-09-07,866.0,915.0,915.0,882.4,847.8,25200.0,865.0,865.0,865.0,866.0,32100.0,0.0,-0.11547344110854896,0.11560693641619046,-5.355191256830604,-5.355191256830604,5.65819861431871,0.0,1.2738095238095237,True,False,False
7782,シンシア,2026-09-07,492.0,495.0,495.0,490.2,473.4,3880.0,496.0,496.0,489.0,492.0,7000.0,0.0,0.8130081300812941,-0.8064516129032251,-0.60606060606061,-0.60606060606061,0.6097560975609762,0.0,1.8041237113402062,False,False,False
7791,ドリームベッド,2026-09-07,829.0,848.0,848.0,830.4,821.56,2940.0,829.0,829.0,828.0,829.0,1000.0,0.0,0.0,0.0,-2.240566037735847,-2.240566037735847,2.2919179734619988,0.0,0.3401360544217687,False,False,False
7792,コラントッテ,2026-09-07,1482.0,1512.0,1512.0,1485.2,1470.16,8880.0,1480.0,1480.0,1480.0,1482.0,5600.0,0.0,-0.13495276653171517,0.13513513513514486,-1.9841269841269882,-1.9841269841269882,2.0242914979757165,0.0,0.6306306306306306,True,False,False
7793,イメージ・マジック,2026-09-07,1503.0,1590.0,1590.0,1502.2,1472.04,1560.0,1506.0,1506.0,1506.0,1503.0,1300.0,0.0,0.1996007984031989,-0.19920318725099584,-5.471698113207546,-5.471698113207546,5.788423153692612,0.0,0.8333333333333334,False,False,False
7794,イーディーピー,2026-09-07,999.0,1050.0,1050.0,985.2,947.56,270320.0,1030.0,1039.0,1017.0,1025.0,88600.0,2.6026026026026106,3.103103103103111,-0.4854368932038833,-2.3809523809523836,-2.3809523809523836,2.4390243902439046,0.0,0.32775969221663215,False,False,False
7795,ＫＹＯＲＩＴＳＵ,2026-09-07,225.0,230.0,230.0,225.8,219.96,37180.0,225.0,225.0,221.0,222.0,18900.0,-1.3333333333333308,0.0,-1.3333333333333308,-3.4782608695652195,-3.4782608695652195,3.603603603603611,0.0,0.5083378160301237,False,False,False
7800,アミファ,2026-09-07,1004.0,1138.0,1138.0,1008.2,1001.56,9500.0,1004.0,1010.0,987.0,1004.0,15200.0,0.0,0.0,0.0,-11.77504393673111,-11.77504393673111,13.346613545816744,0.0,1.6,False,False,False
7803,ブシロード,2026-09-07,454.0,459.0,459.0,443.0,407.84,1266360.0,448.0,450.0,445.0,448.0,83900.0,-1.3215859030836996,-1.3215859030836996,0.0,-2.3965141612200425,-2.3965141612200425,2.4553571428571397,0.0,0.06625288227676174,False,False,False
7804,ビーアンドピー,2026-09-07,2382.0,2388.0,2388.0,2381.6,2323.24,1820.0,2367.0,2367.0,2367.0,2367.0,100.0,-0.6297229219143552,-0.6297229219143552,0.0,-0.8793969849246186,-0.8793969849246186,0.8871989860582907,0.0,0.054945054945054944,False,False,False
7805,プリントネット,2026-09-07,714.0,759.0,770.0,714.0,736.2,13740.0,712.0,712.0,712.0,714.0,8100.0,0.0,-0.2801120448179262,0.2808988764045006,-5.928853754940711,-7.272727272727275,7.843137254901955,1.449275362318847,0.5895196506550219,True,False,False
7806,ＭＴＧ,2026-09-07,8170.0,9400.0,9400.0,8482.0,8347.2,199580.0,8130.0,8370.0,8120.0,8340.0,32300.0,2.080783353733162,-0.4895960832313362,2.583025830258312,-11.27659574468085,-11.27659574468085,12.709832134292576,0.0,0.16183986371379896,True,False,False
7807,幸和製作所,2026-09-07,853.0,886.0,886.0,864.8,867.76,1120.0,849.0,849.0,849.0,853.0,2800.0,0.0,-0.4689331770222793,0.4711425206124886,-3.724604966139955,-3.724604966139955,3.86869871043376,0.0,2.5,True,False,False
7808,シー・エス・ランバー,2026-09-07,2776.0,2798.0,2798.0,2750.4,2715.36,460.0,2776.0,2798.0,2776.0,2776.0,1100.0,0.0,0.0,0.0,-0.786275911365264,-0.786275911365264,0.7925072046109483,0.0,2.391304347826087,False,False,False
7809,壽屋,2026-09-07,1326.0,1345.0,1345.0,1324.0,1322.72,3600.0,1325.0,1326.0,1324.0,1326.0,5300.0,0.0,-0.07541478129713397,0.07547169811321641,-1.4126394052044633,-1.4126394052044633,1.4328808446455454,0.0,1.4722222222222223,True,False,False
7810,クロスフォー,2026-09-07,172.0,219.0,219.0,167.8,155.36,322460.0,171.0,172.0,170.0,172.0,12000.0,0.0,-0.5813953488372103,0.5847953216374213,-21.461187214611876,-21.461187214611876,27.32558139534884,0.0,0.037213918005333996,True,False,False
7811,中本パックス,2026-09-07,1969.0,2006.0,2006.0,1982.6,1942.56,16940.0,1969.0,1969.0,1966.0,1969.0,10400.0,0.0,0.0,0.0,-1.8444666001994015,-1.8444666001994015,1.8791264601320412,0.0,0.6139315230224321,False,False,False
7812,クレステック,2026-09-07,2114.0,2190.0,2190.0,2134.8,2145.16,1900.0,2101.0,2114.0,2101.0,2114.0,5300.0,0.0,-0.6149479659413482,0.6187529747739173,-3.4703196347032006,-3.4703196347032006,3.595080416272478,0.0,2.789473684210526,True,False,False
7813,プラッツ,2026-09-07,912.0,946.0,946.0,913.8,844.0,4560.0,911.0,911.0,911.0,912.0,1700.0,0.0,-0.10964912280702066,0.1097694840834329,-3.594080338266381,-3.594080338266381,3.7280701754385914,0.0,0.37280701754385964,True,False,False
7814,日本創発グループ,2026-09-07,628.0,660.0,676.0,636.6,638.52,30340.0,627.0,627.0,627.0,628.0,5000.0,0.0,-0.15923566878981443,0.15948963317384823,-4.848484848484846,-7.100591715976334,7.643312101910826,2.4242424242424176,0.16479894528675015,True,False,False
7815,東京ボード工業,2026-09-07,352.0,437.0,437.0,350.4,347.8,4820.0,349.0,349.0,349.0,352.0,6100.0,0.0,-0.8522727272727293,0.8595988538681931,-19.45080091533181,-19.45080091533181,24.14772727272727,0.0,1.2655601659751037,True,False,False
7818,トランザクション,2026-09-07,1164.0,1276.0,1276.0,1154.4,1198.72,143780.0,1160.0,1165.0,1158.0,1164.0,129300.0,0.0,-0.3436426116838476,0.34482758620688614,-8.777429467084641,-8.777429467084641,9.621993127147777,0.0,0.8992905828348866,True,False,False
7819,粧美堂,2026-09-07,1026.0,1088.0,1088.0,1011.0,986.92,26060.0,1042.0,1045.0,1029.0,1040.0,5200.0,1.3645224171539905,1.5594541910331383,-0.19193857965451588,-4.411764705882348,-4.411764705882348,4.615384615384621,0.0,0.1995395241749808,False,False,False
7820,ニホンフラッシュ,2026-09-07,707.0,733.0,733.0,708.6,711.96,33440.0,706.0,706.0,704.0,705.0,16300.0,-0.28288543140028155,-0.14144271570014633,-0.14164305949008194,-3.8199181446111896,-3.8199181446111896,3.9716312056737646,0.0,0.4874401913875598,False,False,False
7821,前田工繊,2026-09-07,1951.0,2128.0,2128.0,1994.0,2013.0,113380.0,1933.0,1942.0,1927.0,1937.0,6600.0,-0.7175807278318791,-0.9226037929267017,0.20693222969476732,-8.975563909774431,-8.975563909774431,9.86060918946825,0.0,0.058211324748632914,True,False,False
7822,永大産業,2026-09-07,258.0,265.0,265.0,257.2,253.6,20200.0,258.0,258.0,257.0,257.0,1300.0,-0.3875968992248069,0.0,-0.3875968992248069,-3.018867924528301,-3.018867924528301,3.112840466926059,0.0,0.06435643564356436,False,False,False
7823,アートネイチャー,2026-09-07,834.0,891.0,910.0,853.6,855.52,72340.0,831.0,831.0,826.0,834.0,57300.0,0.0,-0.3597122302158251,0.3610108303249149,-6.3973063973064015,-8.351648351648356,9.112709832134303,2.1324354657688005,0.7920928946640863,True,False,False
7826,フルヤ金属,2026-09-07,10840.0,10940.0,10940.0,10222.0,8660.0,774140.0,10580.0,10710.0,10400.0,10430.0,82500.0,-3.7822878228782275,-2.398523985239853,-1.417769376181477,-4.6617915904936025,-4.6617915904936025,4.889741131351877,0.0,0.10656987108274989,False,False,False
7827,オービス,2026-09-07,1732.0,1757.0,1757.0,1742.2,1704.96,1180.0,1732.0,1732.0,1732.0,1732.0,1100.0,0.0,0.0,0.0,-1.4228799089356814,-1.4228799089356814,1.443418013856812,0.0,0.9322033898305084,False,False,False
7831,ウイルコホールディングス,2026-09-07,66.0,70.0,70.0,67.0,67.4,37020.0,67.0,67.0,67.0,66.0,105500.0,0.0,1.5151515151515138,-1.4925373134328401,-5.714285714285716,-5.714285714285716,6.060606060606055,0.0,2.849810913019989,False,False,False
7832,バンダイナムコホールディングス,2026-09-07,5344.0,5850.0,5850.0,5587.0,5358.56,2825840.0,5343.0,5345.0,5294.0,5299.0,174300.0,-0.8420658682634752,-0.018712574850299202,-0.8235073928504533,-9.418803418803423,-9.418803418803423,10.398188337422166,0.0,0.06168077456614671,False,False,False
7833,アイフィスジャパン,2026-09-07,684.0,690.0,690.0,674.0,651.24,9840.0,683.0,683.0,683.0,684.0,6800.0,0.0,-0.14619883040936088,0.14641288433381305,-0.8695652173912993,-0.8695652173912993,0.8771929824561431,0.0,0.6910569105691057,True,False,False
7836,アビックス,2026-09-07,77.0,83.0,83.0,77.2,78.96,30120.0,77.0,77.0,77.0,77.0,33800.0,0.0,0.0,0.0,-7.2289156626506035,-7.2289156626506035,7.792207792207795,0.0,1.1221779548472774,False,False,False
7837,アールシーコア,2026-09-07,336.0,359.0,366.0,336.8,338.88,1460.0,336.0,336.0,336.0,336.0,1200.0,0.0,0.0,0.0,-6.406685236768805,-8.196721311475407,8.92857142857142,1.949860724233976,0.821917808219178,False,False,False
7839,ＳＨＯＥＩ,2026-09-07,2116.0,2143.0,2143.0,2089.6,2057.32,218100.0,2107.0,2110.0,2095.0,2099.0,38100.0,-0.8034026465028377,-0.42533081285444085,-0.37968675842430244,-2.053196453569761,-2.053196453569761,2.0962363030014197,0.0,0.1746905089408528,False,False,False
7840,フランスベッドホールディングス,2026-09-07,1291.0,1327.0,1327.0,1306.6,1279.0,31180.0,1290.0,1290.0,1283.0,1291.0,27900.0,0.0,-0.07745933384972759,0.07751937984497026,-2.7128862094951023,-2.7128862094951023,2.7885360185902375,0.0,0.8948043617703656,True,False,False
7841,遠藤製作所,2026-09-07,1081.0,1132.0,1141.0,1084.0,1105.08,12700.0,1079.0,1079.0,1079.0,1081.0,15900.0,0.0,-0.18501387604070718,0.1853568118628468,-4.505300353356889,-5.258545135845749,5.550416281221082,0.7950530035335746,1.2519685039370079,True,False,False
7844,マーベラス,2026-09-07,509.0,538.0,538.0,524.6,500.16,181860.0,506.0,508.0,503.0,509.0,153800.0,0.0,-0.5893909626719096,0.5928853754940677,-5.390334572490707,-5.390334572490707,5.697445972495085,0.0,0.8457054877378203,True,False,False
7846,パイロットコーポレーション,2026-09-07,2067.0,2154.5,2154.5,2120.4,1987.48,430580.0,2058.5,2066.0,2055.0,2066.0,19200.0,-0.04837929366231508,-0.41122399612966154,0.36434296818070866,-4.107681596658153,-4.107681596658153,4.28363988383349,0.0,0.04459101676808026,True,False,False
7847,グラファイトデザイン,2026-09-07,631.0,693.0,693.0,643.4,661.88,6860.0,633.0,633.0,633.0,631.0,4100.0,0.0,0.31695721077653616,-0.3159557661927326,-8.946608946608947,-8.946608946608947,9.825673534072909,0.0,0.597667638483965,False,False,False
7849,スターツ出版,2026-09-07,3050.0,3170.0,3450.0,3072.0,3079.2,1280.0,3045.0,3045.0,3045.0,3050.0,1900.0,0.0,-0.16393442622950616,0.16420361247948545,-3.785488958990535,-11.594202898550721,13.114754098360649,8.832807570977907,1.484375,True,False,False
7850,総合商研,2026-09-07,817.0,827.0,884.0,812.0,813.16,3060.0,816.0,816.0,816.0,817.0,10700.0,0.0,-0.1223990208078285,0.1225490196078427,-1.209189842805325,-7.579185520361986,8.200734394124854,6.892382103990324,3.496732026143791,True,False,False
7856,萩原工業,2026-09-07,1901.0,1931.0,1931.0,1887.8,1856.08,82540.0,1885.0,1903.0,1876.0,1901.0,213800.0,0.0,-0.8416622830089482,0.8488063660477385,-1.5535991714137776,-1.5535991714137776,1.5781167806417695,0.0,2.590259268233584,True,False,False
7857,セキ,2026-09-07,1290.0,1298.0,1300.0,1292.0,1290.88,240.0,1290.0,1290.0,1290.0,1290.0,300.0,0.0,0.0,0.0,-0.6163328197226536,-0.7692307692307665,0.7751937984496138,0.15408320493066618,1.25,False,False,False
7859,アルメディオ,2026-09-07,281.0,291.0,291.0,261.2,242.76,152400.0,283.0,288.0,281.0,283.0,30700.0,0.7117437722419906,0.7117437722419906,0.0,-2.7491408934707917,-2.7491408934707917,2.8268551236749095,0.0,0.20144356955380577,False,False,False
7860,エイベックス,2026-09-07,1246.0,1302.0,1361.0,1277.4,1266.2,118260.0,1241.0,1245.0,1235.0,1242.0,10200.0,-0.32102728731941976,-0.40128410914928025,0.08058017727639033,-4.608294930875578,-8.743570903747244,9.581320450885666,4.531490015360973,0.08625063419583967,True,False,False
7864,フジシールインターナショナル,2026-09-07,3285.0,3365.0,3365.0,3306.0,3255.0,93460.0,3270.0,3305.0,3250.0,3265.0,9800.0,-0.60882800608828,-0.45662100456621557,-0.1529051987767538,-2.9717682020802383,-2.9717682020802383,3.0627871362940207,0.0,0.10485769313075112,False,False,False
7865,ピープル,2026-09-07,337.0,370.0,370.0,344.2,340.2,7660.0,338.0,338.0,337.0,337.0,1600.0,0.0,0.29673590504450953,-0.295857988165682,-8.918918918918916,-8.918918918918916,9.792284866468837,0.0,0.20887728459530025,False,False,False
7867,タカラトミー,2026-09-07,3619.0,3840.0,3840.0,3677.4,3635.6,414880.0,3579.0,3579.0,3555.0,3565.0,40000.0,-1.4921248963802203,-1.105277701022378,-0.39117071807767134,-7.1614583333333375,-7.1614583333333375,7.713884992987374,0.0,0.09641342074816814,False,False,False
7868,広済堂ホールディングス,2026-09-07,544.0,589.0,589.0,549.4,548.32,392200.0,543.0,543.0,539.0,542.0,76900.0,-0.3676470588235281,-0.18382352941176405,-0.18416206261510082,-7.979626485568758,-7.979626485568758,8.671586715867164,0.0,0.19607343192248852,False,False,False
7871,フクビ化学工業,2026-09-07,997.0,1052.0,1052.0,1016.2,1005.4,7420.0,995.0,1000.0,995.0,997.0,9500.0,0.0,-0.20060180541624506,0.20100502512563345,-5.2281368821292755,-5.2281368821292755,5.5165496489468335,0.0,1.280323450134771,True,False,False
7872,エステールホールディングス,2026-09-07,619.0,620.0,620.0,617.0,613.52,3200.0,619.0,619.0,619.0,619.0,4200.0,0.0,0.0,0.0,-0.1612903225806428,-0.1612903225806428,0.1615508885298933,0.0,1.3125,False,False,False
7874,レック,2026-09-07,953.0,988.0,997.0,958.2,959.84,59460.0,949.0,949.0,941.0,942.0,9300.0,-1.1542497376705096,-0.41972717733472775,-0.737618545837726,-4.655870445344135,-5.516549648946844,5.83864118895967,0.9109311740890691,0.15640766902119072,False,False,False
7875,竹田ｉＰホールディングス,2026-09-07,819.0,881.0,881.0,805.6,816.32,17220.0,818.0,818.0,818.0,819.0,20100.0,0.0,-0.12210012210012167,0.12224938875304847,-7.037457434733263,-7.037457434733263,7.5702075702075655,0.0,1.1672473867595818,True,False,False
7877,永大化工,2026-09-07,2246.0,2269.0,2269.0,2232.8,2196.6,520.0,2246.0,2246.0,2246.0,2246.0,600.0,0.0,0.0,0.0,-1.013662406346405,-1.013662406346405,1.024042742653597,0.0,1.1538461538461537,False,False,False
7878,光・彩,2026-09-07,1500.0,1595.0,1595.0,1494.2,1383.68,5780.0,1500.0,1500.0,1500.0,1500.0,5100.0,0.0,0.0,0.0,-5.956112852664575,-5.956112852664575,6.333333333333324,0.0,0.8823529411764706,False,False,False
7879,ノダ,2026-09-07,672.0,685.0,685.0,674.6,662.2,4240.0,670.0,672.0,670.0,672.0,5600.0,0.0,-0.29761904761904656,0.29850746268655914,-1.897810218978102,-1.897810218978102,1.9345238095238138,0.0,1.320754716981132,True,False,False
7883,サンメッセ,2026-09-07,403.0,407.0,412.0,401.2,401.88,2340.0,401.0,401.0,401.0,403.0,3300.0,0.0,-0.496277915632759,0.4987531172069737,-0.9828009828009798,-2.1844660194174748,2.2332506203474045,1.228501228501222,1.4102564102564104,True,False,False
7885,タカノ,2026-09-07,1137.0,1165.0,1165.0,1133.0,1120.72,10440.0,1141.0,1141.0,1141.0,1137.0,11500.0,0.0,0.3518029903254227,-0.35056967572304476,-2.403433476394845,-2.403433476394845,2.4626209322779147,0.0,1.1015325670498084,False,False,False
7886,ヤマト　モビリティ　＆　Ｍｆｇ．,2026-09-07,594.0,750.0,755.0,614.8,681.88,6540.0,574.0,574.0,562.0,562.0,5400.0,-5.387205387205385,-3.367003367003363,-2.0905923344947785,-25.06666666666667,-25.562913907284766,34.341637010676166,0.6666666666666599,0.8256880733944955,False,False,False
7887,南海プライウッド,2026-09-07,1574.0,1597.0,1615.0,1581.8,1553.0,2020.0,1596.0,1597.0,1558.0,1574.0,5000.0,0.0,1.3977128335451061,-1.3784461152882233,-1.440200375704448,-2.5386996904024794,2.6048284625158846,1.1271133375078346,2.4752475247524752,False,False,False
7888,三光合成,2026-09-07,914.0,957.0,986.0,901.8,919.4,101620.0,901.0,901.0,895.0,898.0,11000.0,-1.7505470459518557,-1.422319474835887,-0.33296337402886067,-6.1650992685475465,-8.924949290060857,9.799554565701563,3.0303030303030276,0.1082464081873647,False,False,False
7893,プロネクサス,2026-09-07,1104.0,1164.0,1221.0,1118.4,1129.36,50380.0,1101.0,1101.0,1095.0,1095.0,17200.0,-0.8152173913043459,-0.27173913043477826,-0.544959128065392,-5.927835051546393,-10.319410319410316,11.50684931506849,4.89690721649485,0.3414053195712584,False,False,False
7897,ホクシン,2026-09-07,107.0,110.0,110.0,106.0,105.32,160660.0,106.0,106.0,106.0,107.0,180900.0,0.0,-0.9345794392523366,0.9433962264151052,-2.7272727272727226,-2.7272727272727226,2.8037383177569986,0.0,1.125980331134072,True,False,False
7898,ウッドワン,2026-09-07,937.0,955.0,955.0,923.6,922.52,3500.0,922.0,928.0,922.0,928.0,1400.0,-0.9605122732123772,-1.6008537886872953,0.6507592190889477,-2.8272251308900542,-2.8272251308900542,2.909482758620685,0.0,0.4,True,False,False
7901,マツモト,2026-09-07,869.0,880.0,903.0,852.0,842.64,1620.0,867.0,867.0,867.0,869.0,3000.0,0.0,-0.23014959723820505,0.23068050749712743,-1.2499999999999956,-3.7652270210409733,3.9125431530494748,2.6136363636363624,1.8518518518518519,True,False,False
7902,ソノコム,2026-09-07,1123.0,1140.0,1150.0,1124.8,1115.08,820.0,1128.0,1128.0,1120.0,1123.0,1800.0,0.0,0.44523597506678225,-0.44326241134752253,-1.4912280701754432,-2.347826086956517,2.404274265360651,0.8771929824561431,2.1951219512195124,False,False,False
7906,ヨネックス,2026-09-07,2551.0,2955.0,2955.0,2584.6,2695.24,464400.0,2550.0,2551.0,2526.0,2531.0,15400.0,-0.784006272050175,-0.03920031360250542,-0.7450980392156858,-14.348561759729272,-14.348561759729272,16.752271829316467,0.0,0.03316106804478897,False,False,False
7908,きもと,2026-09-07,239.0,250.0,250.0,240.2,239.84,80160.0,240.0,240.0,238.0,238.0,9400.0,-0.4184100418409997,0.4184100418409997,-0.8333333333333304,-4.800000000000004,-4.800000000000004,5.042016806722693,0.0,0.11726546906187625,False,False,False
7911,ＴＯＰＰＡＮホールディングス,2026-09-07,5246.0,5629.0,5629.0,5045.8,4993.56,1590200.0,5114.0,5160.0,5100.0,5155.0,59500.0,-1.7346549752192186,-2.5162028211971,0.8017207665232728,-8.420678628530819,-8.420678628530819,9.194956353055295,0.0,0.03741667714752861,True,False,False
7912,大日本印刷,2026-09-07,3096.0,3364.0,3364.0,3066.8,3129.88,1305200.0,3055.0,3083.0,3050.0,3079.0,78900.0,-0.5490956072351394,-1.3242894056847532,0.7855973813420514,-8.472057074910822,-8.472057074910822,9.25625202987983,0.0,0.06045050566962917,True,False,False
7914,共同印刷,2026-09-07,1745.0,1779.0,1779.0,1742.6,1718.8,71380.0,1735.0,1735.0,1726.0,1745.0,58100.0,0.0,-0.5730659025787954,0.5763688760807018,-1.9111860595840358,-1.9111860595840358,1.9484240687679177,0.0,0.813953488372093,True,False,False
7915,ＮＩＳＳＨＡ,2026-09-07,1202.0,1349.0,1389.0,1236.2,1283.52,290180.0,1203.0,1203.0,1194.0,1200.0,33800.0,-0.16638935108153063,0.08319467554076532,-0.24937655860348684,-11.045218680504076,-13.606911447084236,15.749999999999996,2.9651593773165397,0.11647942656282308,False,False,False
7916,光村印刷,2026-09-07,1900.0,1987.0,1987.0,1892.0,1904.72,160.0,1900.0,1900.0,1900.0,1900.0,100.0,0.0,0.0,0.0,-4.37845998993458,-4.37845998993458,4.57894736842106,0.0,0.625,False,False,False
7917,ＺＡＣＲＯＳ,2026-09-07,1264.0,1318.0,1467.0,1262.8,1298.64,124460.0,1250.0,1251.0,1245.0,1248.0,4600.0,-1.2658227848101222,-1.1075949367088556,-0.16000000000000458,-5.311077389984831,-14.92842535787321,17.548076923076916,11.305007587253414,0.036959665756066205,False,False,False
7918,ヴィア・ホールディングス,2026-09-07,107.0,109.0,109.0,106.8,105.8,39900.0,107.0,107.0,107.0,107.0,37000.0,0.0,0.0,0.0,-1.834862385321101,-1.834862385321101,1.869158878504673,0.0,0.9273182957393483,False,False,False
7919,野崎印刷紙業,2026-09-07,228.0,230.0,230.0,227.8,220.36,10500.0,227.0,227.0,227.0,228.0,7100.0,0.0,-0.43859649122807154,0.4405286343612369,-0.8695652173912993,-0.8695652173912993,0.8771929824561431,0.0,0.6761904761904762,True,False,False
7921,ＴＡＫＡＲＡ　＆　ＣＯＭＰＡＮＹ,2026-09-07,4090.0,4425.0,4595.0,4173.0,4225.0,21140.0,4090.0,4090.0,4075.0,4080.0,1100.0,-0.24449877750610804,0.0,-0.24449877750610804,-7.796610169491524,-11.207834602829159,12.622549019607842,3.841807909604511,0.05203405865657521,False,False,False
7927,ムトー精工,2026-09-07,2266.0,2303.0,2353.0,2274.0,2256.72,13480.0,2278.0,2278.0,2260.0,2266.0,23100.0,0.0,0.5295675198587757,-0.5267778753292318,-1.6066000868432462,-3.697407564810884,3.839364518976174,2.1710811984368306,1.7136498516320475,False,False,False
7928,旭化学工業,2026-09-07,615.0,662.0,662.0,616.4,639.36,4040.0,615.0,615.0,615.0,615.0,3200.0,0.0,0.0,0.0,-7.099697885196377,-7.099697885196377,7.642276422764227,0.0,0.7920792079207921,False,False,False
7931,未来工業,2026-09-07,3620.0,3770.0,3830.0,3632.0,3602.8,20320.0,3600.0,3600.0,3590.0,3620.0,18300.0,0.0,-0.5524861878453025,0.5555555555555536,-3.9787798408488118,-5.483028720626637,5.8011049723756924,1.5915119363395291,0.9005905511811023,True,False,False
7932,ニッピ,2026-09-07,11700.0,12010.0,12450.0,11756.0,11796.4,4400.0,11700.0,11700.0,11670.0,11670.0,1000.0,-0.2564102564102555,0.0,-0.2564102564102555,-2.830974188176516,-6.2650602409638605,6.683804627249357,3.663613655287268,0.22727272727272727,False,False,False
7936,アシックス,2026-09-07,4164.0,5440.0,5440.0,4241.8,4699.52,5903500.0,4115.0,4120.0,4077.0,4104.0,331800.0,-1.4409221902017322,-1.1767531219980754,-0.26731470230862975,-24.558823529411768,-24.558823529411768,32.55360623781676,0.0,0.056203946811213684,False,False,False
7937,ツツミ,2026-09-07,2624.0,2760.0,2760.0,2651.4,2616.72,14980.0,2616.0,2616.0,2600.0,2600.0,1500.0,-0.9146341463414642,-0.3048780487804881,-0.6116207951070374,-5.797101449275366,-5.797101449275366,6.153846153846154,0.0,0.10013351134846461,False,False,False
7938,リーガルコーポレーション,2026-09-07,2134.0,2223.0,2249.0,2145.4,2183.04,1860.0,2133.0,2133.0,2133.0,2134.0,2000.0,0.0,-0.046860356138711534,0.046882325363339916,-4.00359874044085,-5.113383726100484,5.38894095595126,1.1695906432748648,1.075268817204301,True,False,False
7939,研創,2026-09-07,600.0,619.0,625.0,603.8,604.88,1400.0,603.0,603.0,600.0,600.0,1600.0,0.0,0.49999999999998934,-0.497512437810943,-3.0694668820678506,-4.0000000000000036,4.166666666666674,0.9693053311793154,1.1428571428571428,False,False,False
7942,ＪＳＰ,2026-09-07,2977.0,3240.0,3240.0,3055.8,3045.4,59500.0,2970.0,2970.0,2929.0,2939.0,5700.0,-1.2764528048370805,-0.23513604299630897,-1.0437710437710468,-9.290123456790123,-9.290123456790123,10.241578768288528,0.0,0.0957983193277311,False,False,False
7943,ニチハ,2026-09-07,3040.0,3235.0,3295.0,3068.0,3119.0,50400.0,3025.0,3025.0,3005.0,3010.0,2900.0,-0.9868421052631526,-0.49342105263158187,-0.49586776859503745,-6.955177743431218,-8.649468892261003,9.46843853820598,1.8547140649149974,0.057539682539682536,False,False,False
7944,ローランド,2026-09-07,3800.0,4430.0,4615.0,3829.0,4044.0,76100.0,3795.0,3795.0,3740.0,3760.0,22000.0,-1.0526315789473717,-0.1315789473684159,-0.9222661396574461,-15.12415349887133,-18.526543878656554,22.73936170212767,4.176072234762973,0.2890932982917214,False,False,False
7946,光陽社,2026-09-07,360.0,507.0,507.0,380.6,340.68,55320.0,360.0,360.0,360.0,360.0,17700.0,0.0,0.0,0.0,-28.99408284023669,-28.99408284023669,40.83333333333334,0.0,0.3199566160520607,False,False,False
7947,エフピコ,2026-09-07,2807.0,2895.0,2895.0,2848.4,2750.68,275300.0,2798.0,2798.0,2778.0,2780.0,8200.0,-0.961881011756327,-0.32062700391877197,-0.6433166547534008,-3.9723661485319472,-3.9723661485319472,4.136690647482011,0.0,0.029785688339992736,False,False,False
7949,小松ウオール工業,2026-09-07,2845.0,2869.0,2869.0,2819.8,2789.32,51480.0,2837.0,2837.0,2822.0,2822.0,4700.0,-0.8084358523725799,-0.2811950790861162,-0.5287275290800086,-1.6382014639247156,-1.6382014639247156,1.6654854712969458,0.0,0.0912975912975913,False,False,False
7951,ヤマハ,2026-09-07,1315.0,1432.0,1432.0,1327.8,1325.2,1877140.0,1305.0,1311.5,1298.0,1299.5,254500.0,-1.1787072243345964,-0.760456273764254,-0.4214559386973127,-9.25279329608939,-9.25279329608939,10.196229318968841,0.0,0.13557859296589492,False,False,False
7952,河合楽器製作所,2026-09-07,3480.0,3685.0,3685.0,3515.0,3528.8,13560.0,3435.0,3435.0,3410.0,3410.0,1000.0,-2.011494252873558,-1.2931034482758674,-0.727802037845704,-7.462686567164178,-7.462686567164178,8.064516129032251,0.0,0.07374631268436578,False,False,False
7953,菊水化学工業,2026-09-07,402.0,405.0,405.0,400.8,396.6,7940.0,400.0,402.0,400.0,402.0,9400.0,0.0,-0.497512437810943,0.49999999999998934,-0.7407407407407418,-0.7407407407407418,0.746268656716409,0.0,1.1838790931989924,True,False,False
7955,クリナップ,2026-09-07,980.0,1018.0,1018.0,990.6,967.8,32120.0,972.0,972.0,965.0,972.0,10600.0,-0.8163265306122436,-0.8163265306122436,0.0,-4.518664047151278,-4.518664047151278,4.73251028806585,0.0,0.3300124533001245,False,False,False
7956,ピジョン,2026-09-07,2044.0,2197.5,2197.5,2077.3,2090.18,789880.0,2063.0,2063.0,2023.0,2028.5,47100.0,-0.7583170254403138,0.9295499021526377,-1.6723218613669433,-7.690557451649605,-7.690557451649605,8.331279270396852,0.0,0.05962931078138452,False,False,False
7957,フジコピアン,2026-09-07,2615.0,2850.0,2850.0,2613.0,2402.72,4820.0,2591.0,2591.0,2591.0,2591.0,1200.0,-0.9177820267686432,-0.9177820267686432,0.0,-9.087719298245611,-9.087719298245611,9.996140486298732,0.0,0.24896265560165975,False,False,False
7962,キングジム,2026-09-07,801.0,820.0,820.0,799.0,807.04,23180.0,795.0,798.0,795.0,801.0,16500.0,0.0,-0.7490636704119868,0.7547169811320753,-2.3170731707317094,-2.3170731707317094,2.372034956304625,0.0,0.7118205349439172,True,False,False
7963,興研,2026-09-07,1844.0,1850.0,1850.0,1819.0,1812.04,1540.0,1844.0,1844.0,1844.0,1844.0,1300.0,0.0,0.0,0.0,-0.324324324324321,-0.324324324324321,0.32537960954446277,0.0,0.8441558441558441,False,False,False
7965,象印マホービン,2026-09-07,1448.0,1498.0,1498.0,1455.8,1457.04,107260.0,1440.0,1446.0,1440.0,1440.0,25500.0,-0.5524861878453025,-0.5524861878453025,0.0,-3.8718291054739673,-3.8718291054739673,4.027777777777786,0.0,0.23774007085586427,False,False,False
7966,リンテック,2026-09-07,5480.0,6250.0,7180.0,5414.0,5832.4,2728280.0,5450.0,5500.0,5400.0,5430.0,1621500.0,-0.9124087591240837,-0.5474452554744547,-0.3669724770642202,-13.119999999999997,-24.37325905292479,32.22836095764272,14.880000000000004,0.5943304939375724,False,False,False
7970,信越ポリマー,2026-09-07,2224.0,2378.0,2378.0,2217.4,2254.0,108200.0,2203.0,2203.0,2191.0,2195.0,8900.0,-1.3039568345323715,-0.9442446043165464,-0.3631411711302768,-7.695542472666106,-7.695542472666106,8.337129840546687,0.0,0.0822550831792976,False,False,False
7971,東リ,2026-09-07,714.0,720.0,720.0,711.4,695.04,83520.0,712.0,712.0,705.0,709.0,14900.0,-0.7002801120448154,-0.2801120448179262,-0.4213483146067398,-1.5277777777777724,-1.5277777777777724,1.5514809590973178,0.0,0.17840038314176246,False,False,False
7972,イトーキ,2026-09-07,2529.0,2698.0,2971.0,2553.0,2639.16,157780.0,2510.0,2510.0,2492.0,2503.0,18800.0,-1.0280743376828827,-0.7512850929221049,-0.2788844621513964,-7.227575982209045,-15.752271962302256,18.697562924490608,10.118606375092654,0.11915325136265686,False,False,False
7974,任天堂,2026-09-07,8750.0,9180.0,9180.0,8873.6,8536.04,6829840.0,8767.0,8875.0,8749.0,8863.0,767000.0,1.2914285714285656,0.1942857142857246,1.0950153986540423,-3.453159041394338,-3.453159041394338,3.5766670427620495,0.0,0.11230131306150656,True,False,False
7975,リヒトラブ,2026-09-07,1168.0,1196.0,1196.0,1168.0,1139.76,1820.0,1168.0,1168.0,1165.0,1168.0,2200.0,0.0,0.0,0.0,-2.341137123745818,-2.341137123745818,2.397260273972601,0.0,1.2087912087912087,False,False,False
7976,三菱鉛筆,2026-09-07,3160.0,3185.0,3185.0,3130.0,2963.56,74460.0,3150.0,3155.0,3135.0,3150.0,5000.0,-0.31645569620253333,-0.31645569620253333,0.0,-1.098901098901095,-1.098901098901095,1.1111111111111072,0.0,0.067150147730325,False,False,False
7979,松風,2026-09-07,2280.0,2420.0,2420.0,2295.6,2298.76,68300.0,2253.0,2268.0,2240.0,2268.0,12200.0,-0.5263157894736858,-1.1842105263157876,0.665778961384822,-6.280991735537189,-6.280991735537189,6.701940035273379,0.0,0.17862371888726208,True,False,False
7980,重松製作所,2026-09-07,839.0,886.0,886.0,848.0,851.04,16700.0,839.0,843.0,839.0,843.0,1200.0,0.47675804529201393,0.0,0.47675804529201393,-4.853273137697522,-4.853273137697522,5.100830367734277,0.0,0.0718562874251497,True,False,False
7981,タカラスタンダード,2026-09-07,3115.0,3185.0,3330.0,3132.0,3066.76,87500.0,3130.0,3130.0,3085.0,3085.0,8100.0,-0.9630818619582704,0.48154093097914075,-1.4376996805111841,-3.1397174254317095,-7.357357357357353,7.94165316045381,4.552590266875978,0.09257142857142857,False,False,False
7983,ミロク,2026-09-07,1231.0,1334.0,1334.0,1222.0,1127.36,3860.0,1225.0,1225.0,1225.0,1231.0,4600.0,0.0,-0.4874086108854536,0.4897959183673528,-7.721139430284863,-7.721139430284863,8.367181153533721,0.0,1.1917098445595855,True,False,False
7984,コクヨ,2026-09-07,925.2000122070312,936.2000122070312,936.2000122070312,925.3599975585936,889.44400390625,937380.0,925.0,926.4000244140625,921.0999755859375,922.2999877929688,40700.0,-0.3134483761132456,-0.021618266795531138,-0.2918932115709483,-1.484728074430819,-1.484728074430819,1.507104477722554,0.0,0.04341889095137511,False,False,False
7986,日本アイ・エス・ケイ,2026-09-07,1912.0,1950.0,1950.0,1911.2,1912.36,520.0,1912.0,1912.0,1912.0,1912.0,200.0,0.0,0.0,0.0,-1.9487179487179485,-1.9487179487179485,1.987447698744771,0.0,0.38461538461538464,False,False,False
7987,ナカバヤシ,2026-09-07,558.0,580.0,598.0,563.4,568.6,60220.0,555.0,555.0,553.0,558.0,67600.0,0.0,-0.5376344086021501,0.540540540540535,-3.7931034482758585,-6.688963210702337,7.168458781362008,3.103448275862064,1.1225506476253737,True,False,False
7988,ニフコ,2026-09-07,5040.0,5344.0,5500.0,5081.4,5062.28,307820.0,5030.0,5031.0,4989.0,5001.0,34900.0,-0.7738095238095211,-0.1984126984126977,-0.576540755467192,-6.418413173652693,-9.072727272727278,9.978004399120177,2.9191616766466977,0.11337794815151712,False,False,False
7989,立川ブラインド工業,2026-09-07,2665.0,2743.0,2743.0,2659.6,2649.36,38200.0,2660.0,2661.0,2649.0,2654.0,3800.0,-0.4127579737335796,-0.18761726078799779,-0.22556390977443996,-3.244622675902298,-3.244622675902298,3.3534287867370116,0.0,0.09947643979057591,False,False,False
7990,グローブライド,2026-09-07,2395.0,2570.0,2745.0,2428.2,2507.0,82440.0,2385.0,2385.0,2368.0,2373.0,11400.0,-0.9185803757828848,-0.41753653444676075,-0.5031446540880502,-7.665369649805442,-13.551912568306012,15.67635903919089,6.809338521400776,0.13828238719068414,False,False,False
7991,マミヤ・オーピー,2026-09-07,1077.0,1099.0,1118.0,1075.0,1075.0,7180.0,1077.0,1077.0,1077.0,1077.0,8200.0,0.0,0.0,0.0,-2.0018198362147355,-3.6672629695885473,3.806870937790152,1.7288444040036488,1.1420612813370474,False,False,False
7992,セーラー万年筆,2026-09-07,105.0,108.0,108.0,105.2,103.72,43240.0,105.0,106.0,105.0,105.0,34500.0,0.0,0.0,0.0,-2.777777777777779,-2.777777777777779,2.857142857142847,0.0,0.7978723404255319,False,False,False
7994,オカムラ,2026-09-07,2377.0,2420.0,2420.0,2396.4,2348.92,176220.0,2370.0,2372.0,2358.0,2360.0,16200.0,-0.7151872107698742,-0.2944888514934796,-0.42194092827003704,-2.4793388429752095,-2.4793388429752095,2.5423728813559254,0.0,0.09193054136874361,False,False,False
7995,バルカー,2026-09-07,6600.0,7110.0,7620.0,6552.0,6756.8,49340.0,6510.0,6510.0,6470.0,6490.0,5400.0,-1.6666666666666718,-1.3636363636363669,-0.3072196620583667,-8.72011251758087,-14.82939632545932,17.41140215716488,7.1729957805907185,0.10944466963923793,False,False,False
7997,くろがね工作所,2026-09-07,1083.0,1109.0,1109.0,1078.6,1066.2,1720.0,1089.0,1089.0,1089.0,1083.0,1700.0,0.0,0.5540166204986097,-0.5509641873278182,-2.3444544634806164,-2.3444544634806164,2.4007386888273308,0.0,0.9883720930232558,False,False,False
8001,伊藤忠商事,2026-09-07,2264.5,2277.0,2277.0,2197.2,2085.56,17120960.0,2239.0,2244.5,2223.5,2233.5,1382900.0,-1.368955619342016,-1.126076396555531,-0.2456453774006273,-1.910408432147559,-1.910408432147559,1.9476158495634666,0.0,0.0807723398687924,False,False,False
8002,丸紅,2026-09-07,5146.0,5261.0,5479.0,5126.4,4975.32,4456660.0,5113.0,5113.0,5039.0,5057.0,409200.0,-1.7294986397201728,-0.6412747765254578,-1.0952474085664021,-3.877589811822846,-7.702135426172663,8.344868499110136,4.143698916555794,0.09181763921860765,False,False,False
8005,スクロール,2026-09-07,1776.0,1915.0,1915.0,1772.6,1834.72,362580.0,1778.0,1785.0,1776.0,1784.0,12900.0,0.45045045045044585,0.11261261261261701,0.3374578177727683,-6.840731070496087,-6.840731070496087,7.343049327354256,0.0,0.03557835512162833,True,False,False
8006,ユアサ・フナショク,2026-09-07,1545.0,1633.0,1650.0,1538.0,1557.88,2220.0,1546.0,1553.0,1546.0,1553.0,600.0,0.5177993527508029,0.06472491909386147,0.4527813712807305,-4.898958971218614,-5.878787878787883,6.245975531229875,1.0410287813839458,0.2702702702702703,True,False,False
8007,高島,2026-09-07,804.0,830.0,830.0,806.0,807.36,135800.0,801.0,801.0,796.0,799.0,22500.0,-0.6218905472636815,-0.3731343283582045,-0.24968789013732895,-3.734939759036149,-3.734939759036149,3.8798498122653235,0.0,0.16568483063328424,False,False,False
8008,ヨンドシーホールディングス,2026-09-07,2106.0,2205.0,2205.0,2124.8,2111.32,85660.0,2106.0,2106.0,2090.0,2099.0,3700.0,-0.3323836657169954,0.0,-0.3323836657169954,-4.807256235827662,-4.807256235827662,5.050023820867078,0.0,0.04319402288115807,False,False,False
8011,三陽商会,2026-09-07,1411.0,1996.6666259765625,1996.6666259765625,1459.6,1679.4133349609374,191080.0,1387.0,1389.0,1333.0,1340.0,94000.0,-5.031892274982286,-1.700921332388372,-3.388608507570301,-32.88814554384557,-32.88814554384557,49.00497208780317,0.0,0.4919405484613774,False,False,False
8012,長瀬産業,2026-09-07,1140.5,1277.0,1306.5,1156.4,1199.92,930660.0,1134.5,1135.0,1124.5,1127.0,36700.0,-1.1836913634370894,-0.5260850504164805,-0.6610841780520071,-11.746280344557558,-13.738997321086877,15.927240461401947,2.3101018010963204,0.039434379902434834,False,False,False
8013,ナイガイ,2026-09-07,370.0,374.0,376.0,366.0,355.72,5740.0,372.0,373.0,372.0,370.0,2800.0,0.0,0.540540540540535,-0.5376344086021501,-1.0695187165775444,-1.5957446808510634,1.6216216216216273,0.5347593582887722,0.4878048780487805,False,False,False
8014,蝶理,2026-09-07,4270.0,4415.0,4415.0,4303.0,4185.0,44080.0,4235.0,4235.0,4215.0,4220.0,2100.0,-1.1709601873536313,-0.8196721311475419,-0.35419126328217754,-4.416761041902606,-4.416761041902606,4.620853080568721,0.0,0.04764065335753176,False,False,False
8015,豊田通商,2026-09-07,7680.0,7798.0,7798.0,7637.2,7361.64,2030200.0,7577.0,7578.0,7511.0,7566.0,120400.0,-1.4843750000000044,-1.3411458333333348,-0.14517619110465674,-2.9751218261092616,-2.9751218261092616,3.0663494581020245,0.0,0.05930450201950547,False,False,False
8016,オンワードホールディングス,2026-09-07,715.0,784.0,784.0,732.0,758.88,813440.0,712.0,712.0,709.0,711.0,110700.0,-0.5594405594405605,-0.41958041958042314,-0.1404494382022503,-9.311224489795922,-9.311224489795922,10.26722925457102,0.0,0.13608870967741934,False,False,False
8018,三共生興,2026-09-07,843.0,911.0,911.0,857.4,855.84,33900.0,839.0,839.0,833.0,843.0,25100.0,0.0,-0.47449584816132706,0.47675804529201393,-7.464324917672882,-7.464324917672882,8.066429418742583,0.0,0.7404129793510325,True,False,False
8020,兼松,2026-09-07,2280.0,2320.0,2320.0,2287.5,2203.06,582800.0,2272.0,2272.0,2250.5,2265.0,31700.0,-0.6578947368421018,-0.35087719298245723,-0.3080985915492995,-2.370689655172409,-2.370689655172409,2.428256070640167,0.0,0.054392587508579275,False,False,False
8022,美津濃,2026-09-07,4095.0,4460.0,4460.0,4110.0,4043.2,207400.0,4055.0,4055.0,4030.0,4045.0,7500.0,-1.2210012210012167,-0.9768009768009733,-0.2466091245376112,-9.304932735426007,-9.304932735426007,10.259579728059332,0.0,0.03616200578592092,False,False,False
8023,ＤＡＩＫＯ　ＸＴＥＣＨ,2026-09-07,1048.0,1060.0,1060.0,1052.2,1024.32,4880.0,1047.0,1051.0,1047.0,1051.0,900.0,0.2862595419847347,-0.0954198473282486,0.3820439350525229,-0.8490566037735903,-0.8490566037735903,0.8563273073263655,0.0,0.18442622950819673,True,False,False
8025,ツカモトコーポレーション,2026-09-07,1304.0,1375.0,1375.0,1320.2,1330.28,1060.0,1315.0,1315.0,1304.0,1304.0,1700.0,0.0,0.8435582822085896,-0.8365019011406849,-5.163636363636359,-5.163636363636359,5.444785276073616,0.0,1.6037735849056605,False,False,False
8029,ルックホールディングス,2026-09-07,2661.0,2700.0,2700.0,2678.6,2632.8,11440.0,2655.0,2655.0,2651.0,2661.0,13700.0,0.0,-0.22547914317925244,0.2259887005649608,-1.4444444444444482,-1.4444444444444482,1.4656144306651742,0.0,1.1975524475524475,True,False,False
8030,中央魚類,2026-09-07,3910.0,4000.0,4000.0,3904.0,3734.4,3140.0,3925.0,3925.0,3925.0,3910.0,5400.0,0.0,0.38363171355497716,-0.3821656050955413,-2.2499999999999964,-2.2499999999999964,2.3017902813299296,0.0,1.7197452229299364,False,False,False
8031,三井物産,2026-09-07,5099.0,5333.0,5333.0,5137.6,4924.2,8034840.0,5099.0,5099.0,5017.0,5042.0,636500.0,-1.1178662482839719,0.0,-1.1178662482839719,-5.456591036939806,-5.456591036939806,5.771519238397471,0.0,0.0792175077537325,False,False,False
8032,日本紙パルプ商事,2026-09-07,1226.0,1278.0,1278.0,1220.2,1210.8,214440.0,1220.0,1220.0,1209.0,1214.0,16400.0,-0.9787928221859699,-0.4893964110929905,-0.4918032786885296,-5.007824726134579,-5.007824726134579,5.271828665568368,0.0,0.07647826897966797,False,False,False
8035,東京エレクトロン,2026-09-07,55840.0,61650.0,64100.0,54110.0,55934.8,2827860.0,55390.0,55750.0,54900.0,55430.0,182800.0,-0.7342406876790886,-0.8058739255014324,0.07221520129987447,-10.08921330089213,-13.52574102964118,15.641349449756458,3.9740470397404692,0.06464252119977651,True,False,False
8037,カメイ,2026-09-07,4490.0,4725.0,4725.0,4580.0,4330.8,45580.0,4460.0,4460.0,4425.0,4425.0,2300.0,-1.4476614699331813,-0.6681514476614692,-0.7847533632286963,-6.349206349206349,-6.349206349206349,6.779661016949157,0.0,0.050460728389644584,False,False,False
8039,築地魚市場,2026-09-07,3515.0,3655.0,3655.0,3518.0,3548.2,1720.0,3520.0,3520.0,3515.0,3515.0,600.0,0.0,0.14224751066855834,-0.14204545454545858,-3.830369357045149,-3.830369357045149,3.982930298719767,0.0,0.3488372093023256,False,False,False
8040,東京ソワール,2026-09-07,1043.0,1059.0,1059.0,1046.4,1041.32,1080.0,1050.0,1050.0,1043.0,1043.0,400.0,0.0,0.6711409395973256,-0.666666666666671,-1.510859301227574,-1.510859301227574,1.5340364333652934,0.0,0.37037037037037035,False,False,False
8041,ＯＵＧホールディングス,2026-09-07,4670.0,4755.0,4755.0,4659.0,4530.0,4300.0,4675.0,4675.0,4630.0,4670.0,3500.0,0.0,0.10706638115631772,-0.10695187165775666,-1.7875920084121977,-1.7875920084121977,1.8201284796573791,0.0,0.813953488372093,False,False,False
8043,スターゼン,2026-09-07,1494.0,1613.0,1613.0,1529.4,1477.24,184360.0,1494.0,1494.0,1480.0,1482.0,42000.0,-0.8032128514056214,0.0,-0.8032128514056214,-8.121512709237443,-8.121512709237443,8.83940620782726,0.0,0.2278151442829247,False,False,False
8045,横浜丸魚,2026-09-07,2099.0,2165.0,2165.0,2058.6,2025.68,1260.0,2099.0,2099.0,2098.0,2099.0,2900.0,0.0,0.0,0.0,-3.0484988452655903,-3.0484988452655903,3.1443544545021407,0.0,2.3015873015873014,False,False,False
8046,丸藤シートパイル,2026-09-07,1005.0,1029.0,1029.0,1009.8,995.04,12880.0,1005.0,1005.0,992.0,1004.0,2800.0,-0.09950248756218638,0.0,-0.09950248756218638,-2.4295432458697808,-2.4295432458697808,2.490039840637448,0.0,0.21739130434782608,False,False,False
8050,セイコーグループ,2026-09-07,10980.0,11920.0,11920.0,10740.0,10599.6,436060.0,10680.0,10850.0,10540.0,10600.0,33200.0,-3.4608378870673917,-2.732240437158473,-0.7490636704119868,-11.073825503355705,-11.073825503355705,12.452830188679243,0.0,0.07613631151676375,False,False,False
8051,山善,2026-09-07,1920.0,2003.0,2003.0,1947.0,1909.28,242460.0,1910.0,1910.0,1886.0,1889.0,12900.0,-1.6145833333333304,-0.520833333333337,-1.099476439790581,-5.691462805791314,-5.691462805791314,6.034939121228167,0.0,0.05320465231378372,False,False,False
8052,椿本興業,2026-09-07,2959.0,2976.0,2976.0,2917.8,2812.84,94020.0,2915.0,2915.0,2878.0,2959.0,148900.0,0.0,-1.486988847583648,1.5094339622641506,-0.5712365591397872,-0.5712365591397872,0.5745184183845842,0.0,1.5837055945543501,True,False,False
8053,住友商事,2026-09-07,1871.5,1883.0,1883.0,1834.2,1764.14,12711180.0,1854.5,1864.0,1844.0,1853.0,924200.0,-0.9885118888592004,-0.9083622762489973,-0.08088433540037743,-1.593202336696764,-1.593202336696764,1.6189962223421395,0.0,0.07270764791309697,False,False,False
8056,ＢＩＰＲＯＧＹ,2026-09-07,4684.0,4857.0,5178.0,4767.2,4607.8,343060.0,4643.0,4658.0,4611.0,4647.0,29100.0,-0.789923142613147,-0.8753202391118653,0.08615119534782778,-4.323656578134649,-10.254924681344146,11.426726920593921,6.609017912291537,0.08482481198624148,True,False,False
8057,内田洋行,2026-09-07,2260.0,2368.0,2368.0,2310.8,2197.0,327880.0,2243.0,2243.0,2222.0,2228.0,10900.0,-1.415929203539823,-0.7522123893805355,-0.6687472135532779,-5.91216216216216,-5.91216216216216,6.283662477558338,0.0,0.033243869708429914,False,False,False
8058,三菱商事,2026-09-07,4990.0,5123.0,5123.0,4953.4,4803.32,10223760.0,4936.0,4944.0,4833.0,4862.0,1382000.0,-2.5651302605210424,-1.0821643286573202,-1.4991896272285254,-5.094671091157521,-5.094671091157521,5.368161250514181,0.0,0.13517531710447037,False,False,False
8059,第一実業,2026-09-07,3670.0,3840.0,3840.0,3717.0,3602.2,125720.0,3650.0,3650.0,3615.0,3615.0,39700.0,-1.498637602179842,-0.544959128065392,-0.9589041095890427,-5.859375,-5.859375,6.224066390041494,0.0,0.31578110085905187,False,False,False
8060,キヤノンマーケティングジャパン,2026-09-07,3612.0,3782.0,3782.0,3692.6,3626.32,271940.0,3575.0,3611.0,3571.0,3587.0,8800.0,-0.6921373200442948,-1.0243632336655595,0.33566433566434295,-5.15600211528292,-5.15600211528292,5.436297741845553,0.0,0.03236007942928587,True,False,False
8061,西華産業,2026-09-07,3100.0,3325.0,3325.0,3150.0,3054.4,160300.0,3060.0,3060.0,3005.0,3050.0,9200.0,-1.6129032258064502,-1.2903225806451646,-0.32679738562091387,-8.270676691729328,-8.270676691729328,9.016393442622949,0.0,0.05739238927011853,False,False,False
8065,佐藤商事,2026-09-07,3530.0,4095.0,4095.0,3613.0,3654.8,67980.0,3520.0,3525.0,3500.0,3505.0,1800.0,-0.7082152974504208,-0.283286118980175,-0.42613636363636465,-14.407814407814412,-14.407814407814412,16.833095577746082,0.0,0.0264783759929391,False,False,False
8066,三谷商事,2026-09-07,3545.0,3680.0,3680.0,3555.0,3263.44,30900.0,3545.0,3545.0,3455.0,3475.0,2100.0,-1.9746121297602226,0.0,-1.9746121297602226,-5.570652173913048,-5.570652173913048,5.899280575539567,0.0,0.06796116504854369,False,False,False
8070,東京産業,2026-09-07,974.0,1005.0,1005.0,988.0,922.52,104560.0,967.0,968.0,962.0,968.0,4900.0,-0.6160164271047264,-0.7186858316221789,0.10341261633919352,-3.681592039800996,-3.681592039800996,3.8223140495867725,0.0,0.046863045141545524,True,False,False
8074,ＹＵＡＳＡ,2026-09-07,6460.0,6590.0,6590.0,6458.0,6141.2,29360.0,6370.0,6470.0,6370.0,6460.0,25000.0,0.0,-1.393188854489169,1.4128728414442682,-1.9726858877086473,-1.9726858877086473,2.0123839009287936,0.0,0.8514986376021798,True,False,False
8075,神鋼商事,2026-09-07,3100.0,3190.0,3190.0,3129.0,2998.64,51020.0,3080.0,3080.0,3055.0,3065.0,4500.0,-1.1290322580645107,-0.6451612903225823,-0.48701298701299134,-3.9184952978056464,-3.9184952978056464,4.078303425774887,0.0,0.08820070560564484,False,False,False
8076,カノークス,2026-09-07,2119.0,2141.0,2141.0,2122.6,2095.88,5540.0,2132.0,2132.0,2132.0,2119.0,4600.0,0.0,0.6134969325153339,-0.6097560975609762,-1.0275572162540825,-1.0275572162540825,1.0382255781028693,0.0,0.8303249097472925,False,False,False
8077,トルク,2026-09-07,215.0,240.0,240.0,214.8,212.56,9060.0,215.0,215.0,215.0,215.0,6000.0,0.0,0.0,0.0,-10.416666666666663,-10.416666666666663,11.627906976744185,0.0,0.6622516556291391,False,False,False
8078,阪和興業,2026-09-07,1934.0,1987.0,1987.0,1943.4,1840.52,591120.0,1917.0,1924.0,1911.0,1919.0,22000.0,-0.7755946225439514,-0.8790072388831449,0.10432968179447943,-3.4222445898339227,-3.4222445898339227,3.543512245961433,0.0,0.037217485451346594,True,False,False
8079,正栄食品工業,2026-09-07,4485.0,4620.0,4620.0,4491.0,4453.0,44200.0,4485.0,4505.0,4470.0,4495.0,4500.0,0.22296544035673715,0.0,0.22296544035673715,-2.705627705627711,-2.705627705627711,2.7808676307007785,0.0,0.10180995475113122,True,False,False
8081,カナデン,2026-09-07,2484.0,2645.0,2645.0,2507.4,2491.8,41720.0,2478.0,2479.0,2458.0,2459.0,5500.0,-1.0064412238325326,-0.24154589371980784,-0.7667473769168653,-7.0321361058601095,-7.0321361058601095,7.564050427002855,0.0,0.1318312559923298,False,False,False
8084,ＲＹＯＤＥＮ,2026-09-07,4695.0,4895.0,4895.0,4781.0,4689.0,45640.0,4685.0,4690.0,4655.0,4695.0,48000.0,0.0,-0.21299254526091493,0.2134471718249653,-4.085801838610825,-4.085801838610825,4.259850905218321,0.0,1.0517090271691498,True,False,False
8085,ナラサキ産業,2026-09-07,4240.0,4400.0,4670.0,4246.0,4232.6,2920.0,4225.0,4225.0,4225.0,4240.0,8400.0,0.0,-0.3537735849056589,0.35502958579882726,-3.6363636363636376,-9.207708779443259,10.14150943396226,6.136363636363629,2.8767123287671232,True,False,False
8086,ニプロ,2026-09-07,1456.5,1684.5,1684.5,1500.4,1569.6,629740.0,1450.0,1452.0,1439.5,1441.0,83400.0,-1.06419498798489,-0.4462753175420553,-0.6206896551724128,-14.455327990501631,-14.455327990501631,16.89798750867453,0.0,0.13243560834630164,False,False,False
8088,岩谷産業,2026-09-07,2149.0,2292.5,2292.5,2195.5,2177.62,809680.0,2127.5,2127.5,2105.5,2115.0,92400.0,-1.582131223825034,-1.0004653327128854,-0.5875440658049347,-7.742639040348964,-7.742639040348964,8.392434988179676,0.0,0.11411915818595,False,False,False
8089,ナイス,2026-09-07,2002.0,2021.0,2021.0,2002.6,1962.6,1720.0,2020.0,2020.0,2000.0,2002.0,1200.0,0.0,0.899100899100902,-0.8910891089108919,-0.9401286491835692,-0.9401286491835692,0.9490509490509558,0.0,0.6976744186046512,False,False,False
8091,ニチモウ,2026-09-07,2420.0,2463.0,2463.0,2432.6,2409.0,8120.0,2415.0,2415.0,2413.0,2420.0,8800.0,0.0,-0.20661157024793875,0.20703933747412417,-1.7458384084449885,-1.7458384084449885,1.7768595041322222,0.0,1.083743842364532,True,False,False
8093,極東貿易,2026-09-07,1801.0,1893.0,1893.0,1800.2,1825.88,36780.0,1789.0,1789.0,1780.0,1789.0,5000.0,-0.6662965019433642,-0.6662965019433642,0.0,-5.493924986793452,-5.493924986793452,5.813303521520408,0.0,0.13594344752582926,False,False,False
8095,アステナホールディングス,2026-09-07,528.0,552.0,552.0,538.2,532.4,93140.0,525.0,525.0,522.0,524.0,10000.0,-0.7575757575757569,-0.5681818181818232,-0.19047619047618536,-5.072463768115942,-5.072463768115942,5.343511450381677,0.0,0.10736525660296328,False,False,False
8097,三愛オブリ,2026-09-07,2404.0,2497.0,2497.0,2437.8,2376.28,101980.0,2404.0,2404.0,2385.0,2385.0,3300.0,-0.7903494176372705,0.0,-0.7903494176372705,-4.485382458950737,-4.485382458950737,4.696016771488476,0.0,0.03235928613453618,False,False,False
8098,稲畑産業,2026-09-07,4420.0,4575.0,4575.0,4500.0,4232.0,137720.0,4430.0,4450.0,4430.0,4440.0,8200.0,0.4524886877828038,0.2262443438914019,0.22573363431150906,-2.950819672131144,-2.950819672131144,3.0405405405405483,0.0,0.059541097879756026,True,False,False
8101,ＧＳＩクレオス,2026-09-07,2671.0,2810.0,2810.0,2684.6,2703.44,33260.0,2655.0,2655.0,2639.0,2671.0,32300.0,0.0,-0.5990265818045626,0.6026365348399176,-4.9466192170818495,-4.9466192170818495,5.204043429427174,0.0,0.9711365003006615,True,False,False
8103,明和産業,2026-09-07,965.0,994.0,994.0,972.4,952.28,125160.0,965.0,965.0,960.0,962.0,13000.0,-0.31088082901554737,0.0,-0.31088082901554737,-3.2193158953722323,-3.2193158953722323,3.3264033264033266,0.0,0.10386705017577501,False,False,False
8104,クワザワホールディングス,2026-09-07,706.0,734.0,734.0,712.0,697.72,8580.0,706.0,706.0,706.0,706.0,17600.0,0.0,0.0,0.0,-3.8147138964577665,-3.8147138964577665,3.966005665722383,0.0,2.051282051282051,False,False,False
8105,Ｂｉｔｃｏｉｎ　Ｊａｐａｎ,2026-09-07,82.0,102.0,102.0,84.4,90.2,1423900.0,81.0,82.0,81.0,81.0,119700.0,-1.2195121951219523,-1.2195121951219523,0.0,-20.588235294117652,-20.588235294117652,25.92592592592593,0.0,0.08406489219748578,False,False,False
8107,キムラタン,2026-09-07,30.0,32.0,32.0,30.6,31.04,81520.0,31.0,31.0,30.0,30.0,127200.0,0.0,3.3333333333333437,-3.2258064516129004,-6.25,-6.25,6.666666666666665,0.0,1.5603532875368007,False,False,False
8111,ゴールドウイン,2026-09-07,2104.0,2209.5,2426.0,2106.8,2153.44,534740.0,2100.0,2104.0,2094.0,2101.0,36000.0,-0.1425855513307983,-0.1901140684410607,0.04761904761905189,-4.910613260918762,-13.396537510305029,15.468824369347933,9.798596967639739,0.06732243707222202,True,False,False
8113,ユニ・チャーム,2026-09-07,964.2999877929688,1041.0,1057.5,976.0400024414064,990.3200024414062,4853760.0,961.0,963.9000244140625,956.2999877929688,957.7000122070312,270400.0,-0.6844317815499656,-0.34221589077497727,-0.34339102944523914,-8.001920056961453,-9.437351091533685,10.420798425487998,1.5850144092218965,0.05570938818565401,False,False,False
8115,ムーンバット,2026-09-07,1306.0,1359.0,1650.0,1311.8,1338.04,1300.0,1314.0,1314.0,1314.0,1306.0,600.0,0.0,0.6125574272588086,-0.60882800608828,-3.899926416482713,-20.84848484848485,26.339969372128635,21.41280353200883,0.46153846153846156,False,False,False
8117,中央自動車工業,2026-09-07,2200.0,2329.0,2329.0,2203.0,2181.96,317980.0,2192.0,2198.0,2171.0,2171.0,241400.0,-1.3181818181818183,-0.363636363636366,-0.9580291970802901,-6.7840274796049815,-6.7840274796049815,7.27775218793183,0.0,0.7591672432228442,False,False,False
8118,キング,2026-09-07,1180.0,1241.0,1250.0,1185.6,1207.72,940.0,1171.0,1180.0,1171.0,1180.0,1500.0,0.0,-0.7627118644067843,0.7685738684884758,-4.915390813859788,-5.600000000000005,5.932203389830515,0.725221595487513,1.5957446808510638,True,False,False
8119,三栄コーポレーション,2026-09-07,791.0,800.0,800.0,790.8,777.28,1540.0,791.0,791.0,791.0,791.0,1400.0,0.0,0.0,0.0,-1.1249999999999982,-1.1249999999999982,1.1378002528444897,0.0,0.9090909090909091,False,False,False
8123,川辺,2026-09-07,1418.0,1448.0,1448.0,1426.2,1398.0,1220.0,1418.0,1418.0,1418.0,1418.0,1600.0,0.0,0.0,0.0,-2.071823204419887,-2.071823204419887,2.115655853314524,0.0,1.3114754098360655,False,False,False
8125,ワキタ,2026-09-07,1968.0,2012.0,2012.0,1968.0,1950.48,154900.0,1965.0,1965.0,1954.0,1961.0,7100.0,-0.35569105691056757,-0.1524390243902385,-0.20356234096692294,-2.5347912524850913,-2.5347912524850913,2.6007139214686337,0.0,0.045836023240800515,False,False,False
8127,ヤマトインターナショナル,2026-09-07,547.0,589.0,596.0,540.4,570.56,16460.0,546.0,546.0,546.0,547.0,30100.0,0.0,-0.1828153564899404,0.1831501831501825,-7.130730050933787,-8.221476510067117,8.957952468007303,1.1884550084889645,1.8286755771567436,True,False,False
8129,東邦ホールディングス,2026-09-07,3944.0,4109.0,4403.0,3979.0,3902.0,145800.0,3940.0,3953.0,3935.0,3946.0,4900.0,0.050709939148063654,-0.10141987829614951,0.1522842639593902,-3.966901922608912,-10.37928684987508,11.581348200709574,7.155025553662697,0.033607681755829906,True,False,False
8130,サンゲツ,2026-09-07,3175.0,3245.0,3245.0,3197.0,3156.6,101400.0,3170.0,3175.0,3165.0,3175.0,74600.0,0.0,-0.15748031496063408,0.1577287066246047,-2.157164869029271,-2.157164869029271,2.2047244094488105,0.0,0.7357001972386588,True,False,False
8131,ミツウロコグループホールディングス,2026-09-07,2455.0,2478.0,2478.0,2424.8,2204.48,65540.0,2438.0,2438.0,2416.0,2427.0,1800.0,-1.140529531568224,-0.6924643584521384,-0.45118949958983245,-2.0581113801452777,-2.0581113801452777,2.1013597033374465,0.0,0.0274641440341776,False,False,False
8132,シナネンホールディングス,2026-09-07,7350.0,9270.0,9270.0,7458.0,7547.6,9980.0,7350.0,7350.0,7290.0,7350.0,7000.0,0.0,0.0,0.0,-20.71197411003236,-20.71197411003236,26.122448979591837,0.0,0.7014028056112225,False,False,False
8133,伊藤忠エネクス,2026-09-07,2270.0,2373.0,2373.0,2327.8,2200.16,137660.0,2262.0,2290.0,2240.0,2248.0,9100.0,-0.969162995594719,-0.35242290748899174,-0.6189213085764811,-5.267593763168987,-5.267593763168987,5.560498220640575,0.0,0.06610489612087753,False,False,False
8135,ゼット,2026-09-07,441.0,450.0,452.0,437.6,437.44,9640.0,441.0,441.0,440.0,441.0,5800.0,0.0,0.0,0.0,-2.0000000000000018,-2.433628318584069,2.4943310657596474,0.4444444444444473,0.6016597510373444,False,False,False
8136,サンリオ,2026-09-07,1263.5,1470.0,1470.0,1288.0,1260.5,19733580.0,1255.0,1256.0,1241.5,1247.0,1230300.0,-1.3058963197467355,-0.6727344677483149,-0.6374501992031822,-15.170068027210881,-15.170068027210881,17.882919005613473,0.0,0.06234550446497797,False,False,False
8137,サンワテクノス,2026-09-07,4245.0,4305.0,4305.0,4219.0,4067.6,41280.0,4205.0,4205.0,4170.0,4245.0,28100.0,0.0,-0.9422850412249661,0.9512485136742077,-1.3937282229965153,-1.3937282229965153,1.4134275618374659,0.0,0.6807170542635659,True,False,False
8138,三京化成,2026-09-07,4300.0,4375.0,4375.0,4298.0,4280.4,220.0,4300.0,4300.0,4300.0,4300.0,300.0,0.0,0.0,0.0,-1.7142857142857126,-1.7142857142857126,1.744186046511631,0.0,1.3636363636363635,False,False,False
8139,ナガホリ,2026-09-07,2190.0,2470.0,2470.0,2214.6,2231.24,22540.0,2205.0,2205.0,2205.0,2190.0,4000.0,0.0,0.6849315068493178,-0.6802721088435382,-11.336032388663963,-11.336032388663963,12.785388127853881,0.0,0.1774622892635315,False,False,False
8141,新光商事,2026-09-07,1567.0,1576.0,1587.0,1567.0,1567.68,110580.0,1567.0,1567.0,1567.0,1567.0,3200.0,0.0,0.0,0.0,-0.5710659898477188,-1.2602394454946486,1.276324186343336,0.6979695431472033,0.028938325194429373,False,False,False
8142,トーホー,2026-09-07,1423.0,1461.0,1461.0,1430.8,1403.16,72700.0,1421.0,1422.0,1413.0,1417.0,4100.0,-0.42164441321153046,-0.14054813773717312,-0.28149190710766714,-3.011635865845308,-3.011635865845308,3.10515172900494,0.0,0.05639614855570839,False,False,False
8143,ラピーヌ,2026-09-07,143.0,150.0,150.0,141.8,142.8,1700.0,143.0,143.0,143.0,143.0,10600.0,0.0,0.0,0.0,-4.666666666666663,-4.666666666666663,4.895104895104896,0.0,6.235294117647059,False,False,False
8144,デンキョーグループホールディングス,2026-09-07,1259.0,1308.0,1308.0,1265.0,1250.76,1920.0,1259.0,1259.0,1259.0,1259.0,100.0,0.0,0.0,0.0,-3.746177370030579,-3.746177370030579,3.8919777601270855,0.0,0.052083333333333336,False,False,False
8147,トミタ,2026-09-07,1399.0,1438.0,1480.0,1411.6,1395.72,2020.0,1414.0,1414.0,1414.0,1399.0,6300.0,0.0,1.0721944245889903,-1.0608203677510586,-2.712100139082063,-5.472972972972978,5.789849892780552,2.9207232267037586,3.118811881188119,False,False,False
8150,三信電気,2026-09-07,3265.0,3435.0,3435.0,3338.0,3156.12,58740.0,3250.0,3250.0,3225.0,3225.0,2100.0,-1.225114854517606,-0.45941807044410643,-0.7692307692307665,-6.113537117903933,-6.113537117903933,6.511627906976747,0.0,0.03575076608784474,False,False,False
8151,東陽テクニカ,2026-09-07,1895.0,2169.0,2169.0,1891.4,1993.0,153360.0,1894.0,1894.0,1881.0,1885.0,8900.0,-0.527704485488123,-0.05277044854881119,-0.47518479408659164,-13.09359151682803,-13.09359151682803,15.066312997347486,0.0,0.05803338549817423,False,False,False
8152,ソマール,2026-09-07,7280.0,8100.0,8100.0,7248.0,7455.6,2740.0,7190.0,7280.0,7190.0,7280.0,2200.0,0.0,-1.2362637362637319,1.2517385257301727,-10.123456790123452,-10.123456790123452,11.263736263736268,0.0,0.8029197080291971,True,False,False
8153,モスフードサービス,2026-09-07,3865.0,4020.0,4100.0,3901.0,3849.2,132900.0,3895.0,3895.0,3865.0,3875.0,37500.0,0.2587322121604174,0.7761966364812523,-0.5134788189987138,-3.6069651741293507,-5.487804878048785,5.8064516129032295,1.990049751243772,0.28216704288939054,False,False,False
8154,加賀電子,2026-09-07,4905.0,5210.0,5210.0,4930.0,4966.4,109740.0,4890.0,4890.0,4840.0,4875.0,7000.0,-0.6116207951070374,-0.3058103975535187,-0.30674846625766694,-6.429942418426105,-6.429942418426105,6.8717948717948785,0.0,0.06378713322398397,False,False,False
8157,都築電気,2026-09-07,4195.0,4345.0,4345.0,4198.0,4105.0,37380.0,4185.0,4185.0,4140.0,4145.0,1700.0,-1.1918951132300348,-0.23837902264600697,-0.9557945041816063,-4.602991944764101,-4.602991944764101,4.825090470446325,0.0,0.0454788657035848,False,False,False
8158,ソーダニッカ,2026-09-07,1348.0,1407.0,1407.0,1371.6,1321.88,90000.0,1340.0,1340.0,1327.0,1332.0,8200.0,-1.1869436201780381,-0.5934718100890191,-0.5970149253731294,-5.330490405117272,-5.330490405117272,5.630630630630629,0.0,0.09111111111111111,False,False,False
8159,立花エレテック,2026-09-07,4065.0,4375.0,4375.0,4103.0,4062.8,43860.0,4025.0,4025.0,3990.0,4005.0,2800.0,-1.4760147601476037,-0.9840098400983988,-0.4968944099378869,-8.457142857142852,-8.457142857142852,9.238451935081148,0.0,0.06383948928408573,False,False,False
8160,木曽路,2026-09-07,2459.0,2500.0,2573.0,2469.8,2437.96,81600.0,2459.0,2460.0,2450.0,2459.0,70400.0,0.0,0.0,0.0,-1.639999999999997,-4.430625728721338,4.6360309068727235,2.9199999999999893,0.8627450980392157,False,False,False
8163,ＳＲＳホールディングス,2026-09-07,1518.0,1608.0,1608.0,1547.8,1526.44,152640.0,1515.0,1522.0,1510.0,1518.0,10300.0,0.0,-0.19762845849802257,0.1980198019801982,-5.597014925373134,-5.597014925373134,5.928853754940722,0.0,0.067479035639413,True,False,False
8165,千趣会,2026-09-07,105.0,110.0,115.0,106.2,107.72,123080.0,105.0,106.0,105.0,106.0,81400.0,0.952380952380949,0.0,0.952380952380949,-3.6363636363636376,-7.826086956521738,8.490566037735858,4.545454545454541,0.661358466038349,True,False,False
8166,タカキュー,2026-09-07,79.0,80.0,80.0,78.4,78.08,30300.0,79.0,79.0,78.0,79.0,26200.0,0.0,0.0,0.0,-1.2499999999999956,-1.2499999999999956,1.2658227848101333,0.0,0.8646864686468647,False,False,False
8167,リテールパートナーズ,2026-09-07,1377.0,1506.0,1506.0,1381.4,1405.8,90640.0,1377.0,1377.0,1365.0,1372.0,6500.0,-0.363108206245466,0.0,-0.363108206245466,-8.897742363877825,-8.897742363877825,9.766763848396497,0.0,0.07171226831421006,False,False,False
8173,Ｊｏｓｈｉｎ,2026-09-07,4170.0,4640.0,4640.0,4261.0,4191.8,192780.0,4215.0,4220.0,4165.0,4170.0,15900.0,0.0,1.0791366906474753,-1.0676156583629859,-10.12931034482759,-10.12931034482759,11.270983213429254,0.0,0.08247743541861188,False,False,False
8174,日本瓦斯,2026-09-07,3049.0,3143.0,3143.0,3066.6,2928.84,252040.0,3040.0,3049.0,3036.0,3037.0,7500.0,-0.3935716628402752,-0.2951787471302092,-0.09868421052631193,-3.3725739739102756,-3.3725739739102756,3.4902864669081435,0.0,0.029757181399777812,False,False,False
8179,ロイヤルホールディングス,2026-09-07,1325.0,1398.0,1398.0,1353.8,1338.28,213260.0,1323.0,1326.0,1317.0,1324.0,15200.0,-0.07547169811320531,-0.15094339622641062,0.07558578987150177,-5.293276108726753,-5.293276108726753,5.58912386706949,0.0,0.07127450060958454,True,False,False
8181,東天紅,2026-09-07,980.0,1013.0,1024.0,985.6,995.92,7380.0,980.0,980.0,980.0,980.0,14000.0,0.0,0.0,0.0,-3.257650542941759,-4.296875,4.489795918367356,1.0858835143139123,1.897018970189702,False,False,False
8185,チヨダ,2026-09-07,992.0,1077.0,1077.0,982.2,1021.44,277500.0,990.0,990.0,985.0,992.0,196200.0,0.0,-0.20161290322581182,0.20202020202020332,-7.892293407613737,-7.892293407613737,8.568548387096776,0.0,0.707027027027027,True,False,False
8194,ライフコーポレーション,2026-09-07,2701.0,2788.0,2788.0,2736.0,2644.76,224380.0,2705.0,2707.0,2682.0,2706.0,29600.0,0.1851166234727808,0.14809329877822908,0.03696857670980602,-2.941176470588236,-2.941176470588236,3.0303030303030276,0.0,0.13191906587039842,True,False,False
8198,マックスバリュ東海,2026-09-07,3370.0,3470.0,3470.0,3383.0,3264.4,22720.0,3370.0,3400.0,3335.0,3370.0,14400.0,0.0,0.0,0.0,-2.8818443804034533,-2.8818443804034533,2.9673590504450953,0.0,0.6338028169014085,False,False,False
8200,リンガーハット,2026-09-07,2330.0,2370.0,2458.0,2339.0,2316.76,130200.0,2315.0,2328.0,2315.0,2324.0,4300.0,-0.2575107296137302,-0.6437768240343367,0.38876889848811214,-1.940928270042197,-5.451586655817742,5.765920826161786,3.7130801687763615,0.03302611367127496,True,False,False
8202,ラオックスホールディングス,2026-09-07,149.0,149.0,149.0,148.2,147.4,54380.0,148.0,148.0,148.0,148.0,6600.0,-0.6711409395973145,-0.6711409395973145,0.0,-0.6711409395973145,-0.6711409395973145,0.6756756756756799,0.0,0.12136815005516734,False,False,False
8203,ＭｒＭａｘＨＤ,2026-09-07,753.0,801.0,818.0,775.8,781.08,84820.0,750.0,750.0,747.0,749.0,10100.0,-0.5312084993359889,-0.3984063745019917,-0.13333333333332975,-6.491885143570542,-8.435207823960877,9.212283044058744,2.122347066167296,0.11907568969582645,False,False,False
8207,テンアライド,2026-09-07,302.0,304.0,304.0,301.4,297.08,26600.0,302.0,302.0,301.0,302.0,5000.0,0.0,0.0,0.0,-0.6578947368421018,-0.6578947368421018,0.6622516556291425,0.0,0.18796992481203006,False,False,False
8214,ＡＯＫＩホールディングス,2026-09-07,1720.0,1794.0,1794.0,1748.4,1734.56,172640.0,1715.0,1715.0,1707.0,1711.0,18600.0,-0.5232558139534937,-0.29069767441860517,-0.23323615160349975,-4.6265328874024565,-4.6265328874024565,4.850964348334297,0.0,0.1077386468952734,False,False,False
8217,オークワ,2026-09-07,789.0,821.0,833.0,796.0,802.28,68120.0,788.0,789.0,785.0,789.0,12600.0,0.0,-0.12674271229404788,0.12690355329949554,-3.897685749086477,-5.2821128451380535,5.576679340937907,1.461632155907422,0.1849677040516735,True,False,False
8218,コメリ,2026-09-07,3875.0,3940.0,4190.0,3876.0,3866.2,88060.0,3870.0,3870.0,3845.0,3855.0,5700.0,-0.5161290322580614,-0.1290322580645209,-0.3875968992248069,-2.1573604060913687,-7.995226730310268,8.690012970168603,6.345177664974622,0.06472859414035885,False,False,False
8219,青山商事,2026-09-07,761.0,787.0,787.0,769.6,757.52,598180.0,760.0,761.0,758.0,759.0,27800.0,-0.26281208935611255,-0.13140604467805073,-0.1315789473684159,-3.557814485387545,-3.557814485387545,3.6890645586297843,0.0,0.04647430539302551,False,False,False
8225,タカチホ,2026-09-07,3600.0,3755.0,3805.0,3580.0,3575.4,320.0,3640.0,3640.0,3600.0,3600.0,200.0,0.0,1.1111111111111072,-1.098901098901095,-4.127829560585883,-5.387647831800257,5.694444444444446,1.331557922769644,0.625,False,False,False
8226,理経,2026-09-07,390.0,408.0,408.0,390.8,389.36,144820.0,391.0,393.0,387.0,388.0,4800.0,-0.512820512820511,0.2564102564102555,-0.7672634271099765,-4.90196078431373,-4.90196078431373,5.154639175257736,0.0,0.03314459328821986,False,False,False
8227,しまむら,2026-09-07,3258.0,3490.0,3602.0,3256.0,3335.48,560600.0,3250.0,3272.0,3240.0,3268.0,30100.0,0.30693677102517913,-0.24554941682013443,0.5538461538461492,-6.361031518624638,-9.27262631871183,10.220318237454107,3.209169054441263,0.05369247235105244,True,False,False
8230,はせがわ,2026-09-07,311.0,318.0,318.0,311.2,313.04,15540.0,311.0,311.0,311.0,311.0,12900.0,0.0,0.0,0.0,-2.2012578616352196,-2.2012578616352196,2.2508038585209,0.0,0.8301158301158301,False,False,False
8233,高島屋,2026-09-07,2181.0,2523.5,2523.5,2244.8,2311.18,1928020.0,2185.0,2193.5,2178.5,2187.5,130700.0,0.2980284273269129,0.18340210912426436,0.11441647597254523,-13.314840499306523,-13.314840499306523,15.359999999999996,0.0,0.06778975321832761,True,False,False
8237,松屋,2026-09-07,2205.0,3065.0,3065.0,2182.0,2276.6,776260.0,2210.0,2214.0,2165.0,2197.0,17900.0,-0.36281179138322184,0.22675736961450532,-0.588235294117645,-28.319738988580745,-28.319738988580745,39.50842057350934,0.0,0.023059284260428206,False,False,False
8242,エイチ・ツー・オー　リテイリング,2026-09-07,2862.0,3070.0,3070.0,2917.9,2903.66,312860.0,2854.0,2868.0,2850.0,2856.5,13700.0,-0.19217330538084942,-0.2795248078266921,0.08759635599158155,-6.954397394136813,-6.954397394136813,7.474181690880455,0.0,0.04378955443329285,True,False,False
8244,近鉄百貨店,2026-09-07,1847.0,2027.0,2027.0,1917.8,1895.56,56940.0,1847.0,1847.0,1836.0,1844.0,1900.0,-0.16242555495398214,0.0,-0.16242555495398214,-9.02812037493833,-9.02812037493833,9.924078091106292,0.0,0.033368458025992274,False,False,False
8247,大和,2026-09-07,322.0,353.0,353.0,325.8,308.96,57560.0,326.0,327.0,326.0,322.0,10500.0,0.0,1.2422360248447228,-1.2269938650306789,-8.78186968838527,-8.78186968838527,9.627329192546586,0.0,0.18241834607366225,False,False,False
8252,丸井グループ,2026-09-07,2870.0,3037.0,3131.0,2903.9,2939.02,1030140.0,2863.0,2870.5,2852.5,2865.0,87600.0,-0.17421602787456303,-0.24390243902439046,0.06985679357316421,-5.663483701020744,-8.495688278505265,9.28446771378708,3.095159697069483,0.08503698526413886,True,False,False
8253,クレディセゾン,2026-09-07,4614.0,4886.0,4886.0,4661.0,4678.2,820100.0,4604.0,4651.0,4572.0,4592.0,48400.0,-0.47680970957953983,-0.21673168617252214,-0.26064291920069316,-6.017191977077363,-6.017191977077363,6.4024390243902385,0.0,0.059017193025240826,False,False,False
8254,さいか屋,2026-09-07,250.0,374.0,420.0,252.6,312.24,105540.0,243.0,246.0,243.0,245.0,12300.0,-2.0000000000000018,-2.8000000000000025,0.8230452674897082,-34.491978609625676,-41.666666666666664,71.42857142857142,12.299465240641716,0.11654349061967027,True,False,False
8255,アクシアル　リテイリング,2026-09-07,1268.0,1311.0,1311.0,1283.4,1244.0,137180.0,1266.0,1273.0,1265.0,1268.0,12600.0,0.0,-0.1577287066246047,0.15797788309637184,-3.279938977879482,-3.279938977879482,3.391167192429023,0.0,0.09185012392477038,True,False,False
8260,井筒屋,2026-09-07,385.0,405.0,405.0,382.0,376.44,23180.0,382.0,382.0,382.0,385.0,18400.0,0.0,-0.7792207792207795,0.7853403141361293,-4.938271604938271,-4.938271604938271,5.1948051948051965,0.0,0.7937877480586712,True,False,False
8267,イオン,2026-09-07,1389.0,1433.0,1468.0,1381.4,1371.48,10117360.0,1400.0,1414.0,1394.0,1404.5,999800.0,1.1159107271418334,0.7919366450684029,0.3214285714285614,-1.9888346127006296,-4.3256130790190745,4.521181915272332,2.442428471737612,0.09882024559766579,True,False,False
8273,イズミ,2026-09-07,1005.0,1096.0,1096.0,1025.8,1022.24,515060.0,1012.0,1012.0,1005.0,1007.0,21700.0,0.19900497512437276,0.6965174129353269,-0.49407114624505644,-8.120437956204384,-8.120437956204384,8.83813306852035,0.0,0.042131013862462624,False,False,False
8275,フォーバル,2026-09-07,1014.0,1020.0,1030.0,1000.8,1000.56,35540.0,1014.0,1014.0,1010.0,1010.0,3000.0,-0.39447731755424265,0.0,-0.39447731755424265,-0.9803921568627416,-1.9417475728155331,1.980198019801982,0.9803921568627416,0.08441193021947102,False,False,False
8276,平和堂,2026-09-07,2661.0,2781.0,2781.0,2682.8,2697.44,112580.0,2683.0,2684.0,2669.0,2674.0,4400.0,0.48853814355505065,0.8267568583239404,-0.3354453969437232,-3.8475368572455926,-3.8475368572455926,4.001495886312645,0.0,0.039083318529046014,False,False,False
8278,フジ,2026-09-07,2030.0,2144.0,2144.0,2035.4,2041.08,121460.0,2030.0,2033.0,2028.0,2032.0,2600.0,0.09852216748769127,0.0,0.09852216748769127,-5.223880597014929,-5.223880597014929,5.5118110236220375,0.0,0.021406224271365057,True,False,False
8281,ゼビオホールディングス,2026-09-07,1131.0,1251.0,1251.0,1141.0,1153.72,127460.0,1127.0,1127.0,1122.0,1125.0,22200.0,-0.5305039787798393,-0.35366931918655586,-0.17746228926353025,-10.07194244604317,-10.07194244604317,11.20000000000001,0.0,0.17417228934567708,False,False,False
8282,ケーズホールディングス,2026-09-07,1878.5,1987.5,1997.0,1911.5,1922.72,690520.0,1886.0,1889.0,1876.5,1886.5,53400.0,0.4258717061485173,0.39925472451423083,0.026511134676554526,-5.081761006289309,-5.533299949924886,5.857407898224221,0.47798742138365213,0.07733302438741818,True,False,False
8285,三谷産業,2026-09-07,780.0,820.0,820.0,780.8,770.64,50240.0,778.0,779.0,772.0,778.0,5200.0,-0.2564102564102555,-0.2564102564102555,0.0,-5.1219512195122,-5.1219512195122,5.398457583547556,0.0,0.1035031847133758,False,False,False
8291,日産東京販売ホールディングス,2026-09-07,548.0,566.0,571.0,548.8,551.04,72440.0,548.0,548.0,545.0,548.0,32200.0,0.0,0.0,0.0,-3.180212014134276,-4.0280210157618175,4.197080291970812,0.8833922261484162,0.44450579790171174,False,False,False
8303,ＳＢＩ新生銀行,2026-09-07,1581.5,1636.0,1636.0,1571.5,1558.96,2845660.0,1574.0,1574.0,1551.5,1554.5,340400.0,-1.7072399620613354,-0.4742333227948148,-1.2388818297331627,-4.981662591687042,-4.981662591687042,5.242843357992921,0.0,0.11962075581763106,False,False,False
8304,あおぞら銀行,2026-09-07,3406.0,3487.0,3487.0,3420.2,3344.0,1691260.0,3393.0,3399.0,3334.0,3348.0,165800.0,-1.702877275396364,-0.3816793893129722,-1.326259946949604,-3.9862345856036763,-3.9862345856036763,4.15173237753883,0.0,0.09803341887113749,False,False,False
8306,三菱ＵＦＪフィナンシャル・グループ,2026-09-07,3711.0,3795.0,3813.0,3726.8,3606.64,46223660.0,3662.0,3664.0,3627.0,3637.0,5064900.0,-1.9940716787927748,-1.3203988143357548,-0.6826870562534171,-4.163372859025028,-4.615788093364803,4.839153148199071,0.4743083003952542,0.10957375508559902,False,False,False
8308,りそなホールディングス,2026-09-07,2542.5,2601.0,2601.0,2539.0,2414.76,9485940.0,2505.0,2505.0,2477.0,2483.0,1318300.0,-2.340216322517208,-1.4749262536873142,-0.8782435129740529,-4.536716647443296,-4.536716647443296,4.752315747080149,0.0,0.1389741027246641,False,False,False
8309,三井住友トラストグループ,2026-09-07,1782.0,1822.5,1822.5,1790.9,1727.08,10508000.0,1767.0,1772.0,1752.5,1757.0,599200.0,-1.4029180695847354,-0.8417508417508435,-0.5659309564233217,-3.59396433470508,-3.59396433470508,3.7279453614115,0.0,0.05702322040350209,False,False,False
8316,三井住友フィナンシャルグループ,2026-09-07,6976.0,7181.0,7260.0,7025.6,6803.08,12837280.0,6887.0,6889.0,6817.0,6846.0,1452400.0,-1.863532110091748,-1.2758027522935755,-0.5953245244663896,-4.665088427795572,-5.702479338842981,6.047326906222605,1.100125330733892,0.11313923198683834,False,False,False
8331,千葉銀行,2026-09-07,2815.5,2892.5,2892.5,2835.1,2764.28,2312280.0,2781.0,2781.0,2760.5,2767.5,158200.0,-1.7048481619605704,-1.2253596164091607,-0.4854368932038833,-4.321521175453757,-4.321521175453757,4.516711833785014,0.0,0.06841731970176622,False,False,False
8334,群馬銀行,2026-09-07,2890.0,2946.5,2946.5,2884.8,2728.0,914880.0,2859.0,2883.5,2848.0,2865.5,50200.0,-0.8477508650518994,-1.072664359861597,0.22735222105632058,-2.7490242660783926,-2.7490242660783926,2.826731809457339,0.0,0.054870584120321794,True,False,False
8336,武蔵野銀行,2026-09-07,2829.0,2876.0,2876.0,2836.2,2731.84,259240.0,2803.0,2803.0,2766.0,2772.0,27000.0,-2.0148462354188768,-0.9190526687875566,-1.1059579022475896,-3.616133518776077,-3.616133518776077,3.7518037518037506,0.0,0.10415059404412899,False,False,False
8337,千葉興業銀行,2026-09-07,2745.0,2866.0,2866.0,2755.0,2700.96,162940.0,2722.0,2722.0,2700.0,2700.0,6400.0,-1.6393442622950838,-0.8378870673952599,-0.8082292432035287,-5.7920446615492,-5.7920446615492,6.148148148148147,0.0,0.039278261936909295,False,False,False
8338,筑波銀行,2026-09-07,775.0,799.0,799.0,760.4,717.84,2163700.0,766.0,766.0,744.0,748.0,339800.0,-3.483870967741931,-1.1612903225806437,-2.3498694516971286,-6.382978723404253,-6.382978723404253,6.818181818181812,0.0,0.15704580117391506,False,False,False
8341,七十七銀行,2026-09-07,3997.0,4083.0,4083.0,4006.4,3804.64,571720.0,3950.0,3951.0,3905.0,3926.0,23300.0,-1.776332249186885,-1.175881911433574,-0.6075949367088662,-3.845211854028896,-3.845211854028896,3.9989811512990414,0.0,0.04075421535017141,False,False,False
8343,秋田銀行,2026-09-07,9240.0,9270.0,9270.0,8938.0,8448.8,134800.0,9140.0,9140.0,8950.0,9020.0,20700.0,-2.3809523809523836,-1.0822510822510845,-1.3129102844638973,-2.696871628910469,-2.696871628910469,2.7716186252771724,0.0,0.15356083086053413,False,False,False
8344,山形銀行,2026-09-07,4720.0,4780.0,4780.0,4595.0,4407.0,149060.0,4650.0,4650.0,4610.0,4630.0,9200.0,-1.906779661016944,-1.4830508474576232,-0.4301075268817178,-3.1380753138075312,-3.1380753138075312,3.239740820734349,0.0,0.06172011270629277,False,False,False
8345,岩手銀行,2026-09-07,2591.0,2607.0,2607.0,2537.6,2413.36,321620.0,2572.0,2584.0,2526.0,2537.0,47800.0,-2.0841373986877687,-0.733307603241995,-1.3608087091757426,-2.6850786344457256,-2.6850786344457256,2.7591643673630317,0.0,0.14862259809713327,False,False,False
8346,東邦銀行,2026-09-07,1001.0,1026.0,1026.0,993.0,963.36,904900.0,987.0,990.0,975.0,980.0,91200.0,-2.0979020979020935,-1.3986013986013957,-0.7092198581560294,-4.483430799220278,-4.483430799220278,4.693877551020398,0.0,0.10078461708476075,False,False,False
8349,東北銀行,2026-09-07,1691.0,1715.0,1715.0,1680.0,1578.92,28960.0,1691.0,1691.0,1680.0,1683.0,2800.0,-0.47309284447072386,0.0,-0.47309284447072386,-1.865889212827987,-1.865889212827987,1.9013666072489555,0.0,0.09668508287292818,False,False,False
8354,ふくおかフィナンシャルグループ,2026-09-07,7866.0,8022.0,8022.0,7898.6,7663.12,572640.0,7856.0,7864.0,7767.0,7798.0,73300.0,-0.8644800406814146,-0.1271294177472626,-0.7382892057026469,-2.7923211169284423,-2.7923211169284423,2.872531418312385,0.0,0.128003632299525,False,False,False
8358,スルガ銀行,2026-09-07,2965.0,3015.0,3015.0,2963.6,2864.16,753960.0,2939.0,2952.0,2905.0,2921.0,50600.0,-1.4839797639123131,-0.8768971332209108,-0.6124532153793827,-3.117744610281925,-3.117744610281925,3.2180760013693854,0.0,0.06711231365059155,False,False,False
8359,八十二長野銀行,2026-09-07,2759.0,2787.5,2787.5,2740.0,2639.84,1228740.0,2760.0,2769.5,2744.0,2754.5,179900.0,-0.16310257339615664,0.03624501631025456,-0.19927536231884035,-1.1838565022421532,-1.1838565022421532,1.1980395716100878,0.0,0.1464101437244657,False,False,False
8360,山梨中央銀行,2026-09-07,7290.0,7720.0,7720.0,7244.0,7189.6,145380.0,7150.0,7270.0,7060.0,7100.0,7500.0,-2.6063100137174167,-1.9204389574759895,-0.6993006993006978,-8.03108808290155,-8.03108808290155,8.732394366197195,0.0,0.051588939331407346,False,False,False
8361,大垣共立銀行,2026-09-07,8190.0,8390.0,8390.0,8222.0,7897.2,140500.0,8100.0,8110.0,8020.0,8030.0,14600.0,-1.9536019536019578,-1.098901098901095,-0.8641975308641969,-4.290822407628125,-4.290822407628125,4.483188044831876,0.0,0.10391459074733096,False,False,False
8362,福井銀行,2026-09-07,7350.0,7360.0,7360.0,7102.0,6656.8,93180.0,7140.0,7150.0,7070.0,7090.0,7700.0,-3.5374149659863963,-2.857142857142858,-0.7002801120448154,-3.6684782608695676,-3.6684782608695676,3.8081805359661436,0.0,0.08263575874651213,False,False,False
8364,清水銀行,2026-09-07,3200.0,3300.0,3300.0,3199.0,3016.76,32740.0,3170.0,3185.0,3125.0,3135.0,4400.0,-2.0312499999999956,-0.9375000000000022,-1.104100946372244,-5.000000000000004,-5.000000000000004,5.263157894736836,0.0,0.13439218081857054,False,False,False
8365,富山銀行,2026-09-07,2410.0,2480.0,2480.0,2370.2,2354.64,6040.0,2383.0,2383.0,2353.0,2353.0,1700.0,-2.3651452282157703,-1.120331950207465,-1.258917331095255,-5.120967741935489,-5.120967741935489,5.397365065873361,0.0,0.2814569536423841,False,False,False
8366,滋賀銀行,2026-09-07,2877.0,2908.0,2908.0,2852.8,2701.92,607520.0,2850.0,2853.0,2819.0,2840.0,59900.0,-1.2860618700034743,-0.9384775808133461,-0.35087719298245723,-2.3383768913342484,-2.3383768913342484,2.3943661971830954,0.0,0.09859757703450092,False,False,False
8367,南都銀行,2026-09-07,1960.0,2014.0,2014.0,1976.8,1892.32,405960.0,1945.0,1952.0,1922.0,1925.0,32100.0,-1.7857142857142905,-0.7653061224489832,-1.0282776349614386,-4.419066534260175,-4.419066534260175,4.623376623376618,0.0,0.0790718297369199,False,False,False
8368,百五銀行,2026-09-07,2379.0,2481.0,2481.0,2401.2,2268.56,735240.0,2350.0,2364.0,2310.0,2316.0,48500.0,-2.648171500630514,-1.2189995796553221,-1.4468085106382977,-6.650544135429259,-6.650544135429259,7.124352331606221,0.0,0.06596485501332898,False,False,False
8370,紀陽銀行,2026-09-07,5140.0,5190.0,5190.0,5112.0,4951.8,122000.0,5100.0,5120.0,5050.0,5060.0,5400.0,-1.5564202334630295,-0.7782101167315147,-0.7843137254901933,-2.5048169556840083,-2.5048169556840083,2.5691699604743157,0.0,0.04426229508196721,False,False,False
8377,ほくほくフィナンシャルグループ,2026-09-07,8335.0,8692.0,8692.0,8343.6,8153.52,360200.0,8260.0,8289.0,8132.0,8159.0,27800.0,-2.1115776844631062,-0.8998200359928044,-1.2227602905569013,-6.132075471698117,-6.132075471698117,6.5326633165829096,0.0,0.07717934480843976,False,False,False
8381,山陰合同銀行,2026-09-07,2629.0,2698.0,2698.0,2631.2,2551.72,332340.0,2600.0,2600.0,2574.0,2582.0,26300.0,-1.787751996957021,-1.1030810193990104,-0.6923076923076921,-4.29948109710897,-4.29948109710897,4.4926413632842666,0.0,0.07913582475777818,False,False,False
8383,鳥取銀行,2026-09-07,1937.0,2035.0,2035.0,1943.6,1914.32,20800.0,1926.0,1926.0,1905.0,1910.0,7200.0,-1.3939081053174984,-0.5678884873515755,-0.830737279335414,-6.142506142506143,-6.142506142506143,6.54450261780104,0.0,0.34615384615384615,False,False,False
8386,百十四銀行,2026-09-07,3090.0,3205.0,3205.0,3122.0,3009.4,246700.0,3055.0,3075.0,3010.0,3040.0,33300.0,-1.6181229773462813,-1.132686084142398,-0.49099836333879043,-5.148205928237126,-5.148205928237126,5.427631578947367,0.0,0.13498175922172678,False,False,False
8387,四国銀行,2026-09-07,3810.0,3815.0,3815.0,3722.0,3516.8,131500.0,3775.0,3775.0,3710.0,3720.0,8800.0,-2.3622047244094446,-0.9186351706036766,-1.4569536423841067,-2.490170380078638,-2.490170380078638,2.553763440860224,0.0,0.06692015209125475,False,False,False
8388,阿波銀行,2026-09-07,9970.0,10300.0,10300.0,9864.0,9314.4,128640.0,9930.0,9990.0,9790.0,9840.0,6200.0,-1.3039117352056206,-0.4012036108325012,-0.9063444108761365,-4.466019417475731,-4.466019417475731,4.674796747967469,0.0,0.048196517412935326,False,False,False
8392,大分銀行,2026-09-07,3050.0,3075.0,3075.0,2971.0,2814.52,290460.0,2999.0,3040.0,2943.0,2968.0,22600.0,-2.688524590163932,-1.6721311475409784,-1.0336778926308798,-3.479674796747967,-3.479674796747967,3.6051212938005284,0.0,0.07780761550643807,False,False,False
8393,宮崎銀行,2026-09-07,2678.0,2709.0,2709.0,2616.2,2479.16,252240.0,2634.0,2679.0,2584.0,2591.0,34400.0,-3.2486930545182924,-1.643017176997763,-1.6324981017463935,-4.355850867478772,-4.355850867478772,4.554226167502895,0.0,0.1363780526482715,False,False,False
8395,佐賀銀行,2026-09-07,6620.0,6820.0,6820.0,6572.0,6284.0,45800.0,6560.0,6620.0,6450.0,6460.0,7900.0,-2.4169184290030232,-0.9063444108761365,-1.5243902439024404,-5.278592375366564,-5.278592375366564,5.572755417956654,0.0,0.17248908296943233,False,False,False
8399,琉球銀行,2026-09-07,3250.0,3410.0,3410.0,3248.0,3170.16,121880.0,3230.0,3230.0,3180.0,3195.0,13500.0,-1.692307692307693,-0.6153846153846176,-1.0835913312693513,-6.304985337243407,-6.304985337243407,6.729264475743357,0.0,0.11076468657696094,False,False,False
8410,セブン銀行,2026-09-07,336.79998779296875,347.3999938964844,347.3999938964844,340.0,333.1600012207031,3959760.0,335.0,335.5,332.1000061035156,333.20001220703125,334200.0,-1.0688764003609186,-0.5344382001804648,-0.5373097889458944,-4.0875019973904525,-4.0875019973904525,4.261699030380006,0.0,0.0843990544881508,False,False,False
8411,みずほフィナンシャルグループ,2026-09-07,8710.0,8894.0,8894.0,8716.2,8432.2,9540200.0,8600.0,8603.0,8506.0,8547.0,846500.0,-1.8714121699196284,-1.2629161882893203,-0.6162790697674447,-3.9015066336856252,-3.9015066336856252,4.059904059904063,0.0,0.08872979602104777,False,False,False
8416,高知銀行,2026-09-07,1155.0,1220.0,1220.0,1167.4,1150.8,37280.0,1147.0,1147.0,1131.0,1144.0,2500.0,-0.952380952380949,-0.6926406926406892,-0.26155187445510153,-6.229508196721312,-6.229508196721312,6.643356643356646,0.0,0.06706008583690987,False,False,False
8418,山口フィナンシャルグループ,2026-09-07,3230.0,3279.0,3279.0,3226.2,3130.22,411340.0,3200.0,3200.0,3159.0,3176.0,31300.0,-1.6718266253869962,-0.9287925696594423,-0.7499999999999951,-3.1412015858493403,-3.1412015858493403,3.2430730478589354,0.0,0.07609276997131327,False,False,False
8424,芙蓉総合リース,2026-09-07,4438.0,4518.0,4620.0,4468.0,4427.8,184740.0,4420.0,4421.0,4405.0,4415.0,12500.0,-0.5182514646237091,-0.40558810274898827,-0.11312217194570096,-2.2797698096502894,-4.43722943722944,4.643261608154026,2.257636122177953,0.06766266103713327,False,False,False
8425,みずほリース,2026-09-07,1368.0,1401.0,1409.0,1380.6,1361.6,543020.0,1360.0,1360.0,1351.0,1354.0,48200.0,-1.0233918128654929,-0.5847953216374324,-0.4411764705882337,-3.354746609564596,-3.9034776437189445,4.062038404726742,0.5710206995003464,0.0887628448307613,False,False,False
8439,東京センチュリー,2026-09-07,2708.5,2794.0,2794.0,2723.3,2584.06,798780.0,2681.0,2688.0,2676.0,2681.0,44200.0,-1.0153221340225227,-1.0153221340225227,0.0,-4.044380816034354,-4.044380816034354,4.214845207012319,0.0,0.05533438493702897,False,False,False
8473,ＳＢＩホールディングス,2026-09-07,3364.0,3440.0,3440.0,3308.8,3172.74,4303960.0,3362.0,3362.0,3320.0,3326.0,310100.0,-1.1296076099881147,-0.05945303210463937,-1.070791195716836,-3.31395348837209,-3.31395348837209,3.4275405892964628,0.0,0.07204992611455496,False,False,False
8508,Ｊトラスト,2026-09-07,756.0,954.0,954.0,763.4,823.6,2300500.0,757.0,758.0,751.0,752.0,58000.0,-0.5291005291005346,0.1322751322751392,-0.6605019815059454,-21.17400419287212,-21.17400419287212,26.86170212765957,0.0,0.025211910454249076,False,False,False
8511,日本証券金融,2026-09-07,2496.0,2580.0,2599.0,2500.8,2486.88,261520.0,2481.0,2481.0,2461.0,2468.0,11600.0,-1.1217948717948678,-0.6009615384615419,-0.523982265215639,-4.341085271317835,-5.0404001539053445,5.307941653160464,0.7364341085271287,0.04435607219333129,False,False,False
8518,日本アジア投資,2026-09-07,153.0,154.0,154.0,152.4,139.52,203140.0,153.0,154.0,153.0,153.0,43500.0,0.0,0.0,0.0,-0.649350649350644,-0.649350649350644,0.6535947712418277,0.0,0.21413803288372552,False,False,False
8522,名古屋銀行,2026-09-07,7150.0,7350.0,7350.0,7186.0,6867.6,103740.0,7120.0,7120.0,7030.0,7060.0,15200.0,-1.2587412587412583,-0.41958041958042314,-0.8426966292134797,-3.9455782312925125,-3.9455782312925125,4.107648725212454,0.0,0.14652014652014653,False,False,False
8524,北洋銀行,2026-09-07,1334.0,1351.0,1351.0,1324.4,1267.2,1387060.0,1320.0,1322.0,1300.0,1307.0,201600.0,-2.0239880059970017,-1.0494752623688153,-0.9848484848484884,-3.2568467801628476,-3.2568467801628476,3.3664881407804215,0.0,0.14534338817354692,False,False,False
8537,大光銀行,2026-09-07,3155.0,3210.0,3210.0,3113.0,2936.96,39360.0,3120.0,3130.0,3075.0,3095.0,8600.0,-1.9017432646592725,-1.1093502377179099,-0.8012820512820484,-3.5825545171339512,-3.5825545171339512,3.7156704361873905,0.0,0.2184959349593496,False,False,False
8541,愛媛銀行,2026-09-07,3280.0,3345.0,3345.0,3166.0,3042.28,179740.0,3240.0,3240.0,3200.0,3215.0,9800.0,-1.981707317073167,-1.2195121951219523,-0.7716049382716084,-3.8863976083707064,-3.8863976083707064,4.043545878693622,0.0,0.05452320017803494,False,False,False
8542,トマト銀行,2026-09-07,1973.0,2005.0,2005.0,1951.4,1878.84,29680.0,1973.0,1973.0,1941.0,1973.0,34000.0,0.0,0.0,0.0,-1.5960099750623402,-1.5960099750623402,1.6218955904713672,0.0,1.1455525606469004,False,False,False
8544,京葉銀行,2026-09-07,2878.0,2934.0,2972.0,2852.6,2747.12,263780.0,2835.0,2873.0,2788.0,2794.0,34900.0,-2.918693537178596,-1.4940931202223728,-1.4462081128747806,-4.771642808452626,-5.989232839838488,6.3707945597709426,1.2951601908657073,0.1323072257184017,False,False,False
8550,栃木銀行,2026-09-07,1114.0,1144.0,1144.0,1097.0,1057.64,594500.0,1103.0,1105.0,1084.0,1085.0,48200.0,-2.603231597845601,-0.9874326750448859,-1.6319129646418906,-5.157342657342657,-5.157342657342657,5.437788018433176,0.0,0.08107653490328007,False,False,False
8551,北日本銀行,2026-09-07,8180.0,8280.0,8280.0,7968.0,7395.6,36720.0,8110.0,8110.0,7970.0,8050.0,4600.0,-1.58924205378973,-0.8557457212713948,-0.7398273736128225,-2.777777777777779,-2.777777777777779,2.857142857142847,0.0,0.12527233115468409,False,False,False
8558,東和銀行,2026-09-07,1520.0,1583.0,1583.0,1485.8,1448.84,177660.0,1502.0,1502.0,1477.0,1484.0,21300.0,-2.368421052631575,-1.1842105263157876,-1.1984021304926817,-6.253948199620973,-6.253948199620973,6.671159029649587,0.0,0.1198919284025667,False,False,False
8562,福島銀行,2026-09-07,392.0,402.0,402.0,392.2,368.76,315280.0,391.0,391.0,381.0,384.0,53800.0,-2.0408163265306145,-0.25510204081632404,-1.7902813299232712,-4.477611940298509,-4.477611940298509,4.6875,0.0,0.17064196904339,False,False,False
8563,大東銀行,2026-09-07,1177.0,1190.0,1190.0,1164.2,1107.24,55980.0,1171.0,1171.0,1151.0,1155.0,10300.0,-1.869158878504673,-0.5097706032285432,-1.3663535439795038,-2.941176470588236,-2.941176470588236,3.0303030303030276,0.0,0.18399428367274026,False,False,False
8566,リコーリース,2026-09-07,6820.0,6950.0,6950.0,6808.0,6706.8,36500.0,6750.0,6750.0,6740.0,6820.0,36500.0,0.0,-1.026392961876832,1.0370370370370363,-1.8705035971222972,-1.8705035971222972,1.9061583577712593,0.0,1.0,True,False,False
8570,イオンフィナンシャルサービス,2026-09-07,1616.5,1749.0,1749.0,1638.0,1644.16,708020.0,1602.0,1617.0,1592.0,1596.5,65300.0,-1.2372409526755335,-0.8969996906897593,-0.34332084893882175,-8.71926815323042,-8.71926815323042,9.552145317882864,0.0,0.09222903307816163,False,False,False
8572,アコム,2026-09-07,484.7999877929688,497.3999938964844,497.3999938964844,483.1599914550781,483.3039990234375,1095640.0,480.0,483.0,479.0,480.8999938964844,119300.0,-0.8044542068243454,-0.9900965168791687,0.1874987284342433,-3.3172497391372846,-3.3172497391372846,3.431066793390669,0.0,0.10888613048081487,True,False,False
8584,ジャックス,2026-09-07,3775.0,3935.0,3935.0,3788.0,3771.0,99620.0,3760.0,3760.0,3745.0,3745.0,6500.0,-0.7947019867549643,-0.3973509933774877,-0.3989361702127714,-4.828462515883103,-4.828462515883103,5.073431241655535,0.0,0.06524794218028508,False,False,False
8585,オリエントコーポレーション,2026-09-07,853.0,891.0,930.0,857.6,866.12,398200.0,852.0,852.0,847.0,847.0,141700.0,-0.7033997655334079,-0.11723329425556983,-0.5868544600938996,-4.938271604938271,-8.924731182795698,9.799291617473438,4.377104377104368,0.35585133098945254,False,False,False
8591,オリックス,2026-09-07,6201.0,6583.0,6680.0,6288.2,6294.08,3747840.0,6094.0,6108.0,6049.0,6087.0,497700.0,-1.8384131591678732,-1.7255281406224787,-0.11486708237610221,-7.534558711833506,-8.877245508982035,9.742073270905216,1.473492328725512,0.13279649077868852,False,False,False
8593,三菱ＨＣキャピタル,2026-09-07,1390.5,1425.0,1518.0,1404.9,1403.06,3962440.0,1390.0,1390.0,1381.5,1384.5,320800.0,-0.4314994606256728,-0.03595828838547366,-0.3956834532374054,-2.8421052631578902,-8.79446640316206,9.642470205850495,6.526315789473691,0.0809602164322993,False,False,False
8595,ジャフコ　グループ,2026-09-07,2288.0,2362.5,2362.5,2297.9,2291.14,292280.0,2288.0,2291.5,2278.0,2283.0,22100.0,-0.21853146853146876,0.0,-0.21853146853146876,-3.36507936507936,-3.36507936507936,3.4822601839684664,0.0,0.07561242644039962,False,False,False
8596,九州リースサービス,2026-09-07,1580.0,1690.0,1690.0,1596.0,1610.08,26880.0,1575.0,1575.0,1561.0,1561.0,6300.0,-1.2025316455696156,-0.31645569620253333,-0.8888888888888835,-7.633136094674553,-7.633136094674553,8.263933376040988,0.0,0.234375,False,False,False
8600,トモニホールディングス,2026-09-07,1132.0,1154.0,1154.0,1133.2,1088.2,449320.0,1119.0,1121.0,1107.0,1109.0,29000.0,-2.031802120141346,-1.14840989399293,-0.893655049151032,-3.8994800693240905,-3.8994800693240905,4.057709648331831,0.0,0.06454197453930384,False,False,False
8601,大和証券グループ本社,2026-09-07,1866.5,1898.0,1898.0,1853.7,1811.16,4243260.0,1850.0,1850.0,1837.5,1844.5,388900.0,-1.1786766675596083,-0.8840075006697035,-0.29729729729729426,-2.818756585879878,-2.818756585879878,2.9005150447275696,0.0,0.0916512304218926,False,False,False
8604,野村ホールディングス,2026-09-07,1656.0,1678.5,1678.5,1641.2,1578.92,9236000.0,1650.0,1653.0,1638.0,1650.0,860200.0,-0.36231884057971175,-0.36231884057971175,0.0,-1.6979445933869575,-1.6979445933869575,1.7272727272727328,0.0,0.09313555651797314,False,False,False
8609,岡三証券グループ,2026-09-07,1243.0,1254.0,1254.0,1221.0,1158.96,590180.0,1247.0,1247.0,1231.0,1243.0,517300.0,0.0,0.32180209171359664,-0.3207698476343279,-0.8771929824561431,-0.8771929824561431,0.8849557522123908,0.0,0.8765122504998475,False,False,False
8613,丸三証券,2026-09-07,1314.0,1328.0,1328.0,1301.6,1251.92,233660.0,1310.0,1310.0,1300.0,1304.0,35000.0,-0.7610350076103556,-0.30441400304414,-0.45801526717557106,-1.8072289156626509,-1.8072289156626509,1.8404907975460016,0.0,0.14979029358897544,False,False,False
8614,東洋証券,2026-09-07,736.0,758.0,758.0,734.8,704.4,634240.0,728.0,730.0,723.0,728.0,54800.0,-1.0869565217391353,-1.0869565217391353,0.0,-3.95778364116095,-3.95778364116095,4.120879120879128,0.0,0.08640262361251261,False,False,False
8616,東海東京フィナンシャル・ホールディングス,2026-09-07,899.0,928.0,928.0,900.2,857.0,1045340.0,893.0,895.0,888.0,889.0,87400.0,-1.1123470522803158,-0.6674082313681828,-0.4479283314669624,-4.2025862068965525,-4.2025862068965525,4.386951631046121,0.0,0.08360916065586316,False,False,False
8617,光世証券,2026-09-07,617.0,651.0,651.0,629.0,594.8,8500.0,617.0,617.0,617.0,617.0,9100.0,0.0,0.0,0.0,-5.222734254992323,-5.222734254992323,5.510534846029169,0.0,1.0705882352941176,False,False,False
8622,水戸証券,2026-09-07,980.0,1000.0,1000.0,964.8,904.0,399500.0,978.0,980.0,971.0,979.0,29200.0,-0.10204081632653184,-0.20408163265306367,0.10224948875254825,-2.100000000000002,-2.100000000000002,2.1450459652706755,0.0,0.07309136420525657,True,False,False
8624,いちよし証券,2026-09-07,1753.0,1797.0,1797.0,1716.2,1660.12,151600.0,1735.0,1735.0,1720.0,1734.0,13500.0,-1.083856246434678,-1.026811180832854,-0.057636887608070175,-3.5058430717863076,-3.5058430717863076,3.633217993079585,0.0,0.08905013192612138,False,False,False
8628,松井証券,2026-09-07,1190.0,1222.0,1222.0,1197.2,1123.04,1093680.0,1186.0,1195.0,1178.0,1192.0,72000.0,0.1680672268907557,-0.3361344537815114,0.5059021922428242,-2.454991816693941,-2.454991816693941,2.5167785234899265,0.0,0.06583278472679395,True,False,False
8630,ＳＯＭＰＯホールディングス,2026-09-07,6782.0,7122.0,7413.0,6860.8,6855.04,2023220.0,6682.0,6693.0,6651.0,6678.0,170300.0,-1.5334709525213763,-1.4744913005013238,-0.05986231667165498,-6.234203875315925,-9.915014164305946,11.00628930817611,4.0859309182813774,0.08417275432231788,False,False,False
8697,日本取引所グループ,2026-09-07,2233.5,2313.0,2356.0,2195.7,2237.06,3975340.0,2208.0,2216.5,2198.0,2215.5,180900.0,-0.8059100067159153,-1.1417058428475513,0.33967391304348116,-4.215304798962382,-5.963497453310696,6.341683592868419,1.8590575010808408,0.045505541664360785,True,False,False
8698,マネックスグループ,2026-09-07,732.0,774.0,774.0,728.0,714.56,1387160.0,726.0,727.0,723.0,726.0,98300.0,-0.8196721311475419,-0.8196721311475419,0.0,-6.2015503875969,-6.2015503875969,6.6115702479338845,0.0,0.07086421177081231,False,False,False
8699,ＨＳホールディングス,2026-09-07,1140.0,1159.0,1201.0,1143.4,1132.08,50920.0,1146.0,1150.0,1134.0,1138.0,6200.0,-0.17543859649122862,0.5263157894736858,-0.6980802792321161,-1.8119068162208762,-5.245628642797673,5.5360281195079075,3.6238136324417525,0.12175962293794187,False,False,False
8700,丸八証券,2026-09-07,2126.0,2221.0,2221.0,2105.4,2009.28,2940.0,2112.0,2112.0,2112.0,2126.0,1800.0,0.0,-0.6585136406397019,0.6628787878787845,-4.277352543899148,-4.277352543899148,4.468485418626522,0.0,0.6122448979591837,True,False,False
8704,トレイダーズホールディングス,2026-09-07,1442.0,1458.0,1458.0,1387.2,1354.88,144900.0,1435.0,1446.0,1412.0,1428.0,33200.0,-0.9708737864077666,-0.4854368932038833,-0.4878048780487809,-2.0576131687242816,-2.0576131687242816,2.1008403361344463,0.0,0.22912353347135955,False,False,False
8705,日産証券グループ,2026-09-07,222.0,225.0,228.0,219.4,218.64,109160.0,223.0,223.0,223.0,223.0,14500.0,0.45045045045044585,0.45045045045044585,0.0,-0.8888888888888835,-2.1929824561403466,2.2421524663677195,1.333333333333342,0.13283253939171857,False,False,False
8706,極東証券,2026-09-07,1938.0,1970.0,1970.0,1932.8,1873.8,170940.0,1928.0,1930.0,1917.0,1929.0,13100.0,-0.4643962848297267,-0.515995872033026,0.051867219917012264,-2.0812182741116736,-2.0812182741116736,2.12545360290306,0.0,0.07663507663507664,True,False,False
8707,岩井コスモホールディングス,2026-09-07,4720.0,4820.0,4820.0,4648.0,4493.4,130000.0,4690.0,4725.0,4665.0,4695.0,10700.0,-0.5296610169491567,-0.6355932203389814,0.10660980810235365,-2.5933609958506243,-2.5933609958506243,2.6624068157614422,0.0,0.0823076923076923,True,False,False
8708,アイザワ証券グループ,2026-09-07,1804.0,1891.0,1891.0,1798.2,1755.8,154400.0,1800.0,1800.0,1776.0,1786.0,20100.0,-0.9977827050997812,-0.22172949002217113,-0.7777777777777772,-5.552617662612369,-5.552617662612369,5.8790593505039235,0.0,0.13018134715025906,False,False,False
8713,フィデアホールディングス,2026-09-07,2823.0,2916.0,2916.0,2820.4,2629.8,73520.0,2785.0,2785.0,2750.0,2750.0,5100.0,-2.585901523202272,-1.3460857244066649,-1.2567324955116699,-5.692729766803839,-5.692729766803839,6.03636363636364,0.0,0.06936887921653971,False,False,False
8714,池田泉州ホールディングス,2026-09-07,1086.0,1131.0,1131.0,1087.6,1062.84,685140.0,1074.0,1076.0,1064.0,1068.0,78200.0,-1.6574585635359074,-1.104972375690605,-0.5586592178770999,-5.57029177718833,-5.57029177718833,5.89887640449438,0.0,0.11413725661908515,False,False,False
8715,アニコム　ホールディングス,2026-09-07,1073.0,1345.0,1345.0,1075.4,1133.2,304240.0,1065.0,1065.0,1052.0,1055.0,21000.0,-1.6775396085740968,-0.745573159366264,-0.9389671361502372,-21.561338289962826,-21.561338289962826,27.48815165876777,0.0,0.06902445437812253,False,False,False
8725,ＭＳ＆ＡＤインシュアランスグループホールディングス,2026-09-07,5149.0,5315.0,5315.0,5184.4,4965.96,4082180.0,5090.0,5100.0,5068.0,5078.0,215300.0,-1.3789085259273692,-1.1458535637987932,-0.23575638506876384,-4.459078080903101,-4.459078080903101,4.667191807798354,0.0,0.05274142737458907,False,False,False
8729,ソニーフィナンシャルグループ,2026-09-07,161.8000030517578,166.3000030517578,166.3000030517578,162.20000305175782,158.1880017089844,60055180.0,161.6999969482422,162.89999389648438,161.1999969482422,162.39999389648438,5161000.0,0.3708225175586888,-0.06180846825054598,0.4328985537743968,-2.345164812810996,-2.345164812810996,2.4014835602514495,0.0,0.085937632690469,True,False,False
8737,あかつき本社,2026-09-07,619.0,668.0,668.0,622.2,625.88,30020.0,620.0,620.0,616.0,616.0,4400.0,-0.4846526655896577,0.1615508885298933,-0.6451612903225823,-7.784431137724546,-7.784431137724546,8.441558441558449,0.0,0.14656895403064624,False,False,False
8739,スパークス・グループ,2026-09-07,2648.0,2655.0,2655.0,2622.8,2534.36,122780.0,2635.0,2635.0,2618.0,2628.0,19200.0,-0.7552870090634434,-0.4909365558912415,-0.2656546489563594,-1.016949152542368,-1.016949152542368,1.0273972602739656,0.0,0.15637726014008796,False,False,False
8742,小林洋行,2026-09-07,581.0,582.0,582.0,569.4,558.04,5340.0,581.0,581.0,581.0,581.0,5900.0,0.0,0.0,0.0,-0.1718213058419238,-0.1718213058419238,0.1721170395869276,0.0,1.104868913857678,False,False,False
8746,ｕｎｂａｎｋｅｄ,2026-09-07,128.0,172.0,172.0,129.0,103.92,2069640.0,123.0,123.0,119.0,120.0,47300.0,-6.25,-3.90625,-2.4390243902439046,-30.23255813953488,-30.23255813953488,43.333333333333336,0.0,0.022854216192188012,False,False,False
8747,豊トラスティ証券,2026-09-07,2228.0,2361.0,2497.0,2203.4,2211.2,8180.0,2201.0,2201.0,2201.0,2228.0,8600.0,0.0,-1.2118491921005337,1.2267151294865997,-5.633206268530289,-10.772927513015617,12.073608617594257,5.760271071579837,1.0513447432762837,True,False,False
8750,第一ライフグループ,2026-09-07,1868.0,1917.0,1959.0,1868.7,1851.06,8656020.0,1847.5,1852.0,1834.5,1841.0,469600.0,-1.4453961456102782,-1.0974304068522511,-0.3518267929634611,-3.9645279081898854,-6.023481368044925,6.409560021727323,2.1909233176838905,0.05425126097213269,False,False,False
8766,東京海上ホールディングス,2026-09-07,7923.0,8137.0,8468.0,7887.6,7647.8,5193120.0,7799.0,7834.0,7755.0,7807.0,702700.0,-1.4640918843872308,-1.565063738482897,0.10257725349402946,-4.055548728032443,-7.805857345299949,8.466760599462031,4.067838269632551,0.13531364574668023,True,False,False
8769,アドバンテッジリスクマネジメント,2026-09-07,504.0,531.0,531.0,499.0,501.64,28460.0,504.0,504.0,497.0,503.0,2700.0,-0.1984126984126977,0.0,-0.1984126984126977,-5.273069679849341,-5.273069679849341,5.566600397614319,0.0,0.09486999297259312,False,False,False
8771,イー・ギャランティ,2026-09-07,1713.0,1878.0,1887.0,1722.0,1809.24,183460.0,1702.0,1707.0,1698.0,1707.0,17100.0,-0.3502626970227629,-0.6421482778750764,0.2937720329024618,-9.105431309904155,-9.5389507154213,10.54481546572934,0.4792332268370503,0.09320832879101712,True,False,False
8772,アサックス,2026-09-07,893.0,909.0,909.0,894.0,876.0,5340.0,891.0,891.0,891.0,893.0,3700.0,0.0,-0.2239641657334812,0.22446689113355678,-1.7601760176017556,-1.7601760176017556,1.791713325867872,0.0,0.6928838951310862,True,False,False
8783,ａｂｃ,2026-09-07,51.0,81.0,81.0,54.0,62.28,714900.0,51.0,52.0,51.0,52.0,370400.0,1.9607843137254832,0.0,1.9607843137254832,-35.802469135802475,-35.802469135802475,55.769230769230774,0.0,0.5181144215974263,True,False,False
8789,フィンテック　グローバル,2026-09-07,161.0,178.0,178.0,161.8,156.76,1274000.0,160.0,160.0,159.0,161.0,1204000.0,0.0,-0.6211180124223614,0.6250000000000089,-9.55056179775281,-9.55056179775281,10.559006211180133,0.0,0.945054945054945,True,False,False
8793,ＮＥＣキャピタルソリューション,2026-09-07,4210.0,4295.0,4295.0,4199.0,4165.2,15440.0,4225.0,4225.0,4190.0,4190.0,1200.0,-0.47505938242280443,0.3562945368170922,-0.8284023668639007,-2.4447031431897526,-2.4447031431897526,2.505966587112174,0.0,0.07772020725388601,False,False,False
8795,Ｔ＆Ｄホールディングス,2026-09-07,4873.0,5078.0,5176.0,4911.0,4884.96,1316380.0,4842.0,4854.0,4800.0,4820.0,97300.0,-1.0876256925918315,-0.6361584239688023,-0.4543577034283319,-5.080740448995669,-6.877897990726433,7.385892116182569,1.9298936589208449,0.0739148270256309,False,False,False
8798,アドバンスクリエイト,2026-09-07,137.0,148.0,148.0,137.0,137.4,30220.0,138.0,139.0,138.0,137.0,24900.0,0.0,0.7299270072992803,-0.7246376811594235,-7.432432432432434,-7.432432432432434,8.029197080291972,0.0,0.8239576439444076,False,False,False
8801,三井不動産,2026-09-07,1493.0,1560.5,1633.0,1517.6,1493.26,9614980.0,1482.0,1491.0,1480.5,1490.5,617100.0,-0.16744809109175973,-0.7367716008037539,0.5735492577597867,-4.485741749439287,-8.72627066748316,9.560550150956049,4.645946811919255,0.06418110074071917,True,False,False
8802,三菱地所,2026-09-07,3664.0,3888.0,4115.0,3734.8,3726.12,3397760.0,3625.0,3636.0,3611.0,3634.0,215300.0,-0.8187772925764225,-1.0644104803493426,0.24827586206896957,-6.532921810699587,-11.688942891859055,13.236103467253724,5.838477366255135,0.06336527594650593,True,False,False
8803,平和不動産,2026-09-07,2350.0,2426.0,2426.0,2387.0,2361.6,158620.0,2349.0,2350.0,2342.0,2348.0,9700.0,-0.08510638297872797,-0.04255319148935843,-0.04257130693912092,-3.215169002473206,-3.215169002473206,3.3219761499148293,0.0,0.061152439793216495,False,False,False
8804,東京建物,2026-09-07,3338.0,3481.0,3542.0,3392.6,3374.84,740000.0,3328.0,3330.0,3310.0,3328.0,46600.0,-0.29958058717795,-0.29958058717795,0.0,-4.395288710140766,-6.041784302653863,6.430288461538458,1.7523700086182092,0.06297297297297297,False,False,False
8818,京阪神ビルディング,2026-09-07,1107.0,1139.0,1160.0,1112.0,1099.08,352100.0,1102.0,1106.0,1097.0,1105.0,99100.0,-0.18066847335139746,-0.4516711833784992,0.27223230490018846,-2.985074626865669,-4.741379310344829,4.977375565610864,1.843722563652328,0.28145413234876454,True,False,False
8830,住友不動産,2026-09-07,3211.0,3517.0,3822.0,3279.6,3381.0,2879580.0,3174.0,3190.0,3162.0,3188.0,310500.0,-0.7162877608221763,-1.1522890065400193,0.4410838059231148,-9.354563548478822,-16.588173731030874,19.887076537013805,8.672163775945418,0.1078282249494718,True,False,False
8835,太平洋興発,2026-09-07,803.0,815.0,815.0,801.2,793.28,17960.0,801.0,801.0,800.0,803.0,32500.0,0.0,-0.24906600249066102,0.24968789013732895,-1.4723926380368124,-1.4723926380368124,1.4943960149439661,0.0,1.8095768374164811,True,False,False
8836,ＲＩＳＥ,2026-09-07,28.0,29.0,29.0,27.2,26.88,28780.0,27.0,27.0,27.0,28.0,18500.0,0.0,-3.57142857142857,3.703703703703698,-3.4482758620689613,-3.4482758620689613,3.571428571428581,0.0,0.6428075052119527,True,False,False
8841,テーオーシー,2026-09-07,991.0,1105.0,1105.0,1009.8,1002.92,76800.0,991.0,996.0,985.0,995.0,5700.0,0.4036326942482349,0.0,0.4036326942482349,-9.954751131221718,-9.954751131221718,11.05527638190955,0.0,0.07421875,True,False,False
8844,コスモスイニシア,2026-09-07,1246.0,1306.0,1365.0,1254.8,1260.36,58400.0,1246.0,1246.0,1233.0,1241.0,3300.0,-0.40128410914928025,0.0,-0.40128410914928025,-4.977029096477792,-9.084249084249086,9.991941982272357,4.517611026033697,0.05650684931506849,False,False,False
8848,レオパレス２１,2026-09-07,639.0,659.0,702.0,649.0,642.16,998540.0,639.0,640.0,635.0,640.0,59200.0,0.15649452269170805,0.0,0.15649452269170805,-2.8831562974203306,-8.83190883190883,9.687500000000004,6.525037936267064,0.05928655837522783,True,False,False
8850,スターツコーポレーション,2026-09-07,4730.0,4815.0,4970.0,4730.0,4693.4,54040.0,4705.0,4715.0,4665.0,4665.0,2900.0,-1.374207188160681,-0.5285412262156397,-0.8501594048884176,-3.1152647975077885,-6.136820925553321,6.538049303322624,3.219106957424711,0.0536639526276832,False,False,False
8860,フジ住宅,2026-09-07,748.0,776.0,776.0,757.0,760.52,71060.0,746.0,746.0,743.0,744.0,6000.0,-0.5347593582887722,-0.2673796791443861,-0.2680965147453085,-4.123711340206182,-4.123711340206182,4.3010752688172005,0.0,0.08443568815085843,False,False,False
8864,空港施設,2026-09-07,968.0,984.0,1043.0,972.8,952.24,80840.0,965.0,968.0,963.0,966.0,10300.0,-0.20661157024793875,-0.30991735537190257,0.10362694300518616,-1.8292682926829285,-7.38255033557047,7.971014492753614,5.9959349593496025,0.12741217219198417,True,False,False
8869,明和地所,2026-09-07,827.0,850.0,852.0,834.4,834.48,48960.0,826.0,826.0,823.0,824.0,25100.0,-0.36275695284159193,-0.12091898428052694,-0.2421307506053294,-3.0588235294117694,-3.2863849765258246,3.398058252427183,0.23529411764706687,0.5126633986928104,False,False,False
8871,ゴールドクレスト,2026-09-07,3220.0,3395.0,3420.0,3262.0,3290.0,50880.0,3210.0,3210.0,3195.0,3195.0,11800.0,-0.776397515527949,-0.31055900621117516,-0.4672897196261627,-5.891016200294552,-6.578947368421051,7.042253521126751,0.7363770250368162,0.2319182389937107,False,False,False
8876,リログループ,2026-09-07,2246.0,2304.5,2304.5,2261.8,2153.52,732580.0,2251.0,2251.5,2232.0,2234.5,16400.0,-0.5120213713267985,0.22261798753340223,-0.7330075521990276,-3.0375352571056613,-3.0375352571056613,3.1326918773774803,0.0,0.02238663354172923,False,False,False
8877,エスリード,2026-09-07,5230.0,5490.0,5490.0,5238.0,5249.6,26080.0,5250.0,5250.0,5190.0,5230.0,31500.0,0.0,0.3824091778202643,-0.3809523809523818,-4.735883424408016,-4.735883424408016,4.97131931166348,0.0,1.2078220858895705,False,False,False
8881,日神グループホールディングス,2026-09-07,663.0,687.0,690.0,670.6,668.48,121560.0,658.0,661.0,657.0,660.0,39500.0,-0.4524886877828038,-0.7541478129713397,0.3039513677811634,-3.9301310043668103,-4.347826086956519,4.545454545454541,0.4366812227074135,0.3249424152681803,True,False,False
8887,シーラホールディングス,2026-09-07,369.0,391.0,391.0,370.4,379.68,65140.0,368.0,368.0,366.0,369.0,40400.0,0.0,-0.27100271002710175,0.27173913043478937,-5.626598465473142,-5.626598465473142,5.962059620596216,0.0,0.6202026404666872,True,False,False
8891,ＡＭＧホールディングス,2026-09-07,2031.0,2144.0,2144.0,2083.2,2086.84,3460.0,2031.0,2031.0,2031.0,2031.0,6900.0,0.0,0.0,0.0,-5.270522388059707,-5.270522388059707,5.563761693746927,0.0,1.9942196531791907,False,False,False
8892,エスコン,2026-09-07,1099.0,1153.0,1153.0,1101.6,1105.24,182640.0,1099.0,1100.0,1094.0,1098.0,8300.0,-0.09099181073702889,0.0,-0.09099181073702889,-4.770164787510844,-4.770164787510844,5.009107468123863,0.0,0.045444590451160755,False,False,False
8894,ＲＥＶＯＬＵＴＩＯＮ,2026-09-07,21.0,23.0,25.0,20.6,21.68,673320.0,21.0,21.0,20.0,21.0,68100.0,0.0,0.0,0.0,-8.695652173913048,-16.000000000000004,19.047619047619047,8.695652173913038,0.10114061664587418,False,False,False
8897,ＭＩＲＡＲＴＨホールディングス,2026-09-07,449.0,472.0,472.0,457.2,446.56,884740.0,449.0,449.0,446.0,447.0,159300.0,-0.44543429844098315,0.0,-0.44543429844098315,-5.296610169491522,-5.296610169491522,5.592841163310958,0.0,0.1800528968962633,False,False,False
8898,センチュリー２１・ジャパン,2026-09-07,1136.0,1147.0,1147.0,1134.8,1132.48,5580.0,1132.0,1136.0,1132.0,1134.0,600.0,-0.17605633802817433,-0.35211267605633756,0.17667844522968323,-1.1333914559720992,-1.1333914559720992,1.1463844797178213,0.0,0.10752688172043011,True,False,False
8904,ＡＶＡＮＴＩＡ,2026-09-07,825.0,878.0,878.0,827.6,856.48,28600.0,826.0,826.0,826.0,825.0,27900.0,0.0,0.12121212121212199,-0.1210653753026647,-6.0364464692482915,-6.0364464692482915,6.424242424242421,0.0,0.9755244755244755,False,False,False
8908,毎日コムネット,2026-09-07,889.0,895.0,895.0,888.6,874.24,5100.0,895.0,895.0,889.0,889.0,2500.0,0.0,0.6749156355455588,-0.6703910614525133,-0.6703910614525133,-0.6703910614525133,0.6749156355455588,0.0,0.49019607843137253,False,False,False
8912,エリアクエスト,2026-09-07,161.0,188.0,188.0,162.8,155.48,978500.0,161.0,161.0,160.0,160.0,9400.0,-0.6211180124223614,0.0,-0.6211180124223614,-14.893617021276595,-14.893617021276595,17.500000000000004,0.0,0.009606540623403168,False,False,False
8914,エリアリンク,2026-09-07,905.0,987.0,1074.0,907.0,927.96,66120.0,908.0,908.0,900.0,905.0,3800.0,0.0,0.33149171270718814,-0.3303964757709221,-8.308004052684904,-15.735567970204844,18.674033149171265,8.814589665653493,0.05747126436781609,False,False,False
8917,ファースト住建,2026-09-07,1143.0,1160.0,1170.0,1132.4,1141.44,129960.0,1143.0,1143.0,1136.0,1136.0,2800.0,-0.6124234470691214,0.0,-0.6124234470691214,-2.0689655172413834,-2.9059829059829068,2.992957746478875,0.8620689655172376,0.02154509079716836,False,False,False
8918,ランド,2026-09-07,11.0,11.0,11.0,11.0,10.48,369046340.0,11.0,11.0,10.0,11.0,525565800.0,0.0,0.0,0.0,0.0,0.0,0.0,0.0,1.4241187163649964,False,False,False
8919,カチタス,2026-09-07,3590.0,3890.0,3890.0,3669.0,3599.0,227620.0,3570.0,3580.0,3530.0,3550.0,8000.0,-1.1142061281337101,-0.5571030640668551,-0.5602240896358524,-8.740359897172233,-8.740359897172233,9.577464788732403,0.0,0.03514629645901063,False,False,False
8920,東祥,2026-09-07,717.0,741.0,794.0,716.2,715.68,64840.0,712.0,712.0,710.0,710.0,2600.0,-0.9762900976290068,-0.6973500697350032,-0.2808988764044895,-4.183535762483126,-10.579345088161208,11.830985915492963,7.1524966261808265,0.040098704503392965,False,False,False
8923,トーセイ,2026-09-07,1725.0,1861.0,1861.0,1763.8,1783.72,186700.0,1715.0,1719.0,1703.0,1705.0,7600.0,-1.1594202898550732,-0.5797101449275366,-0.5830903790087438,-8.382590005373459,-8.382590005373459,9.149560117302059,0.0,0.040707016604177824,False,False,False
8927,明豊エンタープライズ,2026-09-07,482.0,489.0,489.0,483.6,472.88,60020.0,485.0,485.0,482.0,482.0,4000.0,0.0,0.6224066390041472,-0.6185567010309256,-1.4314928425357865,-1.4314928425357865,1.4522821576763434,0.0,0.06664445184938354,False,False,False
8928,穴吹興産,2026-09-07,2308.0,2363.0,2363.0,2316.0,2316.16,7280.0,2303.0,2303.0,2293.0,2308.0,9400.0,0.0,-0.2166377816291143,0.21710811984367862,-2.327549724925937,-2.327549724925937,2.3830155979202683,0.0,1.2912087912087913,True,False,False
8929,青山財産ネットワークス,2026-09-07,1394.0,1451.0,1451.0,1386.6,1330.24,106380.0,1394.0,1394.0,1382.0,1387.0,1600.0,-0.5021520803443313,0.0,-0.5021520803443313,-4.410751206064778,-4.410751206064778,4.6142754145638065,0.0,0.01504042113179169,False,False,False
8931,和田興産,2026-09-07,1330.0,1430.0,1444.0,1320.6,1383.28,8800.0,1334.0,1334.0,1330.0,1330.0,12000.0,0.0,0.3007518796992459,-0.2998500749625155,-6.99300699300699,-7.8947368421052655,8.571428571428562,0.9790209790209836,1.3636363636363635,False,False,False
8934,サンフロンティア不動産,2026-09-07,2431.0,2555.0,2589.0,2466.8,2476.84,127520.0,2419.0,2419.0,2401.0,2413.0,12300.0,-0.740436034553682,-0.493624023035788,-0.24803637866886996,-5.557729941291589,-6.797991502510625,7.293825113966013,1.3307240704500956,0.09645545796737767,False,False,False
8935,ＦＪネクストホールディングス,2026-09-07,1998.0,2085.0,2085.0,2019.0,2001.04,59600.0,1998.0,1999.0,1972.0,1983.0,9100.0,-0.7507507507507505,0.0,-0.7507507507507505,-4.8920863309352525,-4.8920863309352525,5.143721633888054,0.0,0.15268456375838926,False,False,False
8938,グローム・ホールディングス,2026-09-07,336.0,346.0,367.0,330.0,333.44,2700.0,340.0,340.0,336.0,336.0,3500.0,0.0,1.1904761904761862,-1.17647058823529,-2.8901734104046284,-8.446866485013626,9.226190476190466,6.069364161849711,1.2962962962962963,False,False,False
8944,ランドビジネス,2026-09-07,244.0,251.0,253.0,242.6,243.92,40340.0,242.0,244.0,242.0,244.0,3100.0,0.0,-0.8196721311475419,0.8264462809917328,-2.7888446215139417,-3.5573122529644285,3.688524590163933,0.7968127490039834,0.0768468021814576,True,False,False
8945,サンネクスタグループ,2026-09-07,1094.0,1143.0,1143.0,1094.6,1095.24,1220.0,1094.0,1094.0,1094.0,1094.0,1900.0,0.0,0.0,0.0,-4.286964129483817,-4.286964129483817,4.478976234003662,0.0,1.5573770491803278,False,False,False
8946,ＡＳＩＡＮ　ＳＴＡＲ,2026-09-07,76.0,79.0,82.0,75.4,76.6,83860.0,76.0,76.0,76.0,76.0,81500.0,0.0,0.0,0.0,-3.797468354430378,-7.317073170731703,7.8947368421052655,3.797468354430378,0.9718578583353208,False,False,False
8995,誠建設工業,2026-09-07,2048.0,2562.0,2562.0,1693.2,1506.32,420680.0,1728.0,2048.0,1685.0,2048.0,601900.0,0.0,-15.625,18.518518518518512,-20.062451209992194,-20.062451209992194,25.09765625,0.0,1.430778739184178,True,False,False
8996,ハウスフリーダム,2026-09-07,1099.0,1139.0,1139.0,1096.2,1089.6,3400.0,1094.0,1094.0,1094.0,1094.0,100.0,-0.45495905368516665,-0.45495905368516665,0.0,-3.9508340649692664,-3.9508340649692664,4.113345521023759,0.0,0.029411764705882353,False,False,False
8999,グランディハウス,2026-09-07,565.0,583.0,583.0,569.4,565.08,55420.0,564.0,564.0,561.0,562.0,5900.0,-0.5309734513274322,-0.1769911504424737,-0.35460992907800915,-3.6020583190394473,-3.6020583190394473,3.736654804270456,0.0,0.10645976181883797,False,False,False
9001,東武鉄道,2026-09-07,2911.0,3051.0,3236.0,2960.2,2971.34,611020.0,2901.5,2911.0,2891.0,2903.0,66300.0,-0.27481964960495153,-0.32634833390587925,0.05169739789763206,-4.850868567682731,-10.290482076637819,11.470892180502922,6.063585709603414,0.10850708651107983,True,False,False
9003,相鉄ホールディングス,2026-09-07,2599.5,2675.0,2861.5,2602.0,2562.48,234000.0,2590.0,2599.5,2585.0,2587.0,8700.0,-0.48086170417388496,-0.3654548951721459,-0.11583011583011782,-3.2897196261682193,-9.592870871920322,10.610746037881725,6.971962616822425,0.03717948717948718,False,False,False
9005,東急,2026-09-07,1621.0,1704.0,1860.5,1639.2,1656.06,2076260.0,1615.5,1622.5,1611.0,1616.5,195800.0,-0.2776064157927194,-0.33929673041332986,0.06190034045188142,-5.1349765258216,-13.11475409836066,15.094339622641506,9.184272300469477,0.09430418155722309,True,False,False
9006,京浜急行電鉄,2026-09-07,1543.5,1592.0,1668.0,1554.8,1542.88,760640.0,1545.0,1560.5,1545.0,1554.5,63500.0,0.712666018788477,0.09718172983479434,0.614886731391584,-2.3555276381909573,-6.80455635491607,7.3013830813766445,4.773869346733672,0.08348233066891039,True,False,False
9007,小田急電鉄,2026-09-07,1763.0,1811.0,1872.5,1789.2,1740.52,1140040.0,1760.5,1766.0,1753.5,1763.0,92100.0,0.0,-0.14180374361882908,0.14200511218402934,-2.650469353948093,-5.847797062750337,6.211003970504825,3.3959138597460026,0.08078663906529596,True,False,False
9008,京王電鉄,2026-09-07,772.5,796.2000122070312,849.2999877929688,781.8,773.476005859375,1641640.0,770.0,774.2999877929688,768.0,771.7999877929688,105600.0,-0.09061646692961611,-0.3236245954692518,0.23376464843749556,-3.0645596633974814,-9.125162029190081,10.04146167734703,6.669175429770058,0.06432591798445457,True,False,False
9009,京成電鉄,2026-09-07,1369.5,1387.5,1387.5,1357.6,1314.96,1954660.0,1369.5,1373.5,1361.0,1370.0,130900.0,0.03650967506390046,0.0,0.03650967506390046,-1.2612612612612595,-1.2612612612612595,1.2773722627737127,0.0,0.06696816837710906,True,False,False
9010,富士急行,2026-09-07,2567.0,2831.0,2835.0,2625.0,2724.92,168760.0,2550.0,2564.0,2543.0,2559.0,15500.0,-0.3116478379431298,-0.6622516556291425,0.3529411764705781,-9.607912398445784,-9.73544973544973,10.785463071512314,0.14129282938890597,0.09184640910168286,True,False,False
9017,新潟交通,2026-09-07,2005.0,2025.0,2025.0,1996.2,1995.72,1000.0,2005.0,2005.0,2004.0,2005.0,800.0,0.0,0.0,0.0,-0.987654320987652,-0.987654320987652,0.9975062344139696,0.0,0.8,False,False,False
9020,東日本旅客鉄道,2026-09-07,3478.0,3666.0,3966.0,3541.0,3501.8,2662840.0,3463.0,3486.0,3447.0,3480.0,262300.0,0.05750431282345314,-0.43128234617596517,0.49090384060064274,-5.07364975450082,-12.25416036308623,13.96551724137931,8.183306055646478,0.09850385302909676,True,False,False
9021,西日本旅客鉄道,2026-09-07,2990.0,3049.0,3236.0,3008.7,2943.0,1848580.0,2995.0,3002.0,2978.5,2986.5,153600.0,-0.117056856187292,0.16722408026756952,-0.28380634390651194,-2.0498524106264404,-7.710135970333742,8.35426084044868,6.133158412594297,0.08309080483398068,False,False,False
9022,東海旅客鉄道,2026-09-07,3795.0,4043.0,4291.0,3900.4,3885.04,2174160.0,3773.0,3793.0,3753.0,3787.0,154700.0,-0.2108036890645537,-0.5797101449275366,0.37105751391466324,-6.331931733860996,-11.745513866231649,13.308687615526793,6.134058867177838,0.07115391691503845,True,False,False
9023,東京地下鉄,2026-09-07,1484.0,1505.0,1532.0,1485.4,1467.34,1604840.0,1488.0,1494.5,1484.0,1492.5,115600.0,0.5727762803234393,0.26954177897573484,0.3024193548387011,-0.830564784053156,-2.5783289817232324,2.646566164154107,1.7940199335548135,0.0720321028887615,True,False,False
9024,西武ホールディングス,2026-09-07,3531.0,3580.0,3783.0,3490.4,3380.16,1341780.0,3558.0,3604.0,3535.0,3578.0,97000.0,1.3310676862078763,0.7646559048428259,0.5621135469364713,-0.055865921787712214,-5.4189796457837724,5.729457797652326,5.670391061452507,0.07229202999001326,True,False,False
9025,鴻池運輸,2026-09-07,2841.0,2985.0,3040.0,2876.2,2901.2,84320.0,2820.0,2826.0,2813.0,2841.0,58500.0,0.0,-0.7391763463569179,0.7446808510638281,-4.82412060301508,-6.546052631578947,7.004575853572681,1.8425460636515956,0.693785578747628,True,False,False
9028,ゼロ,2026-09-07,3415.0,3605.0,3670.0,3429.0,3501.6,16340.0,3415.0,3425.0,3415.0,3415.0,900.0,0.0,0.0,0.0,-5.270457697642161,-6.948228882833785,7.467057101024888,1.8030513176144236,0.05507955936352509,False,False,False
9029,ヒガシホールディングス,2026-09-07,1850.0,1977.0,2140.0,1874.0,1921.96,6200.0,1852.0,1852.0,1851.0,1850.0,6400.0,0.0,0.108108108108107,-0.10799136069113979,-6.423874557410214,-13.551401869158875,15.67567567567567,8.244815376833593,1.032258064516129,False,False,False
9031,西日本鉄道,2026-09-07,3047.0,3174.0,3272.0,3096.2,3060.52,162840.0,3032.0,3058.0,3025.0,3040.0,23500.0,-0.22973416475221553,-0.4922874958976031,0.26385224274405594,-4.221802142407061,-7.090464547677266,7.6315789473684115,3.0875866414618702,0.14431343650208794,True,False,False
9033,広島電鉄,2026-09-07,632.0,655.0,655.0,635.0,629.8,12920.0,635.0,635.0,635.0,632.0,14600.0,0.0,0.4746835443038,-0.47244094488189115,-3.511450381679393,-3.511450381679393,3.639240506329111,0.0,1.130030959752322,False,False,False
9034,南総通運,2026-09-07,1671.0,1699.0,1699.0,1659.4,1632.76,9580.0,1663.0,1663.0,1663.0,1671.0,8700.0,0.0,-0.4787552363853975,0.48105832832230355,-1.648028251912892,-1.648028251912892,1.6756433273488858,0.0,0.9081419624217119,True,False,False
9036,東部ネットワーク,2026-09-07,1238.0,1383.0,1384.0,1241.8,1288.72,1460.0,1238.0,1238.0,1238.0,1238.0,100.0,0.0,0.0,0.0,-10.48445408532176,-10.54913294797688,11.793214862681744,0.0723065798987621,0.0684931506849315,False,False,False
9037,ハマキョウレックス,2026-09-07,1844.0,1891.0,1891.0,1845.4,1848.8,90520.0,1835.0,1839.0,1827.0,1839.0,6900.0,-0.27114967462038564,-0.48806941431670525,0.21798365122616126,-2.749867794817562,-2.749867794817562,2.8276237085372413,0.0,0.07622624834290764,True,False,False
9039,サカイ引越センター,2026-09-07,2976.0,3035.0,3090.0,2989.6,2966.08,74720.0,2972.0,2972.0,2963.0,2970.0,9000.0,-0.20161290322581182,-0.13440860215053752,-0.06729475100941684,-2.1416803953871466,-3.8834951456310662,4.040404040404044,1.812191103789118,0.12044967880085652,False,False,False
9041,近鉄グループホールディングス,2026-09-07,3427.0,3686.0,3686.0,3456.0,3507.12,635920.0,3423.0,3432.0,3410.0,3428.0,75900.0,0.029180040852061495,-0.11672016340822378,0.14607069821794827,-6.999457406402609,-6.999457406402609,7.526254375729291,0.0,0.11935463580324569,True,False,False
9042,阪急阪神ホールディングス,2026-09-07,4662.0,4812.0,5183.0,4676.6,4656.24,767380.0,4642.0,4660.0,4624.0,4650.0,43900.0,-0.2574002574002532,-0.4290004290004257,0.17233950883239757,-3.366583541147128,-10.283619525371401,11.462365591397838,7.709891936824609,0.057207641585655084,True,False,False
9044,ＮＡＮＫＡＩ,2026-09-07,3102.0,3141.0,3237.0,3105.0,2993.6,226700.0,3102.0,3120.0,3089.0,3104.0,24100.0,0.06447453255964408,0.0,0.06447453255964408,-1.1779687997452992,-4.10874266295953,4.284793814432986,3.0563514804202496,0.10630789589766211,True,False,False
9045,京阪ホールディングス,2026-09-07,3158.0,3280.0,3435.0,3196.6,3175.72,219180.0,3156.0,3162.0,3146.0,3154.0,24300.0,-0.1266624445851794,-0.06333122229259525,-0.06337135614702394,-3.8414634146341498,-8.180494905385737,8.909321496512357,4.725609756097571,0.11086777990692581,False,False,False
9046,神戸電鉄,2026-09-07,2464.0,2510.0,2530.0,2477.4,2464.04,10740.0,2471.0,2471.0,2471.0,2464.0,17100.0,0.0,0.28409090909091717,-0.283286118980175,-1.8326693227091684,-2.608695652173909,2.678571428571419,0.7968127490039834,1.5921787709497206,False,False,False
9048,名古屋鉄道,2026-09-07,1860.5,1919.5,2012.0,1876.9,1872.36,497580.0,1861.5,1869.5,1855.5,1864.0,92300.0,0.1881214727223801,0.053748992206403834,0.13430029546064315,-2.891377963011199,-7.3558648111332054,7.939914163090123,4.818963271685339,0.1854978093974838,True,False,False
9049,京福電気鉄道,2026-09-07,6740.0,6750.0,6750.0,6680.0,6646.0,380.0,6690.0,6690.0,6690.0,6740.0,700.0,0.0,-0.7418397626112738,0.7473841554558991,-0.1481481481481528,-0.1481481481481528,0.14836795252226587,0.0,1.8421052631578947,True,False,False
9051,センコン物流,2026-09-07,1315.0,1353.0,1401.0,1318.4,1322.96,1500.0,1320.0,1330.0,1308.0,1315.0,3200.0,0.0,0.3802281368821214,-0.37878787878787845,-2.8085735402808565,-6.138472519628834,6.539923954372617,3.5476718403547602,2.1333333333333333,False,False,False
9052,山陽電気鉄道,2026-09-07,2001.0,2057.0,2089.0,2014.8,1998.0,38680.0,1999.0,1999.0,1992.0,1996.0,5700.0,-0.2498750624687629,-0.09995002498750516,-0.15007503751875984,-2.9654837141468104,-4.451890856869312,4.6593186372745565,1.5556635877491454,0.14736297828335057,False,False,False
9057,遠州トラック,2026-09-07,3240.0,3290.0,3330.0,3248.0,3213.4,920.0,3230.0,3230.0,3230.0,3240.0,400.0,0.0,-0.30864197530864335,0.3095975232198178,-1.5197568389057725,-2.7027027027026973,2.777777777777768,1.2158054711246091,0.43478260869565216,True,False,False
9059,カンダホールディングス,2026-09-07,926.0,930.0,930.0,920.2,910.16,3060.0,929.0,929.0,929.0,926.0,1600.0,0.0,0.3239740820734305,-0.32292787944026013,-0.4301075268817178,-0.4301075268817178,0.4319654427645814,0.0,0.5228758169934641,False,False,False
9060,日本ロジテム,2026-09-07,4150.0,4285.0,4285.0,4150.0,4182.2,260.0,4170.0,4170.0,4150.0,4150.0,400.0,0.0,0.48192771084336616,-0.47961630695443347,-3.1505250875145885,-3.1505250875145885,3.2530120481927716,0.0,1.5384615384615385,False,False,False
9063,岡山県貨物運送,2026-09-07,4225.0,4350.0,4350.0,4207.0,4192.0,1000.0,4190.0,4190.0,4190.0,4225.0,1000.0,0.0,-0.8284023668639007,0.835322195704058,-2.8735632183908066,-2.8735632183908066,2.9585798816567976,0.0,1.0,True,False,False
9064,ヤマトホールディングス,2026-09-07,1930.0,1988.0,2194.5,1942.9,1940.52,1066760.0,1913.0,1925.0,1912.5,1920.0,61500.0,-0.5181347150259086,-0.8808290155440379,0.3659174072137894,-3.420523138832998,-12.508544087491458,14.296875000000009,10.387323943661976,0.057651205519517044,True,False,False
9065,山九,2026-09-07,8113.0,8649.0,9472.0,8145.8,8439.12,146320.0,8066.0,8129.0,8051.0,8097.0,7900.0,-0.19721434734376597,-0.5793171453223223,0.384329283411855,-6.382240721470689,-14.516469594594595,16.981598122761522,9.515550930743434,0.05399125205030071,True,False,False
9068,丸全昭和運輸,2026-09-07,7260.0,7860.0,7860.0,7250.0,7400.0,23780.0,7260.0,7260.0,7160.0,7210.0,2000.0,-0.688705234159781,0.0,-0.688705234159781,-8.269720101781175,-8.269720101781175,9.015256588072118,0.0,0.08410428931875526,False,False,False
9069,センコーグループホールディングス,2026-09-07,2232.5,2378.5,2378.5,2234.6,2259.3,287880.0,2231.5,2231.5,2219.0,2223.0,14900.0,-0.42553191489361764,-0.044792833146700683,-0.38090970199416985,-6.537733865881856,-6.537733865881856,6.995051731893831,0.0,0.051757676809781855,False,False,False
9072,ニッコンホールディングス,2026-09-07,5120.0,5929.0,5929.0,5196.8,5345.56,312660.0,5100.0,5112.0,5070.0,5107.0,8700.0,-0.2539062500000022,-0.390625,0.1372549019607927,-13.864058019902181,-13.864058019902181,16.095555120422954,0.0,0.02782575321435425,True,False,False
9073,京極運輸商事,2026-09-07,1230.0,1295.0,1295.0,1229.6,1245.92,420.0,1241.0,1241.0,1241.0,1230.0,700.0,0.0,0.8943089430894391,-0.8863819500402936,-5.019305019305021,-5.019305019305021,5.284552845528445,0.0,1.6666666666666667,False,False,False
9074,日本石油輸送,2026-09-07,5060.0,5220.0,5550.0,5001.0,5074.0,2040.0,5050.0,5100.0,5000.0,5060.0,2600.0,0.0,-0.19762845849802257,0.1980198019801982,-3.065134099616862,-8.828828828828827,9.683794466403173,6.321839080459779,1.2745098039215685,True,False,False
9075,福山通運,2026-09-07,6230.0,6540.0,6540.0,6252.0,6198.8,92860.0,6130.0,6190.0,6130.0,6230.0,71800.0,0.0,-1.60513643659711,1.631321370309946,-4.7400611620795114,-4.7400611620795114,4.97592295345104,0.0,0.7732069782468232,True,False,False
9076,セイノーホールディングス,2026-09-07,2718.5,2846.0,2846.0,2740.1,2743.46,389160.0,2692.5,2717.5,2680.0,2686.0,13100.0,-1.1955122310097432,-0.956409784807799,-0.24141132776229757,-5.621925509487003,-5.621925509487003,5.956813104988834,0.0,0.03366224689073903,False,False,False
9081,神奈川中央交通,2026-09-07,3985.0,4090.0,4095.0,3996.0,3901.8,10900.0,3985.0,3985.0,3975.0,3985.0,18100.0,0.0,0.0,0.0,-2.5672371638141844,-2.6862026862026878,2.7603513174403904,0.12224938875304847,1.6605504587155964,False,False,False
9082,大和自動車交通,2026-09-07,1978.0,2514.0,2514.0,2047.2,1956.6,3600.0,1975.0,1978.0,1975.0,1978.0,400.0,0.0,-0.15166835187057082,0.15189873417722488,-21.3206046141607,-21.3206046141607,27.098078867542963,0.0,0.1111111111111111,True,False,False
9083,神姫バス,2026-09-07,1979.0,2000.0,2000.0,1975.6,1976.12,2460.0,1995.0,1995.0,1995.0,1979.0,2600.0,0.0,0.8084891359272373,-0.8020050125313261,-1.0499999999999954,-1.0499999999999954,1.0611419909045017,0.0,1.056910569105691,False,False,False
9087,タカセ,2026-09-07,2118.0,2300.0,2300.0,2159.0,2067.68,640.0,2119.0,2119.0,2118.0,2118.0,200.0,0.0,0.04721435316337175,-0.047192071731949614,-7.913043478260873,-7.913043478260873,8.593012275731816,0.0,0.3125,False,False,False
9090,ＡＺ－ＣＯＭ丸和ホールディングス,2026-09-07,898.0,914.0,967.0,890.2,882.48,421540.0,896.0,897.0,893.0,894.0,45900.0,-0.44543429844098315,-0.22271714922048602,-0.22321428571429047,-2.188183807439825,-7.549120992761116,8.165548098433995,5.798687089715537,0.1088864639180149,False,False,False
9101,日本郵船,2026-09-07,7420.0,7465.0,7465.0,7211.0,6686.04,3177460.0,7388.0,7420.0,7351.0,7367.0,331500.0,-0.7142857142857117,-0.43126684636118906,-0.28424472116946875,-1.3127930341594096,-1.3127930341594096,1.3302565494774043,0.0,0.10432861467964978,False,False,False
9104,商船三井,2026-09-07,7164.0,7509.0,7509.0,7081.6,6721.32,3577340.0,7110.0,7133.0,7072.0,7110.0,236700.0,-0.7537688442211032,-0.7537688442211032,0.0,-5.313623651618061,-5.313623651618061,5.6118143459915615,0.0,0.06616648124025114,False,False,False
9107,川崎汽船,2026-09-07,3425.0,3591.0,3591.0,3380.2,3152.52,4194760.0,3403.0,3429.0,3396.0,3410.0,379300.0,-0.43795620437956373,-0.6423357664233631,0.20570085218925005,-5.040378724589257,-5.040378724589257,5.307917888563041,0.0,0.09042233643879506,True,False,False
9110,ＮＳユナイテッド海運,2026-09-07,10500.0,10510.0,10520.0,10486.0,10421.2,261260.0,10490.0,10500.0,10490.0,10500.0,5600.0,0.0,-0.09523809523809268,0.09532888465204614,-0.09514747859181716,-0.1901140684410607,0.19047619047618536,0.09514747859182826,0.021434586235933552,True,False,False
9115,明海グループ,2026-09-07,1104.0,1355.0,1355.0,1070.4,1014.0,61720.0,1090.0,1090.0,1069.0,1073.0,3900.0,-2.8079710144927494,-1.26811594202898,-1.559633027522933,-20.811808118081178,-20.811808118081178,26.281453867660765,0.0,0.06318859364873623,False,False,False
9119,飯野海運,2026-09-07,1752.0,1791.0,1791.0,1748.0,1661.92,263580.0,1745.0,1745.0,1734.0,1738.0,9100.0,-0.7990867579908634,-0.39954337899543724,-0.40114613180515235,-2.959240647682859,-2.959240647682859,3.049482163406214,0.0,0.034524622505501174,False,False,False
9127,玉井商船,2026-09-07,3370.0,3580.0,3580.0,3391.0,3180.0,5420.0,3335.0,3335.0,3330.0,3370.0,3700.0,0.0,-1.0385756676557834,1.0494752623688264,-5.865921787709494,-5.865921787709494,6.231454005934722,0.0,0.6826568265682657,True,False,False
9130,共栄タンカー,2026-09-07,1640.0,1753.0,1753.0,1594.2,1572.08,63200.0,1640.0,1640.0,1613.0,1636.0,4200.0,-0.24390243902439046,0.0,-0.24390243902439046,-6.674272675413572,-6.674272675413572,7.151589242053791,0.0,0.06645569620253164,False,False,False
9142,九州旅客鉄道,2026-09-07,3543.0,3670.0,3853.0,3596.2,3512.24,708360.0,3524.0,3533.0,3518.0,3524.0,44800.0,-0.53626869884279,-0.53626869884279,0.0,-3.9782016348773874,-8.538800934336876,9.335981838819517,4.986376021798367,0.06324467784742221,False,False,False
9143,ＳＧホールディングス,2026-09-07,1466.5,1649.0,1675.0,1481.0,1546.84,1477400.0,1460.0,1462.0,1453.5,1455.5,146500.0,-0.7500852369587419,-0.44323218547561716,-0.3082191780821919,-11.734384475439663,-13.104477611940302,15.080728272071454,1.5767131594905948,0.09916068769459863,False,False,False
9145,ビーイングホールディングス,2026-09-07,583.0,610.0,610.0,579.8,578.24,12980.0,585.0,590.0,583.0,583.0,10800.0,0.0,0.34305317324185847,-0.34188034188034067,-4.426229508196721,-4.426229508196721,4.631217838765012,0.0,0.8320493066255779,False,False,False
9147,ＮＩＰＰＯＮ　ＥＸＰＲＥＳＳホールディングス,2026-09-07,5634.0,5866.0,5866.0,5655.2,5549.2,996980.0,5568.0,5577.0,5548.0,5574.0,50200.0,-1.0649627263045747,-1.1714589989350377,0.10775862068965747,-4.97783839072622,-4.97783839072622,5.23860782203085,0.0,0.05035206323095749,True,False,False
9158,シーユーシー,2026-09-07,766.0,766.0,800.0,753.8,737.0,30020.0,762.0,762.0,762.0,766.0,18200.0,0.0,-0.5221932114882533,0.5249343832020914,0.0,-4.249999999999998,4.438642297650142,4.438642297650142,0.6062624916722186,True,False,False
9159,Ｗ　ＴＯＫＹＯ,2026-09-07,1989.0,2068.0,2068.0,1993.0,1938.76,2180.0,1967.0,1989.0,1967.0,1989.0,2400.0,0.0,-1.1060834590246316,1.1184544992374201,-3.8201160541586066,-3.8201160541586066,3.9718451483157446,0.0,1.1009174311926606,True,False,False
9160,オンザページ,2026-09-07,332.0,336.0,336.0,329.8,320.56,35580.0,331.0,331.0,331.0,331.0,6700.0,-0.3012048192771122,-0.3012048192771122,0.0,-1.4880952380952328,-1.4880952380952328,1.5105740181268867,0.0,0.1883080382237212,False,False,False
9162,ブリーチ,2026-09-07,230.0,234.0,239.0,229.4,229.76,9480.0,229.0,231.0,229.0,230.0,3500.0,0.0,-0.43478260869564966,0.4366812227074135,-1.7094017094017144,-3.765690376569042,3.913043478260869,2.136752136752129,0.3691983122362869,True,False,False
9163,ナレルグループ,2026-09-07,2343.0,2426.0,2426.0,2359.4,2351.36,16520.0,2340.0,2340.0,2330.0,2343.0,15800.0,0.0,-0.1280409731113985,0.12820512820512775,-3.42126957955482,-3.42126957955482,3.5424669227486216,0.0,0.9564164648910412,True,False,False
9165,クオルテック,2026-09-07,1703.0,1755.0,1790.0,1721.4,1710.76,4700.0,1703.0,1703.0,1703.0,1703.0,2900.0,0.0,0.0,0.0,-2.9629629629629672,-4.8603351955307295,5.108631826189081,1.9943019943019946,0.6170212765957447,False,False,False
9166,ＧＥＮＤＡ,2026-09-07,741.0,828.0,828.0,724.2,716.44,1380920.0,738.0,738.0,725.0,736.0,70500.0,-0.6747638326585648,-0.4048582995951455,-0.27100271002710175,-11.111111111111116,-11.111111111111116,12.5,0.0,0.051052921240911854,False,False,False
9168,ライズ・コンサルティング・グループ,2026-09-07,425.0,436.0,436.0,426.4,412.2,103140.0,425.0,425.0,421.0,422.0,8100.0,-0.7058823529411784,0.0,-0.7058823529411784,-3.2110091743119296,-3.2110091743119296,3.3175355450236976,0.0,0.07853403141361257,False,False,False
9171,栗林商船,2026-09-07,1497.0,1591.0,1766.0,1502.0,1558.16,1680.0,1494.0,1494.0,1494.0,1497.0,1500.0,0.0,-0.2004008016032066,0.20080321285140812,-5.908233815210561,-15.232163080407702,17.9692718770875,10.999371464487751,0.8928571428571429,True,False,False
9173,東海汽船,2026-09-07,2816.0,2885.0,2938.0,2818.8,2821.0,980.0,2804.0,2804.0,2804.0,2816.0,1700.0,0.0,-0.42613636363636465,0.42796005706133844,-2.3916811091854395,-4.152484683458136,4.3323863636363535,1.8370883882149025,1.7346938775510203,True,False,False
9193,東京汽船,2026-09-07,882.0,908.0,908.0,880.2,876.32,6920.0,882.0,882.0,881.0,882.0,11500.0,0.0,0.0,0.0,-2.8634361233480177,-2.8634361233480177,2.947845804988658,0.0,1.6618497109826589,False,False,False
9201,日本航空,2026-09-07,2996.0,3088.0,3088.0,2981.6,3013.5,1940380.0,2990.0,2990.0,2976.0,2980.0,116500.0,-0.5340453938584733,-0.20026702269693164,-0.33444816053511683,-3.497409326424872,-3.497409326424872,3.624161073825505,0.0,0.0600397860212948,False,False,False
92015,日本航空株式会社第１回社債型種類株式,2026-09-07,10150.0,10360.0,10360.0,10186.0,10244.0,3120.0,10200.0,10200.0,10150.0,10150.0,2800.0,0.0,0.49261083743843415,-0.4901960784313708,-2.0270270270270285,-2.0270270270270285,2.0689655172413834,0.0,0.8974358974358975,False,False,False
9202,ＡＮＡホールディングス,2026-09-07,2983.5,3144.0,3221.0,2988.0,3063.6,2515900.0,2983.5,2992.5,2977.0,2980.0,144800.0,-0.11731188201776765,0.0,-0.11731188201776765,-5.216284987277353,-7.48214840111766,8.087248322147644,2.449109414758266,0.05755395683453238,False,False,False
92025,ＡＮＡホールディングス第１回社債型種類株式,2026-09-07,4781.0,4810.0,4810.0,4779.6,4789.96,3060.0,4810.0,4810.0,4781.0,4781.0,3200.0,0.0,0.606567663668689,-0.6029106029106002,-0.6029106029106002,-0.6029106029106002,0.606567663668689,0.0,1.0457516339869282,False,False,False
9204,スカイマーク,2026-09-07,419.0,431.0,431.0,417.2,417.56,51880.0,419.0,419.0,419.0,419.0,56100.0,0.0,0.0,0.0,-2.784222737819031,-2.784222737819031,2.863961813842475,0.0,1.0813415574402467,False,False,False
9206,スターフライヤー,2026-09-07,1960.0,2000.0,2000.0,1968.0,1944.48,1480.0,1960.0,1960.0,1960.0,1960.0,1500.0,0.0,0.0,0.0,-2.0000000000000018,-2.0000000000000018,2.0408163265306145,0.0,1.0135135135135136,False,False,False
9211,エフ・コード,2026-09-07,1455.0,1620.0,1620.0,1424.2,1476.28,105380.0,1450.0,1450.0,1428.0,1432.0,4400.0,-1.58075601374571,-0.3436426116838476,-1.2413793103448256,-11.604938271604937,-11.604938271604937,13.128491620111738,0.0,0.04175365344467641,False,False,False
9212,Ｇｒｅｅｎ　Ｅａｒｔｈ　Ｉｎｓｔｉｔｕｔｅ,2026-09-07,262.0,295.0,295.0,266.8,267.68,37360.0,262.0,262.0,262.0,262.0,6000.0,0.0,0.0,0.0,-11.186440677966104,-11.186440677966104,12.595419847328237,0.0,0.16059957173447537,False,False,False
9213,セイファート,2026-09-07,1002.0,1091.0,1091.0,1035.4,1043.32,2320.0,1000.0,1030.0,1000.0,1002.0,11000.0,0.0,-0.1996007984031989,0.20000000000000018,-8.157653528872599,-8.157653528872599,8.882235528942118,0.0,4.741379310344827,True,False,False
9214,Ｒｅｃｏｖｅｒｙ　Ｉｎｔｅｒｎａｔｉｏｎａｌ,2026-09-07,1313.0,1313.0,1313.0,1276.0,1283.64,1780.0,1281.0,1313.0,1281.0,1313.0,1200.0,0.0,-2.437166793602441,2.4980483996877467,0.0,0.0,0.0,0.0,0.6741573033707865,True,False,False
9215,ＣａＳｙ,2026-09-07,1003.0,1011.0,1011.0,998.0,961.04,2000.0,1003.0,1003.0,1003.0,1003.0,2200.0,0.0,0.0,0.0,-0.7912957467853587,-0.7912957467853587,0.7976071784645988,0.0,1.1,False,False,False
9216,ビーウィズ,2026-09-07,1649.0,1730.0,1730.0,1662.4,1663.76,21820.0,1644.0,1645.0,1644.0,1645.0,1700.0,-0.24257125530624535,-0.3032140691328067,0.06082725060827521,-4.913294797687861,-4.913294797687861,5.167173252279644,0.0,0.07791017415215398,True,False,False
9218,メンタルヘルステクノロジーズ,2026-09-07,780.0,797.0,797.0,779.6,766.0,26400.0,780.0,780.0,775.0,777.0,3600.0,-0.38461538461538325,0.0,-0.38461538461538325,-2.509410288582181,-2.509410288582181,2.5740025740025763,0.0,0.13636363636363635,False,False,False
9219,ギックス,2026-09-07,908.0,920.0,920.0,900.0,886.16,8100.0,908.0,908.0,908.0,908.0,13200.0,0.0,0.0,0.0,-1.30434782608696,-1.30434782608696,1.3215859030837107,0.0,1.6296296296296295,False,False,False
9220,エフビー介護サービス,2026-09-07,1294.0,1325.0,1325.0,1298.0,1253.96,1140.0,1300.0,1320.0,1300.0,1320.0,900.0,2.0092735703245657,0.46367851622874934,1.538461538461533,-0.37735849056603765,-0.37735849056603765,0.37878787878788955,0.0,0.7894736842105263,True,False,False
9221,フルハシＥＰＯ,2026-09-07,1181.0,1255.0,1275.0,1188.0,1184.24,79940.0,1195.0,1195.0,1185.0,1189.0,6600.0,0.6773920406435208,1.1854360711261558,-0.5020920502092019,-5.258964143426292,-6.745098039215691,7.23296888141296,1.5936254980079667,0.08256192144108081,False,False,False
9223,ＡＳＮＯＶＡ,2026-09-07,437.0,457.0,459.0,438.2,444.08,11320.0,433.0,437.0,433.0,437.0,4900.0,0.0,-0.9153318077803174,0.9237875288683695,-4.37636761487965,-4.793028322440085,5.034324942791768,0.4376367614879584,0.43286219081272087,True,False,False
9225,ブリッジコンサルティンググループ,2026-09-07,970.0,988.0,999.0,973.0,973.36,800.0,970.0,970.0,970.0,970.0,1600.0,0.0,0.0,0.0,-1.8218623481781382,-2.902902902902904,2.989690721649474,1.1133603238866474,2.0,False,False,False
9227,マイクロ波化学,2026-09-07,846.0,1015.0,1041.0,854.4,904.44,161220.0,843.0,845.0,840.0,843.0,8700.0,-0.35460992907800915,-0.35460992907800915,0.0,-16.945812807881776,-19.020172910662826,23.487544483985758,2.5615763546797954,0.053963528098250835,False,False,False
9229,サンウェルズ,2026-09-07,114.0,126.0,135.0,113.8,115.76,153100.0,111.0,112.0,111.0,112.0,2400.0,-1.7543859649122862,-2.631578947368418,0.9009009009008917,-11.111111111111116,-17.037037037037038,20.535714285714278,7.14285714285714,0.015676028739386023,True,False,False
9233,アジア航測,2026-09-07,1164.0,1184.0,1184.0,1163.8,1148.44,13440.0,1163.0,1163.0,1158.0,1164.0,17500.0,0.0,-0.0859106529209619,0.08598452278589797,-1.6891891891891886,-1.6891891891891886,1.7182130584192379,0.0,1.3020833333333333,True,False,False
9235,売れるネット広告社グループ,2026-09-07,486.0,513.0,520.0,480.2,494.6,26860.0,479.0,486.0,476.0,486.0,17200.0,0.0,-1.4403292181069949,1.4613778705636848,-5.263157894736848,-6.538461538461537,6.995884773662553,1.3645224171539905,0.6403574087862993,True,False,False
9236,ジャパンＭ＆Ａソリューション,2026-09-07,1436.0,1444.0,1444.0,1416.8,1309.72,1880.0,1435.0,1435.0,1435.0,1436.0,4900.0,0.0,-0.0696378830083555,0.06968641114981633,-0.5540166204986097,-0.5540166204986097,0.557103064066844,0.0,2.606382978723404,True,False,False
9237,笑美面,2026-09-07,989.0,1010.0,1010.0,980.6,904.32,13080.0,991.0,991.0,974.0,987.0,1600.0,-0.2022244691607722,0.2022244691607611,-0.4036326942482349,-2.2772277227722793,-2.2772277227722793,2.3302938196555267,0.0,0.12232415902140673,False,False,False
9238,バリュークリエーション,2026-09-07,385.0,450.0,466.0,386.0,396.96,3900.0,384.0,384.0,381.0,385.0,4200.0,0.0,-0.2597402597402598,0.26041666666667407,-14.444444444444448,-17.381974248927033,21.038961038961034,3.5555555555555562,1.0769230769230769,True,False,False
9240,デリバリーコンサルティング,2026-09-07,415.0,460.0,460.0,418.2,418.64,5600.0,415.0,415.0,411.0,411.0,3900.0,-0.9638554216867434,0.0,-0.9638554216867434,-10.652173913043484,-10.652173913043484,11.922141119221408,0.0,0.6964285714285714,False,False,False
9241,フューチャーリンクネットワーク,2026-09-07,1291.0,1549.0,1549.0,1263.8,1418.96,1800.0,1280.0,1290.0,1280.0,1291.0,2100.0,0.0,-0.8520526723470145,0.8593749999999956,-16.655907036797934,-16.655907036797934,19.98450813323005,0.0,1.1666666666666667,True,False,False
9242,メディア総研,2026-09-07,1940.0,1945.0,2027.0,1934.4,1892.04,1060.0,1943.0,1943.0,1943.0,1940.0,1700.0,0.0,0.1546391752577314,-0.15440041173443442,-0.25706940874036244,-4.2920572274297015,4.484536082474233,4.215938303341904,1.6037735849056605,False,False,False
9244,デジタリフト,2026-09-07,1430.0,1488.0,1488.0,1429.8,1319.8,6180.0,1435.0,1435.0,1430.0,1430.0,900.0,0.0,0.34965034965035446,-0.34843205574912606,-3.897849462365588,-3.897849462365588,4.05594405594405,0.0,0.14563106796116504,False,False,False
9245,リベロ,2026-09-07,1954.0,2140.0,2150.0,1957.8,2018.12,3600.0,1959.0,1959.0,1959.0,1954.0,2500.0,0.0,0.2558853633572111,-0.2552322613578406,-8.691588785046733,-9.11627906976744,10.030706243602872,0.4672897196261738,0.6944444444444444,False,False,False
9246,プロジェクトホールディングス,2026-09-07,1108.0,1139.0,1139.0,1116.8,1098.44,900.0,1131.0,1131.0,1108.0,1108.0,2000.0,0.0,2.0758122743682383,-2.0335985853227267,-2.721685689201059,-2.721685689201059,2.797833935018046,0.0,2.2222222222222223,False,False,False
9247,ＴＲＥホールディングス,2026-09-07,1810.0,2115.0,2148.0,1828.2,1946.4,297020.0,1810.0,1831.0,1807.0,1830.0,14400.0,1.104972375690605,0.0,1.104972375690605,-13.475177304964536,-14.804469273743015,17.377049180327873,1.5602836879432536,0.04848158373173524,True,False,False
9248,人・夢・技術グループ,2026-09-07,1683.0,1799.0,1799.0,1710.8,1671.92,20360.0,1688.0,1688.0,1679.0,1679.0,1500.0,-0.2376708259061222,0.2970885323826611,-0.5331753554502328,-6.6703724291272914,-6.6703724291272914,7.1471113758189375,0.0,0.07367387033398821,False,False,False
9249,日本エコシステム,2026-09-07,1679.0,1685.0,1685.0,1675.6,1656.32,5380.0,1679.0,1679.0,1679.0,1679.0,1800.0,0.0,0.0,0.0,-0.3560830860534159,-0.3560830860534159,0.3573555687909513,0.0,0.3345724907063197,False,False,False
9250,ＧＲＣＳ,2026-09-07,1014.0,1014.0,1014.0,994.6,924.64,1040.0,984.0,984.0,984.0,1014.0,1800.0,0.0,-2.9585798816568087,3.0487804878048808,0.0,0.0,0.0,0.0,1.7307692307692308,True,False,False
9251,ＡＢ＆Ｃｏｍｐａｎｙ,2026-09-07,1537.0,1600.0,1600.0,1561.8,1476.16,39660.0,1530.0,1530.0,1528.0,1537.0,63600.0,0.0,-0.45543266102797686,0.4575163398692794,-3.937500000000005,-3.937500000000005,4.098893949251781,0.0,1.6036308623298032,True,False,False
9252,ラストワンマイル,2026-09-07,4020.0,4060.0,4060.0,3980.0,3852.0,6740.0,4025.0,4060.0,4020.0,4020.0,4200.0,0.0,0.12437810945273853,-0.1242236024844745,-0.9852216748768461,-0.9852216748768461,0.995024875621886,0.0,0.6231454005934718,False,False,False
9253,スローガン,2026-09-07,733.0,752.0,752.0,738.2,728.28,240.0,733.0,733.0,733.0,733.0,200.0,0.0,0.0,0.0,-2.5265957446808485,-2.5265957446808485,2.592087312414737,0.0,0.8333333333333334,False,False,False
9254,ラバブルマーケティンググループ,2026-09-07,1103.0,1178.0,1178.0,1105.4,1129.36,2620.0,1104.0,1107.0,1104.0,1103.0,900.0,0.0,0.09066183136898776,-0.09057971014492239,-6.366723259762308,-6.366723259762308,6.799637352674526,0.0,0.3435114503816794,False,False,False
9256,サクシード,2026-09-07,1042.0,1383.0,2631.0,1071.2,1193.92,46760.0,1049.0,1049.0,1040.0,1040.0,1100.0,-0.19193857965451588,0.6717850287907945,-0.8579599618684486,-24.801156905278376,-60.471303686811105,152.98076923076925,90.23861171366593,0.02352437981180496,False,False,False
9258,ＣＳ－Ｃ,2026-09-07,311.0,314.0,359.0,309.6,309.64,10400.0,307.0,307.0,307.0,307.0,100.0,-1.2861736334405127,-1.2861736334405127,0.0,-2.2292993630573243,-14.484679665738165,16.938110749185675,14.33121019108281,0.009615384615384616,False,False,False
9259,タカヨシホールディングス,2026-09-07,860.0,885.0,908.0,853.0,852.52,6360.0,852.0,860.0,850.0,860.0,10900.0,0.0,-0.9302325581395321,0.9389671361502261,-2.824858757062143,-5.286343612334798,5.581395348837215,2.598870056497171,1.7138364779874213,True,False,False
9262,シルバーライフ,2026-09-07,687.0,707.0,707.0,686.2,675.32,17420.0,683.0,690.0,683.0,683.0,2400.0,-0.5822416302765698,-0.5822416302765698,0.0,-3.3946251768033897,-3.3946251768033897,3.513909224011713,0.0,0.1377726750861079,False,False,False
9264,ポエック,2026-09-07,1599.0,1780.0,1780.0,1614.4,1712.8,20340.0,1603.0,1603.0,1595.0,1595.0,3900.0,-0.250156347717323,0.250156347717323,-0.49906425452277414,-10.39325842696629,-10.39325842696629,11.598746081504707,0.0,0.19174041297935104,False,False,False
9265,ヤマシタヘルスケアホールディングス,2026-09-07,3560.0,3760.0,3760.0,3625.0,3605.4,8340.0,3560.0,3560.0,3560.0,3560.0,39200.0,0.0,0.0,0.0,-5.319148936170215,-5.319148936170215,5.617977528089879,0.0,4.700239808153477,False,False,False
9267,Ｇｅｎｋｙ　ＤｒｕｇＳｔｏｒｅｓ,2026-09-07,3595.0,3800.0,4185.0,3583.0,3620.4,94860.0,3575.0,3585.0,3550.0,3570.0,4300.0,-0.6954102920723182,-0.5563282336578546,-0.13986013986013734,-6.052631578947365,-14.69534050179212,17.226890756302527,10.131578947368425,0.045329959940965635,False,False,False
9268,オプティマスグループ,2026-09-07,412.0,444.0,448.0,416.4,424.84,209240.0,412.0,412.0,406.0,407.0,26000.0,-1.2135922330097082,0.0,-1.2135922330097082,-8.333333333333337,-9.15178571428571,10.073710073710075,0.9009009009008917,0.12425922385777098,False,False,False
9270,バリュエンスホールディングス,2026-09-07,2035.0,2214.0,2214.0,2040.0,2032.52,58700.0,2030.0,2030.0,2030.0,2035.0,30600.0,0.0,-0.24570024570024218,0.24630541871921707,-8.084914182475156,-8.084914182475156,8.796068796068802,0.0,0.5212947189097104,True,False,False
9271,和心,2026-09-07,950.0,1164.0,1164.0,963.6,1008.64,15420.0,950.0,950.0,949.0,950.0,13800.0,0.0,0.0,0.0,-18.384879725085913,-18.384879725085913,22.526315789473685,0.0,0.8949416342412452,False,False,False
9272,ブティックス,2026-09-07,1418.0,1497.0,1564.0,1435.2,1426.88,6900.0,1424.0,1424.0,1424.0,1418.0,6100.0,0.0,0.42313117066290484,-0.4213483146067398,-5.277221108884433,-9.335038363171355,10.29619181946404,4.475617902471618,0.8840579710144928,False,False,False
9273,コーア商事ホールディングス,2026-09-07,756.0,788.0,796.0,762.8,769.44,54380.0,754.0,754.0,751.0,752.0,9000.0,-0.5291005291005346,-0.2645502645502673,-0.2652519893899252,-4.5685279187817285,-5.527638190954775,5.85106382978724,1.0152284263959421,0.16550202280250093,False,False,False
9274,ＫＰＰグループホールディングス,2026-09-07,1081.0,1137.0,1137.0,1093.2,1098.48,318840.0,1080.0,1081.0,1078.0,1081.0,65100.0,0.0,-0.09250693802035359,0.09259259259259967,-4.925241864555852,-4.925241864555852,5.18038852913969,0.0,0.20417764395935264,True,False,False
9278,ブックオフグループホールディングス,2026-09-07,2849.0,3160.0,3160.0,2956.6,2923.64,122920.0,2825.0,2859.0,2820.0,2859.0,6700.0,0.3510003510003523,-0.8424008424008478,1.2035398230088479,-9.525316455696197,-9.525316455696197,10.528156698146196,0.0,0.054506996420436056,True,False,False
9279,ギフトホールディングス,2026-09-07,2328.0,2715.0,2740.0,2378.6,2549.76,219620.0,2305.0,2314.0,2304.0,2306.0,14300.0,-0.9450171821305808,-0.9879725085910618,0.04338394793925726,-15.064456721915287,-15.839416058394162,18.820468343451857,0.9208103130755152,0.06511246698843456,True,False,False
9301,三菱倉庫,2026-09-07,1546.0,1560.0,1651.5,1534.5,1513.9,877120.0,1538.5,1543.5,1526.0,1532.5,86000.0,-0.8732212160413977,-0.48512289780077156,-0.38999025024374356,-1.7628205128205177,-7.205570693309116,7.765089722675378,5.865384615384617,0.09804815760671289,False,False,False
9302,三井倉庫ホールディングス,2026-09-07,3363.0,3400.0,3784.0,3336.4,3332.2,184680.0,3363.0,3368.0,3356.0,3360.0,10300.0,-0.0892060660124927,0.0,-0.0892060660124927,-1.17647058823529,-11.205073995771675,12.619047619047619,11.294117647058833,0.05577214641542127,False,False,False
9303,住友倉庫,2026-09-07,4145.0,4285.0,4285.0,4196.0,4132.8,94960.0,4115.0,4120.0,4100.0,4105.0,4100.0,-0.965018094089265,-0.7237635705669487,-0.2430133657351119,-4.200700116686118,-4.200700116686118,4.384896467722288,0.0,0.04317607413647852,False,False,False
9304,澁澤倉庫,2026-09-07,2026.0,2184.0,2184.0,2066.6,1998.64,199040.0,2009.0,2013.0,1998.0,2008.0,16400.0,-0.8884501480750262,-0.8390918065153019,-0.04977600796416404,-8.058608058608064,-8.058608058608064,8.764940239043817,0.0,0.08239549839228295,False,False,False
9305,ヤマタネ,2026-09-07,2059.0,2156.0,2195.0,2060.0,2073.8,59640.0,2059.0,2061.0,2047.0,2047.0,11200.0,-0.5828071879553143,0.0,-0.5828071879553143,-5.055658627087201,-6.742596810933943,7.230092818759171,1.8089053803339583,0.18779342723004694,False,False,False
9306,東陽倉庫,2026-09-07,1997.0,2054.0,2077.0,2006.0,2005.52,3780.0,2005.0,2006.0,2001.0,1997.0,5000.0,0.0,0.40060090135203286,-0.39900249376558783,-2.7750730282375846,-3.8517091959557104,4.006009013520284,1.1197663096397248,1.3227513227513228,False,False,False
9307,杉村倉庫,2026-09-07,970.0,1002.0,1058.0,979.8,983.84,2160.0,980.0,980.0,980.0,970.0,1500.0,0.0,1.0309278350515427,-1.0204081632653073,-3.1936127744510934,-8.317580340264652,9.072164948453597,5.588822355289413,0.6944444444444444,False,False,False
9308,乾汽船,2026-09-07,2086.0,2180.0,2180.0,2115.0,2071.92,80500.0,2050.0,2053.0,2031.0,2050.0,4600.0,-1.7257909875359578,-1.7257909875359578,0.0,-5.9633027522935755,-5.9633027522935755,6.341463414634152,0.0,0.05714285714285714,False,False,False
9310,日本トランスシティ,2026-09-07,1392.0,1479.0,1479.0,1411.4,1405.0,72640.0,1378.0,1378.0,1362.0,1362.0,5200.0,-2.155172413793105,-1.0057471264367845,-1.1611030478954953,-7.9107505070993955,-7.9107505070993955,8.590308370044042,0.0,0.07158590308370044,False,False,False
9312,ケイヒン,2026-09-07,2872.0,2930.0,2930.0,2863.0,2854.28,5300.0,2889.0,2889.0,2889.0,2872.0,5800.0,0.0,0.5919220055710328,-0.5884389061959205,-1.9795221843003419,-1.9795221843003419,2.0194986072423315,0.0,1.0943396226415094,False,False,False
9313,丸八倉庫,2026-09-07,1038.0,1068.0,1095.0,1042.6,1049.24,980.0,1034.0,1034.0,1034.0,1038.0,1300.0,0.0,-0.3853564547206201,0.3868471953578423,-2.8089887640449396,-5.205479452054796,5.491329479768781,2.528089887640439,1.3265306122448979,True,False,False
9319,中央倉庫,2026-09-07,1777.0,1895.0,1895.0,1809.4,1795.16,18140.0,1777.0,1783.0,1765.0,1777.0,19700.0,0.0,0.0,0.0,-6.226912928759898,-6.226912928759898,6.640405177265052,0.0,1.0859977949283353,False,False,False
9322,川西倉庫,2026-09-07,2413.0,2550.0,2550.0,2489.4,2464.4,32180.0,2447.0,2447.0,2438.0,2413.0,59200.0,0.0,1.4090343970161623,-1.389456477319162,-5.372549019607842,-5.372549019607842,5.677579776212194,0.0,1.8396519577377253,False,False,False
9324,安田倉庫,2026-09-07,2569.0,2607.0,2608.0,2534.2,2527.28,106440.0,2557.0,2560.0,2552.0,2569.0,68200.0,0.0,-0.46710782405605666,0.46929996089166703,-1.4576141158419653,-1.4953987730061402,1.5181004281821675,0.03835826620637306,0.6407365652010523,True,False,False
9325,ファイズホールディングス,2026-09-07,1059.0,1122.0,1155.0,1068.0,1079.16,9720.0,1074.0,1074.0,1066.0,1059.0,8800.0,0.0,1.4164305949008416,-1.3966480446927387,-5.614973262032086,-8.311688311688314,9.065155807365443,2.941176470588225,0.9053497942386831,False,False,False
9326,関通ホールディングス,2026-09-07,485.0,502.0,502.0,489.0,496.24,8720.0,485.0,486.0,485.0,486.0,500.0,0.20618556701030855,0.0,0.20618556701030855,-3.1872509960159334,-3.1872509960159334,3.292181069958855,0.0,0.05733944954128441,True,False,False
9327,イー・ロジット,2026-09-07,188.0,205.0,205.0,188.8,190.24,4540.0,187.0,187.0,187.0,188.0,4000.0,0.0,-0.5319148936170248,0.5347593582887722,-8.292682926829265,-8.292682926829265,9.042553191489366,0.0,0.8810572687224669,True,False,False
9330,揚羽,2026-09-07,885.0,890.0,890.0,883.8,875.0,1320.0,884.0,884.0,884.0,885.0,2200.0,0.0,-0.1129943502824804,0.11312217194570096,-0.5617977528089901,-0.5617977528089901,0.5649717514124353,0.0,1.6666666666666667,True,False,False
9331,キャスター,2026-09-07,722.0,753.0,761.0,724.0,737.28,460.0,722.0,722.0,722.0,722.0,400.0,0.0,0.0,0.0,-4.116865869853914,-5.124835742444156,5.4016620498615,1.0624169986719778,0.8695652173913043,False,False,False
9332,ＮＩＳＳＯホールディングス,2026-09-07,677.0,693.0,693.0,682.4,655.48,79960.0,673.0,673.0,668.0,668.0,20200.0,-1.3293943870014813,-0.5908419497784312,-0.7429420505200568,-3.6075036075036038,-3.6075036075036038,3.7425149700598848,0.0,0.2526263131565783,False,False,False
9336,大栄環境,2026-09-07,3785.0,3980.0,3980.0,3780.0,3765.4,125960.0,3740.0,3760.0,3720.0,3750.0,21200.0,-0.9247027741083214,-1.1889035667106973,0.2673796791443861,-5.778894472361806,-5.778894472361806,6.133333333333324,0.0,0.16830739917434107,True,False,False
9337,トリドリ,2026-09-07,1456.0,1750.0,1798.0,1444.0,1509.48,26480.0,1456.0,1456.0,1430.0,1456.0,18000.0,0.0,0.0,0.0,-16.800000000000004,-19.021134593993327,23.489010989010993,2.7428571428571358,0.6797583081570997,False,False,False
9339,コーチ・エィ,2026-09-07,1432.0,1445.0,1445.0,1433.8,1415.16,1040.0,1434.0,1434.0,1432.0,1432.0,1900.0,0.0,0.13966480446927498,-0.1394700139469962,-0.899653979238757,-0.899653979238757,0.9078212290502874,0.0,1.8269230769230769,False,False,False
9340,アソインターナショナル,2026-09-07,802.0,810.0,810.0,772.8,727.36,16020.0,810.0,810.0,802.0,802.0,3800.0,0.0,0.9975062344139696,-0.987654320987652,-0.987654320987652,-0.987654320987652,0.9975062344139696,0.0,0.23720349563046192,False,False,False
9341,ＧＥＮＯＶＡ,2026-09-07,620.0,675.0,675.0,628.2,628.68,85440.0,620.0,620.0,613.0,617.0,13300.0,-0.4838709677419395,0.0,-0.4838709677419395,-8.592592592592595,-8.592592592592595,9.400324149108584,0.0,0.15566479400749064,False,False,False
9342,スマサポ,2026-09-07,995.0,995.0,995.0,983.2,948.08,1840.0,993.0,993.0,993.0,993.0,200.0,-0.20100502512563345,-0.20100502512563345,0.0,-0.20100502512563345,-0.20100502512563345,0.20140986908359082,0.0,0.10869565217391304,False,False,False
9343,アイビス,2026-09-07,792.0,851.0,851.0,806.4,787.56,92680.0,792.0,792.0,781.0,781.0,7800.0,-1.388888888888884,0.0,-1.388888888888884,-8.225616921269097,-8.225616921269097,8.962868117797695,0.0,0.08416055243849806,False,False,False
9344,アクシスコンサルティング,2026-09-07,1318.0,1418.0,1418.0,1318.0,1167.52,19700.0,1312.0,1313.0,1312.0,1318.0,19200.0,0.0,-0.4552352048558417,0.45731707317073766,-7.052186177715091,-7.052186177715091,7.587253414264028,0.0,0.9746192893401016,True,False,False
9345,ビズメイツ,2026-09-07,600.0,635.0,660.0,591.4,608.56,1060.0,595.0,600.0,595.0,600.0,400.0,0.0,-0.8333333333333304,0.8403361344537785,-5.511811023622048,-9.090909090909093,10.000000000000009,3.937007874015741,0.37735849056603776,True,False,False
9346,ココルポート,2026-09-07,1900.0,1940.0,1940.0,1890.2,1792.96,10700.0,1903.0,1903.0,1903.0,1900.0,10400.0,0.0,0.15789473684211242,-0.15764582238571023,-2.0618556701030966,-2.0618556701030966,2.1052631578947434,0.0,0.9719626168224299,False,False,False
9347,日本管財ホールディングス,2026-09-07,2873.0,2947.0,2947.0,2879.2,2844.48,89620.0,2864.0,2886.0,2858.0,2884.0,33000.0,0.38287504350853485,-0.3132613992342548,0.6983240223463749,-2.137767220902609,-2.137767220902609,2.184466019417486,0.0,0.3682213791564383,True,False,False
9348,ｉｓｐａｃｅ,2026-09-07,417.0,446.0,446.0,418.6,423.0,564600.0,415.0,416.0,413.0,416.0,117900.0,-0.23980815347721673,-0.47961630695443347,0.24096385542169418,-6.726457399103136,-6.726457399103136,7.211538461538458,0.0,0.20882040382571732,True,False,False
9351,東洋埠頭,2026-09-07,1950.0,1959.0,1959.0,1937.8,1882.44,3460.0,1958.0,1958.0,1940.0,1940.0,1200.0,-0.512820512820511,0.41025641025640436,-0.9193054136874323,-0.9698825931597765,-0.9698825931597765,0.9793814432989656,0.0,0.3468208092485549,False,False,False
9353,櫻島埠頭,2026-09-07,2986.0,3020.0,3055.0,2988.8,2927.96,740.0,2982.0,2990.0,2982.0,2986.0,400.0,0.0,-0.13395847287340779,0.13413816230718467,-1.1258278145695355,-2.2585924713584338,2.3107836570663176,1.1589403973509826,0.5405405405405406,True,False,False
9355,リンコーコーポレーション,2026-09-07,2210.0,2268.0,2313.0,2212.8,2225.68,940.0,2211.0,2211.0,2211.0,2210.0,1500.0,0.0,0.04524886877828038,-0.045228403437358455,-2.5573192239858877,-4.453091223519234,4.660633484162902,1.984126984126977,1.5957446808510638,False,False,False
9360,鈴与シンワート,2026-09-07,2771.0,2840.0,2997.0,2760.2,2800.44,1360.0,2771.0,2771.0,2771.0,2771.0,1900.0,0.0,0.0,0.0,-2.4295774647887347,-7.54087420754087,8.155900396968608,5.528169014084505,1.3970588235294117,False,False,False
9362,兵機海運,2026-09-07,3755.0,3800.0,3800.0,3709.0,3683.8,880.0,3680.0,3800.0,3680.0,3755.0,2200.0,0.0,-1.9973368841544659,2.0380434782608647,-1.1842105263157876,-1.1842105263157876,1.1984021304926706,0.0,2.5,True,False,False
9363,大運,2026-09-07,530.0,555.0,555.0,528.2,537.12,5240.0,530.0,530.0,530.0,530.0,3700.0,0.0,0.0,0.0,-4.504504504504503,-4.504504504504503,4.716981132075482,0.0,0.7061068702290076,False,False,False
9364,上組,2026-09-07,4873.0,5069.0,5312.0,4869.4,4929.88,241440.0,4852.0,4860.0,4841.0,4846.0,19100.0,-0.5540734660373525,-0.4309460291401557,-0.12366034624896605,-4.399289800749651,-8.772590361445786,9.616178291374332,4.7938449398303495,0.07910868124585818,False,False,False
9365,トレーディア,2026-09-07,1640.0,1674.0,1715.0,1643.4,1640.32,440.0,1640.0,1640.0,1640.0,1640.0,300.0,0.0,0.0,0.0,-2.0310633213859064,-4.373177842565601,4.57317073170731,2.4492234169653626,0.6818181818181818,False,False,False
9366,サンリツ,2026-09-07,1124.0,1150.0,1150.0,1121.8,1090.76,7220.0,1118.0,1118.0,1113.0,1113.0,1300.0,-0.9786476868327454,-0.5338078291814985,-0.4472271914132353,-3.2173913043478275,-3.2173913043478275,3.3243486073674777,0.0,0.18005540166204986,False,False,False
9367,大東港運,2026-09-07,2030.0,2096.0,2096.0,2059.2,1998.64,1880.0,2030.0,2030.0,2030.0,2030.0,1400.0,0.0,0.0,0.0,-3.1488549618320594,-3.1488549618320594,3.25123152709359,0.0,0.7446808510638298,False,False,False
9368,キムラユニティー,2026-09-07,964.0,970.0,970.0,958.8,931.72,18340.0,966.0,966.0,962.0,964.0,29000.0,0.0,0.20746887966804906,-0.20703933747412417,-0.6185567010309256,-0.6185567010309256,0.6224066390041472,0.0,1.5812431842966195,False,False,False
9369,キユーソー流通システム,2026-09-07,3005.0,3245.0,3245.0,3038.4,3055.64,42100.0,2974.0,2974.0,2974.0,3005.0,30500.0,0.0,-1.0316139767054922,1.042367182246129,-7.395993836671799,-7.395993836671799,7.98668885191347,0.0,0.7244655581947743,True,False,False
9376,ユーラシア旅行社,2026-09-07,839.0,843.0,843.0,829.4,818.24,2740.0,839.0,839.0,828.0,828.0,800.0,-1.3110846245530383,0.0,-1.3110846245530383,-1.7793594306049876,-1.7793594306049876,1.8115942028985588,0.0,0.291970802919708,False,False,False
9380,東海運,2026-09-07,437.0,440.0,440.0,437.0,431.6,6580.0,438.0,438.0,436.0,437.0,14700.0,0.0,0.22883295194509046,-0.22831050228310223,-0.6818181818181834,-0.6818181818181834,0.6864988558352492,0.0,2.234042553191489,False,False,False
9381,エーアイテイー,2026-09-07,2319.0,2397.0,2397.0,2321.2,2334.12,24180.0,2307.0,2307.0,2301.0,2319.0,17900.0,0.0,-0.5174644243208237,0.5201560468140354,-3.254067584480602,-3.254067584480602,3.363518758085382,0.0,0.7402812241521919,True,False,False
9385,ショーエイコーポレーション,2026-09-07,750.0,777.0,794.0,751.8,755.32,5900.0,749.0,749.0,749.0,750.0,8200.0,0.0,-0.13333333333332975,0.1335113484646211,-3.474903474903479,-5.5415617128463435,5.8666666666666645,2.187902187902191,1.3898305084745763,True,False,False
9401,ＴＢＳホールディングス,2026-09-07,5894.0,6102.0,6369.0,5952.0,5887.2,265220.0,5835.0,5839.0,5816.0,5824.0,12400.0,-1.187648456057011,-1.0010179843909062,-0.18851756640959616,-4.555883316945264,-8.5570733239127,9.357829670329675,4.375614552605711,0.04675363848880175,False,False,False
9404,日本テレビホールディングス,2026-09-07,2979.0,3093.0,3103.0,3026.8,2953.34,504320.0,2960.0,3002.0,2956.0,2969.5,30800.0,-0.31889895938234103,-0.6377979187646821,0.3209459459459385,-3.992887164565151,-4.302288108282304,4.495706347870021,0.3233107015842229,0.06107233502538071,True,False,False
9405,朝日放送グループホールディングス,2026-09-07,874.0,891.0,891.0,879.6,837.36,69000.0,874.0,876.0,874.0,876.0,33300.0,0.22883295194509046,0.0,0.22883295194509046,-1.683501683501687,-1.683501683501687,1.7123287671232834,0.0,0.4826086956521739,True,False,False
9409,テレビ朝日ホールディングス,2026-09-07,3110.0,3180.0,3285.0,3131.0,3090.8,192600.0,3100.0,3100.0,3085.0,3110.0,215300.0,0.0,-0.3215434083601254,0.3225806451612856,-2.2012578616352196,-5.327245053272456,5.62700964630225,3.301886792452824,1.1178608515057114,True,False,False
9412,スカパーＪＳＡＴ,2026-09-07,2068.0,2445.0,2500.0,2030.8,2215.56,1929020.0,2053.0,2064.0,2035.0,2049.0,90000.0,-0.918762088974856,-0.7253384912959349,-0.1948368241597609,-16.196319018404903,-18.04,22.01073694485114,2.249488752556239,0.0466558148697266,False,False,False
9413,テレビ東京ホールディングス,2026-09-07,3390.0,3525.0,3715.0,3432.0,3401.0,55080.0,3390.0,3390.0,3370.0,3375.0,4100.0,-0.4424778761061954,0.0,-0.4424778761061954,-4.255319148936165,-9.152086137281291,10.07407407407408,5.390070921985823,0.07443718228031954,False,False,False
9414,日本ＢＳ放送,2026-09-07,903.0,932.0,932.0,903.6,917.04,44700.0,903.0,904.0,902.0,904.0,6100.0,0.11074197120708451,0.0,0.11074197120708451,-3.0042918454935674,-3.0042918454935674,3.0973451327433565,0.0,0.13646532438478748,True,False,False
9416,ビジョン,2026-09-07,1044.0,1072.0,1072.0,1046.4,1042.24,223320.0,1042.0,1045.0,1035.0,1037.0,48500.0,-0.6704980842911823,-0.19157088122605526,-0.4798464491362786,-3.264925373134331,-3.264925373134331,3.375120540019294,0.0,0.2171771449041734,False,False,False
9417,スマートバリュー,2026-09-07,342.0,367.0,367.0,342.6,339.48,4200.0,334.0,334.0,334.0,334.0,2500.0,-2.3391812865497075,-2.3391812865497075,0.0,-8.991825613079019,-8.991825613079019,9.880239520958089,0.0,0.5952380952380952,False,False,False
9418,Ｕ－ＮＥＸＴ　ＨＯＬＤＩＮＧＳ,2026-09-07,1731.0,1794.0,1811.0,1732.4,1732.88,431840.0,1728.0,1731.0,1712.0,1714.0,49800.0,-0.9820912767186551,-0.17331022530329143,-0.810185185185186,-4.4593088071348985,-5.356156819436775,5.659276546091019,0.9476031215161607,0.11532048907002594,False,False,False
9419,ワイヤレスゲート,2026-09-07,295.0,301.0,301.0,293.4,291.76,11820.0,293.0,296.0,292.0,295.0,13800.0,0.0,-0.6779661016949157,0.6825938566553003,-1.9933554817275767,-1.9933554817275767,2.033898305084736,0.0,1.16751269035533,True,False,False
9421,エヌジェイホールディングス,2026-09-07,514.0,515.0,515.0,513.2,506.64,1780.0,515.0,515.0,515.0,514.0,3400.0,0.0,0.1945525291828787,-0.1941747572815511,-0.1941747572815511,-0.1941747572815511,0.1945525291828787,0.0,1.9101123595505618,False,False,False
9423,フォーバル・リアルストレート,2026-09-07,104.0,107.0,107.0,104.2,104.52,112760.0,104.0,104.0,104.0,104.0,145600.0,0.0,0.0,0.0,-2.8037383177570097,-2.8037383177570097,2.8846153846153744,0.0,1.2912380276693862,False,False,False
9424,日本通信,2026-09-07,120.0,121.0,121.0,117.8,115.12,2365140.0,120.0,120.0,119.0,119.0,777700.0,-0.8333333333333304,0.0,-0.8333333333333304,-1.6528925619834656,-1.6528925619834656,1.680672268907557,0.0,0.32881774440413675,False,False,False
9425,ＲｅＹｕｕ　Ｊａｐａｎ,2026-09-07,248.0,309.0,309.0,256.2,227.12,1626320.0,244.0,248.0,243.0,247.0,51300.0,-0.40322580645161255,-1.6129032258064502,1.2295081967213184,-20.064724919093845,-20.064724919093845,25.101214574898776,0.0,0.031543607654090214,True,False,False
9428,クロップス,2026-09-07,1481.0,1589.0,1589.0,1482.6,1455.0,840.0,1475.0,1475.0,1475.0,1481.0,800.0,0.0,-0.4051316677920358,0.40677966101694274,-6.796727501573319,-6.796727501573319,7.292370020256578,0.0,0.9523809523809523,True,False,False
9432,ＮＴＴ,2026-09-07,168.8000030517578,176.0,176.0,173.0800018310547,163.88799926757812,221785780.0,168.0,168.8000030517578,167.39999389648438,168.5,19814700.0,-0.17772692318366312,-0.47393544863415515,0.29761904761904656,-4.261363636363635,-4.261363636363635,4.451038575667665,0.0,0.08934161604048736,True,False,False
9433,ＫＤＤＩ,2026-09-07,2961.0,3020.0,3121.0,2983.3,2902.1,6606640.0,2943.0,2953.5,2938.0,2945.0,428900.0,-0.5403579871664954,-0.6079027355623046,0.06795786612301402,-2.4834437086092676,-5.639218199295093,5.976230899830215,3.3443708609271594,0.06491953549762057,True,False,False
9434,ソフトバンク,2026-09-07,238.6000061035156,242.6000061035156,242.6000061035156,239.56000366210935,234.1320001220703,61512660.0,236.8000030517578,237.89999389648438,236.10000610351562,237.6999969482422,3334600.0,-0.37720416272032375,-0.7544019303071026,0.3800649851713356,-2.0197893783987064,-2.0197893783987064,2.061425838528863,0.0,0.05420997888889864,True,False,False
94345,ソフトバンク第１回社債型種類株式,2026-09-07,3800.0,3810.0,3810.0,3799.4,3800.6,5860.0,3800.0,3805.0,3794.0,3800.0,4600.0,0.0,0.0,0.0,-0.2624671916010457,-0.2624671916010457,0.2631578947368318,0.0,0.7849829351535836,False,False,False
94346,ソフトバンク第２回社債型種類株式,2026-09-07,7582.0,7600.0,7600.0,7583.8,7583.12,2600.0,7582.0,7582.0,7582.0,7582.0,7600.0,0.0,0.0,0.0,-0.23684210526315752,-0.23684210526315752,0.23740437879187226,0.0,2.923076923076923,False,False,False
9435,光通信,2026-09-07,38810.0,40980.0,40980.0,39244.0,39522.0,67240.0,38510.0,38550.0,38460.0,38460.0,3100.0,-0.9018294254058201,-0.7729966503478458,-0.12983640612828085,-6.149341142020493,-6.149341142020493,6.552262090483629,0.0,0.04610350981558596,False,False,False
9436,沖縄セルラー電話,2026-09-07,4190.0,4205.0,4205.0,4159.0,4075.8,102080.0,4190.0,4195.0,4170.0,4190.0,130900.0,0.0,0.0,0.0,-0.3567181926278251,-0.3567181926278251,0.35799522673030104,0.0,1.2823275862068966,False,False,False
9438,エムティーアイ,2026-09-07,579.0,635.0,639.0,594.8,595.52,35100.0,579.0,583.0,576.0,582.0,11200.0,0.5181347150259086,0.0,0.5181347150259086,-8.346456692913385,-8.920187793427225,9.7938144329897,0.6299212598425141,0.3190883190883191,True,False,False
9439,エム・エイチ・グループ,2026-09-07,228.0,239.0,239.0,227.6,228.28,6700.0,225.0,225.0,225.0,228.0,4600.0,0.0,-1.3157894736842146,1.333333333333342,-4.602510460251041,-4.602510460251041,4.824561403508776,0.0,0.6865671641791045,True,False,False
9441,ベルパーク,2026-09-07,2985.0,3140.0,3140.0,3012.0,2963.44,2500.0,2985.0,2985.0,2985.0,2985.0,4800.0,0.0,0.0,0.0,-4.936305732484081,-4.936305732484081,5.192629815745398,0.0,1.92,False,False,False
9444,トーシンホールディングス,2026-09-07,270.0,327.0,378.0,279.4,289.24,10060.0,270.0,275.0,270.0,270.0,7500.0,0.0,0.0,0.0,-17.431192660550455,-28.57142857142857,39.99999999999999,15.596330275229352,0.7455268389662028,False,False,False
9445,フォーバルテレコム,2026-09-07,533.0,542.0,542.0,534.6,536.44,1080.0,534.0,537.0,532.0,533.0,900.0,0.0,0.18761726078799779,-0.1872659176029967,-1.6605166051660514,-1.6605166051660514,1.6885553470919357,0.0,0.8333333333333334,False,False,False
9446,サカイホールディングス,2026-09-07,698.0,708.0,709.0,697.2,690.48,3040.0,697.0,697.0,697.0,698.0,2200.0,0.0,-0.14326647564469885,0.1434720229555264,-1.412429378531077,-1.5514809590973178,1.5759312320916985,0.14124293785311437,0.7236842105263158,True,False,False
9449,ＧＭＯインターネットグループ,2026-09-07,3933.0,4390.0,4390.0,4039.0,4103.16,295820.0,3901.0,3905.0,3884.0,3933.0,358400.0,0.0,-0.8136282735825118,0.8203024865419017,-10.410022779043281,-10.410022779043281,11.61962878210019,0.0,1.2115475627070516,True,False,False
9450,ファイバーゲート,2026-09-07,772.0,829.0,829.0,778.2,778.44,33480.0,772.0,775.0,772.0,772.0,35100.0,0.0,0.0,0.0,-6.875753920386007,-6.875753920386007,7.383419689119175,0.0,1.0483870967741935,False,False,False
9466,アイドママーケティングコミュニケーション,2026-09-07,245.0,249.0,249.0,242.6,234.44,53720.0,244.0,244.0,244.0,245.0,15700.0,0.0,-0.40816326530612734,0.4098360655737654,-1.6064257028112428,-1.6064257028112428,1.6326530612244872,0.0,0.29225614296351454,True,False,False
9467,アルファポリス,2026-09-07,1121.0,1283.0,1283.0,1138.8,1126.32,157600.0,1115.0,1115.0,1095.0,1102.0,20000.0,-1.6949152542372836,-0.535236396074934,-1.1659192825112075,-14.10756040530008,-14.10756040530008,16.424682395644275,0.0,0.12690355329949238,False,False,False
9468,ＫＡＤＯＫＡＷＡ,2026-09-07,3591.0,3797.0,3797.0,3677.0,3595.8,409340.0,3580.0,3582.0,3560.0,3569.0,11500.0,-0.6126427179058758,-0.30632135895294343,-0.3072625698324005,-6.004740584672108,-6.004740584672108,6.388344073970309,0.0,0.02809400498363219,False,False,False
9470,学研ホールディングス,2026-09-07,1008.0,1057.0,1057.0,1021.2,1027.72,153260.0,1010.0,1014.0,1009.0,1013.0,61600.0,0.49603174603174427,0.1984126984126977,0.2970297029702973,-4.162724692526021,-4.162724692526021,4.343534057255671,0.0,0.40193135847579275,True,False,False
9474,ゼンリン,2026-09-07,909.0,939.0,961.0,916.4,898.52,200580.0,905.0,905.0,900.0,902.0,32000.0,-0.7700770077007646,-0.44004400440044167,-0.33149171270717703,-3.940362087326943,-6.139438085327786,6.541019955654104,2.3429179978700754,0.15953734170904377,False,False,False
9475,昭文社ホールディングス,2026-09-07,543.0,544.0,544.0,532.4,525.64,2680.0,543.0,543.0,540.0,540.0,400.0,-0.5524861878453025,0.0,-0.5524861878453025,-0.7352941176470562,-0.7352941176470562,0.7407407407407307,0.0,0.14925373134328357,False,False,False
9476,中央経済社ホールディングス,2026-09-07,992.0,1000.0,1049.0,986.4,985.28,560.0,992.0,992.0,990.0,992.0,700.0,0.0,0.0,0.0,-0.8000000000000007,-5.43374642516683,5.745967741935476,4.899999999999993,1.25,False,False,False
9478,ＳＥホールディングス・アンド・インキュベーションズ,2026-09-07,525.0,555.0,561.0,530.2,526.24,7380.0,521.0,521.0,512.0,525.0,14300.0,0.0,-0.7619047619047636,0.7677543186180413,-5.405405405405405,-6.417112299465244,6.8571428571428505,1.08108108108107,1.937669376693767,True,False,False
9501,東京電力ホールディングス,2026-09-07,564.0,584.0999755859375,584.0999755859375,564.9799926757812,533.803994140625,49272760.0,562.2999877929688,565.0,554.7000122070312,556.7000122070312,4983600.0,-1.2943240767675057,-0.30142060408355764,-0.9959053365655279,-4.690971498743868,-4.690971498743868,4.921854280239613,0.0,0.10114310625181135,False,False,False
9502,中部電力,2026-09-07,2976.0,3023.0,3050.0,2953.5,2837.8,3152220.0,2979.0,2979.5,2934.5,2943.0,116400.0,-1.1088709677419373,0.10080645161290036,-1.2084592145015116,-2.6463777704267333,-3.508196721311474,3.635745837580706,0.893152497519023,0.03692635666292327,False,False,False
9503,関西電力,2026-09-07,2965.5,3053.0,3053.0,2959.3,2576.0,5824980.0,2950.0,2953.0,2927.5,2936.5,252200.0,-0.9779126622829204,-0.5226774574270787,-0.45762711864406613,-3.8159187684244977,-3.8159187684244977,3.9673080197514032,0.0,0.04329628599583175,False,False,False
9504,中国電力,2026-09-07,1077.0,1095.0,1095.0,1051.5,967.787998046875,2817840.0,1080.0,1082.0,1060.0,1068.5,222700.0,-0.7892293407613771,0.278551532033422,-1.0648148148148184,-2.4200913242009126,-2.4200913242009126,2.480112306972382,0.0,0.07903216648212816,False,False,False
9505,北陸電力,2026-09-07,1065.0,1097.5,1097.5,1062.9,982.5359985351564,1020780.0,1072.0,1075.0,1055.5,1066.5,95800.0,0.14084507042253502,0.657276995305156,-0.5130597014925353,-2.824601366742596,-2.824601366742596,2.906704172526964,0.0,0.09384980113246733,False,False,False
9506,東北電力,2026-09-07,1386.0,1412.5,1412.5,1374.1,1287.14,4845420.0,1388.0,1388.0,1362.0,1364.5,361100.0,-1.5512265512265477,0.1443001443001357,-1.6930835734870309,-3.3982300884955796,-3.3982300884955796,3.5177720776841337,0.0,0.0745239834730529,False,False,False
9507,四国電力,2026-09-07,2140.0,2173.0,2173.0,2091.0,1877.22,1398920.0,2132.5,2132.5,2106.0,2118.0,131000.0,-1.0280373831775713,-0.3504672897196248,-0.6799531066822961,-2.5310630464795203,-2.5310630464795203,2.596789423984891,0.0,0.09364366797243588,False,False,False
9508,九州電力,2026-09-07,2177.0,2233.5,2233.5,2172.2,1945.16,2864700.0,2170.0,2170.0,2134.5,2139.5,122200.0,-1.7225539733578321,-0.3215434083601254,-1.4055299539170507,-4.208641146183123,-4.208641146183123,4.393549894835247,0.0,0.042657171780640206,False,False,False
9509,北海道電力,2026-09-07,1140.5,1173.5,1173.5,1141.4,1072.5,3476800.0,1144.5,1145.0,1125.5,1130.0,227700.0,-0.9206488382288436,0.3507233669443277,-1.2669287898645742,-3.7068598210481474,-3.7068598210481474,3.849557522123903,0.0,0.06549125632765762,False,False,False
9511,沖縄電力,2026-09-07,1201.0,1216.0,1216.0,1188.4,1140.16,271080.0,1195.0,1195.0,1186.0,1188.0,20100.0,-1.0824313072439584,-0.4995836802664466,-0.585774058577404,-2.3026315789473673,-2.3026315789473673,2.3569023569023573,0.0,0.07414785303231518,False,False,False
9513,電源開発,2026-09-07,4120.0,4249.0,4249.0,4154.6,3978.52,546560.0,4118.0,4118.0,4064.0,4076.0,29000.0,-1.0679611650485477,-0.04854368932039055,-1.019912578921811,-4.071546246175572,-4.071546246175572,4.2443572129538865,0.0,0.05305913348946136,False,False,False
9514,エフオン,2026-09-07,341.0,356.0,356.0,343.0,341.04,68740.0,341.0,341.0,337.0,338.0,18300.0,-0.8797653958944274,0.0,-0.8797653958944274,-5.0561797752809,-5.0561797752809,5.3254437869822535,0.0,0.2662205411696247,False,False,False
9517,イーレックス,2026-09-07,876.0,908.0,908.0,858.2,861.16,169000.0,866.0,877.0,866.0,867.0,50500.0,-1.0273972602739767,-1.1415525114155223,0.11547344110853786,-4.515418502202639,-4.515418502202639,4.728950403690879,0.0,0.2988165680473373,True,False,False
9519,レノバ,2026-09-07,899.0,984.0,1039.0,887.6,920.36,834460.0,900.0,902.0,888.0,902.0,59600.0,0.33370411568409697,0.11123470522802492,0.22222222222221255,-8.333333333333337,-13.185755534167464,15.188470066518844,5.589430894308944,0.07142343551518347,True,False,False
9531,東京瓦斯,2026-09-07,6163.0,6432.0,6432.0,6246.2,6086.68,892320.0,6123.0,6123.0,6086.0,6098.0,55100.0,-1.0546811617718643,-0.649034561090378,-0.40829658664053303,-5.192786069651745,-5.192786069651745,5.4772056411938275,0.0,0.06174914828760983,False,False,False
9532,大阪瓦斯,2026-09-07,5766.0,5907.0,5907.0,5818.0,5563.44,975360.0,5716.0,5737.0,5689.0,5716.0,53800.0,-0.8671522719389535,-0.8671522719389535,0.0,-3.2334518368037912,-3.2334518368037912,3.3414975507347844,0.0,0.05515912073490813,False,False,False
9533,東邦瓦斯,2026-09-07,1265.0,1293.5,1293.5,1262.4,1195.5,937580.0,1265.0,1265.0,1257.5,1261.5,45600.0,-0.2766798418972316,0.0,-0.2766798418972316,-2.473908001546188,-2.473908001546188,2.5366627031311983,0.0,0.048635849740822114,False,False,False
9534,北海道瓦斯,2026-09-07,928.0,949.0,949.0,918.6,823.36,454320.0,920.0,920.0,903.0,905.0,28300.0,-2.4784482758620663,-0.8620689655172376,-1.6304347826086918,-4.636459430979977,-4.636459430979977,4.8618784530386705,0.0,0.06229089628455714,False,False,False
9535,広島ガス,2026-09-07,435.0,442.0,442.0,431.8,421.08,95380.0,431.0,432.0,430.0,430.0,8400.0,-1.1494252873563204,-0.919540229885063,-0.23201856148491462,-2.714932126696834,-2.714932126696834,2.7906976744185963,0.0,0.08806877752149297,False,False,False
9536,西部ガスホールディングス,2026-09-07,2500.0,2594.0,2594.0,2539.2,2448.0,203860.0,2495.0,2495.0,2477.0,2486.0,32400.0,-0.5600000000000049,-0.20000000000000018,-0.3607214428857697,-4.1634541249036205,-4.1634541249036205,4.344328238133555,0.0,0.15893260080447366,False,False,False
9537,北陸瓦斯,2026-09-07,4310.0,4600.0,4600.0,4302.0,4400.4,720.0,4300.0,4300.0,4300.0,4300.0,600.0,-0.23201856148491462,-0.23201856148491462,0.0,-6.521739130434778,-6.521739130434778,6.976744186046502,0.0,0.8333333333333334,False,False,False
9539,京葉瓦斯,2026-09-07,1372.0,1415.0,1499.0,1357.8,1377.2,1720.0,1345.0,1372.0,1345.0,1372.0,3400.0,0.0,-1.9679300291545188,2.007434944237918,-3.038869257950527,-8.472314876584386,9.25655976676385,5.936395759717317,1.9767441860465116,True,False,False
9543,静岡ガス,2026-09-07,1322.0,1354.0,1354.0,1335.6,1276.84,180560.0,1316.0,1322.0,1308.0,1308.0,13000.0,-1.0590015128593033,-0.45385779122542047,-0.6079027355623046,-3.3973412112260015,-3.3973412112260015,3.5168195718654482,0.0,0.07199822773593266,False,False,False
9551,メタウォーター,2026-09-07,3190.0,3265.0,3370.0,3127.0,3162.0,119820.0,3155.0,3155.0,3115.0,3145.0,15000.0,-1.4106583072100332,-1.0971786833855801,-0.31695721077654726,-3.6753445635528292,-6.676557863501486,7.154213036565982,3.215926493108734,0.12518778167250877,False,False,False
9552,クオンツ総研ホールディングス,2026-09-07,1161.0,1223.0,1223.0,1181.8,1063.16,357380.0,1145.0,1155.0,1127.0,1127.0,15700.0,-2.9285099052540953,-1.3781223083548677,-1.5720524017467263,-7.8495502861815165,-7.8495502861815165,8.51818988464952,0.0,0.04393082992892719,False,False,False
9553,マイクロアド,2026-09-07,598.0,657.0,657.0,588.8,604.64,64060.0,594.0,599.0,592.0,597.0,4400.0,-0.16722408026755842,-0.6688963210702337,0.5050505050504972,-9.1324200913242,-9.1324200913242,10.050251256281406,0.0,0.06868560724320949,True,False,False
9554,ＡＶｉＣ,2026-09-07,1749.0,1900.0,1900.0,1720.0,1701.84,42360.0,1750.0,1750.0,1735.0,1740.0,6600.0,-0.5145797598627766,0.057175528873631976,-0.5714285714285672,-8.421052631578952,-8.421052631578952,9.195402298850585,0.0,0.1558073654390935,False,False,False
9556,ＩＮＴＬＯＯＰ,2026-09-07,2416.0,2436.0,2436.0,2313.4,2165.72,67620.0,2401.0,2406.0,2365.0,2391.0,9600.0,-1.0347682119205337,-0.6208609271523224,-0.4164931278633932,-1.8472906403940836,-1.8472906403940836,1.8820577164366359,0.0,0.1419698314108252,False,False,False
9557,エアークローゼット,2026-09-07,247.0,284.0,284.0,241.6,216.44,239400.0,247.0,250.0,246.0,250.0,18700.0,1.2145748987854255,0.0,1.2145748987854255,-11.971830985915489,-11.971830985915489,13.59999999999999,0.0,0.07811194653299916,True,False,False
9558,ジャパニアス,2026-09-07,1982.0,2018.0,2018.0,1989.2,1976.0,7380.0,1996.0,1996.0,1980.0,1980.0,500.0,-0.10090817356205317,0.7063572149344166,-0.8016032064128265,-1.8830525272547027,-1.8830525272547027,1.9191919191919204,0.0,0.06775067750677506,False,False,False
9560,プログリット,2026-09-07,901.0,940.0,940.0,916.4,867.72,25600.0,900.0,900.0,899.0,901.0,40100.0,0.0,-0.11098779134295356,0.11111111111110628,-4.148936170212769,-4.148936170212769,4.328523862375144,0.0,1.56640625,True,False,False
9561,グラッドキューブ,2026-09-07,425.0,442.0,442.0,431.6,416.52,29180.0,422.0,425.0,422.0,425.0,96300.0,0.0,-0.7058823529411784,0.7109004739336511,-3.8461538461538436,-3.8461538461538436,4.0000000000000036,0.0,3.3002056202878682,True,False,False
9562,ビジネスコーチ,2026-09-07,664.0,730.0,730.0,625.0,585.0,21340.0,670.0,670.0,670.0,664.0,18200.0,0.0,0.9036144578313143,-0.8955223880596996,-9.041095890410954,-9.041095890410954,9.939759036144569,0.0,0.8528584817244611,False,False,False
9563,Ａｔｌａｓ　Ｔｅｃｈｎｏｌｏｇｉｅｓ,2026-09-07,338.0,402.0,402.0,342.8,340.88,11640.0,336.0,336.0,336.0,338.0,14700.0,0.0,-0.591715976331364,0.5952380952380931,-15.920398009950254,-15.920398009950254,18.934911242603558,0.0,1.2628865979381443,True,False,False
9564,ＦＣＥ,2026-09-07,576.0,614.0,614.0,569.4,573.88,55120.0,570.0,570.0,565.0,576.0,81300.0,0.0,-1.041666666666663,1.0526315789473717,-6.1889250814332275,-6.1889250814332275,6.597222222222232,0.0,1.4749637155297532,True,False,False
9565,ＧＬＯＥ,2026-09-07,657.0,698.0,700.0,663.0,672.6,2880.0,655.0,655.0,655.0,657.0,1600.0,0.0,-0.30441400304414,0.3053435114503733,-5.873925501432664,-6.142857142857139,6.544901065449005,0.2865329512893977,0.5555555555555556,True,False,False
9601,松竹,2026-09-07,10800.0,11300.0,12010.0,10698.0,10855.2,53220.0,10800.0,10800.0,10760.0,10760.0,900.0,-0.37037037037036535,0.0,-0.37037037037036535,-4.778761061946901,-10.407993338884259,11.617100371747213,6.283185840707972,0.016910935738444193,False,False,False
9602,東宝,2026-09-07,1571.0,1635.5,1655.0,1576.2,1532.7,3692380.0,1560.5,1570.0,1553.5,1555.0,109300.0,-1.0184595798854224,-0.6683640992998119,-0.3524511374559447,-4.922042188933052,-6.042296072507558,6.430868167202575,1.1922959339651484,0.029601503637220437,False,False,False
9603,エイチ・アイ・エス,2026-09-07,1171.0,1199.0,1199.0,1168.6,1141.36,420460.0,1178.0,1185.0,1177.0,1185.0,41500.0,1.1955593509820561,0.5977796754910392,0.5942275042444711,-1.1676396997497895,-1.1676396997497895,1.181434599156117,0.0,0.09870142225181944,True,False,False
9605,東映,2026-09-07,5950.0,6360.0,6500.0,5968.0,5986.8,52720.0,5900.0,5910.0,5870.0,5950.0,50000.0,0.0,-0.8403361344537785,0.8474576271186418,-6.446540880503148,-8.461538461538465,9.243697478991585,2.2012578616352307,0.9484066767830045,True,False,False
9610,ウィルソン・ラーニング　ワールドワイド,2026-09-07,121.0,145.0,145.0,127.0,108.52,2901620.0,122.0,139.0,122.0,129.0,835800.0,6.6115702479338845,0.8264462809917328,5.737704918032782,-11.03448275862069,-11.03448275862069,12.4031007751938,0.0,0.28804598810319754,True,False,False
9612,ラックランド,2026-09-07,1203.0,1305.0,1310.0,1212.2,1248.8,56260.0,1201.0,1203.0,1197.0,1199.0,2300.0,-0.33250207813798616,-0.16625103906899863,-0.16652789342215257,-8.12260536398467,-8.473282442748086,9.257714762301926,0.3831417624521105,0.04088162104514753,False,False,False
9616,共立メンテナンス,2026-09-07,3239.0,3508.0,3543.0,3251.6,3360.32,823600.0,3239.0,3239.0,3219.0,3222.0,67200.0,-0.5248533497993257,0.0,-0.5248533497993257,-8.152793614595211,-9.06011854360711,9.962756052141518,0.9977194982896176,0.08159300631374454,False,False,False
9619,イチネンホールディングス,2026-09-07,2703.0,2754.0,2754.0,2713.0,2631.96,28900.0,2681.0,2688.0,2681.0,2687.0,2300.0,-0.5919348871624153,-0.8139104698483113,0.22379709063782283,-2.4328249818445946,-2.4328249818445946,2.4934871604019415,0.0,0.07958477508650519,True,False,False
9621,建設技術研究所,2026-09-07,3175.0,3275.0,3280.0,3171.0,3187.4,63440.0,3170.0,3170.0,3155.0,3160.0,3900.0,-0.47244094488189115,-0.15748031496063408,-0.3154574132492094,-3.511450381679393,-3.658536585365857,3.797468354430378,0.15267175572519776,0.06147540983606557,False,False,False
9622,スペース,2026-09-07,1418.0,1483.0,1483.0,1431.2,1443.84,27740.0,1415.0,1415.0,1406.0,1411.0,4600.0,-0.49365303244005565,-0.21156558533145242,-0.2826855123674865,-4.855023600809172,-4.855023600809172,5.102763997165138,0.0,0.1658255227108868,False,False,False
9625,セレスポ,2026-09-07,950.0,992.0,1087.0,953.4,939.68,2940.0,950.0,950.0,950.0,950.0,2800.0,0.0,0.0,0.0,-4.233870967741938,-12.603495860165593,14.421052631578956,9.5766129032258,0.9523809523809523,False,False,False
9627,アインホールディングス,2026-09-07,6025.0,6286.0,6323.0,6125.8,6051.08,88140.0,6010.0,6067.0,5970.0,5976.0,9400.0,-0.8132780082987567,-0.24896265560165887,-0.5657237936772086,-4.931594018453711,-5.487901312668042,5.806559571619818,0.5886096086541448,0.10664851372815974,False,False,False
9628,燦ホールディングス,2026-09-07,1317.0,1428.0,1524.0,1327.8,1374.0,58160.0,1309.0,1311.0,1305.0,1310.0,6200.0,-0.5315110098709219,-0.6074411541381886,0.07639419404126269,-8.263305322128856,-14.041994750656173,16.335877862595428,6.72268907563025,0.10660247592847318,True,False,False
9629,ピー・シー・エー,2026-09-07,1526.0,1699.0,1699.0,1580.6,1558.64,32820.0,1525.0,1525.0,1515.0,1526.0,28200.0,0.0,-0.0655307994757548,0.06557377049181135,-10.182460270747494,-10.182460270747494,11.33682830930538,0.0,0.8592321755027422,True,False,False
9632,スバル興業,2026-09-07,3610.0,3820.0,3820.0,3674.0,3691.4,16620.0,3585.0,3610.0,3575.0,3600.0,5800.0,-0.27700831024930483,-0.6925207756232732,0.4184100418409997,-5.759162303664922,-5.759162303664922,6.111111111111112,0.0,0.3489771359807461,True,False,False
9633,東京テアトル,2026-09-07,1917.0,2005.0,2005.0,1925.2,1801.28,12680.0,1917.0,1917.0,1917.0,1917.0,5700.0,0.0,0.0,0.0,-4.389027431421444,-4.389027431421444,4.590505998956695,0.0,0.44952681388012616,False,False,False
9635,武蔵野興業,2026-09-07,2592.0,2597.0,2597.0,2569.4,2557.84,260.0,2590.0,2590.0,2590.0,2592.0,800.0,0.0,-0.07716049382715529,0.07722007722008595,-0.1925298421255328,-0.1925298421255328,0.19290123456789932,0.0,3.076923076923077,True,False,False
9636,きんえい,2026-09-07,4245.0,4245.0,4345.0,4201.0,4179.0,1160.0,4205.0,4250.0,4205.0,4245.0,3500.0,0.0,-0.9422850412249661,0.9512485136742077,0.0,-2.3014959723820505,2.355712603062421,2.355712603062421,3.0172413793103448,True,False,False
9639,三協フロンテア,2026-09-07,2386.0,2408.0,2408.0,2385.8,2348.0,6920.0,2379.0,2379.0,2375.0,2386.0,9300.0,0.0,-0.2933780385582563,0.2942412778478287,-0.913621262458475,-0.913621262458475,0.9220452640402277,0.0,1.3439306358381502,True,False,False
9640,セゾンテクノロジー,2026-09-07,1974.0,2047.0,2088.0,1988.8,2009.96,7760.0,1976.0,1976.0,1976.0,1974.0,7400.0,0.0,0.10131712259371373,-0.10121457489878916,-3.5661944308744475,-5.459770114942531,5.775075987841949,2.002931118710305,0.9536082474226805,False,False,False
9644,タナベコンサルティンググループ,2026-09-07,752.0,782.0,782.0,758.6,762.64,78980.0,750.0,750.0,749.0,749.0,18100.0,-0.3989361702127714,-0.26595744680850686,-0.13333333333332975,-4.21994884910486,-4.21994884910486,4.405874499332452,0.0,0.22917194226386428,False,False,False
9647,協和コンサルタンツ,2026-09-07,6880.0,7220.0,7220.0,6782.0,6556.8,460.0,6880.0,6880.0,6880.0,6880.0,100.0,0.0,0.0,0.0,-4.709141274238227,-4.709141274238227,4.941860465116288,0.0,0.21739130434782608,False,False,False
9651,日本プロセス,2026-09-07,2034.0,2117.0,2139.0,2057.0,2028.08,10200.0,2035.0,2035.0,2032.0,2034.0,9000.0,0.0,0.0491642084562427,-0.04914004914005066,-3.920642418516773,-4.908835904628328,5.162241887905594,1.0392064241851573,0.8823529411764706,False,False,False
9656,グリーンランドリゾート,2026-09-07,602.0,613.0,613.0,602.6,600.44,3080.0,602.0,602.0,602.0,602.0,1800.0,0.0,0.0,0.0,-1.7944535073409429,-1.7944535073409429,1.82724252491695,0.0,0.5844155844155844,False,False,False
9658,ビジネスブレイン太田昭和,2026-09-07,1078.0,1136.0,1136.0,1096.6,1067.0,77400.0,1075.0,1075.0,1068.0,1069.0,15800.0,-0.8348794063079756,-0.2782931354359919,-0.558139534883717,-5.897887323943662,-5.897887323943662,6.267539756782048,0.0,0.2041343669250646,False,False,False
9661,歌舞伎座,2026-09-07,4280.0,4480.0,4500.0,4323.0,4426.0,10800.0,4265.0,4265.0,4220.0,4280.0,24100.0,0.0,-0.3504672897196248,0.3516998827667095,-4.46428571428571,-4.8888888888888875,5.1401869158878455,0.44642857142858094,2.2314814814814814,True,False,False
9663,ナガワ,2026-09-07,5090.0,5280.0,5440.0,5094.0,5117.2,25400.0,5060.0,5060.0,5060.0,5090.0,37000.0,0.0,-0.5893909626719096,0.5928853754940677,-3.598484848484851,-6.4338235294117645,6.876227897838905,3.0303030303030276,1.4566929133858268,True,False,False
9672,東京都競馬,2026-09-07,4895.0,5170.0,5170.0,4993.0,5031.2,44740.0,4900.0,4900.0,4870.0,4885.0,4100.0,-0.20429009193053682,0.10214504596526286,-0.3061224489795955,-5.512572533849125,-5.512572533849125,5.834186284544529,0.0,0.09164059007599464,False,False,False
9678,カナモト,2026-09-07,5490.0,5760.0,5760.0,5596.0,5464.8,123200.0,5400.0,5450.0,5400.0,5440.0,9800.0,-0.910746812386154,-1.6393442622950838,0.7407407407407307,-5.555555555555558,-5.555555555555558,5.882352941176472,0.0,0.07954545454545454,True,False,False
9679,ホウライ,2026-09-07,2325.0,2398.0,2398.0,2353.8,2357.28,720.0,2321.0,2321.0,2321.0,2325.0,2200.0,0.0,-0.17204301075268713,0.17233950883239757,-3.044203502919096,-3.044203502919096,3.139784946236568,0.0,3.0555555555555554,True,False,False
9682,ＤＴＳ,2026-09-07,1089.0,1160.0,1192.0,1126.8,1099.76,576940.0,1084.0,1092.0,1081.0,1083.0,16200.0,-0.5509641873278182,-0.45913682277318735,-0.0922509225092294,-6.637931034482758,-9.144295302013427,10.064635272391499,2.758620689655178,0.028079176344160572,False,False,False
9684,スクウェア・エニックス・ホールディングス,2026-09-07,2866.0,3300.0,3300.0,2960.6,2886.4,2211620.0,2860.0,2867.5,2850.5,2855.0,69000.0,-0.38381018841591175,-0.20935101186322358,-0.17482517482517723,-13.484848484848488,-13.484848484848488,15.586690017513138,0.0,0.031198849711975837,False,False,False
9685,ＫＹＣＯＭホールディングス,2026-09-07,582.0,588.0,588.0,581.2,573.12,2240.0,582.0,582.0,582.0,582.0,3800.0,0.0,0.0,0.0,-1.0204081632653073,-1.0204081632653073,1.0309278350515427,0.0,1.6964285714285714,False,False,False
9686,東洋テック,2026-09-07,1696.0,1744.0,1744.0,1698.4,1665.32,2220.0,1697.0,1697.0,1697.0,1696.0,3700.0,0.0,0.0589622641509413,-0.058927519151441565,-2.752293577981646,-2.752293577981646,2.8301886792452935,0.0,1.6666666666666667,False,False,False
9687,ＫＳＫ,2026-09-07,4730.0,4935.0,4935.0,4676.0,4515.6,880.0,4700.0,4700.0,4700.0,4730.0,700.0,0.0,-0.6342494714587699,0.6382978723404209,-4.154002026342452,-4.154002026342452,4.334038054968281,0.0,0.7954545454545454,True,False,False
9692,シーイーシー,2026-09-07,2371.0,2579.0,2579.0,2427.0,2379.52,94620.0,2350.0,2350.0,2332.0,2338.0,6500.0,-1.391817798397299,-0.8857022353437327,-0.5106382978723456,-9.34470725087243,-9.34470725087243,10.30795551753636,0.0,0.06869583597548087,False,False,False
9697,カプコン,2026-09-07,4310.0,4488.0,4488.0,4260.8,4150.92,2860220.0,4298.0,4298.0,4256.0,4269.0,251400.0,-0.9512761020881721,-0.27842227378189754,-0.674732433690084,-4.87967914438503,-4.87967914438503,5.130007027406891,0.0,0.08789533672235003,False,False,False
9698,クレオ,2026-09-07,1303.0,1350.0,1350.0,1293.2,1295.16,1520.0,1304.0,1304.0,1290.0,1303.0,900.0,0.0,0.07674597083653367,-0.07668711656442229,-3.4814814814814854,-3.4814814814814854,3.6070606293169716,0.0,0.5921052631578947,False,False,False
9699,ニシオホールディングス,2026-09-07,4630.0,4760.0,4760.0,4703.0,4577.4,85660.0,4605.0,4630.0,4585.0,4590.0,6300.0,-0.8639308855291628,-0.5399568034557212,-0.32573289902280145,-3.57142857142857,-3.57142857142857,3.703703703703698,0.0,0.07354657950035022,False,False,False
9701,東京會舘,2026-09-07,4330.0,4380.0,4380.0,4300.0,4262.6,800.0,4370.0,4370.0,4370.0,4330.0,1400.0,0.0,0.9237875288683695,-0.9153318077803174,-1.1415525114155223,-1.1415525114155223,1.1547344110854452,0.0,1.75,False,False,False
9702,アイ・エス・ビー,2026-09-07,2363.0,2586.0,2586.0,2379.0,2433.16,19680.0,2340.0,2359.0,2337.0,2363.0,25300.0,0.0,-0.9733389758781241,0.9829059829059794,-8.623356535189487,-8.623356535189487,9.437156157426996,0.0,1.285569105691057,True,False,False
9704,アゴーラ　ホスピタリティー　グループ,2026-09-07,28.0,32.0,33.0,28.8,30.12,441040.0,27.0,27.0,26.0,27.0,525200.0,-3.57142857142857,-3.57142857142857,0.0,-15.625,-18.181818181818176,22.222222222222232,3.125,1.1908216941773988,False,False,False
9706,日本空港ビルデング,2026-09-07,5695.0,6009.0,6009.0,5731.0,5740.76,1714720.0,5662.0,5690.0,5628.0,5672.0,71700.0,-0.4038630377524166,-0.5794556628621605,0.17661603673613246,-5.608254285238812,-5.608254285238812,5.941466854724964,0.0,0.04181440701688906,True,False,False
9708,帝国ホテル,2026-09-07,970.0,1019.0,1034.0,983.8,990.16,225840.0,970.0,970.0,963.0,968.0,65400.0,-0.20618556701030855,0.0,-0.20618556701030855,-5.004906771344453,-6.382978723404253,6.818181818181812,1.4720314033366044,0.2895855472901169,False,False,False
9709,ＮＣＳ＆Ａ,2026-09-07,1241.0,1405.0,1455.0,1325.8,1371.88,15740.0,1241.0,1248.0,1241.0,1241.0,19700.0,0.0,0.0,0.0,-11.672597864768687,-14.707903780068731,17.244157937147463,3.558718861209975,1.2515883100381195,False,False,False
9713,ロイヤルホテル,2026-09-07,912.0,918.0,918.0,912.0,904.96,6100.0,916.0,916.0,916.0,916.0,600.0,0.43859649122806044,0.43859649122806044,0.0,-0.21786492374727962,-0.21786492374727962,0.21834061135370675,0.0,0.09836065573770492,False,False,False
9715,トランス・コスモス,2026-09-07,3710.0,3770.0,3970.0,3717.0,3668.2,115140.0,3675.0,3675.0,3660.0,3660.0,3400.0,-1.3477088948787075,-0.9433962264150941,-0.40816326530612734,-2.917771883289122,-7.8085642317380355,8.469945355191255,5.305039787798416,0.029529268716345317,False,False,False
9716,乃村工藝社,2026-09-07,1271.0,1301.0,1301.0,1282.0,1228.72,312140.0,1271.0,1271.0,1260.0,1260.0,8400.0,-0.865460267505902,0.0,-0.865460267505902,-3.1514219830899304,-3.1514219830899304,3.2539682539682646,0.0,0.0269110014736977,False,False,False
9720,ホテル、ニューグランド,2026-09-07,6500.0,6500.0,6500.0,6454.0,6373.2,180.0,6490.0,6500.0,6490.0,6500.0,300.0,0.0,-0.15384615384614886,0.15408320493066618,0.0,0.0,0.0,0.0,1.6666666666666667,True,False,False
9722,藤田観光,2026-09-07,2897.0,3160.0,3160.0,2907.6,2532.12,429320.0,2897.0,2900.0,2872.0,2880.0,15300.0,-0.5868139454608179,0.0,-0.5868139454608179,-8.860759493670889,-8.860759493670889,9.722222222222232,0.0,0.03563775272523991,False,False,False
9723,京都ホテル,2026-09-07,635.0,638.0,640.0,635.4,635.4,1660.0,635.0,635.0,635.0,635.0,1700.0,0.0,0.0,0.0,-0.470219435736674,-0.78125,0.7874015748031482,0.31347962382444194,1.0240963855421688,False,False,False
9726,ＫＮＴ－ＣＴホールディングス,2026-09-07,1914.0,2010.0,2010.0,1939.2,1934.4,31500.0,1901.0,1937.0,1901.0,1914.0,69900.0,0.0,-0.6792058516196464,0.6838506049447579,-4.7761194029850795,-4.7761194029850795,5.0156739811912265,0.0,2.219047619047619,True,False,False
9729,トーカイ,2026-09-07,2477.0,2600.0,2600.0,2489.2,2498.2,29960.0,2455.0,2458.0,2449.0,2477.0,37000.0,0.0,-0.8881711748082388,0.8961303462321712,-4.730769230769227,-4.730769230769227,4.96568429551878,0.0,1.2349799732977302,True,False,False
9731,白洋舎,2026-09-07,3365.0,3540.0,3540.0,3381.0,3415.2,1700.0,3410.0,3410.0,3410.0,3365.0,2900.0,0.0,1.3372956909361022,-1.319648093841641,-4.943502824858759,-4.943502824858759,5.20059435364042,0.0,1.7058823529411764,False,False,False
9733,ナガセ,2026-09-07,2332.0,2375.0,2375.0,2343.8,2316.72,28660.0,2316.0,2320.0,2310.0,2310.0,3200.0,-0.9433962264150941,-0.6861063464837058,-0.2590673575129543,-2.7368421052631597,-2.7368421052631597,2.813852813852824,0.0,0.11165387299371947,False,False,False
9735,セコム,2026-09-07,6296.0,6796.0,7224.0,6424.8,6490.96,1159080.0,6260.0,6267.0,6239.0,6246.0,44500.0,-0.7941550190597169,-0.5717916137229939,-0.22364217252396346,-8.092995879929365,-13.538205980066442,15.658021133525457,6.297822248381402,0.0383925182040929,False,False,False
9739,ＮＳＷ,2026-09-07,2690.0,2831.0,2831.0,2736.8,2676.08,30780.0,2670.0,2672.0,2659.0,2690.0,23000.0,0.0,-0.743494423791824,0.7490636704119868,-4.980572235959024,-4.980572235959024,5.241635687732349,0.0,0.7472384665367121,True,False,False
9740,セントラル警備保障,2026-09-07,2696.0,2833.0,2917.0,2752.2,2748.44,22400.0,2666.0,2676.0,2654.0,2696.0,20100.0,0.0,-1.1127596439169163,1.1252813203300738,-4.835863042710908,-7.576276996914643,8.1973293768546,2.965054712319093,0.8973214285714286,True,False,False
9742,アイネス,2026-09-07,2105.0,2527.0,2527.0,2238.8,2303.92,34760.0,2105.0,2105.0,2088.0,2088.0,2200.0,-0.8076009501187698,0.0,-0.8076009501187698,-17.37237831420657,-17.37237831420657,21.02490421455938,0.0,0.06329113924050633,False,False,False
9743,丹青社,2026-09-07,1515.0,1547.0,1547.0,1519.6,1480.48,288820.0,1511.0,1511.0,1502.0,1507.0,25600.0,-0.5280528052805322,-0.26402640264026056,-0.2647253474520217,-2.585649644473176,-2.585649644473176,2.654280026542799,0.0,0.0886365210165501,False,False,False
9744,メイテックグループホールディングス,2026-09-07,3345.0,3458.0,3458.0,3365.0,3338.12,359180.0,3338.0,3355.0,3322.0,3322.0,24600.0,-0.687593423019428,-0.20926756352764864,-0.47932893948472444,-3.9329091960670914,-3.9329091960670914,4.093919325707396,0.0,0.06848933682276297,False,False,False
9746,ＴＫＣ,2026-09-07,4050.0,4185.0,4185.0,4126.0,4004.0,74160.0,4030.0,4055.0,4030.0,4050.0,4500.0,0.0,-0.4938271604938316,0.496277915632759,-3.2258064516129004,-3.2258064516129004,3.3333333333333437,0.0,0.06067961165048544,True,False,False
9753,アイエックス・ナレッジ,2026-09-07,1427.0,1449.0,1449.0,1398.4,1353.24,6300.0,1416.0,1427.0,1406.0,1427.0,1700.0,0.0,-0.7708479327259932,0.7768361581920846,-1.5182884748102143,-1.5182884748102143,1.5416958654519863,0.0,0.2698412698412698,True,False,False
9755,応用地質,2026-09-07,2853.0,2913.0,2913.0,2813.8,2838.32,73180.0,2844.0,2844.0,2820.0,2841.0,2900.0,-0.4206098843322792,-0.3154574132492094,-0.10548523206751481,-2.471678681771372,-2.471678681771372,2.5343189017951406,0.0,0.03962831374692539,False,False,False
9757,船井総研ホールディングス,2026-09-07,1165.0,1191.0,1191.0,1173.6,1147.12,268380.0,1165.0,1165.0,1159.0,1162.0,54700.0,-0.2575107296137302,0.0,-0.2575107296137302,-2.434928631402178,-2.434928631402178,2.495697074010317,0.0,0.20381548550562634,False,False,False
9759,ＮＳＤ,2026-09-07,2795.0,2996.5,3021.0,2888.0,2834.44,227280.0,2785.0,2792.5,2778.0,2790.5,24200.0,-0.1610017889087656,-0.3577817531305927,0.19748653500897273,-6.87468713499082,-7.629923866269451,8.260168428597026,0.8176205573168671,0.10647659274903203,True,False,False
9760,進学会ホールディングス,2026-09-07,120.0,123.0,123.0,119.8,119.52,18200.0,119.0,119.0,119.0,120.0,59000.0,0.0,-0.8333333333333304,0.8403361344537785,-2.4390243902439046,-2.4390243902439046,2.499999999999991,0.0,3.241758241758242,True,False,False
9761,東海リース,2026-09-07,2450.0,2480.0,2480.0,2440.8,2419.64,2860.0,2452.0,2452.0,2452.0,2450.0,2700.0,0.0,0.08163265306122547,-0.08156606851549286,-1.2096774193548376,-1.2096774193548376,1.2244897959183598,0.0,0.9440559440559441,False,False,False
9763,丸建リース,2026-09-07,1292.0,1338.0,1338.0,1305.0,1302.04,11620.0,1292.0,1292.0,1283.0,1292.0,12200.0,0.0,0.0,0.0,-3.4379671150971625,-3.4379671150971625,3.5603715170278605,0.0,1.0499139414802066,False,False,False
9765,オオバ,2026-09-07,1174.0,1196.0,1196.0,1178.2,1155.24,10020.0,1175.0,1175.0,1169.0,1169.0,3400.0,-0.4258943781942026,0.08517887563883608,-0.5106382978723456,-2.257525083612044,-2.257525083612044,2.3096663815226792,0.0,0.3393213572854291,False,False,False
9766,コナミグループ,2026-09-07,20775.0,22685.0,22980.0,21518.0,21510.4,411080.0,20680.0,20790.0,20600.0,20715.0,30600.0,-0.2888086642599319,-0.4572803850782181,0.16924564796905184,-8.684152523694067,-9.856396866840733,10.934105720492404,1.3004187789288135,0.07443806558334144,True,False,False
9767,日建工学,2026-09-07,1621.0,1670.0,1670.0,1613.8,1575.96,1720.0,1612.0,1612.0,1612.0,1621.0,3400.0,0.0,-0.5552128315854388,0.5583126550868567,-2.934131736526946,-2.934131736526946,3.0228254164096136,0.0,1.9767441860465116,True,False,False
9768,いであ,2026-09-07,3795.0,3950.0,3950.0,3817.0,3749.8,9920.0,3810.0,3810.0,3780.0,3780.0,700.0,-0.39525691699604515,0.39525691699604515,-0.7874015748031482,-4.303797468354431,-4.303797468354431,4.497354497354489,0.0,0.07056451612903226,False,False,False
9769,学究社,2026-09-07,2586.0,2719.0,2778.0,2596.8,2631.2,14740.0,2587.0,2587.0,2581.0,2583.0,2400.0,-0.11600928074245731,0.03866976024748947,-0.15461925009663258,-5.001838911364476,-7.0194384449244085,7.549361207897798,2.1699154100772278,0.1628222523744912,False,False,False
9778,昴,2026-09-07,5500.0,5930.0,5930.0,5536.0,5693.2,500.0,5550.0,5550.0,5500.0,5500.0,300.0,0.0,0.9090909090909038,-0.9009009009009028,-7.251264755480602,-7.251264755480602,7.818181818181813,0.0,0.6,False,False,False
9780,ハリマビステム,2026-09-07,1125.0,1175.0,1175.0,1135.8,1055.92,7620.0,1121.0,1121.0,1121.0,1125.0,10600.0,0.0,-0.3555555555555534,0.3568242640499486,-4.255319148936165,-4.255319148936165,4.444444444444451,0.0,1.3910761154855642,True,False,False
9782,ディーエムエス,2026-09-07,3520.0,3580.0,3620.0,3533.0,3461.4,31840.0,3515.0,3515.0,3480.0,3485.0,20300.0,-0.9943181818181768,-0.14204545454545858,-0.8534850640113834,-2.6536312849162025,-3.7292817679558055,3.8737446197991465,1.1173184357541999,0.6375628140703518,False,False,False
9788,ナック,2026-09-07,519.0,536.0,545.0,520.0,525.44,46880.0,517.0,517.0,515.0,519.0,41400.0,0.0,-0.3853564547206201,0.3868471953578423,-3.171641791044777,-4.770642201834862,5.009633911368017,1.679104477611948,0.8831058020477816,True,False,False
9790,福井コンピュータホールディングス,2026-09-07,2971.0,3210.0,3285.0,3029.2,3084.32,36600.0,2969.0,2970.0,2951.0,2960.0,5800.0,-0.37024570851564853,-0.06731740154829469,-0.30313236780060704,-7.788161993769471,-9.893455098934556,10.979729729729737,2.336448598130847,0.15846994535519127,False,False,False
9791,ビケンテクノ,2026-09-07,1188.0,1233.0,1233.0,1197.8,1191.24,3060.0,1189.0,1190.0,1188.0,1188.0,1800.0,0.0,0.08417508417508657,-0.0841042893187538,-3.649635036496346,-3.649635036496346,3.7878787878787845,0.0,0.5882352941176471,False,False,False
9793,ダイセキ,2026-09-07,3690.0,3905.0,3905.0,3738.0,3795.2,129540.0,3695.0,3710.0,3670.0,3675.0,6800.0,-0.40650406504064707,0.13550135501354532,-0.5412719891745632,-5.889884763124198,-5.889884763124198,6.258503401360538,0.0,0.05249343832020997,False,False,False
9795,ステップ,2026-09-07,2300.0,2338.0,2338.0,2306.6,2273.04,14940.0,2300.0,2303.0,2290.0,2291.0,5500.0,-0.3913043478260825,0.0,-0.3913043478260825,-2.010265183917881,-2.010265183917881,2.0515058926233065,0.0,0.36813922356091033,False,False,False
9799,旭情報サービス,2026-09-07,960.0,993.0,993.0,962.8,954.2,6980.0,964.0,964.0,964.0,960.0,11100.0,0.0,0.4166666666666652,-0.4149377593360981,-3.3232628398791486,-3.3232628398791486,3.4375000000000044,0.0,1.5902578796561604,False,False,False
9812,テーオーホールディングス,2026-09-07,244.0,255.0,255.0,246.4,241.84,1980.0,244.0,244.0,244.0,244.0,3000.0,0.0,0.0,0.0,-4.313725490196074,-4.313725490196074,4.508196721311486,0.0,1.5151515151515151,False,False,False
9816,ストライダーズ,2026-09-07,253.0,260.0,260.0,254.4,251.16,11100.0,250.0,250.0,250.0,253.0,44700.0,0.0,-1.1857707509881465,1.200000000000001,-2.692307692307694,-2.692307692307694,2.7667984189723382,0.0,4.027027027027027,True,False,False
9818,大丸エナウィン,2026-09-07,1550.0,1600.0,1600.0,1558.6,1532.36,920.0,1552.0,1553.0,1541.0,1550.0,500.0,0.0,0.1290322580645098,-0.12886597938144284,-3.125,-3.125,3.2258064516129004,0.0,0.5434782608695652,False,False,False
9820,エムティジェネックス,2026-09-07,3890.0,3935.0,3935.0,3878.0,3774.8,700.0,3915.0,3915.0,3890.0,3890.0,400.0,0.0,0.6426735218509005,-0.6385696040868472,-1.143583227445999,-1.143583227445999,1.1568123393316254,0.0,0.5714285714285714,False,False,False
9823,マミーマートホールディングス,2026-09-07,1017.0,1050.0,1100.0,1017.8,1027.52,67640.0,1012.0,1016.0,1008.0,1015.0,9500.0,-0.1966568338249708,-0.4916420845624381,0.29644268774704496,-3.3333333333333326,-7.727272727272727,8.374384236453203,4.761904761904767,0.1404494382022472,True,False,False
9824,泉州電業,2026-09-07,7850.0,7930.0,7930.0,7464.0,6982.0,104300.0,7810.0,8000.0,7730.0,7960.0,20200.0,1.4012738853503182,-0.5095541401273884,1.9206145966709443,0.3783102143757988,0.3783102143757988,-0.37688442211055717,0.0,0.19367209971236818,True,True,True
9827,リリカラ,2026-09-07,642.0,652.0,652.0,640.8,633.8,18800.0,645.0,645.0,637.0,638.0,2100.0,-0.6230529595015577,0.4672897196261738,-1.0852713178294615,-2.1472392638036797,-2.1472392638036797,2.1943573667711602,0.0,0.11170212765957446,False,False,False
9828,Ｇｅｎｋｉ　Ｇｌｏｂａｌ　Ｄｉｎｉｎｇ　Ｃｏｎｃｅｐｔｓ,2026-09-07,3330.0,3605.0,3680.0,3375.0,3378.0,70020.0,3350.0,3355.0,3345.0,3355.0,10000.0,0.7507507507507505,0.6006006006006093,0.14925373134329067,-6.934812760055475,-8.831521739130432,9.687034277198215,2.0804438280166426,0.14281633818908884,True,False,False
9830,トラスコ中山,2026-09-07,2379.0,2457.0,2496.0,2402.2,2394.44,101140.0,2379.0,2379.0,2362.0,2379.0,86500.0,0.0,0.0,0.0,-3.1746031746031744,-4.6875,4.918032786885251,1.5873015873015817,0.8552501483092743,False,False,False
9831,ヤマダホールディングス,2026-09-07,699.7999877929688,727.5999755859375,767.5999755859375,707.7400024414062,698.2400048828125,3713540.0,699.7000122070312,704.0999755859375,698.5999755859375,703.5,350200.0,0.5287242457234553,-0.014286308614097631,0.5430881415855016,-3.3122562389491184,-8.350700576430793,9.111581462109108,5.497526297714339,0.09430354863553375,True,False,False
9832,オートバックスセブン,2026-09-07,1567.0,1590.0,1590.0,1574.0,1541.8,197320.0,1561.0,1566.0,1558.0,1564.0,47400.0,-0.19144862795149598,-0.38289725590300305,0.19218449711724261,-1.6352201257861632,-1.6352201257861632,1.662404092071612,0.0,0.24021893371173728,True,False,False
9835,ジュンテンドー,2026-09-07,510.0,522.0,522.0,508.2,511.68,2920.0,510.0,510.0,510.0,510.0,3800.0,0.0,0.0,0.0,-2.298850574712641,-2.298850574712641,2.35294117647058,0.0,1.3013698630136987,False,False,False
9837,モリト,2026-09-07,1785.0,1880.0,1880.0,1805.0,1820.96,63220.0,1784.0,1784.0,1768.0,1785.0,53000.0,0.0,-0.056022408963585235,0.05605381165918466,-5.053191489361697,-5.053191489361697,5.3221288515406195,0.0,0.8383422967415375,True,False,False
9842,アークランズ,2026-09-07,1868.0,1938.0,2011.0,1862.0,1887.68,226020.0,1863.0,1869.0,1858.0,1869.0,15800.0,0.05353319057814776,-0.2676659528907943,0.32206119162641045,-3.5603715170278605,-7.061163600198905,7.597645799892994,3.7667698658410798,0.06990531811344129,True,False,False
9843,ニトリホールディングス,2026-09-07,3216.0,3388.0,3388.0,3159.2,2976.44,4394800.0,3309.0,3416.0,3298.0,3401.0,993800.0,5.752487562189046,2.8917910447761264,2.780296161982476,0.3837072018890275,0.3837072018890275,-0.38224051749485843,0.0,0.2261308819513971,True,True,True
9845,パーカーコーポレーション,2026-09-07,1396.0,1469.0,1645.0,1406.2,1421.88,8120.0,1391.0,1391.0,1391.0,1396.0,4900.0,0.0,-0.3581661891117527,0.35945363048166534,-4.969366916269569,-15.136778115501514,17.836676217765035,11.980939414567725,0.603448275862069,True,False,False
9846,天満屋ストア,2026-09-07,982.0,1009.0,1011.0,984.6,996.04,8660.0,984.0,985.0,984.0,982.0,11100.0,0.0,0.20366598778003286,-0.20325203252032908,-2.6759167492566904,-2.8684470820969366,2.9531568228105876,0.1982160555004997,1.28175519630485,False,False,False
9849,共同紙販ホールディングス,2026-09-07,4520.0,4525.0,4525.0,4513.0,4508.4,180.0,4510.0,4520.0,4510.0,4520.0,300.0,0.0,-0.22123893805309214,0.22172949002217113,-0.11049723756906271,-0.11049723756906271,0.11061946902655162,0.0,1.6666666666666667,True,False,False
9850,グルメ杵屋,2026-09-07,989.0,999.0,1000.0,990.4,983.4,37940.0,988.0,988.0,988.0,989.0,45200.0,0.0,-0.10111223458038054,0.10121457489877805,-1.0010010010010006,-1.100000000000001,1.1122345803842304,0.10010010010010895,1.191354770690564,True,False,False
9853,銀座ルノアール,2026-09-07,908.0,915.0,920.0,909.6,908.52,2300.0,910.0,910.0,907.0,908.0,2000.0,0.0,0.22026431718060735,-0.219780219780219,-0.7650273224043769,-1.30434782608696,1.3215859030837107,0.5464480874316946,0.8695652173913043,False,False,False
9854,愛眼,2026-09-07,294.0,300.0,300.0,289.4,282.72,69960.0,291.0,291.0,289.0,289.0,4100.0,-1.7006802721088454,-1.0204081632653073,-0.6872852233676952,-3.6666666666666625,-3.6666666666666625,3.806228373702414,0.0,0.058604917095483135,False,False,False
9856,ケーユーホールディングス,2026-09-07,1222.0,1283.0,1283.0,1236.4,1222.72,43960.0,1220.0,1220.0,1211.0,1222.0,29000.0,0.0,-0.16366612111292644,0.16393442622950616,-4.754481683554168,-4.754481683554168,4.991816693944351,0.0,0.6596906278434941,True,False,False
9857,英和,2026-09-07,2629.0,2686.0,2686.0,2629.4,2615.28,580.0,2614.0,2629.0,2612.0,2629.0,400.0,0.0,-0.5705591479650107,0.5738332058148332,-2.122114668652275,-2.122114668652275,2.1681247622670208,0.0,0.6896551724137931,True,False,False
9861,吉野家ホールディングス,2026-09-07,3803.0,3910.0,4099.0,3841.4,3798.64,324920.0,3795.0,3822.0,3791.0,3807.0,31100.0,0.10518012095714901,-0.21036024191427583,0.3162055335968361,-2.6342710997442453,-7.123688704562092,7.670081428946673,4.833759590792841,0.09571586852148221,True,False,False
9867,ソレキア,2026-09-07,10580.0,10930.0,10930.0,10716.0,10526.8,220.0,10630.0,10630.0,10630.0,10580.0,600.0,0.0,0.4725897920604849,-0.470366886171214,-3.20219579139982,-3.20219579139982,3.3081285444234387,0.0,2.727272727272727,False,False,False
9869,加藤産業,2026-09-07,6630.0,6810.0,6810.0,6708.0,6542.4,31260.0,6590.0,6610.0,6590.0,6630.0,24200.0,0.0,-0.6033182503770718,0.6069802731411222,-2.643171806167399,-2.643171806167399,2.714932126696823,0.0,0.7741522712731925,True,False,False
9872,北恵,2026-09-07,962.0,967.0,967.0,959.6,955.84,3840.0,960.0,960.0,960.0,962.0,8900.0,0.0,-0.20790020790020236,0.2083333333333437,-0.5170630816959676,-0.5170630816959676,0.5197505197505281,0.0,2.3177083333333335,True,False,False
9876,コックス,2026-09-07,221.0,226.0,235.0,222.6,221.6,14820.0,221.0,221.0,221.0,221.0,19700.0,0.0,0.0,0.0,-2.212389380530977,-5.957446808510635,6.334841628959276,3.9823008849557473,1.329284750337382,False,False,False
9878,セキド,2026-09-07,411.0,420.0,429.0,412.2,413.32,6540.0,411.0,411.0,411.0,411.0,7400.0,0.0,0.0,0.0,-2.1428571428571463,-4.1958041958041985,4.379562043795615,2.1428571428571352,1.1314984709480123,False,False,False
9880,イノテック,2026-09-07,3500.0,3890.0,3890.0,3448.0,3589.0,149360.0,3450.0,3475.0,3430.0,3465.0,8700.0,-1.0000000000000009,-1.4285714285714235,0.43478260869564966,-10.925449871465299,-10.925449871465299,12.265512265512267,0.0,0.0582485270487413,True,False,False
9882,イエローハット,2026-09-07,1757.0,1817.0,1891.0,1773.4,1765.76,180700.0,1753.0,1753.0,1745.0,1749.0,24600.0,-0.4553215708594238,-0.22766078542970636,-0.22818026240730704,-3.742432581177768,-7.509254362771022,8.118925100057183,4.072647220693448,0.13613724405091313,False,False,False
9885,シャルレ,2026-09-07,332.0,339.0,340.0,334.4,334.8,4300.0,331.0,331.0,331.0,332.0,10600.0,0.0,-0.3012048192771122,0.30211480362538623,-2.0648967551622377,-2.352941176470591,2.4096385542168752,0.2949852507374562,2.4651162790697674,True,False,False
9887,松屋フーズホールディングス,2026-09-07,5250.0,5430.0,5430.0,5244.0,5102.0,63760.0,5290.0,5290.0,5270.0,5250.0,58700.0,0.0,0.7619047619047636,-0.7561436672967825,-3.314917127071826,-3.314917127071826,3.4285714285714253,0.0,0.9206398996235885,False,False,False
9888,ＵＥＸ,2026-09-07,1289.0,1331.0,1331.0,1287.6,1226.4,65420.0,1289.0,1289.0,1263.0,1284.0,3600.0,-0.38789759503491394,0.0,-0.38789759503491394,-3.531179564237419,-3.531179564237419,3.6604361370716543,0.0,0.055029043106083766,False,False,False
9889,ＪＢＣＣホールディングス,2026-09-07,1634.0,1818.0,1818.0,1678.4,1706.96,162800.0,1624.0,1624.0,1606.0,1611.0,14100.0,-1.4075887392900888,-0.6119951040391647,-0.8004926108374333,-11.386138613861386,-11.386138613861386,12.849162011173188,0.0,0.0866093366093366,False,False,False
9890,マキヤ,2026-09-07,1438.0,1462.0,1462.0,1390.8,1368.28,13140.0,1444.0,1451.0,1420.0,1424.0,2800.0,-0.9735744089012566,0.4172461752433909,-1.3850415512465353,-2.599179206566349,-2.599179206566349,2.6685393258427004,0.0,0.213089802130898,False,False,False
9895,コンセック,2026-09-07,1275.0,1290.0,1290.0,1280.0,1267.92,540.0,1280.0,1280.0,1275.0,1275.0,300.0,0.0,0.39215686274509665,-0.390625,-1.1627906976744207,-1.1627906976744207,1.17647058823529,0.0,0.5555555555555556,False,False,False
9896,ＪＫホールディングス,2026-09-07,1446.0,1461.0,1487.0,1443.2,1411.4,35340.0,1439.0,1446.0,1436.0,1446.0,21400.0,0.0,-0.48409405255878113,0.48644892286309194,-1.0266940451745366,-2.757229320780097,2.8354080221300038,1.7796030116358663,0.6055461233729486,True,False,False
9900,サガミホールディングス,2026-09-07,1092.0,1186.0,1186.0,1124.8,1097.7,383400.0,1093.0,1093.0,1085.0,1089.0,38400.0,-0.27472527472527375,0.09157509157509125,-0.36596523330283404,-8.178752107925803,-8.178752107925803,8.907254361799822,0.0,0.10015649452269171,False,False,False
9902,日伝,2026-09-07,3075.0,3225.0,3225.0,3067.0,3070.0,51680.0,3060.0,3070.0,3055.0,3065.0,9400.0,-0.3252032520325243,-0.4878048780487809,0.16339869281045694,-4.961240310077519,-4.961240310077519,5.220228384991854,0.0,0.18188854489164086,True,False,False
9903,カンセキ,2026-09-07,895.0,919.0,919.0,896.2,898.44,1480.0,898.0,898.0,895.0,895.0,1600.0,0.0,0.3351955307262511,-0.33407572383074013,-2.611534276387373,-2.611534276387373,2.681564245810053,0.0,1.0810810810810811,False,False,False
9904,ベリテ,2026-09-07,246.0,255.0,260.0,246.4,243.12,27720.0,245.0,245.0,245.0,245.0,1200.0,-0.40650406504064707,-0.40650406504064707,0.0,-3.9215686274509776,-5.769230769230771,6.1224489795918435,1.9607843137254832,0.04329004329004329,False,False,False
9906,藤井産業,2026-09-07,4390.0,4460.0,4460.0,4393.0,4257.2,1680.0,4395.0,4395.0,4395.0,4390.0,800.0,0.0,0.1138952164009055,-0.11376564277588708,-1.5695067264574036,-1.5695067264574036,1.5945330296127658,0.0,0.47619047619047616,False,False,False
9908,日本電計,2026-09-07,2872.0,3015.0,3015.0,2874.2,2751.28,21580.0,2922.0,2922.0,2877.0,2872.0,16200.0,0.0,1.7409470752089096,-1.7111567419575646,-4.74295190713101,-4.74295190713101,4.979108635097496,0.0,0.7506950880444856,False,False,False
9913,日邦産業,2026-09-07,3645.0,3865.0,3865.0,3625.0,3329.2,2260.0,3640.0,3640.0,3640.0,3640.0,100.0,-0.137174211248281,-0.137174211248281,0.0,-5.821474773609314,-5.821474773609314,6.181318681318682,0.0,0.04424778761061947,False,False,False
9928,ミロク情報サービス,2026-09-07,2029.0,2107.0,2107.0,2036.2,1935.96,38300.0,2015.0,2034.0,2006.0,2034.0,4700.0,0.2464268112370549,-0.6899950714637781,0.9429280397022399,-3.4646416706217376,-3.4646416706217376,3.5889872173058057,0.0,0.1227154046997389,True,False,False
9929,平和紙業,2026-09-07,473.0,480.0,480.0,474.8,470.72,2580.0,470.0,470.0,470.0,473.0,8200.0,0.0,-0.6342494714587699,0.6382978723404209,-1.4583333333333282,-1.4583333333333282,1.4799154334038,0.0,3.1782945736434107,True,False,False
9930,北沢産業,2026-09-07,401.0,418.0,418.0,398.2,393.2,6860.0,404.0,404.0,402.0,402.0,1000.0,0.24937655860348684,0.7481296758104827,-0.4950495049504955,-3.8277511961722466,-3.8277511961722466,3.9800995024875663,0.0,0.1457725947521866,False,False,False
9932,杉本商事,2026-09-07,1305.0,1360.0,1361.0,1326.4,1314.96,30740.0,1302.0,1302.0,1294.0,1298.0,3400.0,-0.5363984674329525,-0.22988505747126853,-0.3072196620583667,-4.558823529411759,-4.628949301983831,4.853620955315874,0.07352941176470562,0.11060507482108002,False,False,False
9934,因幡電機産業,2026-09-07,3047.0,3170.0,3170.0,3081.6,3015.7,198760.0,3016.0,3064.0,3001.0,3012.0,7500.0,-1.1486708237610777,-1.0173941581883783,-0.13262599469495706,-4.984227129337537,-4.984227129337537,5.24568393094289,0.0,0.03773395049305695,False,False,False
9936,王将フードサービス,2026-09-07,2927.0,3005.0,3155.0,2944.0,2916.68,258720.0,2937.0,2937.0,2922.0,2927.0,61900.0,0.0,0.3416467372736598,-0.3404834865509021,-2.5956738768718846,-7.226624405705229,7.789545609839421,4.991680532445919,0.2392547928262214,False,False,False
9941,太洋物産,2026-09-07,1230.0,1269.0,1330.0,1229.6,1206.2,33500.0,1225.0,1225.0,1220.0,1230.0,42800.0,0.0,-0.40650406504064707,0.40816326530612734,-3.0732860520094607,-7.518796992481203,8.130081300813007,4.806934594168633,1.2776119402985076,True,False,False
9946,ミニストップ,2026-09-07,1796.0,1884.0,1895.0,1780.0,1827.8,139640.0,1795.0,1795.0,1787.0,1789.0,7100.0,-0.38975501113586164,-0.055679287305121505,-0.3342618384401086,-5.04246284501062,-5.593667546174141,5.925097820011183,0.5838641188959715,0.05084503007734174,False,False,False
9948,アークス,2026-09-07,3655.0,3835.0,3835.0,3709.0,3656.6,97140.0,3655.0,3685.0,3655.0,3660.0,4700.0,0.1367989056087593,0.0,0.1367989056087593,-4.563233376792697,-4.563233376792697,4.781420765027322,0.0,0.04838377599341157,True,False,False
9950,ハチバン,2026-09-07,3445.0,3450.0,3450.0,3444.0,3427.2,2000.0,3445.0,3445.0,3445.0,3445.0,3500.0,0.0,0.0,0.0,-0.14492753623188692,-0.14492753623188692,0.14513788098693414,0.0,1.75,False,False,False
9955,ヨンキュウ,2026-09-07,2815.0,2888.0,2888.0,2815.8,2828.36,1500.0,2810.0,2819.0,2810.0,2815.0,600.0,0.0,-0.1776198934280604,0.1779359430605032,-2.527700831024926,-2.527700831024926,2.593250444049744,0.0,0.4,True,False,False
9956,バローホールディングス,2026-09-07,3205.0,3350.0,3460.0,3262.0,3234.2,134500.0,3195.0,3205.0,3175.0,3185.0,12300.0,-0.6240249609984372,-0.31201248049922414,-0.3129890453834161,-4.925373134328359,-7.947976878612717,8.634222919937207,3.2835820895522394,0.09144981412639405,False,False,False
9959,アシードホールディングス,2026-09-07,963.0,1180.0,1180.0,969.6,1042.28,85200.0,962.0,962.0,962.0,962.0,1200.0,-0.10384215991692258,-0.10384215991692258,0.0,-18.47457627118644,-18.47457627118644,22.661122661122658,0.0,0.014084507042253521,False,False,False
9960,東テク,2026-09-07,4095.0,4130.0,4170.0,3947.0,3854.2,95340.0,4085.0,4085.0,4030.0,4030.0,2200.0,-1.5873015873015928,-0.24420024420024333,-1.346389228886169,-2.421307506053272,-3.3573141486810565,3.473945409429291,0.9685230024213176,0.023075309418921754,False,False,False
9962,ミスミグループ本社,2026-09-07,3723.0,3984.0,4178.0,3698.6,3752.36,1010680.0,3696.0,3703.0,3669.0,3692.0,90300.0,-0.8326618318560297,-0.725221595487513,-0.10822510822511289,-7.3293172690763075,-11.63235998085208,13.16359696641387,4.86947791164658,0.08934578699489452,False,False,False
9969,ショクブン,2026-09-07,238.0,238.0,238.0,235.2,235.12,4380.0,238.0,238.0,237.0,238.0,8600.0,0.0,0.0,0.0,0.0,0.0,0.0,0.0,1.9634703196347032,False,False,False
9972,アルテック,2026-09-07,283.0,286.0,286.0,281.0,278.64,8480.0,279.0,280.0,279.0,283.0,6600.0,0.0,-1.4134275618374548,1.4336917562723928,-1.0489510489510523,-1.0489510489510523,1.0600706713780994,0.0,0.7783018867924528,True,False,False
9973,ＫＯＺＯホールディングス,2026-09-07,20.0,21.0,21.0,20.0,20.04,832400.0,20.0,20.0,20.0,20.0,709000.0,0.0,0.0,0.0,-4.761904761904767,-4.761904761904767,5.000000000000004,0.0,0.851753964440173,False,False,False
9974,ベルク,2026-09-07,6710.0,6980.0,6980.0,6810.0,6698.0,23920.0,6680.0,6710.0,6680.0,6710.0,21400.0,0.0,-0.44709388971684305,0.44910179640718084,-3.86819484240688,-3.86819484240688,4.023845007451565,0.0,0.8946488294314381,True,False,False
9976,セキチュー,2026-09-07,1061.0,1091.0,1091.0,1070.4,1057.52,820.0,1083.0,1083.0,1061.0,1061.0,1600.0,0.0,2.0735155513666337,-2.031394275161591,-2.7497708524289677,-2.7497708524289677,2.827521206409056,0.0,1.951219512195122,False,False,False
9978,文教堂グループホールディングス,2026-09-07,44.0,46.0,46.0,44.4,44.84,45040.0,44.0,45.0,44.0,45.0,32400.0,2.2727272727272707,0.0,2.2727272727272707,-2.1739130434782594,-2.1739130434782594,2.2222222222222143,0.0,0.7193605683836589,True,False,False
9979,大庄,2026-09-07,1044.0,1124.0,1140.0,1049.6,1089.24,88840.0,1042.0,1042.0,1037.0,1039.0,16100.0,-0.47892720306513814,-0.19157088122605526,-0.2879078694817627,-7.562277580071175,-8.859649122807022,9.720885466794993,1.4234875444839812,0.18122467357046376,False,False,False
9980,ＭＲＫホールディングス,2026-09-07,96.0,98.0,98.0,95.6,95.64,116560.0,95.0,97.0,95.0,97.0,33900.0,1.041666666666674,-1.041666666666663,2.1052631578947434,-1.0204081632653073,-1.0204081632653073,1.0309278350515427,0.0,0.2908373369938229,True,False,False
9982,タキヒヨー,2026-09-07,2614.0,2650.0,2650.0,2559.8,2526.24,3320.0,2588.0,2614.0,2567.0,2614.0,1900.0,0.0,-0.9946442234123998,1.004636785162294,-1.35849056603774,-1.35849056603774,1.377199693955622,0.0,0.572289156626506,True,False,False
9983,ファーストリテイリング,2026-09-07,69160.0,79520.0,81680.0,69584.0,74473.2,1038240.0,68510.0,69430.0,68510.0,69370.0,58800.0,0.30364372469635637,-0.9398496240601517,1.2552911983652049,-12.76408450704225,-15.071008814887366,17.74542309355629,2.716297786720312,0.05663430420711974,True,False,False
9984,ソフトバンクグループ,2026-09-07,6217.0,6230.0,6230.0,5398.8,5420.36,51437440.0,6125.0,6314.0,6111.0,6282.0,7084100.0,1.0455203474344588,-1.4798134148303,2.563265306122453,0.8346709470304914,0.8346709470304914,-0.8277618592804847,0.0,0.13772263938485274,True,True,True
9986,蔵王産業,2026-09-07,2477.0,2522.0,2522.0,2476.8,2487.88,2140.0,2488.0,2500.0,2488.0,2477.0,5100.0,0.0,0.4440855874041194,-0.4421221864951752,-1.7842981760507581,-1.7842981760507581,1.8167137666531996,0.0,2.383177570093458,False,False,False
9987,スズケン,2026-09-07,5122.0,5284.0,5449.0,5177.4,5048.96,176940.0,5082.0,5112.0,5082.0,5097.0,7100.0,-0.48809058961343244,-0.7809449433814897,0.2951593860684776,-3.5389856169568468,-6.459900899247573,6.906023150873053,3.122634367903099,0.040126596586413474,True,False,False
9989,サンドラッグ,2026-09-07,3710.0,3800.0,4008.0,3705.6,3711.88,508420.0,3719.0,3723.0,3703.0,3712.0,32000.0,0.05390835579515141,0.24258760107815913,-0.18822264049476178,-2.3157894736842155,-7.385229540918159,7.974137931034475,5.4736842105263195,0.06294008890287557,False,False,False
9990,サックスバー　ホールディングス,2026-09-07,753.0,767.0,791.0,755.0,754.4,64340.0,751.0,751.0,749.0,749.0,16800.0,-0.5312084993359889,-0.26560424966799445,-0.26631158455392434,-2.3468057366362483,-5.309734513274334,5.607476635514019,3.1290743155149903,0.26111283804787067,False,False,False
9991,ジェコス,2026-09-07,1785.0,1805.0,1805.0,1766.2,1761.08,41300.0,1785.0,1785.0,1772.0,1778.0,4900.0,-0.39215686274509665,0.0,-0.39215686274509665,-1.4958448753462639,-1.4958448753462639,1.5185601799775128,0.0,0.11864406779661017,False,False,False
9993,ヤマザワ,2026-09-07,1155.0,1196.0,1196.0,1157.8,1179.96,3480.0,1155.0,1155.0,1155.0,1155.0,6700.0,0.0,0.0,0.0,-3.428093645484953,-3.428093645484953,3.5497835497835473,0.0,1.9252873563218391,False,False,False
9994,やまや,2026-09-07,2053.0,2130.0,2130.0,2053.4,2077.16,9420.0,2053.0,2053.0,2044.0,2044.0,1600.0,-0.4383828543594759,0.0,-0.4383828543594759,-4.037558685446008,-4.037558685446008,4.207436399217213,0.0,0.16985138004246284,False,False,False
9996,サトー商会,2026-09-07,2025.0,2300.0,2310.0,2048.8,2124.0,300.0,2025.0,2025.0,2025.0,2025.0,1000.0,0.0,0.0,0.0,-11.956521739130432,-12.337662337662337,14.074074074074083,0.43478260869564966,3.3333333333333335,False,False,False
9997,ベルーナ,2026-09-07,1042.0,1092.0,1108.0,1053.8,1038.6,217220.0,1044.0,1044.0,1039.0,1041.0,29300.0,-0.09596928982725794,0.19193857965451588,-0.2873563218390829,-4.670329670329664,-6.046931407942235,6.4361191162343845,1.46520146520146,0.1348862903968327,False,False,False
