Code,Name,BaseDate,PrevClose,Prev20High,Prev30High,MA5,MA25,Prev5AvgVolume,MorningOpen,MorningHigh,MorningLow,MorningPrice,MorningVolume,MorningChangePct,OpenGapPct,OpenToPricePct,PriceVs20HighPct,PriceVs30HighPct,RoomTo30HighPct,ResistanceGapPct,MorningVolumeVsPrev5,MorningBullish,AbovePrev20High,AbovePrev30High
1301,極洋,2026-09-02,4700.0,4820.0,4820.0,4745.0,4664.8,38700.0,4660.0,4660.0,4600.0,4620.0,11100.0,-1.7021276595744705,-0.8510638297872353,-0.8583690987124415,-4.149377593360992,-4.149377593360992,4.329004329004338,0.0,0.2868217054263566,False,False,False
130A,Ｖｅｒｉｔａｓ　Ｉｎ　Ｓｉｌｉｃｏ,2026-09-02,433.0,464.0,477.0,435.6,422.28,9300.0,432.0,432.0,432.0,432.0,1200.0,-0.2309468822170868,-0.2309468822170868,0.0,-6.896551724137934,-9.433962264150942,10.416666666666675,2.8017241379310276,0.12903225806451613,False,False,False
1332,ニッスイ,2026-09-02,1289.0,1320.5,1346.0,1284.0,1278.46,1508520.0,1277.0,1278.5,1248.5,1252.0,328800.0,-2.8704422032583388,-0.9309542280837912,-1.9577133907595967,-5.1874290041650895,-6.983655274888556,7.507987220447276,1.9310867095797102,0.21796197597645375,False,False,False
1333,Ｕｍｉｏｓ,2026-09-02,1302.0,1320.0,1378.5,1302.3,1298.96,399280.0,1300.0,1300.0,1283.5,1284.5,103400.0,-1.3440860215053752,-0.1536098310291889,-1.1923076923076925,-2.689393939393936,-6.819006166122598,7.318022576878169,4.431818181818192,0.25896613905029053,False,False,False
135A,ＶＲＡＩＮ　Ｓｏｌｕｔｉｏｎ,2026-09-02,3895.0,4490.0,4490.0,4140.0,4019.8,66040.0,3825.0,3945.0,3825.0,3945.0,21600.0,1.2836970474968012,-1.797175866495504,3.1372549019607954,-12.1380846325167,-12.1380846325167,13.814955640050709,0.0,0.32707450030284674,True,False,False
1375,ユキグニファクトリー,2026-09-02,1168.0,1187.0,1204.0,1176.4,1157.96,37120.0,1170.0,1174.0,1168.0,1173.0,10400.0,0.42808219178083196,0.1712328767123239,0.2564102564102555,-1.1794439764111209,-2.574750830564787,2.6427962489343537,1.43218197135635,0.2801724137931034,True,False,False
1376,カネコ種苗,2026-09-02,1626.0,1664.0,1664.0,1634.4,1595.72,13300.0,1640.0,1640.0,1620.0,1621.0,3600.0,-0.30750307503074614,0.8610086100861114,-1.1585365853658547,-2.5841346153846145,-2.5841346153846145,2.652683528685995,0.0,0.2706766917293233,False,False,False
1377,サカタのタネ,2026-09-02,4395.0,4540.0,4545.0,4387.0,4405.4,83300.0,4365.0,4365.0,4325.0,4345.0,14600.0,-1.1376564277588153,-0.6825938566552892,-0.45819014891179677,-4.295154185022021,-4.400440044004405,4.602991944764101,0.11013215859030367,0.1752701080432173,False,False,False
1379,ホクト,2026-09-02,2177.0,2182.0,2182.0,2154.0,2028.56,116740.0,2155.0,2156.0,2138.0,2150.0,9300.0,-1.240238860817644,-1.010564997703256,-0.23201856148491462,-1.466544454628782,-1.466544454628782,1.4883720930232602,0.0,0.07966421106732911,False,False,False
137A,Ｃｏｃｏｌｉｖｅ,2026-09-02,688.0,765.0,765.0,692.8,706.0,2220.0,687.0,695.0,687.0,695.0,1200.0,1.017441860465107,-0.14534883720930258,1.1644832605531397,-9.150326797385622,-9.150326797385622,10.07194244604317,0.0,0.5405405405405406,True,False,False
1380,秋川牧園,2026-09-02,1000.0,1035.0,1035.0,998.0,998.84,1280.0,997.0,997.0,997.0,997.0,100.0,-0.30000000000000027,-0.30000000000000027,0.0,-3.6714975845410613,-3.6714975845410613,3.811434302908734,0.0,0.078125,False,False,False
1381,アクシーズ,2026-09-02,3555.0,3620.0,3620.0,3545.0,3466.6,3180.0,3585.0,3585.0,3570.0,3570.0,200.0,0.42194092827003704,0.8438818565400741,-0.4184100418409997,-1.3812154696132617,-1.3812154696132617,1.4005602240896309,0.0,0.06289308176100629,False,False,False
1382,ホーブ,2026-09-02,878.0,964.0,1129.0,889.4,893.2,1640.0,875.0,875.0,875.0,875.0,100.0,-0.3416856492027387,-0.3416856492027387,0.0,-9.232365145228217,-22.4977856510186,29.028571428571425,17.116182572614115,0.06097560975609756,False,False,False
1383,ベルグアース,2026-09-02,2994.0,3050.0,3050.0,2997.8,3008.92,920.0,2999.0,2999.0,2999.0,2999.0,300.0,0.16700066800268143,0.16700066800268143,0.0,-1.6721311475409784,-1.6721311475409784,1.700566855618546,0.0,0.32608695652173914,False,False,False
1384,ホクリヨウ,2026-09-02,2212.0,2256.0,2256.0,2209.4,2133.56,12880.0,2212.0,2212.0,2202.0,2205.0,1100.0,-0.31645569620253333,0.0,-0.31645569620253333,-2.2606382978723416,-2.2606382978723416,2.3129251700680253,0.0,0.08540372670807453,False,False,False
138A,光フードサービス,2026-09-02,3105.0,3200.0,3200.0,3121.0,3048.84,1660.0,3105.0,3105.0,3105.0,3105.0,100.0,0.0,0.0,0.0,-2.968749999999998,-2.968749999999998,3.059581320450877,0.0,0.060240963855421686,False,False,False
1401,エムビーエス,2026-09-02,1363.0,1373.0,1373.0,1357.4,1299.64,7760.0,1322.0,1322.0,1322.0,1322.0,600.0,-3.0080704328686703,-3.0080704328686703,0.0,-3.7144938091769886,-3.7144938091769886,3.8577912254160296,0.0,0.07731958762886598,False,False,False
1407,ウエストホールディングス,2026-09-02,2404.0,2885.0,2894.0,2635.6,2676.92,652240.0,2345.0,2353.0,2309.0,2326.0,89200.0,-3.2445923460898474,-2.454242928452577,-0.8102345415778256,-19.376083188908144,-19.62681409813407,24.41960447119518,0.31195840554592014,0.13675947503986263,False,False,False
1414,ショーボンドホールディングス,2026-09-02,1263.0,1316.0,1375.5,1274.4,1284.98,764780.0,1259.5,1264.0,1253.5,1256.0,109000.0,-0.5542359461599422,-0.27711797307996555,-0.2778880508138126,-4.559270516717328,-8.687749909123955,9.514331210191074,4.521276595744683,0.1425246476110777,False,False,False
1417,ミライト・ワン,2026-09-02,3598.0,3698.0,3707.0,3628.8,3534.64,180700.0,3580.0,3598.0,3561.0,3561.0,21100.0,-1.0283490828237873,-0.5002779321845452,-0.5307262569832383,-3.7047052460789653,-3.938494739681686,4.099971918000556,0.24337479718767874,0.11676812396236856,False,False,False
1418,インターライフホールディングス,2026-09-02,583.0,613.0,613.0,593.4,599.12,106420.0,577.0,580.0,577.0,580.0,5400.0,-0.5145797598627766,-1.0291595197255532,0.5199306759098743,-5.38336052202284,-5.38336052202284,5.689655172413799,0.0,0.05074234166510055,True,False,False
1419,タマホーム,2026-09-02,2879.0,3130.0,3140.0,2943.0,2982.04,410620.0,2855.0,2855.0,2842.0,2845.0,36600.0,-1.180965613060092,-0.8336227856894807,-0.3502626970227629,-9.105431309904155,-9.39490445859873,10.36906854130053,0.31948881789136685,0.08913350543081194,False,False,False
141A,トライアルホールディングス,2026-09-02,3890.0,4150.0,4150.0,4007.0,3612.0,604580.0,4080.0,4095.0,4015.0,4070.0,81700.0,4.6272493573264795,4.884318766066831,-0.2450980392156854,-1.927710843373498,-1.927710843373498,1.9656019656019597,0.0,0.13513513513513514,False,False,False
1420,サンヨーホームズ,2026-09-02,633.0,643.0,653.0,635.8,634.36,12780.0,632.0,633.0,632.0,632.0,2800.0,-0.15797788309637184,-0.15797788309637184,0.0,-1.7107309486780742,-3.215926493108734,3.322784810126578,1.5552099533437058,0.2190923317683881,False,False,False
1429,日本アクア,2026-09-02,794.0,815.0,815.0,800.2,783.56,82060.0,799.0,802.0,797.0,800.0,18800.0,0.7556675062972307,0.6297229219143663,0.12515644555695093,-1.8404907975460127,-1.8404907975460127,1.8750000000000044,0.0,0.22910065805508165,True,False,False
142A,ジンジブ,2026-09-02,838.0,885.0,885.0,846.4,805.36,13620.0,834.0,848.0,816.0,848.0,16000.0,1.193317422434359,-0.4773269689737458,1.6786570743405171,-4.180790960451974,-4.180790960451974,4.363207547169812,0.0,1.1747430249632893,True,False,False
1430,ファーストコーポレーション,2026-09-02,1030.0,1063.0,1063.0,1046.2,1025.36,19220.0,1031.0,1035.0,1031.0,1035.0,400.0,0.4854368932038833,0.0970873786407811,0.38797284190106307,-2.6340545625587963,-2.6340545625587963,2.70531400966183,0.0,0.02081165452653486,True,False,False
1431,Ｌｉｂ　Ｗｏｒｋ,2026-09-02,652.0,657.0,688.0,653.0,651.44,12960.0,653.0,654.0,653.0,653.0,7700.0,0.15337423312884457,0.15337423312884457,0.0,-0.60882800608828,-5.087209302325579,5.359877488514542,4.718417047184165,0.5941358024691358,False,False,False
1433,ベステラ,2026-09-02,1269.0,1336.0,1336.0,1289.2,1185.48,86380.0,1268.0,1279.0,1268.0,1277.0,7500.0,0.6304176516942483,-0.07880220646178104,0.7097791798107211,-4.416167664670656,-4.416167664670656,4.620203602192641,0.0,0.08682565408659412,True,False,False
1434,ＪＥＳＣＯホールディングス,2026-09-02,1596.0,1795.0,1795.0,1641.4,1686.12,97640.0,1584.0,1585.0,1581.0,1585.0,15200.0,-0.6892230576441061,-0.7518796992481258,0.06313131313131493,-11.6991643454039,-11.6991643454039,13.249211356466883,0.0,0.1556739041376485,True,False,False
1435,ｒｏｂｏｔ　ｈｏｍｅ,2026-09-02,175.0,190.0,190.0,178.0,173.56,503480.0,176.0,177.0,175.0,176.0,36300.0,0.5714285714285783,0.5714285714285783,0.0,-7.36842105263158,-7.36842105263158,7.954545454545459,0.0,0.07209819655199809,False,False,False
1436,グリーンエナジー＆カンパニー,2026-09-02,1637.0,1699.0,1699.0,1622.2,1527.96,34220.0,1730.0,1734.0,1715.0,1731.0,7900.0,5.7422113622480175,5.681124007330474,0.05780346820809523,1.8834608593290225,1.8834608593290225,-1.8486424032351234,0.0,0.23085914669783753,True,True,True
1438,岐阜造園,2026-09-02,2297.0,2396.0,2396.0,2317.0,2205.0,1440.0,2283.0,2283.0,2283.0,2283.0,200.0,-0.6094906399651712,-0.6094906399651712,0.0,-4.716193656093493,-4.716193656093493,4.949627682873414,0.0,0.1388888888888889,False,False,False
143A,イシン,2026-09-02,700.0,717.0,717.0,698.6,689.04,1520.0,,,,,,,,,,,,0.0,,False,False,False
1443,技研ホールディングス,2026-09-02,277.0,289.0,289.0,283.0,269.92,42720.0,284.0,284.0,279.0,279.0,41500.0,0.7220216606498298,2.5270758122743597,-1.7605633802816878,-3.460207612456745,-3.460207612456745,3.584229390680993,0.0,0.971441947565543,False,False,False
1444,ニッソウ,2026-09-02,2633.0,2705.0,2898.0,2656.8,2644.08,1860.0,2665.0,2665.0,2665.0,2665.0,200.0,1.2153437143942236,1.2153437143942236,0.0,-1.4787430683918634,-8.040027605244992,8.742964352720438,7.134935304990764,0.10752688172043011,False,False,False
1446,キャンディル,2026-09-02,537.0,552.0,552.0,538.8,540.84,4440.0,537.0,538.0,537.0,538.0,200.0,0.18621973929235924,0.0,0.18621973929235924,-2.536231884057971,-2.536231884057971,2.6022304832713727,0.0,0.04504504504504504,True,False,False
1447,ＳＡＡＦホールディングス,2026-09-02,420.0,432.0,432.0,420.6,387.52,170460.0,411.0,416.0,411.0,415.0,1300.0,-1.1904761904761862,-2.1428571428571463,0.9732360097323589,-3.935185185185186,-3.935185185185186,4.096385542168668,0.0,0.00762642262114279,True,False,False
1450,ＴＡＮＡＫＥＮ,2026-09-02,1470.0,1500.0,1510.0,1472.8,1469.36,3220.0,1470.0,1476.0,1458.0,1473.0,1500.0,0.20408163265306367,0.0,0.20408163265306367,-1.8000000000000016,-2.4503311258278093,2.511880515953835,0.6666666666666599,0.4658385093167702,True,False,False
145A,Ｌ　ｉｓ　Ｂ,2026-09-02,903.0,940.0,940.0,913.4,891.76,15560.0,904.0,910.0,904.0,910.0,700.0,0.7751937984496138,0.11074197120708451,0.6637168141592875,-3.1914893617021267,-3.1914893617021267,3.296703296703307,0.0,0.04498714652956298,True,False,False
146A,コロンビア・ワークス,2026-09-02,3400.0,4140.0,4140.0,3539.0,3503.2,48420.0,3515.0,3580.0,3515.0,3555.0,10600.0,4.558823529411771,3.3823529411764808,1.1379800853485111,-14.130434782608692,-14.130434782608692,16.455696202531644,0.0,0.21891780256092525,True,False,False
147A,ソラコム,2026-09-02,974.0,1135.0,1135.0,1001.6,1046.24,124960.0,986.0,987.0,975.0,977.0,11500.0,0.30800821355236874,1.2320328542094527,-0.9127789046653123,-13.92070484581498,-13.92070484581498,16.17195496417605,0.0,0.09202944942381562,False,False,False
148A,ハッチ・ワーク,2026-09-02,1680.0,1777.0,1777.0,1709.6,1715.08,2020.0,,,,,,,,,,,,0.0,,False,False,False
1491,中外鉱業,2026-09-02,706.0,853.0,853.0,729.0,738.08,22580.0,719.0,719.0,707.0,710.0,500.0,0.56657223796035,1.8413597733710985,-1.2517385257301838,-16.764361078546308,-16.764361078546308,20.14084507042253,0.0,0.022143489813994686,False,False,False
149A,シンカ,2026-09-02,792.0,830.0,830.0,797.6,768.2,6400.0,788.0,788.0,788.0,788.0,100.0,-0.5050505050505083,-0.5050505050505083,0.0,-5.060240963855422,-5.060240963855422,5.3299492385786795,0.0,0.015625,False,False,False
150A,ＪＳＨ,2026-09-02,741.0,858.0,858.0,769.8,624.76,323100.0,780.0,780.0,758.0,759.0,35400.0,2.429149797570851,5.263157894736836,-2.692307692307694,-11.538461538461542,-11.538461538461542,13.043478260869556,0.0,0.1095636025998143,False,False,False
1514,住石ホールディングス,2026-09-02,651.0,728.0,728.0,665.0,640.72,440240.0,676.0,676.0,671.0,675.0,41500.0,3.686635944700467,3.840245775729656,-0.14792899408283544,-7.280219780219777,-7.280219780219777,7.851851851851843,0.0,0.0942667635834999,False,False,False
1515,日鉄鉱業,2026-09-02,3360.0,4075.0,4075.0,3814.0,3443.28,942660.0,3535.0,3555.0,3285.0,3310.0,491200.0,-1.4880952380952328,5.208333333333326,-6.364922206506362,-18.77300613496933,-18.77300613496933,23.11178247734138,0.0,0.521078649778287,False,False,False
1518,三井松島ホールディングス,2026-09-02,2298.0,2394.0,2403.0,2346.6,2306.28,364300.0,2304.0,2317.0,2282.0,2291.0,53000.0,-0.3046127067014792,0.26109660574411553,-0.564236111111116,-4.3024227234753525,-4.6608406158968,4.888694893059808,0.3759398496240518,0.1454844908042822,False,False,False
151A,ダイブ,2026-09-02,662.0,669.0,669.0,660.4,646.84,11000.0,654.0,654.0,654.0,654.0,100.0,-1.2084592145015116,-1.2084592145015116,0.0,-2.2421524663677084,-2.2421524663677084,2.2935779816513735,0.0,0.00909090909090909,False,False,False
153A,カウリス,2026-09-02,1416.0,1583.0,1583.0,1439.6,1330.72,72520.0,1457.0,1495.0,1457.0,1493.0,4100.0,5.437853107344637,2.8954802259887114,2.4708304735758357,-5.685407454200886,-5.685407454200886,6.028131279303417,0.0,0.056536127964699395,True,False,False
155A,情報戦略テクノロジー,2026-09-02,805.0,880.0,880.0,838.0,832.36,28580.0,801.0,819.0,801.0,810.0,3400.0,0.6211180124223503,-0.4968944099378869,1.1235955056179803,-7.954545454545459,-7.954545454545459,8.64197530864197,0.0,0.11896431070678797,True,False,False
156A,マテリアルグループ,2026-09-02,852.0,880.0,880.0,857.6,842.92,71880.0,856.0,868.0,856.0,868.0,6200.0,1.8779342723004744,0.46948356807512415,1.4018691588784993,-1.3636363636363669,-1.3636363636363669,1.382488479262678,0.0,0.08625486922648859,True,False,False
157A,グリーンモンスター,2026-09-02,741.0,828.0,880.0,733.4,751.08,10100.0,755.0,755.0,755.0,755.0,100.0,1.8893387314439902,1.8893387314439902,0.0,-8.81642512077294,-14.204545454545459,16.55629139072847,6.2801932367149815,0.009900990099009901,False,False,False
1605,ＩＮＰＥＸ,2026-09-02,4051.0,4212.0,4212.0,3970.4,3754.4,4784240.0,3925.0,3929.0,3842.0,3851.0,923100.0,-4.9370525796099685,-3.11034312515428,-1.885350318471335,-8.570750237416902,-8.570750237416902,9.3741885224617,0.0,0.19294600605320802,False,False,False
160A,アズパートナーズ,2026-09-02,1951.0,2163.0,2163.0,1984.0,2022.4,7580.0,1953.0,1953.0,1953.0,1953.0,200.0,0.1025115325474113,0.1025115325474113,0.0,-9.708737864077666,-9.708737864077666,10.752688172043001,0.0,0.026385224274406333,False,False,False
1662,石油資源開発,2026-09-02,1924.0,2002.0,2002.0,1913.2,1816.52,1180340.0,1945.0,1947.0,1896.0,1904.0,178400.0,-1.039501039501034,1.0914760914760846,-2.107969151670952,-4.895104895104896,-4.895104895104896,5.147058823529416,0.0,0.15114289103139772,False,False,False
1663,Ｋ＆Ｏエナジーグループ,2026-09-02,1982.0,2032.0,2032.0,1989.6,1890.48,312920.0,2011.0,2011.0,1970.0,1977.0,39300.0,-0.25227043390514403,1.4631685166498487,-1.6907011437095942,-2.706692913385822,-2.706692913385822,2.7819929185634695,0.0,0.12559120541991564,False,False,False
166A,タスキホールディングス,2026-09-02,1168.0,1225.0,1225.0,1193.8,1151.6,353340.0,1122.0,1125.0,1106.0,1110.0,96900.0,-4.965753424657537,-3.9383561643835607,-1.0695187165775444,-9.387755102040817,-9.387755102040817,10.360360360360366,0.0,0.2742401086771948,False,False,False
167A,リョーサン菱洋ホールディングス,2026-09-02,3235.0,3290.0,3290.0,3233.0,3113.0,155780.0,3210.0,3230.0,3210.0,3210.0,12800.0,-0.7727975270479082,-0.7727975270479082,0.0,-2.4316109422492405,-2.4316109422492405,2.492211838006231,0.0,0.08216715881371164,False,False,False
168A,イタミアート,2026-09-02,1070.0,1091.0,1091.0,1074.6,1071.0,780.0,1070.0,1071.0,1063.0,1071.0,2000.0,0.09345794392523477,0.0,0.09345794392523477,-1.8331805682859748,-1.8331805682859748,1.8674136321195078,0.0,2.5641025641025643,True,False,False
1711,ＳＤＳホールディングス,2026-09-02,247.0,249.0,249.0,245.6,240.44,53040.0,249.0,249.0,247.0,247.0,2200.0,0.0,0.809716599190291,-0.8032128514056214,-0.8032128514056214,-0.8032128514056214,0.809716599190291,0.0,0.04147812971342383,False,False,False
1716,第一カッター興業,2026-09-02,1372.0,1519.0,1519.0,1398.2,1416.8,21780.0,1400.0,1400.0,1390.0,1392.0,9200.0,1.4577259475218707,2.0408163265306145,-0.5714285714285672,-8.360763660302828,-8.360763660302828,9.123563218390807,0.0,0.42240587695133147,False,False,False
1717,明豊ファシリティワークス,2026-09-02,943.0,971.0,971.0,953.4,954.08,13300.0,943.0,943.0,940.0,940.0,900.0,-0.31813361611876534,0.0,-0.31813361611876534,-3.192584963954681,-3.192584963954681,3.297872340425534,0.0,0.06766917293233082,False,False,False
1718,美樹工業,2026-09-02,7200.0,7460.0,7460.0,7002.0,6847.2,2600.0,7150.0,7200.0,7150.0,7200.0,200.0,0.0,-0.694444444444442,0.6993006993007089,-3.4852546916890104,-3.4852546916890104,3.6111111111111205,0.0,0.07692307692307693,True,False,False
1719,安藤・間,2026-09-02,1920.5,1960.5,1960.5,1929.4,1877.24,733000.0,1920.0,1924.0,1906.0,1909.5,66600.0,-0.572767508461336,-0.026034886748238506,-0.5468750000000022,-2.601377199693955,-2.601377199693955,2.670856245090336,0.0,0.09085948158253751,False,False,False
1720,東急建設,2026-09-02,1166.0,1208.0,1208.0,1180.0,1152.72,287640.0,1177.0,1180.0,1172.0,1174.0,15500.0,0.6861063464836947,0.9433962264151052,-0.2548853016142716,-2.814569536423839,-2.814569536423839,2.8960817717206044,0.0,0.05388680294812961,False,False,False
1721,コムシスホールディングス,2026-09-02,5416.0,5550.0,5550.0,5458.8,5322.68,355840.0,5417.0,5440.0,5356.0,5386.0,39000.0,-0.553914327917282,0.018463810930580138,-0.57227247553997,-2.954954954954958,-2.954954954954958,3.044931303379128,0.0,0.10959982014388489,False,False,False
1723,日本電技,2026-09-02,2342.0,2424.0,2546.0,2361.4,2193.56,211720.0,2325.0,2354.0,2290.0,2295.0,16400.0,-2.0068317677198966,-0.725875320239111,-1.2903225806451646,-5.321782178217827,-9.8586017282011,10.936819172113289,5.03300330033003,0.07746079727942566,False,False,False
1724,シンクレイヤ,2026-09-02,717.0,725.0,725.0,717.2,705.68,3740.0,721.0,721.0,721.0,721.0,900.0,0.557880055788007,0.557880055788007,0.0,-0.5517241379310311,-0.5517241379310311,0.554785020804438,0.0,0.24064171122994651,False,False,False
1736,オーテック,2026-09-02,2399.0,2516.0,2627.0,2418.6,2403.92,4020.0,2434.0,2434.0,2390.0,2390.0,3700.0,-0.37515631513130865,1.4589412255106238,-1.8077239112571863,-5.007949125596189,-9.021697754092116,9.916317991631797,4.4117647058823595,0.9203980099502488,False,False,False
173A,ハンモック,2026-09-02,1560.0,1624.0,1624.0,1562.0,1535.12,2100.0,1553.0,1597.0,1553.0,1565.0,1700.0,0.3205128205128194,-0.4487179487179471,0.7726980038634812,-3.633004926108374,-3.633004926108374,3.7699680511182,0.0,0.8095238095238095,True,False,False
1758,太洋基礎工業,2026-09-02,2471.0,2561.0,2561.0,2493.8,2450.08,740.0,2499.0,2499.0,2499.0,2499.0,300.0,1.1331444759206777,1.1331444759206777,0.0,-2.4209293244826235,-2.4209293244826235,2.480992396958781,0.0,0.40540540540540543,False,False,False
175A,Ｗｉｌｌ　Ｓｍａｒｔ,2026-09-02,628.0,684.0,684.0,643.0,615.24,6000.0,655.0,655.0,655.0,655.0,200.0,4.299363057324834,4.299363057324834,0.0,-4.239766081871343,-4.239766081871343,4.427480916030535,0.0,0.03333333333333333,False,False,False
1762,高松コンストラクショングループ,2026-09-02,4210.0,4320.0,4320.0,4190.0,3947.8,54840.0,4180.0,4210.0,4145.0,4160.0,5800.0,-1.187648456057011,-0.7125890736342066,-0.4784688995215336,-3.703703703703709,-3.703703703703709,3.8461538461538547,0.0,0.10576221735959154,False,False,False
1764,工藤建設,2026-09-02,2745.0,2840.0,2840.0,2745.0,2719.68,560.0,2729.0,2729.0,2729.0,2729.0,300.0,-0.5828779599271416,-0.5828779599271416,0.0,-3.9084507042253525,-3.9084507042253525,4.06742396482227,0.0,0.5357142857142857,False,False,False
1766,東建コーポレーション,2026-09-02,13820.0,13920.0,13920.0,13762.0,13399.6,17020.0,13690.0,13690.0,13630.0,13650.0,2000.0,-1.230101302460207,-0.9406657018813269,-0.29218407596786067,-1.93965517241379,-1.93965517241379,1.978021978021971,0.0,0.11750881316098707,False,False,False
1768,ソネック,2026-09-02,1034.0,1115.0,1118.0,1030.6,1043.64,2260.0,1024.0,1024.0,1024.0,1024.0,500.0,-0.9671179883945835,-0.9671179883945835,0.0,-8.161434977578475,-8.407871198568873,9.1796875,0.2690582959641308,0.22123893805309736,False,False,False
1770,藤田エンジニアリング,2026-09-02,2103.0,2153.0,2367.0,2083.4,2079.04,1740.0,2106.0,2106.0,2106.0,2106.0,100.0,0.14265335235377208,0.14265335235377208,0.0,-2.1830004644681877,-11.026615969581755,12.393162393162394,9.939619136089185,0.05747126436781609,False,False,False
177A,コージンバイオ,2026-09-02,846.0,905.0,908.0,847.0,867.36,1920.0,846.0,854.0,846.0,846.0,2100.0,0.0,0.0,0.0,-6.519337016574589,-6.8281938325991165,7.328605200945626,0.33149171270718814,1.09375,False,False,False
1780,ヤマウラ,2026-09-02,1475.0,1518.0,1555.0,1493.6,1474.52,36480.0,1475.0,1480.0,1474.0,1477.0,2000.0,0.1355932203389809,0.0,0.1355932203389809,-2.7009222661396604,-5.01607717041801,5.280974949221395,2.43741765480896,0.05482456140350877,True,False,False
1783,ｆａｎｔａｓｉｓｔａ,2026-09-02,49.0,50.0,50.0,48.8,48.48,143740.0,49.0,50.0,49.0,49.0,10300.0,0.0,0.0,0.0,-2.0000000000000018,-2.0000000000000018,2.0408163265306145,0.0,0.07165715875887019,False,False,False
1786,オリエンタル白石,2026-09-02,352.0,389.0,389.0,357.6,360.4,558960.0,354.0,356.0,354.0,355.0,55500.0,0.8522727272727293,0.5681818181818121,0.28248587570620654,-8.740359897172233,-8.740359897172233,9.577464788732403,0.0,0.09929154143409188,True,False,False
1787,ナカボーテック,2026-09-02,5800.0,6170.0,6170.0,5884.0,5890.0,620.0,5750.0,5750.0,5640.0,5680.0,800.0,-2.0689655172413834,-0.8620689655172376,-1.2173913043478257,-7.94165316045381,-7.94165316045381,8.626760563380277,0.0,1.2903225806451613,False,False,False
1788,三東工業社,2026-09-02,4145.0,4380.0,4380.0,4227.0,4288.4,520.0,4125.0,4125.0,4120.0,4120.0,500.0,-0.6031363088057851,-0.4825090470446325,-0.12121212121212199,-5.936073059360735,-5.936073059360735,6.310679611650483,0.0,0.9615384615384616,False,False,False
1793,大本組,2026-09-02,2080.0,2200.0,2200.0,2115.2,2052.56,5100.0,2104.0,2104.0,2104.0,2104.0,100.0,1.1538461538461497,1.1538461538461497,0.0,-4.363636363636358,-4.363636363636358,4.562737642585546,0.0,0.0196078431372549,False,False,False
1795,マサル,2026-09-02,5560.0,6000.0,6000.0,5582.0,5556.4,540.0,5720.0,5720.0,5720.0,5720.0,100.0,2.877697841726623,2.877697841726623,0.0,-4.666666666666663,-4.666666666666663,4.895104895104896,0.0,0.18518518518518517,False,False,False
1798,守谷商会,2026-09-02,1100.0,1138.0,1169.0,1089.6,1038.36,5440.0,1100.0,1100.0,1100.0,1100.0,100.0,0.0,0.0,0.0,-3.3391915641476255,-5.902480752780159,6.272727272727274,2.7240773286467457,0.01838235294117647,False,False,False
1799,第一建設工業,2026-09-02,3305.0,3395.0,3510.0,3351.0,3334.6,11440.0,3310.0,3310.0,3285.0,3285.0,1500.0,-0.6051437216338829,0.1512859304084735,-0.7552870090634434,-3.2400589101620025,-6.41025641025641,6.849315068493156,3.387334315169377,0.13111888111888112,False,False,False
1801,大成建設,2026-09-02,12605.0,13660.0,13945.0,12748.0,12830.0,704940.0,12775.0,12820.0,12605.0,12675.0,103200.0,0.5553351844506116,1.3486711622372027,-0.7827788649706457,-7.210834553440703,-9.10720688418788,10.019723865877705,2.086383601756947,0.14639543790960932,False,False,False
1802,大林組,2026-09-02,3006.0,3256.0,3343.0,3009.4,3050.14,2702040.0,3012.0,3036.0,2996.0,3006.0,499100.0,0.0,0.1996007984031989,-0.19920318725099584,-7.678132678132677,-10.080765779240208,11.210911510312705,2.6719901719901795,0.18471229145386447,False,False,False
1803,清水建設,2026-09-02,2396.0,2478.0,2532.5,2407.4,2382.84,3046640.0,2411.0,2420.0,2370.0,2377.0,410900.0,-0.7929883138564242,0.6260434056761355,-1.410203235172125,-4.075867635189667,-6.1401776900296134,6.541859486747992,2.199354317998381,0.13486988945198644,False,False,False
1807,佐藤渡辺,2026-09-02,1948.0,2030.0,2030.0,1943.0,1902.2,680.0,1948.0,1948.0,1948.0,1948.0,300.0,0.0,0.0,0.0,-4.039408866995076,-4.039408866995076,4.20944558521561,0.0,0.4411764705882353,False,False,False
1808,長谷工コーポレーション,2026-09-02,2902.5,2963.0,2963.0,2908.0,2809.34,913980.0,2908.5,2921.5,2848.0,2857.0,81600.0,-1.567614125753658,0.20671834625323182,-1.770672167784082,-3.577455281808972,-3.577455281808972,3.7101855092754654,0.0,0.08927985295083044,False,False,False
1810,松井建設,2026-09-02,1468.0,1530.0,1530.0,1485.6,1467.2,31780.0,1461.0,1466.0,1452.0,1455.0,5900.0,-0.8855585831062718,-0.476839237057225,-0.4106776180698102,-4.90196078431373,-4.90196078431373,5.154639175257736,0.0,0.1856513530522341,False,False,False
1811,錢高組,2026-09-02,7710.0,8500.0,8500.0,7864.0,8040.0,1780.0,7740.0,7740.0,7740.0,7740.0,100.0,0.3891050583657574,0.3891050583657574,0.0,-8.94117647058823,-8.94117647058823,9.819121447028433,0.0,0.056179775280898875,False,False,False
1812,鹿島建設,2026-09-02,4881.0,5454.0,5696.0,4879.0,4992.0,2156280.0,4930.0,4949.0,4867.0,4896.0,186700.0,0.3073140749846326,1.0038926449497998,-0.6896551724137945,-10.231023102310232,-14.04494382022472,16.33986928104576,4.437110377704445,0.08658430259521027,False,False,False
1813,不動テトラ,2026-09-02,2792.0,2930.0,2930.0,2855.2,2797.0,54320.0,2810.0,2832.0,2806.0,2806.0,9600.0,0.5014326647564404,0.6446991404011504,-0.1423487544483959,-4.232081911262798,-4.232081911262798,4.41910192444761,0.0,0.17673048600883653,False,False,False
1814,大末建設,2026-09-02,3640.0,3855.0,3855.0,3690.0,3637.4,67300.0,3610.0,3640.0,3595.0,3605.0,16600.0,-0.9615384615384581,-0.8241758241758212,-0.13850415512465242,-6.485084306095978,-6.485084306095978,6.934812760055475,0.0,0.24665676077265974,False,False,False
1815,鉄建建設,2026-09-02,4465.0,4615.0,4615.0,4549.0,4401.6,88140.0,4495.0,4505.0,4450.0,4460.0,17500.0,-0.11198208286674616,0.6718924972004547,-0.7786429365962189,-3.358613217768147,-3.358613217768147,3.4753363228699596,0.0,0.19854776491944634,False,False,False
1820,西松建設,2026-09-02,5627.0,5688.0,5688.0,5595.6,5456.48,133380.0,5600.0,5600.0,5558.0,5567.0,15800.0,-1.0662875422072116,-0.4798293939932474,-0.5892857142857144,-2.1272855133614654,-2.1272855133614654,2.173522543560269,0.0,0.1184585395111711,False,False,False
1822,大豊建設,2026-09-02,829.0,843.0,843.0,830.6,801.88,199740.0,824.0,824.0,821.0,823.0,54400.0,-0.7237635705669487,-0.6031363088057851,-0.12135922330097637,-2.3724792408066464,-2.3724792408066464,2.4301336573511634,0.0,0.2723540602783619,False,False,False
1826,佐田建設,2026-09-02,1095.0,1126.0,1126.0,1094.4,1090.8,8120.0,1086.0,1086.0,1085.0,1086.0,2100.0,-0.8219178082191747,-0.8219178082191747,0.0,-3.5523978685612745,-3.5523978685612745,3.6832412523020164,0.0,0.25862068965517243,False,False,False
1827,ナカノフドー建設,2026-09-02,1352.0,1579.0,1579.0,1361.2,1355.76,14280.0,1320.0,1320.0,1320.0,1320.0,200.0,-2.3668639053254448,-2.3668639053254448,0.0,-16.40278657378087,-16.40278657378087,19.621212121212128,0.0,0.014005602240896359,False,False,False
1828,田辺工業,2026-09-02,2463.0,2480.0,2480.0,2412.4,2338.36,14100.0,2490.0,2490.0,2457.0,2457.0,3100.0,-0.24360535931789995,1.0962241169305775,-1.3253012048192736,-0.92741935483871,-0.92741935483871,0.9361009361009254,0.0,0.2198581560283688,False,False,False
1833,奥村組,2026-09-02,5770.0,5910.0,5910.0,5838.0,5759.6,167480.0,5820.0,5830.0,5750.0,5760.0,23500.0,-0.17331022530329143,0.8665511265164572,-1.0309278350515427,-2.538071065989844,-2.538071065989844,2.604166666666674,0.0,0.14031526152376403,False,False,False
1835,東鉄工業,2026-09-02,3960.0,4225.0,4270.0,4000.0,4031.4,65920.0,3975.0,3975.0,3950.0,3955.0,7400.0,-0.12626262626262985,0.37878787878788955,-0.5031446540880502,-6.390532544378702,-7.377049180327866,7.964601769911495,1.0650887573964596,0.11225728155339806,False,False,False
1840,土屋ホールディングス,2026-09-02,257.0,260.0,260.0,255.6,249.56,21660.0,257.0,257.0,254.0,255.0,6000.0,-0.7782101167315147,0.0,-0.7782101167315147,-1.9230769230769273,-1.9230769230769273,1.9607843137254832,0.0,0.2770083102493075,False,False,False
1844,大盛工業,2026-09-02,480.0,500.0,506.0,488.0,481.76,62740.0,476.0,476.0,473.0,473.0,2700.0,-1.4583333333333282,-0.8333333333333304,-0.6302521008403339,-5.400000000000005,-6.521739130434778,6.976744186046502,1.200000000000001,0.04303474657315907,False,False,False
1847,イチケン,2026-09-02,3425.0,3560.0,3560.0,3458.0,3213.52,25600.0,3440.0,3440.0,3395.0,3395.0,1800.0,-0.8759124087591275,0.43795620437956373,-1.3081395348837233,-4.63483146067416,-4.63483146067416,4.860088365243009,0.0,0.0703125,False,False,False
1848,富士ピー・エス,2026-09-02,777.0,797.0,797.0,757.6,707.28,26320.0,769.0,772.0,766.0,766.0,7300.0,-1.4157014157014203,-1.029601029601035,-0.39011703511053764,-3.8895859473023875,-3.8895859473023875,4.046997389033935,0.0,0.2773556231003039,False,False,False
184A,学びエイド,2026-09-02,322.0,387.0,403.0,319.6,326.04,1920.0,322.0,322.0,322.0,322.0,100.0,0.0,0.0,0.0,-16.795865633074936,-20.099255583126553,25.15527950310559,4.134366925064592,0.052083333333333336,False,False,False
1850,南海辰村建設,2026-09-02,421.0,433.0,460.0,425.6,417.96,20320.0,426.0,433.0,425.0,432.0,19400.0,2.6128266033254244,1.187648456057011,1.4084507042253502,-0.2309468822170868,-6.086956521739129,6.481481481481488,6.235565819861422,0.9547244094488189,True,False,False
1852,淺沼組,2026-09-02,908.0,950.0,950.0,916.8,908.2,429460.0,897.0,899.0,893.0,894.0,45300.0,-1.541850220264318,-1.211453744493396,-0.33444816053511683,-5.894736842105264,-5.894736842105264,6.263982102908283,0.0,0.10548130210031202,False,False,False
1853,森組,2026-09-02,328.0,338.0,338.0,329.4,331.48,15420.0,326.0,326.0,325.0,325.0,2100.0,-0.9146341463414642,-0.6097560975609762,-0.30674846625766694,-3.8461538461538436,-3.8461538461538436,4.0000000000000036,0.0,0.13618677042801555,False,False,False
1860,戸田建設,2026-09-02,1534.5,1568.5,1568.5,1535.2,1500.58,896080.0,1528.0,1529.0,1515.0,1518.5,94600.0,-1.0426849136526584,-0.42359074617138726,-0.6217277486911033,-3.1877590054191884,-3.1877590054191884,3.292723081988802,0.0,0.1055709311668601,False,False,False
1861,熊谷組,2026-09-02,1282.0,1435.0,1490.0,1296.0,1332.56,912740.0,1283.0,1288.0,1277.0,1280.0,70600.0,-0.15600624024960652,0.07800312012480326,-0.2338269680436489,-10.801393728222997,-14.093959731543626,16.40625,3.832752613240409,0.07734951903061113,False,False,False
1866,北野建設,2026-09-02,1172.0,1216.0,1216.0,1186.0,1171.52,6420.0,1157.0,1157.0,1157.0,1157.0,300.0,-1.2798634812286713,-1.2798634812286713,0.0,-4.851973684210531,-4.851973684210531,5.099394987035444,0.0,0.04672897196261682,False,False,False
1867,植木組,2026-09-02,2692.0,2919.0,2935.0,2733.2,2730.8,7020.0,2687.0,2688.0,2670.0,2670.0,2100.0,-0.8172362555720625,-0.1857355126300142,-0.6326758466691507,-8.530318602261044,-9.028960817717202,9.925093632958792,0.5481329222336351,0.29914529914529914,False,False,False
186A,アストロスケールホールディングス,2026-09-02,1083.0,1380.0,1380.0,1134.0,1163.16,3785880.0,1040.0,1051.0,1025.0,1033.0,441800.0,-4.616805170821792,-3.970452446906736,-0.6730769230769207,-25.144927536231886,-25.144927536231886,33.59148112294288,0.0,0.1166967785561085,False,False,False
1870,矢作建設工業,2026-09-02,2167.0,2255.0,2255.0,2203.4,2064.12,193320.0,2158.0,2158.0,2138.0,2140.0,29700.0,-1.2459621596677461,-0.415320719889245,-0.8341056533827662,-5.09977827050998,-5.09977827050998,5.3738317757009435,0.0,0.15363128491620112,False,False,False
1871,ピーエス・コンストラクション,2026-09-02,2245.0,2407.0,2407.0,2310.8,2306.28,88460.0,2196.0,2196.0,2169.0,2184.0,10200.0,-2.7171492204899783,-2.182628062360803,-0.5464480874316946,-9.26464478604071,-9.26464478604071,10.210622710622719,0.0,0.1153063531539679,False,False,False
1873,日本ハウスホールディングス,2026-09-02,323.0,333.0,333.0,327.8,317.8,84240.0,322.0,323.0,321.0,323.0,19700.0,0.0,-0.3095975232198178,0.31055900621117516,-3.003003003003002,-3.003003003003002,3.0959752321981338,0.0,0.2338556505223172,True,False,False
1878,大東建託,2026-09-02,3319.0,3377.0,3632.0,3339.0,3299.56,1482140.0,3320.0,3327.0,3282.0,3300.0,173600.0,-0.5724615848146986,0.030129557095515125,-0.6024096385542133,-2.28013029315961,-9.140969162995594,10.060606060606059,7.5510808409831265,0.117127936632167,False,False,False
1879,新日本建設,2026-09-02,2291.0,2390.0,2390.0,2337.0,2267.68,290760.0,2311.0,2329.0,2293.0,2293.0,47200.0,0.08729812309036244,0.8729812309035356,-0.7788836001730859,-4.0585774058577435,-4.0585774058577435,4.23026602703882,0.0,0.16233319576282845,False,False,False
1882,東亜道路工業,2026-09-02,1601.0,1640.0,1654.0,1622.6,1615.24,460540.0,1610.0,1610.0,1596.0,1600.0,92900.0,-0.06246096189881367,0.562148657089323,-0.6211180124223614,-2.4390243902439046,-3.2648125755743607,3.3749999999999947,0.8536585365853666,0.20171972032831023,False,False,False
1885,東亜建設工業,2026-09-02,2087.0,2245.0,2245.0,2127.6,2069.48,535960.0,2115.0,2116.0,2063.0,2074.0,81100.0,-0.622903689506471,1.3416387158600829,-1.9385342789598137,-7.61692650334076,-7.61692650334076,8.24493731918996,0.0,0.15131726248227478,False,False,False
1887,日本国土開発,2026-09-02,542.0,557.0,557.0,550.2,535.72,269320.0,542.0,544.0,540.0,544.0,25500.0,0.36900369003689537,0.0,0.36900369003689537,-2.333931777378817,-2.333931777378817,2.389705882352944,0.0,0.0946829050943116,True,False,False
1888,若築建設,2026-09-02,3710.0,3970.0,3970.0,3812.0,3764.2,14680.0,3680.0,3700.0,3680.0,3685.0,1300.0,-0.6738544474393482,-0.8086253369272267,0.13586956521738358,-7.17884130982368,-7.17884130982368,7.734056987788329,0.0,0.0885558583106267,True,False,False
1893,五洋建設,2026-09-02,1432.5,1591.5,1626.0,1458.7,1458.16,2010960.0,1446.0,1446.5,1420.5,1427.5,167500.0,-0.3490401396160525,0.9424083769633551,-1.2793914246196358,-10.304743952246309,-12.207872078720783,13.905429071803855,2.167766258246928,0.08329355133866412,False,False,False
1897,金下建設,2026-09-02,3310.0,3575.0,3575.0,3280.0,3246.8,280.0,3310.0,3310.0,3310.0,3310.0,100.0,0.0,0.0,0.0,-7.4125874125874125,-7.4125874125874125,8.006042296072513,0.0,0.35714285714285715,False,False,False
1898,世紀東急工業,2026-09-02,1491.0,1517.0,1522.0,1499.6,1486.8,170160.0,1487.0,1487.0,1481.0,1485.0,36700.0,-0.4024144869215318,-0.26827632461435824,-0.13449899125757003,-2.109426499670397,-2.431011826544016,2.4915824915825002,0.3295978905734964,0.21567936060178655,False,False,False
1899,福田組,2026-09-02,4525.0,5140.0,5140.0,4838.0,4553.0,91320.0,4440.0,4440.0,4345.0,4365.0,3200.0,-3.53591160220994,-1.8784530386740328,-1.6891891891891886,-15.077821011673153,-15.077821011673153,17.754868270332192,0.0,0.03504161191414805,False,False,False
189A,Ｄ＆Ｍカンパニー,2026-09-02,1015.0,1023.0,1023.0,1006.4,987.16,2340.0,1013.0,1025.0,1013.0,1025.0,400.0,0.9852216748768461,-0.19704433497537144,1.1846001974333609,0.19550342130987275,0.19550342130987275,-0.19512195121951237,0.0,0.17094017094017094,True,True,True
1904,大成温調,2026-09-02,5070.0,5240.0,5240.0,5110.0,5106.0,9520.0,5070.0,5080.0,5070.0,5080.0,400.0,0.19723865877712132,0.0,0.19723865877712132,-3.053435114503822,-3.053435114503822,3.149606299212593,0.0,0.04201680672268908,True,False,False
1905,テノックス,2026-09-02,1430.0,1549.0,1580.0,1461.2,1475.08,2040.0,1461.0,1461.0,1456.0,1456.0,300.0,1.8181818181818077,2.167832167832162,-0.3422313483915085,-6.00387346675274,-7.848101265822782,8.516483516483508,2.0012911555842505,0.14705882352941177,False,False,False
1909,日本ドライケミカル,2026-09-02,3700.0,3720.0,3720.0,3700.0,3699.8,44220.0,3695.0,3700.0,3695.0,3700.0,2900.0,0.0,-0.13513513513513375,0.13531799729364913,-0.5376344086021501,-0.5376344086021501,0.540540540540535,0.0,0.06558118498417007,True,False,False
190A,Ｃｈｏｒｄｉａ　Ｔｈｅｒａｐｅｕｔｉｃｓ,2026-09-02,70.0,84.0,84.0,72.4,77.64,458420.0,71.0,71.0,70.0,71.0,84200.0,1.4285714285714235,1.4285714285714235,0.0,-15.476190476190476,-15.476190476190476,18.309859154929576,0.0,0.18367435975742769,False,False,False
1911,住友林業,2026-09-02,1303.0,1369.5,1413.0,1332.4,1340.22,3206820.0,1303.5,1305.0,1292.0,1295.5,921000.0,-0.5755947812739803,0.038372985418266836,-0.6137322593018801,-5.403431909456002,-8.315640481245579,9.069857197993048,3.1763417305586072,0.2872004041386794,False,False,False
1914,日本基礎技術,2026-09-02,827.0,829.0,829.0,807.0,749.32,36580.0,841.0,842.0,830.0,830.0,6200.0,0.36275695284160303,1.6928657799274438,-1.3079667063020217,0.12062726176116367,0.12062726176116367,-0.12048192771084709,0.0,0.1694915254237288,False,True,True
1921,巴コーポレーション,2026-09-02,1945.0,2008.0,2008.0,1963.4,1892.28,7520.0,1920.0,1920.0,1917.0,1917.0,1400.0,-1.439588688946014,-1.285347043701801,-0.15625000000000222,-4.531872509960156,-4.531872509960156,4.7470005216484035,0.0,0.18617021276595744,False,False,False
1925,大和ハウス工業,2026-09-02,4750.0,4770.0,4929.0,4721.2,4657.52,2035000.0,4799.0,4799.0,4725.0,4740.0,263400.0,-0.21052631578947212,1.0315789473684278,-1.2294227964159243,-0.6289308176100628,-3.834449178332322,3.987341772151898,3.3333333333333437,0.12943488943488943,False,False,False
1926,ライト工業,2026-09-02,3790.0,4035.0,4035.0,3829.0,3778.0,119880.0,3790.0,3815.0,3790.0,3795.0,13200.0,0.13192612137202797,0.0,0.13192612137202797,-5.947955390334569,-5.947955390334569,6.324110671936767,0.0,0.11011011011011011,True,False,False
1928,積水ハウス,2026-09-02,3411.0,3528.0,3767.0,3443.0,3445.72,2317240.0,3400.0,3402.0,3363.0,3375.0,495800.0,-1.055408970976257,-0.32248607446496713,-0.7352941176470562,-4.336734693877553,-10.406158747013539,11.61481481481481,6.774376417233552,0.21396143688180766,False,False,False
1929,日特建設,2026-09-02,1194.0,1219.0,1219.0,1195.4,1164.64,100040.0,1192.0,1196.0,1188.0,1191.0,10300.0,-0.2512562814070307,-0.16750418760469454,-0.0838926174496657,-2.2969647251845804,-2.2969647251845804,2.350965575146935,0.0,0.10295881647341064,False,False,False
192A,インテグループ,2026-09-02,1273.0,1325.0,1325.0,1258.0,1226.68,4660.0,1268.0,1268.0,1268.0,1268.0,200.0,-0.39277297721916904,-0.39277297721916904,0.0,-4.301886792452825,-4.301886792452825,4.495268138801256,0.0,0.04291845493562232,False,False,False
1930,北陸電気工事,2026-09-02,1549.0,1574.0,1733.0,1553.6,1515.92,61320.0,1564.0,1572.0,1558.0,1561.0,11300.0,0.7746933505487386,0.9683666881859176,-0.19181585677748858,-0.8259212198221122,-9.92498557414887,11.018577834721333,10.10165184243965,0.1842791911285062,False,False,False
1934,ユアテック,2026-09-02,2568.0,2670.0,2670.0,2593.0,2477.6,181460.0,2586.0,2600.0,2570.0,2577.0,13700.0,0.3504672897196359,0.7009345794392496,-0.34802784222738303,-3.483146067415732,-3.483146067415732,3.608847497089629,0.0,0.07549873250303098,False,False,False
1938,日本リーテック,2026-09-02,2480.0,2626.0,2626.0,2534.4,2472.48,81820.0,2494.0,2497.0,2474.0,2485.0,4900.0,0.20161290322580072,0.5645161290322553,-0.3608660785886175,-5.369383092155367,-5.369383092155367,5.67404426559357,0.0,0.05988755805426546,False,False,False
1939,四電工,2026-09-02,2227.0,2304.0,2304.0,2227.0,2119.4,126180.0,2327.0,2359.0,2306.0,2310.0,40200.0,3.7269869779973153,4.49034575662326,-0.7305543618392751,0.26041666666667407,0.26041666666667407,-0.2597402597402598,0.0,0.3185924869234427,False,True,True
1941,中電工,2026-09-02,5160.0,5210.0,5210.0,5122.0,5077.2,89020.0,5190.0,5190.0,5150.0,5150.0,6400.0,-0.19379844961240345,0.5813953488372103,-0.770712909441229,-1.151631477927062,-1.151631477927062,1.1650485436893288,0.0,0.07189395641428892,False,False,False
1942,関電工,2026-09-02,5570.0,5848.0,6100.0,5563.0,5492.04,849840.0,5626.0,5748.0,5623.0,5660.0,104500.0,1.6157989228007263,1.005385996409336,0.6043370067543519,-3.2147742818057434,-7.21311475409836,7.773851590106018,4.3091655266757956,0.1229643226960369,True,False,False
1944,きんでん,2026-09-02,6998.0,7489.0,7862.0,7018.0,6963.36,781100.0,7020.0,7088.0,6986.0,7004.0,52700.0,0.08573878250928146,0.314375535867395,-0.2279202279202308,-6.476165042061687,-10.913253625031793,12.250142775556828,4.980638269461868,0.06746895403917552,False,False,False
1945,東京エネシス,2026-09-02,2050.0,2138.0,2138.0,2077.8,2041.2,145760.0,2099.0,2121.0,2059.0,2064.0,38400.0,0.6829268292682933,2.3902439024390265,-1.6674606955693227,-3.4611786716557513,-3.4611786716557513,3.5852713178294637,0.0,0.26344676180021953,False,False,False
1946,トーエネック,2026-09-02,2199.0,2315.0,2315.0,2214.0,2118.44,189540.0,2213.0,2236.0,2201.0,2215.0,11200.0,0.7276034561164213,0.6366530241018742,0.09037505648441524,-4.3196544276457916,-4.3196544276457916,4.514672686230248,0.0,0.05909042946079983,True,False,False
1948,弘電社,2026-09-02,11420.0,11480.0,11480.0,11426.0,11415.6,4180.0,11420.0,11430.0,11420.0,11420.0,1200.0,0.0,0.0,0.0,-0.5226480836236891,-0.5226480836236891,0.5253940455341555,0.0,0.28708133971291866,False,False,False
194A,ＷＯＬＶＥＳ　ＨＡＮＤ,2026-09-02,2080.0,2160.0,2160.0,1996.0,1763.76,29440.0,1805.0,1841.0,1790.0,1841.0,10800.0,-11.490384615384619,-13.221153846153843,1.9944598337950037,-14.768518518518514,-14.768518518518514,17.327539380771317,0.0,0.36684782608695654,True,False,False
1950,日本電設工業,2026-09-02,3975.0,4100.0,4195.0,3990.0,3920.0,94200.0,3975.0,4005.0,3965.0,3975.0,11700.0,0.0,0.0,0.0,-3.0487804878048808,-5.244338498212153,5.534591194968552,2.3170731707317094,0.12420382165605096,False,False,False
1951,エクシオグループ,2026-09-02,2625.0,2775.0,2775.0,2644.9,2613.66,436580.0,2623.5,2624.0,2602.0,2611.5,26900.0,-0.5142857142857116,-0.05714285714285561,-0.4574042309891335,-5.891891891891888,-5.891891891891888,6.260769672601962,0.0,0.06161528242246553,False,False,False
1952,新日本空調,2026-09-02,3125.0,3500.0,3570.0,3156.0,3144.8,173400.0,3145.0,3150.0,3125.0,3125.0,11500.0,0.0,0.6399999999999961,-0.6359300476947549,-10.71428571428571,-12.46498599439776,14.240000000000009,2.0000000000000018,0.06632064590542099,False,False,False
1959,クラフティア,2026-09-02,8096.0,8546.0,9368.0,8216.0,8264.84,154500.0,8059.0,8158.0,8050.0,8090.0,23200.0,-0.07411067193675569,-0.45701581027668414,0.3846631095669517,-5.335829627896094,-13.642186165670367,15.797280593325102,9.61853498712848,0.15016181229773462,True,False,False
195A,ＭＵＳＣＡＴ　ＧＲＯＵＰ,2026-09-02,675.0,732.0,805.0,645.8,654.8,26500.0,666.0,686.0,666.0,686.0,5800.0,1.6296296296296253,-1.3333333333333308,3.003003003003002,-6.284153005464477,-14.782608695652177,17.34693877551021,9.97267759562841,0.2188679245283019,True,False,False
1960,サンテック,2026-09-02,1650.0,1790.0,1790.0,1662.2,1602.6,16980.0,1651.0,1651.0,1646.0,1646.0,3200.0,-0.24242424242424399,0.060606060606049894,-0.30284675953967666,-8.04469273743017,-8.04469273743017,8.748481166464162,0.0,0.18845700824499412,False,False,False
1961,三機工業,2026-09-02,2388.0,2585.0,2585.0,2437.2,2386.28,519580.0,2384.0,2400.0,2364.0,2379.0,29600.0,-0.37688442211055717,-0.16750418760469454,-0.2097315436241587,-7.969052224371376,-7.969052224371376,8.659100462379143,0.0,0.05696909041918473,False,False,False
1963,日揮ホールディングス,2026-09-02,2352.0,2421.0,2421.0,2331.3,2290.88,1706540.0,2382.5,2401.5,2332.0,2340.0,261400.0,-0.5102040816326481,1.296768707482987,-1.783840503672618,-3.3457249070631967,-3.3457249070631967,3.4615384615384714,0.0,0.15317543098901873,False,False,False
1964,中外炉工業,2026-09-02,3955.0,4250.0,4290.0,4041.0,4022.6,19420.0,3955.0,3975.0,3930.0,3930.0,2600.0,-0.6321112515802807,0.0,-0.6321112515802807,-7.529411764705884,-8.391608391608397,9.160305343511443,0.9411764705882453,0.13388259526261587,False,False,False
1965,テクノ菱和,2026-09-02,6740.0,7280.0,7280.0,6902.0,6252.8,83580.0,6770.0,6810.0,6660.0,6660.0,6900.0,-1.1869436201780381,0.4451038575667754,-1.6248153618906969,-8.51648351648352,-8.51648351648352,9.30930930930931,0.0,0.08255563531945441,False,False,False
1966,高田工業所,2026-09-02,1738.0,1775.0,1780.0,1734.6,1731.8,2200.0,1741.0,1741.0,1741.0,1741.0,100.0,0.17261219792865656,0.17261219792865656,0.0,-1.9154929577464785,-2.1910112359550538,2.240091901206198,0.28169014084507005,0.045454545454545456,False,False,False
1967,ヤマト,2026-09-02,2091.0,2174.0,2192.0,2097.0,2063.6,14020.0,2074.0,2086.0,2066.0,2066.0,2600.0,-1.1956001912960312,-0.8130081300813052,-0.3857280617164949,-4.967801287948481,-5.748175182481752,6.098741529525653,0.8279668813247376,0.18544935805991442,False,False,False
1968,太平電業,2026-09-02,2462.0,2594.0,2594.0,2481.0,2429.44,128880.0,2488.0,2519.0,2485.0,2496.0,19000.0,1.380991064175463,1.0560519902518273,0.3215434083601254,-3.7779491133384746,-3.7779491133384746,3.9262820512820484,0.0,0.1474239602731223,True,False,False
1969,高砂熱学工業,2026-09-02,4279.0,4467.0,4571.0,4336.4,4257.72,432100.0,4284.0,4309.0,4255.0,4273.0,41500.0,-0.14021967749474618,0.11684973124561626,-0.2567693744164323,-4.342959480635777,-6.519361190111573,6.974022934706303,2.3281844638459726,0.0960425827354779,False,False,False
196A,ＭＦＳ,2026-09-02,329.0,391.0,391.0,347.6,314.0,198700.0,315.0,315.0,310.0,310.0,12300.0,-5.775075987841949,-4.255319148936165,-1.5873015873015928,-20.716112531969312,-20.716112531969312,26.129032258064512,0.0,0.06190236537493709,False,False,False
1972,三晃金属工業,2026-09-02,1330.0,1356.0,1356.0,1344.0,1313.08,22600.0,1318.0,1320.0,1306.0,1309.0,7300.0,-1.5789473684210575,-0.9022556390977488,-0.6828528072837625,-3.466076696165188,-3.466076696165188,3.59052711993888,0.0,0.3230088495575221,False,False,False
1975,朝日工業社,2026-09-02,3845.0,4130.0,4175.0,3925.0,3842.8,77900.0,3870.0,3880.0,3840.0,3845.0,5400.0,0.0,0.6501950585175553,-0.6459948320413411,-6.900726392251821,-7.9041916167664645,8.58257477243174,1.0895883777239712,0.0693196405648267,False,False,False
1976,明星工業,2026-09-02,1699.0,1909.0,2110.0,1727.8,1820.76,122560.0,1688.0,1688.0,1675.0,1677.0,7200.0,-1.2948793407887016,-0.6474396703943452,-0.6516587677725116,-12.152959664745943,-20.521327014218006,25.819916517590947,10.529072812991092,0.0587467362924282,False,False,False
1979,大氣社,2026-09-02,3875.0,4435.0,4620.0,3932.0,4060.8,271320.0,3870.0,3890.0,3845.0,3870.0,18900.0,-0.1290322580645209,-0.1290322580645209,0.0,-12.739571589627962,-16.233766233766232,19.379844961240302,4.171364148816226,0.0696594427244582,False,False,False
197A,タウンズ,2026-09-02,506.0,512.0,512.0,506.6,489.28,154920.0,504.0,504.0,501.0,502.0,27600.0,-0.7905138339920903,-0.39525691699604515,-0.3968253968253954,-1.953125,-1.953125,1.9920318725099584,0.0,0.17815646785437644,False,False,False
1980,ダイダン,2026-09-02,2732.0,2948.0,2948.0,2777.2,2663.88,564500.0,2721.0,2780.0,2715.0,2744.0,64800.0,0.43923865300146137,-0.4026354319180081,0.8452774715178135,-6.919945725915877,-6.919945725915877,7.434402332361523,0.0,0.11479185119574845,True,False,False
1981,協和日成,2026-09-02,1340.0,1355.0,1385.0,1338.4,1330.96,3600.0,1366.0,1366.0,1335.0,1340.0,14400.0,0.0,1.94029850746269,-1.9033674963396807,-1.1070110701106972,-3.2490974729241895,3.3582089552238736,2.2140221402213944,4.0,False,False,False
1982,日比谷総合設備,2026-09-02,2936.0,3260.0,3260.0,2984.0,2923.4,101360.0,2969.0,2969.0,2924.0,2935.0,9500.0,-0.03405994550408353,1.1239782016348787,-1.1451667228022933,-9.969325153374232,-9.969325153374232,11.073253833049401,0.0,0.09372533543804262,False,False,False
198A,ＰｏｓｔＰｒｉｍｅ,2026-09-02,166.0,188.0,188.0,171.6,159.32,171140.0,164.0,165.0,164.0,165.0,4000.0,-0.6024096385542133,-1.2048192771084376,0.6097560975609762,-12.234042553191493,-12.234042553191493,13.939393939393941,0.0,0.02337267734018932,True,False,False
1994,高橋カーテンウォール工業,2026-09-02,618.0,651.0,651.0,614.2,579.68,39380.0,625.0,627.0,619.0,620.0,4800.0,0.3236245954692629,1.132686084142387,-0.8000000000000007,-4.761904761904767,-4.761904761904767,5.000000000000004,0.0,0.12188928390045708,False,False,False
1997,暁飯島工業,2026-09-02,3885.0,4290.0,4290.0,4024.0,3966.2,5580.0,3885.0,3890.0,3885.0,3890.0,500.0,0.12870012870012104,0.0,0.12870012870012104,-9.32400932400932,-9.32400932400932,10.282776349614387,0.0,0.08960573476702509,True,False,False
2001,ニップン,2026-09-02,2986.0,2999.0,2999.0,2940.6,2879.76,147240.0,2962.0,2968.0,2952.0,2964.0,17500.0,-0.7367716008037539,-0.8037508372404578,0.06752194463199857,-1.167055685228413,-1.167055685228413,1.1808367071524994,0.0,0.11885357239880467,True,False,False
2002,日清製粉グループ本社,2026-09-02,2064.5,2078.0,2189.5,2049.0,2029.58,877800.0,2059.0,2059.0,2033.5,2042.5,199900.0,-1.0656333252603511,-0.26640833131509334,-0.8013598834385571,-1.7083734359961467,-6.713861612240235,7.197062423500622,5.365736284889322,0.22772841193893825,False,False,False
2003,日東富士製粉,2026-09-02,1812.0,1830.0,1905.0,1806.0,1791.04,15460.0,1810.0,1811.0,1810.0,1810.0,2300.0,-0.11037527593819041,-0.11037527593819041,0.0,-1.0928961748633892,-4.986876640419946,5.248618784530379,4.098360655737698,0.14877102199223805,False,False,False
2004,昭和産業,2026-09-02,3825.0,3850.0,3850.0,3789.0,3643.4,56140.0,3870.0,3880.0,3815.0,3825.0,14500.0,0.0,1.17647058823529,-1.1627906976744207,-0.649350649350644,-0.649350649350644,0.6535947712418277,0.0,0.2582828642679017,False,False,False
2009,鳥越製粉,2026-09-02,1101.0,1113.0,1113.0,1101.8,1088.92,16580.0,1105.0,1105.0,1105.0,1105.0,1700.0,0.36330608537693543,0.36330608537693543,0.0,-0.7187780772686447,-0.7187780772686447,0.7239819004524861,0.0,0.10253317249698432,False,False,False
2053,中部飼料,2026-09-02,2025.0,2059.0,2059.0,2019.8,1974.56,63180.0,2003.0,2003.0,1989.0,1991.0,10600.0,-1.6790123456790096,-1.0864197530864206,-0.5991013479780372,-3.3025740650801327,-3.3025740650801327,3.415369161225512,0.0,0.16777461221905665,False,False,False
2055,日和産業,2026-09-02,349.0,359.0,359.0,347.2,343.72,10140.0,349.0,349.0,346.0,348.0,2100.0,-0.2865329512893977,0.0,-0.2865329512893977,-3.064066852367686,-3.064066852367686,3.1609195402298784,0.0,0.20710059171597633,False,False,False
205A,ロゴスホールディングス,2026-09-02,1625.0,1842.0,2000.0,1663.4,1721.88,39780.0,1650.0,1650.0,1637.0,1639.0,2600.0,0.8615384615384691,1.538461538461533,-0.666666666666671,-11.02062975027145,-18.05,22.025625381330084,8.577633007600438,0.06535947712418301,False,False,False
2060,フィード・ワン,2026-09-02,1462.0,1477.0,1477.0,1435.6,1367.04,146160.0,1445.0,1445.0,1432.0,1438.0,18000.0,-1.641586867305067,-1.1627906976744207,-0.48442906574394096,-2.6404874746106977,-2.6404874746106977,2.712100139082052,0.0,0.12315270935960591,False,False,False
206A,ＰＲＩＳＭ　ＢｉｏＬａｂ,2026-09-02,171.0,181.0,181.0,174.8,165.8,137300.0,175.0,175.0,172.0,172.0,2800.0,0.5847953216374213,2.3391812865497075,-1.7142857142857126,-4.972375690607733,-4.972375690607733,5.232558139534893,0.0,0.02039329934450109,False,False,False
208A,構造計画研究所ホールディングス,2026-09-02,2932.0,3105.0,3105.0,2973.8,2975.2,9160.0,2892.0,2892.0,2892.0,2892.0,100.0,-1.3642564802182844,-1.3642564802182844,0.0,-6.859903381642507,-6.859903381642507,7.365145228215764,0.0,0.010917030567685589,False,False,False
2108,日本甜菜製糖,2026-09-02,5450.0,5980.0,5980.0,5444.0,5377.6,53080.0,5460.0,5480.0,5410.0,5410.0,2700.0,-0.7339449541284404,0.18348623853210455,-0.9157509157509125,-9.53177257525084,-9.53177257525084,10.536044362292053,0.0,0.05086661642803316,False,False,False
2109,ＤＭ三井製糖,2026-09-02,3770.0,3810.0,3810.0,3705.0,3573.4,53020.0,3825.0,3830.0,3795.0,3795.0,9900.0,0.6631299734747964,1.458885941644561,-0.7843137254901933,-0.3937007874015741,-0.3937007874015741,0.39525691699604515,0.0,0.18672199170124482,False,False,False
2112,塩水港精糖,2026-09-02,473.0,485.0,485.0,477.6,462.72,36600.0,468.0,468.0,466.0,466.0,9400.0,-1.4799154334038,-1.0570824524312905,-0.42735042735042583,-3.9175257731958735,-3.9175257731958735,4.077253218884125,0.0,0.2568306010928962,False,False,False
2114,フジ日本,2026-09-02,684.0,694.0,694.0,675.6,647.28,23840.0,680.0,682.0,680.0,681.0,3800.0,-0.43859649122807154,-0.5847953216374324,0.14705882352941124,-1.8731988472622474,-1.8731988472622474,1.9089574155653377,0.0,0.1593959731543624,True,False,False
2117,ウェルネオシュガー,2026-09-02,2808.0,2923.0,2923.0,2836.4,2810.96,29620.0,2825.0,2825.0,2804.0,2807.0,3900.0,-0.03561253561253919,0.6054131054131107,-0.6371681415929253,-3.9685254875128306,-3.9685254875128306,4.132525828286426,0.0,0.13166779203241052,False,False,False
211A,カドス・コーポレーション,2026-09-02,3365.0,3415.0,3935.0,3378.0,3362.4,1860.0,3385.0,3385.0,3385.0,3385.0,200.0,0.5943536404160454,0.5943536404160454,0.0,-0.8784773060029227,-13.977128335451084,16.248153618906947,15.226939970717424,0.10752688172043011,False,False,False
2120,ＬＩＦＵＬＬ,2026-09-02,231.0,249.0,249.0,236.8,225.08,999700.0,231.0,233.0,231.0,231.0,190700.0,0.0,0.0,0.0,-7.2289156626506035,-7.2289156626506035,7.792207792207795,0.0,0.19075722716815044,False,False,False
2121,ＭＩＸＩ,2026-09-02,3700.0,3825.0,3825.0,3652.0,3388.84,494140.0,3705.0,3720.0,3680.0,3700.0,60300.0,0.0,0.13513513513514486,-0.13495276653171517,-3.26797385620915,-3.26797385620915,3.378378378378377,0.0,0.12203019387218197,False,False,False
2122,インタースペース,2026-09-02,1512.0,1520.0,1520.0,1487.6,1431.72,8900.0,1500.0,1500.0,1500.0,1500.0,500.0,-0.7936507936507908,-0.7936507936507908,0.0,-1.3157894736842146,-1.3157894736842146,1.333333333333342,0.0,0.056179775280898875,False,False,False
2124,ジェイエイシーリクルートメント,2026-09-02,978.0,1065.0,1065.0,998.0,979.28,531040.0,975.0,981.0,975.0,977.0,25900.0,-0.10224948875255935,-0.30674846625766694,0.20512820512821328,-8.26291079812207,-8.26291079812207,9.007164790174006,0.0,0.04877222054835794,True,False,False
2127,日本Ｍ＆Ａセンターホールディングス,2026-09-02,660.0,695.2000122070312,714.9000244140625,680.2400024414062,666.0680004882812,4182000.0,664.0,664.7000122070312,654.0,654.4000244140625,416500.0,-0.8484811493844724,0.60606060606061,-1.4457794557134807,-5.868812870621543,-8.462721770024595,9.245109679537467,2.8337186221401467,0.09959349593495935,False,False,False
212A,フィットイージー,2026-09-02,2848.0,3155.0,3155.0,2946.2,2952.56,123040.0,2802.0,2808.0,2777.0,2790.0,19300.0,-2.0365168539325795,-1.6151685393258397,-0.4282655246252709,-11.568938193343904,-11.568938193343904,13.082437275985658,0.0,0.1568595578673602,False,False,False
2130,メンバーズ,2026-09-02,911.0,969.0,1118.0,927.8,938.32,78960.0,906.0,915.0,906.0,913.0,4000.0,0.2195389681668436,-0.5488474204171201,0.7726269315673218,-5.779153766769863,-18.33631484794276,22.453450164293542,15.376676986584116,0.05065856129685917,True,False,False
2134,北浜キャピタルパートナーズ,2026-09-02,20.0,25.0,26.0,20.4,22.48,1201600.0,20.0,21.0,20.0,21.0,376800.0,5.000000000000004,0.0,5.000000000000004,-16.000000000000004,-19.23076923076923,23.809523809523814,4.0000000000000036,0.31358189081225035,True,False,False
2136,ヒップ,2026-09-02,1407.0,1460.0,1468.0,1419.6,1421.68,1380.0,1417.0,1417.0,1417.0,1417.0,100.0,0.7107320540156392,0.7107320540156392,0.0,-2.945205479452051,-3.474114441416898,3.59915314043755,0.5479452054794498,0.07246376811594203,False,False,False
2138,クルーズ,2026-09-02,453.0,473.0,473.0,454.8,456.44,8160.0,451.0,451.0,450.0,450.0,400.0,-0.6622516556291425,-0.44150110375276164,-0.22172949002217113,-4.8625792811839315,-4.8625792811839315,5.111111111111111,0.0,0.049019607843137254,False,False,False
2139,中広,2026-09-02,523.0,532.0,533.0,526.8,526.16,2100.0,524.0,524.0,524.0,524.0,100.0,0.19120458891013214,0.19120458891013214,0.0,-1.5037593984962405,-1.6885553470919357,1.717557251908386,0.1879699248120259,0.047619047619047616,False,False,False
2146,ＵＴグループ,2026-09-02,232.0,240.0,240.0,234.2,214.16,5949500.0,227.0,228.0,226.0,226.0,646900.0,-2.5862068965517238,-2.155172413793105,-0.4405286343612369,-5.833333333333335,-5.833333333333335,6.194690265486735,0.0,0.10873182620388268,False,False,False
2148,アイティメディア,2026-09-02,1187.0,1279.0,1279.0,1224.4,1228.4,48980.0,1185.0,1186.0,1182.0,1186.0,6000.0,-0.08424599831508006,-0.16849199663016012,0.08438818565401629,-7.271305707584053,-7.271305707584053,7.841483979763919,0.0,0.12249897917517354,True,False,False
2152,幼児活動研究会,2026-09-02,1520.0,1594.0,1628.0,1542.8,1523.04,740.0,1520.0,1529.0,1515.0,1529.0,300.0,0.5921052631578938,0.0,0.5921052631578938,-4.077791718946044,-6.081081081081086,6.474820143884896,2.132998745294845,0.40540540540540543,True,False,False
2153,Ｅ・Ｊホールディングス,2026-09-02,1857.0,1908.0,1908.0,1877.0,1791.0,73320.0,1851.0,1851.0,1841.0,1848.0,7600.0,-0.4846526655896577,-0.3231017770597755,-0.16207455429497752,-3.1446540880503138,-3.1446540880503138,3.2467532467532534,0.0,0.10365521003818876,False,False,False
2154,オープンアップグループ,2026-09-02,2023.0,2083.0,2106.0,2057.6,2022.16,152920.0,2001.0,2008.0,1994.0,1998.0,16400.0,-1.2357884330202684,-1.0874938210578389,-0.14992503748125774,-4.08065290446471,-5.128205128205132,5.405405405405395,1.1041766682669207,0.10724561862411719,False,False,False
2156,セーラー広告,2026-09-02,280.0,285.0,285.0,279.8,273.4,18900.0,279.0,283.0,276.0,280.0,5500.0,0.0,-0.3571428571428559,0.35842293906809264,-1.7543859649122862,-1.7543859649122862,1.7857142857142794,0.0,0.291005291005291,True,False,False
2157,コシダカホールディングス,2026-09-02,1044.0,1076.0,1099.0,1026.8,1037.04,2431800.0,1020.0,1025.0,1018.0,1022.0,28300.0,-2.1072796934865856,-2.298850574712641,0.19607843137254832,-5.018587360594795,-7.006369426751591,7.534246575342474,2.1375464684014966,0.011637470186692984,True,False,False
2158,ＦＲＯＮＴＥＯ,2026-09-02,615.0,675.0,675.0,633.0,636.32,181780.0,623.0,632.0,620.0,621.0,43800.0,0.9756097560975618,1.300813008130075,-0.32102728731941976,-7.9999999999999964,-7.9999999999999964,8.695652173913038,0.0,0.24095059962592144,False,False,False
215A,タイミー,2026-09-02,1663.0,1825.0,1825.0,1751.0,1620.32,1660560.0,1603.0,1606.0,1584.0,1598.0,233200.0,-3.9085989176187663,-3.607937462417321,-0.3119151590767366,-12.438356164383556,-12.438356164383556,14.205256570713388,0.0,0.14043455219925807,False,False,False
2160,ジーエヌアイグループ,2026-09-02,2779.0,2988.0,2988.0,2842.2,2734.96,1058260.0,2841.0,2868.0,2806.0,2823.0,141000.0,1.5833033465275204,2.2310183519251625,-0.6335797254487852,-5.522088353413657,-5.522088353413657,5.844845908607854,0.0,0.13323757866686825,False,False,False
2163,アルトナー,2026-09-02,961.0,984.0,1009.0,971.4,967.88,22820.0,960.0,963.0,960.0,960.0,2800.0,-0.10405827263267886,-0.10405827263267886,0.0,-2.4390243902439046,-4.856293359762143,5.104166666666665,2.5406504065040636,0.12269938650306748,False,False,False
2164,地域新聞社,2026-09-02,128.0,188.0,188.0,143.2,153.44,496280.0,123.0,124.0,122.0,123.0,38500.0,-3.90625,-3.90625,0.0,-34.57446808510638,-34.57446808510638,52.845528455284565,0.0,0.07757717417586846,False,False,False
2168,パソナグループ,2026-09-02,1657.0,1762.0,1762.0,1716.0,1638.8,206220.0,1645.0,1652.0,1641.0,1648.0,8500.0,-0.5431502715751324,-0.7242003621001802,0.18237082066869803,-6.469920544835417,-6.469920544835417,6.917475728155331,0.0,0.04121811657453205,True,False,False
2169,ＣＤＳ,2026-09-02,1728.0,1735.0,1735.0,1727.0,1718.8,2120.0,1721.0,1730.0,1721.0,1730.0,2200.0,0.11574074074074403,-0.405092592592593,0.5229517722254551,-0.2881844380403509,-0.2881844380403509,0.28901734104045396,0.0,1.0377358490566038,True,False,False
2170,リンクアンドモチベーション,2026-09-02,661.0,749.0,749.0,709.2,659.24,581340.0,666.0,674.0,666.0,672.0,32500.0,1.6641452344931862,0.7564296520423675,0.9009009009008917,-10.280373831775702,-10.280373831775702,11.458333333333325,0.0,0.05590532218667217,True,False,False
2173,博展,2026-09-02,715.0,745.0,745.0,720.4,711.24,8720.0,715.0,715.0,710.0,710.0,500.0,-0.6993006993006978,0.0,-0.6993006993006978,-4.697986577181212,-4.697986577181212,4.929577464788726,0.0,0.05733944954128441,False,False,False
2175,エス・エム・エス,2026-09-02,2499.0,2536.0,2536.0,2470.6,2327.48,530500.0,2484.0,2493.0,2391.0,2424.0,56000.0,-3.001200480192079,-0.600240096038418,-2.4154589371980673,-4.416403785488954,-4.416403785488954,4.62046204620461,0.0,0.1055607917059378,False,False,False
2179,成学社,2026-09-02,824.0,888.0,888.0,852.2,839.28,13800.0,825.0,832.0,824.0,831.0,1800.0,0.8495145631068013,0.12135922330096527,0.727272727272732,-6.418918918918914,-6.418918918918914,6.859205776173294,0.0,0.13043478260869565,True,False,False
2180,サニーサイドアップグループ,2026-09-02,1311.0,1315.0,1315.0,1308.8,1307.64,8180.0,1309.0,1309.0,1309.0,1309.0,3500.0,-0.15255530129671957,-0.15255530129671957,0.0,-0.4562737642585524,-0.4562737642585524,0.4583651642475095,0.0,0.4278728606356968,False,False,False
2181,パーソルホールディングス,2026-09-02,297.0,304.29998779296875,304.29998779296875,299.1,282.66399658203125,11505800.0,300.0,300.0,296.5,297.29998779296875,587900.0,0.10100599089857276,1.0101010101010166,-0.9000040690104183,-2.300361577655552,-2.300361577655552,2.354524146457271,0.0,0.0510959689895531,False,False,False
2183,リニカル,2026-09-02,207.0,213.0,213.0,207.0,207.08,26500.0,206.0,207.0,206.0,207.0,1800.0,0.0,-0.48309178743961567,0.4854368932038833,-2.8169014084507005,-2.8169014084507005,2.898550724637672,0.0,0.06792452830188679,True,False,False
2185,シイエム・シイ,2026-09-02,2009.0,2010.0,2010.0,1999.6,1931.52,2180.0,2005.0,2005.0,1997.0,1997.0,200.0,-0.5973120955699351,-0.19910403185664505,-0.39900249376558783,-0.6467661691542337,-0.6467661691542337,0.6509764646970506,0.0,0.09174311926605505,False,False,False
2186,ソーバル,2026-09-02,898.0,932.0,932.0,907.8,916.0,30340.0,904.0,912.0,904.0,906.0,5200.0,0.8908685968819663,0.6681514476614803,0.22123893805310324,-2.7896995708154515,-2.7896995708154515,2.8697571743929284,0.0,0.17139090309822017,True,False,False
218A,Ｌｉｂｅｒａｗａｒｅ,2026-09-02,1172.0,1238.0,1238.0,1187.6,1096.68,370780.0,1166.0,1176.0,1133.0,1138.0,40100.0,-2.9010238907849817,-0.5119453924914641,-2.401372212692965,-8.077544426494343,-8.077544426494343,8.787346221441128,0.0,0.10815038567344518,False,False,False
2193,クックパッド,2026-09-02,127.0,139.0,139.0,131.8,129.2,287020.0,126.0,127.0,126.0,126.0,116100.0,-0.7874015748031482,-0.7874015748031482,0.0,-9.352517985611508,-9.352517985611508,10.317460317460325,0.0,0.4045014284718835,False,False,False
2195,アミタホールディングス,2026-09-02,394.0,434.0,434.0,384.4,349.48,255380.0,398.0,398.0,386.0,386.0,10800.0,-2.030456852791873,1.0152284263959421,-3.015075376884424,-11.059907834101379,-11.059907834101379,12.435233160621761,0.0,0.04228992090218498,False,False,False
2198,アイ・ケイ・ケイホールディングス,2026-09-02,786.0,796.0,812.0,788.0,783.76,19120.0,775.0,776.0,775.0,776.0,900.0,-1.2722646310432517,-1.3994910941475869,0.1290322580645098,-2.5125628140703515,-4.433497536945808,4.6391752577319645,2.01005025125629,0.04707112970711297,True,False,False
219A,Ｈｅａｒｔｓｅｅｄ,2026-09-02,2223.0,2646.0,2646.0,2424.0,2042.2,791720.0,2178.0,2185.0,2124.0,2174.0,66200.0,-2.2042285200179923,-2.0242914979757054,-0.18365472910927272,-17.838246409674984,-17.838246409674984,21.711131554737804,0.0,0.08361541959278533,False,False,False
2201,森永製菓,2026-09-02,2547.0,2629.0,2829.5,2540.6,2578.2,369340.0,2544.0,2544.0,2509.5,2510.5,76500.0,-1.4330585001963048,-0.11778563015312216,-1.3168238993710668,-4.507417268923541,-11.274076691995049,12.706632144991037,7.626473944465584,0.20712622515839063,False,False,False
2204,中村屋,2026-09-02,3180.0,3265.0,3350.0,3169.0,3204.2,9920.0,3175.0,3175.0,3165.0,3165.0,800.0,-0.4716981132075526,-0.15723270440252124,-0.31496062992125706,-3.0627871362940318,-5.5223880597014885,5.845181674565558,2.6033690658499253,0.08064516129032258,False,False,False
2206,江崎グリコ,2026-09-02,5132.0,5249.0,5382.0,5182.0,5130.28,178440.0,5057.0,5061.0,5014.0,5031.0,17000.0,-1.9680436477007013,-1.4614185502727972,-0.5141388174807249,-4.153172032768149,-6.521739130434778,6.976744186046502,2.533815964945707,0.09527011880744228,False,False,False
2207,ｍｅｉｔｏ,2026-09-02,3480.0,3750.0,3750.0,3461.0,3423.4,58740.0,3480.0,3480.0,3455.0,3460.0,11700.0,-0.5747126436781658,0.0,-0.5747126436781658,-7.733333333333336,-7.733333333333336,8.381502890173408,0.0,0.19918283963227784,False,False,False
2208,ブルボン,2026-09-02,3060.0,3175.0,3225.0,3081.0,3106.4,4220.0,3060.0,3100.0,3060.0,3070.0,1200.0,0.32679738562091387,0.0,0.32679738562091387,-3.307086614173227,-4.806201550387601,5.048859934853422,1.5748031496062964,0.2843601895734597,True,False,False
2209,井村屋グループ,2026-09-02,2413.0,2437.0,2473.0,2416.6,2384.6,20060.0,2408.0,2408.0,2401.0,2405.0,5100.0,-0.33153750518026825,-0.20721094073766766,-0.1245847176079784,-1.3130898645876132,-2.7496967246259607,2.8274428274428276,1.4772260976610552,0.2542372881355932,False,False,False
220A,Ｆａｂｅｒ　Ｃｏｍｐａｎｙ,2026-09-02,945.0,987.0,987.0,957.4,943.4,3260.0,944.0,945.0,944.0,945.0,600.0,0.0,-0.10582010582010914,0.10593220338983578,-4.255319148936165,-4.255319148936165,4.444444444444451,0.0,0.18404907975460122,True,False,False
2211,不二家,2026-09-02,2481.0,2525.0,2525.0,2506.0,2461.44,25160.0,2475.0,2488.0,2470.0,2472.0,2500.0,-0.36275695284159193,-0.241837968561065,-0.12121212121212199,-2.099009900990101,-2.099009900990101,2.1440129449838086,0.0,0.09936406995230525,False,False,False
2212,山崎製パン,2026-09-02,3814.0,3873.0,3873.0,3723.0,3565.52,768820.0,3809.0,3809.0,3761.0,3765.0,44800.0,-1.2847404299947573,-0.13109596224436526,-1.15515883433972,-2.7885360185902375,-2.7885360185902375,2.8685258964143534,0.0,0.05827111677635857,False,False,False
2215,第一屋製パン,2026-09-02,610.0,650.0,650.0,611.2,611.6,6420.0,613.0,613.0,613.0,613.0,300.0,0.4918032786885185,0.4918032786885185,0.0,-5.692307692307697,-5.692307692307697,6.035889070146827,0.0,0.04672897196261682,False,False,False
2216,カンロ,2026-09-02,1092.0,1124.0,1288.0,1087.0,1104.4,63720.0,1105.0,1106.0,1094.0,1097.0,13100.0,0.45787545787545625,1.1904761904761862,-0.7239819004524861,-2.4021352313167266,-14.829192546583847,17.41112123974475,14.590747330960863,0.20558694287507848,False,False,False
2217,モロゾフ,2026-09-02,1476.0,1530.0,1621.0,1503.0,1508.92,40960.0,1485.0,1485.0,1480.0,1484.0,5400.0,0.5420054200542035,0.6097560975609762,-0.06734006734007147,-3.0065359477124187,-8.451573103022824,9.231805929919146,5.947712418300655,0.1318359375,False,False,False
2220,亀田製菓,2026-09-02,1374.0,1430.0,1430.0,1396.0,1330.68,466080.0,1355.0,1362.0,1345.0,1348.0,19600.0,-1.8922852983988325,-1.3828238719068464,-0.5166051660516646,-5.7342657342657315,-5.7342657342657315,6.0830860534124565,0.0,0.04205286646069344,False,False,False
2221,岩塚製菓,2026-09-02,3050.0,3115.0,3140.0,3056.0,3067.2,1940.0,3055.0,3055.0,3055.0,3055.0,300.0,0.16393442622950616,0.16393442622950616,0.0,-1.9261637239165297,-2.7070063694267565,2.782324058919805,0.8025682182985605,0.15463917525773196,False,False,False
2222,寿スピリッツ,2026-09-02,2705.5,2787.0,2787.0,2734.9,2659.0,356900.0,2621.0,2643.0,2582.0,2586.5,88900.0,-4.398447606727041,-3.123267418222142,-1.316291491797028,-7.194115536419088,-7.194115536419088,7.751788130678516,0.0,0.24908938077892967,False,False,False
2224,コモ,2026-09-02,3690.0,3750.0,3750.0,3689.0,3695.0,1500.0,3670.0,3690.0,3670.0,3690.0,300.0,0.0,-0.5420054200542035,0.5449591280654031,-1.6000000000000014,-1.6000000000000014,1.6260162601626105,0.0,0.2,True,False,False
2226,湖池屋,2026-09-02,4950.0,4960.0,5000.0,4934.0,4846.4,2640.0,4940.0,4940.0,4940.0,4940.0,500.0,-0.20202020202020332,-0.20202020202020332,0.0,-0.40322580645161255,-1.200000000000001,1.2145748987854255,0.8064516129032251,0.1893939393939394,False,False,False
2229,カルビー,2026-09-02,3094.0,3126.0,3209.0,3082.4,3028.94,213280.0,3063.0,3069.0,3035.0,3045.0,32800.0,-1.5837104072398245,-1.0019392372333513,-0.5876591576885359,-2.591170825335898,-5.110626363353066,5.3858784893267675,2.655150351887392,0.15378844711177794,False,False,False
2264,森永乳業,2026-09-02,1142.0,1256.0,1317.0,1148.9,1189.44,1470560.0,1106.5,1106.5,1090.0,1093.0,402200.0,-4.290718038528896,-3.1085814360770625,-1.2200632625395391,-12.977707006369432,-17.008352315869402,20.49405306495884,4.856687898089174,0.2735012512240235,False,False,False
2266,六甲バター,2026-09-02,1152.0,1173.0,1173.0,1110.6,1077.8,141180.0,1120.0,1121.0,1112.0,1112.0,17100.0,-3.472222222222221,-2.777777777777779,-0.7142857142857117,-5.200341005967601,-5.200341005967601,5.485611510791366,0.0,0.12112197195070123,False,False,False
2267,ヤクルト本社,2026-09-02,2872.5,2984.0,2984.0,2842.0,2863.64,1072880.0,2826.0,2839.5,2804.5,2817.5,173700.0,-1.9147084421235805,-1.6187989556135762,-0.30077848549185937,-5.579758713136728,-5.579758713136728,5.909494232475598,0.0,0.16190067854746104,False,False,False
2268,Ｂ－Ｒ　サーティワン　アイスクリーム,2026-09-02,4045.0,4080.0,4145.0,4050.0,4058.0,4240.0,4040.0,4040.0,4030.0,4030.0,2300.0,-0.3708281829419069,-0.12360939431397266,-0.24752475247524774,-1.225490196078427,-2.7744270205066313,2.8535980148883366,1.5931372549019551,0.5424528301886793,False,False,False
2269,明治ホールディングス,2026-09-02,4520.0,4568.0,4568.0,4496.6,4191.04,846440.0,4515.0,4527.0,4445.0,4454.0,140600.0,-1.4601769911504414,-0.11061946902655162,-1.3510520487264643,-2.4956217162872107,-2.4956217162872107,2.5594970812752527,0.0,0.1661074618401777,False,False,False
2270,雪印メグミルク,2026-09-02,3815.0,3875.0,4040.0,3759.0,3703.6,178140.0,3820.0,3820.0,3770.0,3780.0,25000.0,-0.917431192660545,0.1310615989515096,-1.0471204188481686,-2.4516129032258083,-6.435643564356431,6.8783068783068835,4.258064516129023,0.14033905916694733,False,False,False
2281,プリマハム,2026-09-02,2460.0,2483.0,2589.0,2446.6,2425.44,139940.0,2439.0,2439.0,2424.0,2427.0,47400.0,-1.3414634146341475,-0.8536585365853666,-0.49200492004920493,-2.2553362867498983,-6.257242178447275,6.674907292954257,4.269029399919444,0.33871659282549665,False,False,False
2282,日本ハム,2026-09-02,6326.0,6508.0,6722.0,6339.8,6282.36,410920.0,6100.0,6117.0,6017.0,6036.0,120500.0,-4.584255453683217,-3.5725576983876017,-1.0491803278688483,-7.2526121696373735,-10.205296042844392,11.365142478462564,3.28826060233558,0.2932444271391025,False,False,False
2286,林兼産業,2026-09-02,918.0,1027.0,1027.0,925.2,905.24,25400.0,911.0,912.0,911.0,912.0,1300.0,-0.6535947712418277,-0.7625272331154731,0.1097694840834329,-11.197663096397271,-11.197663096397271,12.60964912280702,0.0,0.051181102362204724,True,False,False
2288,丸大食品,2026-09-02,2254.0,2292.0,2430.0,2264.4,2241.04,108340.0,2234.0,2236.0,2229.0,2234.0,60800.0,-0.8873114463176623,-0.8873114463176623,0.0,-2.530541012216403,-8.065843621399182,8.773500447627569,6.020942408376961,0.5611962340779029,False,False,False
228A,オプロ,2026-09-02,1671.0,1755.0,1755.0,1703.0,1638.12,2440.0,1680.0,1680.0,1676.0,1676.0,200.0,0.29922202274086374,0.538599640933568,-0.23809523809523725,-4.5014245014245,-4.5014245014245,4.713603818615741,0.0,0.08196721311475409,False,False,False
2291,福留ハム,2026-09-02,510.0,524.0,539.0,510.6,514.28,2100.0,507.0,507.0,507.0,507.0,600.0,-0.588235294117645,-0.588235294117645,0.0,-3.244274809160308,-5.936920222634512,6.31163708086786,2.8625954198473247,0.2857142857142857,False,False,False
2292,Ｓ　Ｆｏｏｄｓ,2026-09-02,2928.0,2983.0,2983.0,2920.4,2821.4,449020.0,2832.0,2832.0,2802.0,2811.0,23900.0,-3.995901639344257,-3.2786885245901676,-0.7415254237288171,-5.766007375125715,-5.766007375125715,6.118818925649228,0.0,0.05322702774932074,False,False,False
2293,滝沢ハム,2026-09-02,2713.0,2781.0,2781.0,2709.6,2720.88,840.0,2720.0,2720.0,2720.0,2720.0,200.0,0.2580169553999312,0.2580169553999312,0.0,-2.1934555915138487,-2.1934555915138487,2.2426470588235325,0.0,0.23809523809523808,False,False,False
2294,柿安本店,2026-09-02,2563.0,2641.0,2690.0,2586.2,2592.48,18600.0,2566.0,2566.0,2559.0,2566.0,3100.0,0.11705033164259859,0.11705033164259859,0.0,-2.8398333964407385,-4.609665427509291,4.832424006235381,1.8553578190079412,0.16666666666666666,False,False,False
2296,伊藤ハム米久ホールディングス,2026-09-02,5110.0,5190.0,5190.0,5116.0,5049.6,81580.0,5050.0,5090.0,5020.0,5040.0,13900.0,-1.3698630136986356,-1.1741682974559686,-0.1980198019801982,-2.8901734104046284,-2.8901734104046284,2.9761904761904656,0.0,0.1703848982593773,False,False,False
2300,きょくとう,2026-09-02,500.0,504.0,507.0,499.0,499.6,2640.0,497.0,497.0,497.0,497.0,200.0,-0.6000000000000005,-0.6000000000000005,0.0,-1.388888888888884,-1.9723865877712021,2.012072434607637,0.5952380952380931,0.07575757575757576,False,False,False
2301,学情,2026-09-02,1715.0,1750.0,1750.0,1733.0,1668.36,67380.0,1707.0,1709.0,1690.0,1702.0,8700.0,-0.7580174927113714,-0.4664723032069995,-0.29291154071470205,-2.742857142857147,-2.742857142857147,2.820211515863691,0.0,0.12911843276936777,False,False,False
2303,ドーン,2026-09-02,1347.0,1409.0,1409.0,1358.6,1319.84,20720.0,1367.0,1380.0,1367.0,1380.0,200.0,2.4498886414253906,1.4847809948032697,0.9509875640087762,-2.058197303051812,-2.058197303051812,2.1014492753623104,0.0,0.009652509652509652,True,False,False
2304,ＣＳＳホールディングス,2026-09-02,918.0,973.0,973.0,919.8,928.0,2900.0,911.0,911.0,911.0,911.0,2500.0,-0.7625272331154731,-0.7625272331154731,0.0,-6.372045220966083,-6.372045220966083,6.805708013172329,0.0,0.8620689655172413,False,False,False
2305,スタジオアリス,2026-09-02,1863.0,1960.0,2027.0,1895.4,1934.88,96840.0,1849.0,1860.0,1843.0,1857.0,5800.0,-0.32206119162641045,-0.7514761137949577,0.43266630611140666,-5.255102040816329,-8.386778490379875,9.154550350026923,3.4183673469387665,0.05989260636100785,True,False,False
2307,クロスキャット,2026-09-02,1062.0,1103.0,1103.0,1061.2,1043.16,31220.0,1053.0,1059.0,1053.0,1055.0,5700.0,-0.6591337099811634,-0.8474576271186418,0.18993352326686086,-4.351767905711701,-4.351767905711701,4.549763033175358,0.0,0.1825752722613709,True,False,False
2311,エプコ,2026-09-02,780.0,794.0,794.0,784.0,784.52,6380.0,781.0,781.0,781.0,781.0,400.0,0.12820512820512775,0.12820512820512775,0.0,-1.6372795969773257,-1.6372795969773257,1.6645326504481472,0.0,0.06269592476489028,False,False,False
2315,ＣＡＩＣＡ　ＤＩＧＩＴＡＬ,2026-09-02,67.0,74.0,74.0,69.0,63.76,6227380.0,66.0,67.0,66.0,67.0,1863700.0,0.0,-1.4925373134328401,1.5151515151515138,-9.459459459459463,-9.459459459459463,10.447761194029859,0.0,0.29927513657428967,True,False,False
2317,システナ,2026-09-02,450.0,468.0,469.0,455.0,437.92,1368560.0,452.0,456.0,451.0,452.0,149800.0,0.4444444444444473,0.4444444444444473,0.0,-3.4188034188034178,-3.6247334754797467,3.761061946902644,0.21367521367521292,0.10945811656047232,False,False,False
2321,ソフトフロントホールディングス,2026-09-02,136.0,143.0,143.0,138.0,131.68,128400.0,139.0,139.0,139.0,139.0,5800.0,2.2058823529411686,2.2058823529411686,0.0,-2.7972027972028024,-2.7972027972028024,2.877697841726623,0.0,0.045171339563862926,False,False,False
2323,ｆｏｎｆｕｎ,2026-09-02,325.0,369.0,369.0,324.2,303.64,44920.0,318.0,320.0,318.0,320.0,1800.0,-1.538461538461533,-2.1538461538461506,0.6289308176100628,-13.279132791327907,-13.279132791327907,15.312499999999996,0.0,0.04007123775601069,True,False,False
2325,ＮＪＳ,2026-09-02,4710.0,5050.0,5050.0,4818.0,4659.0,33820.0,4685.0,4715.0,4660.0,4685.0,1700.0,-0.5307855626326963,-0.5307855626326963,0.0,-7.2277227722772235,-7.2277227722772235,7.7908217716115225,0.0,0.050266114725014785,False,False,False
2326,デジタルアーツ,2026-09-02,4420.0,4930.0,4930.0,4576.0,4460.4,116180.0,4495.0,4540.0,4485.0,4500.0,13500.0,1.8099547511312153,1.6968325791855143,0.11123470522802492,-8.722109533468558,-8.722109533468558,9.55555555555556,0.0,0.11619900154932002,True,False,False
2327,日鉄ソリューションズ,2026-09-02,3958.0,4100.0,4100.0,3992.0,3862.8,237280.0,3974.0,4017.0,3950.0,3997.0,16300.0,0.9853461344113246,0.40424456796361863,0.5787619526925081,-2.5121951219512217,-2.5121951219512217,2.5769326995246367,0.0,0.06869521240728253,True,False,False
2329,東北新社,2026-09-02,503.0,527.0,527.0,509.8,498.36,133300.0,502.0,503.0,502.0,503.0,7400.0,0.0,-0.1988071570576566,0.19920318725099584,-4.554079696394686,-4.554079696394686,4.771371769383692,0.0,0.0555138784696174,True,False,False
2330,フォーサイド,2026-09-02,86.0,87.0,87.0,84.2,76.8,577180.0,88.0,88.0,86.0,86.0,9800.0,0.0,2.3255813953488413,-2.2727272727272707,-1.1494252873563204,-1.1494252873563204,1.1627906976744207,0.0,0.016979105305104127,False,False,False
2331,ＡＬＳＯＫ,2026-09-02,1214.0,1227.0,1241.0,1208.9,1176.78,1455760.0,1217.0,1217.0,1208.0,1208.5,52200.0,-0.4530477759472795,0.24711696869852418,-0.698438783894828,-1.5077424612876977,-2.6188557614826746,2.689284236657019,1.140994295028519,0.03585755893828653,False,False,False
2332,クエスト,2026-09-02,1694.0,1801.0,1801.0,1699.4,1694.96,12340.0,1693.0,1693.0,1693.0,1693.0,100.0,-0.05903187721369996,-0.05903187721369996,0.0,-5.996668517490278,-5.996668517490278,6.3792085056113335,0.0,0.008103727714748784,False,False,False
2334,イオレ,2026-09-02,551.0,577.0,577.0,563.4,525.84,1166540.0,565.0,569.0,564.0,568.0,36200.0,3.085299455535395,2.5408348457350183,0.5309734513274433,-1.559792027729634,-1.559792027729634,1.5845070422535246,0.0,0.031031940610694874,True,False,False
2335,キューブシステム,2026-09-02,1112.0,1118.0,1118.0,1109.0,1086.72,59980.0,1105.0,1105.0,1098.0,1099.0,33300.0,-1.1690647482014427,-0.6294964028776939,-0.5429864253393646,-1.6994633273702986,-1.6994633273702986,1.7288444040036488,0.0,0.555185061687229,False,False,False
2337,いちご,2026-09-02,389.0,417.0,438.0,401.6,406.24,1050200.0,392.0,395.0,392.0,394.0,118900.0,1.285347043701801,0.7712082262210762,0.5102040816326481,-5.515587529976019,-10.045662100456621,11.16751269035532,5.035971223021574,0.11321653018472672,True,False,False
2338,クオンタムソリューションズ,2026-09-02,121.0,140.0,140.0,121.8,128.32,206200.0,120.0,122.0,120.0,122.0,5600.0,0.8264462809917328,-0.8264462809917328,1.6666666666666607,-12.857142857142856,-12.857142857142856,14.754098360655732,0.0,0.027158098933074686,True,False,False
2340,極楽湯ホールディングス,2026-09-02,518.0,535.0,535.0,518.2,515.12,28500.0,520.0,520.0,519.0,519.0,7200.0,0.19305019305020377,0.38610038610038533,-0.19230769230769162,-2.990654205607479,-2.990654205607479,3.0828516377649384,0.0,0.25263157894736843,False,False,False
2341,アルバイトタイムス,2026-09-02,171.0,176.0,176.0,172.6,167.8,25960.0,172.0,172.0,172.0,172.0,5400.0,0.5847953216374213,0.5847953216374213,0.0,-2.2727272727272707,-2.2727272727272707,2.3255813953488413,0.0,0.20801232665639446,False,False,False
2342,トランスジェニックグループ,2026-09-02,249.0,282.0,282.0,253.8,238.8,39620.0,246.0,247.0,246.0,247.0,900.0,-0.8032128514056214,-1.2048192771084376,0.40650406504065817,-12.411347517730498,-12.411347517730498,14.170040485829949,0.0,0.02271580010095911,True,False,False
2345,ＨＯＤＬ１,2026-09-02,102.0,122.0,122.0,104.8,100.24,103980.0,103.0,105.0,103.0,105.0,29800.0,2.941176470588225,0.9803921568627416,1.9417475728155331,-13.934426229508201,-13.934426229508201,16.1904761904762,0.0,0.2865935756876322,True,False,False
2349,エヌアイデイ,2026-09-02,2500.0,2575.0,2575.0,2526.6,2525.68,1000.0,2473.0,2473.0,2473.0,2473.0,600.0,-1.0800000000000032,-1.0800000000000032,0.0,-3.961165048543691,-3.961165048543691,4.1245450869389355,0.0,0.6,False,False,False
2351,ＡＳＪ,2026-09-02,334.0,370.0,370.0,333.0,322.32,5400.0,339.0,339.0,337.0,337.0,200.0,0.8982035928143617,1.4970059880239583,-0.5899705014749235,-8.918918918918916,-8.918918918918916,9.792284866468837,0.0,0.037037037037037035,False,False,False
2353,日本駐車場開発,2026-09-02,268.0,275.0,275.0,270.8,261.4,1941500.0,267.0,268.0,267.0,267.0,250800.0,-0.3731343283582045,-0.3731343283582045,0.0,-2.9090909090909056,-2.9090909090909056,2.9962546816479474,0.0,0.12917847025495752,False,False,False
2354,ＹＥ　ＤＩＧＩＴＡＬ,2026-09-02,1336.0,1758.0,1758.0,1448.0,1347.52,1124060.0,1343.0,1365.0,1334.0,1349.0,96400.0,0.9730538922155585,0.5239520958083776,0.44676098287417254,-23.2650739476678,-23.2650739476678,30.31875463306153,0.0,0.08576054659003968,True,False,False
2359,コア,2026-09-02,2128.0,2220.0,2220.0,2156.6,2095.68,27540.0,2145.0,2145.0,2126.0,2126.0,2600.0,-0.09398496240601295,0.7988721804511378,-0.8857808857808847,-4.234234234234235,-4.234234234234235,4.421448730009403,0.0,0.0944081336238199,False,False,False
2370,メディネット,2026-09-02,25.0,26.0,26.0,25.2,25.2,739840.0,24.0,25.0,24.0,25.0,257600.0,0.0,-4.0000000000000036,4.166666666666674,-3.8461538461538436,-3.8461538461538436,4.0000000000000036,0.0,0.3481833910034602,True,False,False
2371,カカクコム,2026-09-02,3690.0,3740.0,3740.0,3682.8,3694.48,197340.0,3683.0,3699.0,3683.0,3687.0,15700.0,-0.08130081300813385,-0.1897018970189679,0.10860711376594612,-1.4171122994652396,-1.4171122994652396,1.4374830485489598,0.0,0.0795581230363839,True,False,False
2373,ケア２１,2026-09-02,409.0,412.0,412.0,408.4,406.6,7860.0,417.0,417.0,411.0,412.0,3100.0,0.7334963325183352,1.9559902200489088,-1.1990407673860948,0.0,0.0,0.0,0.0,0.3944020356234097,False,False,False
2375,ギグワークス,2026-09-02,217.0,217.0,217.0,213.2,205.68,45340.0,215.0,216.0,215.0,216.0,2100.0,-0.4608294930875556,-0.9216589861751112,0.46511627906977715,-0.4608294930875556,-0.4608294930875556,0.4629629629629539,0.0,0.04631671812968681,True,False,False
2376,サイネックス,2026-09-02,790.0,797.0,798.0,783.4,774.0,400.0,780.0,780.0,780.0,780.0,1000.0,-1.2658227848101222,-1.2658227848101222,0.0,-2.1329987452948562,-2.2556390977443663,2.3076923076922995,0.12547051442910462,2.5,False,False,False
2378,ルネサンス,2026-09-02,1046.0,1079.0,1087.0,1056.8,1059.6,81160.0,1046.0,1049.0,1045.0,1045.0,10100.0,-0.09560229445506607,0.0,-0.09560229445506607,-3.151065801668207,-3.863845446182157,4.019138755980856,0.7414272474513428,0.12444553967471661,False,False,False
2379,ディップ,2026-09-02,1814.0,1912.0,1922.0,1839.8,1853.88,435920.0,1805.0,1820.0,1797.0,1818.0,71100.0,0.22050716648291946,-0.4961411245865466,0.720221606648197,-4.916317991631802,-5.411030176899068,5.720572057205731,0.5230125523012497,0.1631033217104056,True,False,False
2384,ＳＢＳホールディングス,2026-09-02,4920.0,5350.0,5350.0,5154.0,4832.6,80720.0,5000.0,5010.0,4955.0,5000.0,7300.0,1.6260162601626105,1.6260162601626105,0.0,-6.542056074766355,-6.542056074766355,7.000000000000006,0.0,0.09043607532210109,False,False,False
2385,総医研ホールディングス,2026-09-02,221.0,229.0,229.0,223.4,219.64,22020.0,218.0,218.0,217.0,217.0,6400.0,-1.8099547511312264,-1.3574660633484115,-0.4587155963302725,-5.2401746724890845,-5.2401746724890845,5.5299539170506895,0.0,0.29064486830154407,False,False,False
2388,ウェッジホールディングス,2026-09-02,33.0,38.0,42.0,34.6,35.64,79240.0,33.0,34.0,33.0,34.0,13600.0,3.0303030303030276,0.0,3.0303030303030276,-10.526315789473683,-19.047619047619047,23.529411764705888,10.526315789473696,0.17163048965169106,True,False,False
2391,プラネット,2026-09-02,1176.0,1184.0,1221.0,1179.4,1177.76,2260.0,1178.0,1178.0,1178.0,1178.0,300.0,0.1700680272108901,0.1700680272108901,0.0,-0.5067567567567544,-3.521703521703523,3.650254668930386,3.125,0.13274336283185842,False,False,False
2393,日本ケアサプライ,2026-09-02,4290.0,4630.0,4630.0,4306.0,4210.6,3820.0,4250.0,4250.0,4250.0,4250.0,200.0,-0.9324009324009341,-0.9324009324009341,0.0,-8.207343412527003,-8.207343412527003,8.94117647058823,0.0,0.05235602094240838,False,False,False
2395,新日本科学,2026-09-02,1350.0,1524.0,1524.0,1382.0,1398.88,149600.0,1356.0,1365.0,1342.0,1344.0,8600.0,-0.4444444444444473,0.4444444444444473,-0.8849557522123908,-11.811023622047244,-11.811023622047244,13.392857142857139,0.0,0.05748663101604278,False,False,False
2404,鉄人化ホールディングス,2026-09-02,528.0,582.0,596.0,538.8,563.84,101980.0,524.0,526.0,524.0,525.0,2000.0,-0.5681818181818232,-0.7575757575757569,0.1908396946564972,-9.79381443298969,-11.912751677852352,13.523809523809515,2.405498281786933,0.019611688566385566,True,False,False
2408,ＫＧ情報,2026-09-02,855.0,875.0,875.0,856.4,849.76,3500.0,854.0,859.0,854.0,856.0,1200.0,0.11695906432749315,-0.11695906432748204,0.23419203747072626,-2.1714285714285686,-2.1714285714285686,2.219626168224309,0.0,0.34285714285714286,True,False,False
2410,キャリアデザインセンター,2026-09-02,2863.0,2984.0,2984.0,2930.0,2901.2,29440.0,2882.0,2882.0,2858.0,2860.0,3800.0,-0.10478519035975742,0.663639538945171,-0.7633587786259555,-4.155495978552281,-4.155495978552281,4.3356643356643465,0.0,0.12907608695652173,False,False,False
2411,ゲンダイエージェンシー,2026-09-02,474.0,475.0,475.0,472.4,466.08,10780.0,470.0,470.0,470.0,470.0,400.0,-0.8438818565400852,-0.8438818565400852,0.0,-1.0526315789473717,-1.0526315789473717,1.0638297872340496,0.0,0.03710575139146568,False,False,False
2413,エムスリー,2026-09-02,1782.5,1878.0,2003.0,1816.0,1750.06,4024800.0,1762.5,1800.0,1760.0,1783.5,444700.0,0.056100981767182034,-1.1220196353436185,1.191489361702125,-5.031948881789139,-10.95856215676485,12.30726100364452,6.656017039403617,0.11048996223414828,True,False,False
2415,ヒューマンホールディングス,2026-09-02,1666.0,1721.0,1721.0,1696.8,1632.48,5460.0,1658.0,1658.0,1656.0,1656.0,900.0,-0.600240096038418,-0.4801920768307322,-0.12062726176115257,-3.7768739105171423,-3.7768739105171423,3.9251207729468662,0.0,0.16483516483516483,False,False,False
2418,ツカダ・グローバルホールディング,2026-09-02,604.0,626.0,626.0,613.0,603.92,107320.0,602.0,602.0,600.0,601.0,37500.0,-0.4966887417218513,-0.3311258278145712,-0.16611295681062677,-3.9936102236421744,-3.9936102236421744,4.159733777038266,0.0,0.34942228848304135,False,False,False
241A,ＲＯＸＸ,2026-09-02,417.0,438.0,438.0,426.2,412.2,11980.0,420.0,421.0,420.0,421.0,600.0,0.9592326139088669,0.7194244604316502,0.23809523809523725,-3.8812785388127824,-3.8812785388127824,4.0380047505938155,0.0,0.05008347245409015,True,False,False
2424,ブラス,2026-09-02,597.0,603.0,635.0,597.6,600.72,3020.0,596.0,596.0,596.0,596.0,100.0,-0.16750418760469454,-0.16750418760469454,0.0,-1.1608623548922004,-6.141732283464563,6.5436241610738355,5.306799336650081,0.033112582781456956,False,False,False
2425,ケアサービス,2026-09-02,671.0,694.0,694.0,664.8,672.16,1180.0,668.0,670.0,663.0,668.0,1000.0,-0.44709388971684305,-0.44709388971684305,0.0,-3.746397694524495,-3.746397694524495,3.8922155688622784,0.0,0.847457627118644,False,False,False
2428,ウェルネット,2026-09-02,632.0,648.0,655.0,638.4,637.16,30220.0,633.0,633.0,633.0,633.0,400.0,0.15822784810126667,0.15822784810126667,0.0,-2.314814814814814,-3.358778625954195,3.4755134281200695,1.0802469135802406,0.013236267372600927,False,False,False
2429,ワールドホールディングス,2026-09-02,2856.0,2948.0,2948.0,2877.4,2761.64,47320.0,2828.0,2828.0,2810.0,2810.0,4200.0,-1.6106442577030866,-0.9803921568627416,-0.6364922206506418,-4.681139755766617,-4.681139755766617,4.911032028469742,0.0,0.08875739644970414,False,False,False
2432,ディー・エヌ・エー,2026-09-02,2608.5,2621.5,2621.5,2572.9,2507.92,1315920.0,2608.0,2629.0,2600.0,2610.5,167700.0,0.07667241709794492,-0.019168104274491782,0.09585889570551398,-0.41960709517452344,-0.41960709517452344,0.4213752154759609,0.0,0.12743935801568484,True,False,False
2433,博報堂ＤＹホールディングス,2026-09-02,1347.5,1397.0,1405.0,1356.3,1301.82,709400.0,1366.0,1370.5,1340.5,1360.0,81300.0,0.927643784786647,1.3729128014842384,-0.43923865300146137,-2.6485325697924167,-3.2028469750889688,3.308823529411775,0.5726556907659219,0.11460389061178461,False,False,False
2435,シダー,2026-09-02,210.0,220.0,220.0,210.4,213.56,8040.0,208.0,209.0,208.0,209.0,6800.0,-0.4761904761904745,-0.952380952380949,0.48076923076922906,-5.000000000000004,-5.000000000000004,5.263157894736836,0.0,0.845771144278607,True,False,False
2436,共同ピーアール,2026-09-02,614.0,669.0,669.0,625.4,630.52,68520.0,590.0,603.0,587.0,603.0,14600.0,-1.791530944625408,-3.9087947882736174,2.203389830508473,-9.865470852017932,-9.865470852017932,10.945273631840791,0.0,0.2130764740221833,True,False,False
2437,Ｓｈｉｎｗａ　Ｗｉｓｅ　Ｈｏｌｄｉｎｇｓ,2026-09-02,590.0,690.0,705.0,624.6,636.32,156660.0,611.0,628.0,611.0,628.0,6700.0,6.440677966101704,3.5593220338983045,2.782324058919805,-8.985507246376812,-10.921985815602842,12.26114649681529,2.1739130434782705,0.042767777352227754,True,False,False
2438,アスカネット,2026-09-02,365.0,371.0,371.0,363.6,345.68,44800.0,365.0,365.0,365.0,365.0,7500.0,0.0,0.0,0.0,-1.6172506738544423,-1.6172506738544423,1.6438356164383494,0.0,0.16741071428571427,False,False,False
2440,ぐるなび,2026-09-02,124.0,135.0,135.0,130.4,126.76,188100.0,124.0,126.0,124.0,126.0,56000.0,1.6129032258064502,0.0,1.6129032258064502,-6.666666666666665,-6.666666666666665,7.14285714285714,0.0,0.29771398192450826,True,False,False
2445,タカミヤ,2026-09-02,396.0,430.0,432.0,401.4,415.2,106600.0,397.0,398.0,396.0,397.0,15100.0,0.2525252525252597,0.2525252525252597,0.0,-7.6744186046511675,-8.10185185185185,8.816120906801018,0.46511627906977715,0.14165103189493433,False,False,False
2449,プラップジャパン,2026-09-02,1046.0,1100.0,1100.0,1051.4,1081.76,20200.0,1039.0,1039.0,1039.0,1039.0,500.0,-0.6692160611854736,-0.6692160611854736,0.0,-5.545454545454542,-5.545454545454542,5.871029836381125,0.0,0.024752475247524754,False,False,False
244A,グロースエクスパートナーズ,2026-09-02,1188.0,1199.0,1200.0,1175.6,1167.16,1600.0,1195.0,1195.0,1195.0,1195.0,1000.0,0.5892255892255838,0.5892255892255838,0.0,-0.33361134278565574,-0.4166666666666652,0.4184100418409997,0.08340283569641116,0.625,False,False,False
2454,オールアバウト,2026-09-02,355.0,359.0,359.0,353.8,346.64,8760.0,355.0,355.0,354.0,354.0,3100.0,-0.28169014084507005,0.0,-0.28169014084507005,-1.392757660167132,-1.392757660167132,1.412429378531077,0.0,0.3538812785388128,False,False,False
2459,アウンコンサルティング,2026-09-02,178.0,188.0,211.0,178.6,174.12,36240.0,177.0,177.0,177.0,177.0,1200.0,-0.5617977528089901,-0.5617977528089901,0.0,-5.851063829787229,-16.113744075829384,19.2090395480226,12.234042553191493,0.033112582781456956,False,False,False
245A,ＩＮＧＳ,2026-09-02,2560.0,2600.0,2600.0,2569.2,2503.76,3160.0,2558.0,2568.0,2528.0,2567.0,2300.0,0.27343749999999556,-0.07812499999999556,0.3518373729476165,-1.269230769230767,-1.269230769230767,1.2855473315153798,0.0,0.7278481012658228,True,False,False
2461,ファンコミュニケーションズ,2026-09-02,391.0,404.0,412.0,395.4,398.2,111140.0,389.0,390.0,389.0,390.0,5800.0,-0.2557544757033292,-0.5115089514066473,0.25706940874035134,-3.4653465346534684,-5.339805825242716,5.641025641025643,1.980198019801982,0.05218643152780277,True,False,False
2462,ライク,2026-09-02,1536.0,1559.0,1559.0,1544.4,1532.72,22340.0,1524.0,1524.0,1522.0,1522.0,3400.0,-0.911458333333337,-0.78125,-0.1312335958005284,-2.3733162283515075,-2.3733162283515075,2.431011826544016,0.0,0.1521933751119069,False,False,False
2464,Ａｏｂａ‐ＢＢＴ,2026-09-02,372.0,382.0,382.0,376.2,350.64,18660.0,368.0,368.0,368.0,368.0,800.0,-1.0752688172043001,-1.0752688172043001,0.0,-3.6649214659685847,-3.6649214659685847,3.8043478260869623,0.0,0.04287245444801715,False,False,False
2469,ヒビノ,2026-09-02,2800.0,2924.0,2924.0,2840.6,2744.48,14860.0,2820.0,2825.0,2798.0,2798.0,1300.0,-0.07142857142856673,0.7142857142857117,-0.7801418439716268,-4.309165526675784,-4.309165526675784,4.5032165832737725,0.0,0.08748317631224764,False,False,False
246A,アスア,2026-09-02,938.0,1104.0,1104.0,931.0,982.68,4240.0,938.0,940.0,920.0,932.0,8400.0,-0.6396588486140775,0.0,-0.6396588486140775,-15.579710144927539,-15.579710144927539,18.454935622317592,0.0,1.9811320754716981,False,False,False
2471,エスプール,2026-09-02,280.0,306.0,306.0,287.0,285.56,245840.0,276.0,279.0,276.0,278.0,50800.0,-0.7142857142857117,-1.4285714285714235,0.7246376811594235,-9.150326797385622,-9.150326797385622,10.07194244604317,0.0,0.20663846404165312,True,False,False
2475,ＷＤＢホールディングス,2026-09-02,1827.0,1874.0,1874.0,1840.0,1816.32,15940.0,1816.0,1817.0,1814.0,1817.0,1000.0,-0.5473453749315849,-0.6020799124247356,0.05506607929515184,-3.0416221985058667,-3.0416221985058667,3.1370390753990174,0.0,0.06273525721455459,True,False,False
2477,手間いらず,2026-09-02,3260.0,3425.0,3425.0,3223.0,2874.16,16860.0,3320.0,3375.0,3320.0,3350.0,1100.0,2.7607361963190247,1.8404907975460016,0.9036144578313143,-2.1897810218978075,-2.1897810218978075,2.238805970149249,0.0,0.06524317912218268,True,False,False
2479,ジェイテック,2026-09-02,256.0,257.0,257.0,251.6,243.4,91560.0,260.0,261.0,259.0,260.0,38000.0,1.5625,1.5625,0.0,1.1673151750972721,1.1673151750972721,-1.1538461538461497,0.0,0.4150283966797728,False,True,True
247A,Ａｉロボティクス,2026-09-02,1018.0,1101.0,1101.0,1029.4,914.72,2052120.0,984.0,1013.0,978.0,1009.0,254200.0,-0.8840864440078589,-3.3398821218074692,2.5406504065040636,-8.356039963669392,-8.356039963669392,9.117938553022785,0.0,0.12387189832953238,True,False,False
2480,システム・ロケーション,2026-09-02,1740.0,1759.0,1776.0,1733.4,1724.92,780.0,1759.0,1759.0,1759.0,1759.0,100.0,1.091954022988495,1.091954022988495,0.0,0.0,-0.9572072072072113,0.9664582148948275,0.9664582148948275,0.1282051282051282,False,False,False
2481,タウンニュース社,2026-09-02,675.0,680.0,680.0,670.4,657.4,720.0,678.0,678.0,678.0,678.0,100.0,0.4444444444444473,0.4444444444444473,0.0,-0.2941176470588225,-0.2941176470588225,0.2949852507374562,0.0,0.1388888888888889,False,False,False
2483,翻訳センター,2026-09-02,2227.0,2273.0,2374.0,2239.8,2224.08,5660.0,2231.0,2231.0,2215.0,2215.0,3100.0,-0.5388414907947947,0.17961383026492417,-0.7171671896010756,-2.551693796744392,-6.69755686604886,7.17832957110609,4.443466783985928,0.5477031802120141,False,False,False
2484,出前館,2026-09-02,162.0,199.0,199.0,176.2,153.44,1646520.0,159.0,162.0,158.0,159.0,230600.0,-1.851851851851849,-1.851851851851849,0.0,-20.100502512562812,-20.100502512562812,25.15723270440251,0.0,0.14005296018268834,False,False,False
2485,ティア,2026-09-02,450.0,478.0,483.0,450.2,459.68,45380.0,450.0,450.0,449.0,450.0,1700.0,0.0,0.0,0.0,-5.857740585774063,-6.8322981366459645,7.333333333333325,1.0460251046025215,0.0374614367562803,False,False,False
2488,ＪＴＰ,2026-09-02,1442.0,1527.0,1527.0,1485.2,1440.4,20380.0,1461.0,1461.0,1461.0,1461.0,100.0,1.3176144244105403,1.3176144244105403,0.0,-4.322200392927311,-4.322200392927311,4.517453798767956,0.0,0.004906771344455349,False,False,False
2489,アドウェイズ,2026-09-02,422.0,437.0,437.0,422.8,365.04,314800.0,415.0,421.0,415.0,417.0,22400.0,-1.1848341232227444,-1.6587677725118488,0.48192771084336616,-4.576659038901598,-4.576659038901598,4.796163069544357,0.0,0.07115628970775095,True,False,False
248A,キッズスター,2026-09-02,812.0,854.0,854.0,812.6,823.8,1660.0,812.0,812.0,811.0,811.0,6000.0,-0.12315270935960854,0.0,-0.12315270935960854,-5.035128805620603,-5.035128805620603,5.302096177558568,0.0,3.6144578313253013,False,False,False
2491,バリューコマース,2026-09-02,494.0,506.0,506.0,494.2,475.16,123140.0,492.0,494.0,492.0,494.0,6500.0,0.0,-0.4048582995951455,0.40650406504065817,-2.371541501976282,-2.371541501976282,2.429149797570851,0.0,0.05278544745817768,True,False,False
2492,インフォマート,2026-09-02,660.0,692.0,692.0,646.8,592.48,4171220.0,669.0,681.0,666.0,669.0,609500.0,1.3636363636363669,1.3636363636363669,0.0,-3.3236994219653204,-3.3236994219653204,3.4379671150971625,0.0,0.14612031971461586,False,False,False
2493,イーサポートリンク,2026-09-02,948.0,952.0,952.0,946.2,944.44,2400.0,945.0,945.0,945.0,945.0,200.0,-0.31645569620253333,-0.31645569620253333,0.0,-0.7352941176470562,-0.7352941176470562,0.7407407407407307,0.0,0.08333333333333333,False,False,False
2497,ユナイテッド,2026-09-02,535.0,543.0,543.0,535.8,525.72,31660.0,534.0,535.0,534.0,535.0,6200.0,0.0,-0.18691588785046953,0.1872659176029856,-1.4732965009208066,-1.4732965009208066,1.495327102803734,0.0,0.19583070120025267,True,False,False
2498,オリエンタルコンサルタンツホールディングス,2026-09-02,3200.0,3330.0,3330.0,3230.0,3214.2,8900.0,3190.0,3195.0,3175.0,3180.0,2700.0,-0.6249999999999978,-0.31250000000000444,-0.31347962382445305,-4.504504504504503,-4.504504504504503,4.716981132075482,0.0,0.30337078651685395,False,False,False
2499,日本和装ホールディングス,2026-09-02,305.0,306.0,306.0,301.0,294.72,12040.0,308.0,308.0,307.0,307.0,1200.0,0.6557377049180246,0.9836065573770592,-0.32467532467532756,0.32679738562091387,0.32679738562091387,-0.32573289902280145,0.0,0.09966777408637874,False,True,True
2501,サッポロホールディングス,2026-09-02,1856.5,2091.0,2198.5,1890.9,1955.06,1106340.0,1849.0,1850.0,1820.5,1824.0,129700.0,-1.7506059789927253,-0.4039859951521674,-1.3520822065981597,-12.769010043041607,-17.0343415965431,20.53179824561404,5.141080822572941,0.11723340022054703,False,False,False
2502,アサヒグループホールディングス,2026-09-02,1660.0,1753.0,1805.5,1672.7,1679.0,7511580.0,1657.5,1657.5,1632.5,1638.0,1016200.0,-1.3253012048192736,-0.1506024096385561,-1.17647058823529,-6.560182544209924,-9.277208529493219,10.225885225885234,2.994865944095837,0.13528445413614712,False,False,False
2503,キリンホールディングス,2026-09-02,2974.5,3132.0,3161.0,3038.3,3015.92,2582760.0,2940.0,2945.0,2877.0,2880.5,384000.0,-3.16019499075475,-1.1598587997982857,-2.0238095238095277,-8.03001277139208,-8.873774122113254,9.737892726957131,0.92592592592593,0.14867815824931468,False,False,False
250A,シマダヤ,2026-09-02,1598.0,1667.0,1706.0,1614.4,1633.16,32880.0,1595.0,1595.0,1583.0,1585.0,7600.0,-0.8135168961201478,-0.1877346683354153,-0.6269592476489061,-4.9190161967606505,-7.092614302461897,7.634069400630916,2.339532093581287,0.23114355231143552,False,False,False
2531,宝ホールディングス,2026-09-02,2166.5,2205.5,2205.5,2141.7,2108.6,559020.0,2290.0,2362.0,2271.5,2336.0,110900.0,7.823678744518814,5.700438495268867,2.008733624454151,5.917025617773741,5.917025617773741,-5.586472602739723,0.0,0.19838288433329757,True,True,True
2533,オエノンホールディングス,2026-09-02,459.0,488.0,525.0,467.0,471.76,149420.0,451.0,454.0,450.0,453.0,13700.0,-1.3071895424836555,-1.7429193899782147,0.44345898004434225,-7.172131147540983,-13.714285714285712,15.89403973509933,7.581967213114749,0.09168785972426717,True,False,False
253A,ＥＴＳグループ,2026-09-02,1033.0,1188.0,1188.0,1046.8,1063.0,9960.0,1021.0,1021.0,1021.0,1021.0,1700.0,-1.1616650532429773,-1.1616650532429773,0.0,-14.057239057239057,-14.057239057239057,16.35651322233105,0.0,0.1706827309236948,False,False,False
254A,ＡＩフュージョンキャピタルグループ,2026-09-02,1219.0,1235.0,1330.0,1216.6,1186.36,14560.0,1214.0,1214.0,1214.0,1214.0,200.0,-0.41017227235439213,-0.41017227235439213,0.0,-1.7004048582995979,-8.721804511278197,9.55518945634266,7.692307692307687,0.013736263736263736,False,False,False
255A,ジーエルテクノホールディングス,2026-09-02,5000.0,6430.0,6430.0,5196.0,5442.8,54000.0,4900.0,4995.0,4860.0,4940.0,11800.0,-1.200000000000001,-2.0000000000000018,0.8163265306122547,-23.172628304821153,-23.172628304821153,30.16194331983806,0.0,0.21851851851851853,True,False,False
256A,飛島ホールディングス,2026-09-02,2139.0,2197.0,2197.0,2173.0,2106.48,188900.0,2110.0,2203.0,2110.0,2166.0,147000.0,1.2622720897615736,-1.3557737260402103,2.6540284360189625,-1.4110150204824756,-1.4110150204824756,1.4312096029547527,0.0,0.7781895182636316,True,False,False
2573,北海道コカ・コーラボトリング,2026-09-02,4095.0,4125.0,4125.0,4068.0,4014.2,5120.0,4060.0,4065.0,4060.0,4065.0,200.0,-0.73260073260073,-0.8547008547008517,0.12315270935960854,-1.4545454545454528,-1.4545454545454528,1.4760147601476037,0.0,0.0390625,True,False,False
2579,コカ・コーラ　ボトラーズジャパンホールディングス,2026-09-02,3910.0,4056.0,4660.0,3935.6,3945.76,672720.0,3840.0,3887.0,3781.0,3789.0,85200.0,-3.0946291560102313,-1.7902813299232712,-1.3281250000000022,-6.582840236686394,-18.690987124463522,22.987595671681184,14.891518737672582,0.12665001783803068,False,False,False
2585,ライフドリンク　カンパニー,2026-09-02,1502.0,1896.0,1896.0,1549.4,1555.16,600160.0,1510.0,1520.0,1482.0,1482.0,59100.0,-1.331557922769644,0.5326231691078487,-1.8543046357615944,-21.835443037974688,-21.835443037974688,27.935222672064786,0.0,0.09847374033591043,False,False,False
2586,フルッタフルッタ,2026-09-02,76.0,98.0,107.0,77.4,85.68,476100.0,74.0,74.0,73.0,74.0,104000.0,-2.631578947368418,-2.631578947368418,0.0,-24.489795918367353,-30.841121495327105,44.594594594594604,9.183673469387754,0.2184415038857383,False,False,False
2587,サントリービバレッジ＆フード,2026-09-02,4580.0,4715.0,5003.0,4537.0,4594.2,1045700.0,4540.0,4555.0,4471.0,4492.0,152000.0,-1.9213973799126594,-0.8733624454148492,-1.0572687224669641,-4.729586426299049,-10.213871676993802,11.375779162956356,6.108165429480383,0.1453571770106149,False,False,False
2588,プレミアムウォーターホールディングス,2026-09-02,3720.0,3870.0,3935.0,3765.0,3735.8,3040.0,3715.0,3715.0,3715.0,3715.0,200.0,-0.13440860215053752,-0.13440860215053752,0.0,-4.0051679586563305,-5.590851334180435,5.921938088829082,1.6795865633074891,0.06578947368421052,False,False,False
2590,ダイドーグループホールディングス,2026-09-02,2960.0,3550.0,3550.0,3019.4,2982.28,239960.0,2963.0,2973.0,2950.0,2961.0,6000.0,0.03378378378378066,0.10135135135134199,-0.06749915626054204,-16.591549295774644,-16.591549295774644,19.891928402566705,0.0,0.025004167361226872,False,False,False
2593,伊藤園,2026-09-02,3273.0,3402.0,3402.0,3060.2,3000.94,808900.0,3222.0,3227.0,3176.0,3191.0,53600.0,-2.505346776657502,-1.5582034830430747,-0.9621353196772153,-6.202233980011762,-6.202233980011762,6.612347226574733,0.0,0.06626282606008159,False,False,False
25935,伊藤園第１種優先株式,2026-09-02,1805.0,1822.0,1822.0,1795.4,1791.28,38500.0,1808.0,1808.0,1801.0,1801.0,2600.0,-0.2216066481994461,0.16620498614958734,-0.38716814159291957,-1.1525795828759566,-1.1525795828759566,1.1660188784008874,0.0,0.06753246753246753,False,False,False
2594,キーコーヒー,2026-09-02,2034.0,2060.0,2060.0,2038.2,2013.12,75580.0,2026.0,2030.0,2022.0,2022.0,39000.0,-0.5899705014749235,-0.3933136676499527,-0.19743336623889718,-1.844660194174752,-1.844660194174752,1.879327398615227,0.0,0.5160095263297169,False,False,False
2597,ユニカフェ,2026-09-02,1244.0,1260.0,1260.0,1234.0,1186.4,7740.0,1247.0,1250.0,1247.0,1250.0,1000.0,0.4823151125401992,0.2411575562700996,0.2405773857257376,-0.7936507936507908,-0.7936507936507908,0.8000000000000007,0.0,0.12919896640826872,True,False,False
2602,日清オイリオグループ,2026-09-02,2088.0,2096.0,2096.0,2063.8,1986.16,219480.0,2080.0,2094.0,2068.0,2073.0,23500.0,-0.7183908045977017,-0.3831417624521105,-0.33653846153846034,-1.097328244274809,-1.097328244274809,1.1095031355523366,0.0,0.1070712593402588,False,False,False
2607,不二製油,2026-09-02,4659.0,4760.0,4760.0,4632.0,4380.48,315440.0,4556.0,4575.0,4475.0,4477.0,42400.0,-3.90641768619876,-2.210774844387209,-1.7339771729587339,-5.945378151260505,-5.945378151260505,6.321197230288145,0.0,0.13441541973116916,False,False,False
2612,かどや製油,2026-09-02,2193.0,2193.0,2193.0,1875.2,1783.88,8280.0,2341.0,2370.0,2340.0,2370.0,20500.0,8.071135430916554,6.748746010031925,1.2387868432294002,8.071135430916554,8.071135430916554,-7.468354430379742,0.0,2.475845410628019,True,True,True
2613,Ｊ－オイルミルズ,2026-09-02,2311.0,2349.0,2349.0,2303.2,2166.56,119220.0,2303.0,2306.0,2288.0,2296.0,15600.0,-0.6490696668109086,-0.3461704889658135,-0.3039513677811523,-2.25627926777352,-2.25627926777352,2.3083623693379796,0.0,0.13085052843482636,False,False,False
261A,日水コン,2026-09-02,2006.0,2069.0,2069.0,1993.4,1994.32,45660.0,2000.0,2000.0,1982.0,1982.0,800.0,-1.1964107676969093,-0.29910269192422456,-0.9000000000000008,-4.204929917834699,-4.204929917834699,4.389505549949546,0.0,0.017520805957074025,False,False,False
262A,インターメスティック,2026-09-02,1730.0,2049.0,2049.0,1796.6,1890.24,264660.0,1705.0,1715.0,1685.0,1690.0,40700.0,-2.3121387283236983,-1.4450867052023142,-0.8797653958944274,-17.520741825280627,-17.520741825280627,21.242603550295858,0.0,0.15378221113881962,False,False,False
264A,Ｓｃｈｏｏ,2026-09-02,301.0,385.0,385.0,308.8,309.52,45960.0,292.0,308.0,292.0,300.0,51800.0,-0.33222591362126463,-2.9900332225913595,2.7397260273972712,-22.077922077922075,-22.077922077922075,28.333333333333343,0.0,1.1270670147954742,True,False,False
2652,まんだらけ,2026-09-02,435.0,490.0,490.0,449.8,445.64,270080.0,436.0,443.0,436.0,438.0,14200.0,0.6896551724137945,0.22988505747125743,0.4587155963302836,-10.612244897959188,-10.612244897959188,11.87214611872147,0.0,0.05257701421800948,True,False,False
2653,イオン九州,2026-09-02,2791.0,2849.0,2857.0,2801.4,2828.44,46660.0,2801.0,2801.0,2800.0,2800.0,2300.0,0.322465066284483,0.35829451809388235,-0.0357015351660106,-1.7199017199017175,-1.9950997549877503,2.0357142857142962,0.2808002808002863,0.04929275610801543,False,False,False
2654,アスモ,2026-09-02,431.0,431.0,431.0,428.2,418.08,9620.0,436.0,437.0,433.0,433.0,3500.0,0.46403712296982924,1.1600928074245953,-0.6880733944954143,0.46403712296982924,0.46403712296982924,-0.46189376443418473,0.0,0.36382536382536385,False,True,True
2656,ベクターホールディングス,2026-09-02,163.0,220.0,220.0,173.8,178.68,655860.0,162.0,162.0,161.0,161.0,22800.0,-1.2269938650306789,-0.6134969325153339,-0.6172839506172867,-26.81818181818182,-26.81818181818182,36.645962732919244,0.0,0.034763516604153326,False,False,False
2659,サンエー,2026-09-02,3390.0,3430.0,3430.0,3377.0,3333.4,137460.0,3375.0,3395.0,3360.0,3375.0,22200.0,-0.4424778761061954,-0.4424778761061954,0.0,-1.603498542274051,-1.603498542274051,1.6296296296296253,0.0,0.1615015277171541,False,False,False
265A,Ｈｍｃｏｍｍ,2026-09-02,766.0,796.0,796.0,727.2,684.32,30700.0,761.0,776.0,761.0,775.0,4300.0,1.1749347258485532,-0.652741514360311,1.8396846254927768,-2.638190954773867,-2.638190954773867,2.709677419354839,0.0,0.14006514657980457,True,False,False
2664,カワチ薬品,2026-09-02,3615.0,3895.0,3895.0,3687.0,3646.0,98920.0,3625.0,3670.0,3610.0,3650.0,14300.0,0.9681881051175623,0.2766251728907321,0.6896551724137945,-6.290115532734275,-6.290115532734275,6.712328767123288,0.0,0.144561261625556,True,False,False
2666,オートウェーブ,2026-09-02,184.0,195.0,196.0,184.0,185.28,56660.0,184.0,184.0,184.0,184.0,200.0,0.0,0.0,0.0,-5.641025641025643,-6.122448979591832,6.521739130434789,0.512820512820511,0.0035298270384751147,False,False,False
2667,イメージ　ワン,2026-09-02,103.0,118.0,122.0,101.2,108.12,259540.0,102.0,102.0,101.0,102.0,3300.0,-0.9708737864077666,-0.9708737864077666,0.0,-13.559322033898303,-16.393442622950815,19.6078431372549,3.3898305084745672,0.012714803113200277,False,False,False
2668,タビオ,2026-09-02,1272.0,1275.0,1275.0,1269.6,1266.92,1960.0,1271.0,1271.0,1267.0,1267.0,500.0,-0.39308176100628645,-0.07861635220125507,-0.31471282454760274,-0.6274509803921524,-0.6274509803921524,0.6314127861089203,0.0,0.25510204081632654,False,False,False
2669,カネ美食品,2026-09-02,3915.0,4015.0,4025.0,3922.0,3977.4,27900.0,3945.0,3945.0,3925.0,3925.0,800.0,0.25542784163474774,0.766283524904221,-0.5069708491761693,-2.241594022415938,-2.4844720496894457,2.547770700636942,0.24906600249066102,0.02867383512544803,False,False,False
2670,エービーシー・マート,2026-09-02,2664.0,2847.0,2874.0,2717.6,2775.48,672420.0,2687.5,2701.0,2677.0,2690.5,63800.0,0.9947447447447466,0.8821321321321296,0.11162790697674119,-5.497014401123989,-6.384829505915102,6.82029362572012,0.94836670179137,0.0948811754558163,True,False,False
2673,夢みつけ隊,2026-09-02,113.0,135.0,135.0,117.6,116.32,59020.0,111.0,111.0,111.0,111.0,8300.0,-1.7699115044247815,-1.7699115044247815,0.0,-17.777777777777782,-17.777777777777782,21.62162162162162,0.0,0.14063029481531683,False,False,False
2674,ハードオフコーポレーション,2026-09-02,2633.0,2939.0,3095.0,2676.8,2792.84,71820.0,2699.0,2699.0,2670.0,2671.0,4700.0,1.4432206608431475,2.506646410938096,-1.037421267135974,-9.118747873426337,-13.699515347334412,15.874204417821037,5.307927866621309,0.06544138123085491,False,False,False
2676,高千穂交易,2026-09-02,2052.0,2105.0,2105.0,2082.8,2072.04,20520.0,2047.0,2048.0,2044.0,2044.0,1500.0,-0.3898635477582846,-0.2436647173489237,-0.14655593551539114,-2.8978622327791026,-2.8978622327791026,2.984344422700591,0.0,0.07309941520467836,False,False,False
2678,アスクル,2026-09-02,1280.0,1323.0,1323.0,1300.6,1272.88,293180.0,1279.0,1283.0,1272.0,1279.0,39700.0,-0.07812499999999556,-0.07812499999999556,0.0,-3.325774754346178,-3.325774754346178,3.4401876465989023,0.0,0.13541169247561224,False,False,False
2681,ゲオホールディングス,2026-09-02,2403.0,2484.0,2484.0,2417.4,2275.32,150080.0,2434.0,2434.0,2401.0,2415.0,8400.0,0.4993757802746579,1.2900540990428588,-0.7806080525883274,-2.777777777777779,-2.777777777777779,2.857142857142847,0.0,0.055970149253731345,False,False,False
2683,魚喜,2026-09-02,999.0,1022.0,1022.0,1000.0,1009.48,10340.0,995.0,997.0,995.0,996.0,1600.0,-0.30030030030030463,-0.4004004004004025,0.10050251256281673,-2.5440313111546042,-2.5440313111546042,2.6104417670682833,0.0,0.15473887814313347,True,False,False
2685,アンドエスティＨＤ,2026-09-02,3295.0,3575.0,3575.0,3395.0,3458.0,463380.0,3285.0,3325.0,3270.0,3305.0,61200.0,0.3034901365705611,-0.3034901365705611,0.60882800608828,-7.55244755244755,-7.55244755244755,8.16944024205748,0.0,0.13207302861582287,True,False,False
2687,シー・ヴイ・エス・ベイエリア,2026-09-02,494.0,512.0,512.0,493.8,502.04,18160.0,494.0,494.0,494.0,494.0,900.0,0.0,0.0,0.0,-3.515625,-3.515625,3.6437246963562764,0.0,0.04955947136563876,False,False,False
2689,オルバヘルスケアホールディングス,2026-09-02,1895.0,1914.0,1930.0,1879.0,1891.0,4680.0,1932.0,1935.0,1932.0,1935.0,600.0,2.110817941952514,1.9525065963060584,0.15527950310558758,1.097178683385569,0.2590673575129543,-0.2583979328165342,0.8359456635318674,0.1282051282051282,True,True,True
268A,リガク・ホールディングス,2026-09-02,1518.0,2327.0,2393.0,1620.6,1898.72,2175840.0,1587.0,1609.0,1568.0,1597.0,251100.0,5.204216073781298,4.545454545454541,0.6301197227473132,-31.370863773098414,-33.26368575010448,49.84345648090169,2.8362698753760185,0.11540370615486432,True,False,False
2693,ＹＫＴ,2026-09-02,278.0,333.0,410.0,285.4,302.44,87900.0,277.0,278.0,277.0,278.0,5700.0,0.0,-0.3597122302158251,0.3610108303249149,-16.51651651651652,-32.195121951219505,47.482014388489205,23.123123123123122,0.06484641638225255,True,False,False
2694,焼肉坂井ホールディングス,2026-09-02,72.0,73.0,73.0,72.0,71.8,142860.0,72.0,72.0,72.0,72.0,44500.0,0.0,0.0,0.0,-1.3698630136986356,-1.3698630136986356,1.388888888888884,0.0,0.3114937701245975,False,False,False
2695,くら寿司,2026-09-02,1730.0,1775.0,1775.0,1749.8,1700.12,259460.0,1711.0,1711.0,1697.0,1701.0,56900.0,-1.676300578034684,-1.098265895953754,-0.5844535359438963,-4.1690140845070385,-4.1690140845070385,4.350382128159902,0.0,0.2193016264549449,False,False,False
2698,キャンドゥ,2026-09-02,3320.0,3680.0,3680.0,3450.0,3590.2,34980.0,3335.0,3420.0,3335.0,3375.0,11300.0,1.6566265060240948,0.45180722891566827,1.1994002998500841,-8.288043478260864,-8.288043478260864,9.037037037037043,0.0,0.3230417381360778,True,False,False
269A,Ｓａｐｅｅｔ,2026-09-02,2678.0,2883.0,2883.0,2738.6,2585.84,14320.0,2727.0,2740.0,2727.0,2740.0,500.0,2.3151605675877596,1.8297236743838763,0.47671433810048125,-4.960110995490807,-4.960110995490807,5.218978102189786,0.0,0.034916201117318434,True,False,False
2700,木徳神糧,2026-09-02,1780.0,1885.0,1885.0,1817.8,1763.4,24140.0,1796.0,1796.0,1786.0,1789.0,1100.0,0.5056179775280834,0.8988764044943753,-0.38975501113586164,-5.0928381962864755,-5.0928381962864755,5.366126327557286,0.0,0.045567522783761395,False,False,False
2702,日本マクドナルドホールディングス,2026-09-02,8170.0,8320.0,8320.0,8102.0,8030.8,413060.0,8200.0,8210.0,8170.0,8180.0,40300.0,0.1223990208078396,0.3671970624234966,-0.24390243902439046,-1.6826923076923128,-1.6826923076923128,1.7114914425427896,0.0,0.09756451847189271,False,False,False
2705,大戸屋ホールディングス,2026-09-02,10060.0,10200.0,10200.0,9758.0,8949.6,26240.0,9500.0,9650.0,9430.0,9590.0,6900.0,-4.671968190854869,-5.566600397614319,0.9473684210526301,-5.980392156862746,-5.980392156862746,6.360792492179357,0.0,0.2629573170731707,True,False,False
2721,ジェイホールディングス,2026-09-02,108.0,130.0,157.0,109.8,119.0,81940.0,108.0,108.0,108.0,108.0,1300.0,0.0,0.0,0.0,-16.92307692307692,-31.210191082802552,45.370370370370374,20.769230769230763,0.01586526726873322,False,False,False
2722,ＩＫホールディングス,2026-09-02,361.0,361.0,361.0,359.0,358.12,7520.0,360.0,360.0,360.0,360.0,1300.0,-0.27700831024930483,-0.27700831024930483,0.0,-0.27700831024930483,-0.27700831024930483,0.2777777777777768,0.0,0.17287234042553193,False,False,False
2726,パルグループホールディングス,2026-09-02,1456.0,1574.0,1574.0,1491.6,1503.84,690340.0,1497.0,1556.0,1485.0,1550.0,400900.0,6.456043956043955,2.815934065934056,3.5404141616566465,-1.5247776365946653,-1.5247776365946653,1.5483870967741842,0.0,0.5807283367615957,True,False,False
2730,エディオン,2026-09-02,2491.0,2583.0,2615.0,2528.6,2513.84,209000.0,2491.0,2509.0,2476.0,2501.0,42100.0,0.4014452027298221,0.0,0.4014452027298221,-3.1746031746031744,-4.3594646271510555,4.558176729308272,1.2388695315524556,0.2014354066985646,True,False,False
2733,あらた,2026-09-02,2693.0,2753.0,2753.0,2720.8,2636.92,82380.0,2691.0,2693.0,2683.0,2690.0,17300.0,-0.11139992573337976,-0.0742666171555939,-0.03716090672611916,-2.288412640755544,-2.288412640755544,2.3420074349442377,0.0,0.2100024277737315,False,False,False
2734,サーラコーポレーション,2026-09-02,1211.0,1245.0,1245.0,1224.6,1194.84,119000.0,1189.0,1192.0,1185.0,1190.0,10600.0,-1.7341040462427793,-1.8166804293971883,0.0841042893187538,-4.417670682730924,-4.417670682730924,4.621848739495804,0.0,0.08907563025210084,True,False,False
2735,ワッツ,2026-09-02,684.0,730.0,730.0,696.6,691.04,104900.0,697.0,700.0,696.0,700.0,4200.0,2.3391812865497075,1.900584795321647,0.43041606886657924,-4.109589041095896,-4.109589041095896,4.285714285714293,0.0,0.04003813155386082,True,False,False
2736,フェスタリアホールディングス,2026-09-02,606.0,677.0,678.0,624.4,658.88,16400.0,609.0,609.0,609.0,609.0,300.0,0.4950495049504955,0.4950495049504955,0.0,-10.044313146233385,-10.176991150442483,11.33004926108374,0.1477104874446189,0.018292682926829267,False,False,False
2737,トーメンデバイス,2026-09-02,33700.0,35700.0,35700.0,33460.0,29506.0,102920.0,34500.0,34750.0,33950.0,34000.0,8300.0,0.8902077151335286,2.3738872403560762,-1.449275362318836,-4.761904761904767,-4.761904761904767,5.000000000000004,0.0,0.08064516129032258,False,False,False
2742,ハローズ,2026-09-02,3990.0,4125.0,4125.0,4000.0,3903.8,99160.0,3970.0,4010.0,3955.0,4010.0,3000.0,0.5012531328320913,-0.5012531328320802,1.0075566750629816,-2.7878787878787836,-2.7878787878787836,2.867830423940143,0.0,0.030254134731746672,True,False,False
2747,北雄ラッキー,2026-09-02,3130.0,3190.0,3190.0,3129.0,3143.6,440.0,3095.0,3095.0,3095.0,3095.0,200.0,-1.1182108626198062,-1.1182108626198062,0.0,-2.9780564263322873,-2.9780564263322873,3.0694668820678617,0.0,0.45454545454545453,False,False,False
2749,ＪＰホールディングス,2026-09-02,661.0,676.0,676.0,665.2,645.32,259820.0,656.0,659.0,655.0,656.0,37200.0,-0.7564296520423563,-0.7564296520423563,0.0,-2.9585798816568087,-2.9585798816568087,3.0487804878048808,0.0,0.14317604495419906,False,False,False
274A,ガーデン,2026-09-02,2270.0,2379.0,2379.0,2299.2,2331.92,13140.0,2284.0,2284.0,2284.0,2284.0,24200.0,0.6167400881057272,0.6167400881057272,0.0,-3.993274485077769,-3.993274485077769,4.159369527145351,0.0,1.8417047184170472,False,False,False
2750,石光商事,2026-09-02,1353.0,1389.0,1389.0,1362.4,1320.48,8180.0,1369.0,1369.0,1369.0,1369.0,400.0,1.182557280118246,1.182557280118246,0.0,-1.4398848092152639,-1.4398848092152639,1.4609203798392922,0.0,0.0488997555012225,False,False,False
2751,テンポスホールディングス,2026-09-02,3765.0,3815.0,3925.0,3763.0,3772.4,3440.0,3790.0,3790.0,3790.0,3790.0,300.0,0.6640106241699861,0.6640106241699861,0.0,-0.6553079947575369,-3.439490445859872,3.562005277044844,2.8833551769331667,0.0872093023255814,False,False,False
2752,フジオフードグループ本社,2026-09-02,1146.0,1158.0,1188.0,1148.2,1123.84,80400.0,1141.0,1146.0,1139.0,1143.0,24900.0,-0.2617801047120394,-0.43630017452006564,0.17528483786153348,-1.2953367875647714,-3.7878787878787845,3.937007874015741,2.590673575129543,0.30970149253731344,True,False,False
2753,あみやき亭,2026-09-02,1390.0,1417.0,1417.0,1402.8,1379.48,36300.0,1391.0,1398.0,1388.0,1392.0,3900.0,0.14388489208632116,0.07194244604316058,0.07189072609632419,-1.7642907551164377,-1.7642907551164377,1.7959770114942541,0.0,0.10743801652892562,True,False,False
2760,東京エレクトロン　デバイス,2026-09-02,4105.0,4730.0,4730.0,4149.0,4138.0,189340.0,4090.0,4125.0,4090.0,4095.0,7500.0,-0.24360535931789995,-0.3654080389768555,0.12224938875304847,-13.424947145877375,-13.424947145877375,15.506715506715496,0.0,0.03961128129291222,True,False,False
2762,ＳＡＮＫＯ　ＭＡＲＫＥＴＩＮＧ　ＦＯＯＤＳ,2026-09-02,69.0,81.0,85.0,69.8,75.2,104960.0,70.0,70.0,69.0,69.0,17700.0,0.0,1.449275362318847,-1.4285714285714235,-14.814814814814813,-18.823529411764707,23.188405797101442,4.938271604938271,0.16863567073170732,False,False,False
2764,ひらまつ,2026-09-02,160.0,173.0,173.0,160.2,151.24,435160.0,160.0,170.0,160.0,167.0,160400.0,4.374999999999996,0.0,4.374999999999996,-3.4682080924855474,-3.4682080924855474,3.592814371257491,0.0,0.36860005515212796,True,False,False
2767,円谷フィールズホールディングス,2026-09-02,2506.0,2629.0,2629.0,2559.0,2471.92,468640.0,2529.0,2534.0,2495.0,2500.0,76800.0,-0.23942537909018569,0.9177972865123785,-1.1466982997232145,-4.906808672499052,-4.906808672499052,5.160000000000009,0.0,0.16387845681119836,False,False,False
2768,双日,2026-09-02,5659.0,5813.0,5813.0,5659.0,5550.72,1277260.0,5878.0,5887.0,5685.0,5711.0,514900.0,0.9188902632974116,3.8699416858102076,-2.8411024157876774,-1.7546877687940832,-1.7546877687940832,1.7860269655051608,0.0,0.4031285720996508,False,False,False
2769,ヴィレッジヴァンガードコーポレーション,2026-09-02,931.0,931.0,931.0,921.2,903.0,4760.0,929.0,929.0,927.0,927.0,700.0,-0.42964554242749253,-0.21482277121375182,-0.21528525296017342,-0.42964554242749253,-0.42964554242749253,0.4314994606256839,0.0,0.14705882352941177,False,False,False
276A,ククレブ・アドバイザーズ,2026-09-02,3655.0,3900.0,3900.0,3720.0,3519.4,26900.0,3635.0,3675.0,3635.0,3675.0,2000.0,0.547195622435015,-0.5471956224350261,1.1004126547455195,-5.769230769230771,-5.769230769230771,6.1224489795918435,0.0,0.07434944237918216,True,False,False
2776,新都ホールディングス,2026-09-02,101.0,111.0,111.0,101.6,95.48,225740.0,102.0,102.0,102.0,102.0,4900.0,0.990099009900991,0.990099009900991,0.0,-8.108108108108103,-8.108108108108103,8.823529411764696,0.0,0.021706387879861788,False,False,False
2778,パレモ・ホールディングス,2026-09-02,115.0,119.0,119.0,115.8,111.88,52280.0,113.0,114.0,113.0,114.0,4300.0,-0.8695652173912993,-1.7391304347826098,0.8849557522123908,-4.201680672268903,-4.201680672268903,4.385964912280693,0.0,0.08224942616679419,True,False,False
277A,グロービング,2026-09-02,1838.0,2012.0,2012.0,1913.4,1752.88,182180.0,1832.0,1855.0,1828.0,1836.0,15100.0,-0.10881392818280489,-0.32644178454842576,0.21834061135370675,-8.747514910536779,-8.747514910536779,9.58605664488017,0.0,0.08288505873312109,True,False,False
2780,コメ兵ホールディングス,2026-09-02,4960.0,5700.0,5700.0,5138.0,5178.4,123460.0,4845.0,4885.0,4770.0,4845.0,35500.0,-2.318548387096775,-2.318548387096775,0.0,-15.000000000000002,-15.000000000000002,17.647058823529417,0.0,0.28754252389437873,False,False,False
2782,セリア,2026-09-02,4440.0,4495.0,4495.0,4422.0,4186.6,279280.0,4450.0,4545.0,4420.0,4475.0,133900.0,0.7882882882882969,0.22522522522523403,0.561797752808979,-0.4449388209121219,-0.4449388209121219,0.4469273743016755,0.0,0.4794471498138069,True,False,False
2784,アルフレッサ　ホールディングス,2026-09-02,2330.5,2351.5,2475.0,2316.3,2287.06,460520.0,2317.0,2325.5,2307.5,2315.0,27700.0,-0.6650933276120985,-0.5792748337266729,-0.08631851532153734,-1.552200722942798,-6.464646464646462,6.911447084233258,5.251966829683186,0.0601493963345783,False,False,False
2788,アップルインターナショナル,2026-09-02,415.0,445.0,445.0,428.6,410.88,71860.0,411.0,414.0,411.0,412.0,6300.0,-0.7228915662650603,-0.9638554216867434,0.24330900243310083,-7.415730337078652,-7.415730337078652,8.009708737864084,0.0,0.08767047035903144,True,False,False
2789,カルラ,2026-09-02,479.0,481.0,481.0,476.8,476.08,1120.0,476.0,476.0,476.0,476.0,200.0,-0.6263048016701411,-0.6263048016701411,0.0,-1.039501039501034,-1.039501039501034,1.0504201680672232,0.0,0.17857142857142858,False,False,False
278A,Ｔｅｒｒａ　Ｄｒｏｎｅ,2026-09-02,19720.0,22290.0,22290.0,19222.0,14130.8,8360560.0,19000.0,19260.0,18610.0,19240.0,409100.0,-2.4340770791075106,-3.6511156186612603,1.2631578947368327,-13.683266038582321,-13.683266038582321,15.852390852390851,0.0,0.04893212894830012,True,False,False
2790,ナフコ,2026-09-02,2116.0,2241.0,2286.0,2151.2,2176.28,8180.0,2128.0,2128.0,2128.0,2128.0,400.0,0.5671077504725952,0.5671077504725952,0.0,-5.0423917893797405,-6.911636045494318,7.42481203007519,2.008032128514059,0.0488997555012225,False,False,False
2791,大黒天物産,2026-09-02,4585.0,4680.0,4925.0,4591.0,4536.8,32160.0,4600.0,4725.0,4560.0,4720.0,21800.0,2.9443838604144013,0.32715376226826187,2.60869565217392,0.8547008547008517,-4.162436548223347,4.343220338983045,5.235042735042739,0.677860696517413,True,True,False
2792,ハニーズホールディングス,2026-09-02,1441.0,1474.0,1479.0,1458.4,1438.04,47160.0,1443.0,1443.0,1437.0,1441.0,7000.0,0.0,0.1387925052047212,-0.1386001386001423,-2.238805970149249,-2.569303583502369,2.6370575988896583,0.33921302578019397,0.1484308736217133,False,False,False
2796,ファーマライズホールディングス,2026-09-02,505.0,506.0,506.0,502.8,496.36,3680.0,506.0,506.0,505.0,505.0,800.0,0.0,0.1980198019801982,-0.19762845849802257,-0.19762845849802257,-0.19762845849802257,0.1980198019801982,0.0,0.21739130434782608,False,False,False
2798,ワイズテーブルコーポレーション,2026-09-02,2995.0,3090.0,3090.0,3011.2,3040.24,10660.0,2997.0,2997.0,2997.0,2997.0,200.0,0.06677796327212437,0.06677796327212437,0.0,-3.0097087378640808,-3.0097087378640808,3.103103103103111,0.0,0.01876172607879925,False,False,False
2801,キッコーマン,2026-09-02,1832.5,1867.5,1867.5,1819.7,1767.04,3476800.0,1814.0,1821.0,1774.0,1776.5,574000.0,-3.0559345156889517,-1.0095497953615307,-2.0672546857772867,-4.872824631860773,-4.872824631860773,5.122431747818745,0.0,0.1650943396226415,False,False,False
2802,味の素,2026-09-02,5225.0,5754.0,5754.0,5367.0,5302.16,2560000.0,5193.0,5233.0,5121.0,5134.0,342500.0,-1.7416267942583774,-0.6124401913875643,-1.136144810321582,-10.775112964893985,-10.775112964893985,12.076353720296073,0.0,0.1337890625,False,False,False
2804,ブルドックソース,2026-09-02,1867.0,1883.0,1883.0,1867.4,1831.36,16820.0,1862.0,1862.0,1857.0,1858.0,3400.0,-0.48205677557578985,-0.26780931976432276,-0.21482277121375182,-1.3276686139139682,-1.3276686139139682,1.3455328310010728,0.0,0.20214030915576695,False,False,False
2805,ヱスビー食品,2026-09-02,7080.0,7300.0,7300.0,7062.0,6770.8,141000.0,7280.0,7300.0,7140.0,7190.0,11100.0,1.5536723163841915,2.824858757062154,-1.2362637362637319,-1.5068493150684925,-1.5068493150684925,1.5299026425591,0.0,0.07872340425531915,False,False,False
2806,ユタカフーズ,2026-09-02,1910.0,1910.0,1910.0,1900.6,1889.0,2200.0,1925.0,1925.0,1919.0,1919.0,200.0,0.47120418848167755,0.7853403141361293,-0.31168831168830735,0.47120418848167755,0.47120418848167755,-0.46899426784783316,0.0,0.09090909090909091,False,True,True
2809,キユーピー,2026-09-02,4793.0,4929.0,4929.0,4747.2,4677.84,346460.0,4700.0,4700.0,4655.0,4679.0,30200.0,-2.3784686000417277,-1.9403296474024612,-0.44680851063829685,-5.072022722661796,-5.072022722661796,5.343022013250698,0.0,0.08716734976620678,False,False,False
280A,ＴＭＨ,2026-09-02,1055.0,1326.0,1326.0,1090.6,1079.92,44420.0,1051.0,1075.0,1051.0,1060.0,3500.0,0.4739336492890933,-0.37914691943128354,0.8563273073263655,-20.060331825037704,-20.060331825037704,25.094339622641513,0.0,0.07879333633498424,True,False,False
2810,ハウス食品グループ本社,2026-09-02,3927.0,4019.0,4135.0,3880.2,3804.2,404380.0,3925.0,3926.0,3875.0,3899.0,30300.0,-0.7130124777183555,-0.05092946269417142,-0.6624203821656072,-2.985817367504351,-5.707376058041113,6.0528340600154,2.886290121920876,0.07492952173698007,False,False,False
2811,カゴメ,2026-09-02,2755.0,2769.0,2892.5,2743.1,2683.8,252900.0,2739.0,2753.0,2720.5,2730.0,32200.0,-0.907441016333943,-0.5807622504537258,-0.3285870755750264,-1.4084507042253502,-5.61797752808989,5.952380952380953,4.460093896713624,0.1273230525899565,False,False,False
2813,和弘食品,2026-09-02,3940.0,4030.0,4070.0,3938.0,3956.0,980.0,3920.0,3920.0,3920.0,3920.0,100.0,-0.5076142131979711,-0.5076142131979711,0.0,-2.7295285359801524,-3.6855036855036882,3.826530612244894,0.992555831265518,0.10204081632653061,False,False,False
2814,佐藤食品工業,2026-09-02,3885.0,4000.0,4000.0,3708.0,3362.0,6200.0,3890.0,3890.0,3875.0,3875.0,400.0,-0.2574002574002532,0.12870012870012104,-0.3856041131105381,-3.125,-3.125,3.2258064516129004,0.0,0.06451612903225806,False,False,False
2815,アリアケジャパン,2026-09-02,5420.0,5520.0,5640.0,5446.0,5381.2,88080.0,5440.0,5460.0,5410.0,5430.0,8900.0,0.1845018450184588,0.36900369003689537,-0.18382352941176405,-1.6304347826086918,-3.7234042553191515,3.8674033149171283,2.1739130434782705,0.10104450499545867,False,False,False
2816,ダイショー,2026-09-02,1418.0,1419.0,1420.0,1415.4,1412.64,2380.0,1416.0,1416.0,1416.0,1416.0,200.0,-0.14104372355430161,-0.14104372355430161,0.0,-0.21141649048626032,-0.28169014084507005,0.28248587570620654,0.07047216349542751,0.08403361344537816,False,False,False
2818,ピエトロ,2026-09-02,1768.0,1768.0,1776.0,1765.2,1760.2,2060.0,1767.0,1767.0,1767.0,1767.0,100.0,-0.05656108597285048,-0.05656108597285048,0.0,-0.05656108597285048,-0.5067567567567544,0.5093378607809784,0.4524886877828038,0.04854368932038835,False,False,False
2819,エバラ食品工業,2026-09-02,2539.0,2642.0,2642.0,2567.0,2533.44,13040.0,2537.0,2537.0,2528.0,2528.0,1100.0,-0.43324143363528966,-0.07877116975186782,-0.35474970437524567,-4.314912944738836,-4.314912944738836,4.509493670886067,0.0,0.0843558282208589,False,False,False
281A,インフォメティス,2026-09-02,427.0,486.0,529.0,438.6,447.84,55440.0,421.0,427.0,421.0,424.0,6900.0,-0.7025761124121788,-1.4051522248243575,0.7125890736342066,-12.757201646090532,-19.848771266540645,24.764150943396235,8.847736625514413,0.12445887445887446,True,False,False
2820,やまみ,2026-09-02,5900.0,6400.0,6400.0,5978.0,5623.0,18420.0,6100.0,6100.0,6090.0,6090.0,900.0,3.220338983050852,3.3898305084745672,-0.16393442622950616,-4.843750000000002,-4.843750000000002,5.090311986863716,0.0,0.048859934853420196,False,False,False
2831,はごろもフーズ,2026-09-02,3670.0,3700.0,3700.0,3664.0,3659.8,1080.0,3675.0,3695.0,3675.0,3680.0,900.0,0.27247956403269047,0.13623978201635634,0.13605442176871652,-0.540540540540535,-0.540540540540535,0.5434782608695565,0.0,0.8333333333333334,True,False,False
285A,キオクシアホールディングス,2026-09-02,51000.0,63350.0,68700.0,50478.0,50424.4,32827560.0,51830.0,53050.0,51330.0,52920.0,4118100.0,3.7647058823529367,1.6274509803921644,2.1030291337063467,-16.464088397790057,-22.969432314410476,29.81859410430838,8.445146014206784,0.12544642367571637,True,False,False
286A,ユカリア,2026-09-02,823.0,853.0,853.0,828.0,817.4,23220.0,835.0,835.0,832.0,833.0,800.0,1.2150668286755817,1.4580801944106936,-0.23952095808382756,-2.3446658851113744,-2.3446658851113744,2.400960384153672,0.0,0.034453057708871665,False,False,False
2871,ニチレイ,2026-09-02,2153.5,2268.0,2369.0,2152.6,2180.76,942580.0,2125.0,2141.0,2098.0,2113.5,258900.0,-1.8574413745066187,-1.323426979335962,-0.5411764705882338,-6.812169312169313,-10.785141409877586,12.088951975396256,4.453262786596124,0.27467164590803966,False,False,False
2872,セイヒョー,2026-09-02,1936.0,2017.0,2020.0,1962.0,1990.4,7760.0,1946.0,1946.0,1946.0,1946.0,1900.0,0.5165289256198413,0.5165289256198413,0.0,-3.5200793257312846,-3.6633663366336666,3.802672147995878,0.14873574615765772,0.24484536082474226,False,False,False
2874,横浜冷凍,2026-09-02,2197.0,2274.0,2300.0,2198.4,2135.08,127340.0,2180.0,2205.0,2156.0,2166.0,23100.0,-1.4110150204824756,-0.7737824305871666,-0.6422018348623881,-4.74934036939314,-5.826086956521737,6.186518928901208,1.1433597185576128,0.18140411496780273,False,False,False
2875,東洋水産,2026-09-02,10565.0,10890.0,11560.0,10535.0,10577.0,303640.0,10365.0,10365.0,10175.0,10190.0,30600.0,-3.5494557501183133,-1.8930430667297715,-1.6883743367100856,-6.427915518824612,-11.85121107266436,13.444553483807663,6.152433425160697,0.10077723620076406,False,False,False
2876,デルソーレ,2026-09-02,465.0,499.0,499.0,467.4,472.04,1780.0,469.0,469.0,469.0,469.0,3000.0,0.8602150537634357,0.8602150537634357,0.0,-6.012024048096187,-6.012024048096187,6.396588486140731,0.0,1.6853932584269662,False,False,False
2877,日東ベスト,2026-09-02,754.0,797.0,797.0,751.4,744.48,5040.0,754.0,754.0,754.0,754.0,500.0,0.0,0.0,0.0,-5.395232120451698,-5.395232120451698,5.702917771883298,0.0,0.0992063492063492,False,False,False
287A,黒田グループ,2026-09-02,1189.0,1240.0,1240.0,1199.6,1168.12,364800.0,1171.0,1171.0,1152.0,1155.0,79400.0,-2.8595458368376736,-1.5138772077375906,-1.3663535439795038,-6.854838709677424,-6.854838709677424,7.3593073593073655,0.0,0.21765350877192982,False,False,False
2882,イートアンドホールディングス,2026-09-02,2030.0,2089.0,2089.0,2042.4,2053.88,71340.0,2021.0,2023.0,2016.0,2020.0,4400.0,-0.49261083743842304,-0.4433497536945774,-0.049480455220185515,-3.3030157970320717,-3.3030157970320717,3.415841584158419,0.0,0.06167647883375386,False,False,False
2883,大冷,2026-09-02,2024.0,2037.0,2037.0,2022.8,2010.28,3340.0,2029.0,2030.0,2029.0,2030.0,300.0,0.29644268774704496,0.24703557312253377,0.04928536224741986,-0.3436426116838476,-0.3436426116838476,0.34482758620688614,0.0,0.08982035928143713,True,False,False
2884,ヨシムラ・フード・ホールディングス,2026-09-02,625.0,678.0,678.0,640.8,643.68,77220.0,622.0,626.0,620.0,625.0,10800.0,0.0,-0.48000000000000265,0.4823151125401992,-7.817109144542778,-7.817109144542778,8.479999999999999,0.0,0.13986013986013987,True,False,False
288A,ラクサス・テクノロジーズ,2026-09-02,95.0,108.0,108.0,96.8,96.36,163460.0,94.0,94.0,94.0,94.0,2500.0,-1.0526315789473717,-1.0526315789473717,0.0,-12.962962962962965,-12.962962962962965,14.893617021276606,0.0,0.015294261593050288,False,False,False
2892,日本食品化工,2026-09-02,4560.0,4625.0,4775.0,4562.0,4475.2,3200.0,4550.0,4565.0,4550.0,4565.0,500.0,0.10964912280702066,-0.21929824561403022,0.3296703296703285,-1.2972972972972951,-4.397905759162302,4.600219058050392,3.2432432432432323,0.15625,True,False,False
2894,石井食品,2026-09-02,373.0,379.0,379.0,357.8,347.0,15400.0,372.0,372.0,370.0,370.0,2800.0,-0.8042895442359255,-0.2680965147453085,-0.5376344086021501,-2.37467018469657,-2.37467018469657,2.43243243243243,0.0,0.18181818181818182,False,False,False
2897,日清食品ホールディングス,2026-09-02,3028.0,3096.0,3138.0,3001.9,2968.96,1285060.0,2990.0,2990.5,2955.0,2965.0,249800.0,-2.0805812417437286,-1.2549537648612996,-0.8361204013377921,-4.231266149870805,-5.513065646908855,5.834738617200674,1.3565891472868241,0.19438781068588237,False,False,False
2901,ウェルディッシュ,2026-09-02,150.0,187.0,193.0,153.8,164.88,157880.0,148.0,148.0,148.0,148.0,23400.0,-1.3333333333333308,-1.3333333333333308,0.0,-20.85561497326203,-23.316062176165808,30.405405405405396,3.208556149732611,0.14821383329110718,False,False,False
2903,シノブフーズ,2026-09-02,1653.0,1663.0,1720.0,1633.0,1611.8,1780.0,1649.0,1649.0,1641.0,1641.0,2700.0,-0.7259528130671544,-0.2419842710223885,-0.4851425106124907,-1.3229104028863459,-4.593023255813955,4.81413772090189,3.4275405892964628,1.5168539325842696,False,False,False
2904,一正蒲鉾,2026-09-02,752.0,760.0,763.0,752.8,755.12,3500.0,755.0,755.0,755.0,755.0,100.0,0.3989361702127603,0.3989361702127603,0.0,-0.6578947368421018,-1.0484927916120546,1.059602649006619,0.39473684210526994,0.02857142857142857,False,False,False
2907,あじかん,2026-09-02,1532.0,1544.0,1577.0,1530.0,1525.4,1280.0,1530.0,1530.0,1530.0,1530.0,100.0,-0.13054830287205776,-0.13054830287205776,0.0,-0.90673575129534,-2.9803424223208586,3.0718954248365904,2.137305699481873,0.078125,False,False,False
2908,フジッコ,2026-09-02,1627.0,1650.0,1650.0,1631.0,1596.0,38640.0,1614.0,1614.0,1609.0,1612.0,5200.0,-0.9219422249538978,-0.7990165949600447,-0.12391573729864103,-2.3030303030303068,-2.3030303030303068,2.3573200992555776,0.0,0.13457556935817805,False,False,False
290A,Ｓｙｎｓｐｅｃｔｉｖｅ,2026-09-02,1433.0,1622.0,1622.0,1519.2,1367.6,1525060.0,1427.0,1434.0,1408.0,1423.0,158100.0,-0.6978367062107416,-0.41870202372644716,-0.2803083391730854,-12.268803945745987,-12.268803945745987,13.98453970484892,0.0,0.10366805240449556,False,False,False
2910,ロック・フィールド,2026-09-02,1413.0,1431.0,1431.0,1422.8,1396.16,37140.0,1400.0,1401.0,1391.0,1396.0,10700.0,-1.2031139419674486,-0.9200283085633365,-0.28571428571428914,-2.4458420684835724,-2.4458420684835724,2.5071633237822244,0.0,0.288099084544965,False,False,False
2911,旭松食品,2026-09-02,2251.0,2286.0,2300.0,2252.0,2267.28,1720.0,2250.0,2250.0,2250.0,2250.0,100.0,-0.044424700133272044,-0.044424700133272044,0.0,-1.5748031496062964,-2.1739130434782594,2.2222222222222143,0.6124234470691103,0.05813953488372093,False,False,False
2914,日本たばこ産業,2026-09-02,7003.0,7187.0,7218.0,6987.4,6970.76,3090280.0,6928.0,6928.0,6781.0,6786.0,1295900.0,-3.0986719977152632,-1.070969584463799,-2.049653579676669,-5.579518575205233,-5.985037406483795,6.366047745358094,0.4313343536941794,0.4193471141773561,False,False,False
2915,ケンコーマヨネーズ,2026-09-02,2067.0,2080.0,2145.0,2035.2,2029.32,37520.0,2051.0,2060.0,2045.0,2048.0,3500.0,-0.9192065795839421,-0.7740686985969969,-0.14627011214042307,-1.538461538461533,-4.522144522144522,4.736328125,3.125,0.09328358208955224,False,False,False
2916,仙波糖化工業,2026-09-02,745.0,749.0,761.0,745.6,739.28,2000.0,745.0,745.0,745.0,745.0,500.0,0.0,0.0,0.0,-0.5340453938584733,-2.1024967148488782,2.147651006711415,1.602136181575431,0.25,False,False,False
2917,大森屋,2026-09-02,925.0,942.0,952.0,928.6,934.4,3720.0,922.0,922.0,922.0,922.0,1200.0,-0.324324324324321,-0.324324324324321,0.0,-2.123142250530785,-3.1512605042016806,3.2537960954446943,1.0615711252653925,0.3225806451612903,False,False,False
2918,わらべや日洋ホールディングス,2026-09-02,2780.0,2896.0,2896.0,2814.4,2807.84,153120.0,2766.0,2766.0,2750.0,2755.0,10600.0,-0.8992805755395739,-0.5035971223021574,-0.39768618944323597,-4.868784530386739,-4.868784530386739,5.117967332123419,0.0,0.06922675026123302,False,False,False
291A,リスキル,2026-09-02,1993.0,2060.0,2060.0,2004.0,1905.72,2800.0,1980.0,1985.0,1980.0,1985.0,600.0,-0.4014049172102352,-0.652282990466635,0.2525252525252597,-3.6407766990291246,-3.6407766990291246,3.7783375314861534,0.0,0.21428571428571427,True,False,False
2922,なとり,2026-09-02,1992.0,2034.0,2042.0,2007.0,1988.36,18400.0,1988.0,1994.0,1988.0,1994.0,700.0,0.10040160642570406,-0.20080321285140812,0.3018108651911433,-1.9665683382497523,-2.350636630754166,2.407221664994985,0.3933136676499416,0.03804347826086957,True,False,False
2923,サトウ食品,2026-09-02,7890.0,8600.0,8980.0,7928.0,8287.2,3860.0,7990.0,7990.0,7800.0,7810.0,3000.0,-1.0139416983523497,1.2674271229404344,-2.252816020025028,-9.18604651162791,-13.028953229398665,14.98079385403328,4.418604651162794,0.7772020725388601,False,False,False
2924,イフジ産業,2026-09-02,1911.0,2005.0,2085.0,1925.6,1956.68,2960.0,1912.0,1914.0,1912.0,1914.0,300.0,0.15698587127157548,0.05232862375719183,0.10460251046024993,-4.538653366583545,-8.201438848920862,8.934169278996862,3.990024937655856,0.10135135135135136,True,False,False
2926,篠崎屋,2026-09-02,125.0,137.0,137.0,126.4,121.44,233240.0,125.0,127.0,125.0,127.0,71400.0,1.6000000000000014,0.0,1.6000000000000014,-7.299270072992703,-7.299270072992703,7.874015748031504,0.0,0.30612244897959184,True,False,False
2927,ＡＦＣ－ＨＤアムスライフサイエンス,2026-09-02,869.0,915.0,915.0,876.8,877.84,58780.0,866.0,866.0,865.0,865.0,8000.0,-0.4602991944764101,-0.345224395857302,-0.11547344110854896,-5.464480874316935,-5.464480874316935,5.780346820809257,0.0,0.13610071452875128,False,False,False
2929,ファーマフーズ,2026-09-02,601.0,625.0,625.0,613.4,596.08,106000.0,601.0,602.0,598.0,600.0,14100.0,-0.16638935108153063,0.0,-0.16638935108153063,-4.0000000000000036,-4.0000000000000036,4.166666666666674,0.0,0.1330188679245283,False,False,False
2930,北の達人コーポレーション,2026-09-02,129.0,135.0,135.0,131.8,124.8,405940.0,130.0,132.0,130.0,132.0,241400.0,2.3255813953488413,0.7751937984496138,1.538461538461533,-2.2222222222222254,-2.2222222222222254,2.2727272727272707,0.0,0.5946691629304823,True,False,False
2931,ユーグレナ,2026-09-02,347.0,373.0,373.0,352.8,349.8,639520.0,345.0,346.0,344.0,345.0,81100.0,-0.5763688760806907,-0.5763688760806907,0.0,-7.506702412868638,-7.506702412868638,8.115942028985511,0.0,0.12681386039529646,False,False,False
2932,ＳＴＩフードホールディングス,2026-09-02,1118.0,1125.0,1130.0,1117.2,1103.44,8860.0,1124.0,1124.0,1120.0,1120.0,2300.0,0.17889087656528524,0.5366726296958779,-0.3558718861209953,-0.4444444444444473,-0.8849557522123908,0.8928571428571397,0.4444444444444473,0.2595936794582393,False,False,False
2933,紀文食品,2026-09-02,1120.0,1144.0,1144.0,1133.4,1119.84,82440.0,1121.0,1127.0,1121.0,1127.0,28500.0,0.6250000000000089,0.08928571428572507,0.535236396074934,-1.4860139860139898,-1.4860139860139898,1.5084294587400127,0.0,0.3457059679767103,True,False,False
2934,ジェイフロンティア,2026-09-02,1991.0,2095.0,2095.0,2002.4,1980.52,4440.0,2000.0,2000.0,2000.0,2000.0,100.0,0.45203415369161615,0.45203415369161615,0.0,-4.534606205250602,-4.534606205250602,4.75000000000001,0.0,0.02252252252252252,False,False,False
2935,ピックルスホールディングス,2026-09-02,1214.0,1218.0,1218.0,1203.6,1168.36,35220.0,1201.0,1203.0,1197.0,1197.0,6600.0,-1.4003294892915963,-1.0708401976935789,-0.33305578684429404,-1.7241379310344862,-1.7241379310344862,1.7543859649122862,0.0,0.18739352640545145,False,False,False
2936,ベースフード,2026-09-02,271.0,310.0,310.0,272.6,268.84,21380.0,275.0,275.0,275.0,275.0,2200.0,1.4760147601476037,1.4760147601476037,0.0,-11.290322580645162,-11.290322580645162,12.72727272727272,0.0,0.1028999064546305,False,False,False
2937,サンクゼール,2026-09-02,1757.0,1765.0,1765.0,1750.4,1745.72,1940.0,1755.0,1755.0,1755.0,1755.0,300.0,-0.11383039271485318,-0.11383039271485318,0.0,-0.5665722379603388,-0.5665722379603388,0.5698005698005604,0.0,0.15463917525773196,False,False,False
2938,オカムラ食品工業,2026-09-02,1256.0,1330.0,1330.0,1277.6,1277.64,49500.0,1256.0,1256.0,1240.0,1250.0,25900.0,-0.4777070063694322,0.0,-0.4777070063694322,-6.015037593984962,-6.015037593984962,6.400000000000006,0.0,0.5232323232323233,False,False,False
2961,日本調理機,2026-09-02,1625.0,1712.0,1712.0,1584.6,1519.8,7980.0,1585.0,1585.0,1580.0,1580.0,1200.0,-2.7692307692307683,-2.4615384615384595,-0.3154574132492094,-7.710280373831779,-7.710280373831779,8.354430379746836,0.0,0.15037593984962405,False,False,False
2962,テクニスコ,2026-09-02,1469.0,2025.0,2025.0,1628.2,1433.24,398800.0,1530.0,1530.0,1489.0,1499.0,22400.0,2.042205582028589,4.152484683458124,-2.026143790849677,-25.975308641975303,-25.975308641975303,35.090060040026685,0.0,0.05616850551654965,False,False,False
296A,令和アカウンティング・ホールディングス,2026-09-02,1101.0,1206.0,1206.0,1137.0,976.76,103280.0,1104.0,1120.0,1092.0,1092.0,21300.0,-0.8174386920980936,0.27247956403269047,-1.0869565217391353,-9.452736318407961,-9.452736318407961,10.439560439560447,0.0,0.20623547637490316,False,False,False
2970,ＧＬＣ　ＧＲＯＵＰ,2026-09-02,1090.0,1099.0,1099.0,1073.2,1027.2,3560.0,1076.0,1076.0,1066.0,1066.0,1600.0,-2.2018348623853212,-1.2844036697247652,-0.9293680297397744,-3.0027297543221088,-3.0027297543221088,3.0956848030018858,0.0,0.449438202247191,False,False,False
2975,スター・マイカ・ホールディングス,2026-09-02,1500.0,1625.0,1625.0,1566.4,1559.68,152320.0,1476.0,1478.0,1462.0,1464.0,25400.0,-2.400000000000002,-1.6000000000000014,-0.8130081300813052,-9.907692307692306,-9.907692307692306,10.997267759562845,0.0,0.16675420168067226,False,False,False
2978,ツクルバ,2026-09-02,335.0,353.0,365.0,341.4,343.92,2520.0,340.0,340.0,334.0,334.0,2400.0,-0.29850746268657025,1.4925373134328401,-1.764705882352946,-5.3824362606232246,-8.493150684931505,9.281437125748493,3.399433427762033,0.9523809523809523,False,False,False
297A,アルピコホールディングス,2026-09-02,213.0,219.0,224.0,213.6,214.88,38900.0,213.0,213.0,213.0,213.0,7400.0,0.0,0.0,0.0,-2.73972602739726,-4.91071428571429,5.164319248826299,2.2831050228310446,0.19023136246786632,False,False,False
2980,ＳＲＥホールディングス,2026-09-02,2375.0,2818.0,2818.0,2461.4,2531.2,298180.0,2360.0,2375.0,2345.0,2374.0,62500.0,-0.042105263157898865,-0.6315789473684164,0.5932203389830581,-15.755855216465575,-15.755855216465575,18.702611625947775,0.0,0.20960493661546717,True,False,False
2981,ランディックス,2026-09-02,2200.0,2221.0,2221.0,2185.6,2136.96,4640.0,2222.0,2222.0,2222.0,2222.0,100.0,1.0000000000000009,1.0000000000000009,0.0,0.04502476361998298,0.04502476361998298,-0.04500450045004101,0.0,0.021551724137931036,False,True,True
2982,ＡＤワークスグループ,2026-09-02,433.0,439.0,439.0,434.4,419.0,234840.0,433.0,435.0,432.0,433.0,20400.0,0.0,0.0,0.0,-1.3667425968109326,-1.3667425968109326,1.385681293302543,0.0,0.08686765457332651,False,False,False
2983,アールプランナー,2026-09-02,1746.0,1749.0,1749.0,1678.6,1581.96,32400.0,1734.0,1750.0,1733.0,1743.0,3000.0,-0.1718213058419238,-0.6872852233676952,0.519031141868509,-0.34305317324184736,-0.34305317324184736,0.344234079173833,0.0,0.09259259259259259,True,False,False
2984,ヤマイチエステート,2026-09-02,771.0,779.0,779.0,765.6,759.24,3040.0,755.0,755.0,755.0,755.0,400.0,-2.075226977950717,-2.075226977950717,0.0,-3.080872913992294,-3.080872913992294,3.178807947019857,0.0,0.13157894736842105,False,False,False
2986,ＬＡホールディングス,2026-09-02,2779.0,2893.0,2893.0,2833.0,2775.6,122220.0,2784.0,2797.0,2781.0,2794.0,12100.0,0.5397625044980314,0.17992083483266974,0.35919540229885083,-3.4220532319391594,-3.4220532319391594,3.543307086614167,0.0,0.09900180003272786,True,False,False
298A,ＧＶＡ　ＴＥＣＨ,2026-09-02,340.0,367.0,367.0,336.0,323.48,13320.0,338.0,345.0,338.0,345.0,400.0,1.4705882352941124,-0.588235294117645,2.071005917159763,-5.994550408719346,-5.994550408719346,6.376811594202891,0.0,0.03003003003003003,True,False,False
2991,ランドネット,2026-09-02,539.0,568.0,589.0,547.6,552.56,19020.0,521.0,533.0,521.0,525.0,19700.0,-2.5974025974025983,-3.3395176252319136,0.7677543186180413,-7.570422535211263,-10.865874363327677,12.190476190476197,3.69718309859155,1.035751840168244,True,False,False
2993,長栄,2026-09-02,2214.0,2278.0,2278.0,2242.4,2205.64,860.0,2220.0,2220.0,2220.0,2220.0,200.0,0.27100271002709064,0.27100271002709064,0.0,-2.5460930640913038,-2.5460930640913038,2.612612612612608,0.0,0.23255813953488372,False,False,False
2997,ストレージ王,2026-09-02,1323.0,1337.0,1338.0,1323.6,1330.12,8560.0,1324.0,1324.0,1323.0,1323.0,900.0,0.0,0.07558578987150177,-0.07552870090634656,-1.0471204188481686,-1.1210762331838597,1.133786848072571,0.07479431563202077,0.10514018691588785,False,False,False
2998,クリアル,2026-09-02,546.0,583.0,583.0,564.6,519.4,94540.0,542.0,549.0,542.0,549.0,6000.0,0.5494505494505475,-0.73260073260073,1.291512915129145,-5.831903945111494,-5.831903945111494,6.193078324225865,0.0,0.06346519991537973,True,False,False
2999,ホームポジション,2026-09-02,533.0,660.0,660.0,556.6,618.24,92500.0,516.0,519.0,516.0,519.0,2000.0,-2.6266416510318913,-3.1894934333958735,0.5813953488372103,-21.363636363636363,-21.363636363636363,27.16763005780347,0.0,0.021621621621621623,True,False,False
299A,クラシル,2026-09-02,1285.0,1424.0,1424.0,1330.8,1205.0,245820.0,1288.0,1315.0,1288.0,1306.0,29100.0,1.634241245136181,0.23346303501945442,1.3975155279503104,-8.286516853932579,-8.286516853932579,9.035222052067372,0.0,0.11837930192824017,True,False,False
3001,片倉工業,2026-09-02,3025.0,3075.0,3075.0,3004.4,2931.48,36920.0,2975.0,2982.0,2956.0,2956.0,1000.0,-2.2809917355371856,-1.6528925619834656,-0.6386554621848783,-3.8699186991869916,-3.8699186991869916,4.025710419485784,0.0,0.027085590465872156,False,False,False
3002,グンゼ,2026-09-02,4125.0,4270.0,4270.0,4168.0,4156.4,209560.0,4100.0,4100.0,4055.0,4065.0,56700.0,-1.4545454545454528,-0.60606060606061,-0.8536585365853666,-4.800936768149889,-4.800936768149889,5.043050430504303,0.0,0.27056690208054973,False,False,False
3003,ヒューリック,2026-09-02,1771.0,1814.5,1915.0,1788.7,1767.46,2106960.0,1768.5,1771.5,1757.0,1759.0,222200.0,-0.6775832862789377,-0.14116318464144628,-0.5371783997738189,-3.0586938550564935,-8.146214099216708,8.868675383740765,5.538715899696878,0.10545999924061207,False,False,False
3004,神栄,2026-09-02,2082.0,2140.0,2288.0,2088.2,2095.04,7420.0,2087.0,2087.0,2087.0,2087.0,200.0,0.24015369836696276,0.24015369836696276,0.0,-2.476635514018688,-8.784965034965031,9.631049353138476,6.915887850467284,0.026954177897574125,False,False,False
300A,ＭＩＣ,2026-09-02,3270.0,3490.0,3490.0,3319.0,3221.2,7420.0,3220.0,3220.0,3175.0,3175.0,4000.0,-2.905198776758411,-1.5290519877675823,-1.3975155279503104,-9.02578796561605,-9.02578796561605,9.921259842519682,0.0,0.5390835579514824,False,False,False
3010,ポラリス・ホールディングス,2026-09-02,192.0,199.0,201.0,192.2,193.12,114560.0,190.0,192.0,190.0,191.0,29100.0,-0.520833333333337,-1.041666666666663,0.5263157894736858,-4.020100502512558,-4.975124378109452,5.235602094240832,1.005025125628145,0.2540153631284916,True,False,False
3011,バナーズ,2026-09-02,145.0,147.0,147.0,145.4,144.72,17620.0,144.0,144.0,144.0,144.0,800.0,-0.6896551724137945,-0.6896551724137945,0.0,-2.0408163265306145,-2.0408163265306145,2.083333333333326,0.0,0.04540295119182747,False,False,False
3020,アプライド,2026-09-02,4350.0,4445.0,4445.0,4358.0,4264.4,1080.0,4340.0,4340.0,4340.0,4340.0,100.0,-0.22988505747126853,-0.22988505747126853,0.0,-2.3622047244094446,-2.3622047244094446,2.4193548387096753,0.0,0.09259259259259259,False,False,False
3021,パシフィックネット,2026-09-02,1580.0,1669.0,1669.0,1610.4,1609.6,13180.0,1576.0,1576.0,1576.0,1576.0,700.0,-0.25316455696202667,-0.25316455696202667,0.0,-5.5721989215098855,-5.5721989215098855,5.901015228426387,0.0,0.05311077389984825,False,False,False
3023,ラサ商事,2026-09-02,2024.0,2145.0,2145.0,2066.4,2027.8,22120.0,2020.0,2021.0,2001.0,2009.0,5000.0,-0.7411067193675902,-0.19762845849802257,-0.544554455445545,-6.340326340326341,-6.340326340326341,6.769537083125932,0.0,0.22603978300180833,False,False,False
3024,クリエイト,2026-09-02,1160.0,1198.0,1198.0,1177.4,1150.44,1860.0,1172.0,1172.0,1172.0,1172.0,300.0,1.0344827586206806,1.0344827586206806,0.0,-2.170283806343909,-2.170283806343909,2.2184300341296925,0.0,0.16129032258064516,False,False,False
3028,アルペン,2026-09-02,2348.0,2405.0,2405.0,2373.6,2321.48,80800.0,2320.0,2330.0,2298.0,2318.0,12600.0,-1.277683134582619,-1.1925042589437829,-0.08620689655172153,-3.617463617463612,-3.617463617463612,3.7532355478861135,0.0,0.15594059405940594,False,False,False
302A,ビースタイルホールディングス,2026-09-02,587.0,696.0,696.0,610.0,613.36,10120.0,600.0,600.0,600.0,600.0,100.0,2.2146507666098714,2.2146507666098714,0.0,-13.793103448275868,-13.793103448275868,15.999999999999993,0.0,0.009881422924901186,False,False,False
3030,ハブ,2026-09-02,858.0,875.0,875.0,858.4,842.16,17380.0,857.0,857.0,854.0,854.0,1600.0,-0.4662004662004615,-0.11655011655011815,-0.3500583430571802,-2.400000000000002,-2.400000000000002,2.4590163934426146,0.0,0.09205983889528194,False,False,False
3031,ラクーンホールディングス,2026-09-02,669.0,698.0,698.0,663.8,647.08,204280.0,675.0,678.0,675.0,678.0,2400.0,1.3452914798206317,0.8968609865470878,0.4444444444444473,-2.865329512893988,-2.865329512893988,2.9498525073746285,0.0,0.011748580379870765,True,False,False
3034,クオールホールディングス,2026-09-02,2285.0,2655.0,2655.0,2427.4,2371.04,108100.0,2275.0,2282.0,2260.0,2260.0,6900.0,-1.094091903719907,-0.4376367614879695,-0.659340659340657,-14.87758945386064,-14.87758945386064,17.47787610619469,0.0,0.06382978723404255,False,False,False
3035,ケイティケイ,2026-09-02,776.0,847.0,847.0,775.4,793.92,28880.0,773.0,773.0,773.0,773.0,100.0,-0.3865979381443285,-0.3865979381443285,0.0,-8.736717827626917,-8.736717827626917,9.573091849935311,0.0,0.0034626038781163434,False,False,False
3036,アルコニックス,2026-09-02,3310.0,3785.0,3785.0,3422.0,3304.56,139100.0,3335.0,3335.0,3200.0,3220.0,32000.0,-2.7190332326283984,0.7552870090634434,-3.4482758620689613,-14.927344782034346,-14.927344782034346,17.546583850931686,0.0,0.23005032350826743,False,False,False
3038,神戸物産,2026-09-02,2810.5,2897.5,2944.0,2827.6,2812.9,1287580.0,3107.0,3204.0,3106.0,3112.0,1856700.0,10.727628535847721,10.549724248354387,0.16092693916962553,7.402933563416747,5.7065217391304435,-5.398457583547556,1.6048317515099164,1.4420074869134345,True,True,True
303A,ｖｉｓｕｍｏ,2026-09-02,602.0,637.0,637.0,599.8,604.64,1020.0,574.0,582.0,572.0,582.0,2900.0,-3.322259136212624,-4.651162790697672,1.3937282229965264,-8.634222919937207,-8.634222919937207,9.450171821305853,0.0,2.843137254901961,True,False,False
3040,ソリトンシステムズ,2026-09-02,2305.0,2593.0,2593.0,2364.6,2241.12,83420.0,2344.0,2352.0,2313.0,2320.0,7600.0,0.6507592190889477,1.691973969631233,-1.0238907849829393,-10.528345545699958,-10.528345545699958,11.767241379310356,0.0,0.09110525053943898,False,False,False
3041,ビューティカダンホールディングス,2026-09-02,406.0,419.0,422.0,406.2,404.04,7020.0,415.0,415.0,415.0,415.0,1300.0,2.2167487684729092,2.2167487684729092,0.0,-0.9546539379474916,-1.6587677725118488,1.6867469879518149,0.7159904534606243,0.18518518518518517,False,False,False
3042,セキュアヴェイル,2026-09-02,299.0,308.0,308.0,299.2,296.52,16240.0,297.0,297.0,297.0,297.0,700.0,-0.6688963210702337,-0.6688963210702337,0.0,-3.57142857142857,-3.57142857142857,3.703703703703698,0.0,0.04310344827586207,False,False,False
3045,カワサキ,2026-09-02,1455.0,1501.0,1516.0,1464.2,1484.24,3800.0,1455.0,1464.0,1455.0,1456.0,800.0,0.06872852233676952,0.0,0.06872852233676952,-2.9980013324450328,-3.95778364116095,4.120879120879128,0.9993337774816702,0.21052631578947367,True,False,False
3046,ジンズホールディングス,2026-09-02,5490.0,6740.0,7070.0,5900.0,6362.0,493300.0,5610.0,5670.0,5600.0,5640.0,23300.0,2.732240437158473,2.1857923497267784,0.5347593582887722,-16.32047477744807,-20.226308345120223,25.35460992907801,4.896142433234418,0.04723292114332049,True,False,False
3048,ビックカメラ,2026-09-02,1751.0,1826.0,1855.5,1781.4,1755.94,1623940.0,1743.0,1745.0,1726.0,1732.0,58200.0,-1.0850942318675005,-0.456881781838947,-0.6310958118187049,-5.147864184008766,-6.6558879008353555,7.130484988452657,1.6155531215772179,0.0358387625158565,False,False,False
304A,フォルシア,2026-09-02,1970.0,1997.0,2099.0,1966.8,1953.08,180.0,1943.0,1943.0,1940.0,1940.0,300.0,-1.5228426395939132,-1.370558375634523,-0.15440041173443442,-2.854281422133198,-7.575035731300616,8.195876288659786,5.107661492238358,1.6666666666666667,False,False,False
3050,ＤＣＭホールディングス,2026-09-02,1583.0,1636.0,1636.0,1596.2,1575.68,282460.0,1585.0,1596.0,1585.0,1591.0,22900.0,0.5053695514845247,0.12634238787112562,0.3785488958990557,-2.7506112469437682,-2.7506112469437682,2.8284098051539974,0.0,0.08107342632585145,True,False,False
3053,ペッパーフードサービス,2026-09-02,200.0,220.0,220.0,205.6,199.32,249860.0,200.0,202.0,200.0,202.0,35300.0,1.0000000000000009,0.0,1.0000000000000009,-8.18181818181818,-8.18181818181818,8.910891089108919,0.0,0.14127911630513088,True,False,False
3054,ハイパー,2026-09-02,378.0,389.0,389.0,377.0,300.36,43660.0,381.0,382.0,375.0,375.0,3100.0,-0.7936507936507908,0.7936507936507908,-1.5748031496062964,-3.598971722365041,-3.598971722365041,3.733333333333344,0.0,0.07100320659642693,False,False,False
3058,三洋堂ホールディングス,2026-09-02,705.0,745.0,745.0,707.8,704.56,460.0,705.0,705.0,705.0,705.0,200.0,0.0,0.0,0.0,-5.369127516778526,-5.369127516778526,5.673758865248235,0.0,0.43478260869565216,False,False,False
3059,ヒラキ,2026-09-02,711.0,715.0,715.0,710.8,709.56,2080.0,710.0,711.0,710.0,711.0,200.0,0.0,-0.14064697609000865,0.14084507042253502,-0.5594405594405605,-0.5594405594405605,0.5625879043600568,0.0,0.09615384615384616,True,False,False
3063,ジェイグループホールディングス,2026-09-02,1102.0,1216.0,1257.0,1119.6,1189.44,110540.0,1125.0,1130.0,1117.0,1126.0,8000.0,2.177858439201441,2.0871143375680523,0.0888888888888939,-7.401315789473683,-10.421638822593483,11.634103019538177,3.3717105263157965,0.07237199203908087,True,False,False
3064,ＭｏｎｏｔａＲＯ,2026-09-02,1841.0,1990.0,2131.5,1892.2,1901.24,1547200.0,1875.0,1880.0,1858.0,1875.0,167200.0,1.846822379141777,1.846822379141777,0.0,-5.778894472361806,-12.03377902885292,13.680000000000003,7.110552763819089,0.10806618407445709,False,False,False
3065,ライフフーズ,2026-09-02,1594.0,1628.0,1628.0,1596.6,1614.0,6060.0,1588.0,1590.0,1588.0,1590.0,200.0,-0.25094102885822034,-0.37641154328732496,0.12594458438286438,-2.3341523341523396,-2.3341523341523396,2.3899371069182385,0.0,0.033003300330033,True,False,False
3067,東京一番フーズ,2026-09-02,466.0,467.0,467.0,463.0,457.68,11680.0,464.0,464.0,464.0,464.0,800.0,-0.42918454935622075,-0.42918454935622075,0.0,-0.6423982869379063,-0.6423982869379063,0.6465517241379226,0.0,0.0684931506849315,False,False,False
3068,ＷＤＩ,2026-09-02,3040.0,3090.0,3090.0,3042.0,3023.76,2180.0,3040.0,3040.0,3040.0,3040.0,500.0,0.0,0.0,0.0,-1.6181229773462813,-1.6181229773462813,1.6447368421052655,0.0,0.22935779816513763,False,False,False
3069,ＪＦＬＡホールディングス,2026-09-02,169.0,170.0,170.0,168.2,164.88,100600.0,167.0,168.0,167.0,168.0,32600.0,-0.591715976331364,-1.1834319526627168,0.5988023952095745,-1.17647058823529,-1.17647058823529,1.1904761904761862,0.0,0.3240556660039761,True,False,False
3070,ジェリービーンズグループ,2026-09-02,68.0,73.0,89.0,69.4,70.0,464160.0,67.0,67.0,66.0,67.0,41200.0,-1.4705882352941124,-1.4705882352941124,0.0,-8.21917808219178,-24.71910112359551,32.835820895522396,21.91780821917808,0.08876249569114099,False,False,False
3071,ストリーム,2026-09-02,105.0,107.0,107.0,105.8,103.48,57700.0,106.0,106.0,106.0,106.0,3800.0,0.952380952380949,0.952380952380949,0.0,-0.9345794392523366,-0.9345794392523366,0.9433962264151052,0.0,0.0658578856152513,False,False,False
3075,銚子丸,2026-09-02,1642.0,1737.0,1750.0,1666.2,1699.68,15680.0,1640.0,1640.0,1639.0,1639.0,1100.0,-0.1827040194884333,-0.12180267965895553,-0.060975609756097615,-5.641911341393202,-6.342857142857139,6.772422208663809,0.7484168105929667,0.07015306122448979,False,False,False
3076,あい　ホールディングス,2026-09-02,2943.0,3025.0,3025.0,2981.4,2937.16,100880.0,2953.0,2966.0,2950.0,2962.0,7500.0,0.6455997281685333,0.3397893306150257,0.30477480528277034,-2.082644628099173,-2.082644628099173,2.126941255908177,0.0,0.07434575733544806,True,False,False
3077,ホリイフードサービス,2026-09-02,1253.0,1314.0,1314.0,1214.2,989.76,37880.0,1250.0,1255.0,1250.0,1255.0,700.0,0.15961691939345712,-0.23942537909018569,0.40000000000000036,-4.490106544901062,-4.490106544901062,4.701195219123511,0.0,0.018479408658922915,True,False,False
3080,ジェーソン,2026-09-02,814.0,822.0,822.0,808.0,801.64,2680.0,809.0,809.0,809.0,809.0,500.0,-0.614250614250611,-0.614250614250611,0.0,-1.5815085158150888,-1.5815085158150888,1.606922126081578,0.0,0.1865671641791045,False,False,False
3082,きちりホールディングス,2026-09-02,977.0,987.0,987.0,979.4,967.68,7480.0,981.0,981.0,980.0,980.0,1300.0,0.3070624360286489,0.4094165813715467,-0.10193679918450993,-0.7092198581560294,-0.7092198581560294,0.7142857142857117,0.0,0.17379679144385027,False,False,False
3083,スターシーズ,2026-09-02,1247.0,1262.0,1262.0,1153.8,1008.6,474520.0,1341.0,1341.0,1285.0,1289.0,101800.0,3.368083400160393,7.5380914194065785,-3.8777032065622663,2.1394611727416857,2.1394611727416857,-2.094647013188522,0.0,0.21453258029166317,False,True,True
3086,Ｊ．フロント　リテイリング,2026-09-02,2791.5,3189.0,3252.0,2972.6,2971.06,2579860.0,2716.0,2740.5,2696.0,2727.5,284900.0,-2.2926741895038516,-2.704639082930327,0.42341678939616934,-14.471621197867668,-16.12853628536285,19.230064161319895,1.9755409219190945,0.11043234904219609,True,False,False
3087,ドトール・日レスホールディングス,2026-09-02,3395.0,3455.0,3455.0,3406.0,3255.2,116100.0,3355.0,3380.0,3355.0,3360.0,10400.0,-1.0309278350515427,-1.178203240058906,0.14903129657228842,-2.749638205499272,-2.749638205499272,2.8273809523809534,0.0,0.08957795004306632,True,False,False
3088,マツキヨココカラ＆カンパニー,2026-09-02,2569.0,2660.5,2719.5,2598.0,2544.02,1618940.0,2600.0,2608.5,2584.5,2598.0,282700.0,1.1288439081354573,1.2066952121448038,-0.07692307692307443,-2.3491824844953935,-4.467733039161614,4.676674364896072,2.217628265363647,0.1746204306521551,False,False,False
3089,テクノアルファ,2026-09-02,1073.0,1138.0,1138.0,1111.6,1059.36,5200.0,1083.0,1090.0,1083.0,1090.0,200.0,1.5843429636533068,0.9319664492078328,0.6463527239150446,-4.217926186291743,-4.217926186291743,4.4036697247706424,0.0,0.038461538461538464,True,False,False
3091,ブロンコビリー,2026-09-02,2841.0,2931.0,2931.0,2846.6,2717.52,72160.0,2800.0,2807.0,2794.0,2801.0,5200.0,-1.4079549454417473,-1.4431538190777915,0.03571428571429447,-4.435346298191744,-4.435346298191744,4.641199571581578,0.0,0.07206208425720621,True,False,False
3092,ＺＯＺＯ,2026-09-02,1130.5,1182.5,1242.0,1148.5,1144.8,2807640.0,1133.0,1140.5,1130.5,1138.5,235000.0,0.7076514816452883,0.2211410880141429,0.4854368932038833,-3.7209302325581395,-8.333333333333337,9.090909090909083,5.031712473572947,0.08370018948298215,True,False,False
3093,トレジャー・ファクトリー,2026-09-02,1900.0,2188.0,2188.0,2027.4,2095.64,201960.0,1892.0,1892.0,1844.0,1862.0,43900.0,-2.0000000000000018,-0.42105263157894424,-1.5856236786469302,-14.899451553930533,-14.899451553930533,17.508055853920524,0.0,0.2173697761933056,False,False,False
3096,オーシャンシステム,2026-09-02,1617.0,1648.0,1652.0,1609.4,1621.56,3260.0,1605.0,1610.0,1605.0,1610.0,300.0,-0.43290043290042934,-0.7421150278293154,0.31152647975076775,-2.305825242718451,-2.5423728813559365,2.60869565217392,0.24271844660195274,0.09202453987730061,True,False,False
3097,物語コーポレーション,2026-09-02,5550.0,6010.0,6010.0,5726.0,5596.8,171500.0,5650.0,5700.0,5640.0,5650.0,14900.0,1.8018018018018056,1.8018018018018056,0.0,-5.990016638935103,-5.990016638935103,6.371681415929209,0.0,0.08688046647230321,False,False,False
3099,三越伊勢丹ホールディングス,2026-09-02,3308.0,3909.0,3909.0,3488.8,3550.64,2256540.0,3180.0,3189.0,3135.0,3166.0,532600.0,-4.292623941958884,-3.8694074969770287,-0.4402515723270439,-19.007418777180863,-19.007418777180863,23.46809854706253,0.0,0.23602506492240333,False,False,False
3101,東洋紡,2026-09-02,1673.0,1805.0,1805.0,1683.8,1618.4,653160.0,1657.0,1657.0,1623.0,1631.0,73200.0,-2.5104602510460206,-0.9563658099222994,-1.5691007845503924,-9.639889196675899,-9.639889196675899,10.668301655426117,0.0,0.11207054932941393,False,False,False
3103,ユニチカ,2026-09-02,1437.0,1847.0,1847.0,1575.4,1298.52,22630760.0,1450.0,1459.0,1422.0,1438.0,1292400.0,0.06958942240780086,0.9046624913013224,-0.8275862068965467,-22.14401732539253,-22.14401732539253,28.442280945758004,0.0,0.057108113028462144,False,False,False
3104,富士紡ホールディングス,2026-09-02,3310.0,3965.0,4215.0,3400.0,3543.8,103740.0,3330.0,3360.0,3310.0,3350.0,9300.0,1.2084592145015005,0.6042296072507503,0.6006006006006093,-15.510718789407319,-20.52194543297746,25.820895522388064,6.305170239596469,0.0896471949103528,True,False,False
3105,日清紡ホールディングス,2026-09-02,2282.5,2649.5,2649.5,2231.0,2254.4,807700.0,2270.5,2288.0,2254.0,2262.0,72700.0,-0.898138006571747,-0.5257393209200489,-0.37436687954195413,-14.625401019060202,-14.625401019060202,17.13085764809903,0.0,0.09000866658412777,False,False,False
3106,倉敷紡績,2026-09-02,11050.0,11430.0,11430.0,11082.0,10464.0,31080.0,11100.0,11140.0,11010.0,11010.0,3100.0,-0.36199095022624306,0.4524886877828038,-0.8108108108108136,-3.6745406824146953,-3.6745406824146953,3.8147138964577554,0.0,0.09974259974259975,False,False,False
3107,ダイワボウホールディングス,2026-09-02,3773.0,3863.0,3863.0,3785.8,3684.2,248160.0,3761.0,3772.0,3686.0,3705.0,23700.0,-1.8022793532997627,-0.318049297641132,-1.4889657006115442,-4.090085425834844,-4.090085425834844,4.264507422402164,0.0,0.09550290135396518,False,False,False
3109,シキボウ,2026-09-02,1066.0,1100.0,1100.0,1083.8,1065.64,44480.0,1062.0,1063.0,1054.0,1057.0,9000.0,-0.8442776735459678,-0.37523452157598447,-0.47080979284369606,-3.9090909090909065,-3.9090909090909065,4.068117313150421,0.0,0.20233812949640287,False,False,False
3110,日東紡績,2026-09-02,3140.0,3610.0,3610.0,3101.4,3028.24,4452340.0,2984.0,3030.0,2975.0,3020.0,528800.0,-3.821656050955413,-4.968152866242037,1.206434316353877,-16.343490304709142,-16.343490304709142,19.5364238410596,0.0,0.11876900685931442,True,False,False
3111,オーミケンシ,2026-09-02,188.0,195.0,195.0,187.0,176.96,10960.0,188.0,190.0,186.0,186.0,2100.0,-1.0638297872340385,0.0,-1.0638297872340385,-4.61538461538461,-4.61538461538461,4.8387096774193505,0.0,0.19160583941605838,False,False,False
3113,ＵＮＩＶＡ・Ｏａｋホールディングス,2026-09-02,82.0,84.0,84.0,81.8,77.36,66440.0,81.0,82.0,81.0,82.0,1400.0,0.0,-1.2195121951219523,1.2345679012345734,-2.3809523809523836,-2.3809523809523836,2.4390243902439046,0.0,0.02107164358819988,True,False,False
3116,トヨタ紡織,2026-09-02,2273.5,2348.0,2450.0,2277.8,2251.12,633860.0,2306.0,2308.0,2284.0,2287.0,54800.0,0.5937981086430622,1.4295139652518163,-0.823937554206422,-2.597955706984667,-6.653061224489798,7.127240926978584,4.344122657580929,0.08645442211213833,False,False,False
3121,マーチャント・バンカーズ,2026-09-02,270.0,278.0,278.0,271.2,246.24,98360.0,273.0,273.0,271.0,271.0,6000.0,0.37037037037037646,1.1111111111111072,-0.73260073260073,-2.517985611510787,-2.517985611510787,2.583025830258312,0.0,0.061000406669377796,False,False,False
3123,サイボー,2026-09-02,650.0,660.0,660.0,651.2,644.24,2600.0,652.0,652.0,652.0,652.0,100.0,0.3076923076922977,0.3076923076922977,0.0,-1.2121212121212088,-1.2121212121212088,1.2269938650306678,0.0,0.038461538461538464,False,False,False
3131,シンデン・ハイテックス,2026-09-02,6110.0,7200.0,7200.0,6134.0,5560.6,34540.0,6000.0,6140.0,5990.0,5990.0,2500.0,-1.9639934533551506,-1.8003273322422242,-0.16666666666667052,-16.80555555555555,-16.80555555555555,20.20033388981637,0.0,0.07237984944991314,False,False,False
3132,マクニカホールディングス,2026-09-02,3544.0,3914.0,3914.0,3635.2,3515.52,995240.0,3547.0,3547.0,3476.0,3495.0,55500.0,-1.382618510158018,0.08465011286682422,-1.466027628982236,-10.705160960654059,-10.705160960654059,11.988555078683838,0.0,0.0557654435111129,False,False,False
3133,海帆,2026-09-02,67.0,90.0,101.0,68.0,78.12,483960.0,67.0,67.0,66.0,67.0,26500.0,0.0,0.0,0.0,-25.555555555555554,-33.66336633663366,50.74626865671641,12.222222222222223,0.05475659145383916,False,False,False
3134,Ｈａｍｅｅ,2026-09-02,305.0,325.0,325.0,314.4,301.36,45480.0,309.0,309.0,306.0,308.0,3100.0,0.9836065573770592,1.3114754098360715,-0.3236245954692518,-5.230769230769228,-5.230769230769228,5.519480519480524,0.0,0.0681618293755497,False,False,False
3135,マーケットエンタープライズ,2026-09-02,1135.0,1236.0,1236.0,1163.0,1128.52,8840.0,1144.0,1158.0,1139.0,1146.0,2900.0,0.9691629955947079,0.7929515418502175,0.17482517482516613,-7.281553398058249,-7.281553398058249,7.853403141361248,0.0,0.32805429864253394,True,False,False
3137,ファンデリー,2026-09-02,206.0,210.0,224.0,206.4,208.32,26520.0,206.0,206.0,206.0,206.0,400.0,0.0,0.0,0.0,-1.904761904761909,-8.03571428571429,8.737864077669899,6.666666666666665,0.015082956259426848,False,False,False
3138,富士山マガジンサービス,2026-09-02,1140.0,1147.0,1179.0,1130.6,1129.84,1940.0,1132.0,1132.0,1132.0,1132.0,400.0,-0.7017543859649145,-0.7017543859649145,0.0,-1.3077593722754965,-3.9864291772688687,4.151943462897534,2.7898866608544015,0.20618556701030927,False,False,False
3139,ラクト・ジャパン,2026-09-02,3445.0,3490.0,3550.0,3459.0,3386.2,24800.0,3440.0,3440.0,3425.0,3425.0,4600.0,-0.5805515239477477,-0.14513788098693414,-0.43604651162790775,-1.862464183381085,-3.5211267605633756,3.649635036496357,1.7191977077363862,0.18548387096774194,False,False,False
3140,ＢＲＵＮＯ,2026-09-02,1017.0,1036.0,1036.0,1018.2,1012.2,5760.0,1020.0,1020.0,1020.0,1020.0,300.0,0.2949852507374562,0.2949852507374562,0.0,-1.5444015444015413,-1.5444015444015413,1.5686274509803866,0.0,0.052083333333333336,False,False,False
3143,オーウイル,2026-09-02,695.0,704.0,717.0,691.6,691.56,6080.0,700.0,700.0,700.0,700.0,17800.0,0.7194244604316502,0.7194244604316502,0.0,-0.5681818181818232,-2.3709902370990243,2.4285714285714244,1.8465909090909172,2.9276315789473686,False,False,False
3148,クリエイトＳＤホールディングス,2026-09-02,3405.0,3460.0,3555.0,3401.0,3368.2,71240.0,3400.0,3435.0,3400.0,3425.0,6700.0,0.5873715124816492,-0.1468428781204123,0.7352941176470562,-1.0115606936416222,-3.656821378340369,3.795620437956204,2.7456647398844014,0.09404828747894442,True,False,False
3150,グリムス,2026-09-02,2405.0,2599.0,2646.0,2466.8,2512.24,51660.0,2416.0,2423.0,2411.0,2415.0,3100.0,0.4158004158004047,0.45738045738046296,-0.041390728476820016,-7.079646017699115,-8.730158730158733,9.565217391304337,1.808387841477499,0.0600077429345722,False,False,False
3151,バイタルケーエスケー・ホールディングス,2026-09-02,1665.0,1697.0,1727.0,1669.8,1639.32,93040.0,1637.0,1637.0,1610.0,1619.0,7000.0,-2.7627627627627604,-1.6816816816816793,-1.0995723885155795,-4.596346493812609,-6.253618992472498,6.670784434836308,1.7678255745433136,0.07523645743766122,False,False,False
3153,八洲電機,2026-09-02,2980.0,3160.0,3160.0,3065.0,2959.04,90600.0,2963.0,3005.0,2963.0,3005.0,45700.0,0.8389261744966348,-0.5704697986577134,1.4174822814714716,-4.905063291139244,-4.905063291139244,5.15806988352745,0.0,0.5044150110375276,True,False,False
3154,メディアスホールディングス,2026-09-02,801.0,828.0,828.0,804.4,795.6,19320.0,791.0,800.0,787.0,787.0,5200.0,-1.7478152309613026,-1.2484394506866447,-0.5056890012642201,-4.951690821256038,-4.951690821256038,5.209656925031769,0.0,0.2691511387163561,False,False,False
3156,レスター,2026-09-02,5340.0,5640.0,5640.0,5374.0,4821.2,134340.0,5210.0,5250.0,5150.0,5160.0,9500.0,-3.3707865168539297,-2.434456928838946,-0.9596928982725572,-8.510638297872342,-8.510638297872342,9.302325581395344,0.0,0.07071609349411939,False,False,False
3157,ジオリーブグループ,2026-09-02,1460.0,1477.0,1477.0,1455.6,1414.32,1220.0,1460.0,1460.0,1460.0,1460.0,1100.0,0.0,0.0,0.0,-1.1509817197021044,-1.1509817197021044,1.1643835616438336,0.0,0.9016393442622951,False,False,False
3159,丸善ＣＨＩホールディングス,2026-09-02,400.0,430.0,430.0,402.6,399.32,67940.0,402.0,402.0,402.0,402.0,4200.0,0.49999999999998934,0.49999999999998934,0.0,-6.511627906976747,-6.511627906976747,6.965174129353224,0.0,0.061819252281424784,False,False,False
3160,大光,2026-09-02,581.0,582.0,582.0,579.8,579.24,7280.0,581.0,581.0,581.0,581.0,100.0,0.0,0.0,0.0,-0.1718213058419238,-0.1718213058419238,0.1721170395869276,0.0,0.013736263736263736,False,False,False
3161,アゼアス,2026-09-02,665.0,684.0,684.0,670.2,666.88,5380.0,669.0,673.0,669.0,673.0,600.0,1.2030075187969835,0.6015037593984918,0.5979073243647326,-1.6081871345029253,-1.6081871345029253,1.634472511144125,0.0,0.11152416356877323,True,False,False
3166,ＯＣＨＩホールディングス,2026-09-02,1476.0,1480.0,1486.0,1476.4,1462.16,3600.0,1470.0,1470.0,1470.0,1470.0,800.0,-0.40650406504064707,-0.40650406504064707,0.0,-0.6756756756756799,-1.076716016150736,1.0884353741496655,0.40540540540541237,0.2222222222222222,False,False,False
3167,ＴＯＫＡＩホールディングス,2026-09-02,1333.0,1338.0,1338.0,1309.8,1233.36,317700.0,1330.0,1332.0,1325.0,1328.0,80500.0,-0.3750937734433579,-0.22505626406601476,-0.15037593984962294,-0.7473841554558991,-0.7473841554558991,0.7530120481927804,0.0,0.2533836953100409,False,False,False
3168,ＭＥＲＦ,2026-09-02,1278.0,1651.0,1651.0,1397.2,1419.6,142040.0,1280.0,1280.0,1256.0,1257.0,12100.0,-1.6431924882629123,0.15649452269170805,-1.7968749999999978,-23.864324651726232,-23.864324651726232,31.344470962609392,0.0,0.08518727119121375,False,False,False
3169,ミサワ,2026-09-02,683.0,689.0,689.0,679.4,662.76,6060.0,681.0,681.0,681.0,681.0,700.0,-0.2928257686676372,-0.2928257686676372,0.0,-1.1611030478954953,-1.1611030478954953,1.1747430249632984,0.0,0.11551155115511551,False,False,False
3172,ティーライフ,2026-09-02,1121.0,1143.0,1159.0,1122.2,1126.52,3160.0,1121.0,1122.0,1120.0,1122.0,1600.0,0.0892060660124816,0.0,0.0892060660124816,-1.8372703412073532,-3.1924072476272602,3.2976827094474137,1.3998250218722585,0.5063291139240507,True,False,False
3173,Ｃｏｍｉｎｉｘ,2026-09-02,1510.0,1730.0,1730.0,1544.4,1371.84,9300.0,1514.0,1514.0,1495.0,1495.0,400.0,-0.9933774834437137,0.26490066225166586,-1.2549537648612996,-13.583815028901736,-13.583815028901736,15.71906354515049,0.0,0.043010752688172046,False,False,False
3174,ハピネス・アンド・ディ,2026-09-02,400.0,411.0,504.0,401.4,404.36,28640.0,400.0,400.0,399.0,400.0,600.0,0.0,0.0,0.0,-2.676399026763987,-20.63492063492064,26.0,22.62773722627738,0.02094972067039106,False,False,False
3175,エー・ピーホールディングス,2026-09-02,955.0,957.0,957.0,951.0,946.72,14280.0,957.0,957.0,957.0,957.0,1300.0,0.20942408376962707,0.20942408376962707,0.0,0.0,0.0,0.0,0.0,0.09103641456582633,False,False,False
3176,三洋貿易,2026-09-02,1164.0,1227.0,1227.0,1176.2,1076.2,787200.0,1178.0,1202.0,1157.0,1165.0,236200.0,0.0859106529209619,1.2027491408934665,-1.1035653650254718,-5.052974735126325,-5.052974735126325,5.321888412017173,0.0,0.3000508130081301,False,False,False
3177,ありがとうサービス,2026-09-02,4425.0,4450.0,4450.0,4422.0,4276.4,1340.0,4415.0,4425.0,4365.0,4365.0,1100.0,-1.3559322033898313,-0.2259887005649719,-1.1325028312570762,-1.9101123595505642,-1.9101123595505642,1.9473081328751363,0.0,0.8208955223880597,False,False,False
3178,チムニー,2026-09-02,1222.0,1224.0,1224.0,1216.4,1176.92,14900.0,1220.0,1220.0,1219.0,1219.0,6000.0,-0.24549918166939522,-0.16366612111292644,-0.08196721311475308,-0.40849673202614234,-0.40849673202614234,0.41017227235438103,0.0,0.40268456375838924,False,False,False
3179,シュッピン,2026-09-02,1189.0,1400.0,1415.0,1206.0,1268.16,68520.0,1192.0,1196.0,1188.0,1194.0,4900.0,0.420521446593769,0.2523128679562614,0.1677852348993314,-14.714285714285714,-15.618374558303882,18.509212730318247,1.0714285714285676,0.07151196730881494,True,False,False
3180,ビューティガレージ,2026-09-02,1618.0,1630.0,1630.0,1587.4,1510.48,32400.0,1629.0,1645.0,1629.0,1643.0,11500.0,1.5451174289246028,0.6798516687268163,0.8594229588704705,0.797546012269934,0.797546012269934,-0.7912355447352359,0.0,0.3549382716049383,True,True,True
3181,買取王国,2026-09-02,1053.0,1120.0,1120.0,1074.8,1075.72,2980.0,1054.0,1054.0,1054.0,1054.0,100.0,0.09496676163343043,0.09496676163343043,0.0,-5.892857142857144,-5.892857142857144,6.261859582542684,0.0,0.03355704697986577,False,False,False
3182,オイシックス・ラ・大地,2026-09-02,1661.0,1798.0,1798.0,1701.2,1689.4,96480.0,1661.0,1675.0,1658.0,1670.0,5300.0,0.5418422636965792,0.0,0.5418422636965792,-7.119021134593995,-7.119021134593995,7.664670658682637,0.0,0.054933665008291874,True,False,False
3183,ウイン・パートナーズ,2026-09-02,1253.0,1298.0,1359.0,1266.2,1281.8,23580.0,1256.0,1258.0,1256.0,1256.0,2500.0,0.23942537909018569,0.23942537909018569,0.0,-3.235747303543912,-7.579102281089034,8.200636942675166,4.699537750385208,0.10602205258693809,False,False,False
3185,夢展望,2026-09-02,144.0,154.0,162.0,143.8,147.84,59000.0,143.0,143.0,141.0,143.0,6400.0,-0.694444444444442,-0.694444444444442,0.0,-7.14285714285714,-11.728395061728392,13.286713286713292,5.1948051948051965,0.10847457627118644,False,False,False
3186,ネクステージ,2026-09-02,3210.0,3660.0,3660.0,3326.0,3440.6,323520.0,3125.0,3145.0,3085.0,3135.0,136800.0,-2.336448598130836,-2.6479750778816147,0.32000000000000917,-14.344262295081966,-14.344262295081966,16.7464114832536,0.0,0.4228486646884273,True,False,False
3187,ミラタップ,2026-09-02,352.0,419.0,419.0,356.2,345.68,17140.0,370.0,382.0,361.0,376.0,40700.0,6.818181818181812,5.1136363636363535,1.6216216216216273,-10.262529832935563,-10.262529832935563,11.436170212765951,0.0,2.3745624270711785,True,False,False
3189,ＡＮＡＰホールディングス,2026-09-02,121.0,190.0,190.0,118.2,114.32,1215880.0,118.0,121.0,114.0,116.0,261200.0,-4.1322314049586755,-2.4793388429752095,-1.6949152542372836,-38.94736842105263,-38.94736842105263,63.793103448275865,0.0,0.21482383129914137,False,False,False
3190,ホットマン,2026-09-02,586.0,592.0,599.0,582.4,583.08,4040.0,585.0,585.0,585.0,585.0,100.0,-0.17064846416382506,-0.17064846416382506,0.0,-1.1824324324324342,-2.3372287145242088,2.3931623931623847,1.1824324324324342,0.024752475247524754,False,False,False
3191,ジョイフル本田,2026-09-02,2199.0,2324.0,2545.0,2243.4,2296.92,157140.0,2205.0,2220.0,2205.0,2214.0,12500.0,0.6821282401091366,0.27285129604366354,0.40816326530612734,-4.733218588640275,-13.005893909626721,14.950316169828358,9.509466437177272,0.07954690085274278,True,False,False
3192,白鳩,2026-09-02,289.0,302.0,304.0,292.4,293.0,47220.0,286.0,286.0,286.0,286.0,200.0,-1.038062283737029,-1.038062283737029,0.0,-5.298013245033117,-5.921052631578949,6.2937062937062915,0.6622516556291425,0.004235493434985175,False,False,False
3193,エターナルホスピタリティグループ,2026-09-02,1403.0,1505.0,1510.0,1427.4,1441.82,126120.0,1402.0,1421.0,1395.0,1413.0,32100.0,0.7127583749109156,-0.07127583749109156,0.7845934379457908,-6.112956810631232,-6.423841059602653,6.864826610049546,0.33222591362125353,0.25451950523311134,True,False,False
3195,ジェネレーションパス,2026-09-02,724.0,746.0,746.0,709.8,610.48,45840.0,689.0,693.0,689.0,693.0,4000.0,-4.281767955801108,-4.83425414364641,0.5805515239477588,-7.104557640750675,-7.104557640750675,7.647907647907637,0.0,0.08726003490401396,True,False,False
3196,ホットランドホールディングス,2026-09-02,1617.0,1691.0,1702.0,1629.0,1632.28,88900.0,1625.0,1625.0,1620.0,1620.0,6700.0,0.18552875695732052,0.49474335188621765,-0.3076923076923088,-4.198698994677708,-4.817861339600471,5.0617283950617376,0.6505026611472564,0.07536557930258718,False,False,False
3197,すかいらーくホールディングス,2026-09-02,3360.0,3426.0,3426.0,3369.2,3260.48,813460.0,3360.0,3360.0,3329.0,3339.0,105400.0,-0.6249999999999978,0.0,-0.6249999999999978,-2.539404553415059,-2.539404553415059,2.605570530098822,0.0,0.1295699850023357,False,False,False
3199,綿半ホールディングス,2026-09-02,1327.0,1359.0,1370.0,1341.4,1324.0,35220.0,1321.0,1324.0,1317.0,1317.0,8800.0,-0.7535795026375247,-0.45214770158251705,-0.3028009084027228,-3.0905077262693204,-3.8686131386861278,4.02429764616552,0.8094186902133815,0.2498580352072686,False,False,False
319A,技術承継機構,2026-09-02,20090.0,22700.0,22700.0,20394.0,19388.8,30180.0,21700.0,21700.0,20740.0,20780.0,7800.0,3.4345445495271187,8.013937282229966,-4.239631336405525,-8.45814977973568,-8.45814977973568,9.239653512993273,0.0,0.2584493041749503,False,False,False
3201,日本毛織,2026-09-02,1962.0,2003.0,2003.0,1974.4,1957.28,64920.0,1967.0,1975.0,1956.0,1962.0,13000.0,0.0,0.2548419979612637,-0.2541942043721379,-2.0469296055916075,-2.0469296055916075,2.089704383282376,0.0,0.2002464571780653,False,False,False
3202,ダイトウボウ,2026-09-02,128.0,130.0,130.0,128.8,127.44,38020.0,130.0,130.0,129.0,129.0,2000.0,0.78125,1.5625,-0.7692307692307665,-0.7692307692307665,-0.7692307692307665,0.7751937984496138,0.0,0.052603892688058915,False,False,False
3204,トーア紡コーポレーション,2026-09-02,503.0,507.0,510.0,503.8,498.08,9000.0,499.0,499.0,499.0,499.0,100.0,-0.7952286282306154,-0.7952286282306154,0.0,-1.5779092702169595,-2.1568627450980427,2.2044088176352616,0.591715976331364,0.011111111111111112,False,False,False
3205,ダイドーリミテッド,2026-09-02,733.0,760.0,764.0,749.2,739.28,150320.0,733.0,734.0,733.0,733.0,6600.0,0.0,0.0,0.0,-3.552631578947374,-4.057591623036649,4.229195088676674,0.5263157894736858,0.04390633315593401,False,False,False
3221,ヨシックスホールディングス,2026-09-02,3230.0,3430.0,3430.0,3299.0,3282.2,29820.0,3230.0,3240.0,3230.0,3240.0,4900.0,0.3095975232198178,0.0,0.3095975232198178,-5.539358600583089,-5.539358600583089,5.864197530864201,0.0,0.1643192488262911,True,False,False
3222,ユナイテッド・スーパーマーケット・ホールディングス,2026-09-02,828.0,851.0,860.0,827.4,822.6,1097940.0,837.0,846.0,835.0,843.0,103000.0,1.8115942028985588,1.0869565217391353,0.7168458781362075,-0.9400705052878933,-1.9767441860465085,2.016607354685651,1.0575793184488758,0.09381204801719584,True,False,False
3223,エスエルディー,2026-09-02,963.0,965.0,965.0,950.0,927.0,2100.0,963.0,963.0,963.0,963.0,2500.0,0.0,0.0,0.0,-0.2072538860103612,-0.2072538860103612,0.20768431983384517,0.0,1.1904761904761905,False,False,False
3224,ゼネラル・オイスター,2026-09-02,695.0,702.0,703.0,690.8,692.72,6460.0,694.0,698.0,694.0,698.0,700.0,0.4316546762589857,-0.14388489208633226,0.5763688760807018,-0.5698005698005715,-0.7112375533428139,0.7163323782235054,0.14245014245013454,0.10835913312693499,True,False,False
3231,野村不動産ホールディングス,2026-09-02,929.9000244140624,948.2999877929688,997.0999755859376,935.9,924.7439990234376,3520820.0,932.0,932.2999877929688,927.0,927.5999755859375,746100.0,-0.24734366789312956,0.22582810310827206,-0.4721056238264465,-2.1828548427178185,-6.970213790162716,7.492453841010405,5.146049606785685,0.21191086167426906,False,False,False
3232,三重交通グループホールディングス,2026-09-02,608.0,633.0,633.0,615.6,570.08,602700.0,614.0,619.0,611.0,614.0,41900.0,0.9868421052631637,0.9868421052631637,0.0,-3.001579778830965,-3.001579778830965,3.0944625407166138,0.0,0.06952049112327859,False,False,False
3236,プロパスト,2026-09-02,290.0,299.0,299.0,293.2,284.48,70900.0,284.0,288.0,284.0,288.0,48700.0,-0.6896551724137945,-2.0689655172413834,1.4084507042253502,-3.678929765886285,-3.678929765886285,3.819444444444442,0.0,0.68688293370945,True,False,False
3237,イントランス,2026-09-02,96.0,110.0,110.0,98.0,99.96,277180.0,94.0,95.0,93.0,93.0,13200.0,-3.125,-2.083333333333337,-1.0638297872340385,-15.454545454545453,-15.454545454545453,18.279569892473123,0.0,0.04762248358467422,False,False,False
3238,セントラル総合開発,2026-09-02,384.0,410.0,410.0,385.4,382.36,15280.0,385.0,385.0,382.0,384.0,3200.0,0.0,0.26041666666667407,-0.2597402597402598,-6.341463414634141,-6.341463414634141,6.770833333333326,0.0,0.2094240837696335,False,False,False
323A,フライヤー,2026-09-02,373.0,439.0,450.0,376.8,367.8,14420.0,380.0,380.0,380.0,380.0,500.0,1.8766756032171594,1.8766756032171594,0.0,-13.439635535307515,-15.555555555555555,18.421052631578938,2.505694760820054,0.03467406380027739,False,False,False
3241,ウィル,2026-09-02,600.0,615.0,615.0,604.4,594.24,3500.0,603.0,603.0,603.0,603.0,500.0,0.49999999999998934,0.49999999999998934,0.0,-1.9512195121951237,-1.9512195121951237,1.990049751243772,0.0,0.14285714285714285,False,False,False
3242,アーバネットコーポレーション,2026-09-02,526.0,534.0,534.0,529.8,516.6,55360.0,521.0,521.0,521.0,521.0,8200.0,-0.9505703422053258,-0.9505703422053258,0.0,-2.434456928838946,-2.434456928838946,2.49520153550864,0.0,0.14812138728323698,False,False,False
3245,ディア・ライフ,2026-09-02,1122.0,1178.0,1178.0,1151.4,1126.72,370400.0,1117.0,1118.0,1112.0,1115.0,44900.0,-0.6238859180035639,-0.4456327985739805,-0.17905102954342,-5.3480475382003405,-5.3480475382003405,5.650224215246635,0.0,0.12122030237580994,False,False,False
3246,コーセーアールイー,2026-09-02,697.0,698.0,698.0,692.0,674.36,5060.0,689.0,689.0,689.0,689.0,200.0,-1.147776183644189,-1.147776183644189,0.0,-1.2893982808022897,-1.2893982808022897,1.3062409288824295,0.0,0.039525691699604744,False,False,False
3248,アールエイジ,2026-09-02,888.0,894.0,895.0,888.6,886.44,940.0,885.0,885.0,885.0,885.0,500.0,-0.33783783783783994,-0.33783783783783994,0.0,-1.0067114093959773,-1.1173184357541888,1.1299435028248483,0.11185682326622093,0.5319148936170213,False,False,False
324A,ブッキングリゾート,2026-09-02,717.0,787.0,787.0,740.8,732.32,18820.0,723.0,727.0,719.0,727.0,1500.0,1.3947001394700065,0.8368200836819994,0.5532503457814641,-7.623888182973316,-7.623888182973316,8.253094910591475,0.0,0.07970244420828905,True,False,False
3252,地主,2026-09-02,2907.0,3045.0,3045.0,2969.6,2934.64,109040.0,2900.0,2900.0,2869.0,2872.0,15900.0,-1.203990368077057,-0.2407980736154114,-0.96551724137931,-5.681444991789819,-5.681444991789819,6.02367688022285,0.0,0.1458180484225972,False,False,False
325A,ＴＥＮＴＩＡＬ,2026-09-02,1758.0,1912.0,1912.0,1778.0,1661.6,377980.0,1744.0,1749.0,1724.0,1731.0,12100.0,-1.5358361774744034,-0.7963594994311762,-0.7454128440366969,-9.466527196652718,-9.466527196652718,10.456383593298678,0.0,0.0320122757817874,False,False,False
3261,グランディーズ,2026-09-02,417.0,427.0,427.0,414.6,405.84,8720.0,423.0,423.0,423.0,423.0,200.0,1.4388489208633004,1.4388489208633004,0.0,-0.936768149882905,-0.936768149882905,0.9456264775413725,0.0,0.022935779816513763,False,False,False
3266,ファンドクリエーショングループ,2026-09-02,79.0,82.0,82.0,80.2,79.28,71860.0,80.0,80.0,80.0,80.0,600.0,1.2658227848101333,1.2658227848101333,0.0,-2.4390243902439046,-2.4390243902439046,2.499999999999991,0.0,0.008349568605622042,False,False,False
3267,フィル・カンパニー,2026-09-02,641.0,675.0,675.0,644.6,639.0,15700.0,646.0,648.0,645.0,645.0,3000.0,0.6240249609984483,0.7800312012480548,-0.1547987616099089,-4.444444444444439,-4.444444444444439,4.651162790697683,0.0,0.1910828025477707,False,False,False
3276,ＪＰＭＣ,2026-09-02,2247.0,2347.0,2347.0,2267.2,2181.28,259020.0,2246.0,2246.0,2245.0,2245.0,57400.0,-0.08900756564308443,-0.044503782821536664,-0.044523597506673784,-4.345973583297824,-4.345973583297824,4.54342984409799,0.0,0.22160450930430084,False,False,False
3277,サンセイランディック,2026-09-02,803.0,881.0,881.0,806.4,753.84,24480.0,809.0,810.0,806.0,810.0,1300.0,0.8717310087173136,0.7471980074719831,0.12360939431397266,-8.059023836549372,-8.059023836549372,8.765432098765435,0.0,0.05310457516339869,True,False,False
3280,エストラスト,2026-09-02,931.0,963.0,963.0,934.0,926.08,19380.0,936.0,936.0,936.0,936.0,1200.0,0.5370569280343629,0.5370569280343629,0.0,-2.8037383177570097,-2.8037383177570097,2.8846153846153744,0.0,0.06191950464396285,False,False,False
3284,フージャースホールディングス,2026-09-02,1307.0,1347.0,1347.0,1328.4,1285.96,218340.0,1301.0,1301.0,1289.0,1290.0,59600.0,-1.3006885998469775,-0.4590665646518777,-0.8455034588777832,-4.231625835189313,-4.231625835189313,4.418604651162794,0.0,0.2729687643125401,False,False,False
3286,トラストホールディングス,2026-09-02,894.0,905.0,905.0,896.6,885.36,4240.0,894.0,896.0,890.0,890.0,2000.0,-0.4474272930648726,0.0,-0.4474272930648726,-1.6574585635359074,-1.6574585635359074,1.6853932584269593,0.0,0.4716981132075472,False,False,False
3288,オープンハウスグループ,2026-09-02,7741.0,8587.0,8850.0,7924.0,8191.08,309360.0,7691.0,7691.0,7521.0,7564.0,64000.0,-2.2865262885932047,-0.6459113809585304,-1.6512807177220146,-11.913357400722024,-14.53107344632768,17.001586462189323,3.062769302433921,0.20687871735195243,False,False,False
3289,東急不動産ホールディングス,2026-09-02,1319.0,1362.5,1402.0,1334.4,1327.88,2731420.0,1322.0,1324.5,1311.0,1313.5,388600.0,-0.4169825625473855,0.22744503411675776,-0.6429652042360012,-3.5963302752293536,-6.312410841654781,6.737723639132098,2.899082568807332,0.14227032093196945,False,False,False
3291,飯田グループホールディングス,2026-09-02,2345.0,2402.0,2402.0,2368.0,2308.56,562860.0,2306.0,2320.5,2296.0,2302.5,73300.0,-1.8123667377398678,-1.6631130063965882,-0.15177797051171282,-4.142381348875935,-4.142381348875935,4.32138979370249,0.0,0.13022776534129268,False,False,False
3293,アズマハウス,2026-09-02,773.0,780.0,780.0,777.4,772.48,3900.0,770.0,770.0,770.0,770.0,200.0,-0.38809831824062613,-0.38809831824062613,0.0,-1.2820512820512775,-1.2820512820512775,1.298701298701288,0.0,0.05128205128205128,False,False,False
3297,東武住販,2026-09-02,1171.0,1193.0,1193.0,1176.8,1179.56,1620.0,1171.0,1171.0,1171.0,1171.0,100.0,0.0,0.0,0.0,-1.8440905280804665,-1.8440905280804665,1.8787361229718247,0.0,0.06172839506172839,False,False,False
3299,ムゲンエステート,2026-09-02,1721.0,1922.0,2034.0,1724.0,1779.96,115100.0,1717.0,1717.0,1706.0,1706.0,18100.0,-0.871586287042414,-0.23242300987798004,-0.6406523005241693,-11.238293444328828,-16.12586037364798,19.226260257913253,5.82726326742975,0.157254561251086,False,False,False
3300,アンビション　ＤＸ　ホールディングス,2026-09-02,1795.0,2297.0,2297.0,1892.4,2032.72,133940.0,1810.0,1816.0,1803.0,1811.0,19200.0,0.8913649025069637,0.8356545961002881,0.055248618784520254,-21.15803221593383,-21.15803221593383,26.836002208724462,0.0,0.14334776765715992,True,False,False
3302,帝国繊維,2026-09-02,3045.0,3445.0,3475.0,3244.0,3326.6,72960.0,3010.0,3010.0,2989.0,3005.0,9800.0,-1.3136288998357948,-1.1494252873563204,-0.16611295681062677,-12.772133526850505,-13.52517985611511,15.640599001663901,0.8708272859216271,0.13432017543859648,False,False,False
3306,日本製麻,2026-09-02,690.0,764.0,900.0,643.4,662.8,97800.0,713.0,715.0,690.0,696.0,7100.0,0.8695652173912993,3.3333333333333437,-2.384291725105192,-8.900523560209429,-22.666666666666668,29.31034482758621,17.801047120418858,0.07259713701431493,False,False,False
330A,ＴａｌｅｎｔＸ,2026-09-02,535.0,594.0,594.0,527.0,497.88,40040.0,561.0,573.0,561.0,573.0,3800.0,7.102803738317753,4.859813084112141,2.1390374331550888,-3.535353535353536,-3.535353535353536,3.664921465968596,0.0,0.09490509490509491,True,False,False
3315,日本コークス工業,2026-09-02,100.0,108.0,108.0,103.2,100.68,7209600.0,100.0,101.0,100.0,100.0,1407600.0,0.0,0.0,0.0,-7.4074074074074066,-7.4074074074074066,8.000000000000007,0.0,0.19523968042609854,False,False,False
3317,フライングガーデン,2026-09-02,1470.0,1504.0,1504.0,1471.2,1471.24,1280.0,1480.0,1480.0,1480.0,1480.0,200.0,0.6802721088435382,0.6802721088435382,0.0,-1.5957446808510634,-1.5957446808510634,1.6216216216216273,0.0,0.15625,False,False,False
331A,メディックス,2026-09-02,490.0,507.0,517.0,487.4,495.72,6280.0,489.0,489.0,489.0,489.0,100.0,-0.20408163265306367,-0.20408163265306367,0.0,-3.5502958579881616,-5.4158607350096695,5.725971370143146,1.9723865877712132,0.01592356687898089,False,False,False
3320,クロスプラス,2026-09-02,1310.0,1346.0,1349.0,1324.8,1306.48,6560.0,1312.0,1312.0,1309.0,1309.0,200.0,-0.07633587786259888,0.15267175572519776,-0.22865853658536883,-2.7488855869242212,-2.9651593773165286,3.0557677616501078,0.22288261515601704,0.03048780487804878,False,False,False
3321,ミタチ産業,2026-09-02,1664.0,1739.0,1739.0,1694.6,1650.4,22680.0,1652.0,1668.0,1648.0,1654.0,7100.0,-0.6009615384615419,-0.7211538461538436,0.1210653753026536,-4.88786658999425,-4.88786658999425,5.139056831922617,0.0,0.31305114638447973,True,False,False
3323,レカム,2026-09-02,94.0,110.0,110.0,95.8,86.44,659860.0,93.0,94.0,93.0,93.0,114000.0,-1.0638297872340385,-1.0638297872340385,0.0,-15.454545454545453,-15.454545454545453,18.279569892473123,0.0,0.1727639196193132,False,False,False
3326,ランシステム,2026-09-02,660.0,671.0,671.0,650.0,650.12,4440.0,655.0,655.0,655.0,655.0,200.0,-0.7575757575757569,-0.7575757575757569,0.0,-2.3845007451564815,-2.3845007451564815,2.442748091603053,0.0,0.04504504504504504,False,False,False
3329,東和フードサービス,2026-09-02,2144.0,2148.0,2148.0,2132.6,2122.96,6340.0,2145.0,2145.0,2144.0,2144.0,1200.0,0.0,0.046641791044765846,-0.04662004662004948,-0.18621973929237035,-0.18621973929237035,0.1865671641791078,0.0,0.1892744479495268,False,False,False
332A,ミーク,2026-09-02,1080.0,1133.0,1133.0,1103.4,1045.44,60620.0,1090.0,1093.0,1081.0,1088.0,8900.0,0.7407407407407307,0.92592592592593,-0.18348623853210455,-3.971756398940862,-3.971756398940862,4.136029411764697,0.0,0.1468162322665787,False,False,False
3333,あさひ,2026-09-02,1301.0,1390.0,1402.0,1324.0,1345.44,67420.0,1292.0,1294.0,1287.0,1293.0,19500.0,-0.6149116064565696,-0.6917755572636408,0.07739938080495445,-6.978417266187053,-7.774607703281022,8.430007733952039,0.8633093525179936,0.28923168199347377,True,False,False
3349,コスモス薬品,2026-09-02,6414.0,6646.0,7089.0,6498.2,6488.88,373680.0,6972.0,6978.0,6888.0,6924.0,161800.0,7.951356407857801,8.69971936389149,-0.688468158347677,4.182967198314769,-2.327549724925937,2.3830155979202683,6.66566355702678,0.43299079426247056,False,True,False
334A,ビジュアル・プロセッシング・ジャパン,2026-09-02,1035.0,1127.0,1127.0,1059.2,964.48,8480.0,1063.0,1075.0,1053.0,1075.0,1500.0,3.864734299516903,2.70531400966183,1.1288805268109048,-4.614019520851819,-4.614019520851819,4.837209302325585,0.0,0.17688679245283018,True,False,False
3350,メタプラネット,2026-09-02,300.0,359.0,359.0,317.6,257.68,46860240.0,309.0,315.0,305.0,310.0,16899600.0,3.3333333333333437,3.0000000000000027,0.3236245954692629,-13.649025069637888,-13.649025069637888,15.806451612903217,0.0,0.360638357806106,True,False,False
3352,バッファロー,2026-09-02,1796.0,1822.0,1823.0,1786.6,1771.04,1400.0,1795.0,1820.0,1795.0,1820.0,300.0,1.3363028953229383,-0.055679287305121505,1.392757660167132,-0.1097694840834218,-0.1645639056500281,0.16483516483516425,0.05488474204171645,0.21428571428571427,True,False,False
3353,メディカル一光グループ,2026-09-02,2801.0,2900.0,2900.0,2823.6,2856.92,3860.0,2812.0,2812.0,2812.0,2812.0,300.0,0.3927168868261388,0.3927168868261388,0.0,-3.0344827586206935,-3.0344827586206935,3.1294452347083945,0.0,0.07772020725388601,False,False,False
3355,クリヤマホールディングス,2026-09-02,1840.0,1876.0,1876.0,1842.2,1781.24,20800.0,1857.0,1857.0,1829.0,1829.0,5900.0,-0.5978260869565211,0.9239130434782528,-1.5078082929456116,-2.505330490405122,-2.505330490405122,2.5697102241662106,0.0,0.28365384615384615,False,False,False
3358,Ｔｒａｉｌｈｅａｄ　Ｇｌｏｂａｌ　Ｈｏｌｄｉｎｇｓ,2026-09-02,95.0,111.0,111.0,98.4,96.28,86080.0,95.0,96.0,95.0,95.0,3800.0,0.0,0.0,0.0,-14.414414414414411,-14.414414414414411,16.842105263157904,0.0,0.04414498141263941,False,False,False
3359,ｃｏｔｔａ,2026-09-02,529.0,532.0,532.0,526.2,522.2,23820.0,527.0,527.0,526.0,526.0,4100.0,-0.5671077504725952,-0.3780718336483968,-0.189753320683117,-1.1278195488721776,-1.1278195488721776,1.1406844106463865,0.0,0.17212426532325778,False,False,False
335A,ミライロ,2026-09-02,344.0,410.0,410.0,352.0,343.76,17880.0,343.0,343.0,343.0,343.0,1100.0,-0.29069767441860517,-0.29069767441860517,0.0,-16.34146341463415,-16.34146341463415,19.533527696792994,0.0,0.06152125279642058,False,False,False
3360,シップヘルスケアホールディングス,2026-09-02,2376.0,2458.0,2592.0,2377.8,2408.98,341380.0,2383.5,2394.0,2378.5,2386.5,15300.0,0.4419191919191823,0.31565656565657463,0.12586532410321372,-2.9088689991863315,-7.928240740740744,8.61093651791327,5.451586655817731,0.04481809127658328,True,False,False
3361,トーエル,2026-09-02,907.0,913.0,913.0,898.0,882.96,2640.0,898.0,905.0,898.0,902.0,2100.0,-0.5512679162072764,-0.9922822491730932,0.44543429844097204,-1.2048192771084376,-1.2048192771084376,1.2195121951219523,0.0,0.7954545454545454,True,False,False
336A,ダイナミックマッププラットフォーム,2026-09-02,1479.0,1479.0,1479.0,1192.2,881.0,7031540.0,1899.0,2000.0,1792.0,1860.0,2820700.0,25.76064908722109,28.397565922920887,-2.0537124802527673,25.76064908722109,25.76064908722109,-20.483870967741936,0.0,0.4011496770266542,False,True,True
3370,フジタコーポレーション,2026-09-02,466.0,490.0,490.0,467.2,471.44,7440.0,477.0,477.0,475.0,475.0,1100.0,1.93133047210301,2.3605150214592197,-0.41928721174003813,-3.0612244897959218,-3.0612244897959218,3.157894736842115,0.0,0.1478494623655914,False,False,False
3371,ソフトクリエイトホールディングス,2026-09-02,2104.0,2222.0,2222.0,2159.0,2053.4,51300.0,2110.0,2137.0,2098.0,2120.0,7800.0,0.7604562737642651,0.2851711026615966,0.4739336492890933,-4.590459045904593,-4.590459045904593,4.8113207547169745,0.0,0.15204678362573099,True,False,False
3372,関門海,2026-09-02,220.0,222.0,222.0,220.4,220.16,13180.0,221.0,221.0,221.0,221.0,3500.0,0.454545454545463,0.454545454545463,0.0,-0.45045045045044585,-0.45045045045044585,0.4524886877828038,0.0,0.26555386949924126,False,False,False
3374,内外テック,2026-09-02,4045.0,4650.0,4650.0,4236.0,3924.12,32460.0,3940.0,3980.0,3935.0,3935.0,4500.0,-2.7194066749072876,-2.595797280593326,-0.12690355329949554,-15.37634408602151,-15.37634408602151,18.1702668360864,0.0,0.13863216266173753,False,False,False
3375,ＺＯＡ,2026-09-02,1797.0,1798.0,1800.0,1772.6,1752.6,700.0,1813.0,1813.0,1813.0,1813.0,100.0,0.8903728436282732,0.8903728436282732,0.0,0.8342602892102313,0.7222222222222241,-0.7170435741864267,0.11123470522802492,0.14285714285714285,False,True,True
3377,バイク王＆カンパニー,2026-09-02,385.0,399.0,399.0,392.4,387.24,13140.0,384.0,384.0,383.0,383.0,200.0,-0.5194805194805197,-0.2597402597402598,-0.26041666666666297,-4.010025062656641,-4.010025062656641,4.177545691906004,0.0,0.015220700152207,False,False,False
3382,セブン＆アイ・ホールディングス,2026-09-02,2046.5,2107.5,2266.5,2024.2,2059.94,13603160.0,2072.0,2072.0,2046.5,2052.5,1151500.0,0.2931834839970726,1.2460298069875364,-0.9411196911196962,-2.60972716488731,-9.44187072578866,10.42630937880633,7.544483985765127,0.0846494490985918,False,False,False
3386,コスモ・バイオ,2026-09-02,1255.0,1284.0,1299.0,1253.2,1248.44,12800.0,1251.0,1251.0,1251.0,1251.0,100.0,-0.3187250996015911,-0.3187250996015911,0.0,-2.5700934579439227,-3.6951501154734445,3.83693045563549,1.1682242990654235,0.0078125,False,False,False
3387,クリエイト・レストランツ・ホールディングス,2026-09-02,771.0,789.0,818.0,762.0,769.36,3132440.0,758.0,764.0,757.0,759.0,113600.0,-1.5564202334630295,-1.6861219195849597,0.13192612137202797,-3.802281368821292,-7.212713936430315,7.773386034255592,3.675538656527255,0.03626565871972009,True,False,False
3388,明治電機工業,2026-09-02,2119.0,2172.0,2274.0,2139.4,2117.96,33660.0,2108.0,2115.0,2102.0,2106.0,5400.0,-0.6134969325153339,-0.5191127890514347,-0.0948766603415585,-3.038674033149169,-7.387862796833778,7.9772079772079785,4.6961325966850875,0.16042780748663102,False,False,False
338A,ＺｅｎｍｕＴｅｃｈ,2026-09-02,2343.0,2635.0,2635.0,2236.4,2101.88,329940.0,2517.0,2777.0,2494.0,2746.0,171600.0,17.200170721297493,7.426376440460958,9.098132697655936,4.2125237191650955,4.2125237191650955,-4.042243262927892,0.0,0.5200945626477541,True,True,True
3391,ツルハホールディングス,2026-09-02,2228.5,2444.0,2632.0,2302.5,2392.64,1671420.0,2272.0,2318.0,2270.0,2317.0,160400.0,3.9712811308054707,1.9519856405654012,1.9806338028169002,-5.196399345335512,-11.968085106382976,13.595166163142004,7.692307692307687,0.0959663041007048,True,False,False
3392,デリカフーズホールディングス,2026-09-02,823.0,839.0,860.0,807.8,814.8,28940.0,832.0,832.0,822.0,822.0,3000.0,-0.12150668286755595,1.0935601458080146,-1.2019230769230727,-2.026221692491059,-4.418604651162794,4.622871046228716,2.5029797377830842,0.10366275051831375,False,False,False
3393,スターティアホールディングス,2026-09-02,3015.0,3095.0,3150.0,3034.0,3038.48,28620.0,3005.0,3005.0,2990.0,2998.0,2700.0,-0.563847429519071,-0.3316749585406287,-0.23294509151414733,-3.13408723747981,-4.825396825396822,5.070046697798536,1.7770597738287597,0.09433962264150944,False,False,False
3395,サンマルクホールディングス,2026-09-02,2454.0,2546.0,2686.0,2502.2,2478.16,94980.0,2450.0,2459.0,2439.0,2444.0,16300.0,-0.4074979625101838,-0.16299918500407573,-0.2448979591836764,-4.006284367635504,-9.009679821295602,9.901800327332232,5.498821681068344,0.17161507685828595,False,False,False
3396,フェリシモ,2026-09-02,867.0,885.0,885.0,871.8,872.76,7000.0,868.0,868.0,868.0,868.0,100.0,0.11534025374855261,0.11534025374855261,0.0,-1.9209039548022555,-1.9209039548022555,1.9585253456221308,0.0,0.014285714285714285,False,False,False
3397,トリドールホールディングス,2026-09-02,4326.0,4438.0,4660.0,4344.6,4294.2,288880.0,4286.0,4288.0,4262.0,4276.0,98400.0,-1.1558021266759089,-0.9246417013407338,-0.23331777881474558,-3.650292924740872,-8.24034334763949,8.980355472404122,5.002253267237489,0.3406258654112434,False,False,False
3399,丸千代山岡家,2026-09-02,3935.0,4100.0,4100.0,4003.0,3771.6,89580.0,3895.0,3910.0,3880.0,3890.0,5100.0,-1.143583227445999,-1.0165184243964398,-0.12836970474967568,-5.1219512195122,-5.1219512195122,5.398457583547556,0.0,0.056932350971198926,False,False,False
339A,プログレス・テクノロジーズ　グループ,2026-09-02,898.0,959.0,959.0,920.8,910.92,12980.0,910.0,910.0,893.0,903.0,1800.0,0.556792873051215,1.3363028953229383,-0.7692307692307665,-5.839416058394164,-5.839416058394164,6.20155038759691,0.0,0.1386748844375963,False,False,False
3401,帝人,2026-09-02,1766.5,1825.0,1825.0,1761.1,1725.5,633600.0,1760.0,1762.0,1716.5,1730.0,112500.0,-2.0662326634588224,-0.3679592414378763,-1.7045454545454586,-5.205479452054796,-5.205479452054796,5.491329479768781,0.0,0.17755681818181818,False,False,False
3402,東レ,2026-09-02,1268.5,1395.0,1395.0,1287.5,1274.34,4017580.0,1265.0,1269.0,1232.0,1237.5,927900.0,-2.443831296807253,-0.27591643673630095,-2.1739130434782594,-11.290322580645162,-11.290322580645162,12.72727272727272,0.0,0.2309599311028032,False,False,False
3405,クラレ,2026-09-02,1866.0,2088.0,2088.0,1860.8,1854.82,1822840.0,1877.0,1877.0,1821.0,1833.0,153000.0,-1.768488745980712,0.5894962486602262,-2.344166222695787,-12.212643678160918,-12.212643678160918,13.911620294599025,0.0,0.08393495863597464,False,False,False
3407,旭化成,2026-09-02,1649.0,1753.5,1895.0,1649.2,1673.88,5385000.0,1654.0,1655.5,1615.0,1621.5,740700.0,-1.6676773802304479,0.3032140691328067,-1.9649334945586405,-7.52780153977759,-14.43271767810026,16.867098365710763,8.069575135443397,0.13754874651810586,False,False,False
3409,北紡,2026-09-02,90.0,99.0,99.0,92.0,92.28,59560.0,90.0,91.0,90.0,91.0,900.0,1.1111111111111072,0.0,1.1111111111111072,-8.080808080808078,-8.080808080808078,8.791208791208781,0.0,0.01511081262592344,True,False,False
340A,ジグザグ,2026-09-02,319.0,340.0,340.0,327.8,316.08,11080.0,320.0,322.0,320.0,322.0,700.0,0.940438871473348,0.31347962382444194,0.6250000000000089,-5.294117647058827,-5.294117647058827,5.590062111801242,0.0,0.0631768953068592,True,False,False
3415,ＴＯＫＹＯ　ＢＡＳＥ,2026-09-02,352.0,402.0,433.0,368.6,379.88,357840.0,363.0,365.0,360.0,361.0,31900.0,2.556818181818188,3.125,-0.5509641873278182,-10.199004975124382,-16.628175519630485,19.944598337950147,7.7114427860696555,0.08914598703331097,False,False,False
3416,ピクスタ,2026-09-02,929.0,935.0,935.0,915.6,870.24,3660.0,926.0,929.0,900.0,905.0,4900.0,-2.58342303552207,-0.32292787944026013,-2.2678185745140356,-3.208556149732622,-3.208556149732622,3.3149171270718147,0.0,1.3387978142076502,False,False,False
3417,大木ヘルスケアホールディングス,2026-09-02,1037.0,1088.0,1137.0,1040.4,1053.4,12140.0,1030.0,1030.0,1030.0,1030.0,200.0,-0.6750241080038522,-0.6750241080038522,0.0,-5.330882352941179,-9.410729991204924,10.38834951456311,4.503676470588225,0.016474464579901153,False,False,False
3418,バルニバービ,2026-09-02,1048.0,1067.0,1143.0,1054.4,1051.52,16580.0,1051.0,1054.0,1051.0,1054.0,700.0,0.5725190839694694,0.2862595419847347,0.2854424357754626,-1.2183692596063778,-7.786526684164475,8.444022770398485,7.1227741330834204,0.04221954161640531,True,False,False
341A,トヨコー,2026-09-02,2086.0,2230.0,2230.0,2092.6,2003.6,75320.0,2088.0,2109.0,2088.0,2106.0,3300.0,0.9587727708533,0.09587727708533222,0.8620689655172376,-5.560538116591928,-5.560538116591928,5.887939221272553,0.0,0.043813064259160914,True,False,False
3420,ケー・エフ・シー,2026-09-02,1586.0,1710.0,1710.0,1588.4,1600.64,4180.0,1588.0,1589.0,1588.0,1589.0,1300.0,0.1891551071878883,0.12610340479193294,0.06297229219143219,-7.076023391812869,-7.076023391812869,7.6148521082441745,0.0,0.31100478468899523,True,False,False
3421,稲葉製作所,2026-09-02,1727.0,1763.0,1809.0,1736.2,1718.68,22040.0,1714.0,1717.0,1710.0,1717.0,1200.0,-0.579038795599307,-0.7527504342790925,0.17502917152858455,-2.6091888825864995,-5.085682697622995,5.3581828771112505,2.6091888825864995,0.0544464609800363,True,False,False
3422,Ｊ－ＭＡＸ,2026-09-02,609.0,727.0,727.0,619.0,594.36,34600.0,614.0,614.0,611.0,613.0,3600.0,0.6568144499178974,0.8210180623973828,-0.16286644951140072,-15.680880330123792,-15.680880330123792,18.597063621533437,0.0,0.10404624277456648,False,False,False
3423,エスイー,2026-09-02,274.0,280.0,286.0,275.8,275.84,6420.0,272.0,272.0,272.0,272.0,5500.0,-0.7299270072992692,-0.7299270072992692,0.0,-2.857142857142858,-4.895104895104896,5.147058823529416,2.1428571428571352,0.8566978193146417,False,False,False
3426,アトムリビンテック,2026-09-02,1301.0,1305.0,1305.0,1299.6,1295.32,440.0,,,,,,,,,,,,0.0,,False,False,False
3431,宮地エンジニアリンググループ,2026-09-02,1590.0,1661.0,1661.0,1614.6,1607.92,84120.0,1585.0,1585.0,1576.0,1580.0,16400.0,-0.6289308176100628,-0.3144654088050314,-0.3154574132492094,-4.876580373269112,-4.876580373269112,5.126582278481018,0.0,0.19495958155016643,False,False,False
3433,トーカロ,2026-09-02,2690.0,3220.0,3220.0,2750.2,2860.4,229600.0,2676.0,2698.0,2673.0,2686.0,20200.0,-0.14869888475836923,-0.5204460966542701,0.37369207772794955,-16.583850931677013,-16.583850931677013,19.880863737900235,0.0,0.08797909407665505,True,False,False
3434,アルファＣｏ,2026-09-02,1242.0,1275.0,1275.0,1245.6,1239.88,4960.0,1244.0,1244.0,1244.0,1244.0,600.0,0.16103059581320522,0.16103059581320522,0.0,-2.431372549019606,-2.431372549019606,2.4919614147909996,0.0,0.12096774193548387,False,False,False
3435,サンコーテクノ,2026-09-02,1494.0,1498.0,1498.0,1484.0,1454.52,2360.0,1491.0,1491.0,1490.0,1490.0,1000.0,-0.2677376171352108,-0.20080321285140812,-0.06706908115359234,-0.5340453938584733,-0.5340453938584733,0.5369127516778427,0.0,0.423728813559322,False,False,False
3436,ＳＵＭＣＯ,2026-09-02,3122.0,4245.0,4245.0,3341.4,3485.8,11913780.0,3137.0,3214.0,3125.0,3208.0,1494000.0,2.754644458680322,0.48046124279308433,2.2633088938476265,-24.42873969375736,-24.42873969375736,32.32543640897756,0.0,0.12540100622976083,True,False,False
3437,特殊電極,2026-09-02,2715.0,2779.0,2849.0,2731.2,2733.52,160.0,2727.0,2727.0,2727.0,2727.0,100.0,0.44198895027625085,0.44198895027625085,0.0,-1.8711766822598008,-4.282204282204283,4.473780711404474,2.5188916876574208,0.625,False,False,False
3439,三ツ知,2026-09-02,679.0,690.0,696.0,677.8,673.28,1780.0,679.0,679.0,679.0,679.0,100.0,0.0,0.0,0.0,-1.5942028985507228,-2.442528735632188,2.503681885125175,0.8695652173912993,0.056179775280898875,False,False,False
343A,ＩＡＣＥトラベル,2026-09-02,1317.0,1550.0,1550.0,1313.4,1355.44,8600.0,1310.0,1316.0,1310.0,1316.0,1800.0,-0.07593014426727773,-0.5315110098709219,0.45801526717557106,-15.09677419354839,-15.09677419354839,17.78115501519757,0.0,0.20930232558139536,True,False,False
3440,日創グループ,2026-09-02,870.0,963.0,963.0,896.8,912.28,62520.0,866.0,870.0,866.0,870.0,900.0,0.0,-0.45977011494252595,0.4618937644341736,-9.657320872274145,-9.657320872274145,10.689655172413804,0.0,0.014395393474088292,True,False,False
3441,山王,2026-09-02,2693.0,3060.0,3060.0,2770.8,2675.16,42660.0,2699.0,2700.0,2649.0,2649.0,3900.0,-1.6338655774229438,0.2227998514667595,-1.8525379770285344,-13.431372549019605,-13.431372549019605,15.51528878822197,0.0,0.09142053445850915,False,False,False
3443,川田テクノロジーズ,2026-09-02,1377.0,1443.0,1443.0,1395.8,1363.12,264320.0,1348.0,1359.0,1345.0,1349.0,39200.0,-2.0334059549745875,-2.1060275962236696,0.07418397626113293,-6.514206514206511,-6.514206514206511,6.968124536693843,0.0,0.1483050847457627,True,False,False
3444,菊池製作所,2026-09-02,996.0,1130.0,1130.0,1026.8,994.16,98120.0,1050.0,1055.0,1041.0,1045.0,13600.0,4.919678714859432,5.421686746987953,-0.4761904761904745,-7.52212389380531,-7.52212389380531,8.133971291866038,0.0,0.13860578883000407,False,False,False
3445,ＲＳ　Ｔｅｃｈｎｏｌｏｇｉｅｓ,2026-09-02,5580.0,7300.0,7300.0,5698.0,6098.4,235880.0,5550.0,5660.0,5540.0,5610.0,13000.0,0.5376344086021501,-0.5376344086021501,1.08108108108107,-23.15068493150685,-23.15068493150685,30.124777183600713,0.0,0.05511276920468035,True,False,False
3446,ジェイテックコーポレーション,2026-09-02,1515.0,1660.0,1660.0,1555.6,1563.44,18620.0,1536.0,1598.0,1536.0,1590.0,5200.0,4.950495049504955,1.3861386138613874,3.515625,-4.216867469879515,-4.216867469879515,4.402515723270439,0.0,0.27926960257787325,True,False,False
3447,信和,2026-09-02,1016.0,1053.0,1053.0,1026.4,1023.48,23240.0,1009.0,1013.0,1009.0,1009.0,2700.0,-0.6889763779527547,-0.6889763779527547,0.0,-4.17853751187085,-4.17853751187085,4.360753221010905,0.0,0.11617900172117039,False,False,False
3449,テクノフレックス,2026-09-02,3725.0,5290.0,5520.0,3911.0,4142.2,120920.0,3760.0,3795.0,3730.0,3790.0,13300.0,1.744966442953011,0.9395973154362469,0.7978723404255428,-28.355387523629496,-31.340579710144922,45.646437994722966,4.347826086956519,0.1099900760833609,True,False,False
3452,ビーロット,2026-09-02,1476.0,1554.0,1554.0,1496.8,1483.52,59840.0,1470.0,1472.0,1466.0,1466.0,6900.0,-0.6775067750677488,-0.40650406504064707,-0.2721088435374108,-5.662805662805659,-5.662805662805659,6.002728512960442,0.0,0.11530748663101605,False,False,False
3454,ファーストブラザーズ,2026-09-02,1275.0,1300.0,1300.0,1286.4,1271.08,4200.0,1275.0,1275.0,1275.0,1275.0,100.0,0.0,0.0,0.0,-1.9230769230769273,-1.9230769230769273,1.9607843137254832,0.0,0.023809523809523808,False,False,False
3457,Ａｎｄ　Ｄｏホールディングス,2026-09-02,932.0,952.0,966.0,936.6,932.16,83780.0,933.0,936.0,932.0,932.0,11600.0,0.0,0.10729613733906351,-0.1071811361200381,-2.1008403361344574,-3.5196687370600444,3.648068669527893,1.4705882352941124,0.1384578658391024,False,False,False
3461,パルマ,2026-09-02,630.0,635.0,635.0,617.8,603.28,7700.0,626.0,626.0,623.0,623.0,1300.0,-1.1111111111111072,-0.6349206349206327,-0.4792332268370614,-1.8897637795275646,-1.8897637795275646,1.9261637239165408,0.0,0.16883116883116883,False,False,False
3465,ケイアイスター不動産,2026-09-02,3370.0,4020.0,4020.0,3595.0,3690.0,217460.0,3300.0,3300.0,3280.0,3280.0,65200.0,-2.670623145400597,-2.077151335311578,-0.60606060606061,-18.40796019900498,-18.40796019900498,22.560975609756095,0.0,0.29982525521935066,False,False,False
3467,アグレ都市デザイン,2026-09-02,2910.0,3030.0,3030.0,2963.8,2847.76,5800.0,2889.0,2890.0,2889.0,2890.0,300.0,-0.6872852233676952,-0.7216494845360799,0.03461405330564826,-4.62046204620462,-4.62046204620462,4.844290657439454,0.0,0.05172413793103448,True,False,False
3469,デュアルタップ,2026-09-02,895.0,909.0,915.0,895.0,898.76,2480.0,895.0,895.0,895.0,895.0,400.0,0.0,0.0,0.0,-1.5401540154015403,-2.1857923497267784,2.2346368715083775,0.660066006600668,0.16129032258064516,False,False,False
3474,Ｇ－ＦＡＣＴＯＲＹ,2026-09-02,604.0,610.0,610.0,598.0,584.36,5020.0,603.0,603.0,603.0,603.0,100.0,-0.16556291390728006,-0.16556291390728006,0.0,-1.1475409836065542,-1.1475409836065542,1.1608623548922115,0.0,0.0199203187250996,False,False,False
3475,グッドコムアセット,2026-09-02,1500.0,1612.0,1612.0,1544.0,1550.76,104720.0,1500.0,1506.0,1496.0,1496.0,16600.0,-0.2666666666666706,0.0,-0.2666666666666706,-7.196029776674939,-7.196029776674939,7.754010695187175,0.0,0.1585179526355997,False,False,False
3477,フォーライフ,2026-09-02,892.0,898.0,898.0,887.8,884.12,3140.0,898.0,898.0,898.0,898.0,400.0,0.6726457399103047,0.6726457399103047,0.0,0.0,0.0,0.0,0.0,0.12738853503184713,False,False,False
3479,ＴＫＰ,2026-09-02,1871.0,1939.0,1979.0,1884.6,1879.96,54260.0,1864.0,1887.0,1864.0,1869.0,6600.0,-0.1068947087119243,-0.37413148049171285,0.2682403433476477,-3.6101083032490933,-5.558362809499751,5.8855002675227475,2.0629190304280565,0.12163656468853667,True,False,False
3482,ロードスターキャピタル,2026-09-02,2541.0,2771.0,2793.0,2615.8,2637.48,71600.0,2528.0,2540.0,2514.0,2518.0,11400.0,-0.9051554506099957,-0.5116096025186923,-0.39556962025316666,-9.130277878022374,-9.846043680630146,10.921366163621915,0.7939372067845563,0.15921787709497207,False,False,False
3484,イノベーションホールディングス,2026-09-02,1156.0,1180.0,1180.0,1135.6,1092.12,6220.0,1152.0,1152.0,1152.0,1152.0,200.0,-0.34602076124568004,-0.34602076124568004,0.0,-2.3728813559321993,-2.3728813559321993,2.430555555555558,0.0,0.03215434083601286,False,False,False
3486,グローバル・リンク・マネジメント,2026-09-02,1928.0,2010.0,2010.0,1966.6,1947.52,35680.0,1954.0,1955.0,1936.0,1936.0,2600.0,0.4149377593360981,1.3485477178423189,-0.92118730808598,-3.681592039800996,-3.681592039800996,3.8223140495867725,0.0,0.07286995515695067,False,False,False
3489,フェイスネットワーク,2026-09-02,836.0,885.0,885.0,861.4,826.56,54200.0,835.0,835.0,827.0,828.0,16100.0,-0.9569377990430672,-0.11961722488038617,-0.8383233532934131,-6.440677966101694,-6.440677966101694,6.884057971014501,0.0,0.29704797047970477,False,False,False
3490,アズ企画設計,2026-09-02,3020.0,3290.0,3290.0,3091.0,3141.0,6880.0,3050.0,3050.0,3050.0,3050.0,300.0,0.9933774834437026,0.9933774834437026,0.0,-7.294832826747721,-7.294832826747721,7.868852459016384,0.0,0.0436046511627907,False,False,False
3491,ＧＡ　ｔｅｃｈｎｏｌｏｇｉｅｓ,2026-09-02,1522.0,1625.0,1625.0,1566.6,1517.2,169380.0,1539.0,1545.0,1531.0,1536.0,5400.0,0.9198423127463773,1.1169513797634645,-0.19493177387914784,-5.476923076923079,-5.476923076923079,5.794270833333326,0.0,0.031880977683315624,False,False,False
3494,マリオン,2026-09-02,443.0,458.0,463.0,442.0,439.12,5900.0,443.0,444.0,443.0,444.0,900.0,0.22573363431150906,0.0,0.22573363431150906,-3.056768558951961,-4.103671706263501,4.279279279279269,1.091703056768556,0.15254237288135594,True,False,False
3495,香陵住販,2026-09-02,2315.0,2400.0,2400.0,2312.6,2348.0,320.0,2315.0,2315.0,2250.0,2260.0,900.0,-2.3758099352051865,0.0,-2.3758099352051865,-5.833333333333335,-5.833333333333335,6.194690265486735,0.0,2.8125,False,False,False
3496,アズーム,2026-09-02,4755.0,5060.0,5060.0,4885.0,4757.4,35820.0,4750.0,4760.0,4700.0,4705.0,6100.0,-1.051524710830709,-0.1051524710830698,-0.9473684210526301,-7.015810276679845,-7.015810276679845,7.545164718384689,0.0,0.1702959240647683,False,False,False
3498,霞ヶ関キャピタル,2026-09-02,7310.0,8290.0,8290.0,7692.0,7772.0,440020.0,7190.0,7250.0,7140.0,7230.0,49200.0,-1.094391244870041,-1.641586867305067,0.5563282336578546,-12.78648974668275,-12.78648974668275,14.661134163208844,0.0,0.11181309940457251,True,False,False
3501,ＳＵＭＩＮＯＥ,2026-09-02,1176.0,1207.0,1207.0,1188.4,1175.24,16460.0,1180.0,1180.0,1171.0,1179.0,3400.0,0.25510204081633514,0.340136054421758,-0.08474576271186862,-2.319801159900581,-2.319801159900581,2.374893977947412,0.0,0.2065613608748481,False,False,False
350A,デジタルグリッド,2026-09-02,770.0,799.0,801.0,781.6,766.72,409280.0,777.0,777.0,761.0,763.0,51600.0,-0.9090909090909038,0.9090909090909038,-1.8018018018018056,-4.505632040050067,-4.744069912609239,4.980340760157276,0.25031289111390187,0.12607505863956217,False,False,False
3512,日本フエルト,2026-09-02,1030.0,1080.0,1080.0,1031.0,987.2,4320.0,1029.0,1030.0,1021.0,1021.0,2400.0,-0.8737864077669855,-0.0970873786407811,-0.7774538386783325,-5.462962962962958,-5.462962962962958,5.778648383937313,0.0,0.5555555555555556,False,False,False
3513,イチカワ,2026-09-02,3295.0,3560.0,3560.0,3251.0,3368.6,4120.0,3350.0,3355.0,3350.0,3355.0,1500.0,1.8209408194233667,1.6691957511380862,0.14925373134329067,-5.758426966292129,-5.758426966292129,6.110283159463492,0.0,0.3640776699029126,True,False,False
3521,テルマー湯ホールディングス,2026-09-02,155.0,158.0,158.0,155.8,155.16,24220.0,157.0,157.0,157.0,157.0,400.0,1.2903225806451646,1.2903225806451646,0.0,-0.6329113924050667,-0.6329113924050667,0.6369426751592355,0.0,0.016515276630883566,False,False,False
3524,日東製網,2026-09-02,1483.0,1509.0,1509.0,1487.0,1482.6,2420.0,1481.0,1481.0,1481.0,1481.0,500.0,-0.13486176668914274,-0.13486176668914274,0.0,-1.8555334658714395,-1.8555334658714395,1.8906144496961597,0.0,0.2066115702479339,False,False,False
3529,アツギ,2026-09-02,1060.0,1075.0,1114.0,1065.6,1054.36,23760.0,1006.0,1013.0,968.0,972.0,20900.0,-8.301886792452828,-5.094339622641508,-3.379721669980118,-9.581395348837207,-12.746858168761221,14.609053497942392,3.6279069767441774,0.8796296296296297,False,False,False
352A,ＬＯＩＶＥ,2026-09-02,536.0,580.0,580.0,540.8,533.6,2220.0,537.0,537.0,536.0,536.0,800.0,0.0,0.1865671641791078,-0.18621973929237035,-7.586206896551728,-7.586206896551728,8.208955223880587,0.0,0.36036036036036034,False,False,False
3536,アクサスホールディングス,2026-09-02,128.0,131.0,132.0,128.4,129.96,35380.0,128.0,128.0,127.0,127.0,4100.0,-0.78125,0.0,-0.78125,-3.053435114503822,-3.7878787878787845,3.937007874015741,0.7633587786259444,0.11588468061051442,False,False,False
3537,昭栄薬品,2026-09-02,1752.0,1790.0,1790.0,1737.2,1713.56,2840.0,1752.0,1752.0,1752.0,1752.0,200.0,0.0,0.0,0.0,-2.122905027932964,-2.122905027932964,2.168949771689488,0.0,0.07042253521126761,False,False,False
3538,ウイルプラスホールディングス,2026-09-02,1020.0,1048.0,1048.0,1026.8,993.04,9200.0,1012.0,1016.0,1012.0,1016.0,2500.0,-0.39215686274509665,-0.7843137254901933,0.39525691699604515,-3.053435114503822,-3.053435114503822,3.149606299212593,0.0,0.2717391304347826,True,False,False
3539,ＪＭホールディングス,2026-09-02,1448.0,1520.0,1520.0,1470.0,1435.16,138440.0,1430.0,1432.0,1381.0,1384.0,74800.0,-4.41988950276243,-1.2430939226519389,-3.2167832167832144,-8.947368421052627,-8.947368421052627,9.826589595375722,0.0,0.540306269864201,False,False,False
3542,ベガコーポレーション,2026-09-02,1457.0,1540.0,1540.0,1477.4,1420.12,21580.0,1440.0,1480.0,1440.0,1480.0,2500.0,1.5785861358956765,-1.1667810569663706,2.777777777777768,-3.8961038961038974,-3.8961038961038974,4.054054054054057,0.0,0.11584800741427248,True,False,False
3543,コメダホールディングス,2026-09-02,2920.0,3020.0,3020.0,2945.8,2916.16,538480.0,2913.0,2913.0,2898.0,2904.0,34000.0,-0.5479452054794498,-0.2397260273972579,-0.3089598352214229,-3.8410596026490107,-3.8410596026490107,3.994490358126712,0.0,0.06314069231912049,False,False,False
3544,サツドラホールディングス,2026-09-02,1249.0,1252.0,1260.0,1248.8,1248.88,9700.0,1248.0,1249.0,1248.0,1249.0,3000.0,0.0,-0.08006405124099114,0.08012820512821595,-0.23961661341852514,-0.8730158730158699,0.8807045636509248,0.6389776357827559,0.30927835051546393,True,False,False
3547,ユニシアホールディングス,2026-09-02,1868.0,1900.0,1900.0,1875.4,1820.2,23700.0,1878.0,1878.0,1867.0,1869.0,4900.0,0.05353319057814776,0.5353319057815886,-0.4792332268370614,-1.6315789473684172,-1.6315789473684172,1.6586409844836725,0.0,0.20675105485232068,False,False,False
3548,バロックジャパンリミテッド,2026-09-02,702.0,740.0,748.0,716.4,728.64,205040.0,701.0,702.0,701.0,701.0,19500.0,-0.14245014245014564,-0.14245014245014564,0.0,-5.270270270270272,-6.2834224598930515,6.704707560627665,1.08108108108107,0.09510339445961763,False,False,False
3549,クスリのアオキホールディングス,2026-09-02,4046.0,4297.0,4297.0,4104.8,4066.28,242960.0,4162.0,4210.0,4150.0,4193.0,26000.0,3.633217993079585,2.8670291646070156,0.7448342143200337,-2.42029322783337,-2.42029322783337,2.4803243501073213,0.0,0.10701350016463615,True,False,False
3550,スタジオアタオ,2026-09-02,215.0,221.0,223.0,216.2,218.04,6640.0,216.0,216.0,216.0,216.0,200.0,0.46511627906977715,0.46511627906977715,0.0,-2.26244343891403,-3.139013452914796,3.240740740740744,0.9049773755656076,0.030120481927710843,False,False,False
3551,ダイニック,2026-09-02,1617.0,1656.0,1656.0,1620.6,1515.28,16880.0,1608.0,1612.0,1608.0,1612.0,1700.0,-0.30921459492888603,-0.5565862708719838,0.24875621890547706,-2.657004830917875,-2.657004830917875,2.7295285359801413,0.0,0.10071090047393365,True,False,False
3553,共和レザー,2026-09-02,926.0,952.0,952.0,933.8,918.4,29300.0,922.0,922.0,916.0,916.0,10200.0,-1.0799136069114423,-0.4319654427645814,-0.6507592190889366,-3.7815126050420145,-3.7815126050420145,3.9301310043668103,0.0,0.34812286689419797,False,False,False
3556,リネットジャパングループ,2026-09-02,787.0,923.0,923.0,814.0,843.16,85360.0,793.0,803.0,791.0,797.0,14500.0,1.270648030495547,0.7623888182973326,0.5044136191677095,-13.651137594799568,-13.651137594799568,15.80928481806776,0.0,0.16986879100281163,True,False,False
3557,ユナイテッド＆コレクティブ,2026-09-02,514.0,577.0,577.0,520.0,554.8,16640.0,515.0,515.0,515.0,515.0,700.0,0.1945525291828787,0.1945525291828787,0.0,-10.745233968804158,-10.745233968804158,12.038834951456302,0.0,0.042067307692307696,False,False,False
3558,ジェイドグループ,2026-09-02,1780.0,1855.0,1855.0,1821.8,1747.6,88620.0,1780.0,1786.0,1780.0,1781.0,5400.0,0.05617977528089568,0.0,0.05617977528089568,-3.989218328840971,-3.989218328840971,4.154969118472773,0.0,0.06093432633716994,True,False,False
3559,ピーバンドットコム,2026-09-02,460.0,475.0,475.0,462.8,434.4,11200.0,456.0,456.0,456.0,456.0,100.0,-0.8695652173912993,-0.8695652173912993,0.0,-4.0000000000000036,-4.0000000000000036,4.166666666666674,0.0,0.008928571428571428,False,False,False
3560,ほぼ日,2026-09-02,4400.0,4515.0,4515.0,4369.0,4362.4,6700.0,4360.0,4360.0,4360.0,4360.0,900.0,-0.9090909090909038,-0.9090909090909038,0.0,-3.4330011074197087,-3.4330011074197087,3.5550458715596367,0.0,0.13432835820895522,False,False,False
3561,力の源ホールディングス,2026-09-02,1571.0,1675.0,1749.0,1607.6,1620.32,58540.0,1560.0,1562.0,1552.0,1557.0,20100.0,-0.8911521323997418,-0.700190961171232,-0.19230769230769162,-7.044776119402984,-10.977701543739283,12.331406551059732,4.417910447761186,0.3433549709600273,False,False,False
3562,Ｎｏ．１,2026-09-02,1570.0,1611.0,1611.0,1583.8,1581.08,49960.0,1561.0,1561.0,1561.0,1561.0,800.0,-0.573248407643312,-0.573248407643312,0.0,-3.1036623215394132,-3.1036623215394132,3.203074951953866,0.0,0.016012810248198558,False,False,False
3563,ＦＯＯＤ　＆　ＬＩＦＥ　ＣＯＭＰＡＮＩＥＳ,2026-09-02,6000.0,6135.0,6135.0,5943.4,5766.92,2011560.0,5875.0,5907.0,5791.0,5816.0,214700.0,-3.066666666666662,-2.083333333333337,-1.004255319148939,-5.199674001629995,-5.199674001629995,5.484869325997255,0.0,0.1067330827815228,False,False,False
3565,アセンテック,2026-09-02,468.0,487.0,487.0,471.0,442.76,158920.0,477.0,484.0,477.0,478.0,12900.0,2.136752136752129,1.9230769230769162,0.20964360587001352,-1.848049281314168,-1.848049281314168,1.882845188284521,0.0,0.08117291719103951,True,False,False
3566,ユニフォームネクスト,2026-09-02,763.0,856.0,945.0,763.2,785.32,6500.0,772.0,772.0,772.0,772.0,100.0,1.1795543905635641,1.1795543905635641,0.0,-9.813084112149529,-18.306878306878303,22.409326424870457,10.39719626168225,0.015384615384615385,False,False,False
3569,セーレン,2026-09-02,3405.0,3615.0,3615.0,3467.0,3415.8,168580.0,3435.0,3445.0,3405.0,3405.0,28800.0,0.0,0.8810572687224738,-0.8733624454148492,-5.809128630705396,-5.809128630705396,6.167400881057272,0.0,0.17083877090995372,False,False,False
3571,ソトー,2026-09-02,739.0,747.0,747.0,732.4,718.92,6200.0,739.0,739.0,738.0,738.0,600.0,-0.13531799729363803,0.0,-0.13531799729363803,-1.2048192771084376,-1.2048192771084376,1.2195121951219523,0.0,0.0967741935483871,False,False,False
3577,東海染工,2026-09-02,954.0,966.0,1064.0,943.8,940.28,2420.0,938.0,939.0,938.0,939.0,600.0,-1.5723270440251569,-1.6771488469601636,0.10660980810235365,-2.795031055900621,-11.748120300751875,13.312034078807233,10.144927536231885,0.24793388429752067,True,False,False
3580,小松マテーレ,2026-09-02,758.0,775.0,775.0,767.0,747.44,53000.0,762.0,762.0,756.0,756.0,7600.0,-0.26385224274406704,0.5277044854881341,-0.7874015748031482,-2.4516129032258083,-2.4516129032258083,2.5132275132275117,0.0,0.14339622641509434,False,False,False
3583,オーベクス,2026-09-02,1348.0,1348.0,1372.0,1329.8,1298.44,700.0,1343.0,1343.0,1343.0,1343.0,300.0,-0.37091988130564246,-0.37091988130564246,0.0,-0.37091988130564246,-2.1137026239067103,2.159344750558456,1.7804154302670572,0.42857142857142855,False,False,False
3591,ワコールホールディングス,2026-09-02,4126.0,4543.0,4596.0,4247.4,4317.4,96600.0,4100.0,4100.0,4066.0,4081.0,9400.0,-1.0906446921958302,-0.6301502666020364,-0.4634146341463419,-10.169491525423723,-11.205395996518707,12.61945601568244,1.1666299801893043,0.09730848861283643,False,False,False
3597,自重堂,2026-09-02,9060.0,9200.0,9200.0,9116.0,9088.4,1480.0,9030.0,9030.0,9000.0,9000.0,200.0,-0.6622516556291425,-0.3311258278145712,-0.33222591362126463,-2.1739130434782594,-2.1739130434782594,2.2222222222222143,0.0,0.13513513513513514,False,False,False
3598,山喜,2026-09-02,167.0,169.0,169.0,164.8,163.04,20160.0,167.0,167.0,167.0,167.0,3000.0,0.0,0.0,0.0,-1.1834319526627168,-1.1834319526627168,1.1976047904191711,0.0,0.1488095238095238,False,False,False
3600,フジックス,2026-09-02,1720.0,1793.0,1793.0,1740.0,1731.84,120.0,,,,,,,,,,,,0.0,,False,False,False
3607,クラウディアホールディングス,2026-09-02,351.0,369.0,369.0,355.2,360.36,40400.0,350.0,350.0,348.0,350.0,16800.0,-0.2849002849002802,-0.2849002849002802,0.0,-5.1490514905149,-5.1490514905149,5.428571428571427,0.0,0.4158415841584158,False,False,False
3608,ＴＳＩホールディングス,2026-09-02,1250.0,1293.0,1293.0,1265.0,1247.76,347440.0,1239.0,1239.0,1229.0,1233.0,41500.0,-1.3599999999999945,-0.880000000000003,-0.4842615012106588,-4.640371229698381,-4.640371229698381,4.8661800486617945,0.0,0.11944508404328805,False,False,False
3611,マツオカコーポレーション,2026-09-02,2440.0,2575.0,2582.0,2501.6,2477.4,21700.0,2447.0,2447.0,2430.0,2433.0,2600.0,-0.2868852459016358,0.2868852459016358,-0.5721291377196569,-5.514563106796122,-5.770720371804805,6.124126592683932,0.27184466019416487,0.11981566820276497,False,False,False
3612,ワールド,2026-09-02,1601.0,1728.0,1728.0,1643.6,1636.96,754280.0,1600.0,1604.0,1593.0,1596.0,47300.0,-0.31230480949406836,-0.06246096189881367,-0.24999999999999467,-7.638888888888884,-7.638888888888884,8.270676691729317,0.0,0.06270880840006364,False,False,False
3622,ネットイヤーグループ,2026-09-02,498.0,505.0,525.0,500.8,494.56,2240.0,496.0,496.0,496.0,496.0,100.0,-0.40160642570281624,-0.40160642570281624,0.0,-1.7821782178217838,-5.52380952380952,5.846774193548376,3.960396039603964,0.044642857142857144,False,False,False
3623,ビリングシステム,2026-09-02,1265.0,1320.0,1320.0,1288.2,1134.48,38340.0,1252.0,1260.0,1252.0,1256.0,1800.0,-0.7114624505928813,-1.0276679841897285,0.31948881789136685,-4.848484848484846,-4.848484848484846,5.095541401273884,0.0,0.046948356807511735,True,False,False
3624,アクセルマーク,2026-09-02,85.0,92.0,92.0,85.8,77.16,679300.0,90.0,91.0,89.0,91.0,57700.0,7.058823529411762,5.882352941176472,1.1111111111111072,-1.0869565217391353,-1.0869565217391353,1.098901098901095,0.0,0.08494037980273811,True,False,False
3625,テックファームホールディングス,2026-09-02,674.0,680.0,680.0,668.0,644.16,8200.0,659.0,674.0,659.0,664.0,3900.0,-1.4836795252225476,-2.2255192878338326,0.7587253414264028,-2.352941176470591,-2.352941176470591,2.4096385542168752,0.0,0.47560975609756095,True,False,False
3626,ＴＩＳ,2026-09-02,3917.0,4050.0,4051.0,3948.6,3813.44,1056800.0,4055.0,4074.0,4021.0,4043.0,94700.0,3.2167475108501487,3.523104416645384,-0.29593094944513343,-0.17283950617283939,-0.19748210318439874,0.1978728666831575,0.024691358024697685,0.08961014383043149,False,False,False
3627,テクミラホールディングス,2026-09-02,265.0,275.0,276.0,266.4,266.96,16180.0,263.0,264.0,263.0,264.0,4200.0,-0.37735849056603765,-0.7547169811320753,0.3802281368821214,-4.0000000000000036,-4.347826086956519,4.545454545454541,0.363636363636366,0.2595797280593325,True,False,False
3628,データホライゾン,2026-09-02,616.0,676.0,676.0,602.6,595.92,13940.0,630.0,630.0,630.0,630.0,200.0,2.2727272727272707,2.2727272727272707,0.0,-6.804733727810652,-6.804733727810652,7.301587301587298,0.0,0.014347202295552367,False,False,False
3632,グリーホールディングス,2026-09-02,417.0,434.0,434.0,423.4,415.28,650180.0,423.0,425.0,422.0,424.0,68800.0,1.6786570743405171,1.4388489208633004,0.23640661938533203,-2.304147465437789,-2.304147465437789,2.358490566037741,0.0,0.10581685071826263,True,False,False
3633,ＧＭＯペパボ,2026-09-02,2645.0,2749.0,2749.0,2651.6,2164.0,30280.0,2601.0,2609.0,2601.0,2607.0,2800.0,-1.4366729678638945,-1.6635160680529282,0.23068050749712743,-5.16551473263005,-5.16551473263005,5.446873801304175,0.0,0.09247027741083223,True,False,False
3634,ソケッツ,2026-09-02,601.0,620.0,620.0,600.4,589.16,2440.0,593.0,593.0,588.0,588.0,300.0,-2.1630615640598982,-1.331114808652245,-0.8431703204047181,-5.161290322580648,-5.161290322580648,5.442176870748305,0.0,0.12295081967213115,False,False,False
3635,コーエーテクモホールディングス,2026-09-02,1687.5,1756.0,1756.0,1708.5,1656.92,940220.0,1676.0,1683.5,1666.5,1677.5,108300.0,-0.592592592592589,-0.6814814814814829,0.08949880668258636,-4.470387243735763,-4.470387243735763,4.67958271236959,0.0,0.11518580757695007,True,False,False
3636,三菱総合研究所,2026-09-02,5090.0,5270.0,5270.0,5123.0,4887.6,39400.0,5000.0,5030.0,5000.0,5010.0,3600.0,-1.5717092337917515,-1.7681728880157177,0.20000000000000018,-4.933586337760909,-4.933586337760909,5.189620758483038,0.0,0.09137055837563451,True,False,False
3639,ボルテージ,2026-09-02,231.0,232.0,236.0,229.6,224.64,4100.0,233.0,235.0,232.0,235.0,5000.0,1.7316017316017396,0.8658008658008587,0.8583690987124415,1.2931034482758674,-0.4237288135593209,0.42553191489360653,1.724137931034475,1.2195121951219512,True,True,False
3640,電算,2026-09-02,2833.0,2898.0,2898.0,2860.6,2739.32,6840.0,2807.0,2807.0,2807.0,2807.0,100.0,-0.9177550300035309,-0.9177550300035309,0.0,-3.1400966183574908,-3.1400966183574908,3.2418952618453956,0.0,0.014619883040935672,False,False,False
3641,パピレス,2026-09-02,994.0,994.0,994.0,986.0,973.2,2920.0,994.0,994.0,994.0,994.0,100.0,0.0,0.0,0.0,0.0,0.0,0.0,0.0,0.03424657534246575,False,False,False
3645,メディカルネット,2026-09-02,255.0,259.0,259.0,250.2,244.84,16560.0,260.0,300.0,260.0,276.0,552500.0,8.23529411764705,1.9607843137254832,6.153846153846154,6.563706563706573,6.563706563706573,-6.159420289855078,0.0,33.36352657004831,True,True,True
3646,駅探,2026-09-02,351.0,421.0,421.0,356.0,341.64,41620.0,357.0,357.0,354.0,354.0,500.0,0.8547008547008517,1.7094017094017033,-0.8403361344537785,-15.914489311163893,-15.914489311163893,18.926553672316395,0.0,0.012013455069678039,False,False,False
3647,アスリナ,2026-09-02,120.0,148.0,148.0,127.0,117.36,749360.0,119.0,122.0,119.0,119.0,43100.0,-0.8333333333333304,-0.8333333333333304,0.0,-19.594594594594593,-19.594594594594593,24.369747899159666,0.0,0.05751574677057756,False,False,False
3648,ＡＧＳ,2026-09-02,1068.0,1109.0,1161.0,1079.0,1055.16,9820.0,1065.0,1072.0,1065.0,1069.0,600.0,0.0936329588014928,-0.2808988764044895,0.375586854460086,-3.606853020739409,-7.9242032730404866,8.606173994387278,4.688908926961233,0.06109979633401222,True,False,False
3649,ファインデックス,2026-09-02,822.0,895.0,895.0,847.0,855.2,49980.0,819.0,831.0,819.0,829.0,4800.0,0.8515815085158085,-0.36496350364964014,1.2210012210012167,-7.374301675977657,-7.374301675977657,7.961399276236425,0.0,0.09603841536614646,True,False,False
3652,ディジタルメディアプロフェッショナル,2026-09-02,2487.0,2675.0,2675.0,2566.6,2443.36,44660.0,2403.0,2483.0,2395.0,2470.0,5900.0,-0.6835544833132312,-3.3775633293124274,2.7881814398668325,-7.663551401869162,-7.663551401869162,8.2995951417004,0.0,0.1321092700403045,True,False,False
3653,モルフォ,2026-09-02,1015.0,1037.0,1037.0,917.2,739.48,1071940.0,1315.0,1315.0,1255.0,1315.0,456300.0,29.556650246305427,29.556650246305427,0.0,26.808100289296057,26.808100289296057,-21.140684410646394,0.0,0.4256768102692315,False,True,True
3656,ＫＬａｂ,2026-09-02,192.0,260.0,260.0,194.8,208.4,1583820.0,188.0,191.0,187.0,189.0,418800.0,-1.5625,-2.083333333333337,0.5319148936170137,-27.30769230769231,-27.30769230769231,37.566137566137556,0.0,0.26442398757434554,True,False,False
3657,ポールトゥウィンホールディングス,2026-09-02,366.0,374.0,374.0,366.0,350.56,169080.0,362.0,367.0,362.0,367.0,16800.0,0.2732240437158362,-1.0928961748633892,1.3812154696132506,-1.8716577540106916,-1.8716577540106916,1.9073569482288777,0.0,0.099361249112846,True,False,False
3659,ネクソン,2026-09-02,3127.0,3349.0,3349.0,3148.4,2817.36,3398000.0,3135.0,3136.0,3098.0,3113.0,321900.0,-0.44771346338343676,0.2558362647905321,-0.7017543859649145,-7.046879665571815,-7.046879665571815,7.58111146803726,0.0,0.09473219540906415,False,False,False
365A,伊澤タオル,2026-09-02,781.0,820.0,820.0,787.6,790.84,88400.0,784.0,785.0,783.0,785.0,1800.0,0.5121638924455718,0.3841229193341844,0.12755102040815647,-4.268292682926833,-4.268292682926833,4.458598726114649,0.0,0.020361990950226245,True,False,False
3660,アイスタイル,2026-09-02,522.0,569.0,569.0,534.6,489.24,1406640.0,506.0,517.0,504.0,516.0,227700.0,-1.1494252873563204,-3.065134099616862,1.976284584980248,-9.314586994727591,-9.314586994727591,10.27131782945736,0.0,0.16187510663709265,True,False,False
3661,エムアップホールディングス,2026-09-02,833.0,879.0,879.0,836.6,821.0,494800.0,820.0,821.0,816.0,818.0,134900.0,-1.8007202881152429,-1.5606242496998823,-0.24390243902439046,-6.939704209328779,-6.939704209328779,7.457212713936423,0.0,0.2726354082457559,False,False,False
3662,エイチームホールディングス,2026-09-02,975.0,998.0,1024.0,978.4,952.12,73440.0,970.0,971.0,961.0,967.0,31600.0,-0.8205128205128198,-0.512820512820511,-0.3092783505154628,-3.106212424849697,-5.56640625,5.894519131334031,2.605210420841675,0.43028322440087147,False,False,False
3663,セルシス,2026-09-02,1889.0,2013.0,2038.0,1952.6,1873.48,212100.0,1843.0,1865.0,1843.0,1859.0,18400.0,-1.5881418740074094,-2.4351508734780314,0.8681497558328921,-7.650273224043714,-8.783120706575076,9.628832705755785,1.2419274714356776,0.08675153229608674,True,False,False
3664,ＷＩＺＥ,2026-09-02,25.0,30.0,30.0,26.8,24.16,25260840.0,24.0,25.0,24.0,24.0,28038800.0,-4.0000000000000036,-4.0000000000000036,0.0,-19.999999999999996,-19.999999999999996,25.0,0.0,1.1099710065065136,False,False,False
3665,エニグモ,2026-09-02,425.0,437.0,437.0,430.0,413.84,183380.0,426.0,428.0,426.0,427.0,7900.0,0.47058823529411153,0.23529411764706687,0.23474178403755097,-2.2883295194508046,-2.2883295194508046,2.3419203747072626,0.0,0.04307994328716327,True,False,False
3667,ｅｎｉｓｈ,2026-09-02,28.0,30.0,32.0,27.4,27.4,594600.0,28.0,28.0,27.0,27.0,14000.0,-3.57142857142857,0.0,-3.57142857142857,-9.999999999999998,-15.625,18.518518518518512,6.666666666666665,0.023545240497813657,False,False,False
3668,コロプラ,2026-09-02,429.0,449.0,449.0,438.4,418.28,476060.0,429.0,429.0,424.0,425.0,64700.0,-0.9324009324009341,0.0,-0.9324009324009341,-5.345211581291764,-5.345211581291764,5.647058823529405,0.0,0.13590723858337184,False,False,False
366A,ウェルネス・コミュニケーションズ,2026-09-02,1160.0,1234.0,1234.0,1181.8,1093.88,59100.0,1169.0,1170.0,1168.0,1168.0,800.0,0.6896551724137945,0.775862068965516,-0.08554319931565191,-5.348460291734202,-5.348460291734202,5.650684931506844,0.0,0.01353637901861252,False,False,False
3671,ソフトマックス,2026-09-02,305.0,332.0,338.0,309.4,312.6,7760.0,306.0,306.0,306.0,306.0,100.0,0.3278688524590123,0.3278688524590123,0.0,-7.831325301204817,-9.467455621301779,10.457516339869288,1.8072289156626509,0.01288659793814433,False,False,False
3672,オルトプラス,2026-09-02,29.0,34.0,34.0,29.4,28.12,195120.0,29.0,29.0,28.0,29.0,10900.0,0.0,0.0,0.0,-14.70588235294118,-14.70588235294118,17.24137931034482,0.0,0.055863058630586306,False,False,False
3673,ブロードリーフ,2026-09-02,471.0,507.0,507.0,484.8,456.4,946840.0,463.0,476.0,459.0,474.0,213400.0,0.6369426751592355,-1.698513800424628,2.3758099352051865,-6.508875739644971,-6.508875739644971,6.962025316455689,0.0,0.22538126821849522,True,False,False
3674,オークファン,2026-09-02,342.0,352.0,352.0,342.6,329.68,21160.0,343.0,343.0,342.0,342.0,2400.0,0.0,0.29239766081872176,-0.2915451895043719,-2.840909090909094,-2.840909090909094,2.923976608187129,0.0,0.11342155009451796,False,False,False
3675,クロス・マーケティンググループ,2026-09-02,603.0,631.0,631.0,609.4,607.52,28500.0,601.0,604.0,601.0,604.0,37500.0,0.16583747927032544,-0.3316749585406287,0.4991680532445919,-4.278922345483361,-4.278922345483361,4.470198675496695,0.0,1.3157894736842106,True,False,False
3676,デジタルハーツホールディングス,2026-09-02,1058.0,1060.0,1060.0,1058.2,967.56,340860.0,1059.0,1059.0,1058.0,1059.0,53000.0,0.0945179584120881,0.0945179584120881,0.0,-0.09433962264151496,-0.09433962264151496,0.09442870632672129,0.0,0.15548905709088776,False,False,False
3678,メディアドゥ,2026-09-02,1286.0,1325.0,1330.0,1287.4,1281.32,31440.0,1260.0,1263.0,1257.0,1259.0,4100.0,-2.0995334370140006,-2.021772939346811,-0.07936507936507908,-4.981132075471695,-5.338345864661653,5.639396346306591,0.37735849056603765,0.13040712468193386,False,False,False
3679,じげん,2026-09-02,445.0,472.0,472.0,454.0,439.16,481940.0,449.0,453.0,449.0,453.0,139200.0,1.7977528089887729,0.8988764044943753,0.8908685968819663,-4.02542372881356,-4.02542372881356,4.194260485651213,0.0,0.2888326347678134,True,False,False
367A,プリモグローバルホールディングス,2026-09-02,2900.0,2972.0,2972.0,2892.6,2802.6,100020.0,2883.0,2883.0,2835.0,2841.0,3700.0,-2.0344827586206926,-0.586206896551722,-1.4568158168574374,-4.407806191117092,-4.407806191117092,4.611052446321717,0.0,0.03699260147970406,False,False,False
3680,ホットリンク,2026-09-02,206.0,217.0,218.0,208.4,211.04,51540.0,207.0,207.0,206.0,206.0,3600.0,0.0,0.4854368932038833,-0.48309178743961567,-5.0691244239631335,-5.5045871559633035,5.825242718446599,0.4608294930875667,0.06984866123399301,False,False,False
3682,エンカレッジ・テクノロジ,2026-09-02,592.0,635.0,635.0,594.8,594.8,8640.0,586.0,586.0,586.0,586.0,500.0,-1.0135135135135087,-1.0135135135135087,0.0,-7.71653543307087,-7.71653543307087,8.361774744027306,0.0,0.05787037037037037,False,False,False
3683,サイバーリンクス,2026-09-02,1112.0,1162.0,1162.0,1135.8,1098.68,19760.0,1105.0,1114.0,1105.0,1114.0,800.0,0.17985611510791255,-0.6294964028776939,0.8144796380090469,-4.130808950086062,-4.130808950086062,4.308797127468589,0.0,0.04048582995951417,True,False,False
3686,ディー・エル・イー,2026-09-02,60.0,64.0,70.0,59.8,59.84,119460.0,60.0,61.0,60.0,61.0,30700.0,1.6666666666666607,0.0,1.6666666666666607,-4.6875,-12.857142857142856,14.754098360655732,9.375,0.2569897873765277,True,False,False
3687,フィックスターズ,2026-09-02,2058.0,2360.0,2360.0,2203.8,2187.68,595200.0,2088.0,2111.0,2085.0,2091.0,42900.0,1.6034985422740622,1.4577259475218707,0.1436781609195359,-11.398305084745763,-11.398305084745763,12.864658058345292,0.0,0.07207661290322581,True,False,False
368A,北里コーポレーション,2026-09-02,1447.0,1620.0,1620.0,1488.0,1494.64,76880.0,1438.0,1443.0,1431.0,1431.0,6100.0,-1.1057360055286791,-0.6219765031098778,-0.48678720445062273,-11.66666666666667,-11.66666666666667,13.207547169811317,0.0,0.07934443288241415,False,False,False
3690,イルグルム,2026-09-02,577.0,577.0,577.0,567.0,556.24,11640.0,580.0,580.0,579.0,579.0,7100.0,0.34662045060658286,0.5199306759098743,-0.17241379310344307,0.34662045060658286,0.34662045060658286,-0.3454231433506094,0.0,0.6099656357388317,False,True,True
3691,デジタルプラス,2026-09-02,1845.0,1997.0,1997.0,1898.8,1704.56,16660.0,1820.0,1854.0,1801.0,1854.0,2900.0,0.4878048780487809,-1.3550135501354976,1.8681318681318615,-7.160741111667502,-7.160741111667502,7.713052858683933,0.0,0.17406962785114047,True,False,False
3692,ＦＦＲＩセキュリティ,2026-09-02,5750.0,6220.0,6220.0,5684.0,5159.0,265280.0,5700.0,5820.0,5650.0,5700.0,22200.0,-0.8695652173912993,-0.8695652173912993,0.0,-8.36012861736335,-8.36012861736335,9.122807017543867,0.0,0.08368516284680337,False,False,False
3694,オプティム,2026-09-02,438.0,460.0,460.0,446.8,428.8,177160.0,437.0,443.0,437.0,441.0,8700.0,0.6849315068493178,-0.22831050228310223,0.9153318077803174,-4.130434782608694,-4.130434782608694,4.308390022675734,0.0,0.049108150824113794,True,False,False
3695,ＧＭＯプロダクトプラットフォーム,2026-09-02,1457.0,1526.0,1526.0,1447.8,1448.36,5420.0,1484.0,1504.0,1484.0,1504.0,5400.0,3.2258064516129004,1.853122855181888,1.3477088948786964,-1.4416775884665833,-1.4416775884665833,1.46276595744681,0.0,0.996309963099631,True,False,False
3696,セレス,2026-09-02,2160.0,2319.0,2319.0,2220.4,2159.32,136400.0,2146.0,2167.0,2142.0,2159.0,10600.0,-0.04629629629629983,-0.6481481481481532,0.6057781919850846,-6.899525657611038,-6.899525657611038,7.410838351088467,0.0,0.07771260997067449,True,False,False
3697,ＳＨＩＦＴ,2026-09-02,887.0,1021.0,1021.0,942.2800048828124,914.0239990234376,5548580.0,905.0,935.0,905.0,918.2999877929688,1034000.0,3.5287472145398846,2.029312288613294,1.4696119108252859,-10.058767111364475,-10.058767111364475,11.183710505524381,0.0,0.18635398606490308,True,False,False
3698,ＣＲＩ・ミドルウェア,2026-09-02,1208.0,1245.0,1245.0,1222.6,1177.24,8340.0,1200.0,1209.0,1200.0,1209.0,200.0,0.08278145695364003,-0.6622516556291425,0.7500000000000062,-2.8915662650602414,-2.8915662650602414,2.977667493796532,0.0,0.023980815347721823,True,False,False
369A,エータイ,2026-09-02,2497.0,2588.0,2588.0,2477.0,2441.2,9580.0,2532.0,2579.0,2530.0,2560.0,4100.0,2.523027633159791,1.4016820184221013,1.1058451816745585,-1.081916537867078,-1.081916537867078,1.0937500000000044,0.0,0.4279749478079332,True,False,False
3708,特種東海製紙,2026-09-02,2152.0,2223.0,2223.0,2181.8,2127.56,60880.0,2127.0,2131.0,2122.0,2131.0,6800.0,-0.975836431226762,-1.1617100371747235,0.18805829807240215,-4.138551506972554,-4.138551506972554,4.317221961520423,0.0,0.1116951379763469,True,False,False
3710,ジョルダン,2026-09-02,646.0,691.0,691.0,646.6,634.0,4020.0,646.0,646.0,646.0,646.0,400.0,0.0,0.0,0.0,-6.512301013024602,-6.512301013024602,6.965944272445812,0.0,0.09950248756218906,False,False,False
3712,情報企画,2026-09-02,1090.0,1099.0,1104.0,1075.8,1020.04,10840.0,1086.0,1086.0,1086.0,1086.0,700.0,-0.3669724770642202,-0.3669724770642202,0.0,-1.1828935395814422,-1.6304347826086918,1.6574585635359185,0.45495905368517775,0.06457564575645756,False,False,False
3719,ＡＩストーム,2026-09-02,118.0,148.0,166.0,116.8,127.68,581040.0,115.0,116.0,115.0,116.0,22300.0,-1.6949152542372836,-2.5423728813559365,0.8695652173912993,-21.62162162162162,-30.12048192771084,43.10344827586208,12.162162162162172,0.038379457524438935,True,False,False
3723,日本ファルコム,2026-09-02,2740.0,3045.0,3045.0,2789.4,2792.32,11960.0,2729.0,2731.0,2720.0,2731.0,1000.0,-0.3284671532846728,-0.4014598540145964,0.07328691828507594,-10.311986863710999,-10.311986863710999,11.497619919443425,0.0,0.08361204013377926,True,False,False
3726,フォーシーズＨＤ,2026-09-02,404.0,411.0,411.0,404.0,399.8,20800.0,400.0,401.0,400.0,401.0,2000.0,-0.7425742574257432,-0.990099009900991,0.24999999999999467,-2.4330900243308973,-2.4330900243308973,2.493765586034913,0.0,0.09615384615384616,True,False,False
3727,アプリックス,2026-09-02,164.0,164.0,164.0,160.0,150.28,86840.0,163.0,167.0,163.0,163.0,17100.0,-0.6097560975609762,-0.6097560975609762,0.0,-0.6097560975609762,-0.6097560975609762,0.6134969325153339,0.0,0.19691386457853524,False,False,False
372A,レント,2026-09-02,5540.0,5750.0,5750.0,5600.0,5562.8,2920.0,5500.0,5510.0,5500.0,5500.0,400.0,-0.7220216606498187,-0.7220216606498187,0.0,-4.347826086956519,-4.347826086956519,4.545454545454541,0.0,0.136986301369863,False,False,False
3733,ソフトウェア・サービス,2026-09-02,12590.0,12810.0,12810.0,12496.0,11872.8,7860.0,12400.0,12410.0,12310.0,12320.0,1000.0,-2.14455917394758,-1.5091342335186608,-0.6451612903225823,-3.825136612021862,-3.825136612021862,3.9772727272727293,0.0,0.1272264631043257,False,False,False
373A,リップス,2026-09-02,1460.0,1495.0,1497.0,1462.8,1474.76,4480.0,1474.0,1474.0,1474.0,1474.0,1200.0,0.9589041095890316,0.9589041095890316,0.0,-1.404682274247493,-1.5364061456245803,1.5603799185888834,0.13377926421405117,0.26785714285714285,False,False,False
3741,セック,2026-09-02,3200.0,3415.0,3415.0,3216.0,3147.56,67480.0,3270.0,3295.0,3260.0,3270.0,11400.0,2.187500000000009,2.187500000000009,0.0,-4.245973645680823,-4.245973645680823,4.434250764525993,0.0,0.16893894487255484,False,False,False
3744,サイオス,2026-09-02,459.0,544.0,544.0,460.0,474.28,27260.0,458.0,458.0,452.0,452.0,1200.0,-1.525054466230935,-0.21786492374727962,-1.3100436681222738,-16.911764705882348,-16.911764705882348,20.353982300884965,0.0,0.04402054292002935,False,False,False
3747,インタートレード,2026-09-02,418.0,498.0,498.0,427.8,422.08,36580.0,420.0,424.0,417.0,417.0,4500.0,-0.23923444976076125,0.4784688995215225,-0.7142857142857117,-16.26506024096386,-16.26506024096386,19.424460431654666,0.0,0.12301804264625478,False,False,False
3750,ＡＤＲ１２０Ｓ,2026-09-02,836.0,853.0,853.0,808.8,788.28,12100.0,822.0,822.0,822.0,822.0,100.0,-1.674641148325362,-1.674641148325362,0.0,-3.6342321219226315,-3.6342321219226315,3.771289537712885,0.0,0.008264462809917356,False,False,False
3753,フライトソリューションズ,2026-09-02,234.0,265.0,265.0,240.0,222.44,149360.0,234.0,238.0,234.0,238.0,5100.0,1.7094017094017033,0.0,1.7094017094017033,-10.188679245283016,-10.188679245283016,11.344537815126055,0.0,0.0341456882699518,True,False,False
3758,アエリア,2026-09-02,252.0,256.0,256.0,249.8,245.56,23000.0,246.0,247.0,246.0,247.0,3500.0,-1.9841269841269882,-2.3809523809523836,0.40650406504065817,-3.515625,-3.515625,3.6437246963562764,0.0,0.15217391304347827,True,False,False
3760,ケイブ,2026-09-02,715.0,770.0,820.0,722.4,739.48,9640.0,710.0,711.0,707.0,707.0,3500.0,-1.118881118881121,-0.6993006993006978,-0.42253521126760507,-8.18181818181818,-13.78048780487805,15.98302687411599,6.493506493506485,0.3630705394190871,False,False,False
3762,テクマトリックス,2026-09-02,2400.0,2505.0,2505.0,2429.8,2320.56,215800.0,2418.0,2444.0,2391.0,2431.0,17600.0,1.2916666666666687,0.7500000000000062,0.5376344086021501,-2.954091816367266,-2.954091816367266,3.0440148087206964,0.0,0.08155699721964782,True,False,False
3763,プロシップ,2026-09-02,2095.0,2520.0,2520.0,2216.6,2106.36,46940.0,2064.0,2064.0,2040.0,2061.0,3200.0,-1.6229116945107425,-1.479713603818611,-0.14534883720930258,-18.214285714285715,-18.214285714285715,22.2707423580786,0.0,0.06817213463996591,False,False,False
3765,ガンホー・オンライン・エンターテイメント,2026-09-02,2578.0,2695.0,2695.0,2557.6,2452.8,741420.0,2541.0,2558.0,2530.0,2530.0,23400.0,-1.8619084561675714,-1.4352211016291694,-0.43290043290042934,-6.122448979591832,-6.122448979591832,6.521739130434789,0.0,0.03156105850934693,False,False,False
3766,システムズ・デザイン,2026-09-02,1399.0,1435.0,1445.0,1409.2,1417.16,440.0,1429.0,1429.0,1429.0,1429.0,100.0,2.1443888491779806,2.1443888491779806,0.0,-0.4181184668989535,-1.107266435986154,1.1196641007697794,0.6968641114982521,0.22727272727272727,False,False,False
3768,リスクモンスター,2026-09-02,560.0,590.0,590.0,564.4,560.92,3320.0,560.0,563.0,560.0,563.0,800.0,0.5357142857142838,0.0,0.5357142857142838,-4.576271186440673,-4.576271186440673,4.7957371225577194,0.0,0.24096385542168675,True,False,False
3769,ＧＭＯペイメントゲートウェイ,2026-09-02,8738.0,10455.0,10455.0,9335.2,9637.6,283100.0,8989.0,9046.0,8900.0,8913.0,37500.0,2.0027466239413982,2.872510872053091,-0.8454778062075841,-14.748923959827831,-14.748923959827831,17.300572197913166,0.0,0.13246202755210174,False,False,False
3771,システムリサーチ,2026-09-02,1900.0,2000.0,2000.0,1945.4,1887.24,95160.0,1896.0,1902.0,1892.0,1902.0,29200.0,0.10526315789474161,-0.21052631578947212,0.31645569620253333,-4.900000000000004,-4.900000000000004,5.152471083070442,0.0,0.3068516183270282,True,False,False
3772,ウェルス・マネジメント,2026-09-02,1097.0,1111.0,1111.0,1101.8,1073.68,22120.0,1103.0,1103.0,1103.0,1103.0,200.0,0.5469462169553241,0.5469462169553241,0.0,-0.7200720072007227,-0.7200720072007227,0.7252946509519465,0.0,0.009041591320072333,False,False,False
3773,アドバンスト・メディア,2026-09-02,1049.0,1139.0,1139.0,1057.6,1065.28,44960.0,1048.0,1052.0,1048.0,1049.0,3700.0,0.0,-0.09532888465204614,0.0954198473282375,-7.901668129938544,-7.901668129938544,8.579599618684464,0.0,0.08229537366548043,True,False,False
3774,インターネットイニシアティブ,2026-09-02,3246.0,3650.0,3650.0,3332.2,3449.68,657960.0,3237.0,3256.0,3220.0,3231.0,28100.0,-0.46210720887245316,-0.27726432532347856,-0.1853568118628357,-11.479452054794525,-11.479452054794525,12.968121324667292,0.0,0.04270776338987173,False,False,False
3776,ブロードバンドタワー,2026-09-02,245.0,259.0,267.0,249.8,245.16,111660.0,245.0,247.0,245.0,247.0,8900.0,0.8163265306122547,0.0,0.8163265306122547,-4.633204633204635,-7.490636704119846,8.097165991902845,3.0888030888030826,0.07970625111946981,True,False,False
3777,環境フレンドリーホールディングス,2026-09-02,47.0,50.0,50.0,47.4,46.48,248400.0,47.0,47.0,46.0,47.0,62200.0,0.0,0.0,0.0,-6.000000000000005,-6.000000000000005,6.382978723404253,0.0,0.250402576489533,False,False,False
3778,さくらインターネット,2026-09-02,3570.0,4350.0,4350.0,3759.0,3555.32,1058640.0,3550.0,3585.0,3530.0,3540.0,116900.0,-0.8403361344537785,-0.5602240896358524,-0.28169014084507005,-18.620689655172416,-18.620689655172416,22.881355932203395,0.0,0.11042469583616715,False,False,False
3779,ジェイ・エスコムホールディングス,2026-09-02,130.0,134.0,136.0,131.0,130.72,22520.0,128.0,128.0,128.0,128.0,900.0,-1.538461538461533,-1.538461538461533,0.0,-4.477611940298509,-5.882352941176472,6.25,1.4925373134328401,0.03996447602131439,False,False,False
3787,テクノマセマティカル,2026-09-02,376.0,400.0,400.0,383.0,307.96,43000.0,370.0,372.0,370.0,372.0,1100.0,-1.0638297872340385,-1.5957446808510634,0.540540540540535,-6.999999999999995,-6.999999999999995,7.526881720430101,0.0,0.02558139534883721,True,False,False
3788,ＧＭＯグローバルサイン・ホールディングス,2026-09-02,1980.0,2401.0,2401.0,2082.0,2188.0,29600.0,1962.0,1994.0,1962.0,1990.0,2300.0,0.5050505050504972,-0.9090909090909038,1.4271151885830724,-17.11786755518534,-17.11786755518534,20.653266331658294,0.0,0.0777027027027027,True,False,False
378A,ヒット,2026-09-02,946.0,1219.0,1219.0,995.6,1046.2,86440.0,945.0,945.0,934.0,937.0,9800.0,-0.9513742071881603,-0.10570824524313016,-0.846560846560851,-23.133716160787532,-23.133716160787532,30.09605122732124,0.0,0.11337343822304488,False,False,False
3791,ＩＧポート,2026-09-02,1048.0,1147.0,1147.0,1076.2,1099.16,81180.0,1050.0,1058.0,1050.0,1055.0,4200.0,0.6679389312977069,0.1908396946564972,0.4761904761904745,-8.02092414995641,-8.02092414995641,8.720379146919433,0.0,0.051736881005173686,True,False,False
3793,ドリコム,2026-09-02,522.0,533.0,533.0,522.8,473.16,123560.0,487.0,492.0,487.0,489.0,33500.0,-6.3218390804597675,-6.704980842911878,0.4106776180698102,-8.25515947467167,-8.25515947467167,8.997955010224956,0.0,0.27112334088701845,True,False,False
3796,いい生活,2026-09-02,316.0,320.0,320.0,314.6,301.6,11440.0,328.0,331.0,326.0,331.0,11100.0,4.746835443037978,3.797468354430378,0.9146341463414531,3.4375000000000044,3.4375000000000044,-3.3232628398791486,0.0,0.9702797202797203,True,True,True
3798,ＵＬＳグループ,2026-09-02,523.0,571.0,591.0,540.2,543.72,234280.0,529.0,540.0,527.0,539.0,58000.0,3.0592734225621365,1.1472275334607929,1.8903591682419618,-5.604203152364273,-8.79864636209814,9.647495361781067,3.5026269702276736,0.2475670138296056,True,False,False
3799,キーウェアソリューションズ,2026-09-02,1144.0,1178.0,1178.0,1128.0,1122.12,5460.0,1131.0,1131.0,1130.0,1130.0,600.0,-1.2237762237762184,-1.1363636363636354,-0.08841732979664174,-4.0747028862478825,-4.0747028862478825,4.24778761061948,0.0,0.10989010989010989,False,False,False
3800,ユニリタ,2026-09-02,1969.0,2045.0,2045.0,1973.0,1970.96,1900.0,1968.0,1968.0,1968.0,1968.0,100.0,-0.0507872016251909,-0.0507872016251909,0.0,-3.765281173594137,-3.765281173594137,3.9126016260162544,0.0,0.05263157894736842,False,False,False
3802,エコミック,2026-09-02,502.0,508.0,508.0,500.8,495.68,2880.0,504.0,504.0,504.0,504.0,200.0,0.3984063745019917,0.3984063745019917,0.0,-0.7874015748031482,-0.7874015748031482,0.7936507936507908,0.0,0.06944444444444445,False,False,False
3803,イメージ情報開発,2026-09-02,605.0,627.0,627.0,606.8,547.04,17800.0,580.0,580.0,580.0,580.0,300.0,-4.1322314049586755,-4.1322314049586755,0.0,-7.496012759170656,-7.496012759170656,8.103448275862068,0.0,0.016853932584269662,False,False,False
3804,システム　ディ,2026-09-02,470.0,472.0,475.0,462.6,450.8,3020.0,475.0,475.0,475.0,475.0,500.0,1.0638297872340496,1.0638297872340496,0.0,0.6355932203389925,0.0,0.0,0.6355932203389925,0.16556291390728478,False,True,False
3807,フィスコ,2026-09-02,87.0,93.0,93.0,87.6,86.44,340340.0,87.0,88.0,87.0,88.0,162200.0,1.1494252873563315,0.0,1.1494252873563315,-5.376344086021501,-5.376344086021501,5.681818181818188,0.0,0.47658224128812365,True,False,False
3810,サイバーステップホールディングス,2026-09-02,173.0,260.0,260.0,180.8,193.64,2577000.0,175.0,177.0,174.0,174.0,45600.0,0.5780346820809301,1.1560693641618602,-0.5714285714285672,-33.07692307692308,-33.07692307692308,49.42528735632183,0.0,0.01769499417927823,False,False,False
3815,メディア工房,2026-09-02,429.0,466.0,466.0,436.0,449.76,34300.0,429.0,429.0,429.0,429.0,900.0,0.0,0.0,0.0,-7.939914163090133,-7.939914163090133,8.624708624708632,0.0,0.026239067055393587,False,False,False
3817,ＳＲＡホールディングス,2026-09-02,4830.0,5020.0,5020.0,4943.0,4818.4,38320.0,4850.0,4875.0,4850.0,4875.0,1400.0,0.9316770186335477,0.41407867494824835,0.5154639175257714,-2.8884462151394397,-2.8884462151394397,2.9743589743589816,0.0,0.03653444676409186,True,False,False
3823,ＴＨＥ　ＷＨＹ　ＨＯＷ　ＤＯ　ＣＯＭＰＡＮＹ,2026-09-02,31.0,32.0,35.0,31.4,30.64,196940.0,31.0,31.0,31.0,31.0,5700.0,0.0,0.0,0.0,-3.125,-11.428571428571432,12.903225806451623,9.375,0.028942825225957144,False,False,False
3825,リミックスポイント,2026-09-02,228.0,270.0,270.0,240.0,218.24,3329160.0,237.0,239.0,235.0,238.0,504100.0,4.385964912280693,3.9473684210526327,0.42194092827003704,-11.851851851851848,-11.851851851851848,13.4453781512605,0.0,0.1514195773107931,True,False,False
3826,システムインテグレータ,2026-09-02,498.0,513.0,513.0,496.8,486.52,37760.0,495.0,499.0,495.0,496.0,1900.0,-0.40160642570281624,-0.6024096385542133,0.20202020202020332,-3.3138401559454245,-3.3138401559454245,3.427419354838701,0.0,0.05031779661016949,True,False,False
3834,朝日ネット,2026-09-02,613.0,634.0,653.0,620.0,624.6,62400.0,614.0,614.0,610.0,612.0,14800.0,-0.16313213703099683,0.16313213703098572,-0.32573289902280145,-3.4700315457413256,-6.278713629402755,6.699346405228757,2.9968454258675115,0.23717948717948717,False,False,False
3835,ｅＢＡＳＥ,2026-09-02,438.0,443.0,443.0,439.0,429.08,89120.0,437.0,438.0,435.0,437.0,10600.0,-0.22831050228310223,-0.22831050228310223,0.0,-1.3544018058690765,-1.3544018058690765,1.3729977116704761,0.0,0.1189407540394973,False,False,False
3836,アバントグループ,2026-09-02,1187.0,1238.0,1329.0,1198.4,1200.4,87260.0,1205.0,1212.0,1199.0,1208.0,12100.0,1.7691659646166702,1.5164279696714411,0.24896265560165887,-2.4232633279482996,-9.104589917231,10.016556291390732,7.3505654281098565,0.1386660554664222,True,False,False
3837,アドソル日進,2026-09-02,1358.0,1544.0,1547.0,1413.2,1471.12,123540.0,1366.0,1380.0,1364.0,1377.0,10400.0,1.3991163475699508,0.589101620029453,0.8052708638360162,-10.816062176165808,-10.989010989010994,12.34567901234569,0.19430051813471572,0.08418326048243484,True,False,False
3839,ＯＤＫソリューションズ,2026-09-02,645.0,647.0,647.0,644.8,638.24,3020.0,639.0,639.0,639.0,639.0,200.0,-0.9302325581395321,-0.9302325581395321,0.0,-1.2364760432766575,-1.2364760432766575,1.2519561815336422,0.0,0.06622516556291391,False,False,False
3840,パス,2026-09-02,60.0,63.0,63.0,59.0,57.04,161620.0,57.0,58.0,57.0,58.0,4000.0,-3.3333333333333326,-5.000000000000004,1.7543859649122862,-7.936507936507942,-7.936507936507942,8.62068965517242,0.0,0.024749412201460215,True,False,False
3841,ジーダット,2026-09-02,1398.0,1430.0,1430.0,1345.0,1294.84,5240.0,1393.0,1406.0,1393.0,1406.0,1300.0,0.5722460658083017,-0.3576537911301858,0.9332376166546918,-1.6783216783216814,-1.6783216783216814,1.7069701280227667,0.0,0.2480916030534351,True,False,False
3842,ネクストジェン,2026-09-02,1040.0,1060.0,1060.0,1043.0,1024.08,2080.0,1057.0,1069.0,1057.0,1069.0,400.0,2.7884615384615286,1.6346153846153788,1.1352885525070855,0.8490566037735903,0.8490566037735903,-0.8419083255378879,0.0,0.19230769230769232,True,True,True
3843,フリービット,2026-09-02,1730.0,1820.0,1820.0,1775.4,1678.44,47340.0,1715.0,1728.0,1715.0,1725.0,3300.0,-0.28901734104046506,-0.8670520231213841,0.5830903790087438,-5.219780219780223,-5.219780219780223,5.507246376811592,0.0,0.0697084917617237,True,False,False
3844,コムチュア,2026-09-02,1324.0,1483.0,1483.0,1355.6,1397.68,179160.0,1332.0,1332.0,1320.0,1322.0,16600.0,-0.15105740181269312,0.6042296072507503,-0.7507507507507505,-10.856372218476062,-10.856372218476062,12.178517397882004,0.0,0.09265461040410806,False,False,False
3845,アイフリークモバイル,2026-09-02,282.0,314.0,314.0,291.6,251.32,99780.0,287.0,290.0,285.0,289.0,4100.0,2.4822695035461084,1.773049645390068,0.6968641114982521,-7.9617834394904445,-7.9617834394904445,8.650519031141869,0.0,0.04109039887753057,True,False,False
3848,データ・アプリケーション,2026-09-02,855.0,860.0,860.0,850.8,835.4,2620.0,837.0,837.0,837.0,837.0,300.0,-2.1052631578947323,-2.1052631578947323,0.0,-2.674418604651163,-2.674418604651163,2.7479091995221028,0.0,0.11450381679389313,False,False,False
3850,エヌ・ティ・ティ・データ・イントラマート,2026-09-02,3825.0,3830.0,3830.0,3660.0,3363.4,60240.0,3850.0,3860.0,3765.0,3765.0,8500.0,-1.5686274509803977,0.6535947712418277,-2.207792207792203,-1.6971279373368175,-1.6971279373368175,1.726427622841964,0.0,0.1411022576361222,False,False,False
3851,日本一ソフトウェア,2026-09-02,1430.0,1547.0,1547.0,1373.0,1185.8,594340.0,1360.0,1360.0,1326.0,1334.0,28500.0,-6.713286713286715,-4.895104895104896,-1.9117647058823573,-13.768584356819646,-13.768584356819646,15.967016491754116,0.0,0.04795235050644412,False,False,False
3853,アステリア,2026-09-02,1133.0,1309.0,1309.0,1183.6,1129.88,265340.0,1135.0,1135.0,1116.0,1118.0,24600.0,-1.3239187996469504,0.1765225066195919,-1.49779735682819,-14.591291061879296,-14.591291061879296,17.084078711985697,0.0,0.0927112384110952,False,False,False
3854,アイル,2026-09-02,2457.0,2550.0,2550.0,2481.4,2368.64,108900.0,2424.0,2447.0,2415.0,2429.0,14600.0,-1.139601139601143,-1.3431013431013383,0.20627062706271015,-4.745098039215689,-4.745098039215689,4.981473857554541,0.0,0.13406795224977044,True,False,False
3856,Ａｂａｌａｎｃｅ,2026-09-02,253.0,540.0,543.0,237.2,361.64,2389800.0,274.0,290.0,270.0,282.0,73900.0,11.462450592885375,8.300395256916993,2.9197080291970767,-47.77777777777777,-48.06629834254144,92.5531914893617,0.5555555555555536,0.030923089798309482,True,False,False
3858,ユビキタスＡＩ,2026-09-02,299.0,302.0,312.0,297.4,294.16,14880.0,304.0,304.0,301.0,301.0,2000.0,0.6688963210702337,1.6722408026755842,-0.9868421052631526,-0.3311258278145712,-3.525641025641024,3.6544850498338777,3.31125827814569,0.13440860215053763,False,False,False
3861,王子ホールディングス,2026-09-02,873.0,892.2999877929688,898.2000122070312,881.1799926757812,874.7119970703125,3908140.0,879.5999755859375,883.7999877929688,868.7999877929688,871.9000244140625,972200.0,-0.12599949438001357,0.7560109491337341,-0.8753923812635067,-2.2862225325547603,-2.928076980131089,3.016399478901599,0.6612153417883349,0.2487628385881775,False,False,False
3863,日本製紙,2026-09-02,1326.0,1441.0,1599.0,1388.6,1381.12,625620.0,1315.0,1318.0,1306.0,1310.0,74100.0,-1.2066365007541435,-0.8295625942684737,-0.38022813688213253,-9.090909090909093,-18.073796122576613,22.061068702290076,10.964607911172797,0.11844250503500528,False,False,False
3864,三菱製紙,2026-09-02,1189.0,1233.0,1233.0,1203.8,1163.72,149840.0,1168.0,1168.0,1157.0,1162.0,13600.0,-2.270815811606397,-1.766190075693863,-0.5136986301369828,-5.7583130575831305,-5.7583130575831305,6.110154905335619,0.0,0.09076348104644955,False,False,False
3865,北越コーポレーション,2026-09-02,904.0,958.0,958.0,915.4,912.88,189560.0,905.0,907.0,896.0,898.0,15500.0,-0.6637168141592875,0.11061946902655162,-0.7734806629834279,-6.263048016701466,-6.263048016701466,6.681514476614692,0.0,0.08176830554969403,False,False,False
386A,みのや,2026-09-02,1253.0,1288.0,1290.0,1256.0,1268.24,3700.0,1253.0,1253.0,1253.0,1253.0,700.0,0.0,0.0,0.0,-2.717391304347827,-2.8682170542635665,2.9529130087789346,0.15527950310558758,0.1891891891891892,False,False,False
3877,中越パルプ工業,2026-09-02,2200.0,2280.0,2280.0,2237.8,2194.36,44220.0,2203.0,2204.0,2193.0,2194.0,7200.0,-0.27272727272726893,0.13636363636364557,-0.40853381752156137,-3.771929824561404,-3.771929824561404,3.919781221513219,0.0,0.1628222523744912,False,False,False
3878,巴川コーポレーション,2026-09-02,859.0,935.0,935.0,874.4,865.48,36700.0,852.0,858.0,852.0,858.0,2700.0,-0.11641443538998875,-0.8149010477299212,0.7042253521126751,-8.235294117647063,-8.235294117647063,8.974358974358964,0.0,0.07356948228882834,True,False,False
387A,フラー,2026-09-02,922.0,1050.0,1077.0,928.0,950.6,1660.0,923.0,923.0,918.0,918.0,7400.0,-0.4338394793926281,0.10845986984815426,-0.5417118093174467,-12.571428571428566,-14.763231197771587,17.320261437908503,2.57142857142858,4.457831325301205,False,False,False
3880,大王製紙,2026-09-02,964.0,1001.0,1019.0,980.8,980.6,227260.0,970.0,970.0,961.0,962.0,25700.0,-0.20746887966804906,0.6224066390041472,-0.8247422680412342,-3.8961038961038974,-5.593719332679092,5.925155925155923,1.798201798201804,0.11308633283463874,False,False,False
3891,ニッポン高度紙工業,2026-09-02,6230.0,7750.0,7780.0,6570.0,6673.6,121100.0,6310.0,6400.0,6300.0,6390.0,21400.0,2.5682182985553803,1.284109149277679,1.267828843106189,-17.5483870967742,-17.86632390745502,21.75273865414711,0.3870967741935516,0.17671345995045418,True,False,False
3892,岡山製紙,2026-09-02,1600.0,1616.0,1648.0,1576.2,1573.16,2820.0,1607.0,1607.0,1606.0,1606.0,400.0,0.374999999999992,0.4375000000000018,-0.062227753578092404,-0.6188118811881194,-2.5485436893203928,2.6151930261519407,1.980198019801982,0.14184397163120568,False,False,False
3895,ハビックス,2026-09-02,474.0,569.0,569.0,479.4,459.48,37380.0,481.0,481.0,474.0,474.0,4300.0,0.0,1.4767932489451407,-1.4553014553014498,-16.695957820738137,-16.695957820738137,20.042194092827014,0.0,0.11503477795612627,False,False,False
3896,阿波製紙,2026-09-02,407.0,429.0,429.0,411.0,392.04,16320.0,402.0,408.0,402.0,405.0,1000.0,-0.49140049140049546,-1.2285012285012331,0.746268656716409,-5.594405594405593,-5.594405594405593,5.9259259259259345,0.0,0.061274509803921566,True,False,False
3900,クラウドワークス,2026-09-02,664.0,750.0,750.0,676.4,688.16,73700.0,643.0,656.0,642.0,655.0,86000.0,-1.3554216867469826,-3.1626506024096335,1.8662519440124425,-12.666666666666671,-12.666666666666671,14.50381679389312,0.0,1.1668928086838535,True,False,False
3901,マークラインズ,2026-09-02,1509.0,1643.0,1643.0,1551.8,1508.84,88080.0,1505.0,1510.0,1499.0,1502.0,5200.0,-0.46388336646785433,-0.2650762094102088,-0.19933554817275212,-8.58186244674376,-8.58186244674376,9.387483355525973,0.0,0.05903723887375113,False,False,False
3903,ｇｕｍｉ,2026-09-02,274.0,291.0,291.0,282.8,266.48,519600.0,270.0,274.0,270.0,273.0,107900.0,-0.36496350364964014,-1.4598540145985384,1.1111111111111072,-6.185567010309279,-6.185567010309279,6.593406593406592,0.0,0.20765973826020015,True,False,False
3904,カヤック,2026-09-02,431.0,439.0,439.0,428.6,421.76,8620.0,428.0,428.0,428.0,428.0,1300.0,-0.696055684454755,-0.696055684454755,0.0,-2.505694760820043,-2.505694760820043,2.5700934579439227,0.0,0.15081206496519722,False,False,False
3905,データセクション,2026-09-02,1573.0,2284.0,2597.0,1634.0,1817.72,5029740.0,1560.0,1575.0,1538.0,1554.0,280000.0,-1.2078830260648488,-0.8264462809917328,-0.38461538461538325,-31.961471103327497,-40.16172506738545,67.11711711711712,13.704028021015757,0.05566888149288035,False,False,False
3907,シリコンスタジオ,2026-09-02,1982.0,2988.0,2988.0,2239.8,1659.08,1109520.0,2289.0,2319.0,2212.0,2239.0,72500.0,12.96670030272451,15.489404641775995,-2.184359982525119,-25.066934404283803,-25.066934404283803,33.45243412237606,0.0,0.06534357199509698,False,False,False
3908,コラボス,2026-09-02,350.0,358.0,358.0,349.6,347.88,4020.0,354.0,354.0,354.0,354.0,100.0,1.1428571428571344,1.1428571428571344,0.0,-1.1173184357541888,-1.1173184357541888,1.1299435028248483,0.0,0.024875621890547265,False,False,False
3909,ショーケース,2026-09-02,190.0,230.0,230.0,191.6,196.88,12340.0,191.0,191.0,191.0,191.0,800.0,0.5263157894736858,0.5263157894736858,0.0,-16.956521739130437,-16.956521739130437,20.418848167539274,0.0,0.06482982171799027,False,False,False
3910,エムケイシステム,2026-09-02,282.0,288.0,288.0,283.8,278.92,4480.0,283.0,283.0,282.0,282.0,1800.0,0.0,0.35460992907800915,-0.35335689045936647,-2.083333333333337,-2.083333333333337,2.127659574468077,0.0,0.4017857142857143,False,False,False
3911,Ａｉｍｉｎｇ,2026-09-02,186.0,186.0,216.0,184.8,178.6,209260.0,184.0,184.0,183.0,184.0,61100.0,-1.0752688172043001,-1.0752688172043001,0.0,-1.0752688172043001,-14.814814814814813,17.391304347826097,16.129032258064523,0.29198126732294755,False,False,False
3912,モバイルファクトリー,2026-09-02,1134.0,1144.0,1170.0,1137.0,1110.32,3420.0,1130.0,1136.0,1130.0,1136.0,800.0,0.17636684303350414,-0.3527336860670194,0.5309734513274433,-0.6993006993006978,-2.9059829059829068,2.992957746478875,2.2727272727272707,0.23391812865497075,True,False,False
3913,ＧｒｅｅｎＢｅｅ,2026-09-02,1095.0,1200.0,1200.0,1139.6,1089.8,6220.0,1086.0,1086.0,1086.0,1086.0,100.0,-0.8219178082191747,-0.8219178082191747,0.0,-9.499999999999996,-9.499999999999996,10.497237569060779,0.0,0.01607717041800643,False,False,False
3914,ＪＩＧ－ＳＡＷ,2026-09-02,2343.0,2399.0,2543.0,2362.4,2358.24,9360.0,2318.0,2375.0,2318.0,2375.0,4800.0,1.3657703798548804,-1.0670081092616357,2.4590163934426146,-1.000416840350149,-6.606370428627606,7.073684210526321,6.002501042100872,0.5128205128205128,True,False,False
3915,テラスカイ,2026-09-02,2374.0,2510.0,2510.0,2403.8,2286.84,179540.0,2396.0,2460.0,2394.0,2440.0,23200.0,2.780117944397631,0.9267059814658696,1.8363939899832982,-2.7888446215139417,-2.7888446215139417,2.868852459016402,0.0,0.12921911551743345,True,False,False
3916,デジタル・インフォメーション・テクノロジー,2026-09-02,950.0,997.0,997.0,963.4,955.4,78300.0,944.0,949.0,942.0,942.0,8000.0,-0.8421052631578996,-0.6315789473684164,-0.21186440677966045,-5.516549648946844,-5.516549648946844,5.83864118895967,0.0,0.10217113665389528,False,False,False
3917,アイリッジ,2026-09-02,444.0,505.0,505.0,463.4,475.52,11640.0,449.0,449.0,449.0,449.0,600.0,1.1261261261261257,1.1261261261261257,0.0,-11.089108910891088,-11.089108910891088,12.47216035634744,0.0,0.05154639175257732,False,False,False
3918,ＰＣＩホールディングス,2026-09-02,1193.0,1244.0,1244.0,1198.8,1186.16,21740.0,1206.0,1206.0,1206.0,1206.0,1200.0,1.0896898575020852,1.0896898575020852,0.0,-3.0546623794212246,-3.0546623794212246,3.1509121061359835,0.0,0.05519779208831647,False,False,False
3920,アイビーシー,2026-09-02,982.0,999.0,999.0,983.6,985.2,1840.0,987.0,987.0,987.0,987.0,200.0,0.5091649694501044,0.5091649694501044,0.0,-1.2012012012011963,-1.2012012012011963,1.2158054711246091,0.0,0.10869565217391304,False,False,False
3921,ネオジャパン,2026-09-02,1632.0,1696.0,1712.0,1659.2,1624.24,14580.0,1610.0,1617.0,1606.0,1617.0,1000.0,-0.9191176470588203,-1.3480392156862697,0.43478260869564966,-4.658018867924529,-5.54906542056075,5.875077303648735,0.9433962264151052,0.06858710562414266,True,False,False
3922,ＰＲ　ＴＩＭＥＳ,2026-09-02,2116.0,2269.0,2269.0,2174.6,2119.24,76920.0,2129.0,2145.0,2129.0,2139.0,1900.0,1.0869565217391353,0.6143667296786282,0.4697040864255486,-5.729396209784044,-5.729396209784044,6.077606358111276,0.0,0.02470098803952158,True,False,False
3923,ラクス,2026-09-02,1086.5,1209.0,1209.0,1140.9,1096.68,2033840.0,1132.0,1155.0,1122.0,1125.5,212700.0,3.589507593189145,4.187758858720669,-0.5742049469964705,-6.906534325889169,-6.906534325889169,7.4189249222567755,0.0,0.10458049797427527,False,False,False
3925,ダブルスタンダード,2026-09-02,1321.0,1398.0,1398.0,1361.2,1311.4,61240.0,1314.0,1322.0,1314.0,1318.0,4600.0,-0.2271006813020393,-0.5299015897047732,0.3044140030441511,-5.722460658082973,-5.722460658082973,6.069802731411222,0.0,0.07511430437622468,True,False,False
3926,オープンドア,2026-09-02,388.0,437.0,437.0,413.0,402.64,32400.0,407.0,413.0,406.0,406.0,6000.0,4.6391752577319645,4.89690721649485,-0.24570024570024218,-7.093821510297483,-7.093821510297483,7.635467980295574,0.0,0.18518518518518517,False,False,False
3927,フーバーブレイン,2026-09-02,874.0,1018.0,1018.0,893.2,930.92,29560.0,880.0,880.0,871.0,871.0,1800.0,-0.3432494279176246,0.6864988558352492,-1.0227272727272751,-14.440078585461691,-14.440078585461691,16.877152698048214,0.0,0.06089309878213803,False,False,False
3928,マイネット,2026-09-02,235.0,267.0,267.0,235.8,237.84,10240.0,236.0,236.0,232.0,235.0,2700.0,0.0,0.42553191489360653,-0.4237288135593209,-11.985018726591756,-11.985018726591756,13.617021276595743,0.0,0.263671875,False,False,False
3929,ソーシャルワイヤー,2026-09-02,238.0,288.0,288.0,241.6,246.32,20040.0,241.0,241.0,240.0,240.0,700.0,0.8403361344537785,1.2605042016806678,-0.4149377593360981,-16.666666666666664,-16.666666666666664,19.999999999999996,0.0,0.03493013972055888,False,False,False
3930,はてな,2026-09-02,761.0,789.0,1140.0,770.6,774.96,9160.0,762.0,762.0,762.0,762.0,800.0,0.13140604467805073,0.13140604467805073,0.0,-3.4220532319391594,-33.15789473684211,49.60629921259843,44.486692015209115,0.08733624454148471,False,False,False
3931,バリューゴルフ,2026-09-02,1510.0,1543.0,1891.0,1518.6,1519.52,880.0,1505.0,1523.0,1505.0,1505.0,800.0,-0.3311258278145712,-0.3311258278145712,0.0,-2.4627349319507497,-20.412480169222636,25.64784053156146,22.55346727154892,0.9090909090909091,False,False,False
3932,アカツキ,2026-09-02,3830.0,4025.0,4025.0,3899.0,3445.8,104040.0,3680.0,3710.0,3645.0,3655.0,9700.0,-4.569190600522188,-3.9164490861618773,-0.6793478260869512,-9.192546583850936,-9.192546583850936,10.123119015047877,0.0,0.09323337178008459,False,False,False
3933,チエル,2026-09-02,558.0,602.0,602.0,567.4,530.92,3880.0,554.0,557.0,554.0,556.0,400.0,-0.35842293906810374,-0.7168458781361964,0.3610108303249149,-7.641196013289031,-7.641196013289031,8.273381294964022,0.0,0.10309278350515463,True,False,False
3934,ベネフィットジャパン,2026-09-02,2291.0,2497.0,2497.0,2297.6,2270.8,1220.0,2275.0,2275.0,2275.0,2275.0,400.0,-0.698384984722833,-0.698384984722833,0.0,-8.890668802563074,-8.890668802563074,9.758241758241759,0.0,0.32786885245901637,False,False,False
3935,エディア,2026-09-02,708.0,734.0,734.0,710.4,686.56,47580.0,709.0,711.0,709.0,711.0,2400.0,0.4237288135593209,0.14124293785311437,0.28208744710860323,-3.133514986376018,-3.133514986376018,3.234880450070321,0.0,0.05044136191677175,True,False,False
3936,グローバルウェイ,2026-09-02,141.0,206.0,206.0,149.2,157.08,586340.0,136.0,138.0,136.0,137.0,31500.0,-2.8368794326241176,-3.546099290780147,0.7352941176470562,-33.495145631067956,-33.495145631067956,50.364963503649626,0.0,0.05372309581471501,True,False,False
3937,Ｕｂｉｃｏｍホールディングス,2026-09-02,1214.0,1314.0,1314.0,1234.4,1144.8,71720.0,1183.0,1208.0,1182.0,1202.0,8600.0,-0.9884678747940745,-2.5535420098846795,1.606086221470826,-8.52359208523592,-8.52359208523592,9.317803660565716,0.0,0.11991076408254323,True,False,False
3939,カナミックネットワーク,2026-09-02,505.0,546.0,546.0,522.0,518.8,185780.0,495.0,497.0,492.0,493.0,12700.0,-2.3762376237623783,-1.980198019801982,-0.40404040404040664,-9.706959706959706,-9.706959706959706,10.75050709939147,0.0,0.06836042631069006,False,False,False
3940,ノムラシステムコーポレーション,2026-09-02,127.0,132.0,132.0,129.8,124.64,204600.0,129.0,129.0,129.0,129.0,77800.0,1.5748031496062964,1.5748031496062964,0.0,-2.2727272727272707,-2.2727272727272707,2.3255813953488413,0.0,0.38025415444770283,False,False,False
3941,レンゴー,2026-09-02,1596.5,1665.0,1665.0,1605.0,1575.76,877440.0,1580.0,1588.0,1553.0,1558.5,112000.0,-2.3802067021609807,-1.0335108048856845,-1.3607594936708822,-6.396396396396398,-6.396396396396398,6.833493743984609,0.0,0.1276440554339898,False,False,False
3943,大石産業,2026-09-02,1317.0,1353.0,1353.0,1326.4,1314.84,2880.0,1320.0,1320.0,1320.0,1320.0,200.0,0.2277904328018332,0.2277904328018332,0.0,-2.4390243902439046,-2.4390243902439046,2.499999999999991,0.0,0.06944444444444445,False,False,False
3944,古林紙工,2026-09-02,3255.0,3260.0,3260.0,3165.0,3014.16,1320.0,3235.0,3235.0,3235.0,3235.0,1300.0,-0.6144393241167445,-0.6144393241167445,0.0,-0.7668711656441674,-0.7668711656441674,0.7727975270479082,0.0,0.9848484848484849,False,False,False
3945,スーパーバッグ,2026-09-02,2172.0,2380.0,2380.0,2176.8,2212.52,4680.0,2160.0,2169.0,2160.0,2169.0,200.0,-0.13812154696132284,-0.5524861878453025,0.4166666666666652,-8.865546218487397,-8.865546218487397,9.727985246657456,0.0,0.042735042735042736,True,False,False
3946,トーモク,2026-09-02,4460.0,4820.0,4820.0,4533.0,4596.4,163760.0,4390.0,4390.0,4335.0,4365.0,17500.0,-2.130044843049328,-1.5695067264574036,-0.5694760820045608,-9.439834024896266,-9.439834024896266,10.423825887743421,0.0,0.10686370297997069,False,False,False
3947,ダイナパック,2026-09-02,2487.0,2505.0,2505.0,2475.6,2386.24,1940.0,2490.0,2491.0,2487.0,2487.0,900.0,0.0,0.12062726176116367,-0.12048192771084709,-0.7185628742514938,-0.7185628742514938,0.7237635705669376,0.0,0.4639175257731959,False,False,False
3948,光ビジネスフォーム,2026-09-02,1180.0,1250.0,1250.0,1169.0,1151.92,1220.0,1176.0,1176.0,1172.0,1172.0,200.0,-0.6779661016949157,-0.3389830508474523,-0.3401360544217691,-6.240000000000001,-6.240000000000001,6.655290102389078,0.0,0.16393442622950818,False,False,False
3950,ザ・パック,2026-09-02,1499.0,1546.0,1546.0,1517.2,1479.08,117500.0,1456.0,1456.0,1434.0,1440.0,17500.0,-3.935957304869908,-2.868579052701803,-1.098901098901095,-6.856403622250973,-6.856403622250973,7.361111111111107,0.0,0.14893617021276595,False,False,False
3951,朝日印刷,2026-09-02,904.0,906.0,906.0,903.4,893.32,14340.0,907.0,910.0,907.0,907.0,1300.0,0.33185840707965486,0.33185840707965486,0.0,0.1103752759381793,0.1103752759381793,-0.11025358324145973,0.0,0.09065550906555091,False,True,True
3953,大村紙業,2026-09-02,792.0,809.0,809.0,796.6,793.0,1680.0,798.0,798.0,794.0,794.0,400.0,0.2525252525252597,0.7575757575757569,-0.5012531328320802,-1.8541409147095234,-1.8541409147095234,1.8891687657430767,0.0,0.23809523809523808,False,False,False
3955,イムラ,2026-09-02,844.0,855.0,855.0,846.0,841.84,3040.0,842.0,847.0,841.0,847.0,1400.0,0.35545023696681444,-0.23696682464454666,0.5938242280284944,-0.9356725146198785,-0.9356725146198785,0.9445100354191327,0.0,0.4605263157894737,True,False,False
3958,笹徳印刷,2026-09-02,547.0,562.0,562.0,550.6,549.96,10820.0,551.0,552.0,551.0,551.0,2400.0,0.7312614259597838,0.7312614259597838,0.0,-1.9572953736654797,-1.9572953736654797,1.9963702359346636,0.0,0.22181146025878004,False,False,False
3962,チェンジホールディングス,2026-09-02,1000.0,1043.0,1043.0,1017.4,985.04,220760.0,1011.0,1012.0,1005.0,1006.0,16500.0,0.6000000000000005,1.0999999999999899,-0.4945598417408492,-3.547459252157237,-3.547459252157237,3.6779324055665974,0.0,0.07474180105091502,False,False,False
3963,シンクロ・フード,2026-09-02,347.0,379.0,379.0,351.2,350.12,58740.0,339.0,342.0,339.0,342.0,2500.0,-1.4409221902017322,-2.3054755043227626,0.8849557522123908,-9.762532981530347,-9.762532981530347,10.818713450292394,0.0,0.042560435818862784,True,False,False
3964,オークネット,2026-09-02,1350.0,1526.0,1526.0,1411.0,1429.12,1498960.0,1331.0,1335.0,1323.0,1332.0,88500.0,-1.3333333333333308,-1.4074074074074128,0.07513148009015147,-12.712975098296198,-12.712975098296198,14.564564564564563,0.0,0.05904093504830015,True,False,False
3965,キャピタル・アセット・プランニング,2026-09-02,900.0,930.0,930.0,912.8,881.32,10740.0,909.0,909.0,909.0,909.0,300.0,1.0000000000000009,1.0000000000000009,0.0,-2.2580645161290325,-2.2580645161290325,2.310231023102305,0.0,0.027932960893854747,False,False,False
3967,エルテス,2026-09-02,568.0,618.0,618.0,583.6,595.84,30080.0,566.0,566.0,566.0,566.0,200.0,-0.35211267605633756,-0.35211267605633756,0.0,-8.414239482200648,-8.414239482200648,9.18727915194346,0.0,0.006648936170212766,False,False,False
3968,セグエグループ,2026-09-02,628.0,688.0,688.0,655.2,618.8,390660.0,636.0,640.0,636.0,636.0,9900.0,1.273885350318471,1.273885350318471,0.0,-7.558139534883724,-7.558139534883724,8.176100628930815,0.0,0.025341729381047458,False,False,False
3969,エイトレッド,2026-09-02,1403.0,1468.0,1468.0,1406.6,1410.24,4200.0,1406.0,1406.0,1406.0,1406.0,200.0,0.2138275124732747,0.2138275124732747,0.0,-4.223433242506813,-4.223433242506813,4.409672830725464,0.0,0.047619047619047616,False,False,False
3970,イノベーション,2026-09-02,851.0,975.0,975.0,855.0,831.48,4460.0,845.0,845.0,845.0,845.0,100.0,-0.7050528789659172,-0.7050528789659172,0.0,-13.33333333333333,-13.33333333333333,15.384615384615374,0.0,0.02242152466367713,False,False,False
3974,ＳＣＡＴ,2026-09-02,671.0,675.0,684.0,668.4,667.28,3380.0,672.0,672.0,671.0,672.0,1300.0,0.14903129657228842,0.14903129657228842,0.0,-0.4444444444444473,-1.7543859649122862,1.7857142857142794,1.333333333333342,0.38461538461538464,False,False,False
3976,シャノン,2026-09-02,610.0,747.0,747.0,638.6,611.08,57480.0,612.0,612.0,583.0,588.0,17100.0,-3.60655737704918,0.3278688524590123,-3.9215686274509776,-21.285140562248994,-21.285140562248994,27.040816326530614,0.0,0.2974947807933194,False,False,False
3979,うるる,2026-09-02,439.0,457.0,457.0,439.2,418.36,19560.0,443.0,443.0,438.0,438.0,1600.0,-0.2277904328018221,0.9111617312072884,-1.1286681715575675,-4.157549234135671,-4.157549234135671,4.337899543378998,0.0,0.081799591002045,False,False,False
3981,ビーグリー,2026-09-02,1224.0,1239.0,1239.0,1217.0,1218.96,5880.0,1220.0,1236.0,1220.0,1235.0,1100.0,0.8986928104575131,-0.32679738562091387,1.2295081967213184,-0.32284100080710587,-0.32284100080710587,0.32388663967610754,0.0,0.1870748299319728,True,False,False
3983,オロ,2026-09-02,2040.0,2300.0,2300.0,2083.2,2169.92,65020.0,2051.0,2068.0,2051.0,2060.0,3800.0,0.9803921568627416,0.5392156862745079,0.4388103364212581,-10.434782608695647,-10.434782608695647,11.650485436893199,0.0,0.0584435558289757,True,False,False
3984,ユーザーローカル,2026-09-02,1463.0,1880.0,1880.0,1533.4,1621.44,116680.0,1520.0,1555.0,1520.0,1541.0,40800.0,5.331510594668498,3.8961038961038863,1.3815789473684115,-18.031914893617017,-18.031914893617017,21.998702141466573,0.0,0.3496743229345218,True,False,False
3985,テモナ,2026-09-02,190.0,195.0,195.0,190.8,182.92,9760.0,193.0,193.0,193.0,193.0,2300.0,1.5789473684210575,1.5789473684210575,0.0,-1.025641025641022,-1.025641025641022,1.0362694300518172,0.0,0.23565573770491804,False,False,False
3986,ビーブレイクシステムズ,2026-09-02,474.0,499.0,499.0,477.6,484.92,6540.0,476.0,476.0,476.0,476.0,100.0,0.42194092827003704,0.42194092827003704,0.0,-4.609218436873752,-4.609218436873752,4.831932773109249,0.0,0.01529051987767584,False,False,False
3987,エコモット,2026-09-02,672.0,757.0,757.0,689.2,665.0,71960.0,678.0,678.0,670.0,671.0,4500.0,-0.14880952380952328,0.8928571428571397,-1.0324483775811188,-11.360634081902244,-11.360634081902244,12.816691505216093,0.0,0.06253474152306837,False,False,False
3988,ＳＹＳホールディングス,2026-09-02,559.0,577.0,577.0,557.4,554.88,1700.0,565.0,565.0,558.0,560.0,1000.0,0.17889087656528524,1.073345259391778,-0.8849557522123908,-2.9462738301559765,-2.9462738301559765,3.035714285714275,0.0,0.5882352941176471,False,False,False
3989,シェアリングテクノロジー,2026-09-02,1519.0,1627.0,1627.0,1573.4,1479.84,154860.0,1503.0,1510.0,1492.0,1502.0,11000.0,-1.1191573403554922,-1.0533245556286985,-0.06653359946773296,-7.682851874615859,-7.682851874615859,8.322237017310252,0.0,0.07103189978044686,False,False,False
3991,ウォンテッドリー,2026-09-02,972.0,1060.0,1060.0,995.0,946.72,13860.0,977.0,977.0,977.0,977.0,400.0,0.5144032921810648,0.5144032921810648,0.0,-7.830188679245287,-7.830188679245287,8.49539406345956,0.0,0.02886002886002886,False,False,False
3992,ニーズウェル,2026-09-02,470.0,490.0,490.0,475.8,458.68,88100.0,470.0,471.0,470.0,471.0,3400.0,0.21276595744681437,0.0,0.21276595744681437,-3.8775510204081653,-3.8775510204081653,4.033970276008492,0.0,0.03859250851305335,True,False,False
3993,ＰＫＳＨＡ　Ｔｅｃｈｎｏｌｏｇｙ,2026-09-02,3120.0,3495.0,3495.0,3267.0,3048.76,538280.0,3155.0,3190.0,3150.0,3160.0,51400.0,1.2820512820512775,1.1217948717948678,0.15847860538826808,-9.585121602288982,-9.585121602288982,10.6012658227848,0.0,0.09548933640484507,True,False,False
3994,マネーフォワード,2026-09-02,6175.0,7050.0,7050.0,6411.0,5885.2,684860.0,6205.0,6341.0,6151.0,6172.0,258200.0,-0.04858299595141835,0.4858299595141613,-0.5318291700241784,-12.453900709219855,-12.453900709219855,14.22553467271548,0.0,0.37701135998598256,False,False,False
3996,サインポスト,2026-09-02,206.0,221.0,235.0,206.8,198.0,127180.0,206.0,206.0,203.0,203.0,4200.0,-1.4563106796116498,0.0,-1.4563106796116498,-8.144796380090503,-13.617021276595743,15.763546798029559,6.334841628959276,0.03302406038685328,False,False,False
3997,トレードワークス,2026-09-02,390.0,425.0,425.0,391.8,388.2,137160.0,383.0,389.0,383.0,387.0,22700.0,-0.7692307692307665,-1.7948717948717996,1.0443864229765065,-8.94117647058823,-8.94117647058823,9.819121447028433,0.0,0.16550014581510644,True,False,False
3998,すららネット,2026-09-02,294.0,327.0,332.0,296.4,302.24,3000.0,292.0,292.0,292.0,292.0,300.0,-0.6802721088435382,-0.6802721088435382,0.0,-10.703363914373087,-12.048192771084343,13.698630136986312,1.5290519877675823,0.1,False,False,False
4004,レゾナック・ホールディングス,2026-09-02,15430.0,18010.0,18010.0,15972.0,15666.6,1687420.0,15640.0,15640.0,15285.0,15490.0,197400.0,0.38885288399221896,1.3609850939727774,-0.9590792838874651,-13.992226540810659,-13.992226540810659,16.268560361523555,0.0,0.1169833236538621,False,False,False
4005,住友化学,2026-09-02,617.2999877929688,629.2000122070312,629.2000122070312,584.7400024414062,536.0159973144531,15066340.0,616.7000122070312,619.2000122070312,596.4000244140625,605.0,3852400.0,-1.9925462556616758,-0.09719351981239965,-1.8971966880881874,-3.8461557116226675,-3.8461557116226675,4.000002017691107,0.0,0.25569580933391917,False,False,False
4008,住友精化,2026-09-02,1504.0,1588.0,1588.0,1533.8,1458.32,158880.0,1480.0,1480.0,1460.0,1465.0,41400.0,-2.593085106382975,-1.5957446808510634,-1.0135135135135087,-7.745591939546603,-7.745591939546603,8.395904436860068,0.0,0.26057401812688824,False,False,False
4011,ヘッドウォータース,2026-09-02,2330.0,2580.0,2580.0,2396.8,2185.84,66120.0,2435.0,2459.0,2430.0,2455.0,14800.0,5.364806866952798,4.5064377682403345,0.8213552361396204,-4.8449612403100755,-4.8449612403100755,5.0916496945010215,0.0,0.2238354506957048,True,False,False
4012,アクシス,2026-09-02,1724.0,1786.0,1790.0,1747.4,1746.76,3120.0,1744.0,1744.0,1744.0,1744.0,200.0,1.1600928074245953,1.1600928074245953,0.0,-2.3516237402015694,-2.5698324022346397,2.6376146788990917,0.22396416573349232,0.0641025641025641,False,False,False
4013,勤次郎,2026-09-02,658.0,750.0,750.0,668.4,689.92,38620.0,648.0,660.0,648.0,658.0,6600.0,0.0,-1.5197568389057725,1.5432098765432167,-12.26666666666667,-12.26666666666667,13.981762917933139,0.0,0.17089590885551528,True,False,False
4014,カラダノート,2026-09-02,507.0,518.0,542.0,505.4,506.64,11220.0,505.0,505.0,499.0,503.0,5000.0,-0.7889546351084853,-0.39447731755424265,-0.3960396039603964,-2.895752895752901,-7.19557195571956,7.753479125248508,4.633204633204624,0.44563279857397503,False,False,False
4015,ペイクラウドホールディングス,2026-09-02,516.0,570.0,577.0,523.6,543.36,33720.0,518.0,518.0,518.0,518.0,500.0,0.3875968992248069,0.3875968992248069,0.0,-9.122807017543854,-10.225303292894283,11.3899613899614,1.2280701754386003,0.01482799525504152,False,False,False
4016,ＭＩＴホールディングス,2026-09-02,1054.0,1062.0,1062.0,1037.6,965.84,8560.0,1044.0,1044.0,976.0,1006.0,3600.0,-4.554079696394686,-0.9487666034155628,-3.6398467432950166,-5.273069679849341,-5.273069679849341,5.566600397614319,0.0,0.4205607476635514,False,False,False
4017,クリーマ,2026-09-02,215.0,222.0,233.0,218.4,214.4,6700.0,215.0,217.0,215.0,217.0,1000.0,0.9302325581395321,0.0,0.9302325581395321,-2.2522522522522515,-6.866952789699576,7.373271889400912,4.954954954954949,0.14925373134328357,True,False,False
4019,スタメン,2026-09-02,636.0,704.0,704.0,658.6,640.24,71200.0,640.0,644.0,640.0,641.0,2400.0,0.7861635220125729,0.6289308176100628,0.15624999999999112,-8.948863636363635,-8.948863636363635,9.828393135725433,0.0,0.033707865168539325,True,False,False
4020,ビートレンド,2026-09-02,849.0,850.0,850.0,844.8,764.92,1880.0,847.0,847.0,832.0,838.0,700.0,-1.2956419316843326,-0.2355712603062443,-1.0625737898465215,-1.4117647058823568,-1.4117647058823568,1.4319809069212486,0.0,0.3723404255319149,False,False,False
4021,日産化学,2026-09-02,7968.0,8370.0,8370.0,8139.0,7880.64,462720.0,7980.0,7980.0,7852.0,7893.0,54900.0,-0.9412650602409589,0.1506024096385561,-1.0902255639097747,-5.698924731182798,-5.698924731182798,6.043329532497155,0.0,0.11864626556016597,False,False,False
4022,ラサ工業,2026-09-02,1985.0,2573.0,2573.0,2105.4,2130.12,693940.0,1928.0,1951.0,1911.0,1943.0,59000.0,-2.1158690176322437,-2.8715365239294743,0.778008298755184,-24.485036921881076,-24.485036921881076,32.42408646423056,0.0,0.08502175980632332,True,False,False
4023,クレハ,2026-09-02,4630.0,4670.0,4670.0,4573.0,4451.4,222480.0,4580.0,4580.0,4490.0,4510.0,37500.0,-2.591792656587477,-1.0799136069114423,-1.5283842794759805,-3.426124197002145,-3.426124197002145,3.5476718403547602,0.0,0.168554476806904,False,False,False
4025,多木化学,2026-09-02,5940.0,6380.0,6380.0,5948.0,5704.6,25240.0,5820.0,5840.0,5810.0,5810.0,600.0,-2.188552188552184,-2.020202020202022,-0.1718213058419238,-8.934169278996862,-8.934169278996862,9.810671256454384,0.0,0.02377179080824089,False,False,False
4026,神島化学工業,2026-09-02,1632.0,1706.0,1706.0,1654.6,1630.36,38420.0,1666.0,1666.0,1648.0,1656.0,8000.0,1.4705882352941124,2.083333333333326,-0.600240096038418,-2.9308323563892125,-2.9308323563892125,3.0193236714975757,0.0,0.20822488287350338,False,False,False
4027,テイカ,2026-09-02,2388.0,2517.0,2517.0,2400.2,2347.68,59700.0,2365.0,2465.0,2365.0,2443.0,26700.0,2.3031825795645,-0.9631490787269659,3.29809725158563,-2.9400079459674267,-2.9400079459674267,3.02906262791649,0.0,0.4472361809045226,True,False,False
4028,石原産業,2026-09-02,3110.0,3285.0,3285.0,3184.0,3084.68,168880.0,3080.0,3085.0,3035.0,3045.0,33000.0,-2.0900321543408373,-0.9646302250803873,-1.1363636363636354,-7.30593607305936,-7.30593607305936,7.881773399014769,0.0,0.19540502131691143,False,False,False
402A,アクセルスペースホールディングス,2026-09-02,510.0,558.0,558.0,522.2,509.52,1069340.0,515.0,526.0,511.0,517.0,170800.0,1.3725490196078383,0.9803921568627416,0.3883495145631022,-7.347670250896055,-7.347670250896055,7.9303675048356,0.0,0.15972468999569828,True,False,False
4031,片倉コープアグリ,2026-09-02,1140.0,1161.0,1161.0,1126.6,1083.28,19140.0,1123.0,1123.0,1115.0,1115.0,300.0,-2.1929824561403466,-1.4912280701754432,-0.7123775601068583,-3.9621016365202433,-3.9621016365202433,4.1255605381165905,0.0,0.01567398119122257,False,False,False
4040,南海化学,2026-09-02,3930.0,4065.0,4065.0,3918.0,3747.2,9020.0,3980.0,3980.0,3980.0,3980.0,400.0,1.2722646310432628,1.2722646310432628,0.0,-2.091020910209107,-2.091020910209107,2.1356783919598055,0.0,0.04434589800443459,False,False,False
4041,日本曹達,2026-09-02,3995.0,4095.0,4095.0,4017.0,3926.4,119880.0,3950.0,3955.0,3875.0,3895.0,19900.0,-2.5031289111389188,-1.126408010012514,-1.3924050632911356,-4.884004884004889,-4.884004884004889,5.134788189987161,0.0,0.16599933266599934,False,False,False
4042,東ソー,2026-09-02,2682.0,2790.0,2868.5,2679.3,2688.04,970500.0,2680.0,2687.5,2632.5,2648.0,159200.0,-1.2677106636838187,-0.07457121551081025,-1.1940298507462699,-5.089605734767022,-7.686944396025797,8.327039274924463,2.813620071684597,0.16403915507470376,False,False,False
4043,トクヤマ,2026-09-02,3947.0,4416.0,4835.0,4029.2,4025.56,543440.0,3909.0,3909.0,3847.0,3873.0,110000.0,-1.8748416518875044,-0.962756523942232,-0.9209516500383708,-12.296195652173914,-19.8965873836608,24.83862638781307,9.488224637681153,0.2024142499631974,False,False,False
4044,セントラル硝子,2026-09-02,4490.0,4790.0,4790.0,4539.0,4429.4,73220.0,4425.0,4425.0,4370.0,4390.0,11800.0,-2.2271714922049046,-1.4476614699331813,-0.7909604519773961,-8.350730688935283,-8.350730688935283,9.111617312072884,0.0,0.16115815350996995,False,False,False
4045,東亞合成,2026-09-02,1873.5,1908.0,1908.0,1872.8,1852.52,212900.0,1851.5,1878.5,1826.5,1832.0,37000.0,-2.2151054176674623,-1.1742727515345663,-1.0532001080205244,-3.983228511530401,-3.983228511530401,4.148471615720517,0.0,0.1737905119774542,False,False,False
4046,大阪ソーダ,2026-09-02,2083.0,2153.0,2153.0,2096.6,1979.4,305140.0,2062.0,2063.0,1994.0,2006.0,57100.0,-3.696591454632736,-1.00816130580893,-2.7158098933074637,-6.827682303762195,-6.827682303762195,7.328015952143563,0.0,0.18712722029232484,False,False,False
4047,関東電化工業,2026-09-02,2173.0,3080.0,3080.0,2308.0,2541.8,922660.0,2143.0,2164.0,2108.0,2125.0,146500.0,-2.2089277496548543,-1.3805798435342798,-0.8399440037330841,-31.006493506493506,-31.006493506493506,44.94117647058824,0.0,0.15878004898879328,False,False,False
4051,ＧＭＯフィナンシャルゲート,2026-09-02,6090.0,7060.0,7060.0,6414.0,6582.0,36460.0,6050.0,6150.0,6050.0,6100.0,1600.0,0.16420361247948545,-0.6568144499178974,0.8264462809917328,-13.597733711048154,-13.597733711048154,15.73770491803279,0.0,0.04388370817334065,True,False,False
4052,フィーチャ,2026-09-02,715.0,895.0,895.0,663.6,528.32,3695020.0,736.0,865.0,735.0,865.0,7605100.0,20.97902097902098,2.9370629370629286,17.52717391304348,-3.3519553072625663,-3.3519553072625663,3.4682080924855585,0.0,2.0582026619612344,True,False,False
4053,Ｓｕｎ　Ａｓｔｅｒｉｓｋ,2026-09-02,450.0,478.0,478.0,462.0,459.4,91720.0,454.0,456.0,453.0,455.0,4500.0,1.1111111111111072,0.8888888888888946,0.22026431718060735,-4.811715481171552,-4.811715481171552,5.054945054945059,0.0,0.049062363715656344,True,False,False
4054,日本情報クリエイト,2026-09-02,523.0,580.0,584.0,522.0,541.52,29420.0,521.0,522.0,521.0,522.0,1600.0,-0.19120458891013214,-0.3824091778202643,0.19193857965451588,-9.999999999999998,-10.616438356164382,11.877394636015314,0.6896551724137945,0.054384772263766146,True,False,False
4055,ティアンドエスグループ,2026-09-02,1665.0,1746.0,1746.0,1691.4,1578.92,69400.0,1651.0,1670.0,1651.0,1658.0,2900.0,-0.4204204204204198,-0.8408408408408397,0.4239854633555362,-5.040091638029787,-5.040091638029787,5.307599517490957,0.0,0.04178674351585014,True,False,False
4056,ニューラルグループ,2026-09-02,224.0,299.0,299.0,240.2,220.56,994220.0,281.0,289.0,265.0,269.0,657400.0,20.089285714285722,25.44642857142858,-4.270462633451954,-10.033444816053516,-10.033444816053516,11.152416356877314,0.0,0.6612218623644666,False,False,False
4057,インターファクトリー,2026-09-02,352.0,360.0,360.0,356.4,352.2,5460.0,345.0,357.0,345.0,357.0,3200.0,1.4204545454545414,-1.9886363636363646,3.4782608695652195,-0.8333333333333304,-0.8333333333333304,0.8403361344537785,0.0,0.5860805860805861,True,False,False
4058,トヨクモ,2026-09-02,2428.0,2620.0,2620.0,2514.8,2415.24,44740.0,2397.0,2492.0,2380.0,2394.0,9900.0,-1.4003294892915963,-1.2767710049423342,-0.12515644555695093,-8.625954198473284,-8.625954198473284,9.440267335004183,0.0,0.2212784979883773,False,False,False
4059,まぐまぐ,2026-09-02,397.0,422.0,432.0,404.4,404.32,2960.0,392.0,392.0,392.0,392.0,2200.0,-1.2594458438287104,-1.2594458438287104,0.0,-7.109004739336489,-9.259259259259256,10.20408163265305,2.369668246445489,0.7432432432432432,False,False,False
4060,ｒａｋｕｍｏ,2026-09-02,1229.0,1250.0,1250.0,1222.6,1167.28,14420.0,1227.0,1227.0,1225.0,1227.0,900.0,-0.16273393002440573,-0.16273393002440573,0.0,-1.8399999999999972,-1.8399999999999972,1.8744906275468542,0.0,0.06241331484049931,False,False,False
4061,デンカ,2026-09-02,3232.0,3910.0,3910.0,3343.2,3454.52,714300.0,3230.0,3230.0,3175.0,3200.0,110000.0,-0.990099009900991,-0.061881188118806385,-0.9287925696594423,-18.158567774936063,-18.158567774936063,22.187500000000004,0.0,0.15399692006159876,False,False,False
4062,イビデン,2026-09-02,20205.0,22515.0,22515.0,20385.0,19123.2,6932260.0,19850.0,20010.0,19385.0,19610.0,1074700.0,-2.9448156396931435,-1.7569908438505366,-1.2090680100755646,-12.902509438152343,-12.902509438152343,14.813870474247825,0.0,0.15502880734421387,False,False,False
4063,信越化学工業,2026-09-02,5870.0,6508.0,7367.0,5971.0,6071.08,5881480.0,5805.0,5846.0,5800.0,5835.0,871900.0,-0.5962521294718859,-1.1073253833049357,0.5167958656330685,-10.341118623232948,-20.79543912040179,26.255355612682084,13.199139520590041,0.1482449995579344,True,False,False
4064,日本カーバイド工業,2026-09-02,3340.0,3610.0,3610.0,3380.0,3354.0,56480.0,3380.0,3385.0,3310.0,3325.0,9800.0,-0.44910179640718084,1.1976047904191711,-1.6272189349112454,-7.8947368421052655,-7.8947368421052655,8.571428571428562,0.0,0.17351274787535412,False,False,False
4068,ベイシス,2026-09-02,1762.0,1780.0,1780.0,1751.4,1705.8,920.0,1775.0,1775.0,1775.0,1775.0,200.0,0.7377979568671922,0.7377979568671922,0.0,-0.2808988764044895,-0.2808988764044895,0.28169014084507005,0.0,0.21739130434782608,False,False,False
4069,ＢｌｕｅＭｅｍｅ,2026-09-02,692.0,750.0,750.0,713.2,668.4,12080.0,704.0,713.0,704.0,713.0,800.0,3.0346820809248554,1.7341040462427681,1.2784090909090828,-4.933333333333334,-4.933333333333334,5.189340813464227,0.0,0.06622516556291391,True,False,False
4071,プラスアルファ・コンサルティング,2026-09-02,2060.0,2405.0,2405.0,2184.0,2241.32,297680.0,2058.0,2099.0,2058.0,2086.0,36000.0,1.2621359223300876,-0.0970873786407811,1.3605442176870763,-13.264033264033259,-13.264033264033259,15.292425695110268,0.0,0.12093523246439129,True,False,False
4072,電算システムホールディングス,2026-09-02,3025.0,3180.0,3180.0,3086.0,3030.0,33540.0,3040.0,3080.0,3035.0,3075.0,3000.0,1.6528925619834656,0.49586776859504855,1.1513157894736947,-3.301886792452835,-3.301886792452835,3.4146341463414664,0.0,0.08944543828264759,True,False,False
4073,ジィ・シィ企画,2026-09-02,488.0,729.0,729.0,500.4,522.8,11500.0,492.0,492.0,492.0,492.0,1100.0,0.8196721311475308,0.8196721311475308,0.0,-32.51028806584362,-32.51028806584362,48.170731707317074,0.0,0.09565217391304348,False,False,False
4074,ラキール,2026-09-02,800.0,1058.0,1072.0,801.4,847.96,5900.0,790.0,790.0,788.0,788.0,700.0,-1.5000000000000013,-1.2499999999999956,-0.25316455696202667,-25.51984877126654,-26.49253731343284,36.040609137055846,1.3232514177693666,0.11864406779661017,False,False,False
4075,ブレインズテクノロジー,2026-09-02,1480.0,2035.0,2035.0,1159.4,932.84,423360.0,1670.0,1780.0,1585.0,1780.0,1188200.0,20.270270270270263,12.837837837837828,6.586826347305386,-12.53071253071253,-12.53071253071253,14.32584269662922,0.0,2.806594860166289,True,False,False
4076,シイエヌエス,2026-09-02,2013.0,2025.0,2025.0,2011.2,1923.88,1920.0,2018.0,2018.0,2018.0,2018.0,100.0,0.24838549428713996,0.24838549428713996,0.0,-0.34567901234567877,-0.34567901234567877,0.3468780971258578,0.0,0.052083333333333336,False,False,False
4078,堺化学工業,2026-09-02,3820.0,4405.0,4405.0,3912.0,3967.0,177100.0,3835.0,3845.0,3790.0,3810.0,26800.0,-0.2617801047120394,0.3926701570680535,-0.6518904823989535,-13.50737797956867,-13.50737797956867,15.616797900262469,0.0,0.1513269339356296,False,False,False
407A,ＵＮＩＣＯＮホールディングス,2026-09-02,947.0,974.0,974.0,947.4,903.68,14920.0,933.0,940.0,933.0,933.0,1100.0,-1.4783526927138357,-1.4783526927138357,0.0,-4.20944558521561,-4.20944558521561,4.394426580921751,0.0,0.07372654155495978,False,False,False
4082,第一稀元素化学工業,2026-09-02,2474.0,3095.0,3095.0,2737.6,2113.64,4689320.0,2594.0,2603.0,2532.0,2553.0,229600.0,3.1932093775262738,4.850444624090544,-1.580570547417115,-17.512116316639737,-17.512116316639737,21.229925577751672,0.0,0.04896232289543047,False,False,False
4088,エア・ウォーター,2026-09-02,2690.0,2723.0,2723.0,2607.0,2550.72,1022820.0,2841.0,2955.0,2824.0,2923.0,517900.0,8.66171003717473,5.61338289962825,2.886307638155583,7.344840249724571,7.344840249724571,-6.842285323297981,0.0,0.5063452024794196,True,True,True
4091,日本酸素ホールディングス,2026-09-02,5514.0,6200.0,6200.0,5636.4,5825.8,513160.0,5522.0,5590.0,5472.0,5507.0,90500.0,-0.12694958287994274,0.14508523757708058,-0.2716407098877216,-11.177419354838714,-11.177419354838714,12.583984020337757,0.0,0.1763582508379453,False,False,False
4092,日本化学工業,2026-09-02,5230.0,6200.0,6200.0,5342.0,5525.6,101960.0,5250.0,5250.0,5120.0,5150.0,11600.0,-1.5296367112810683,0.3824091778202643,-1.904761904761909,-16.935483870967737,-16.935483870967737,20.388349514563096,0.0,0.11377010592389172,False,False,False
4093,東邦アセチレン,2026-09-02,428.0,441.0,441.0,425.4,422.16,30600.0,425.0,425.0,425.0,425.0,400.0,-0.7009345794392496,-0.7009345794392496,0.0,-3.628117913832196,-3.628117913832196,3.7647058823529367,0.0,0.013071895424836602,False,False,False
4094,日本化学産業,2026-09-02,2291.0,2327.0,2327.0,2298.4,2221.92,9240.0,2280.0,2281.0,2270.0,2270.0,2300.0,-0.9166302924487169,-0.48013967699694904,-0.43859649122807154,-2.449505801461105,-2.449505801461105,2.511013215859026,0.0,0.24891774891774893,False,False,False
4095,日本パーカライジング,2026-09-02,1756.0,1787.0,1787.0,1759.4,1718.8,210280.0,1756.0,1770.0,1750.0,1755.0,19600.0,-0.05694760820045275,0.0,-0.05694760820045275,-1.79071068830442,-1.79071068830442,1.8233618233618243,0.0,0.09320905459387484,False,False,False
4097,高圧ガス工業,2026-09-02,1204.0,1257.0,1257.0,1224.2,1158.72,62500.0,1192.0,1199.0,1175.0,1182.0,8800.0,-1.8272425249169388,-0.9966777408637828,-0.8389261744966459,-5.9665871121718395,-5.9665871121718395,6.345177664974622,0.0,0.1408,False,False,False
4098,チタン工業,2026-09-02,1013.0,1100.0,1100.0,1020.0,1028.04,3720.0,1020.0,1021.0,1020.0,1020.0,300.0,0.6910167818361401,0.6910167818361401,0.0,-7.272727272727275,-7.272727272727275,7.843137254901955,0.0,0.08064516129032258,False,False,False
4099,四国化成ホールディングス,2026-09-02,2220.0,3225.0,3225.0,2385.6,2647.76,539820.0,2178.0,2200.0,2168.0,2200.0,83100.0,-0.9009009009009028,-1.8918918918918948,1.0101010101010166,-31.782945736434108,-31.782945736434108,46.59090909090908,0.0,0.1539402022896521,True,False,False
409A,オリオンビール,2026-09-02,1170.0,1263.0,1318.0,1183.2,1214.88,182180.0,1163.0,1169.0,1163.0,1166.0,14900.0,-0.34188034188034067,-0.5982905982905962,0.2579535683576939,-7.680126682501975,-11.532625189681333,13.0360205831904,4.354711005542367,0.08178724338566253,True,False,False
4100,戸田工業,2026-09-02,1565.0,1658.0,1658.0,1594.6,1523.84,45440.0,1588.0,1606.0,1573.0,1579.0,6300.0,0.8945686900958538,1.4696485623003186,-0.566750629722923,-4.764776839565743,-4.764776839565743,5.003166561114636,0.0,0.1386443661971831,False,False,False
4102,丸尾カルシウム,2026-09-02,1452.0,1473.0,1480.0,1454.6,1448.0,1180.0,1452.0,1454.0,1442.0,1445.0,2100.0,-0.4820936639118423,0.0,-0.4820936639118423,-1.900882552613714,-2.3648648648648685,2.422145328719716,0.4752206381534174,1.7796610169491525,False,False,False
4107,伊勢化学工業,2026-09-02,4200.0,4500.0,4500.0,4308.0,3846.8,450120.0,4050.0,4095.0,3995.0,4000.0,93800.0,-4.761904761904767,-3.57142857142857,-1.2345679012345734,-11.111111111111116,-11.111111111111116,12.5,0.0,0.20838887407802364,False,False,False
4109,ステラ　ケミファ,2026-09-02,5360.0,5800.0,5800.0,5416.0,5385.6,52620.0,5280.0,5300.0,5270.0,5270.0,4700.0,-1.6791044776119368,-1.4925373134328401,-0.18939393939394478,-9.13793103448276,-9.13793103448276,10.056925996204935,0.0,0.08931965032307107,False,False,False
410A,ＧＭＯコマース,2026-09-02,1138.0,1188.0,1188.0,1156.4,1135.28,11740.0,1142.0,1142.0,1136.0,1136.0,600.0,-0.17574692442882123,0.35149384885764245,-0.5253940455341555,-4.377104377104379,-4.377104377104379,4.577464788732399,0.0,0.05110732538330494,False,False,False
4112,保土谷化学工業,2026-09-02,2193.0,2355.0,2355.0,2210.8,2190.6,44480.0,2193.0,2208.0,2161.0,2170.0,5300.0,-1.0487916096671213,0.0,-1.0487916096671213,-7.855626326963905,-7.855626326963905,8.525345622119819,0.0,0.1191546762589928,False,False,False
4113,田岡化学工業,2026-09-02,793.0,858.0,858.0,810.4,753.96,74800.0,790.0,792.0,787.0,787.0,3300.0,-0.7566204287515754,-0.3783102143757877,-0.37974683544304,-8.275058275058278,-8.275058275058278,9.021601016518431,0.0,0.04411764705882353,False,False,False
4114,日本触媒,2026-09-02,2657.0,2733.5,2733.5,2672.7,2505.88,865220.0,2639.0,2639.5,2583.0,2594.0,170100.0,-2.371095220173125,-0.6774557771923262,-1.705191360363778,-5.103347356868482,-5.103347356868482,5.377794911333855,0.0,0.1965973971937773,False,False,False
4116,大日精化工業,2026-09-02,1360.0,1416.0,1416.0,1382.8,1298.32,152480.0,1353.0,1358.0,1342.0,1344.0,26500.0,-1.17647058823529,-0.5147058823529393,-0.6651884700665134,-5.0847457627118615,-5.0847457627118615,5.35714285714286,0.0,0.17379328436516264,False,False,False
4118,カネカ,2026-09-02,6170.0,6570.0,6570.0,6210.8,6050.76,281980.0,6185.0,6185.0,6043.0,6067.0,26300.0,-1.6693679092382507,0.24311183144245518,-1.9078415521422754,-7.6560121765601235,-7.6560121765601235,8.290753255315654,0.0,0.09326902617206895,False,False,False
4119,日本ピグメントホールディングス,2026-09-02,5950.0,6400.0,6400.0,5910.0,5886.0,1660.0,5900.0,5900.0,5900.0,5900.0,200.0,-0.8403361344537785,-0.8403361344537785,0.0,-7.8125,-7.8125,8.47457627118644,0.0,0.12048192771084337,False,False,False
4120,スガイ化学工業,2026-09-02,2923.0,3345.0,3345.0,3039.6,3017.6,400.0,3000.0,3000.0,3000.0,3000.0,100.0,2.634279849469734,2.634279849469734,0.0,-10.313901345291477,-10.313901345291477,11.5,0.0,0.25,False,False,False
4124,大阪油化工業,2026-09-02,3060.0,3100.0,3100.0,2973.0,2837.88,2700.0,3070.0,3070.0,2912.0,2912.0,900.0,-4.8366013071895475,0.32679738562091387,-5.146579804560258,-6.06451612903226,-6.06451612903226,6.456043956043955,0.0,0.3333333333333333,False,False,False
4125,三和油化工業,2026-09-02,3645.0,4100.0,4100.0,3705.0,3635.0,13380.0,3790.0,3840.0,3680.0,3690.0,3300.0,1.2345679012345734,3.978052126200282,-2.638522427440637,-9.999999999999998,-9.999999999999998,11.111111111111116,0.0,0.24663677130044842,False,False,False
414A,オーバーラップホールディングス,2026-09-02,810.0,914.0,914.0,853.4,877.56,183100.0,843.0,843.0,836.0,839.0,10700.0,3.580246913580254,4.074074074074074,-0.47449584816132706,-8.205689277899342,-8.205689277899342,8.939213349225273,0.0,0.05843801201529219,False,False,False
4151,協和キリン,2026-09-02,2390.0,2689.0,2715.5,2597.3,2573.5,2277580.0,2411.0,2422.0,2393.0,2399.5,250700.0,0.39748953974896306,0.8786610878661172,-0.4769805060141019,-10.7660840461138,-11.636899281900204,13.1694102938112,0.9854964670881428,0.11007297218978038,False,False,False
415A,ＧＭＯ　ＴＥＣＨホールディングス,2026-09-02,5100.0,5200.0,5200.0,5082.0,4959.6,1560.0,5150.0,5150.0,5100.0,5100.0,1300.0,0.0,0.9803921568627416,-0.9708737864077666,-1.9230769230769273,-1.9230769230769273,1.9607843137254832,0.0,0.8333333333333334,False,False,False
4165,プレイド,2026-09-02,701.0,758.0,758.0,715.6,656.12,444860.0,725.0,748.0,725.0,743.0,141500.0,5.991440798858783,3.4236804564907297,2.4827586206896513,-1.978891820580475,-1.978891820580475,2.0188425302826385,0.0,0.31807759744638764,True,False,False
4166,かっこ,2026-09-02,630.0,649.0,666.0,634.8,635.48,2900.0,630.0,630.0,630.0,630.0,200.0,0.0,0.0,0.0,-2.927580893682591,-5.405405405405405,5.714285714285716,2.6194144838212585,0.06896551724137931,False,False,False
4167,ココペリ,2026-09-02,340.0,345.0,345.0,335.8,313.92,19780.0,340.0,345.0,335.0,345.0,7100.0,1.4705882352941124,0.0,1.4705882352941124,0.0,0.0,0.0,0.0,0.358948432760364,True,False,False
4168,ヤプリ,2026-09-02,757.0,815.0,819.0,778.4,779.44,83720.0,759.0,771.0,759.0,768.0,4000.0,1.4531043593130732,0.26420079260238705,1.1857707509881354,-5.766871165644172,-6.227106227106227,6.640625,0.4907975460122671,0.047778308647873864,True,False,False
4169,ＥＮＥＣＨＡＮＧＥ,2026-09-02,262.0,342.0,342.0,279.2,277.92,628360.0,263.0,266.0,263.0,265.0,46300.0,1.1450381679389388,0.3816793893129722,0.7604562737642651,-22.514619883040933,-22.514619883040933,29.0566037735849,0.0,0.07368387548539054,True,False,False
416A,富士ユナイトホールディングス,2026-09-02,1304.0,1322.0,1322.0,1306.2,1251.56,8060.0,1304.0,1305.0,1301.0,1305.0,900.0,0.07668711656441118,0.0,0.07668711656441118,-1.2859304084720136,-1.2859304084720136,1.3026819923371624,0.0,0.11166253101736973,True,False,False
4170,Ｋａｉｚｅｎ　Ｐｌａｔｆｏｒｍ,2026-09-02,135.0,302.0,302.0,141.0,133.2,3657960.0,134.0,139.0,132.0,134.0,461800.0,-0.7407407407407418,-0.7407407407407418,0.0,-55.62913907284768,-55.62913907284768,125.37313432835822,0.0,0.12624522958151538,False,False,False
4172,Ｈｉクラテス,2026-09-02,2300.0,2348.0,2348.0,2317.6,2274.68,1020.0,2282.0,2282.0,2282.0,2282.0,300.0,-0.7826086956521761,-0.7826086956521761,0.0,-2.8109028960817684,-2.8109028960817684,2.892199824715158,0.0,0.29411764705882354,False,False,False
4174,アピリッツ,2026-09-02,863.0,883.0,883.0,861.6,794.4,16580.0,857.0,857.0,857.0,857.0,600.0,-0.6952491309385911,-0.6952491309385911,0.0,-2.9445073612684003,-2.9445073612684003,3.033838973162184,0.0,0.03618817852834741,False,False,False
4175,ｃｏｌｙ,2026-09-02,2898.0,2970.0,2970.0,2878.4,2806.24,7260.0,2856.0,2873.0,2856.0,2873.0,600.0,-0.8626639061421693,-1.449275362318836,0.5952380952380931,-3.265993265993261,-3.265993265993261,3.376261747302478,0.0,0.08264462809917356,True,False,False
4176,ココナラ,2026-09-02,275.0,301.0,301.0,284.0,272.96,77980.0,275.0,278.0,274.0,275.0,5400.0,0.0,0.0,0.0,-8.637873754152825,-8.637873754152825,9.45454545454545,0.0,0.06924852526288792,False,False,False
4177,ｉ‐ｐｌｕｇ,2026-09-02,1555.0,1599.0,1599.0,1529.6,1523.52,1280.0,1541.0,1541.0,1541.0,1541.0,200.0,-0.9003215434083556,-0.9003215434083556,0.0,-3.627267041901183,-3.627267041901183,3.7637897469175785,0.0,0.15625,False,False,False
4178,Ｓｈａｒｉｎｇ　Ｉｎｎｏｖａｔｉｏｎｓ,2026-09-02,537.0,565.0,565.0,546.6,509.72,13780.0,537.0,537.0,537.0,537.0,200.0,0.0,0.0,0.0,-4.9557522123893865,-4.9557522123893865,5.214152700186214,0.0,0.01451378809869376,False,False,False
4179,ジーネクスト,2026-09-02,356.0,391.0,400.0,368.0,359.92,41740.0,349.0,356.0,349.0,356.0,3000.0,0.0,-1.96629213483146,2.005730659025784,-8.951406649616366,-10.999999999999998,12.35955056179776,2.3017902813299296,0.07187350263536177,True,False,False
417A,ブルーゾーンホールディングス,2026-09-02,1878.5,1895.0,1895.0,1860.9,1816.06,219860.0,1882.0,1922.5,1877.0,1917.0,100900.0,2.0495075858397716,0.18631887143998327,1.859723698193405,1.1609498680738684,1.1609498680738684,-1.1476264997391739,0.0,0.4589284089875375,True,True,True
4180,Ａｐｐｉｅｒ　Ｇｒｏｕｐ,2026-09-02,1329.0,1465.0,1465.0,1361.0,1160.04,2260360.0,1464.0,1510.0,1454.0,1498.0,809100.0,12.71632806621521,10.158013544018063,2.3224043715847076,2.2525597269624553,2.2525597269624553,-2.202937249666226,0.0,0.3579518306818383,True,True,True
4182,三菱瓦斯化学,2026-09-02,3845.0,4736.0,4736.0,3905.0,4034.0,1896880.0,3830.0,3863.0,3799.0,3826.0,256800.0,-0.49414824447334693,-0.39011703511053764,-0.1044386422976551,-19.214527027027028,-19.214527027027028,23.78463146889702,0.0,0.1353802032811775,False,False,False
4183,三井化学,2026-09-02,2244.0,2341.5,2341.5,2206.4,2163.88,2741560.0,2282.0,2282.0,2215.0,2232.0,414600.0,-0.5347593582887722,1.6934046345810971,-2.1910604732690575,-4.676489429852659,-4.676489429852659,4.905913978494625,0.0,0.15122776813201244,False,False,False
4186,東京応化工業,2026-09-02,8159.0,10050.0,10775.0,8538.0,8896.56,656160.0,8050.0,8170.0,8043.0,8161.0,99000.0,0.024512807942156378,-1.3359480328471673,1.3788819875776293,-18.796019900497505,-24.259860788863108,32.03038843279009,7.213930348258701,0.15087783467446964,True,False,False
4187,大阪有機化学工業,2026-09-02,4275.0,5220.0,5540.0,4479.0,4673.4,141700.0,4235.0,4255.0,4210.0,4235.0,6300.0,-0.9356725146198785,-0.9356725146198785,0.0,-18.86973180076629,-23.555956678700362,30.814639905549,6.130268199233724,0.04446012702893437,False,False,False
4188,三菱ケミカルグループ,2026-09-02,1267.5,1304.0,1304.0,1218.9,1180.26,8576720.0,1261.0,1269.5,1238.0,1248.5,959400.0,-1.4990138067061176,-0.512820512820511,-0.9912767644726372,-4.256134969325154,-4.256134969325154,4.445334401281542,0.0,0.11186094451025567,False,False,False
4189,ＫＨネオケム,2026-09-02,3400.0,3570.0,3570.0,3431.0,3374.0,101620.0,3355.0,3355.0,3290.0,3300.0,14300.0,-2.941176470588236,-1.3235294117647012,-1.6393442622950838,-7.563025210084029,-7.563025210084029,8.18181818181818,0.0,0.1407203306435741,False,False,False
4192,スパイダープラス,2026-09-02,295.0,323.0,323.0,291.8,282.52,300360.0,281.0,283.0,275.0,281.0,61700.0,-4.74576271186441,-4.74576271186441,0.0,-13.003095975232192,-13.003095975232192,14.946619217081846,0.0,0.2054201624717006,False,False,False
4193,ファブリカホールディングス,2026-09-02,2157.0,2450.0,2450.0,2167.2,2241.0,5920.0,2168.0,2168.0,2161.0,2161.0,400.0,0.18544274455261078,0.5099675475197074,-0.3228782287822862,-11.795918367346935,-11.795918367346935,13.373438223044886,0.0,0.06756756756756757,False,False,False
4194,ビジョナル,2026-09-02,8950.0,9628.0,9628.0,9318.8,9124.96,188220.0,8977.0,9074.0,8977.0,9028.0,10600.0,0.871508379888275,0.30167597765362597,0.568118525119754,-6.231823847112583,-6.231823847112583,6.64599025254764,0.0,0.056317075762405695,True,False,False
4196,ネオマーケティング,2026-09-02,2164.0,2200.0,2200.0,2138.6,1995.08,20740.0,2154.0,2167.0,2126.0,2167.0,900.0,0.13863216266174483,-0.46210720887245316,0.603528319405755,-1.5000000000000013,-1.5000000000000013,1.522842639593902,0.0,0.04339440694310511,True,False,False
4197,アスマーク,2026-09-02,2380.0,2395.0,2395.0,2378.8,2340.8,900.0,2352.0,2352.0,2352.0,2352.0,300.0,-1.17647058823529,-1.17647058823529,0.0,-1.7954070981210823,-1.7954070981210823,1.828231292517013,0.0,0.3333333333333333,False,False,False
4198,テンダ,2026-09-02,499.0,518.0,518.0,496.8,493.92,2620.0,506.0,506.0,506.0,506.0,200.0,1.4028056112224352,1.4028056112224352,0.0,-2.316602316602312,-2.316602316602312,2.371541501976293,0.0,0.07633587786259542,False,False,False
4199,ワンダープラネット,2026-09-02,821.0,993.0,993.0,835.4,815.08,15020.0,800.0,810.0,800.0,810.0,1100.0,-1.3398294762484775,-2.5578562728379994,1.2499999999999956,-18.429003021148038,-18.429003021148038,22.592592592592588,0.0,0.07323568575233022,True,False,False
4202,ダイセル,2026-09-02,1477.5,1520.0,1521.0,1481.2,1465.4,911260.0,1465.0,1469.0,1439.5,1449.5,187800.0,-1.8950930626057572,-0.8460236886632777,-1.058020477815702,-4.638157894736839,-4.700854700854706,4.932735426008961,0.06578947368420796,0.206088273379716,False,False,False
4203,住友ベークライト,2026-09-02,7106.0,7975.0,7975.0,7421.8,7358.28,517800.0,7044.0,7070.0,6952.0,6991.0,46200.0,-1.6183506895581234,-0.8725021108922038,-0.7524134014764372,-12.338557993730404,-12.338557993730404,14.0752395937634,0.0,0.08922363847045191,False,False,False
4204,積水化学工業,2026-09-02,2601.0,2711.0,2759.0,2644.4,2654.52,1387940.0,2580.0,2599.5,2554.0,2571.5,239400.0,-1.1341791618608266,-0.8073817762399127,-0.3294573643410903,-5.145702692733312,-6.795940558173252,7.291464125996505,1.7705643673921134,0.17248584232747813,False,False,False
4205,日本ゼオン,2026-09-02,2488.5,2618.0,2618.0,2488.5,2403.94,1025180.0,2480.0,2488.0,2433.0,2446.5,88200.0,-1.6877637130801704,-0.34157122764717496,-1.350806451612907,-6.550802139037437,-6.550802139037437,7.010014306151646,0.0,0.08603367213562496,False,False,False
4206,アイカ工業,2026-09-02,4170.0,4238.0,4238.0,4147.2,4039.44,281540.0,4111.0,4120.0,4079.0,4084.0,21200.0,-2.0623501199040772,-1.4148681055155876,-0.6567745074191222,-3.633789523360076,-3.633789523360076,3.770812928501477,0.0,0.07530013497194005,False,False,False
4208,ＵＢＥ,2026-09-02,3522.0,3713.0,3713.0,3568.4,3461.68,697000.0,3519.0,3525.0,3423.0,3441.0,254700.0,-2.2998296422487186,-0.08517887563883608,-2.2165387894288124,-7.325612712092644,-7.325612712092644,7.904678872420812,0.0,0.3654232424677188,False,False,False
4212,積水樹脂,2026-09-02,2919.0,2999.0,3110.0,2938.2,2869.12,52680.0,2938.0,2947.0,2906.0,2917.0,5500.0,-0.06851661527920161,0.6509078451524486,-0.7147719537100028,-2.7342447482494148,-6.20578778135048,6.6163866986630016,3.7012337445815335,0.1044039483675019,False,False,False
4216,旭有機材,2026-09-02,5720.0,6360.0,6480.0,5898.0,5964.4,41940.0,5750.0,5920.0,5750.0,5840.0,15300.0,2.0979020979021046,0.5244755244755206,1.5652173913043521,-8.176100628930815,-9.876543209876543,10.95890410958904,1.8867924528301883,0.3648068669527897,True,False,False
4218,ニチバン,2026-09-02,1950.0,2006.0,2006.0,1964.0,1951.68,20020.0,1950.0,1950.0,1942.0,1942.0,7100.0,-0.41025641025641546,0.0,-0.41025641025641546,-3.1904287138584286,-3.1904287138584286,3.2955715756951554,0.0,0.3546453546453546,False,False,False
421A,ムービン・ストラテジック・キャリア,2026-09-02,3945.0,4450.0,4450.0,4140.0,3792.6,97480.0,3835.0,3895.0,3835.0,3880.0,10300.0,-1.6476552598225558,-2.7883396704689534,1.1734028683181297,-12.808988764044948,-12.808988764044948,14.690721649484528,0.0,0.10566270004103406,True,False,False
4220,リケンテクノス,2026-09-02,2525.0,2915.0,2915.0,2609.4,2594.92,140700.0,2466.0,2466.0,2406.0,2431.0,21400.0,-3.722772277227726,-2.3366336633663387,-1.4193025141930216,-16.603773584905657,-16.603773584905657,19.909502262443436,0.0,0.15209665955934612,False,False,False
4221,大倉工業,2026-09-02,5620.0,5810.0,5810.0,5660.0,5586.0,42180.0,5520.0,5520.0,5470.0,5490.0,9600.0,-2.313167259786475,-1.7793594306049876,-0.5434782608695676,-5.507745266781416,-5.507745266781416,5.828779599271394,0.0,0.22759601706970128,False,False,False
4222,児玉化学工業,2026-09-02,672.0,745.0,745.0,691.4,651.76,531900.0,692.0,693.0,677.0,681.0,73200.0,1.3392857142857206,2.9761904761904656,-1.5895953757225412,-8.59060402684564,-8.59060402684564,9.39794419970632,0.0,0.13761985335589397,False,False,False
4224,ロンシール工業,2026-09-02,2122.0,2181.0,2199.0,2137.6,2142.12,4380.0,2137.0,2137.0,2125.0,2125.0,400.0,0.1413760603204528,0.706880301602264,-0.5615348619560145,-2.5676295277395678,-3.365165984538432,3.4823529411764698,0.8253094910591452,0.091324200913242,False,False,False
4228,積水化成品工業,2026-09-02,597.0,668.0,668.0,606.4,598.84,308240.0,612.0,614.0,602.0,607.0,32900.0,1.675041876046901,2.5125628140703515,-0.8169934640522847,-9.13173652694611,-9.13173652694611,10.049423393739708,0.0,0.106735011679211,False,False,False
4229,群栄化学工業,2026-09-02,4315.0,4750.0,4800.0,4391.0,4439.4,19280.0,4295.0,4325.0,4230.0,4230.0,4600.0,-1.969872537659323,-0.4634994206257237,-1.5133876600698537,-10.947368421052628,-11.875000000000002,13.475177304964546,1.0526315789473717,0.23858921161825727,False,False,False
4231,タイガースポリマー,2026-09-02,1048.0,1064.0,1064.0,1049.0,1017.2,12840.0,1040.0,1047.0,1040.0,1043.0,2000.0,-0.4770992366412208,-0.7633587786259555,0.28846153846153744,-1.9736842105263164,-1.9736842105263164,2.0134228187919545,0.0,0.1557632398753894,True,False,False
4234,サンエー化研,2026-09-02,1015.0,1082.0,1082.0,995.6,897.04,80320.0,1029.0,1029.0,1015.0,1027.0,2800.0,1.1822660098522064,1.379310344827589,-0.19436345966957758,-5.08317929759704,-5.08317929759704,5.355404089581306,0.0,0.0348605577689243,False,False,False
4235,ウルトラファブリックス・ホールディングス,2026-09-02,680.0,735.0,735.0,688.2,699.4,26020.0,685.0,685.0,685.0,685.0,300.0,0.7352941176470562,0.7352941176470562,0.0,-6.802721088435371,-6.802721088435371,7.299270072992692,0.0,0.011529592621060722,False,False,False
4237,フジプレアム,2026-09-02,360.0,370.0,370.0,358.8,341.4,93420.0,366.0,366.0,362.0,364.0,6900.0,1.1111111111111072,1.6666666666666607,-0.5464480874316946,-1.6216216216216162,-1.6216216216216162,1.6483516483516425,0.0,0.07385998715478484,False,False,False
4238,ミライアル,2026-09-02,1875.0,1945.0,1945.0,1885.2,1716.6,66260.0,1854.0,1880.0,1845.0,1865.0,4900.0,-0.5333333333333301,-1.1199999999999988,0.5933117583603043,-4.113110539845755,-4.113110539845755,4.289544235924936,0.0,0.07395110172049502,True,False,False
423A,ライオン事務器,2026-09-02,324.0,328.0,328.0,324.8,317.8,41740.0,325.0,325.0,324.0,324.0,500.0,0.0,0.30864197530864335,-0.3076923076923088,-1.2195121951219523,-1.2195121951219523,1.2345679012345734,0.0,0.011978917105893628,False,False,False
4240,クラスターテクノロジー,2026-09-02,314.0,352.0,352.0,320.6,318.48,9000.0,314.0,315.0,314.0,315.0,400.0,0.31847133757962887,0.0,0.31847133757962887,-10.511363636363635,-10.511363636363635,11.746031746031749,0.0,0.044444444444444446,True,False,False
4241,アテクト,2026-09-02,653.0,678.0,678.0,663.6,650.52,23220.0,663.0,668.0,650.0,667.0,9500.0,2.14395099540583,1.5313935681470214,0.6033182503770718,-1.6224188790560423,-1.6224188790560423,1.6491754122938573,0.0,0.409130060292851,True,False,False
4242,タカギセイコー,2026-09-02,1767.0,1920.0,1920.0,1799.8,1823.4,1400.0,1790.0,1790.0,1790.0,1790.0,200.0,1.3016411997736288,1.3016411997736288,0.0,-6.7708333333333375,-6.7708333333333375,7.2625698324022325,0.0,0.14285714285714285,False,False,False
4243,ニックス,2026-09-02,1060.0,1149.0,1149.0,1054.0,990.88,2400.0,1068.0,1068.0,1068.0,1068.0,500.0,0.7547169811320753,0.7547169811320753,0.0,-7.049608355091386,-7.049608355091386,7.584269662921339,0.0,0.20833333333333334,False,False,False
4245,ダイキアクシス,2026-09-02,715.0,729.0,729.0,724.0,703.56,12880.0,712.0,713.0,712.0,713.0,1100.0,-0.2797202797202747,-0.41958041958042314,0.1404494382022392,-2.1947873799725626,-2.1947873799725626,2.244039270687237,0.0,0.08540372670807453,True,False,False
4246,ダイキョーニシカワ,2026-09-02,1125.0,1163.0,1163.0,1138.8,1095.24,187640.0,1122.0,1123.0,1106.0,1108.0,52500.0,-1.5111111111111075,-0.2666666666666706,-1.2477718360071277,-4.729148753224422,-4.729148753224422,4.963898916967513,0.0,0.27979108931997443,False,False,False
4247,ポバール興業,2026-09-02,1386.0,1440.0,1440.0,1409.4,1380.12,860.0,1385.0,1385.0,1385.0,1385.0,300.0,-0.07215007215006786,-0.07215007215006786,0.0,-3.819444444444442,-3.819444444444442,3.971119133573997,0.0,0.3488372093023256,False,False,False
4248,竹本容器,2026-09-02,884.0,895.0,895.0,883.6,882.68,8020.0,883.0,883.0,883.0,883.0,200.0,-0.11312217194570096,-0.11312217194570096,0.0,-1.3407821229050265,-1.3407821229050265,1.3590033975084959,0.0,0.02493765586034913,False,False,False
4249,森六,2026-09-02,2957.0,2990.0,2990.0,2948.8,2808.44,37500.0,3020.0,3020.0,2958.0,2975.0,6500.0,0.608725059181614,2.1305377071356046,-1.490066225165565,-0.5016722408026753,-0.5016722408026753,0.5042016806722671,0.0,0.17333333333333334,False,False,False
4251,恵和,2026-09-02,1162.0,1320.0,1320.0,1180.6,1219.88,83080.0,1162.0,1164.0,1155.0,1156.0,29700.0,-0.5163511187607606,0.0,-0.5163511187607606,-12.424242424242426,-12.424242424242426,14.18685121107266,0.0,0.3574867597496389,False,False,False
4255,ＴＨＥＣＯＯ,2026-09-02,3490.0,3890.0,3890.0,3551.0,3150.08,2940.0,3450.0,3485.0,3450.0,3485.0,1300.0,-0.14326647564469885,-1.1461318051575908,1.0144927536231974,-10.411311053984573,-10.411311053984573,11.621233859397417,0.0,0.4421768707482993,True,False,False
4256,サインド,2026-09-02,1125.0,1144.0,1144.0,1101.6,1011.8,9820.0,1120.0,1130.0,1120.0,1130.0,900.0,0.4444444444444473,-0.4444444444444473,0.8928571428571397,-1.2237762237762184,-1.2237762237762184,1.2389380530973382,0.0,0.09164969450101833,True,False,False
4258,網屋,2026-09-02,4210.0,5100.0,5100.0,4463.0,4492.2,65940.0,4190.0,4250.0,4190.0,4210.0,6100.0,0.0,-0.47505938242280443,0.4773269689737569,-17.45098039215687,-17.45098039215687,21.14014251781473,0.0,0.09250834091598423,True,False,False
4259,エクサウィザーズ,2026-09-02,815.0,875.0,875.0,828.2,791.64,1471580.0,814.0,844.0,808.0,839.0,472000.0,2.944785276073625,-0.12269938650306678,3.071253071253066,-4.114285714285715,-4.114285714285715,4.290822407628125,0.0,0.32074369045515705,True,False,False
4260,ハイブリッドテクノロジーズ,2026-09-02,209.0,226.0,226.0,212.0,211.56,7740.0,209.0,209.0,209.0,209.0,400.0,0.0,0.0,0.0,-7.52212389380531,-7.52212389380531,8.133971291866038,0.0,0.05167958656330749,False,False,False
4261,アジアクエスト,2026-09-02,2935.0,3325.0,3325.0,2954.8,3055.16,4200.0,2934.0,2934.0,2934.0,2934.0,700.0,-0.03407155025553221,-0.03407155025553221,0.0,-11.759398496240603,-11.759398496240603,13.326516700749824,0.0,0.16666666666666666,False,False,False
4262,ニフティライフスタイル,2026-09-02,1395.0,1417.0,1417.0,1398.2,1359.32,5580.0,1398.0,1398.0,1398.0,1398.0,200.0,0.21505376344086446,0.21505376344086446,0.0,-1.3408609738884913,-1.3408609738884913,1.3590844062947083,0.0,0.035842293906810034,False,False,False
4263,サスメド,2026-09-02,441.0,717.0,735.0,453.0,580.84,331940.0,423.0,431.0,422.0,428.0,21500.0,-2.947845804988658,-4.081632653061229,1.1820330969267046,-40.306834030683405,-41.76870748299319,71.72897196261682,2.5104602510460206,0.06477074170030729,True,False,False
4264,セキュア,2026-09-02,1452.0,1650.0,1650.0,1463.4,1529.6,14040.0,1447.0,1448.0,1443.0,1444.0,2000.0,-0.5509641873278182,-0.3443526170798905,-0.20732550103662595,-12.484848484848488,-12.484848484848488,14.265927977839343,0.0,0.14245014245014245,False,False,False
4265,Ｉｎｓｔｉｔｕｔｉｏｎ　ｆｏｒ　ａ　Ｇｌｏｂａｌ　Ｓｏｃｉｅｔｙ,2026-09-02,287.0,298.0,347.0,287.8,285.64,26120.0,285.0,286.0,284.0,285.0,2000.0,-0.6968641114982632,-0.6968641114982632,0.0,-4.36241610738255,-17.867435158501443,21.75438596491228,16.442953020134233,0.07656967840735068,False,False,False
4270,ＢｅｅＸ,2026-09-02,1885.0,1970.0,1970.0,1911.0,1865.96,7900.0,1920.0,1920.0,1893.0,1894.0,1800.0,0.4774535809018543,1.8567639257294433,-1.3541666666666674,-3.8578680203045668,-3.8578680203045668,4.012671594508976,0.0,0.22784810126582278,False,False,False
4272,日本化薬,2026-09-02,2075.0,2143.5,2143.5,2091.2,2052.64,458660.0,2085.0,2100.0,2053.0,2065.0,44900.0,-0.48192771084337727,0.48192771084336616,-0.959232613908878,-3.6622346629344493,-3.6622346629344493,3.801452784503634,0.0,0.09789386473640606,False,False,False
4274,細谷火工,2026-09-02,1066.0,1125.0,1125.0,1095.0,1081.52,17920.0,1056.0,1056.0,1056.0,1056.0,1800.0,-0.9380863039399667,-0.9380863039399667,0.0,-6.133333333333335,-6.133333333333335,6.534090909090917,0.0,0.10044642857142858,False,False,False
4275,カーリット,2026-09-02,2027.0,2463.0,2463.0,2117.4,2174.44,177040.0,1953.0,1982.0,1951.0,1959.0,19700.0,-3.3547113961519437,-3.650715342871236,0.3072196620583778,-20.462850182704017,-20.462850182704017,25.72741194486983,0.0,0.11127428829643018,True,False,False
4284,ソルクシーズ,2026-09-02,452.0,472.0,472.0,451.6,436.84,65180.0,461.0,461.0,461.0,461.0,1800.0,1.9911504424778848,1.9911504424778848,0.0,-2.330508474576276,-2.330508474576276,2.386117136659438,0.0,0.027615833077631175,False,False,False
4286,ＣＬホールディングス,2026-09-02,1281.0,1392.0,1392.0,1341.6,1213.04,73380.0,1274.0,1278.0,1261.0,1268.0,3300.0,-1.014832162373147,-0.5464480874316946,-0.47095761381475976,-8.908045977011492,-8.908045977011492,9.779179810725559,0.0,0.044971381847914965,False,False,False
4287,ジャストプランニング,2026-09-02,483.0,500.0,500.0,492.0,490.36,7780.0,486.0,486.0,486.0,486.0,200.0,0.6211180124223503,0.6211180124223503,0.0,-2.8000000000000025,-2.8000000000000025,2.8806584362139898,0.0,0.02570694087403599,False,False,False
4288,アズジェント,2026-09-02,467.0,485.0,485.0,464.6,454.48,15040.0,458.0,466.0,458.0,466.0,1500.0,-0.21413276231263545,-1.927194860813708,1.7467248908296984,-3.9175257731958735,-3.9175257731958735,4.077253218884125,0.0,0.09973404255319149,True,False,False
428A,サイプレス・ホールディングス,2026-09-02,1522.0,1555.0,1555.0,1435.8,1403.8,45480.0,1565.0,1574.0,1544.0,1567.0,3900.0,2.9566360052562413,2.8252299605781905,0.12779552715656006,0.7717041800643143,0.7717041800643143,-0.765794511805995,0.0,0.08575197889182058,True,True,True
4290,プレステージ・インターナショナル,2026-09-02,697.0,749.0,749.0,717.6,716.68,761720.0,699.0,700.0,697.0,699.0,135700.0,0.2869440459110528,0.2869440459110528,0.0,-6.6755674232309765,-6.6755674232309765,7.153075822603716,0.0,0.17814945124192616,False,False,False
4293,セプテーニ・ホールディングス,2026-09-02,527.0,537.0,542.0,526.2,513.72,550000.0,516.0,521.0,515.0,519.0,58800.0,-1.5180265654648917,-2.0872865275142316,0.5813953488372103,-3.3519553072625663,-4.243542435424352,4.4315992292870865,0.9310986964618184,0.10690909090909091,True,False,False
4299,ハイマックス,2026-09-02,1223.0,1258.0,1258.0,1232.0,1219.24,7320.0,1222.0,1224.0,1222.0,1224.0,1300.0,0.08176614881438837,-0.08176614881438837,0.16366612111293755,-2.7027027027026973,-2.7027027027026973,2.777777777777768,0.0,0.17759562841530055,True,False,False
429A,テクセンドフォトマスク,2026-09-02,3550.0,4420.0,4420.0,3704.0,3797.8,650780.0,3740.0,3810.0,3735.0,3755.0,74900.0,5.774647887323936,5.352112676056331,0.40106951871656804,-15.045248868778282,-15.045248868778282,17.709720372836223,0.0,0.11509265804111989,True,False,False
4301,アミューズ,2026-09-02,1894.0,2020.0,2028.0,1908.4,1925.16,40680.0,1904.0,1917.0,1903.0,1914.0,4800.0,1.055966209081305,0.5279831045406524,0.5252100840336116,-5.247524752475252,-5.621301775147924,5.956112852664575,0.3960396039603964,0.11799410029498525,True,False,False
4307,野村総合研究所,2026-09-02,5140.0,5410.0,5620.0,5217.4,5010.8,2565820.0,5268.0,5306.0,5228.0,5246.0,362800.0,2.062256809338514,2.490272373540847,-0.4176157934700053,-3.031423290203328,-6.654804270462633,7.129241326725122,3.8817005545286554,0.1413972920937556,False,False,False
4308,Ｊストリーム,2026-09-02,358.0,365.0,370.0,359.8,356.2,18120.0,358.0,359.0,358.0,359.0,800.0,0.27932960893854997,0.0,0.27932960893854997,-1.6438356164383605,-2.972972972972976,3.064066852367686,1.3698630136986356,0.04415011037527594,True,False,False
4310,ドリームインキュベータ,2026-09-02,2519.0,2594.0,2690.0,2559.4,2523.8,13740.0,2510.0,2514.0,2510.0,2510.0,800.0,-0.35728463676062416,-0.35728463676062416,0.0,-3.238242097147259,-6.691449814126393,7.17131474103585,3.7008481110254454,0.05822416302765648,False,False,False
4316,ビーマップ,2026-09-02,122.0,180.0,180.0,115.0,91.36,2041140.0,133.0,137.0,125.0,127.0,225300.0,4.098360655737698,9.016393442622949,-4.511278195488721,-29.44444444444444,-29.44444444444444,41.73228346456692,0.0,0.11037949381228138,False,False,False
4317,レイ,2026-09-02,558.0,580.0,580.0,567.0,545.88,5680.0,568.0,571.0,565.0,571.0,500.0,2.3297491039426577,1.7921146953405076,0.5281690140845008,-1.551724137931032,-1.551724137931032,1.5761821366024442,0.0,0.0880281690140845,True,False,False
4318,クイック,2026-09-02,842.0,875.0,875.0,861.4,822.12,102360.0,843.0,845.0,841.0,843.0,6300.0,0.11876484560569,0.11876484560569,0.0,-3.657142857142859,-3.657142857142859,3.7959667852906387,0.0,0.0615474794841735,False,False,False
431A,ユーソナー,2026-09-02,2565.0,2758.0,2758.0,2563.2,2200.6,67900.0,2645.0,2702.0,2645.0,2702.0,5500.0,5.341130604288491,3.1189083820662766,2.1550094517958307,-2.030456852791873,-2.030456852791873,2.0725388601036343,0.0,0.08100147275405008,True,False,False
4320,ＣＥホールディングス,2026-09-02,1648.0,1749.0,1770.0,1649.6,1664.44,204920.0,1648.0,1648.0,1648.0,1648.0,10300.0,0.0,0.0,0.0,-5.774728416237851,-6.892655367231637,7.4029126213592145,1.2006861063464935,0.050263517470232284,False,False,False
4323,日本システム技術,2026-09-02,1880.0,2011.0,2011.0,1939.0,1903.4,46780.0,1886.0,1906.0,1884.0,1892.0,6500.0,0.6382978723404209,0.31914893617022155,0.31813361611876534,-5.917454002983591,-5.917454002983591,6.289640591966172,0.0,0.13894826849080805,True,False,False
4324,電通グループ,2026-09-02,3654.0,3826.0,3874.0,3656.2,3625.16,1280040.0,3700.0,3747.0,3682.0,3715.0,118100.0,1.6694033935413355,1.258894362342633,0.40540540540541237,-2.9012023000522746,-4.104284976768202,4.2799461641992,1.2545739675901668,0.09226274178931908,True,False,False
4326,インテージホールディングス,2026-09-02,2014.0,2156.0,2156.0,2058.0,1949.36,46260.0,2000.0,2015.0,1991.0,2011.0,3400.0,-0.1489572989076482,-0.6951340615690138,0.550000000000006,-6.725417439703152,-6.725417439703152,7.210343112879158,0.0,0.07349762213575443,True,False,False
4331,テイクアンドギヴ・ニーズ,2026-09-02,740.0,755.0,755.0,740.6,716.16,56980.0,742.0,742.0,737.0,738.0,5600.0,-0.2702702702702675,0.2702702702702675,-0.5390835579514808,-2.251655629139071,-2.251655629139071,2.3035230352303593,0.0,0.09828009828009827,False,False,False
4334,ユークス,2026-09-02,401.0,403.0,403.0,394.2,384.4,19060.0,400.0,400.0,399.0,399.0,800.0,-0.4987531172069848,-0.24937655860348684,-0.24999999999999467,-0.992555831265507,-0.992555831265507,1.0025062656641603,0.0,0.04197271773347324,False,False,False
4335,ＩＰＳホールディングス,2026-09-02,1092.0,1108.0,1110.0,1094.2,1097.24,1680.0,1090.0,1090.0,1090.0,1090.0,200.0,-0.1831501831501825,-0.1831501831501825,0.0,-1.6245487364620947,-1.8018018018018056,1.83486238532109,0.18050541516245744,0.11904761904761904,False,False,False
4337,ぴあ,2026-09-02,2674.0,2886.0,2899.0,2736.4,2773.56,34980.0,2701.0,2701.0,2679.0,2688.0,2300.0,0.5235602094240788,1.0097232610321694,-0.48130322102925005,-6.8607068607068555,-7.278371852362886,7.8497023809523725,0.45045045045044585,0.06575185820468839,False,False,False
4341,西菱電機,2026-09-02,895.0,950.0,950.0,894.8,887.44,4040.0,895.0,895.0,895.0,895.0,300.0,0.0,0.0,0.0,-5.789473684210522,-5.789473684210522,6.145251396648055,0.0,0.07425742574257425,False,False,False
4343,イオンファンタジー,2026-09-02,2773.0,2946.0,2946.0,2825.4,2811.12,155800.0,2839.0,2844.0,2829.0,2829.0,7500.0,2.0194734944103843,2.380093761269375,-0.35223670306445687,-3.9714867617107963,-3.9714867617107963,4.135737009544016,0.0,0.04813863928112965,False,False,False
4344,ソースネクスト,2026-09-02,111.0,121.0,121.0,115.2,113.12,958840.0,112.0,113.0,111.0,112.0,196200.0,0.9009009009008917,0.9009009009008917,0.0,-7.438016528925617,-7.438016528925617,8.03571428571428,0.0,0.20462225188769764,False,False,False
4345,シーティーエス,2026-09-02,830.0,854.0,907.0,839.4,839.76,69960.0,832.0,832.0,828.0,831.0,8200.0,0.12048192771083599,0.24096385542169418,-0.12019230769231282,-2.693208430913352,-8.379272326350605,9.145607701564384,6.206088992974235,0.11720983419096627,False,False,False
4346,ＮＥＸＹＺ．Ｇｒｏｕｐ,2026-09-02,1018.0,1080.0,1080.0,999.6,874.84,162280.0,1015.0,1050.0,1015.0,1044.0,23000.0,2.5540275049115824,-0.29469548133594925,2.857142857142847,-3.3333333333333326,-3.3333333333333326,3.4482758620689724,0.0,0.14173034261769782,True,False,False
4347,ブロードメディア,2026-09-02,1651.0,1703.0,1827.0,1669.4,1675.56,8320.0,1636.0,1640.0,1632.0,1635.0,14100.0,-0.9691096305269542,-0.9085402786190189,-0.061124694376524236,-3.992953611274219,-10.509031198686369,11.743119266055047,7.281268349970649,1.6947115384615385,False,False,False
4350,メディカルシステムネットワーク,2026-09-02,510.0,527.0,527.0,508.0,488.48,68580.0,500.0,503.0,495.0,501.0,14300.0,-1.764705882352946,-1.9607843137254943,0.20000000000000018,-4.933586337760909,-4.933586337760909,5.189620758483038,0.0,0.20851560221638962,True,False,False
4351,山田再生系債権回収総合事務所,2026-09-02,841.0,860.0,865.0,834.2,837.84,5420.0,866.0,866.0,866.0,866.0,300.0,2.9726516052318575,2.9726516052318575,0.0,0.6976744186046435,0.11560693641619046,-0.11547344110854896,0.5813953488372103,0.055350553505535055,False,True,True
4356,応用技術,2026-09-02,1636.0,1685.0,1685.0,1645.0,1653.12,880.0,1633.0,1633.0,1633.0,1633.0,300.0,-0.1833740831295838,-0.1833740831295838,0.0,-3.086053412462908,-3.086053412462908,3.184323331292105,0.0,0.3409090909090909,False,False,False
4360,マナック・ケミカル・パートナーズ,2026-09-02,995.0,1040.0,1040.0,994.2,884.92,11820.0,995.0,995.0,995.0,995.0,400.0,0.0,0.0,0.0,-4.326923076923073,-4.326923076923073,4.522613065326642,0.0,0.0338409475465313,False,False,False
4361,川口化学工業,2026-09-02,1593.0,1602.0,1602.0,1591.0,1537.52,1920.0,1613.0,1613.0,1613.0,1613.0,300.0,1.2554927809165006,1.2554927809165006,0.0,0.6866416978776435,0.6866416978776435,-0.6819590824550525,0.0,0.15625,False,True,True
4362,日本精化,2026-09-02,2718.0,2787.0,2787.0,2748.2,2662.04,19600.0,2730.0,2730.0,2686.0,2686.0,6300.0,-1.1773362766740236,0.44150110375276164,-1.611721611721617,-3.623968424829571,-3.623968424829571,3.760238272524208,0.0,0.32142857142857145,False,False,False
4365,松本油脂製薬,2026-09-02,25000.0,25000.0,25000.0,22874.0,20782.4,780.0,24000.0,24370.0,23500.0,24370.0,900.0,-2.52,-4.0000000000000036,1.5416666666666634,-2.52,-2.52,2.585145670906863,0.0,1.1538461538461537,True,False,False
4366,ダイトーケミックス,2026-09-02,419.0,478.0,488.0,427.6,430.04,61260.0,450.0,451.0,443.0,444.0,22600.0,5.9665871121718395,7.398568019093088,-1.3333333333333308,-7.1129707112970735,-9.016393442622949,9.90990990990992,2.092050209205021,0.36891936010447274,False,False,False
4368,扶桑化学工業,2026-09-02,2836.0,4285.0,4285.0,2962.4,3362.08,798780.0,2858.0,2895.0,2850.0,2870.0,159800.0,1.1988716502115748,0.77574047954867,0.41987403778867005,-33.02217036172696,-33.02217036172696,49.30313588850175,0.0,0.20005508400310473,True,False,False
4369,トリケミカル研究所,2026-09-02,3020.0,3750.0,3750.0,3109.0,3245.64,899420.0,3015.0,3090.0,3010.0,3090.0,166700.0,2.3178807947019875,-0.16556291390728006,2.487562189054726,-17.600000000000005,-17.600000000000005,21.359223300970864,0.0,0.18534166462831603,True,False,False
436A,サイバーソリューションズ,2026-09-02,1134.0,1212.0,1212.0,1172.4,1105.56,76440.0,1145.0,1168.0,1131.0,1161.0,28000.0,2.3809523809523725,0.970017636684295,1.3973799126637543,-4.207920792079212,-4.207920792079212,4.392764857881137,0.0,0.3663003663003663,True,False,False
4370,モビルス,2026-09-02,354.0,410.0,410.0,356.6,320.52,308020.0,353.0,434.0,350.0,434.0,381200.0,22.598870056497166,-0.28248587570621764,22.94617563739376,5.853658536585371,5.853658536585371,-5.5299539170506895,0.0,1.2375819751964159,True,True,True
4371,コアコンセプト・テクノロジー,2026-09-02,1408.0,1570.0,1570.0,1456.6,1416.32,24180.0,1439.0,1446.0,1439.0,1446.0,900.0,2.6988636363636465,2.2017045454545414,0.48644892286309194,-7.8980891719745205,-7.8980891719745205,8.575380359612716,0.0,0.03722084367245657,True,False,False
4372,ユミルリンク,2026-09-02,1295.0,1348.0,1350.0,1298.2,1300.84,2040.0,1295.0,1295.0,1295.0,1295.0,100.0,0.0,0.0,0.0,-3.931750741839768,-4.074074074074074,4.247104247104239,0.14836795252226587,0.049019607843137254,False,False,False
4373,シンプレクス・ホールディングス,2026-09-02,1198.0,1280.0,1280.0,1228.4,1155.16,2040800.0,1219.0,1219.0,1197.0,1203.0,546800.0,0.4173622704507496,1.7529215358931483,-1.312551271534046,-6.015625000000002,-6.015625000000002,6.400665004156281,0.0,0.2679341434731478,False,False,False
4374,ＲＯＢＯＴ　ＰＡＹＭＥＮＴ,2026-09-02,2410.0,2590.0,2590.0,2483.6,2417.4,4440.0,2431.0,2450.0,2431.0,2450.0,300.0,1.6597510373443924,0.871369294605806,0.7815713698066551,-5.405405405405405,-5.405405405405405,5.714285714285716,0.0,0.06756756756756757,True,False,False
4375,セーフィー,2026-09-02,655.0,714.0,714.0,682.0,658.84,299040.0,672.0,683.0,671.0,674.0,36100.0,2.900763358778624,2.595419847328251,0.29761904761904656,-5.602240896358546,-5.602240896358546,5.934718100890213,0.0,0.12071963616907437,True,False,False
4376,くふうカンパニーホールディングス,2026-09-02,167.0,180.0,180.0,164.8,161.84,28820.0,166.0,166.0,165.0,165.0,2200.0,-1.19760479041916,-0.5988023952095856,-0.6024096385542133,-8.333333333333337,-8.333333333333337,9.090909090909083,0.0,0.07633587786259542,False,False,False
4377,ワンキャリア,2026-09-02,2438.0,2666.0,2666.0,2550.0,2323.48,100880.0,2448.0,2448.0,2415.0,2415.0,8800.0,-0.9433962264150941,0.41017227235438103,-1.3480392156862697,-9.41485371342836,-9.41485371342836,10.393374741200834,0.0,0.08723235527359238,False,False,False
4378,ＣＩＮＣ,2026-09-02,532.0,559.0,559.0,539.2,498.88,16600.0,536.0,536.0,536.0,536.0,300.0,0.7518796992481258,0.7518796992481258,0.0,-4.114490161001793,-4.114490161001793,4.291044776119413,0.0,0.018072289156626505,False,False,False
4379,Ｐｈｏｔｏｓｙｎｔｈ,2026-09-02,435.0,458.0,458.0,441.0,429.36,22480.0,434.0,434.0,434.0,434.0,400.0,-0.22988505747126853,-0.22988505747126853,0.0,-5.2401746724890845,-5.2401746724890845,5.5299539170506895,0.0,0.017793594306049824,False,False,False
4380,Ｍマート,2026-09-02,682.0,720.0,720.0,681.2,652.68,6400.0,680.0,680.0,680.0,680.0,200.0,-0.2932551319648091,-0.2932551319648091,0.0,-5.555555555555558,-5.555555555555558,5.882352941176472,0.0,0.03125,False,False,False
4381,ビープラッツ,2026-09-02,275.0,488.0,488.0,289.8,353.56,192200.0,260.0,293.0,260.0,274.0,199800.0,-0.363636363636366,-5.454545454545457,5.384615384615388,-43.85245901639344,-43.85245901639344,78.1021897810219,0.0,1.0395421436004162,True,False,False
4382,ＨＥＲＯＺ,2026-09-02,755.0,798.0,798.0,769.6,742.48,53040.0,752.0,758.0,752.0,758.0,3700.0,0.3973509933774766,-0.3973509933774877,0.7978723404255428,-5.012531328320802,-5.012531328320802,5.277044854881274,0.0,0.06975867269984917,True,False,False
4385,メルカリ,2026-09-02,4250.0,5111.0,5111.0,4542.4,4594.4,1770400.0,4353.0,4395.0,4297.0,4358.0,226000.0,2.5411764705882245,2.4235294117647133,0.11486331265793126,-14.732928976716886,-14.732928976716886,17.278568150527775,0.0,0.12765476728422956,True,False,False
4386,ＳＩＧグループ,2026-09-02,893.0,945.0,945.0,900.8,887.24,4680.0,891.0,892.0,890.0,890.0,1000.0,-0.33594624860022737,-0.2239641657334812,-0.11223344556677839,-5.820105820105825,-5.820105820105825,6.17977528089888,0.0,0.21367521367521367,False,False,False
4387,ＺＵＵ,2026-09-02,532.0,593.0,593.0,515.8,496.24,15960.0,547.0,547.0,547.0,547.0,1000.0,2.819548872180455,2.819548872180455,0.0,-7.757166947723437,-7.757166947723437,8.40950639853748,0.0,0.06265664160401002,False,False,False
4388,エーアイ,2026-09-02,370.0,378.0,378.0,372.8,364.64,14580.0,372.0,372.0,371.0,371.0,600.0,0.2702702702702675,0.540540540540535,-0.26881720430107503,-1.851851851851849,-1.851851851851849,1.8867924528301883,0.0,0.0411522633744856,False,False,False
4389,プロパティデータバンク,2026-09-02,1055.0,1160.0,1160.0,1048.0,1050.0,4880.0,1055.0,1067.0,1055.0,1067.0,1100.0,1.1374407582938284,0.0,1.1374407582938284,-8.017241379310347,-8.017241379310347,8.716026241799435,0.0,0.22540983606557377,True,False,False
438A,インフキュリオン,2026-09-02,985.0,1025.0,1025.0,990.4,933.44,84460.0,974.0,984.0,974.0,981.0,6800.0,-0.4060913705583702,-1.116751269035532,0.7186858316221789,-4.292682926829272,-4.292682926829272,4.485219164118237,0.0,0.08051148472649775,True,False,False
4390,ＩＰＳ,2026-09-02,3965.0,4320.0,4320.0,4130.0,3836.6,84200.0,4010.0,4040.0,3985.0,3985.0,3500.0,0.5044136191677095,1.1349306431273742,-0.6234413965087282,-7.754629629629628,-7.754629629629628,8.40652446675032,0.0,0.04156769596199525,False,False,False
4391,ロジザード,2026-09-02,1161.0,1188.0,1196.0,1148.4,1138.6,4820.0,1155.0,1155.0,1155.0,1155.0,100.0,-0.5167958656330796,-0.5167958656330796,0.0,-2.777777777777779,-3.428093645484953,3.5497835497835473,0.6734006734006703,0.02074688796680498,False,False,False
4392,ＦＩＧ,2026-09-02,1111.0,1433.0,1433.0,1153.2,1037.08,7256240.0,1096.0,1113.0,1085.0,1095.0,340200.0,-1.4401440144014455,-1.3501350135013523,-0.09124087591241281,-23.58688066992324,-23.58688066992324,30.86757990867579,0.0,0.04688378554182331,False,False,False
4393,バンク・オブ・イノベーション,2026-09-02,5280.0,6280.0,6280.0,5724.0,5278.8,71720.0,5280.0,5360.0,5240.0,5330.0,9100.0,0.9469696969697017,0.0,0.9469696969697017,-15.12738853503185,-15.12738853503185,17.82363977485928,0.0,0.12688232013385387,True,False,False
4394,エクスモーション,2026-09-02,653.0,736.0,736.0,630.4,565.72,144320.0,715.0,755.0,707.0,754.0,33500.0,15.46707503828484,9.494640122511488,5.454545454545445,2.4456521739130377,2.4456521739130377,-2.3872679045092826,0.0,0.2321230598669623,True,True,True
4395,アクリート,2026-09-02,721.0,743.0,779.0,725.6,695.92,30220.0,716.0,733.0,716.0,731.0,7000.0,1.386962552011095,-0.6934812760055475,2.0949720670391025,-1.6150740242261152,-6.1617458279846,6.566347469220246,4.8452220726783235,0.2316346790205162,True,False,False
4396,システムサポートホールディングス,2026-09-02,1408.0,1455.0,1455.0,1406.6,1294.12,123120.0,1377.0,1414.0,1377.0,1408.0,17500.0,0.0,-2.2017045454545414,2.251270878721856,-3.2302405498281783,-3.2302405498281783,3.338068181818188,0.0,0.1421377517868746,True,False,False
4397,チームスピリット,2026-09-02,408.0,441.0,441.0,424.8,409.2,53800.0,414.0,416.0,413.0,413.0,2800.0,1.225490196078427,1.4705882352941124,-0.24154589371980784,-6.349206349206349,-6.349206349206349,6.779661016949157,0.0,0.05204460966542751,False,False,False
4398,ブロードバンドセキュリティ,2026-09-02,1287.0,1310.0,1310.0,1289.2,1272.88,2880.0,1290.0,1290.0,1290.0,1290.0,100.0,0.2331002331002363,0.2331002331002363,0.0,-1.526717557251911,-1.526717557251911,1.5503875968992276,0.0,0.034722222222222224,False,False,False
4401,ＡＤＥＫＡ,2026-09-02,4631.0,4913.0,4913.0,4667.6,4465.72,292960.0,4586.0,4589.0,4508.0,4538.0,36900.0,-2.008205571150934,-0.9717123731375565,-1.04666375926733,-7.632810909831056,-7.632810909831056,8.263552225650074,0.0,0.1259557618787548,False,False,False
4403,日油,2026-09-02,2690.0,2820.0,2846.5,2741.9,2755.94,882180.0,2650.5,2671.0,2636.0,2645.5,188300.0,-1.6542750929368077,-1.4684014869888462,-0.18864365214110723,-6.187943262411344,-7.061303354997362,7.597807597807593,0.9397163120567376,0.213448502573171,False,False,False
4404,ミヨシ油脂,2026-09-02,2200.0,2207.0,2207.0,2171.8,2068.32,19560.0,2207.0,2207.0,2200.0,2206.0,2500.0,0.27272727272726893,0.31818181818181746,-0.045310376076124204,-0.045310376076124204,-0.045310376076124204,0.04533091568450498,0.0,0.1278118609406953,False,False,False
4406,新日本理化,2026-09-02,255.0,262.0,262.0,254.6,236.28,224380.0,250.0,250.0,248.0,248.0,57300.0,-2.7450980392156876,-1.9607843137254943,-0.8000000000000007,-5.343511450381677,-5.343511450381677,5.645161290322576,0.0,0.25537035386398077,False,False,False
4409,東邦化学工業,2026-09-02,780.0,794.0,794.0,785.2,762.84,3440.0,789.0,789.0,789.0,789.0,1000.0,1.1538461538461497,1.1538461538461497,0.0,-0.6297229219143552,-0.6297229219143552,0.6337135614702172,0.0,0.29069767441860467,False,False,False
4410,ハリマ化成グループ,2026-09-02,1123.0,1185.0,1185.0,1132.6,1126.0,73280.0,1123.0,1123.0,1104.0,1112.0,11300.0,-0.9795191451469232,0.0,-0.9795191451469232,-6.160337552742612,-6.160337552742612,6.564748201438841,0.0,0.15420305676855894,False,False,False
4412,サイエンスアーツ,2026-09-02,1355.0,1414.0,1414.0,1313.8,1205.44,27020.0,1350.0,1420.0,1350.0,1400.0,6100.0,3.3210332103321027,-0.36900369003689537,3.703703703703698,-0.990099009900991,-0.990099009900991,1.0000000000000009,0.0,0.22575869726128794,True,False,False
4413,ボードルア,2026-09-02,2963.0,3290.0,3290.0,2965.2,2893.72,503060.0,2964.0,2966.0,2964.0,2964.0,66400.0,0.03374957813027102,0.03374957813027102,0.0,-9.90881458966565,-9.90881458966565,10.998650472334681,0.0,0.13199220768894365,False,False,False
4414,フレクト,2026-09-02,1075.0,1343.0,1343.0,1166.8,1169.56,78260.0,1084.0,1084.0,1084.0,1084.0,800.0,0.8372093023255811,0.8372093023255811,0.0,-19.285182427401338,-19.285182427401338,23.89298892988929,0.0,0.010222335803731152,False,False,False
4415,ブロードエンタープライズ,2026-09-02,1404.0,1494.0,1494.0,1412.0,1385.52,23340.0,1410.0,1416.0,1397.0,1409.0,3800.0,0.35612535612534746,0.42735042735042583,-0.07092198581559739,-5.689424364123163,-5.689424364123163,6.0326472675656495,0.0,0.16281062553556128,False,False,False
4416,Ｔｒｕｅ　Ｄａｔａ,2026-09-02,417.0,466.0,466.0,419.2,404.92,19780.0,413.0,413.0,413.0,413.0,200.0,-0.959232613908878,-0.959232613908878,0.0,-11.37339055793991,-11.37339055793991,12.832929782082324,0.0,0.010111223458038422,False,False,False
4417,グローバルセキュリティエキスパート,2026-09-02,4495.0,5060.0,5060.0,4740.0,4569.2,62240.0,4335.0,4360.0,4280.0,4305.0,10800.0,-4.22691879866518,-3.5595105672969973,-0.692041522491349,-14.920948616600793,-14.920948616600793,17.53774680603948,0.0,0.17352185089974292,False,False,False
4418,ＪＤＳＣ,2026-09-02,1095.0,1155.0,1155.0,1106.0,926.68,265580.0,1119.0,1131.0,1111.0,1131.0,32000.0,3.287671232876721,2.191780821917799,1.072386058981234,-2.0779220779220786,-2.0779220779220786,2.1220159151193574,0.0,0.12049100082837563,True,False,False
4419,Ｆｉｎａｔｅｘｔホールディングス,2026-09-02,1332.0,1674.0,1674.0,1419.4,1458.12,489260.0,1397.0,1400.0,1374.0,1384.0,86600.0,3.9039039039038936,4.879879879879878,-0.9305654974946287,-17.32377538829152,-17.32377538829152,20.953757225433534,0.0,0.17700200302497648,False,False,False
441A,ＮＥ,2026-09-02,251.0,289.0,289.0,268.6,268.16,38020.0,257.0,261.0,257.0,261.0,3300.0,3.984063745019917,2.39043824701195,1.5564202334630295,-9.688581314878897,-9.688581314878897,10.727969348659006,0.0,0.08679642293529721,True,False,False
4420,イーソル,2026-09-02,829.0,1010.0,1010.0,828.8,736.52,1018320.0,849.0,850.0,836.0,841.0,57300.0,1.4475271411338975,2.4125452352231624,-0.9422850412249661,-16.732673267326735,-16.732673267326735,20.09512485136742,0.0,0.056269149186896066,False,False,False
4421,ディ・アイ・システム,2026-09-02,944.0,950.0,950.0,945.2,932.36,2660.0,942.0,943.0,942.0,943.0,200.0,-0.10593220338983578,-0.21186440677966045,0.10615711252655036,-0.736842105263158,-0.736842105263158,0.7423117709437932,0.0,0.07518796992481203,True,False,False
4422,ＶＡＬＵＥＮＥＸ,2026-09-02,570.0,664.0,664.0,598.0,563.44,233660.0,570.0,573.0,565.0,570.0,10700.0,0.0,0.0,0.0,-14.156626506024095,-14.156626506024095,16.491228070175445,0.0,0.045793032611486775,False,False,False
4424,Ａｍａｚｉａ,2026-09-02,347.0,430.0,475.0,344.8,353.2,237600.0,349.0,350.0,347.0,347.0,4100.0,0.0,0.5763688760807018,-0.5730659025787954,-19.30232558139535,-26.94736842105263,36.887608069164266,10.465116279069765,0.017255892255892257,False,False,False
4425,Ｋｕｄａｎ,2026-09-02,1417.0,1755.0,1870.0,1501.0,1572.52,381160.0,1489.0,1489.0,1466.0,1481.0,34300.0,4.516584333098095,5.081157374735357,-0.5372733378106065,-15.612535612535616,-20.802139037433154,26.266036461850106,6.552706552706544,0.08998845629132123,False,False,False
4427,ＥｄｕＬａｂ,2026-09-02,222.0,232.0,232.0,225.8,214.28,10820.0,227.0,227.0,227.0,227.0,100.0,2.2522522522522515,2.2522522522522515,0.0,-2.155172413793105,-2.155172413793105,2.2026431718061623,0.0,0.009242144177449169,False,False,False
4428,シノプス,2026-09-02,699.0,731.0,749.0,711.0,707.52,3100.0,703.0,703.0,700.0,700.0,500.0,0.14306151645206988,0.5722460658083017,-0.4267425320056861,-4.240766073871405,-6.542056074766355,7.000000000000006,2.4623803009576006,0.16129032258064516,False,False,False
4429,リックソフト,2026-09-02,720.0,737.0,737.0,727.4,714.36,1260.0,717.0,720.0,717.0,720.0,500.0,0.0,-0.4166666666666652,0.4184100418409997,-2.3066485753052923,-2.3066485753052923,2.3611111111111027,0.0,0.3968253968253968,True,False,False
442A,クラシコ,2026-09-02,982.0,993.0,999.0,980.2,969.32,1380.0,976.0,976.0,976.0,976.0,200.0,-0.6109979633401208,-0.6109979633401208,0.0,-1.7119838872104776,-2.302302302302306,2.3565573770491843,0.6042296072507503,0.14492753623188406,False,False,False
4430,東海ソフト,2026-09-02,1777.0,1840.0,1840.0,1764.8,1682.44,45320.0,1799.0,1799.0,1780.0,1780.0,1100.0,0.16882386043894915,1.2380416432189012,-1.0561423012784843,-3.2608695652173947,-3.2608695652173947,3.370786516853941,0.0,0.024271844660194174,False,False,False
4431,スマレジ,2026-09-02,3500.0,3825.0,3825.0,3643.0,3360.6,236720.0,3500.0,3530.0,3480.0,3490.0,8800.0,-0.28571428571428914,0.0,-0.28571428571428914,-8.758169934640526,-8.758169934640526,9.598853868194833,0.0,0.03717472118959108,False,False,False
4432,ウイングアーク１ｓｔ,2026-09-02,3310.0,3585.0,3585.0,3427.0,3252.6,389360.0,3390.0,3420.0,3390.0,3395.0,17300.0,2.5679758308157163,2.4169184290030232,0.1474926253687281,-5.299860529986056,-5.299860529986056,5.596465390279826,0.0,0.04443188822683378,True,False,False
4433,ヒト・コミュニケーションズ・ホールディングス,2026-09-02,866.0,912.0,912.0,878.6,895.8,81100.0,861.0,863.0,860.0,861.0,9600.0,-0.5773672055427226,-0.5773672055427226,0.0,-5.592105263157898,-5.592105263157898,5.923344947735187,0.0,0.11837237977805179,False,False,False
4434,サーバーワークス,2026-09-02,2485.0,2682.0,2682.0,2526.4,2447.52,81240.0,2462.0,2463.0,2444.0,2444.0,3100.0,-1.6498993963782738,-0.9255533199195143,-0.7311129163281915,-8.873974645786731,-8.873974645786731,9.738134206219318,0.0,0.038158542589857215,False,False,False
4436,ミンカブ・ジ・インフォノイド,2026-09-02,414.0,472.0,472.0,416.4,436.64,37860.0,419.0,419.0,416.0,416.0,7000.0,0.48309178743961567,1.2077294685990392,-0.7159904534606243,-11.864406779661019,-11.864406779661019,13.461538461538458,0.0,0.184891706286318,False,False,False
4437,ｇｏｏｄｄａｙｓホールディングス,2026-09-02,740.0,837.0,837.0,767.4,786.64,5960.0,746.0,746.0,746.0,746.0,100.0,0.8108108108108025,0.8108108108108025,0.0,-10.872162485065706,-10.872162485065706,12.198391420911525,0.0,0.016778523489932886,False,False,False
4438,Ｗｅｌｂｙ,2026-09-02,259.0,267.0,267.0,256.6,255.76,3740.0,258.0,258.0,258.0,258.0,4100.0,-0.38610038610038533,-0.38610038610038533,0.0,-3.3707865168539297,-3.3707865168539297,3.488372093023262,0.0,1.0962566844919786,False,False,False
4439,東名,2026-09-02,801.0,820.0,880.0,781.8,769.88,11500.0,796.0,796.0,796.0,796.0,200.0,-0.6242197253433224,-0.6242197253433224,0.0,-2.9268292682926855,-9.545454545454547,10.552763819095468,7.317073170731714,0.017391304347826087,False,False,False
4440,ヴィッツ,2026-09-02,1838.0,1930.0,1930.0,1570.6,1245.32,1859700.0,2032.0,2147.0,1901.0,1958.0,737000.0,6.528835690968449,10.55495103373232,-3.6417322834645716,1.4507772020725396,1.4507772020725396,-1.430030643513791,0.0,0.39630047857181266,False,True,True
4441,トビラシステムズ,2026-09-02,1491.0,1601.0,1695.0,1491.6,1519.52,13380.0,1483.0,1549.0,1483.0,1518.0,9600.0,1.810865191146882,-0.5365526492287054,2.3600809170600145,-5.184259837601502,-10.442477876106192,11.660079051383399,5.871330418488441,0.7174887892376681,True,False,False
4442,バルテス・ホールディングス,2026-09-02,415.0,415.0,415.0,407.2,405.56,42020.0,412.0,412.0,408.0,408.0,16800.0,-1.6867469879518038,-0.7228915662650603,-0.9708737864077666,-1.6867469879518038,-1.6867469879518038,1.7156862745097978,0.0,0.39980961446930036,False,False,False
4443,Ｓａｎｓａｎ,2026-09-02,2111.0,2355.0,2355.0,2234.8,2069.2,1433240.0,2260.0,2270.0,2209.0,2209.0,349300.0,4.6423495973472395,7.0582662245381345,-2.2566371681415953,-6.1995753715498925,-6.1995753715498925,6.609325486645545,0.0,0.2437135441377578,False,False,False
4444,インフォネット,2026-09-02,952.0,1050.0,1050.0,950.8,949.24,1140.0,950.0,969.0,950.0,955.0,1900.0,0.31512605042016695,-0.21008403361344463,0.5263157894736858,-9.04761904761905,-9.04761904761905,9.947643979057585,0.0,1.6666666666666667,True,False,False
4445,リビン・テクノロジーズ,2026-09-02,1902.0,1940.0,1940.0,1882.4,1846.36,1980.0,1954.0,1954.0,1954.0,1954.0,200.0,2.733964248159837,2.733964248159837,0.0,0.7216494845360799,0.7216494845360799,-0.7164790174002067,0.0,0.10101010101010101,False,True,True
4446,Ｌｉｎｋ－Ｕグループ,2026-09-02,838.0,901.0,901.0,858.4,833.44,29380.0,833.0,834.0,816.0,821.0,12000.0,-2.028639618138428,-0.5966587112171795,-1.4405762304921965,-8.879023307436185,-8.879023307436185,9.744214372716197,0.0,0.4084411164057182,False,False,False
4447,ピー・ビーシステムズ,2026-09-02,505.0,511.0,511.0,503.4,486.08,15460.0,503.0,503.0,503.0,503.0,2400.0,-0.3960396039603964,-0.3960396039603964,0.0,-1.5655577299412915,-1.5655577299412915,1.5904572564612307,0.0,0.15523932729624837,False,False,False
4448,ｋｕｂｅｌｌ,2026-09-02,340.0,375.0,375.0,355.2,332.84,136680.0,340.0,352.0,340.0,347.0,29700.0,2.0588235294117574,0.0,2.0588235294117574,-7.466666666666666,-7.466666666666666,8.069164265129691,0.0,0.21729587357330993,True,False,False
4450,パワーソリューションズ,2026-09-02,2348.0,2384.0,2384.0,2344.6,2219.12,2840.0,2329.0,2329.0,2329.0,2329.0,100.0,-0.8091993185689983,-0.8091993185689983,0.0,-2.307046979865768,-2.307046979865768,2.361528553027048,0.0,0.035211267605633804,False,False,False
4452,花王,2026-09-02,3583.0,3782.0,3782.0,3618.4,3516.28,3146380.0,3510.0,3527.0,3491.0,3512.0,417400.0,-1.9815796818308695,-2.0373988277979316,0.056980056980049376,-7.139079851930196,-7.139079851930196,7.6879271070614985,0.0,0.13266039067118401,True,False,False
4461,第一工業製薬,2026-09-02,12830.0,15900.0,15900.0,13574.0,13484.8,190600.0,12900.0,13120.0,12760.0,12910.0,39100.0,0.623538581449723,0.5455962587685104,0.07751937984497026,-18.805031446540877,-18.805031446540877,23.16034082106895,0.0,0.20514165792235048,True,False,False
4462,石原ケミカル,2026-09-02,2908.0,3380.0,3380.0,2948.6,3034.64,27660.0,2946.0,2959.0,2921.0,2949.0,5300.0,1.4099037138927129,1.3067400275103225,0.10183299389001643,-12.751479289940825,-12.751479289940825,14.615123770769745,0.0,0.19161243673174258,True,False,False
4463,日華化学,2026-09-02,2017.0,2121.0,2143.0,2030.4,2014.24,12260.0,2029.0,2029.0,2003.0,2015.0,3100.0,-0.09915716410510145,0.5949429846306309,-0.6899950714637781,-4.997642621404996,-5.972935137657487,6.352357320099267,1.0372465818010435,0.2528548123980424,False,False,False
4465,ニイタカ,2026-09-02,2397.0,2499.0,2499.0,2437.4,2361.0,5700.0,2395.0,2395.0,2395.0,2395.0,100.0,-0.08343763037129692,-0.08343763037129692,0.0,-4.161664665866349,-4.161664665866349,4.342379958246356,0.0,0.017543859649122806,False,False,False
446A,ノースサンド,2026-09-02,2180.0,2219.0,2219.0,2127.0,1841.76,511220.0,2247.0,2280.0,2243.0,2269.0,78400.0,4.0825688073394595,3.07339449541284,0.9790832220738732,2.253267237494372,2.253267237494372,-2.20361392684002,0.0,0.1533586322913814,True,True,True
4471,三洋化成工業,2026-09-02,6400.0,6740.0,6740.0,6478.0,6003.4,168900.0,6350.0,6370.0,6140.0,6180.0,18200.0,-3.4375000000000044,-0.78125,-2.677165354330713,-8.308605341246288,-8.308605341246288,9.061488673139163,0.0,0.10775606867969213,False,False,False
4475,ＨＥＮＮＧＥ,2026-09-02,1618.0,1816.0,1816.0,1689.8,1494.44,964620.0,1650.0,1659.0,1634.0,1646.0,89200.0,1.7305315203955507,1.977750309023496,-0.24242424242424399,-9.361233480176212,-9.361233480176212,10.3280680437424,0.0,0.09247164686612344,False,False,False
4476,ＡＩ　ＣＲＯＳＳ,2026-09-02,1120.0,1204.0,1204.0,1165.0,1112.8,27720.0,1105.0,1105.0,1105.0,1105.0,400.0,-1.3392857142857095,-1.3392857142857095,0.0,-8.222591362126241,-8.222591362126241,8.959276018099537,0.0,0.01443001443001443,False,False,False
4477,ＢＡＳＥ,2026-09-02,345.0,375.0,375.0,342.2,308.28,2626840.0,350.0,351.0,349.0,350.0,503500.0,1.449275362318847,1.449275362318847,0.0,-6.666666666666665,-6.666666666666665,7.14285714285714,0.0,0.19167516864369355,False,False,False
4478,フリー,2026-09-02,3965.0,4585.0,4585.0,4235.0,3339.2,1134420.0,4145.0,4180.0,4050.0,4120.0,163100.0,3.90920554854981,4.5397225725094525,-0.6031363088057851,-10.141766630316251,-10.141766630316251,11.28640776699028,0.0,0.14377391089719857,False,False,False
4479,マクアケ,2026-09-02,934.0,1035.0,1060.0,946.2,887.48,167520.0,987.0,1023.0,978.0,1021.0,41500.0,9.314775160599575,5.674518201284795,3.444782168186422,-1.352657004830915,-3.6792452830188727,3.8197845249755114,2.4154589371980784,0.2477316141356256,True,False,False
4480,メドレー,2026-09-02,2590.0,3040.0,3040.0,2680.2,2470.24,379440.0,2568.0,2572.0,2544.0,2550.0,21400.0,-1.5444015444015413,-0.8494208494208455,-0.7009345794392496,-16.118421052631582,-16.118421052631582,19.215686274509803,0.0,0.0563989036474805,False,False,False
4481,ベース,2026-09-02,3325.0,3445.0,3445.0,3375.0,3262.8,80880.0,3340.0,3365.0,3340.0,3350.0,5500.0,0.7518796992481258,0.4511278195488799,0.29940119760478723,-2.7576197387518153,-2.7576197387518153,2.8358208955223896,0.0,0.06800197823936696,True,False,False
4482,ウィルズ,2026-09-02,737.0,755.0,755.0,734.6,727.76,9440.0,741.0,741.0,741.0,741.0,600.0,0.5427408412483015,0.5427408412483015,0.0,-1.8543046357615944,-1.8543046357615944,1.8893387314439902,0.0,0.0635593220338983,False,False,False
4483,ＪＭＤＣ,2026-09-02,3365.0,3605.0,3605.0,3463.0,3361.2,328000.0,3440.0,3485.0,3410.0,3425.0,30600.0,1.7830609212481363,2.2288261515601704,-0.43604651162790775,-4.993065187239942,-4.993065187239942,5.2554744525547425,0.0,0.09329268292682927,False,False,False
4484,ランサーズ,2026-09-02,300.0,309.0,309.0,293.6,289.72,21980.0,297.0,297.0,291.0,293.0,11600.0,-2.3333333333333317,-1.0000000000000009,-1.3468013468013518,-5.177993527508096,-5.177993527508096,5.460750853242313,0.0,0.5277525022747953,False,False,False
4486,ユナイトアンドグロウ,2026-09-02,690.0,709.0,709.0,702.2,673.12,6100.0,669.0,680.0,669.0,680.0,1300.0,-1.449275362318836,-3.04347826086957,1.6442451420029869,-4.090267983074758,-4.090267983074758,4.264705882352948,0.0,0.21311475409836064,True,False,False
4487,スペースマーケット,2026-09-02,229.0,239.0,239.0,230.0,226.84,4700.0,229.0,231.0,229.0,230.0,300.0,0.4366812227074135,0.0,0.4366812227074135,-3.765690376569042,-3.765690376569042,3.913043478260869,0.0,0.06382978723404255,True,False,False
4488,ＡＩ　ｉｎｓｉｄｅ,2026-09-02,2228.0,2380.0,2380.0,2259.4,2172.2,18280.0,2245.0,2245.0,2243.0,2243.0,400.0,0.6732495511669656,0.763016157989238,-0.08908685968819219,-5.756302521008405,-5.756302521008405,6.107891217119921,0.0,0.02188183807439825,False,False,False
4490,ビザスク,2026-09-02,679.0,690.0,690.0,662.4,665.08,12360.0,661.0,671.0,661.0,661.0,600.0,-2.6509572901325495,-2.6509572901325495,0.0,-4.202898550724643,-4.202898550724643,4.387291981845687,0.0,0.04854368932038835,False,False,False
4491,コンピューターマネージメント,2026-09-02,3275.0,3290.0,3290.0,3262.0,3225.4,4280.0,3295.0,3295.0,3295.0,3295.0,100.0,0.6106870229007688,0.6106870229007688,0.0,0.1519756838905817,0.1519756838905817,-0.15174506828528056,0.0,0.02336448598130841,False,True,True
4492,ゼネテック,2026-09-02,390.0,430.0,430.0,390.6,385.24,86420.0,412.0,412.0,402.0,403.0,1900.0,3.3333333333333437,5.641025641025643,-2.1844660194174748,-6.279069767441858,-6.279069767441858,6.699751861042191,0.0,0.02198565146956723,False,False,False
4493,サイバーセキュリティクラウド,2026-09-02,1800.0,2048.0,2048.0,1894.6,1884.24,293880.0,1780.0,1781.0,1740.0,1746.0,38700.0,-3.0000000000000027,-1.1111111111111072,-1.9101123595505642,-14.74609375,-14.74609375,17.296678121420396,0.0,0.13168640261331155,False,False,False
4495,アイキューブドシステムズ,2026-09-02,2006.0,2196.0,2196.0,2072.2,1967.96,9160.0,2001.0,2003.0,2001.0,2003.0,1400.0,-0.14955134596211783,-0.24925224327019269,0.09995002498750516,-8.788706739526408,-8.788706739526408,9.635546679980035,0.0,0.15283842794759825,True,False,False
4496,コマースＯｎｅホールディングス,2026-09-02,779.0,814.0,855.0,777.2,781.6,6120.0,779.0,786.0,774.0,778.0,5800.0,-0.12836970474967568,0.0,-0.12836970474967568,-4.422604422604426,-9.005847953216373,9.89717223650386,5.036855036855026,0.9477124183006536,False,False,False
4498,サイバートラスト,2026-09-02,1277.0,1396.0,1396.0,1332.8,1278.2,67220.0,1276.0,1306.0,1276.0,1282.0,4400.0,0.3915426781519127,-0.0783085356303892,0.4702194357366851,-8.166189111747846,-8.166189111747846,8.89235569422777,0.0,0.06545670931270456,True,False,False
4499,Ｓｐｅｅｅ,2026-09-02,2309.0,2940.0,2940.0,2470.2,2424.96,153200.0,2345.0,2448.0,2345.0,2430.0,24700.0,5.240363793850156,1.5591165006496377,3.6247334754797356,-17.3469387755102,-17.3469387755102,20.98765432098766,0.0,0.1612271540469974,True,False,False
4502,武田薬品工業,2026-09-02,5824.0,5906.0,5906.0,5808.6,5656.24,3878720.0,5757.0,5757.0,5647.0,5707.0,1586800.0,-2.00892857142857,-1.1504120879120894,-0.8685079034219223,-3.369454791737214,-3.369454791737214,3.4869458559663613,0.0,0.4091040343206006,False,False,False
4503,アステラス製薬,2026-09-02,2389.5,2455.0,2455.0,2387.4,2328.84,7489600.0,2380.0,2392.0,2358.0,2362.5,937800.0,-1.1299435028248594,-0.3975727139568952,-0.7352941176470562,-3.7678207739307523,-3.7678207739307523,3.9153439153439162,0.0,0.12521362956633197,False,False,False
4506,住友ファーマ,2026-09-02,1633.5,1653.0,1653.0,1540.7,1382.46,4298500.0,1654.0,1695.0,1652.0,1656.0,810200.0,1.377410468319562,1.2549739822466988,0.12091898428052694,0.1814882032667775,0.1814882032667775,-0.18115942028985588,0.0,0.18848435500756078,True,True,True
4507,塩野義製薬,2026-09-02,2982.0,3005.0,3082.0,2932.9,2886.62,2315240.0,2945.5,2968.0,2923.0,2937.0,476500.0,-1.5090543259557387,-1.2240107310529824,-0.2885757935834343,-2.2628951747088233,-4.704737183646978,4.937010554988075,2.562396006655576,0.2058101967830549,False,False,False
4512,わかもと製薬,2026-09-02,309.0,319.0,319.0,311.6,284.2,67720.0,307.0,307.0,306.0,306.0,300.0,-0.9708737864077666,-0.6472491909385147,-0.32573289902280145,-4.075235109717868,-4.075235109717868,4.2483660130719025,0.0,0.004430005906674543,False,False,False
4516,日本新薬,2026-09-02,3497.0,3761.0,4088.0,3556.0,3565.16,457120.0,3474.0,3490.0,3433.0,3442.0,66000.0,-1.5727766657134712,-0.6577066056620007,-0.921128382268277,-8.481786758840737,-15.802348336594907,18.76815804764671,8.694496144642372,0.14438221911095556,False,False,False
4519,中外製薬,2026-09-02,6832.0,7229.0,7509.0,6931.8,6940.28,2139020.0,6818.0,6867.0,6799.0,6824.0,291500.0,-0.11709601873536313,-0.2049180327868827,0.08800234672925455,-5.6024346382625545,-9.122386469569854,10.038100820633055,3.8732881449716317,0.13627736066048937,True,False,False
4521,科研製薬,2026-09-02,3960.0,4060.0,4060.0,3990.0,3950.8,106880.0,3960.0,3960.0,3925.0,3930.0,15600.0,-0.7575757575757569,0.0,-0.7575757575757569,-3.2019704433497553,-3.2019704433497553,3.30788804071247,0.0,0.14595808383233533,False,False,False
4523,エーザイ,2026-09-02,4732.0,5040.0,5132.0,4774.4,4820.68,1246800.0,4795.0,4805.0,4686.0,4710.0,243800.0,-0.46491969568892566,1.3313609467455523,-1.7726798748696537,-6.547619047619047,-8.222915042868273,8.959660297239914,1.825396825396819,0.1955405838947706,False,False,False
4524,森下仁丹,2026-09-02,2244.0,2249.0,2249.0,2242.6,2233.12,880.0,2240.0,2243.0,2238.0,2243.0,1200.0,-0.04456327985740138,-0.17825311942959443,0.1339285714285765,-0.2667852378835045,-0.2667852378835045,0.2674988854213023,0.0,1.3636363636363635,True,False,False
4526,理研ビタミン,2026-09-02,3355.0,3470.0,3470.0,3406.0,3276.8,60000.0,3325.0,3325.0,3250.0,3255.0,67100.0,-2.980625931445602,-0.8941877794336861,-2.1052631578947323,-6.195965417867432,-6.195965417867432,6.60522273425499,0.0,1.1183333333333334,False,False,False
4527,ロート製薬,2026-09-02,3039.0,3122.0,3122.0,3065.8,2772.44,1146700.0,3021.0,3037.0,2985.0,2995.0,134000.0,-1.4478446857518867,-0.5923000987166804,-0.860642171466397,-4.067905188981424,-4.067905188981424,4.240400667779642,0.0,0.11685706810848522,False,False,False
4528,小野薬品工業,2026-09-02,2470.0,2517.5,2517.5,2463.8,2425.24,1274900.0,2460.0,2480.0,2419.5,2432.0,192000.0,-1.538461538461533,-0.4048582995951455,-1.1382113821138184,-3.396226415094339,-3.396226415094339,3.515625,0.0,0.1506000470625147,False,False,False
4531,有機合成薬品工業,2026-09-02,364.0,374.0,374.0,366.6,355.04,38740.0,361.0,361.0,361.0,361.0,4300.0,-0.8241758241758212,-0.8241758241758212,0.0,-3.475935828877008,-3.475935828877008,3.6011080332410073,0.0,0.1109963861641714,False,False,False
4534,持田製薬,2026-09-02,3280.0,3340.0,3340.0,3290.0,3232.4,47140.0,3280.0,3285.0,3250.0,3260.0,9400.0,-0.6097560975609762,0.0,-0.6097560975609762,-2.39520958083832,-2.39520958083832,2.4539877300613577,0.0,0.19940602460755197,False,False,False
4536,参天製薬,2026-09-02,1867.5,1990.0,2039.5,1871.8,1901.94,1591080.0,1845.5,1859.5,1825.5,1835.5,141100.0,-1.7135207496653315,-1.1780455153949099,-0.5418585749119464,-7.763819095477387,-10.002451581269922,11.114137837101602,2.487437185929653,0.08868190160142796,False,False,False
4538,扶桑薬品工業,2026-09-02,2286.0,2330.0,2330.0,2297.2,2249.84,10920.0,2262.0,2262.0,2256.0,2256.0,1800.0,-1.3123359580052507,-1.049868766404205,-0.2652519893899252,-3.175965665236047,-3.175965665236047,3.280141843971629,0.0,0.16483516483516483,False,False,False
4539,日本ケミファ,2026-09-02,1600.0,1612.0,1674.0,1585.8,1583.72,6200.0,1600.0,1600.0,1566.0,1569.0,1600.0,-1.937500000000003,0.0,-1.937500000000003,-2.667493796526055,-6.272401433691755,6.692160611854692,3.8461538461538547,0.25806451612903225,False,False,False
4540,ツムラ,2026-09-02,3780.0,3870.0,4079.0,3795.0,3786.44,414100.0,3730.0,3749.0,3714.0,3717.0,151200.0,-1.6666666666666718,-1.3227513227513255,-0.34852546916890326,-3.953488372093028,-8.874724197107131,9.739036857680915,5.40051679586564,0.3651291958464139,False,False,False
4543,テルモ,2026-09-02,2469.0,2689.0,2689.0,2525.7,2496.18,3993240.0,2446.0,2463.5,2420.5,2422.5,501800.0,-1.883353584447145,-0.93155123531794,-0.9607522485690967,-9.910747489773152,-9.910747489773152,11.001031991744071,0.0,0.12566236940429326,False,False,False
4544,Ｈ．Ｕ．グループホールディングス,2026-09-02,3422.0,3717.0,3717.0,3595.4,3552.56,247020.0,3455.0,3466.0,3411.0,3418.0,18800.0,-0.11689070718877703,0.9643483343074299,-1.0709117221418207,-8.044121603443632,-8.044121603443632,8.747805734347569,0.0,0.07610719779774917,False,False,False
4547,キッセイ薬品工業,2026-09-02,4065.0,4180.0,4360.0,4094.0,4088.6,55400.0,4045.0,4050.0,4030.0,4045.0,6900.0,-0.49200492004920493,-0.49200492004920493,0.0,-3.229665071770338,-7.224770642201839,7.787391841779967,4.306220095693769,0.12454873646209386,False,False,False
4548,生化学工業,2026-09-02,706.0,734.0,761.0,716.0,716.04,386640.0,704.0,704.0,701.0,702.0,60500.0,-0.5665722379603388,-0.283286118980175,-0.28409090909090606,-4.3596730245231585,-7.752956636005259,8.404558404558404,3.6784741144414212,0.1564763087109456,False,False,False
4549,栄研化学,2026-09-02,2329.0,2392.0,2596.0,2320.2,2292.2,381280.0,2301.0,2319.0,2291.0,2291.0,7300.0,-1.6316015457277788,-1.2022327179046832,-0.4345936549326357,-4.222408026755852,-11.748844375963019,13.312963771278907,8.528428093645491,0.01914603441040705,False,False,False
4552,ＪＣＲファーマ,2026-09-02,523.0,546.0,546.0,531.8,514.52,441480.0,527.0,531.0,522.0,523.0,64500.0,0.0,0.7648183556405286,-0.7590132827324458,-4.212454212454208,-4.212454212454208,4.397705544933084,0.0,0.14609948355531394,False,False,False
4553,東和薬品,2026-09-02,3640.0,3995.0,4275.0,3842.0,3875.8,109300.0,3600.0,3600.0,3550.0,3580.0,51200.0,-1.6483516483516536,-1.098901098901095,-0.5555555555555536,-10.387984981226527,-16.25730994152047,19.413407821229043,7.008760951188986,0.4684354986276304,False,False,False
4554,富士製薬工業,2026-09-02,1763.0,1892.0,1931.0,1809.4,1838.08,133140.0,1749.0,1749.0,1722.0,1727.0,27100.0,-2.041973908111172,-0.794100964265454,-1.2578616352201255,-8.720930232558144,-10.564474365613673,11.812391430225833,2.0613107822410104,0.2035451404536578,False,False,False
4558,中京医薬品,2026-09-02,202.0,203.0,203.0,201.6,200.52,14800.0,201.0,201.0,201.0,201.0,800.0,-0.4950495049504955,-0.4950495049504955,0.0,-0.9852216748768461,-0.9852216748768461,0.995024875621886,0.0,0.05405405405405406,False,False,False
4559,ゼリア新薬工業,2026-09-02,2011.0,2173.0,2203.0,2028.4,2082.24,179540.0,1977.0,1978.0,1961.0,1966.0,79200.0,-2.237692690203874,-1.6907011437095942,-0.5563985837126917,-9.526000920386558,-10.75805719473445,12.05493387589014,1.3805798435342798,0.44112732538710037,False,False,False
4563,アンジェス,2026-09-02,39.0,51.0,51.0,39.4,44.32,1076000.0,39.0,40.0,39.0,40.0,72000.0,2.564102564102555,0.0,2.564102564102555,-21.568627450980394,-21.568627450980394,27.499999999999993,0.0,0.06691449814126393,True,False,False
4564,オンコセラピー・サイエンス,2026-09-02,21.0,23.0,23.0,21.8,20.48,152565740.0,22.0,23.0,21.0,21.0,91220800.0,0.0,4.761904761904767,-4.545454545454541,-8.695652173913048,-8.695652173913048,9.523809523809534,0.0,0.5979114314917622,False,False,False
4565,ネクセラファーマ,2026-09-02,1150.0,1216.0,1216.0,1128.6,1025.12,1463920.0,1188.0,1191.0,1144.0,1155.0,300200.0,0.43478260869564966,3.3043478260869508,-2.777777777777779,-5.016447368421051,-5.016447368421051,5.281385281385287,0.0,0.2050658505929286,False,False,False
4568,第一三共,2026-09-02,2883.0,2958.0,2958.0,2879.8,2771.82,6200380.0,2846.5,2860.0,2798.0,2810.5,998500.0,-2.5147415886229596,-1.2660423170308688,-1.2647110486562418,-4.986477349560515,-4.986477349560515,5.248176481053202,0.0,0.16103851699411972,False,False,False
4569,杏林製薬,2026-09-02,1183.0,1205.0,1229.0,1179.0,1143.2,485900.0,1160.0,1167.0,1146.0,1148.0,33200.0,-2.9585798816568087,-1.9442096365173245,-1.0344827586206917,-4.730290456431541,-6.590724165988604,7.055749128919864,1.991701244813271,0.06832681621732867,False,False,False
456A,ＨＵＭＡＮ　ＭＡＤＥ,2026-09-02,1504.0,1799.0,1799.0,1600.0,1465.12,445720.0,1496.0,1529.0,1489.0,1525.0,63500.0,1.3962765957446832,-0.5319148936170248,1.9385026737967825,-15.230683713173987,-15.230683713173987,17.967213114754088,0.0,0.14246612222920219,True,False,False
4570,免疫生物研究所,2026-09-02,1030.0,1148.0,1148.0,1072.8,1015.64,184700.0,1041.0,1051.0,1040.0,1040.0,6100.0,0.9708737864077666,1.0679611650485477,-0.09606147934678733,-9.40766550522648,-9.40766550522648,10.384615384615392,0.0,0.03302652950730915,False,False,False
4571,ＮＡＮＯホールディングス,2026-09-02,99.0,118.0,118.0,102.4,102.28,498180.0,100.0,102.0,100.0,101.0,59400.0,2.020202020202011,1.0101010101010166,1.0000000000000009,-14.406779661016945,-14.406779661016945,16.831683168316825,0.0,0.11923401180296278,True,False,False
4572,カルナバイオサイエンス,2026-09-02,406.0,436.0,436.0,415.0,360.24,141500.0,406.0,411.0,406.0,407.0,4700.0,0.24630541871921707,0.0,0.24630541871921707,-6.65137614678899,-6.65137614678899,7.125307125307123,0.0,0.033215547703180213,True,False,False
4574,大幸薬品,2026-09-02,257.0,273.0,276.0,261.4,259.72,106940.0,254.0,255.0,252.0,253.0,17400.0,-1.5564202334630295,-1.1673151750972721,-0.3937007874015741,-7.326007326007322,-8.333333333333337,9.090909090909083,1.098901098901095,0.162708060594726,False,False,False
4575,キャンバス,2026-09-02,860.0,925.0,925.0,862.2,783.36,239060.0,806.0,807.0,770.0,785.0,94900.0,-8.720930232558144,-6.279069767441858,-2.605459057071957,-15.135135135135137,-15.135135135135137,17.834394904458595,0.0,0.3969714715970886,False,False,False
4576,デ・ウエスタン・セラピテクス研究所,2026-09-02,86.0,90.0,90.0,88.0,82.96,157560.0,90.0,91.0,84.0,84.0,600600.0,-2.3255813953488413,4.651162790697683,-6.666666666666665,-6.666666666666665,-6.666666666666665,7.14285714285714,0.0,3.8118811881188117,False,False,False
4577,ダイト,2026-09-02,1323.0,1385.0,1385.0,1341.6,1308.12,77280.0,1308.0,1314.0,1301.0,1310.0,14200.0,-0.9826152683295564,-1.13378684807256,0.1529051987767538,-5.415162454873645,-5.415162454873645,5.725190839694649,0.0,0.18374741200828157,True,False,False
4578,大塚ホールディングス,2026-09-02,12190.0,12795.0,12795.0,12236.0,12079.6,1170520.0,12280.0,12320.0,12050.0,12080.0,226300.0,-0.9023789991796538,0.7383100902379036,-1.6286644951140072,-5.588120359515436,-5.588120359515436,5.91887417218544,0.0,0.19333287769538324,False,False,False
4579,ラクオリア創薬,2026-09-02,545.0,617.0,617.0,562.4,530.08,141880.0,551.0,553.0,543.0,544.0,18400.0,-0.18348623853210455,1.1009174311926495,-1.2704174228675091,-11.831442463533225,-11.831442463533225,13.419117647058831,0.0,0.12968705948689033,False,False,False
4582,シンバイオ製薬,2026-09-02,62.0,74.0,74.0,63.2,67.08,237180.0,61.0,62.0,61.0,62.0,30400.0,0.0,-1.6129032258064502,1.6393442622950838,-16.216216216216218,-16.216216216216218,19.354838709677423,0.0,0.1281726958428198,True,False,False
4583,カイオム・バイオサイエンス,2026-09-02,81.0,88.0,88.0,83.6,77.68,368400.0,97.0,99.0,89.0,89.0,2569700.0,9.876543209876543,19.753086419753085,-8.247422680412376,1.1363636363636465,1.1363636363636465,-1.1235955056179803,0.0,6.975298588490771,False,True,True
4584,キッズウェル・バイオ,2026-09-02,167.0,186.0,186.0,174.6,160.6,326960.0,161.0,164.0,161.0,163.0,39400.0,-2.39520958083832,-3.59281437125748,1.2422360248447228,-12.365591397849462,-12.365591397849462,14.110429447852768,0.0,0.12050403719109372,True,False,False
4586,メドレックス,2026-09-02,60.0,72.0,73.0,64.2,65.64,1348900.0,57.0,58.0,56.0,57.0,347900.0,-5.000000000000004,-5.000000000000004,0.0,-20.833333333333336,-21.91780821917808,28.07017543859649,1.388888888888884,0.25791385573430203,False,False,False
4587,ペプチドリーム,2026-09-02,1075.5,1155.0,1155.0,1097.1,1031.8280029296875,807760.0,1095.0,1105.5,1066.5,1070.0,122000.0,-0.5113900511390046,1.8131101813110284,-2.2831050228310557,-7.359307359307355,-7.359307359307355,7.943925233644866,0.0,0.15103496087946916,False,False,False
4588,オンコリスバイオファーマ,2026-09-02,4090.0,4875.0,4875.0,4363.0,3398.16,1735880.0,4110.0,4235.0,4110.0,4145.0,170800.0,1.344743276283622,0.4889975550122161,0.8515815085158085,-14.974358974358971,-14.974358974358971,17.611580217129074,0.0,0.09839389819572782,True,False,False
4591,リボミック,2026-09-02,88.0,95.0,95.0,91.2,80.16,1410100.0,82.0,84.0,82.0,83.0,152400.0,-5.681818181818176,-6.818181818181824,1.2195121951219523,-12.631578947368416,-12.631578947368416,14.457831325301207,0.0,0.10807744131621871,True,False,False
4592,サンバイオ,2026-09-02,907.0,1062.0,1062.0,972.4,981.16,1446060.0,911.0,917.0,905.0,909.0,52800.0,0.22050716648291946,0.4410143329658167,-0.2195389681668547,-14.406779661016945,-14.406779661016945,16.831683168316825,0.0,0.03651300775901415,False,False,False
4593,ヘリオス,2026-09-02,295.0,309.0,309.0,294.2,264.08,2202460.0,293.0,294.0,284.0,285.0,662700.0,-3.3898305084745783,-0.6779661016949157,-2.7303754266211566,-7.7669902912621325,-7.7669902912621325,8.421052631578952,0.0,0.30089082208076423,False,False,False
4594,ブライトパス・バイオ,2026-09-02,52.0,56.0,56.0,53.2,51.4,560380.0,52.0,52.0,51.0,51.0,191600.0,-1.9230769230769273,0.0,-1.9230769230769273,-8.92857142857143,-8.92857142857143,9.80392156862746,0.0,0.34191084621149936,False,False,False
4595,ミズホメディー,2026-09-02,1723.0,1760.0,1760.0,1739.6,1704.76,95540.0,1720.0,1720.0,1709.0,1711.0,9700.0,-0.6964596633778242,-0.17411491584445882,-0.5232558139534937,-2.7840909090909083,-2.7840909090909083,2.863822326125076,0.0,0.10152815574628428,False,False,False
4596,窪田製薬ホールディングス,2026-09-02,65.0,72.0,72.0,67.4,64.92,1009160.0,63.0,65.0,63.0,65.0,219500.0,0.0,-3.076923076923077,3.1746031746031855,-9.722222222222221,-9.722222222222221,10.769230769230775,0.0,0.2175076301082088,True,False,False
4597,ソレイジア・ファーマ,2026-09-02,29.0,36.0,36.0,29.8,30.56,66839540.0,28.0,29.0,28.0,29.0,26336600.0,0.0,-3.4482758620689613,3.571428571428581,-19.444444444444443,-19.444444444444443,24.13793103448276,0.0,0.3940272479433581,True,False,False
4598,Ｄｅｌｔａ－Ｆｌｙ　Ｐｈａｒｍａ,2026-09-02,122.0,154.0,154.0,117.8,107.68,5068180.0,112.0,114.0,109.0,111.0,430000.0,-9.016393442622949,-8.196721311475407,-0.8928571428571397,-27.922077922077925,-27.922077922077925,38.738738738738746,0.0,0.08484307976433354,False,False,False
4599,ステムリム,2026-09-02,313.0,368.0,368.0,338.8,330.2,430760.0,319.0,319.0,308.0,308.0,32300.0,-1.5974440894568676,1.9169329073482455,-3.4482758620689613,-16.30434782608695,-16.30434782608695,19.480519480519476,0.0,0.07498374965177826,False,False,False
460A,ＢＲＡＮＵ,2026-09-02,1041.0,1115.0,1115.0,1050.0,996.76,10500.0,1016.0,1023.0,1013.0,1017.0,3800.0,-2.3054755043227626,-2.40153698366955,0.09842519685039353,-8.789237668161432,-8.789237668161432,9.63618485742379,0.0,0.3619047619047619,True,False,False
4611,大日本塗料,2026-09-02,1570.0,1649.0,1649.0,1594.0,1492.56,95580.0,1555.0,1555.0,1530.0,1554.0,17000.0,-1.0191082802547768,-0.9554140127388533,-0.06430868167202064,-5.761067313523349,-5.761067313523349,6.113256113256105,0.0,0.17786147729650553,False,False,False
4612,日本ペイントホールディングス,2026-09-02,1140.0,1282.5,1282.5,1183.6,1215.04,3417660.0,1135.5,1155.0,1127.5,1133.0,434800.0,-0.6140350877193002,-0.39473684210525883,-0.22016732716865217,-11.65692007797271,-11.65692007797271,13.195057369814656,0.0,0.1272215492471457,False,False,False
4613,関西ペイント,2026-09-02,2801.0,3091.0,3091.0,2857.6,2892.12,648460.0,2800.0,2810.5,2786.0,2802.5,96100.0,0.0535523027490159,-0.0357015351660106,0.08928571428572507,-9.333549013264319,-9.333549013264319,10.29438001784122,0.0,0.14819726737192734,True,False,False
4615,神東塗料,2026-09-02,133.0,136.0,136.0,133.4,131.84,18000.0,133.0,133.0,133.0,133.0,600.0,0.0,0.0,0.0,-2.2058823529411797,-2.2058823529411797,2.2556390977443552,0.0,0.03333333333333333,False,False,False
4616,川上塗料,2026-09-02,2405.0,2688.0,2688.0,2276.8,2110.56,11540.0,2430.0,2430.0,2430.0,2430.0,700.0,1.039501039501034,1.039501039501034,0.0,-9.59821428571429,-9.59821428571429,10.617283950617274,0.0,0.060658578856152515,False,False,False
4617,中国塗料,2026-09-02,3500.0,3760.0,3815.0,3593.0,3609.4,142900.0,3475.0,3480.0,3420.0,3445.0,18300.0,-1.571428571428568,-0.7142857142857117,-0.8633093525179825,-8.377659574468089,-9.698558322411532,10.74020319303337,1.46276595744681,0.12806158152554234,False,False,False
4619,日本特殊塗料,2026-09-02,2709.0,2761.0,2761.0,2709.8,2642.48,25700.0,2681.0,2681.0,2653.0,2662.0,6700.0,-1.7349575489110425,-1.033591731266148,-0.7086907870197723,-3.585657370517925,-3.585657370517925,3.7190082644628086,0.0,0.2607003891050584,False,False,False
4620,藤倉化成,2026-09-02,951.0,1000.0,1000.0,966.6,928.6,106880.0,926.0,931.0,916.0,919.0,9600.0,-3.3648790746582558,-2.628811777076756,-0.7559395248380119,-8.099999999999996,-8.099999999999996,8.813928182807395,0.0,0.08982035928143713,False,False,False
4623,アサヒペン,2026-09-02,1869.0,1895.0,1895.0,1876.2,1811.6,3060.0,1860.0,1860.0,1850.0,1850.0,300.0,-1.016586409844833,-0.48154093097912964,-0.5376344086021501,-2.37467018469657,-2.37467018469657,2.43243243243243,0.0,0.09803921568627451,False,False,False
4624,イサム塗料,2026-09-02,4120.0,4155.0,4155.0,4113.0,3855.2,1000.0,4120.0,4120.0,4120.0,4120.0,100.0,0.0,0.0,0.0,-0.8423586040914532,-0.8423586040914532,0.8495145631068013,0.0,0.1,False,False,False
4625,アトミクス,2026-09-02,855.0,877.0,877.0,825.0,786.96,12880.0,865.0,865.0,865.0,865.0,500.0,1.1695906432748648,1.1695906432748648,0.0,-1.368301026225771,-1.368301026225771,1.387283236994219,0.0,0.03881987577639751,False,False,False
4626,太陽ホールディングス,2026-09-02,4730.0,4981.0,4981.0,4740.0,4780.08,234300.0,4715.0,4720.0,4710.0,4713.0,48300.0,-0.3594080338266359,-0.3171247357293905,-0.042417815482498344,-5.380445693635815,-5.380445693635815,5.686399321026947,0.0,0.20614596670934698,False,False,False
4627,ナトコ,2026-09-02,1916.0,1964.0,1964.0,1910.8,1817.48,8200.0,1937.0,1940.0,1934.0,1937.0,5200.0,1.096033402922747,1.096033402922747,0.0,-1.3747454175152773,-1.3747454175152773,1.3939081053174984,0.0,0.6341463414634146,False,False,False
4628,エスケー化研,2026-09-02,9540.0,9640.0,9640.0,9330.0,9003.6,17520.0,9840.0,9840.0,9750.0,9750.0,800.0,2.2012578616352307,3.1446540880503138,-0.9146341463414642,1.1410788381742698,1.1410788381742698,-1.1282051282051286,0.0,0.045662100456621,False,True,True
4629,大伸化学,2026-09-02,2200.0,2250.0,2250.0,2181.0,2086.52,4880.0,2286.0,2286.0,2286.0,2286.0,800.0,3.9090909090909065,3.9090909090909065,0.0,1.6000000000000014,1.6000000000000014,-1.5748031496062964,0.0,0.16393442622950818,False,True,True
462A,ＦＵＮＤＩＮＮＯ,2026-09-02,279.0,425.0,425.0,333.4,258.32,2975520.0,291.0,297.0,283.0,289.0,74400.0,3.584229390680993,4.3010752688172005,-0.6872852233676952,-31.999999999999996,-31.999999999999996,47.058823529411775,0.0,0.025004032908533636,False,False,False
4631,ＤＩＣ,2026-09-02,4954.0,5876.0,5876.0,5053.2,5015.32,756240.0,4900.0,4920.0,4788.0,4823.0,109000.0,-2.6443278159063333,-1.0900282599919264,-1.571428571428568,-17.920353982300885,-17.920353982300885,21.832884097035034,0.0,0.1441341373109066,False,False,False
4633,サカタインクス,2026-09-02,2622.0,2716.0,2716.0,2670.0,2616.12,123340.0,2618.0,2623.0,2595.0,2604.0,15600.0,-0.6864988558352381,-0.15255530129671957,-0.5347593582887722,-4.123711340206182,-4.123711340206182,4.3010752688172005,0.0,0.12647964974866224,False,False,False
4634,ａｒｔｉｅｎｃｅ,2026-09-02,5060.0,5220.0,5220.0,5130.0,4890.6,118560.0,5060.0,5090.0,4990.0,5010.0,14300.0,-0.988142292490124,0.0,-0.988142292490124,-4.0229885057471275,-4.0229885057471275,4.191616766467066,0.0,0.1206140350877193,False,False,False
4635,東京インキ,2026-09-02,2131.0,2207.0,2207.0,2132.8,1930.24,41520.0,2183.0,2183.0,2139.0,2142.0,3000.0,0.5161895823557083,2.440168934772413,-1.8781493357764578,-2.9451744449478956,-2.9451744449478956,3.0345471521942002,0.0,0.07225433526011561,False,False,False
463A,インテリックスホールディングス,2026-09-02,1001.0,1024.0,1024.0,1000.0,964.16,12940.0,990.0,990.0,980.0,980.0,1500.0,-2.0979020979020935,-1.098901098901095,-1.0101010101010055,-4.296875,-4.296875,4.489795918367356,0.0,0.11591962905718702,False,False,False
4641,アルプス技研,2026-09-02,874.0,895.0,895.0,879.2,841.12,114120.0,861.0,864.0,855.0,863.0,13800.0,-1.258581235697942,-1.4874141876430214,0.23228803716608404,-3.575418994413404,-3.575418994413404,3.7079953650057895,0.0,0.12092534174553102,True,False,False
4642,オリジナル設計,2026-09-02,1415.0,1425.0,1498.0,1412.4,1412.52,820.0,1408.0,1408.0,1408.0,1408.0,100.0,-0.4946996466431042,-0.4946996466431042,0.0,-1.1929824561403457,-6.008010680907883,6.392045454545459,5.122807017543862,0.12195121951219512,False,False,False
4644,イマジニア,2026-09-02,1054.0,1074.0,1074.0,1066.8,1056.64,21840.0,1063.0,1063.0,1061.0,1062.0,1600.0,0.7590132827324458,0.8538899430740043,-0.09407337723423836,-1.1173184357541888,-1.1173184357541888,1.1299435028248483,0.0,0.07326007326007326,False,False,False
4645,市進ホールディングス,2026-09-02,432.0,437.0,437.0,434.2,434.0,1540.0,434.0,434.0,434.0,434.0,200.0,0.4629629629629539,0.4629629629629539,0.0,-0.6864988558352381,-0.6864988558352381,0.691244239631339,0.0,0.12987012987012986,False,False,False
464A,ＱＰＳホールディングス,2026-09-02,1750.0,1945.0,1945.0,1830.0,1719.16,1726340.0,1706.0,1729.0,1691.0,1702.0,164700.0,-2.742857142857147,-2.5142857142857133,-0.23446658851113966,-12.493573264781489,-12.493573264781489,14.277320799059922,0.0,0.09540414981985008,False,False,False
4650,ＳＤエンターテイメント,2026-09-02,269.0,275.0,275.0,267.8,269.84,2960.0,271.0,271.0,270.0,270.0,1000.0,0.3717472118959009,0.743494423791824,-0.36900369003689537,-1.8181818181818188,-1.8181818181818188,1.85185185185186,0.0,0.33783783783783783,False,False,False
4651,サニックスホールディングス,2026-09-02,271.0,289.0,289.0,274.0,270.48,227000.0,270.0,270.0,268.0,269.0,9700.0,-0.7380073800738018,-0.36900369003689537,-0.37037037037036535,-6.92041522491349,-6.92041522491349,7.434944237918217,0.0,0.042731277533039645,False,False,False
4657,環境管理センター,2026-09-02,466.0,509.0,509.0,469.8,472.2,7620.0,466.0,466.0,466.0,466.0,100.0,0.0,0.0,0.0,-8.447937131630646,-8.447937131630646,9.227467811158796,0.0,0.013123359580052493,False,False,False
4658,日本空調サービス,2026-09-02,1547.0,1633.0,1644.0,1569.4,1550.88,124080.0,1565.0,1580.0,1563.0,1572.0,38200.0,1.616031027795728,1.1635423400129241,0.4472843450479269,-3.7354562155541893,-4.379562043795615,4.580152671755733,0.6736068585425636,0.30786589297227596,True,False,False
4661,オリエンタルランド,2026-09-02,3003.0,3059.0,3167.0,3021.4,2987.82,3541480.0,3138.0,3141.0,3073.0,3099.0,922000.0,3.1968031968031996,4.495504495504488,-1.24282982791587,1.3076168682575995,-2.147142406062519,2.1942562116811892,3.5305655442955164,0.2603431333792652,False,True,False
4662,フォーカスシステムズ,2026-09-02,1658.0,1769.0,1795.0,1687.2,1712.8,55560.0,1636.0,1647.0,1636.0,1645.0,3400.0,-0.7840772014475306,-1.3268998793727338,0.5501222493887514,-7.009609949123796,-8.356545961002782,9.118541033434656,1.469756924816279,0.061195104391648665,True,False,False
4664,アール・エス・シー,2026-09-02,1043.0,1090.0,1090.0,1015.8,962.44,65360.0,1103.0,1131.0,1085.0,1091.0,12800.0,4.60210930009588,5.752636625119845,-1.0879419764279197,0.09174311926605228,0.09174311926605228,-0.09165902841430373,0.0,0.19583843329253367,False,True,True
4665,ダスキン,2026-09-02,4671.0,4735.0,4752.0,4690.0,4568.24,95160.0,4632.0,4634.0,4619.0,4619.0,11300.0,-1.1132519803040086,-0.8349389852280065,-0.28065630397237085,-2.4498416050686367,-2.7988215488215507,2.8794111279497825,0.35902851108764455,0.1187473728457335,False,False,False
4666,パーク２４,2026-09-02,2008.0,2076.0,2077.0,2012.2,1999.58,1651300.0,2015.5,2019.0,2003.5,2004.0,54400.0,-0.19920318725099584,0.37350597609562275,-0.5705780203423494,-3.4682080924855474,-3.5146846413095845,3.642714570858274,0.04816955684008306,0.03294374129473748,False,False,False
4667,アイサンテクノロジー,2026-09-02,3145.0,3165.0,3165.0,2762.8,2111.88,1023960.0,3650.0,3775.0,3390.0,3455.0,370100.0,9.856915739268679,16.05723370429253,-5.342465753424652,9.162717219589256,9.162717219589256,-8.393632416787266,0.0,0.3614398999960936,False,True,True
4668,明光ネットワークジャパン,2026-09-02,764.0,800.0,808.0,775.6,777.4,266960.0,777.0,777.0,771.0,775.0,10700.0,1.4397905759162333,1.7015706806282616,-0.2574002574002532,-3.125,-4.084158415841587,4.258064516129023,1.0000000000000009,0.04008091099790231,False,False,False
4671,ファルコホールディングス,2026-09-02,2898.0,2964.0,2964.0,2915.2,2785.32,14380.0,2896.0,2921.0,2890.0,2906.0,2300.0,0.2760524499654915,-0.06901311249137843,0.34530386740332375,-1.9568151147098534,-1.9568151147098534,1.9958706125258185,0.0,0.1599443671766342,True,False,False
4673,川崎地質,2026-09-02,4940.0,5100.0,5100.0,4957.0,4813.2,4080.0,4940.0,4945.0,4890.0,4890.0,1800.0,-1.0121457489878583,0.0,-1.0121457489878583,-4.117647058823525,-4.117647058823525,4.294478527607359,0.0,0.4411764705882353,False,False,False
4674,クレスコ,2026-09-02,1955.0,2108.0,2108.0,2018.2,1885.08,175360.0,1935.0,1935.0,1922.0,1922.0,9600.0,-1.6879795396419484,-1.0230179028132946,-0.6718346253229979,-8.823529411764708,-8.823529411764708,9.677419354838701,0.0,0.05474452554744526,False,False,False
4676,フジ・メディア・ホールディングス,2026-09-02,4149.0,4262.0,4262.0,4149.4,4111.68,569780.0,4175.0,4197.0,4167.0,4180.0,45700.0,0.7471679922872898,0.6266570257893456,0.11976047904191933,-1.9239793524167048,-1.9239793524167048,1.9617224880382755,0.0,0.08020639545087578,True,False,False
4678,秀英予備校,2026-09-02,330.0,335.0,335.0,332.2,325.88,3980.0,331.0,331.0,331.0,331.0,100.0,0.3030303030302939,0.3030303030302939,0.0,-1.1940298507462699,-1.1940298507462699,1.2084592145015005,0.0,0.02512562814070352,False,False,False
4679,田谷,2026-09-02,263.0,270.0,270.0,264.0,259.92,3220.0,265.0,265.0,265.0,265.0,100.0,0.7604562737642651,0.7604562737642651,0.0,-1.851851851851849,-1.851851851851849,1.8867924528301883,0.0,0.031055900621118012,False,False,False
4680,ラウンドワン,2026-09-02,1279.5,1409.0,1409.0,1326.6,1303.82,1637580.0,1261.0,1265.0,1245.5,1254.5,237400.0,-1.9538882375928046,-1.445877295818676,-0.5154639175257714,-10.9652235628105,-10.9652235628105,12.315663611000405,0.0,0.144970016732007,False,False,False
4681,リゾートトラスト,2026-09-02,1824.0,1939.0,1939.0,1873.2,1829.08,488220.0,1805.5,1810.0,1802.5,1802.5,24800.0,-1.1787280701754388,-1.0142543859649078,-0.16615895873719477,-7.039711191335741,-7.039711191335741,7.5728155339805925,0.0,0.05079677194707304,False,False,False
4684,オービック,2026-09-02,4923.0,5150.0,5150.0,4985.8,4687.68,2298580.0,5092.0,5158.0,5073.0,5107.0,367000.0,3.737558399349994,3.432866138533419,0.29457973291437956,-0.8349514563106841,-0.8349514563106841,0.8419815938907282,0.0,0.1596637924283688,True,False,False
4685,菱友システムズ,2026-09-02,2684.0,2785.0,2920.0,2735.4,2703.64,26920.0,2666.0,2683.0,2661.0,2683.0,1700.0,-0.037257824143066554,-0.6706408345752646,0.6376594148537196,-3.6624775583482982,-8.11643835616438,8.833395452851288,4.847396768402157,0.06315007429420505,True,False,False
4686,ジャストシステム,2026-09-02,4200.0,4305.0,4305.0,4223.0,4074.6,91240.0,4305.0,4315.0,4255.0,4265.0,12400.0,1.5476190476190421,2.499999999999991,-0.9291521486643473,-0.9291521486643473,-0.9291521486643473,0.9378663540445586,0.0,0.13590530469092504,False,False,False
4687,ＴＤＣソフト,2026-09-02,1023.0,1070.0,1136.0,1034.2,1020.52,78700.0,1043.0,1074.0,1043.0,1068.0,24000.0,4.398826979472137,1.9550342130987275,2.396931927133261,-0.18691588785046953,-5.98591549295775,6.367041198501866,6.168224299065428,0.30495552731893266,True,False,False
4689,ＬＩＮＥヤフー,2026-09-02,534.4000244140625,567.5,567.5,551.0,504.2519970703125,22208740.0,535.0,535.7999877929688,526.0999755859375,531.0999755859375,2847900.0,-0.617524078847731,0.1122708754729862,-0.7289765259929859,-6.414101218337009,-6.414101218337009,6.853704780141268,0.0,0.1282332991425898,False,False,False
4691,ワシントンホテル,2026-09-02,2150.0,2457.0,2457.0,2302.0,2214.84,54100.0,2128.0,2160.0,2120.0,2132.0,9200.0,-0.8372093023255811,-1.023255813953483,0.1879699248120259,-13.227513227513231,-13.227513227513231,15.243902439024382,0.0,0.17005545286506468,True,False,False
4694,ビー・エム・エル,2026-09-02,3670.0,3710.0,3735.0,3662.0,3605.0,64520.0,3655.0,3700.0,3655.0,3680.0,6300.0,0.27247956403269047,-0.4087193460490468,0.6839945280437743,-0.8086253369272267,-1.4725568942436373,1.4945652173913082,0.6738544474393482,0.09764414135151891,True,False,False
469A,フィットクルー,2026-09-02,1656.0,1680.0,1680.0,1651.4,1551.0,2640.0,1634.0,1634.0,1634.0,1634.0,300.0,-1.328502415458932,-1.328502415458932,0.0,-2.7380952380952395,-2.7380952380952395,2.8151774785801775,0.0,0.11363636363636363,False,False,False
4704,トレンドマイクロ,2026-09-02,5778.0,6982.0,6982.0,5916.2,6124.48,967400.0,5880.0,5932.0,5856.0,5904.0,116800.0,2.180685358255441,1.7653167185877505,0.40816326530612734,-15.439702091091378,-15.439702091091378,18.258807588075875,0.0,0.12073599338432912,True,False,False
4705,クリップコーポレーション,2026-09-02,799.0,805.0,805.0,795.0,785.52,340.0,800.0,800.0,800.0,800.0,100.0,0.12515644555695093,0.12515644555695093,0.0,-0.6211180124223614,-0.6211180124223614,0.6250000000000089,0.0,0.29411764705882354,False,False,False
4707,キタック,2026-09-02,335.0,369.0,369.0,343.0,332.0,117580.0,345.0,345.0,338.0,340.0,8400.0,1.4925373134328401,2.9850746268656803,-1.449275362318836,-7.859078590785906,-7.859078590785906,8.529411764705873,0.0,0.07144072121109032,False,False,False
4709,ＩＤホールディングス,2026-09-02,1076.0,1108.0,1161.0,1089.6,1068.92,54880.0,1076.0,1080.0,1071.0,1073.0,5300.0,-0.27881040892193676,0.0,-0.27881040892193676,-3.1588447653429608,-7.579672695951767,8.201304753028893,4.7833935018050555,0.09657434402332361,False,False,False
4712,ＫｅｙＨｏｌｄｅｒ,2026-09-02,825.0,828.0,828.0,809.8,778.68,21300.0,831.0,831.0,831.0,831.0,400.0,0.727272727272732,0.727272727272732,0.0,0.36231884057971175,0.36231884057971175,-0.3610108303249149,0.0,0.018779342723004695,False,True,True
4714,リソー教育グループ,2026-09-02,208.0,212.0,212.0,209.8,205.24,695840.0,207.0,207.0,204.0,207.0,305200.0,-0.48076923076922906,-0.48076923076922906,0.0,-2.358490566037741,-2.358490566037741,2.4154589371980784,0.0,0.4386065762244194,False,False,False
4716,日本オラクル,2026-09-02,9177.0,9588.0,9588.0,9366.2,9190.12,205180.0,9366.0,9439.0,9330.0,9370.0,37900.0,2.1030837964476357,2.0594965675057253,0.042707666026053914,-2.2736754276178606,-2.2736754276178606,2.326574172892215,0.0,0.18471585924554051,True,False,False
4718,早稲田アカデミー,2026-09-02,2581.0,2615.0,2615.0,2555.4,2456.84,40180.0,2594.0,2594.0,2531.0,2542.0,7100.0,-1.5110422316931382,0.5036807438977053,-2.004626060138781,-2.791586998087958,-2.791586998087958,2.871754523996861,0.0,0.17670482827277254,False,False,False
4719,アルファシステムズ,2026-09-02,3400.0,3510.0,3510.0,3420.0,3381.0,12520.0,3415.0,3415.0,3390.0,3390.0,900.0,-0.2941176470588225,0.4411764705882337,-0.7320644216691097,-3.4188034188034178,-3.4188034188034178,3.539823008849563,0.0,0.07188498402555911,False,False,False
471A,ＮＳグループ,2026-09-02,1534.0,1646.0,1646.0,1604.2,1568.6,250000.0,1545.0,1545.0,1536.0,1542.0,19400.0,0.5215123859191761,0.7170795306388422,-0.1941747572815511,-6.318347509112998,-6.318347509112998,6.744487678339817,0.0,0.0776,False,False,False
4720,城南進学研究社,2026-09-02,245.0,246.0,246.0,243.4,242.8,1740.0,242.0,242.0,242.0,242.0,400.0,-1.224489795918371,-1.224489795918371,0.0,-1.6260162601625994,-1.6260162601625994,1.6528925619834656,0.0,0.22988505747126436,False,False,False
4722,フューチャー,2026-09-02,2447.0,2472.0,2472.0,2448.8,2444.0,796440.0,2448.0,2449.0,2447.0,2448.0,100600.0,0.0408663669799747,0.0408663669799747,0.0,-0.9708737864077666,-0.9708737864077666,0.9803921568627416,0.0,0.12631208879513836,False,False,False
4725,ＣＡＣ　Ｈｏｌｄｉｎｇｓ,2026-09-02,1953.0,1988.0,1988.0,1963.2,1905.0,49180.0,1963.0,1969.0,1952.0,1957.0,5000.0,0.20481310803890374,0.5120327700972815,-0.30565461029037344,-1.559356136820922,-1.559356136820922,1.5840572304547829,0.0,0.101667344448963,False,False,False
4728,トーセ,2026-09-02,650.0,682.0,682.0,649.0,649.72,22140.0,645.0,649.0,643.0,649.0,600.0,-0.15384615384614886,-0.7692307692307665,0.6201550387596955,-4.8387096774193505,-4.8387096774193505,5.084745762711873,0.0,0.02710027100271003,True,False,False
472A,ミラティブ,2026-09-02,543.0,616.0,616.0,564.8,552.52,259760.0,539.0,543.0,537.0,543.0,8800.0,0.0,-0.7366482504604033,0.7421150278293043,-11.850649350649356,-11.850649350649356,13.443830570902392,0.0,0.03387742531567601,True,False,False
4732,ユー・エス・エス,2026-09-02,1982.0,2026.5,2074.0,1990.5,1991.62,1059040.0,1972.5,1978.5,1963.0,1968.5,106500.0,-0.6811301715438978,-0.4793138244197803,-0.20278833967046772,-2.862077473476432,-5.086788813886212,5.359410718821445,2.3439427584505346,0.10056277383290527,False,False,False
4733,オービックビジネスコンサルタント,2026-09-02,8489.0,8891.0,8891.0,8644.6,8215.76,229260.0,8649.0,8674.0,8567.0,8571.0,13000.0,0.9659559429850306,1.8847920838732435,-0.9018383628165094,-3.5991452030142868,-3.5991452030142868,3.7335200093338017,0.0,0.05670417866178138,False,False,False
4735,京進,2026-09-02,301.0,309.0,309.0,302.4,302.92,4460.0,301.0,301.0,300.0,300.0,1700.0,-0.33222591362126463,0.0,-0.33222591362126463,-2.9126213592232997,-2.9126213592232997,3.0000000000000027,0.0,0.3811659192825112,False,False,False
4736,日本ラッド,2026-09-02,581.0,600.0,640.0,588.0,592.64,2880.0,580.0,580.0,580.0,580.0,100.0,-0.1721170395869165,-0.1721170395869165,0.0,-3.3333333333333326,-9.375,10.344827586206895,6.666666666666665,0.034722222222222224,False,False,False
4743,アイティフォー,2026-09-02,1638.0,1758.0,1778.0,1667.2,1689.72,79180.0,1632.0,1636.0,1629.0,1631.0,6100.0,-0.42735042735042583,-0.366300366300365,-0.06127450980392135,-7.224118316268491,-8.267716535433067,9.012875536480692,1.1376564277588264,0.07703965647890881,False,False,False
4746,東計電算,2026-09-02,7040.0,7270.0,7270.0,6986.0,6353.6,63540.0,7100.0,7100.0,7070.0,7070.0,2500.0,0.42613636363635354,0.8522727272727293,-0.42253521126760507,-2.751031636863821,-2.751031636863821,2.8288543140028377,0.0,0.039345294302801384,False,False,False
4750,ダイサン,2026-09-02,568.0,576.0,576.0,567.6,565.72,15900.0,570.0,570.0,570.0,570.0,800.0,0.35211267605634866,0.35211267605634866,0.0,-1.041666666666663,-1.041666666666663,1.0526315789473717,0.0,0.050314465408805034,False,False,False
4751,サイバーエージェント,2026-09-02,1271.0,1509.0,1588.5,1323.9,1360.52,5240780.0,1289.5,1295.0,1281.0,1285.0,494800.0,1.1014948859165985,1.45554681353266,-0.3489724699495933,-14.844267726971506,-19.106074913440352,23.61867704280156,5.268389662027828,0.09441342700895668,False,False,False
4752,昭和システムエンジニアリング,2026-09-02,1566.0,1620.0,1620.0,1576.8,1557.36,780.0,,,,,,,,,,,,0.0,,False,False,False
4754,トスネット,2026-09-02,1500.0,1590.0,1590.0,1500.0,1519.32,560.0,1486.0,1486.0,1486.0,1486.0,100.0,-0.9333333333333305,-0.9333333333333305,0.0,-6.540880503144653,-6.540880503144653,6.998654104979818,0.0,0.17857142857142858,False,False,False
4755,楽天グループ,2026-09-02,726.7000122070312,886.5,886.5,765.8800048828125,796.6600024414063,18217880.0,742.7999877929688,752.2000122070312,739.9000244140625,750.4000244140625,3701400.0,3.2613199131582338,2.215491305283024,1.023160574312243,-15.352507116293001,-15.352507116293001,18.13698975985627,0.0,0.20317402463952997,True,False,False
475A,ギミック,2026-09-02,692.0,706.0,706.0,673.2,610.04,14900.0,696.0,696.0,683.0,683.0,2100.0,-1.3005780346820761,0.5780346820809301,-1.867816091954022,-3.257790368271951,-3.257790368271951,3.3674963396779,0.0,0.14093959731543623,False,False,False
4760,アルファ,2026-09-02,1569.0,1742.0,1742.0,1616.6,1668.48,9800.0,1543.0,1543.0,1531.0,1531.0,200.0,-2.421924792861696,-1.6571064372211564,-0.777705767984449,-12.112514351320325,-12.112514351320325,13.781841933376882,0.0,0.02040816326530612,False,False,False
4761,さくらケーシーエス,2026-09-02,1447.0,1475.0,1520.0,1454.0,1442.84,5000.0,1440.0,1440.0,1440.0,1440.0,600.0,-0.4837595024188013,-0.4837595024188013,0.0,-2.3728813559321993,-5.263157894736848,5.555555555555558,3.050847457627115,0.12,False,False,False
4762,エックスネット,2026-09-02,2121.0,2201.0,2201.0,2128.8,2052.92,1800.0,2148.0,2151.0,2148.0,2151.0,600.0,1.4144271570014189,1.2729844413012836,0.13966480446927498,-2.2716946842344377,-2.2716946842344377,2.324500232450033,0.0,0.3333333333333333,True,False,False
4763,クリーク・アンド・リバー社,2026-09-02,1491.0,1547.0,1547.0,1527.4,1482.24,46300.0,1484.0,1490.0,1484.0,1486.0,3600.0,-0.3353454057679395,-0.46948356807511304,0.13477088948787852,-3.9431157078215873,-3.9431157078215873,4.104979811574694,0.0,0.07775377969762419,True,False,False
4765,ＳＢＩグローバルアセットマネジメント,2026-09-02,643.0,653.0,653.0,646.8,619.84,383620.0,631.0,631.0,626.0,630.0,16100.0,-2.021772939346811,-1.8662519440124425,-0.15847860538826808,-3.522205206738127,-3.522205206738127,3.65079365079366,0.0,0.0419686147750378,False,False,False
4766,ピーエイ,2026-09-02,211.0,216.0,216.0,212.0,199.64,9560.0,213.0,213.0,213.0,213.0,1600.0,0.9478672985782088,0.9478672985782088,0.0,-1.388888888888884,-1.388888888888884,1.4084507042253502,0.0,0.16736401673640167,False,False,False
4767,テー・オー・ダブリュー,2026-09-02,393.0,409.0,409.0,394.4,372.96,125460.0,383.0,384.0,381.0,384.0,9700.0,-2.2900763358778664,-2.5445292620865145,0.26109660574411553,-6.112469437652813,-6.112469437652813,6.510416666666674,0.0,0.07731547903714331,True,False,False
4768,大塚商会,2026-09-02,3584.0,3689.0,3689.0,3616.4,3468.24,1241480.0,3644.0,3658.0,3618.0,3621.0,87600.0,1.032366071428581,1.6741071428571397,-0.6311745334796948,-1.8433179723502335,-1.8433179723502335,1.8779342723004744,0.0,0.07056094339014725,False,False,False
4769,ＩＣ,2026-09-02,1122.0,1170.0,1170.0,1136.8,1126.56,1760.0,1153.0,1153.0,1153.0,1153.0,300.0,2.7629233511586415,2.7629233511586415,0.0,-1.4529914529914478,-1.4529914529914478,1.4744145706851786,0.0,0.17045454545454544,False,False,False
476A,辻・本郷ＩＴコンサルティング,2026-09-02,1645.0,1647.0,1648.0,1622.2,1587.96,2760.0,1644.0,1644.0,1644.0,1644.0,100.0,-0.06079027355623268,-0.06079027355623268,0.0,-0.18214936247723523,-0.24271844660194164,0.24330900243310083,0.06071645415908211,0.036231884057971016,False,False,False
4771,エフアンドエム,2026-09-02,2693.0,2802.0,2802.0,2701.2,2649.36,11600.0,2688.0,2737.0,2687.0,2728.0,1500.0,1.2996658002228045,-0.18566654288897366,1.4880952380952328,-2.640970735189152,-2.640970735189152,2.7126099706744844,0.0,0.12931034482758622,True,False,False
4772,ＳＭ　ＥＮＴＥＲＴＡＩＮＭＥＮＴ　ＪＡＰＡＮ,2026-09-02,72.0,84.0,84.0,72.0,72.56,78060.0,72.0,72.0,71.0,71.0,19800.0,-1.388888888888884,0.0,-1.388888888888884,-15.476190476190476,-15.476190476190476,18.309859154929576,0.0,0.2536510376633359,False,False,False
4776,サイボウズ,2026-09-02,3035.0,3375.0,3375.0,3183.0,2919.76,417360.0,3075.0,3115.0,3055.0,3070.0,46200.0,1.1532125205930832,1.317957166392092,-0.1626016260162566,-9.037037037037033,-9.037037037037033,9.934853420195445,0.0,0.1106958021851639,False,False,False
4777,ガーラ,2026-09-02,202.0,211.0,211.0,202.8,201.2,25640.0,198.0,201.0,198.0,201.0,9100.0,-0.4950495049504955,-1.980198019801982,1.5151515151515138,-4.739336492891,-4.739336492891,4.975124378109452,0.0,0.3549141965678627,True,False,False
477A,スタートライン,2026-09-02,740.0,778.0,778.0,720.4,660.12,30940.0,791.0,832.0,790.0,811.0,22200.0,9.594594594594597,6.891891891891899,2.528445006321123,4.24164524421593,4.24164524421593,-4.069050554870534,0.0,0.7175177763413058,True,True,True
4783,ＮＣＤ,2026-09-02,2625.0,2700.0,2700.0,2663.4,2563.0,7840.0,2623.0,2635.0,2623.0,2635.0,1700.0,0.3809523809523707,-0.07619047619047414,0.45749142203583837,-2.4074074074074026,-2.4074074074074026,2.4667931688804545,0.0,0.21683673469387754,True,False,False
4784,ＧＭＯインターネット,2026-09-02,540.0,613.0,613.0,566.8,559.96,2725880.0,545.0,551.0,541.0,542.0,194700.0,0.37037037037037646,0.92592592592593,-0.5504587155963248,-11.582381729200652,-11.582381729200652,13.099630996309951,0.0,0.07142647511996127,False,False,False
478A,フツパー,2026-09-02,796.0,824.0,824.0,803.2,774.64,82120.0,783.0,796.0,783.0,792.0,5800.0,-0.5025125628140725,-1.633165829145733,1.1494252873563315,-3.8834951456310662,-3.8834951456310662,4.040404040404044,0.0,0.07062834875791525,True,False,False
4792,山田コンサルティンググループ,2026-09-02,1772.0,1819.0,1819.0,1792.6,1717.96,38620.0,1780.0,1784.0,1777.0,1784.0,800.0,0.6772009029345272,0.4514672686230181,0.22471910112360494,-1.924134139637168,-1.924134139637168,1.9618834080717518,0.0,0.020714655618850338,True,False,False
479A,ＰＲＯＮＩ,2026-09-02,1843.0,2035.0,2035.0,1935.6,1645.96,59020.0,1891.0,1943.0,1878.0,1943.0,5200.0,5.425935973955509,2.604449267498654,2.749867794817562,-4.5208845208845165,-4.5208845208845165,4.734945959855885,0.0,0.0881057268722467,True,False,False
4800,オリコン,2026-09-02,1358.0,1359.0,1362.0,1358.2,1357.32,21680.0,1358.0,1358.0,1357.0,1357.0,300.0,-0.07363770250368162,0.0,-0.07363770250368162,-0.14716703458425018,-0.36710719530103075,0.3684598378776771,0.22075055187638082,0.013837638376383764,False,False,False
4801,セントラルスポーツ,2026-09-02,2439.0,2485.0,2485.0,2454.0,2440.64,15540.0,2431.0,2431.0,2430.0,2430.0,2200.0,-0.36900369003689537,-0.3280032800327959,-0.041135335252984184,-2.213279678068414,-2.213279678068414,2.263374485596703,0.0,0.14157014157014158,False,False,False
4809,パラカ,2026-09-02,2026.0,2090.0,2099.0,2045.0,2047.84,15380.0,2032.0,2032.0,2019.0,2019.0,2000.0,-0.34550839091807006,0.29615004935834577,-0.6397637795275579,-3.3971291866028763,-3.8113387327298742,3.9623576027736584,0.43062200956938135,0.13003901170351106,False,False,False
480A,リブ・コンサルティング,2026-09-02,936.0,1054.0,1054.0,919.2,944.28,37540.0,959.0,959.0,954.0,954.0,900.0,1.9230769230769162,2.4572649572649485,-0.5213764337851923,-9.487666034155595,-9.487666034155595,10.482180293501052,0.0,0.02397442727757059,False,False,False
4811,ドリーム・アーツ,2026-09-02,928.0,944.0,944.0,891.4,836.6,22060.0,877.0,904.0,877.0,900.0,11000.0,-3.0172413793103425,-5.495689655172409,2.6225769669327326,-4.6610169491525415,-4.6610169491525415,4.888888888888898,0.0,0.4986400725294651,True,False,False
4812,電通総研,2026-09-02,2853.0,2930.0,2930.0,2841.2,2733.36,2649940.0,2853.0,2854.0,2852.0,2852.0,205100.0,-0.0350508236943603,0.0,-0.0350508236943603,-2.662116040955631,-2.662116040955631,2.7349228611500687,0.0,0.07739797882216201,False,False,False
4813,ＡＣＣＥＳＳ,2026-09-02,426.0,490.0,490.0,448.2,412.88,796440.0,427.0,434.0,423.0,425.0,94400.0,-0.23474178403756207,0.23474178403755097,-0.4683840749414525,-13.265306122448983,-13.265306122448983,15.294117647058814,0.0,0.11852744713977198,False,False,False
4814,ネクストウェア,2026-09-02,168.0,175.0,175.0,169.6,161.0,58000.0,169.0,170.0,168.0,170.0,3700.0,1.1904761904761862,0.5952380952380931,0.591715976331364,-2.857142857142858,-2.857142857142858,2.941176470588225,0.0,0.06379310344827586,True,False,False
4816,東映アニメーション,2026-09-02,3015.0,3085.0,3125.0,3026.2,2916.84,305420.0,3085.0,3090.0,3055.0,3060.0,28300.0,1.4925373134328401,2.3217247097844007,-0.8103727714748765,-0.8103727714748765,-2.080000000000004,2.12418300653594,1.296596434359798,0.09265928884814353,False,False,False
4819,デジタルガレージ,2026-09-02,2093.0,2420.0,2497.0,2238.4,2298.92,281620.0,2163.0,2193.0,2151.0,2180.0,10300.0,4.15671285236503,3.3444816053511683,0.7859454461396131,-9.917355371900827,-12.695234281137369,14.54128440366973,3.1818181818181746,0.036574106952631205,True,False,False
4820,イーエムシステムズ,2026-09-02,600.0,613.0,613.0,603.0,576.0,83760.0,600.0,602.0,600.0,601.0,7100.0,0.16666666666667052,0.0,0.16666666666667052,-1.9575856443719397,-1.9575856443719397,1.9966722129783676,0.0,0.08476599808978033,True,False,False
4825,ウェザーニューズ,2026-09-02,2020.0,2161.0,2161.0,2095.2,2036.08,234980.0,2025.0,2040.0,2020.0,2036.0,21800.0,0.7920792079207928,0.24752475247524774,0.5432098765432158,-5.784359093012492,-5.784359093012492,6.139489194499026,0.0,0.09277385309388032,True,False,False
4826,ＣＩＪ,2026-09-02,541.0,563.0,563.0,548.2,530.96,301220.0,534.0,537.0,531.0,534.0,25000.0,-1.2939001848428888,-1.2939001848428888,0.0,-5.150976909413851,-5.150976909413851,5.4307116104868935,0.0,0.08299581701082265,False,False,False
4828,ビジネスエンジニアリング,2026-09-02,1404.0,1492.0,1492.0,1431.0,1338.44,157140.0,1414.0,1421.0,1407.0,1414.0,25200.0,0.7122507122507171,0.7122507122507171,0.0,-5.227882037533515,-5.227882037533515,5.516265912305518,0.0,0.16036655211912945,False,False,False
4829,日本エンタープライズ,2026-09-02,109.0,112.0,112.0,110.8,108.48,116740.0,108.0,109.0,108.0,109.0,93900.0,0.0,-0.917431192660545,0.92592592592593,-2.67857142857143,-2.67857142857143,2.752293577981657,0.0,0.8043515504540003,True,False,False
4832,ＪＦＥシステムズ,2026-09-02,1948.0,2031.0,2082.0,1983.2,1949.84,12820.0,1933.0,1939.0,1911.0,1921.0,10700.0,-1.386036960985626,-0.7700205338808996,-0.6207966890843242,-5.416051206302319,-7.732949087415941,8.381051535658512,2.5110782865583436,0.8346333853354134,False,False,False
4833,Ｄｅｆ　ｃｏｎｓｕｌｔｉｎｇ,2026-09-02,53.0,77.0,77.0,57.2,50.64,4715340.0,55.0,58.0,54.0,56.0,2985300.0,5.660377358490565,3.7735849056603765,1.8181818181818077,-27.27272727272727,-27.27272727272727,37.5,0.0,0.6331038694982758,True,False,False
4838,スペースシャワーＳＫＩＹＡＫＩホールディングス,2026-09-02,691.0,716.0,716.0,702.0,678.76,29020.0,692.0,698.0,692.0,695.0,1500.0,0.5788712011577379,0.14471780028944004,0.43352601156070314,-2.9329608938547524,-2.9329608938547524,3.021582733812944,0.0,0.051688490696071676,True,False,False
4839,ＷＯＷＯＷ,2026-09-02,1007.0,1025.0,1033.0,1008.8,1003.6,63280.0,1002.0,1004.0,1002.0,1003.0,13800.0,-0.3972194637537285,-0.49652432969214955,0.09980039920158834,-2.146341463414636,-2.9041626331074544,2.991026919242268,0.7804878048780495,0.21807838179519595,True,False,False
483A,テラテクノロジー,2026-09-02,2166.0,2247.0,2247.0,2175.4,2190.28,1320.0,2159.0,2161.0,2159.0,2160.0,1000.0,-0.27700831024930483,-0.3231763619575223,0.04631773969430153,-3.8718291054739673,-3.8718291054739673,4.027777777777786,0.0,0.7575757575757576,True,False,False
4840,トライアイズ,2026-09-02,753.0,970.0,970.0,763.0,586.04,823800.0,782.0,830.0,774.0,809.0,137900.0,7.436918990703845,3.8512616201859196,3.4526854219948833,-16.597938144329895,-16.597938144329895,19.901112484548822,0.0,0.16739499878611314,True,False,False
4845,スカラ,2026-09-02,352.0,364.0,364.0,355.2,346.24,42200.0,351.0,351.0,350.0,351.0,11300.0,-0.28409090909090606,-0.28409090909090606,0.0,-3.57142857142857,-3.57142857142857,3.703703703703698,0.0,0.2677725118483412,False,False,False
4847,インテリジェント　ウェイブ,2026-09-02,1350.0,1400.0,1400.0,1374.4,1237.56,72480.0,1356.0,1368.0,1356.0,1362.0,14600.0,0.8888888888888946,0.4444444444444473,0.4424778761061843,-2.7142857142857135,-2.7142857142857135,2.7900146842878115,0.0,0.20143487858719647,True,False,False
4848,フルキャストホールディングス,2026-09-02,1855.0,1918.0,1918.0,1877.2,1807.44,71940.0,1826.0,1845.0,1821.0,1834.0,6200.0,-1.132075471698113,-1.563342318059302,0.4381161007666945,-4.379562043795615,-4.379562043795615,4.580152671755733,0.0,0.08618293021962747,True,False,False
4849,エン,2026-09-02,1654.0,1715.0,1715.0,1671.8,1490.0,349120.0,1645.0,1661.0,1627.0,1629.0,32000.0,-1.5114873035066534,-0.5441354292623934,-0.9726443768997006,-5.014577259475217,-5.014577259475217,5.279312461632912,0.0,0.09165902841429881,False,False,False
485A,パワーエックス,2026-09-02,1674.0,2022.0,2036.0,1835.2,1772.2,5142400.0,1725.0,1727.0,1675.0,1697.0,556600.0,1.3739545997610403,3.046594982078843,-1.6231884057971047,-16.073194856577643,-16.65029469548134,19.97642899233942,0.6923837784371889,0.10823739887990043,False,False,False
4880,セルソース,2026-09-02,343.0,360.0,360.0,349.0,336.48,43820.0,340.0,343.0,340.0,342.0,4000.0,-0.2915451895043719,-0.8746355685131157,0.588235294117645,-5.000000000000004,-5.000000000000004,5.263157894736836,0.0,0.09128251939753537,True,False,False
4881,ファンペップ,2026-09-02,50.0,54.0,68.0,51.6,49.48,359740.0,51.0,51.0,50.0,51.0,28700.0,2.0000000000000018,2.0000000000000018,0.0,-5.555555555555558,-25.0,33.33333333333333,25.92592592592593,0.07977984099627508,False,False,False
4882,ペルセウスプロテオミクス,2026-09-02,142.0,152.0,152.0,145.6,144.44,166860.0,141.0,142.0,141.0,142.0,45600.0,0.0,-0.7042253521126751,0.7092198581560183,-6.578947368421051,-6.578947368421051,7.042253521126751,0.0,0.2732829917295937,True,False,False
4883,モダリス,2026-09-02,34.0,36.0,38.0,33.8,32.44,673420.0,35.0,35.0,34.0,35.0,72500.0,2.941176470588225,2.941176470588225,0.0,-2.777777777777779,-7.8947368421052655,8.571428571428562,5.555555555555558,0.10765941017492799,False,False,False
4884,クリングルファーマ,2026-09-02,439.0,463.0,463.0,443.6,396.04,117780.0,420.0,420.0,414.0,414.0,10300.0,-5.6947608200455635,-4.32801822323462,-1.4285714285714235,-10.583153347732177,-10.583153347732177,11.83574879227054,0.0,0.08745118016641196,False,False,False
4885,室町ケミカル,2026-09-02,902.0,914.0,914.0,903.4,894.2,6640.0,900.0,900.0,900.0,900.0,1000.0,-0.22172949002217113,-0.22172949002217113,0.0,-1.5317286652078765,-1.5317286652078765,1.5555555555555545,0.0,0.15060240963855423,False,False,False
4886,あすか製薬ホールディングス,2026-09-02,2073.0,2238.0,2258.0,2110.6,2122.32,53840.0,2055.0,2055.0,2036.0,2038.0,12300.0,-1.6883743367100856,-0.868306801736618,-0.8272506082725006,-8.936550491510275,-9.743135518157665,10.794896957801758,0.8936550491510209,0.22845468053491827,False,False,False
4887,サワイグループホールディングス,2026-09-02,1570.0,1725.0,1725.0,1600.5,1624.4,554540.0,1570.0,1576.5,1565.5,1567.5,58400.0,-0.15923566878981443,0.0,-0.15923566878981443,-9.130434782608699,-9.130434782608699,10.047846889952151,0.0,0.10531251127060266,False,False,False
4888,ステラファーマ,2026-09-02,355.0,374.0,374.0,360.2,334.88,236240.0,359.0,364.0,358.0,359.0,16100.0,1.1267605633802802,1.1267605633802802,0.0,-4.01069518716578,-4.01069518716578,4.178272980501396,0.0,0.06815103284795124,False,False,False
4889,レナサイエンス,2026-09-02,1148.0,1577.0,1613.0,1263.8,1345.2,432620.0,1137.0,1158.0,1135.0,1146.0,31400.0,-0.17421602787456303,-0.9581881533101022,0.79155672823219,-27.330374128091318,-28.95226286422815,40.75043630017452,2.2828154724159777,0.07258101798344968,True,False,False
4890,坪田ラボ,2026-09-02,295.0,303.0,303.0,294.4,271.52,47580.0,305.0,305.0,301.0,301.0,3800.0,2.033898305084736,3.3898305084745672,-1.3114754098360604,-0.660066006600657,-0.660066006600657,0.6644518272425293,0.0,0.07986548970155527,False,False,False
4891,ティムス,2026-09-02,108.0,113.0,113.0,109.2,104.24,309740.0,106.0,108.0,106.0,106.0,92000.0,-1.851851851851849,-1.851851851851849,0.0,-6.194690265486724,-6.194690265486724,6.60377358490567,0.0,0.2970233098727965,False,False,False
4892,サイフューズ,2026-09-02,562.0,581.0,581.0,563.4,545.68,17580.0,595.0,595.0,590.0,590.0,4900.0,4.982206405693956,5.87188612099645,-0.8403361344537785,1.5490533562822817,1.5490533562822817,-1.5254237288135575,0.0,0.2787258248009101,False,True,True
4893,ノイルイミューン・バイオテック,2026-09-02,147.0,172.0,172.0,149.6,142.36,316640.0,146.0,148.0,146.0,146.0,25600.0,-0.6802721088435382,-0.6802721088435382,0.0,-15.116279069767447,-15.116279069767447,17.808219178082197,0.0,0.0808489135927236,False,False,False
4894,クオリプス,2026-09-02,5430.0,6110.0,6110.0,5752.0,5164.2,128460.0,5380.0,5380.0,5220.0,5260.0,15100.0,-3.130755064456725,-0.9208103130755041,-2.2304832713754608,-13.911620294599015,-13.911620294599015,16.159695817490505,0.0,0.1175463179199751,False,False,False
4896,ケイファーマ,2026-09-02,792.0,845.0,845.0,788.8,756.8,27600.0,798.0,798.0,791.0,791.0,400.0,-0.12626262626262985,0.7575757575757569,-0.8771929824561431,-6.390532544378702,-6.390532544378702,6.826801517067005,0.0,0.014492753623188406,False,False,False
4901,富士フイルムホールディングス,2026-09-02,3346.0,3908.0,3908.0,3361.8,3421.48,4416740.0,3333.0,3346.0,3309.0,3312.0,531700.0,-1.0161386730424438,-0.3885236102809331,-0.6300630063006296,-15.25076765609007,-15.25076765609007,17.995169082125596,0.0,0.12038290684984854,False,False,False
4902,コニカミノルタ,2026-09-02,666.9000244140625,698.9000244140625,708.0,669.860009765625,650.0040014648438,2963740.0,663.0,664.5,652.9000244140625,656.2999877929688,348100.0,-1.589449127761977,-0.5847989610570314,-1.0105599105627805,-6.095297629558449,-7.302261611162608,7.877497054493343,1.3020425337038288,0.11745294796439634,False,False,False
4911,資生堂,2026-09-02,3483.0,3821.0,3821.0,3658.8,3522.6,2483880.0,3366.0,3389.0,3332.0,3385.0,464900.0,-2.8136663795578554,-3.3591731266149893,0.564468211527025,-11.410625490709236,-11.410625490709236,12.880354505169866,0.0,0.18716685186079843,True,False,False
4912,ライオン,2026-09-02,1880.0,1946.0,1946.0,1892.2,1835.22,1364960.0,1852.0,1855.0,1830.5,1841.5,168500.0,-2.0478723404255272,-1.4893617021276562,-0.5669546436285144,-5.3699897225077065,-5.3699897225077065,5.674721694270968,0.0,0.12344684093306764,False,False,False
4914,高砂香料工業,2026-09-02,1328.0,1357.0,1357.0,1341.6,1273.24,179220.0,1305.0,1306.0,1290.0,1293.0,29400.0,-2.6355421686746983,-1.7319277108433728,-0.919540229885063,-4.716285924834196,-4.716285924834196,4.949729311678275,0.0,0.16404419149648478,False,False,False
4918,アイビー化粧品,2026-09-02,300.0,329.0,329.0,300.4,305.32,16200.0,297.0,297.0,297.0,297.0,3000.0,-1.0000000000000009,-1.0000000000000009,0.0,-9.726443768996962,-9.726443768996962,10.77441077441077,0.0,0.18518518518518517,False,False,False
4919,ミルボン,2026-09-02,3210.0,3360.0,3360.0,3266.0,3094.52,311320.0,3190.0,3200.0,3155.0,3170.0,11100.0,-1.2461059190031154,-0.6230529595015577,-0.6269592476489061,-5.654761904761907,-5.654761904761907,5.993690851735023,0.0,0.035654631890016705,False,False,False
4920,日本色材工業研究所,2026-09-02,1135.0,1151.0,1151.0,1129.0,1126.44,1140.0,1145.0,1145.0,1145.0,1145.0,100.0,0.8810572687224738,0.8810572687224738,0.0,-0.5212858384013863,-0.5212858384013863,0.5240174672489051,0.0,0.08771929824561403,False,False,False
4922,コーセーホールディングス,2026-09-02,5748.0,6118.0,6118.0,5828.8,5806.88,307320.0,5720.0,5798.0,5611.0,5672.0,43100.0,-1.3221990257480831,-0.4871259568545616,-0.8391608391608352,-7.289964040536123,-7.289964040536123,7.8631875881523206,0.0,0.14024469608225953,False,False,False
4923,コタ,2026-09-02,1238.0,1276.0,1276.0,1249.0,1232.56,27520.0,1244.0,1244.0,1238.0,1238.0,3200.0,0.0,0.4846526655896577,-0.4823151125401881,-2.9780564263322873,-2.9780564263322873,3.0694668820678617,0.0,0.11627906976744186,False,False,False
4925,ハーバー研究所,2026-09-02,1734.0,1759.0,1777.0,1730.4,1739.2,1760.0,1735.0,1735.0,1735.0,1735.0,400.0,0.057670126874276306,0.057670126874276306,0.0,-1.3644115974985827,-2.363534046145188,2.420749279538903,1.0233086981239259,0.22727272727272727,False,False,False
4926,シーボン,2026-09-02,1242.0,1260.0,1260.0,1248.0,1246.04,1100.0,1249.0,1249.0,1249.0,1249.0,200.0,0.5636070853462183,0.5636070853462183,0.0,-0.8730158730158699,-0.8730158730158699,0.8807045636509248,0.0,0.18181818181818182,False,False,False
4927,ポーラ・オルビスホールディングス,2026-09-02,1380.0,1434.5,1434.5,1391.1,1383.04,434500.0,1352.0,1368.5,1349.5,1359.0,66100.0,-1.521739130434785,-2.0289855072463725,0.5177514792899407,-5.263157894736848,-5.263157894736848,5.555555555555558,0.0,0.15212888377445338,True,False,False
4928,ノエビアホールディングス,2026-09-02,4865.0,4985.0,5070.0,4903.0,4846.8,77620.0,4810.0,4810.0,4785.0,4795.0,11600.0,-1.4388489208633115,-1.130524152106882,-0.31185031185031464,-3.8114343029087228,-5.424063116370814,5.735140771637126,1.7051153460381219,0.14944601906725072,False,False,False
4929,アジュバンホールディングス,2026-09-02,740.0,743.0,759.0,740.4,738.68,1840.0,743.0,743.0,743.0,743.0,400.0,0.40540540540541237,0.40540540540541237,0.0,0.0,-2.1080368906455815,2.153432032301472,2.153432032301472,0.21739130434782608,False,False,False
4931,新日本製薬,2026-09-02,2051.0,2126.0,2126.0,2089.4,2054.56,95460.0,2031.0,2036.0,2026.0,2032.0,7800.0,-0.9263773768893202,-0.9751340809361242,0.0492368291482137,-4.421448730009403,-4.421448730009403,4.625984251968496,0.0,0.08170961659333752,True,False,False
4932,アルマード,2026-09-02,765.0,790.0,790.0,773.4,743.36,15920.0,760.0,762.0,760.0,762.0,700.0,-0.39215686274509665,-0.6535947712418277,0.2631578947368318,-3.544303797468351,-3.544303797468351,3.6745406824147064,0.0,0.04396984924623116,True,False,False
4933,Ｉ－ｎｅ,2026-09-02,1447.0,1555.0,1555.0,1468.0,1384.96,46400.0,1436.0,1451.0,1430.0,1451.0,4900.0,0.27643400138217533,-0.7601935038009655,1.0445682451253546,-6.6881028938906795,-6.6881028938906795,7.1674707098552615,0.0,0.10560344827586207,True,False,False
4934,プレミアアンチエイジング,2026-09-02,602.0,607.0,630.0,596.8,600.0,4080.0,596.0,596.0,596.0,596.0,2100.0,-0.9966777408637828,-0.9966777408637828,0.0,-1.8121911037891292,-5.3968253968254,5.7046979865771785,3.789126853377267,0.5147058823529411,False,False,False
4935,リベルタ,2026-09-02,199.0,262.0,328.0,207.8,222.96,342700.0,200.0,202.0,198.0,199.0,101700.0,0.0,0.5025125628140614,-0.5000000000000004,-24.045801526717558,-39.329268292682926,64.82412060301507,25.190839694656496,0.29676101546542166,False,False,False
4936,アクシージア,2026-09-02,321.0,329.0,360.0,323.2,322.16,28180.0,319.0,319.0,318.0,318.0,15600.0,-0.9345794392523366,-0.6230529595015577,-0.31347962382445305,-3.3434650455927084,-11.66666666666667,13.207547169811317,9.422492401215798,0.553584102200142,False,False,False
4937,Ｗａｑｏｏ,2026-09-02,2276.0,2500.0,2500.0,2314.2,2023.16,4860.0,2346.0,2379.0,2346.0,2377.0,3000.0,4.437609841827772,3.075571177504388,1.321398124467188,-4.920000000000002,-4.920000000000002,5.174589819099706,0.0,0.6172839506172839,True,False,False
4951,エステー,2026-09-02,1533.0,1570.0,1576.0,1533.6,1520.72,24840.0,1513.0,1513.0,1504.0,1512.0,12300.0,-1.3698630136986356,-1.304631441617743,-0.06609385327164263,-3.694267515923566,-4.060913705583758,4.232804232804233,0.3821656050955413,0.49516908212560384,False,False,False
4956,コニシ,2026-09-02,1484.0,1505.0,1505.0,1479.2,1454.92,91900.0,1470.0,1476.0,1462.0,1471.0,4300.0,-0.8760107816711549,-0.9433962264150941,0.06802721088434716,-2.2591362126245795,-2.2591362126245795,2.3113528212100665,0.0,0.046789989118607184,True,False,False
4958,長谷川香料,2026-09-02,3305.0,3400.0,3400.0,3340.0,3322.6,47240.0,3280.0,3285.0,3270.0,3270.0,7900.0,-1.0590015128593033,-0.7564296520423563,-0.3048780487804881,-3.8235294117647034,-3.8235294117647034,3.9755351681957096,0.0,0.1672311600338696,False,False,False
4960,ケミプロ化成,2026-09-02,607.0,610.0,610.0,542.8,524.64,91520.0,669.0,678.0,655.0,675.0,36100.0,11.202635914332792,10.214168039538718,0.8968609865470878,10.655737704918034,10.655737704918034,-9.629629629629633,0.0,0.3944493006993007,True,True,True
4966,上村工業,2026-09-02,19580.0,25750.0,25750.0,19776.0,21022.8,61200.0,19300.0,19340.0,19170.0,19180.0,4700.0,-2.0429009193054126,-1.430030643513791,-0.6217616580310836,-25.514563106796118,-25.514563106796118,34.25443169968718,0.0,0.07679738562091504,False,False,False
4967,小林製薬,2026-09-02,5679.0,5770.0,5879.0,5694.8,5618.44,241820.0,5675.0,5700.0,5655.0,5678.0,54000.0,-0.017608733932028553,-0.07043493572812531,0.052863436123340435,-1.5944540727902967,-3.418948800816468,3.5399788657978215,1.8890814558058855,0.2233065916797618,True,False,False
4968,荒川化学工業,2026-09-02,2090.0,2673.0,2673.0,2157.4,2191.0,195620.0,2057.0,2058.0,2028.0,2042.0,18400.0,-2.2966507177033524,-1.5789473684210575,-0.7292173067574126,-23.60643471754583,-23.60643471754583,30.90107737512242,0.0,0.09405991207443001,False,False,False
4970,東洋合成工業,2026-09-02,10480.0,15340.0,16150.0,11276.0,12240.0,101520.0,10530.0,10540.0,10400.0,10510.0,5500.0,0.2862595419847347,0.4770992366412319,-0.18993352326686086,-31.486310299869626,-34.922600619195045,53.663177925784964,5.280312907431561,0.05417651694247439,False,False,False
4971,メック,2026-09-02,6390.0,10020.0,10020.0,6630.0,7599.6,310860.0,6180.0,6260.0,6160.0,6260.0,42400.0,-2.0344287949921713,-3.2863849765258246,1.2944983818770295,-37.5249500998004,-37.5249500998004,60.063897763578275,0.0,0.13639580518561412,True,False,False
4972,綜研化学,2026-09-02,4170.0,4240.0,4240.0,3858.0,3396.84,108820.0,3985.0,4005.0,3965.0,3965.0,3600.0,-4.916067146282977,-4.436450839328532,-0.5018820577164407,-6.485849056603776,-6.485849056603776,6.935687263556112,0.0,0.033082154015805915,False,False,False
4973,日本高純度化学,2026-09-02,4705.0,4930.0,5330.0,4803.0,4655.6,58280.0,4715.0,4725.0,4670.0,4680.0,25100.0,-0.5313496280552554,0.2125398512220933,-0.7423117709437932,-5.070993914807298,-12.195121951219512,13.888888888888884,8.113590263691695,0.43067947838023335,False,False,False
4975,ＪＣＵ,2026-09-02,5580.0,6800.0,6800.0,5494.0,5670.4,167300.0,5600.0,5680.0,5600.0,5680.0,9200.0,1.7921146953405076,0.35842293906809264,1.4285714285714235,-16.470588235294116,-16.470588235294116,19.718309859154925,0.0,0.05499103407053198,True,False,False
4976,東洋ドライルーブ,2026-09-02,1574.0,1650.0,1650.0,1480.2,1397.36,5800.0,1526.0,1550.0,1526.0,1531.0,300.0,-2.7318932655654438,-3.0495552731893305,0.327653997378774,-7.212121212121215,-7.212121212121215,7.772697583278898,0.0,0.05172413793103448,True,False,False
4977,新田ゼラチン,2026-09-02,1200.0,1358.0,1358.0,1209.0,1247.16,39140.0,1199.0,1199.0,1190.0,1192.0,14500.0,-0.666666666666671,-0.08333333333333526,-0.5838198498749003,-12.223858615611194,-12.223858615611194,13.926174496644306,0.0,0.370464997445069,False,False,False
4978,リプロセル,2026-09-02,147.0,157.0,157.0,149.4,141.36,429820.0,147.0,148.0,146.0,146.0,45400.0,-0.6802721088435382,0.0,-0.6802721088435382,-7.006369426751591,-7.006369426751591,7.534246575342474,0.0,0.10562561072076683,False,False,False
4979,ＯＡＴアグリオ,2026-09-02,2923.0,3010.0,3010.0,2836.2,2621.28,39780.0,2942.0,2965.0,2931.0,2955.0,3200.0,1.0947656517276805,0.6500171057133075,0.44187627464309376,-1.8272425249169388,-1.8272425249169388,1.861252115059231,0.0,0.08044243338360986,True,False,False
4980,デクセリアルズ,2026-09-02,2920.0,3349.0,3814.0,3034.4,3097.46,1414980.0,2876.5,2903.5,2870.0,2884.0,95200.0,-1.2328767123287676,-1.4897260273972646,0.2607335303320024,-13.884741713944459,-24.383848977451493,32.24687933425798,13.884741713944472,0.0672801028989809,True,False,False
4985,アース製薬,2026-09-02,4880.0,4970.0,4970.0,4917.0,4822.4,44320.0,4800.0,4800.0,4760.0,4785.0,14800.0,-1.9467213114754078,-1.6393442622950838,-0.31250000000000444,-3.7223340040241415,-3.7223340040241415,3.866248693834895,0.0,0.33393501805054154,False,False,False
4990,昭和化学工業,2026-09-02,511.0,536.0,536.0,517.6,503.48,2240.0,515.0,515.0,515.0,515.0,300.0,0.7827788649706457,0.7827788649706457,0.0,-3.917910447761197,-3.917910447761197,4.077669902912628,0.0,0.13392857142857142,False,False,False
4992,北興化学工業,2026-09-02,1975.0,2069.0,2069.0,2013.8,1973.2,71640.0,1980.0,1980.0,1949.0,1952.0,12300.0,-1.1645569620253204,0.25316455696202667,-1.4141414141414121,-5.654905751570805,-5.654905751570805,5.993852459016402,0.0,0.17169179229480738,False,False,False
4994,大成ラミックグループ,2026-09-02,2885.0,2937.0,2937.0,2869.6,2727.2,25480.0,2870.0,2870.0,2828.0,2844.0,2500.0,-1.4211438474870053,-0.5199306759098743,-0.9059233449477344,-3.166496424923393,-3.166496424923393,3.270042194092837,0.0,0.09811616954474098,False,False,False
4996,クミアイ化学工業,2026-09-02,781.0,807.0,807.0,782.4,765.16,423880.0,777.0,777.0,768.0,771.0,77100.0,-1.2804097311139517,-0.5121638924455829,-0.7722007722007707,-4.460966542750933,-4.460966542750933,4.669260700389111,0.0,0.18189110125507219,False,False,False
4997,日本農薬,2026-09-02,1303.0,1326.0,1326.0,1273.8,1173.56,291120.0,1264.0,1270.0,1246.0,1251.0,119700.0,-3.9907904834996177,-2.9930928626247133,-1.0284810126582333,-5.65610859728507,-5.65610859728507,5.995203836930463,0.0,0.4111706512778236,False,False,False
4998,フマキラー,2026-09-02,1200.0,1214.0,1230.0,1202.2,1193.4,19300.0,1203.0,1203.0,1192.0,1194.0,2000.0,-0.5000000000000004,0.24999999999999467,-0.7481296758104716,-1.6474464579901205,-2.9268292682926855,3.015075376884413,1.317957166392092,0.10362694300518134,False,False,False
500A,ＴＯブックス,2026-09-02,3450.0,3495.0,3495.0,3414.0,3172.72,8340.0,3485.0,3485.0,3485.0,3485.0,200.0,1.0144927536231974,1.0144927536231974,0.0,-0.28612303290415086,-0.28612303290415086,0.2869440459110528,0.0,0.023980815347721823,False,False,False
5010,日本精蝋,2026-09-02,288.0,370.0,370.0,290.4,272.84,134200.0,284.0,285.0,284.0,285.0,7900.0,-1.041666666666663,-1.388888888888884,0.35211267605634866,-22.972972972972972,-22.972972972972972,29.824561403508774,0.0,0.05886736214605067,True,False,False
5011,ニチレキグループ,2026-09-02,2280.0,2426.0,2426.0,2267.0,2279.28,72260.0,2252.0,2272.0,2252.0,2272.0,6200.0,-0.35087719298245723,-1.2280701754386003,0.8880994671403242,-6.347897774113765,-6.347897774113765,6.778169014084501,0.0,0.08580127318018267,True,False,False
5013,ユシロ,2026-09-02,2882.0,3210.0,3210.0,2964.4,2989.92,51000.0,2895.0,2895.0,2861.0,2870.0,3600.0,-0.4163775156141525,0.4510756419153328,-0.8635578583765069,-10.59190031152648,-10.59190031152648,11.846689895470375,0.0,0.07058823529411765,False,False,False
5015,ビーピー・カストロール,2026-09-02,1003.0,1015.0,1015.0,1002.6,1000.4,6360.0,1001.0,1001.0,1000.0,1000.0,1100.0,-0.29910269192422456,-0.1994017946161497,-0.09990009990009652,-1.4778325123152691,-1.4778325123152691,1.4999999999999902,0.0,0.17295597484276728,False,False,False
5016,ＪＸ金属,2026-09-02,3660.0,4350.0,4350.0,3775.2,3798.96,15169920.0,3586.0,3600.0,3550.0,3573.0,1978800.0,-2.3770491803278726,-2.0218579234972722,-0.36252091466815184,-17.862068965517242,-17.862068965517242,21.74643157010916,0.0,0.130442349069738,False,False,False
5018,ＭＯＲＥＳＣＯ,2026-09-02,2300.0,2440.0,2440.0,2342.2,2239.44,37900.0,2345.0,2350.0,2330.0,2330.0,1700.0,1.304347826086949,1.9565217391304346,-0.6396588486140775,-4.508196721311474,-4.508196721311474,4.7210300429184615,0.0,0.044854881266490766,False,False,False
5019,出光興産,2026-09-02,1462.0,1501.0,1501.0,1422.8,1338.3,4964960.0,1509.0,1512.5,1462.0,1470.0,824300.0,0.547195622435015,3.2147742818057434,-2.5844930417495027,-2.0652898067954673,-2.0652898067954673,2.1088435374149617,0.0,0.16602349263639588,False,False,False
5020,ＥＮＥＯＳホールディングス,2026-09-02,1345.0,1392.0,1392.0,1345.6,1312.78,7523660.0,1372.0,1377.0,1347.0,1353.0,1868700.0,0.5947955390334547,2.007434944237918,-1.384839650145775,-2.8017241379310387,-2.8017241379310387,2.882483370288247,0.0,0.2483764550763857,False,False,False
5021,コスモエネルギーホールディングス,2026-09-02,4266.0,4395.0,4395.0,4258.0,4103.2,540140.0,4420.0,4432.0,4340.0,4346.0,73000.0,1.87529301453353,3.609939052977018,-1.6742081447963852,-1.11490329920364,-1.11490329920364,1.1274735388863366,0.0,0.13515014625837746,False,False,False
5026,トリプルアイズ,2026-09-02,597.0,655.0,655.0,616.4,585.68,28500.0,600.0,608.0,599.0,608.0,2400.0,1.8425460636515956,0.5025125628140614,1.333333333333342,-7.175572519083973,-7.175572519083973,7.7302631578947345,0.0,0.08421052631578947,True,False,False
5027,ＡｎｙＭｉｎｄ　Ｇｒｏｕｐ,2026-09-02,723.0,856.0,856.0,785.2,679.92,504700.0,725.0,740.0,721.0,730.0,55800.0,0.9681881051175623,0.2766251728907321,0.6896551724137945,-14.719626168224298,-14.719626168224298,17.260273972602747,0.0,0.11056072914602734,True,False,False
5028,セカンドサイトアナリティカ,2026-09-02,355.0,394.0,394.0,357.0,364.76,6920.0,352.0,352.0,352.0,352.0,2700.0,-0.8450704225352101,-0.8450704225352101,0.0,-10.659898477157359,-10.659898477157359,11.931818181818187,0.0,0.3901734104046243,False,False,False
5029,サークレイス,2026-09-02,869.0,1040.0,1040.0,900.6,804.24,103620.0,907.0,914.0,905.0,914.0,1400.0,5.178365937859608,4.372842347525885,0.7717750826901959,-12.115384615384617,-12.115384615384617,13.785557986870888,0.0,0.013510905230650454,True,False,False
5031,モイ,2026-09-02,337.0,350.0,350.0,339.8,331.2,27360.0,330.0,338.0,330.0,336.0,3600.0,-0.29673590504450953,-2.077151335311578,1.8181818181818077,-4.0000000000000036,-4.0000000000000036,4.166666666666674,0.0,0.13157894736842105,True,False,False
5032,ＡＮＹＣＯＬＯＲ,2026-09-02,2920.0,3080.0,3080.0,2992.6,2811.8,515100.0,2985.0,3010.0,2980.0,2984.0,41100.0,2.191780821917799,2.2260273972602773,-0.03350083752093891,-3.116883116883118,-3.116883116883118,3.217158176943702,0.0,0.07979033197437391,False,False,False
5033,ヌーラボ,2026-09-02,1006.0,1065.0,1065.0,978.0,871.88,118920.0,1172.0,1177.0,1106.0,1119.0,56300.0,11.23260437375746,16.50099403578529,-4.5221843003412925,5.070422535211261,5.070422535211261,-4.825737265415553,0.0,0.4734275142953246,False,True,True
5034,ｕｎｅｒｒｙ,2026-09-02,2300.0,2386.0,2500.0,2286.4,2174.84,14380.0,2400.0,2456.0,2390.0,2390.0,18600.0,3.913043478260869,4.347826086956519,-0.4166666666666652,0.16764459346185756,-4.400000000000004,4.602510460251041,4.77787091366304,1.2934631432545203,False,True,False
5035,ＨＯＵＳＥＩ,2026-09-02,369.0,374.0,374.0,365.4,359.16,3840.0,373.0,373.0,368.0,368.0,600.0,-0.27100271002710175,1.084010840108407,-1.3404825737265424,-1.6042780748663055,-1.6042780748663055,1.6304347826086918,0.0,0.15625,False,False,False
5036,日本ビジネスシステムズ,2026-09-02,1616.0,1682.0,1682.0,1630.8,1606.32,92280.0,1571.0,1584.0,1565.0,1571.0,11900.0,-2.7846534653465316,-2.7846534653465316,0.0,-6.599286563614748,-6.599286563614748,7.065563335455116,0.0,0.12895535327264845,False,False,False
5038,ｅＷｅＬＬ,2026-09-02,2105.0,2397.0,2397.0,2191.0,2164.0,75700.0,2105.0,2138.0,2105.0,2122.0,29600.0,0.8076009501187587,0.0,0.8076009501187587,-11.472674176053399,-11.472674176053399,12.959472196041478,0.0,0.3910171730515192,True,False,False
504A,イノバセル,2026-09-02,573.0,640.0,640.0,565.0,564.84,171120.0,576.0,579.0,571.0,573.0,4800.0,0.0,0.5235602094240788,-0.520833333333337,-10.468750000000004,-10.468750000000004,11.69284467713787,0.0,0.028050490883590462,False,False,False
505A,ギークリー,2026-09-02,1407.0,1482.0,1482.0,1443.8,1357.12,31180.0,1387.0,1424.0,1380.0,1420.0,5700.0,0.9239516702203243,-1.4214641080312673,2.379235760634457,-4.183535762483126,-4.183535762483126,4.366197183098586,0.0,0.18280949326491341,True,False,False
5071,ヴィス,2026-09-02,1368.0,1488.0,1488.0,1368.6,1386.08,2120.0,1366.0,1366.0,1366.0,1366.0,100.0,-0.14619883040936088,-0.14619883040936088,0.0,-8.1989247311828,-8.1989247311828,8.931185944363108,0.0,0.04716981132075472,False,False,False
5074,テスホールディングス,2026-09-02,630.0,826.0,850.0,638.0,678.32,1052360.0,600.0,607.0,594.0,606.0,491700.0,-3.809523809523807,-4.761904761904767,1.0000000000000009,-26.634382566585955,-28.70588235294118,40.26402640264026,2.9055690072639306,0.46723554677106693,True,False,False
5076,インフロニア・ホールディングス,2026-09-02,2849.5,2944.0,2944.0,2865.1,2718.0,1456700.0,2750.5,2754.5,2710.5,2716.0,201800.0,-4.685032461835414,-3.474293735743117,-1.2543173968369348,-7.744565217391308,-7.744565217391308,8.394698085419726,0.0,0.13853229903205877,False,False,False
50765,インフロニア・ホールディングス第１回社債型種類株式,2026-09-02,4633.0,4645.0,4645.0,4630.4,4630.88,2420.0,4632.0,4632.0,4632.0,4632.0,200.0,-0.021584286639331207,-0.021584286639331207,0.0,-0.27987082884822767,-0.27987082884822767,0.28065630397235974,0.0,0.08264462809917356,False,False,False
5079,ノバック,2026-09-02,2605.0,2722.0,2722.0,2637.4,2603.6,6600.0,2623.0,2623.0,2623.0,2623.0,7400.0,0.6909788867562439,0.6909788867562439,0.0,-3.6370315944158738,-3.6370315944158738,3.7743042317956554,0.0,1.121212121212121,False,False,False
5101,横浜ゴム,2026-09-02,7040.0,8291.0,8291.0,7330.8,7534.4,848820.0,7149.0,7150.0,6950.0,6988.0,210800.0,-0.7386363636363691,1.5482954545454453,-2.2520632256259665,-15.715836449161745,-15.715836449161745,18.646250715512313,0.0,0.24834476096227703,False,False,False
5105,ＴＯＹＯ　ＴＩＲＥ,2026-09-02,3683.0,4337.0,4353.0,3766.6,3891.44,1566620.0,3658.0,3670.0,3616.0,3629.0,253900.0,-1.4661960358403503,-0.6787944610372021,-0.7927829414980825,-16.324648374452387,-16.63220767286928,19.9503995591072,0.3689186073322581,0.1620686573642619,False,False,False
5108,ブリヂストン,2026-09-02,4098.0,4393.0,4393.0,4131.6,4091.8,2908380.0,4049.0,4056.0,3967.0,3976.0,515900.0,-2.9770619814543653,-1.1957052220595399,-1.8029142998271186,-9.492374231732303,-9.492374231732303,10.487927565392363,0.0,0.1773839732084528,False,False,False
5110,住友ゴム工業,2026-09-02,2160.0,2547.0,2547.0,2232.8,2301.56,1784000.0,2152.0,2157.0,2105.0,2113.0,335600.0,-2.1759259259259256,-0.37037037037036535,-1.8122676579925612,-17.03965449548488,-17.03965449548488,20.539517274017992,0.0,0.18811659192825111,False,False,False
5121,藤倉コンポジット,2026-09-02,2680.0,2830.0,2830.0,2702.6,2685.76,54520.0,2627.0,2627.0,2615.0,2625.0,10900.0,-2.0522388059701524,-1.977611940298507,-0.07613247049866878,-7.2438162544169575,-7.2438162544169575,7.8095238095237995,0.0,0.19992663242846662,False,False,False
5122,オカモト,2026-09-02,6270.0,6730.0,6730.0,6368.0,6312.8,39880.0,6320.0,6360.0,6290.0,6290.0,2600.0,0.31897926634769647,0.797448165869219,-0.4746835443038,-6.537890044576522,-6.537890044576522,6.995230524642282,0.0,0.06519558676028084,False,False,False
5125,ファインズ,2026-09-02,472.0,499.0,499.0,471.0,474.96,3580.0,473.0,473.0,473.0,473.0,100.0,0.21186440677967155,0.21186440677967155,0.0,-5.210420841683372,-5.210420841683372,5.496828752642702,0.0,0.027932960893854747,False,False,False
5126,ポーターズ,2026-09-02,1426.0,1610.0,1700.0,1422.2,1499.52,1000.0,,,,,,,,,,,,5.590062111801242,,False,False,False
5129,ＦＩＸＥＲ,2026-09-02,307.0,422.0,422.0,335.4,263.12,1409520.0,290.0,290.0,284.0,288.0,38500.0,-6.1889250814332275,-5.537459283387625,-0.6896551724137945,-31.753554502369663,-31.753554502369663,46.52777777777777,0.0,0.027314263011521654,False,False,False
5131,リンカーズ,2026-09-02,124.0,157.0,157.0,126.4,119.88,290820.0,121.0,123.0,121.0,123.0,26100.0,-0.8064516129032251,-2.4193548387096753,1.6528925619834656,-21.65605095541401,-21.65605095541401,27.642276422764223,0.0,0.08974623478440272,True,False,False
5132,ｐｌｕｓｚｅｒｏ,2026-09-02,2018.0,2147.0,2147.0,2059.6,1957.72,26520.0,2035.0,2036.0,2021.0,2021.0,2200.0,0.14866204162538033,0.842418235877096,-0.687960687960687,-5.868653935724266,-5.868653935724266,6.234537357743686,0.0,0.08295625942684766,False,False,False
5133,テリロジーホールディングス,2026-09-02,305.0,326.0,326.0,315.4,311.24,55000.0,300.0,304.0,300.0,303.0,11000.0,-0.6557377049180357,-1.6393442622950838,1.0000000000000009,-7.055214723926384,-7.055214723926384,7.590759075907583,0.0,0.2,True,False,False
5134,ＰＯＰＥＲ,2026-09-02,480.0,503.0,533.0,483.0,487.64,2580.0,480.0,496.0,480.0,482.0,9500.0,0.4166666666666652,0.0,0.4166666666666652,-4.174950298210733,-9.56848030018762,10.580912863070546,5.964214711729632,3.682170542635659,True,False,False
5136,ｔｒｉｐｌａ,2026-09-02,1937.0,2100.0,2100.0,1994.6,1862.12,42600.0,1972.0,2020.0,1972.0,1998.0,3700.0,3.1491997934951055,1.8069179143004543,1.3184584178498993,-4.857142857142859,-4.857142857142859,5.105105105105112,0.0,0.08685446009389672,True,False,False
5137,スマートドライブ,2026-09-02,309.0,336.0,336.0,307.4,264.64,1248800.0,316.0,332.0,316.0,324.0,495300.0,4.854368932038833,2.265372168284796,2.5316455696202445,-3.57142857142857,-3.57142857142857,3.703703703703698,0.0,0.3966207559256887,True,False,False
5138,Ｒｅｂａｓｅ,2026-09-02,473.0,482.0,482.0,469.0,448.32,1200.0,461.0,462.0,461.0,462.0,300.0,-2.3255813953488413,-2.5369978858350906,0.2169197396963085,-4.149377593360992,-4.149377593360992,4.329004329004338,0.0,0.25,True,False,False
5139,オープンワーク,2026-09-02,933.0,988.0,988.0,954.2,942.76,13880.0,932.0,932.0,932.0,932.0,500.0,-0.1071811361200381,-0.1071811361200381,0.0,-5.668016194331981,-5.668016194331981,6.008583690987135,0.0,0.03602305475504323,False,False,False
5142,アキレス,2026-09-02,1835.0,2032.0,2032.0,1899.8,1735.88,114900.0,1827.0,1838.0,1806.0,1816.0,10700.0,-1.0354223433242549,-0.4359673024523114,-0.6020799124247356,-10.629921259842522,-10.629921259842522,11.894273127753308,0.0,0.09312445604873804,False,False,False
5161,西川ゴム工業,2026-09-02,3700.0,3825.0,3825.0,3744.0,3499.2,134920.0,3600.0,3620.0,3570.0,3580.0,25600.0,-3.2432432432432434,-2.7027027027026973,-0.5555555555555536,-6.405228758169934,-6.405228758169934,6.843575418994408,0.0,0.18974206937444413,False,False,False
5162,朝日ラバー,2026-09-02,799.0,823.0,823.0,802.0,796.12,3420.0,799.0,799.0,799.0,799.0,200.0,0.0,0.0,0.0,-2.916160388821387,-2.916160388821387,3.0037546933667114,0.0,0.05847953216374269,False,False,False
5184,ニチリン,2026-09-02,4120.0,4200.0,4200.0,4143.0,4131.2,12260.0,4120.0,4125.0,4120.0,4120.0,1300.0,0.0,0.0,0.0,-1.904761904761909,-1.904761904761909,1.9417475728155331,0.0,0.10603588907014681,False,False,False
5185,フコク,2026-09-02,2023.0,2104.0,2104.0,2055.6,2001.32,48440.0,2011.0,2012.0,2000.0,2007.0,10400.0,-0.7909045971329687,-0.5931784478497293,-0.19890601690700782,-4.610266159695819,-4.610266159695819,4.833084205281524,0.0,0.21469859620148637,False,False,False
5186,ニッタ,2026-09-02,6650.0,7270.0,7270.0,6746.0,6699.2,37800.0,6600.0,6660.0,6560.0,6620.0,6900.0,-0.4511278195488688,-0.7518796992481258,0.3030303030302939,-8.940852819807432,-8.940852819807432,9.818731117824765,0.0,0.18253968253968253,True,False,False
5187,クリエートメディック,2026-09-02,1144.0,1160.0,1163.0,1142.6,1139.56,3460.0,1149.0,1149.0,1149.0,1149.0,200.0,0.43706293706293753,0.43706293706293753,0.0,-0.9482758620689702,-1.2037833190025826,1.2184508268059169,0.2586206896551646,0.057803468208092484,False,False,False
5189,櫻護謨,2026-09-02,3595.0,4015.0,4015.0,3523.0,3458.6,940.0,3650.0,3650.0,3570.0,3570.0,300.0,-0.6954102920723182,1.5299026425591,-2.1917808219178103,-11.083437110834371,-11.083437110834371,12.46498599439776,0.0,0.3191489361702128,False,False,False
5192,三ツ星ベルト,2026-09-02,4415.0,4645.0,4645.0,4431.0,4339.0,46700.0,4405.0,4415.0,4390.0,4390.0,9000.0,-0.5662514156285381,-0.22650056625141968,-0.34052213393870323,-5.489773950484389,-5.489773950484389,5.808656036446469,0.0,0.19271948608137046,False,False,False
5194,相模ゴム工業,2026-09-02,646.0,671.0,680.0,637.0,641.32,4100.0,645.0,647.0,645.0,645.0,700.0,-0.1547987616099089,-0.1547987616099089,0.0,-3.874813710879288,-5.147058823529416,5.4263565891472965,1.3412816691505292,0.17073170731707318,False,False,False
5195,バンドー化学,2026-09-02,2459.0,2560.0,2560.0,2491.8,2455.08,57900.0,2467.0,2467.0,2446.0,2457.0,6700.0,-0.08133387555917526,0.32533550223667884,-0.4053506282934771,-4.023437500000004,-4.023437500000004,4.192104192104185,0.0,0.1157167530224525,False,False,False
5199,不二ラテックス,2026-09-02,2010.0,2140.0,2140.0,2009.0,2003.36,360.0,2010.0,2010.0,1984.0,1984.0,500.0,-1.2935323383084563,0.0,-1.2935323383084563,-7.289719626168223,-7.289719626168223,7.86290322580645,0.0,1.3888888888888888,False,False,False
519A,ベーシック,2026-09-02,505.0,549.0,549.0,506.0,509.96,9620.0,499.0,499.0,499.0,499.0,1000.0,-1.1881188118811892,-1.1881188118811892,0.0,-9.107468123861562,-9.107468123861562,10.020040080160332,0.0,0.10395010395010396,False,False,False
5201,ＡＧＣ,2026-09-02,5653.0,6061.0,6459.0,5746.0,5835.6,1376400.0,5633.0,5651.0,5550.0,5562.0,384900.0,-1.6097647266937964,-0.3537944454272024,-1.2604296112195934,-8.232964857284275,-13.88759869948909,16.12729234088457,6.5665731727437615,0.27964254577157804,False,False,False
5202,日本板硝子,2026-09-02,491.0,493.0,493.0,491.8,485.64,2221460.0,491.0,492.0,490.0,490.0,1016300.0,-0.20366598778004397,0.0,-0.20366598778004397,-0.6085192697768749,-0.6085192697768749,0.612244897959191,0.0,0.45749191972846687,False,False,False
5204,石塚硝子,2026-09-02,3030.0,3085.0,3085.0,3056.0,3029.48,4880.0,3075.0,3080.0,3075.0,3080.0,300.0,1.650165016501659,1.4851485148514865,0.1626016260162677,-0.16207455429497752,-0.16207455429497752,0.16233766233766378,0.0,0.06147540983606557,True,False,False
5208,有沢製作所,2026-09-02,2586.0,2978.0,2978.0,2656.4,2628.16,218900.0,2541.0,2553.0,2521.0,2535.0,20400.0,-1.9721577726218076,-1.740139211136893,-0.23612750885477762,-14.875755540631296,-14.875755540631296,17.475345167652854,0.0,0.09319323892188214,False,False,False
520A,ジェイファーマ,2026-09-02,391.0,395.0,395.0,320.2,287.4,530540.0,350.0,350.0,333.0,336.0,43400.0,-14.066496163682862,-10.48593350383632,-4.0000000000000036,-14.936708860759495,-14.936708860759495,17.559523809523814,0.0,0.08180344554604742,False,False,False
5210,日本山村硝子,2026-09-02,2910.0,3055.0,3055.0,2948.4,2895.64,23720.0,2896.0,2909.0,2880.0,2889.0,11700.0,-0.7216494845360799,-0.4810996563573866,-0.24171270718231774,-5.4337152209492645,-5.4337152209492645,5.74593284873659,0.0,0.49325463743676223,False,False,False
5214,日本電気硝子,2026-09-02,4621.0,5226.0,5799.0,4785.8,4898.84,753520.0,4625.0,4661.0,4606.0,4642.0,65600.0,0.4544470893745878,0.0865613503570728,0.3675675675675727,-11.17489475698431,-19.951715813071225,24.92460146488582,10.964408725602759,0.08705807410553137,True,False,False
5216,倉元製作所,2026-09-02,154.0,165.0,168.0,155.6,155.04,163060.0,151.0,152.0,151.0,152.0,9500.0,-1.2987012987012991,-1.9480519480519431,0.6622516556291425,-7.878787878787874,-9.523809523809524,10.526315789473696,1.8181818181818077,0.05826076290935852,True,False,False
5218,オハラ,2026-09-02,1613.0,1699.0,1699.0,1636.6,1574.88,89480.0,1642.0,1650.0,1631.0,1638.0,10800.0,1.5499070055796649,1.7978921264724113,-0.24360535931789995,-3.5903472630959388,-3.5903472630959388,3.724053724053733,0.0,0.12069736253911488,False,False,False
5232,住友大阪セメント,2026-09-02,5432.0,6084.0,6084.0,5654.6,5659.32,170800.0,5415.0,5437.0,5290.0,5334.0,23800.0,-1.8041237113402109,-0.3129602356406469,-1.4958448753462639,-12.327416173570017,-12.327416173570017,14.0607424071991,0.0,0.13934426229508196,False,False,False
5233,太平洋セメント,2026-09-02,4120.0,4380.0,4380.0,4225.8,4177.92,419860.0,4150.0,4158.0,4050.0,4063.0,75200.0,-1.383495145631064,0.728155339805836,-2.0963855421686772,-7.237442922374426,-7.237442922374426,7.802116662564607,0.0,0.1791073214881151,False,False,False
5237,ノザワ,2026-09-02,1212.0,1233.0,1280.0,1208.8,1209.64,1540.0,1233.0,1233.0,1233.0,1233.0,500.0,1.7326732673267342,1.7326732673267342,0.0,0.0,-3.671875000000002,3.811841038118402,3.811841038118402,0.3246753246753247,False,False,False
5240,ｍｏｎｏＡＩ　ｔｅｃｈｎｏｌｏｇｙ,2026-09-02,219.0,283.0,283.0,224.4,214.12,1340220.0,211.0,213.0,210.0,211.0,10900.0,-3.65296803652968,-3.65296803652968,0.0,-25.441696113074208,-25.441696113074208,34.12322274881517,0.0,0.008132993090686604,False,False,False
5242,アイズ,2026-09-02,2280.0,3055.0,3210.0,2430.6,2182.4,41360.0,2280.0,2315.0,2232.0,2232.0,4800.0,-2.1052631578947323,0.0,-2.1052631578947323,-26.93944353518821,-30.467289719626166,43.81720430107527,5.07364975450082,0.11605415860735009,False,False,False
5243,ｎｏｔｅ,2026-09-02,2782.0,3140.0,3140.0,2922.8,2495.76,463040.0,2728.0,2804.0,2715.0,2794.0,25600.0,0.43134435657801173,-1.9410496046010084,2.4193548387096753,-11.019108280254775,-11.019108280254775,12.383679312813168,0.0,0.055286800276434005,True,False,False
5244,ｊｉｇ．ｊｐ,2026-09-02,175.0,187.0,187.0,181.4,177.0,281700.0,172.0,173.0,172.0,172.0,48700.0,-1.7142857142857126,-1.7142857142857126,0.0,-8.021390374331549,-8.021390374331549,8.720930232558132,0.0,0.1728789492367767,False,False,False
5246,ＥＬＥＭＥＮＴＳ,2026-09-02,865.0,939.0,939.0,896.2,827.8,536740.0,823.0,823.0,804.0,815.0,213200.0,-5.780346820809246,-4.855491329479767,-0.9720534629404587,-13.205537806176782,-13.205537806176782,15.214723926380369,0.0,0.39721280321943586,False,False,False
5247,ＢＴＭ,2026-09-02,572.0,594.0,594.0,578.6,562.48,1820.0,566.0,575.0,565.0,575.0,2200.0,0.5244755244755206,-1.0489510489510523,1.590106007067127,-3.1986531986532007,-3.1986531986532007,3.3043478260869508,0.0,1.2087912087912087,True,False,False
5248,テクノロジーズ,2026-09-02,505.0,528.0,628.0,510.4,488.96,27380.0,502.0,502.0,502.0,502.0,5400.0,-0.5940594059405946,-0.5940594059405946,0.0,-4.92424242424242,-20.06369426751592,25.099601593625497,18.939393939393945,0.19722425127830534,False,False,False
5250,ＧＭＯプライム・ストラテジー,2026-09-02,1025.0,1064.0,1065.0,1026.0,1028.52,1880.0,1039.0,1039.0,1039.0,1039.0,100.0,1.3658536585365866,1.3658536585365866,0.0,-2.3496240601503793,-2.4413145539906145,2.5024061597689995,0.09398496240602405,0.05319148936170213,False,False,False
5252,日本ナレッジ,2026-09-02,730.0,831.0,831.0,753.6,798.24,4820.0,730.0,732.0,717.0,730.0,7500.0,0.0,0.0,0.0,-12.154031287605294,-12.154031287605294,13.835616438356158,0.0,1.5560165975103735,False,False,False
5253,カバー,2026-09-02,1600.0,1763.0,1763.0,1660.8,1574.36,1316960.0,1626.0,1627.0,1606.0,1615.0,146800.0,0.9374999999999911,1.6250000000000098,-0.6765067650676526,-8.394781622234825,-8.394781622234825,9.164086687306504,0.0,0.11146883732231806,False,False,False
5254,Ａｒｅｎｔ,2026-09-02,3800.0,4645.0,4645.0,4025.0,4261.2,16200.0,3820.0,3910.0,3820.0,3900.0,3100.0,2.6315789473684292,0.5263157894736858,2.0942408376963373,-16.03875134553283,-16.03875134553283,19.102564102564102,0.0,0.19135802469135801,True,False,False
5255,モンスターラボ,2026-09-02,91.0,104.0,104.0,93.8,93.48,377900.0,91.0,92.0,91.0,92.0,21600.0,1.098901098901095,0.0,1.098901098901095,-11.538461538461542,-11.538461538461542,13.043478260869556,0.0,0.05715797830113787,True,False,False
5256,Ｆｕｓｉｃ,2026-09-02,2580.0,2749.0,2749.0,2628.6,2458.4,3580.0,2600.0,2634.0,2562.0,2634.0,1300.0,2.0930232558139528,0.7751937984496138,1.3076923076922986,-4.1833393961440475,-4.1833393961440475,4.365983295368259,0.0,0.36312849162011174,True,False,False
5257,ノバシステム,2026-09-02,2829.0,2829.0,2829.0,2791.4,2724.72,4040.0,2835.0,2835.0,2835.0,2835.0,100.0,0.21208907741250282,0.21208907741250282,0.0,0.21208907741250282,0.21208907741250282,-0.2116402116402072,0.0,0.024752475247524754,False,True,True
5258,トランザクション・メディア・ネットワークス,2026-09-02,419.0,483.0,483.0,432.6,432.64,70080.0,425.0,425.0,425.0,425.0,2000.0,1.4319809069212486,1.4319809069212486,0.0,-12.00828157349897,-12.00828157349897,13.647058823529413,0.0,0.028538812785388126,False,False,False
5261,リソルホールディングス,2026-09-02,7720.0,7900.0,8070.0,7786.0,7734.4,2900.0,7640.0,7640.0,7640.0,7640.0,100.0,-1.0362694300518172,-1.0362694300518172,0.0,-3.2911392405063244,-5.3283767038413865,5.628272251308908,2.1518987341772045,0.034482758620689655,False,False,False
5262,日本ヒューム,2026-09-02,1125.0,1177.0,1177.0,1153.2,1111.96,179740.0,1126.0,1132.0,1123.0,1130.0,43100.0,0.4444444444444473,0.0888888888888939,0.3552397868561208,-3.993203058623618,-3.993203058623618,4.159292035398221,0.0,0.2397908089462557,True,False,False
5268,旭コンクリート工業,2026-09-02,899.0,899.0,899.0,854.6,838.96,8400.0,899.0,899.0,899.0,899.0,500.0,0.0,0.0,0.0,0.0,0.0,0.0,0.0,0.05952380952380952,False,False,False
5269,日本コンクリート工業,2026-09-02,369.0,395.0,395.0,377.8,366.08,206560.0,365.0,366.0,364.0,364.0,23200.0,-1.3550135501354976,-1.0840108401083959,-0.2739726027397249,-7.848101265822782,-7.848101265822782,8.516483516483508,0.0,0.1123160340821069,False,False,False
5271,トーヨーアサノ,2026-09-02,2270.0,2386.0,2386.0,2256.0,2281.44,1340.0,2261.0,2261.0,2261.0,2261.0,300.0,-0.3964757709251088,-0.3964757709251088,0.0,-5.238893545683155,-5.238893545683155,5.528527200353817,0.0,0.22388059701492538,False,False,False
5273,三谷セキサン,2026-09-02,2005.0,2155.0,2155.0,2092.8,1958.84,52600.0,2050.0,2050.0,2016.0,2016.0,3900.0,0.5486284289276888,2.244389027431426,-1.6585365853658551,-6.4501160092807375,-6.4501160092807375,6.894841269841279,0.0,0.0741444866920152,False,False,False
5279,日本興業,2026-09-02,1210.0,1222.0,1222.0,1216.2,1196.8,1860.0,1210.0,1218.0,1200.0,1209.0,2500.0,-0.08264462809917106,0.0,-0.08264462809917106,-1.0638297872340385,-1.0638297872340385,1.0752688172043001,0.0,1.3440860215053763,False,False,False
5280,ヨシコン,2026-09-02,2204.0,2282.0,2390.0,2224.4,2204.4,11880.0,2222.0,2228.0,2222.0,2223.0,5900.0,0.8620689655172376,0.8166969147005432,0.04500450045004101,-2.585451358457491,-6.987447698744775,7.5123706702654,4.732690622261182,0.49663299663299665,True,False,False
5282,ジオスター,2026-09-02,428.0,463.0,463.0,430.6,419.4,133380.0,425.0,427.0,422.0,422.0,6000.0,-1.4018691588784993,-0.7009345794392496,-0.7058823529411784,-8.855291576673864,-8.855291576673864,9.715639810426534,0.0,0.0449842555105713,False,False,False
5283,高見澤,2026-09-02,3185.0,3240.0,3240.0,3192.0,3111.44,2700.0,,,,,,,,,,,,0.0,,False,False,False
5284,ヤマウホールディングス,2026-09-02,2245.0,2293.0,2430.0,2264.4,2263.2,6600.0,2248.0,2248.0,2248.0,2248.0,400.0,0.13363028953230494,0.13363028953230494,0.0,-1.962494548626259,-7.489711934156373,8.096085409252662,5.9747056258177,0.06060606060606061,False,False,False
5285,ヤマックス,2026-09-02,1360.0,1499.0,1568.0,1390.0,1417.28,31980.0,1341.0,1360.0,1340.0,1351.0,7200.0,-0.6617647058823506,-1.3970588235294068,0.7457121551081247,-9.873248832555037,-13.83928571428571,16.0621761658031,4.603068712474978,0.225140712945591,True,False,False
5287,イトーヨーギョー,2026-09-02,865.0,938.0,938.0,864.0,846.2,9240.0,880.0,894.0,880.0,884.0,800.0,2.196531791907508,1.7341040462427681,0.454545454545463,-5.756929637526653,-5.756929637526653,6.108597285067874,0.0,0.08658008658008658,True,False,False
5288,アジアパイルホールディングス,2026-09-02,1518.0,1607.0,1607.0,1554.2,1534.0,191000.0,1518.0,1522.0,1506.0,1510.0,21400.0,-0.5270092226614009,0.0,-0.5270092226614009,-6.036092097075296,-6.036092097075296,6.423841059602653,0.0,0.11204188481675392,False,False,False
5290,ベルテクスコーポレーション,2026-09-02,1147.0,1363.0,1363.0,1177.4,1216.12,67320.0,1147.0,1147.0,1142.0,1142.0,10200.0,-0.43591979075849885,0.0,-0.43591979075849885,-16.21423330887748,-16.21423330887748,19.35201401050788,0.0,0.15151515151515152,False,False,False
5301,東海カーボン,2026-09-02,1812.0,1943.0,1943.0,1776.4,1705.86,1920080.0,1809.5,1816.5,1775.5,1789.0,186700.0,-1.2693156732891842,-0.1379690949227408,-1.1329096435479413,-7.925887802367471,-7.925887802367471,8.608160983789826,0.0,0.09723553185283947,False,False,False
5302,日本カーボン,2026-09-02,5040.0,5440.0,5440.0,5154.0,4956.6,86100.0,5020.0,5020.0,4925.0,4935.0,5100.0,-2.083333333333337,-0.3968253968253954,-1.6932270916334646,-9.283088235294112,-9.283088235294112,10.233029381965553,0.0,0.059233449477351915,False,False,False
5304,ＳＥＣカーボン,2026-09-02,2645.0,2798.0,2798.0,2640.6,2574.32,21280.0,2628.0,2641.0,2614.0,2614.0,1400.0,-1.1720226843100146,-0.6427221172022657,-0.5327245053272422,-6.576125804145816,-6.576125804145816,7.0390206579953984,0.0,0.06578947368421052,False,False,False
5310,東洋炭素,2026-09-02,6750.0,7750.0,7750.0,6882.0,6948.8,94660.0,6840.0,6900.0,6690.0,6750.0,8800.0,0.0,1.333333333333342,-1.3157894736842146,-12.903225806451612,-12.903225806451612,14.814814814814813,0.0,0.09296429326008873,False,False,False
5331,ノリタケ,2026-09-02,3520.0,4185.0,4185.0,3644.0,3619.2,184300.0,3500.0,3500.0,3450.0,3470.0,21000.0,-1.4204545454545414,-0.5681818181818232,-0.8571428571428563,-17.08482676224612,-17.08482676224612,20.60518731988472,0.0,0.11394465545306566,False,False,False
5332,ＴＯＴＯ,2026-09-02,5896.0,6750.0,7809.0,6272.4,6459.2,1116580.0,5880.0,5887.0,5826.0,5844.0,87100.0,-0.8819538670284954,-0.27137042062415073,-0.6122448979591799,-13.422222222222224,-25.16327314636957,33.62422997946612,15.688888888888886,0.07800605420122159,False,False,False
5333,ＮＧＫ,2026-09-02,5144.0,6162.0,6411.0,5302.2,5565.2,1340360.0,5096.0,5117.0,5060.0,5096.0,136300.0,-0.9331259720062213,-0.9331259720062213,0.0,-17.29957805907173,-20.51162065200437,25.804552590266884,4.040895813047718,0.10168909845116238,False,False,False
5334,日本特殊陶業,2026-09-02,7970.0,10200.0,10200.0,8281.6,9151.84,1363860.0,7827.0,7904.0,7766.0,7817.0,233800.0,-1.919698870765374,-1.7942283563362582,-0.12776287210936044,-23.362745098039216,-23.362745098039216,30.484840731738515,0.0,0.17142521959731938,False,False,False
5337,ダントーホールディングス,2026-09-02,821.0,856.0,925.0,829.2,822.52,4100.0,829.0,829.0,829.0,829.0,1800.0,0.974421437271622,0.974421437271622,0.0,-3.1542056074766345,-10.378378378378383,11.58021712907118,8.060747663551403,0.43902439024390244,False,False,False
5341,ＡＳＡＨＩ　ＥＩＴＯホールディングス,2026-09-02,146.0,156.0,169.0,147.6,147.36,28400.0,143.0,144.0,143.0,143.0,1900.0,-2.0547945205479423,-2.0547945205479423,0.0,-8.333333333333337,-15.384615384615385,18.181818181818187,8.333333333333325,0.06690140845070422,False,False,False
5344,ＭＡＲＵＷＡ,2026-09-02,50720.0,64290.0,64290.0,52652.0,55892.8,67700.0,51430.0,51790.0,51200.0,51480.0,6100.0,1.4984227129337446,1.3998422712933722,0.09721952167995873,-19.925338310779285,-19.925338310779285,24.88344988344988,0.0,0.09010339734121123,True,False,False
5351,品川リフラ,2026-09-02,2055.0,2158.0,2158.0,2078.6,2072.0,105740.0,2044.0,2050.0,2038.0,2042.0,17700.0,-0.6326034063260377,-0.5352798053527952,-0.09784735812132794,-5.3753475440222465,-5.3753475440222465,5.680705190989221,0.0,0.1673917155286552,False,False,False
5355,日本坩堝,2026-09-02,670.0,682.0,683.0,673.0,676.4,4680.0,669.0,671.0,669.0,670.0,1400.0,0.0,-0.14925373134327957,0.1494768310911887,-1.7595307917888547,-1.9033674963396807,1.94029850746269,0.14662756598240456,0.29914529914529914,True,False,False
5356,美濃窯業,2026-09-02,1307.0,1334.0,1355.0,1320.6,1297.56,3500.0,1300.0,1315.0,1300.0,1315.0,400.0,0.6120887528691554,-0.5355776587605221,1.1538461538461497,-1.4242878560719596,-2.9520295202952074,3.041825095057038,1.5742128935532174,0.11428571428571428,True,False,False
5357,ヨータイ,2026-09-02,1770.0,1815.0,1815.0,1789.2,1768.04,38800.0,1770.0,1770.0,1760.0,1763.0,5100.0,-0.39548022598869803,0.0,-0.39548022598869803,-2.8650137741046855,-2.8650137741046855,2.9495178672716893,0.0,0.13144329896907217,False,False,False
5363,東京窯業,2026-09-02,688.0,714.0,716.0,694.0,695.2,36680.0,685.0,685.0,682.0,682.0,5800.0,-0.8720930232558155,-0.43604651162790775,-0.43795620437956373,-4.4817927170868295,-4.748603351955305,4.985337243401755,0.2801120448179262,0.15812431842966193,False,False,False
5367,ニッカトー,2026-09-02,1315.0,1376.0,1376.0,1272.8,1228.92,181820.0,1350.0,1364.0,1333.0,1335.0,25700.0,1.520912547528508,2.6615969581748944,-1.1111111111111072,-2.9796511627906974,-2.9796511627906974,3.0711610486891416,0.0,0.14134858651413487,False,False,False
5368,日本インシュレーション,2026-09-02,1007.0,1049.0,1049.0,1012.6,1012.76,5340.0,1010.0,1015.0,1010.0,1012.0,1700.0,0.49652432969216065,0.2979145978152964,0.1980198019801982,-3.5271687321258294,-3.5271687321258294,3.6561264822134287,0.0,0.31835205992509363,True,False,False
5380,新東,2026-09-02,1213.0,1300.0,1300.0,1208.2,1148.48,300.0,1203.0,1215.0,1200.0,1208.0,1300.0,-0.41220115416322756,-0.8244023083264662,0.41562759767248547,-7.07692307692308,-7.07692307692308,7.615894039735105,0.0,4.333333333333333,True,False,False
5381,マイポックス,2026-09-02,925.0,1043.0,1043.0,976.4,909.6,191020.0,910.0,924.0,910.0,922.0,32600.0,-0.324324324324321,-1.6216216216216162,1.318681318681314,-11.601150527325021,-11.601150527325021,13.123644251626887,0.0,0.1706627578264056,True,False,False
5384,フジミインコーポレーテッド,2026-09-02,3295.0,4535.0,4535.0,3494.0,3789.6,300000.0,3270.0,3290.0,3235.0,3260.0,26500.0,-1.062215477996964,-0.7587253414264028,-0.3058103975535187,-28.11466372657111,-28.11466372657111,39.110429447852766,0.0,0.08833333333333333,False,False,False
5388,クニミネ工業,2026-09-02,1358.0,1378.0,1378.0,1361.6,1291.8,6200.0,1325.0,1327.0,1325.0,1327.0,300.0,-2.2827687776141414,-2.4300441826215047,0.15094339622641062,-3.7010159651669094,-3.7010159651669094,3.8432554634513894,0.0,0.04838709677419355,True,False,False
5391,エーアンドエーマテリアル,2026-09-02,1497.0,1575.0,1600.0,1507.4,1504.56,10700.0,1500.0,1500.0,1500.0,1500.0,500.0,0.2004008016031955,0.2004008016031955,0.0,-4.761904761904767,-6.25,6.666666666666665,1.5873015873015817,0.04672897196261682,False,False,False
5393,ニチアス,2026-09-02,3306.0,3743.0,3743.0,3410.6,3420.84,516760.0,3266.0,3281.0,3255.0,3281.0,34300.0,-0.7562008469449433,-1.2099213551119203,0.45927740355173885,-12.343040341971678,-12.343040341971678,14.081072843645238,0.0,0.06637510643238641,True,False,False
5401,日本製鉄,2026-09-02,691.5,708.0,708.0,681.9199951171875,674.06,41450980.0,702.5,703.0,691.4000244140625,693.5999755859375,9751600.0,0.30368410498011755,1.590744757772966,-1.2669073899021388,-2.033901753398659,-2.033901753398659,2.0761281604569914,0.0,0.23525619900904635,False,False,False
5406,神戸製鋼所,2026-09-02,2031.5,2093.5,2098.5,2033.0,2026.76,1771900.0,2035.5,2046.5,2025.5,2030.0,333300.0,-0.07383706620723851,0.1968988432192953,-0.2702038811102869,-3.033197993790304,-3.2642363593042623,3.3743842364531984,0.2388344877000348,0.18810316609289462,False,False,False
5408,中山製鋼所,2026-09-02,638.0,670.0,670.0,642.2,644.16,216540.0,653.0,661.0,650.0,652.0,29800.0,2.1943573667711602,2.351097178683381,-0.15313935681470214,-2.68656716417911,-2.68656716417911,2.7607361963190247,0.0,0.1376189156737785,False,False,False
5410,合同製鐵,2026-09-02,3090.0,3170.0,3170.0,3080.0,2963.76,64540.0,3125.0,3130.0,3090.0,3100.0,7700.0,0.3236245954692629,1.132686084142387,-0.8000000000000007,-2.208201892744477,-2.208201892744477,2.2580645161290214,0.0,0.1193058568329718,False,False,False
5411,ＪＦＥホールディングス,2026-09-02,1853.5,1937.0,1937.0,1866.9,1836.8,15599640.0,1869.5,1881.5,1853.0,1859.5,986500.0,0.3237118964121821,0.863231723765856,-0.5349023803155939,-4.0010325245224525,-4.0010325245224525,4.16778703952676,0.0,0.0632386388403835,False,False,False
5423,東京製鐵,2026-09-02,1731.0,1829.0,1829.0,1744.8,1732.2,422780.0,1754.0,1754.0,1728.0,1731.0,32700.0,0.0,1.3287117273252491,-1.3112884834663663,-5.358119190814648,-5.358119190814648,5.661467359907557,0.0,0.07734519135247646,False,False,False
542A,ビタブリッドジャパン,2026-09-02,1084.0,1125.0,1125.0,1097.0,1092.48,11620.0,1080.0,1080.0,1080.0,1080.0,400.0,-0.36900369003689537,-0.36900369003689537,0.0,-4.0000000000000036,-4.0000000000000036,4.166666666666674,0.0,0.03442340791738382,False,False,False
543A,ＡＲＣＨＩＯＮ,2026-09-02,279.0,292.0,322.0,278.6,274.64,21461060.0,285.0,286.0,280.0,280.0,2093100.0,0.35842293906809264,2.1505376344086002,-1.7543859649122862,-4.109589041095896,-13.043478260869568,14.999999999999991,10.273972602739722,0.09753013131690606,False,False,False
5440,共英製鋼,2026-09-02,2081.0,2143.0,2143.0,2069.8,1979.92,256320.0,2052.0,2067.0,2025.0,2028.0,17300.0,-2.5468524747717436,-1.3935607880826484,-1.1695906432748537,-5.366308912739148,-5.366308912739148,5.670611439842199,0.0,0.06749375780274657,False,False,False
5444,大和工業,2026-09-02,12410.0,13675.0,14290.0,12416.0,12895.6,182320.0,12450.0,12555.0,12450.0,12535.0,17600.0,1.0072522159548791,0.3223207091055613,0.6827309236947743,-8.3363802559415,-12.2813156053184,14.000797766254491,4.497257769652641,0.09653356735410268,True,False,False
5445,東京鐵鋼,2026-09-02,2065.0,2105.0,2105.0,2061.2,2002.16,86500.0,2076.0,2076.0,2055.0,2058.0,10500.0,-0.3389830508474523,0.5326876513317202,-0.8670520231213841,-2.232779097387172,-2.232779097387172,2.2837706511176004,0.0,0.12138728323699421,False,False,False
5446,北越メタル,2026-09-02,1090.0,1110.0,1303.0,1087.4,1090.04,3360.0,1079.0,1085.0,1079.0,1085.0,1500.0,-0.4587155963302725,-1.0091743119266083,0.5560704355885182,-2.2522522522522515,-16.730621642363776,20.09216589861751,17.38738738738739,0.44642857142857145,True,False,False
5449,大阪製鐵,2026-09-02,2704.0,2962.0,2962.0,2809.8,2708.76,31580.0,2667.0,2698.0,2667.0,2676.0,3400.0,-1.0355029585798814,-1.368343195266275,0.3374578177727683,-9.655638082376772,-9.655638082376772,10.687593423019436,0.0,0.10766307789740343,True,False,False
544A,ＧＭＳグループ,2026-09-02,348.0,377.0,377.0,347.2,355.44,334580.0,342.0,344.0,341.0,343.0,39700.0,-1.4367816091954033,-1.7241379310344862,0.29239766081872176,-9.018567639257292,-9.018567639257292,9.912536443148689,0.0,0.11865622571582282,True,False,False
5451,ヨドコウ,2026-09-02,1438.0,1496.0,1496.0,1436.2,1418.48,272620.0,1437.0,1440.0,1421.0,1428.0,28700.0,-0.6954102920723182,-0.06954102920723182,-0.6263048016701411,-4.545454545454541,-4.545454545454541,4.761904761904767,0.0,0.10527474139828333,False,False,False
5458,高砂鐵工,2026-09-02,1377.0,1462.0,1462.0,1398.6,1375.08,7680.0,1368.0,1368.0,1367.0,1367.0,200.0,-0.726216412490921,-0.6535947712418277,-0.07309941520468044,-6.497948016415867,-6.497948016415867,6.949524506217997,0.0,0.026041666666666668,False,False,False
545A,トランヴィア,2026-09-02,995.0,1020.0,1020.0,1001.8,954.16,80140.0,999.0,1004.0,994.0,999.0,11100.0,0.4020100502512669,0.4020100502512669,0.0,-2.0588235294117685,-2.0588235294117685,2.1021021021021102,0.0,0.13850761167956077,False,False,False
5461,中部鋼鈑,2026-09-02,2161.0,2234.0,2234.0,2155.8,2098.84,132360.0,2137.0,2139.0,2130.0,2134.0,9300.0,-1.2494215640907025,-1.1105969458583997,-0.14038371548900086,-4.4762757385855,-4.4762757385855,4.686035613870665,0.0,0.07026291931097008,False,False,False
5463,丸一鋼管,2026-09-02,1731.0,1858.5,1858.5,1757.8,1766.9,964960.0,1754.0,1760.0,1744.5,1752.0,106400.0,1.21317157712304,1.3287117273252491,-0.11402508551880963,-5.730427764326073,-5.730427764326073,6.078767123287676,0.0,0.11026363787099984,False,False,False
5464,モリ工業,2026-09-02,938.0,964.0,968.0,943.0,947.08,24500.0,939.0,940.0,938.0,940.0,1300.0,0.2132196162046851,0.10660980810235365,0.10649627263046302,-2.4896265560165998,-2.892561983471076,2.9787234042553123,0.4149377593360981,0.053061224489795916,True,False,False
546A,ＭＩＲＡＩＮＩホールディングス,2026-09-02,2433.0,2739.0,2739.0,2406.4,2424.56,227000.0,2451.0,2457.0,2412.0,2425.0,17100.0,-0.32881216605014085,0.7398273736128225,-1.0607915136678914,-11.46403797006207,-11.46403797006207,12.948453608247412,0.0,0.07533039647577093,False,False,False
5471,大同特殊鋼,2026-09-02,2226.5,2586.5,2586.5,2264.8,2297.14,855680.0,2279.5,2282.0,2232.0,2247.5,60500.0,0.9431843700875797,2.380417695935333,-1.4038166264531693,-13.106514595012564,-13.106514595012564,15.083426028921032,0.0,0.0707040014958863,False,False,False
547A,ムニノバホールディングス,2026-09-02,436.0,484.0,484.0,446.0,451.24,1809420.0,433.0,434.0,430.0,431.0,520400.0,-1.1467889908256867,-0.6880733944954143,-0.46189376443418473,-10.950413223140497,-10.950413223140497,12.296983758700698,0.0,0.28760597318477743,False,False,False
5480,日本冶金工業,2026-09-02,5460.0,5790.0,5790.0,5530.0,5358.0,77040.0,5480.0,5490.0,5390.0,5390.0,17600.0,-1.2820512820512775,0.366300366300365,-1.6423357664233529,-6.908462867012089,-6.908462867012089,7.421150278293132,0.0,0.2284527518172378,False,False,False
5482,愛知製鋼,2026-09-02,3225.0,3405.0,3405.0,3260.0,3190.44,160580.0,3295.0,3295.0,3245.0,3265.0,19600.0,1.240310077519391,2.170542635658923,-0.9104704097116834,-4.111600587371511,-4.111600587371511,4.287901990811638,0.0,0.12205754141238012,False,False,False
548A,システムエグゼ,2026-09-02,946.0,1015.0,1015.0,946.6,956.04,23660.0,951.0,951.0,945.0,951.0,600.0,0.5285412262156397,0.5285412262156397,0.0,-6.305418719211819,-6.305418719211819,6.7297581493165115,0.0,0.0253592561284869,False,False,False
5491,日本金属,2026-09-02,929.0,968.0,968.0,933.4,928.32,19160.0,915.0,918.0,915.0,918.0,10800.0,-1.1840688912809427,-1.5069967707212029,0.3278688524590123,-5.165289256198347,-5.165289256198347,5.446623093681913,0.0,0.5636743215031316,True,False,False
549A,ヒトトヒトホールディングス,2026-09-02,504.0,530.0,530.0,515.6,497.88,28960.0,507.0,507.0,507.0,507.0,3500.0,0.5952380952380931,0.5952380952380931,0.0,-4.3396226415094326,-4.3396226415094326,4.536489151873768,0.0,0.12085635359116022,False,False,False
550A,ソフトテックス,2026-09-02,2203.0,2230.0,2391.0,2191.0,2178.0,1940.0,2200.0,2200.0,2200.0,2200.0,500.0,-0.1361779391738538,-0.1361779391738538,0.0,-1.3452914798206317,-7.988289418653283,8.68181818181819,7.219730941704028,0.25773195876288657,False,False,False
5527,ｐｒｏｐｅｒｔｙ　ｔｅｃｈｎｏｌｏｇｉｅｓ,2026-09-02,735.0,740.0,740.0,730.2,698.64,23940.0,743.0,743.0,738.0,738.0,3100.0,0.40816326530612734,1.0884353741496655,-0.6729475100942128,-0.2702702702702675,-0.2702702702702675,0.27100271002709064,0.0,0.12949039264828738,False,False,False
5532,リアルゲイト,2026-09-02,3395.0,3650.0,3650.0,3427.0,3390.4,39700.0,3435.0,3450.0,3430.0,3450.0,600.0,1.6200294550809957,1.178203240058906,0.4366812227074135,-5.47945205479452,-5.47945205479452,5.797101449275366,0.0,0.015113350125944584,True,False,False
5533,エリッツホールディングス,2026-09-02,2045.0,2057.0,2059.0,2030.0,2001.88,360.0,2030.0,2030.0,2030.0,2030.0,100.0,-0.7334963325183352,-0.7334963325183352,0.0,-1.3125911521633449,-1.4084507042253502,1.4285714285714235,0.0972289742343202,0.2777777777777778,False,False,False
5535,ミガロホールディングス,2026-09-02,285.0,299.0,299.0,291.4,278.52,251540.0,287.0,289.0,286.0,289.0,6700.0,1.403508771929829,0.7017543859649145,0.6968641114982521,-3.3444816053511683,-3.3444816053511683,3.460207612456756,0.0,0.026635922716069016,True,False,False
5537,ＡｌｂａＬｉｎｋ,2026-09-02,3355.0,3705.0,3705.0,3424.0,3054.44,84380.0,3335.0,3380.0,3335.0,3370.0,2300.0,0.44709388971684305,-0.5961251862891204,1.0494752623688264,-9.041835357624828,-9.041835357624828,9.940652818991103,0.0,0.027257643991467174,True,False,False
5541,大平洋金属,2026-09-02,2575.0,2784.0,2784.0,2656.8,2601.96,219920.0,2606.0,2633.0,2598.0,2601.0,27600.0,1.009708737864079,1.2038834951456412,-0.19186492709132308,-6.573275862068961,-6.573275862068961,7.035755478662042,0.0,0.12550018188432158,False,False,False
5542,新報国マテリアル,2026-09-02,934.0,1034.0,1034.0,948.6,905.12,7200.0,949.0,952.0,948.0,948.0,300.0,1.498929336188426,1.6059957173447437,-0.10537407797681642,-8.317214700193421,-8.317214700193421,9.071729957805896,0.0,0.041666666666666664,False,False,False
554A,バトンズ,2026-09-02,1480.0,1650.0,1650.0,1532.0,1502.44,19140.0,1572.0,1579.0,1543.0,1565.0,1500.0,5.743243243243246,6.216216216216219,-0.4452926208651453,-5.151515151515151,-5.151515151515151,5.4313099041533475,0.0,0.07836990595611286,False,False,False
5563,新日本電工,2026-09-02,439.0,463.0,463.0,448.0,436.32,704800.0,438.0,440.0,433.0,435.0,93200.0,-0.9111617312072884,-0.2277904328018221,-0.6849315068493178,-6.0475161987041055,-6.0475161987041055,6.436781609195408,0.0,0.1322360953461975,False,False,False
556A,犬猫生活,2026-09-02,2203.0,2350.0,2350.0,2278.6,2128.4,24640.0,2215.0,2233.0,2215.0,2233.0,600.0,1.361779391738538,0.5447117566954152,0.812641083521437,-4.978723404255314,-4.978723404255314,5.239587998208695,0.0,0.024350649350649352,True,False,False
5570,ジェノバ,2026-09-02,635.0,654.0,654.0,634.6,617.0,20940.0,691.0,691.0,661.0,665.0,14300.0,4.724409448818889,8.818897637795287,-3.76266280752533,1.6819571865443361,1.6819571865443361,-1.6541353383458635,0.0,0.6829035339063992,False,True,True
5571,エキサイトホールディングス,2026-09-02,1023.0,1117.0,1117.0,1020.0,1000.56,2520.0,1028.0,1028.0,1028.0,1028.0,100.0,0.4887585532746819,0.4887585532746819,0.0,-7.967770814682185,-7.967770814682185,8.657587548638123,0.0,0.03968253968253968,False,False,False
5572,Ｒｉｄｇｅ－ｉ,2026-09-02,2892.0,3150.0,3150.0,2982.2,2664.36,55820.0,2898.0,2942.0,2859.0,2897.0,8300.0,0.17289073305670755,0.20746887966804906,-0.03450655624568366,-8.031746031746035,-8.031746031746035,8.733172247152222,0.0,0.14869222500895737,False,False,False
5574,ＡＢＥＪＡ,2026-09-02,2936.0,3330.0,3330.0,3047.8,2837.72,261640.0,3150.0,3190.0,3000.0,3040.0,91500.0,3.542234332425065,7.288828337874653,-3.4920634920634908,-8.708708708708713,-8.708708708708713,9.539473684210531,0.0,0.34971716862865004,False,False,False
5575,Ｇｌｏｂｅｅ,2026-09-02,1148.0,1348.0,1348.0,1175.6,1144.8,32120.0,1176.0,1176.0,1165.0,1165.0,1000.0,1.4808362369338024,2.4390243902439046,-0.9353741496598622,-13.57566765578635,-13.57566765578635,15.708154506437765,0.0,0.031133250311332503,False,False,False
5576,オービーシステム,2026-09-02,2979.0,2998.0,3075.0,2978.0,2942.84,860.0,2997.0,2997.0,2997.0,2997.0,200.0,0.6042296072507503,0.6042296072507503,0.0,-0.03335557038025572,-2.536585365853661,2.6026026026026106,2.5683789192795237,0.23255813953488372,False,False,False
5578,ＡＲアドバンストテクノロジ,2026-09-02,887.0,888.0,888.0,863.0,839.4,73440.0,870.0,899.0,870.0,892.0,11100.0,0.5636978579481422,-1.916572717023679,2.5287356321838983,0.45045045045044585,0.45045045045044585,-0.4484304932735439,0.0,0.1511437908496732,True,True,True
5580,プロディライト,2026-09-02,1618.0,1780.0,1780.0,1664.2,1673.44,5260.0,1620.0,1620.0,1620.0,1620.0,600.0,0.12360939431397266,0.12360939431397266,0.0,-8.98876404494382,-8.98876404494382,9.876543209876543,0.0,0.11406844106463879,False,False,False
5582,グリッド,2026-09-02,1956.0,2129.0,2129.0,1983.8,1975.16,23480.0,2020.0,2060.0,2020.0,2051.0,3500.0,4.856850715746419,3.2719836400818103,1.534653465346536,-3.6636918741193014,-3.6636918741193014,3.803022915650911,0.0,0.14906303236797275,True,False,False
5586,Ｌａｂｏｒｏ．ＡＩ,2026-09-02,871.0,939.0,939.0,898.2,863.68,73240.0,897.0,909.0,891.0,898.0,9200.0,3.0998851894374235,2.9850746268656803,0.11148272017837968,-4.366347177848773,-4.366347177848773,4.565701559020052,0.0,0.12561441835062806,True,False,False
5587,インバウンドプラットフォーム,2026-09-02,800.0,980.0,980.0,820.0,875.96,12980.0,799.0,799.0,799.0,799.0,3100.0,-0.12499999999999734,-0.12499999999999734,0.0,-18.46938775510204,-18.46938775510204,22.65331664580725,0.0,0.23882896764252695,False,False,False
5588,ファーストアカウンティング,2026-09-02,823.0,906.0,906.0,851.8,831.4,20200.0,836.0,836.0,836.0,836.0,500.0,1.5795868772782606,1.5795868772782606,0.0,-7.726269315673284,-7.726269315673284,8.373205741626787,0.0,0.024752475247524754,False,False,False
5589,オートサーバー,2026-09-02,2961.0,2961.0,2961.0,2945.4,2811.52,3900.0,2957.0,2957.0,2957.0,2957.0,100.0,-0.1350894967916294,-0.1350894967916294,0.0,-0.1350894967916294,-0.1350894967916294,0.1352722353736846,0.0,0.02564102564102564,False,False,False
558A,ＳＱＵＥＥＺＥ,2026-09-02,5610.0,6400.0,6400.0,6034.0,5172.2,49000.0,5460.0,5550.0,5400.0,5440.0,5100.0,-3.0303030303030276,-2.67379679144385,-0.366300366300365,-15.000000000000002,-15.000000000000002,17.647058823529417,0.0,0.10408163265306122,False,False,False
5590,ネットスターズ,2026-09-02,693.0,727.0,727.0,701.4,686.6,127400.0,704.0,711.0,704.0,711.0,6600.0,2.5974025974025983,1.5873015873015817,0.9943181818181879,-2.2008253094910613,-2.2008253094910613,2.250351617440227,0.0,0.05180533751962323,True,False,False
5591,ＡＶＩＬＥＮ,2026-09-02,845.0,908.0,908.0,867.0,825.84,25560.0,845.0,887.0,845.0,869.0,17100.0,2.8402366863905293,0.0,2.8402366863905293,-4.295154185022021,-4.295154185022021,4.487917146145004,0.0,0.6690140845070423,True,False,False
5592,くすりの窓口,2026-09-02,2633.0,2947.0,2947.0,2718.8,2597.92,42200.0,2619.0,2662.0,2619.0,2630.0,4500.0,-0.11393847322446193,-0.5317128750474742,0.42000763650247297,-10.75670173057346,-10.75670173057346,12.0532319391635,0.0,0.1066350710900474,True,False,False
5597,ブルーイノベーション,2026-09-02,1355.0,1483.0,1483.0,1406.2,1315.48,69340.0,1371.0,1389.0,1371.0,1376.0,4100.0,1.5498154981549828,1.1808118081180874,0.3646973012399801,-7.215104517869186,-7.215104517869186,7.776162790697683,0.0,0.05912892991058552,True,False,False
5599,Ｓ＆Ｊ,2026-09-02,998.0,1140.0,1154.0,1006.8,1028.8,16300.0,1009.0,1021.0,1009.0,1021.0,7200.0,2.3046092184368705,1.1022044088176308,1.189296333002976,-10.438596491228068,-11.52512998266898,13.026444662095994,1.2280701754386003,0.44171779141104295,True,False,False
559A,梅乃宿酒造,2026-09-02,1173.0,1230.0,1243.0,1187.0,1133.0,18040.0,1175.0,1175.0,1175.0,1175.0,200.0,0.17050298380221207,0.17050298380221207,0.0,-4.471544715447151,-5.470635559131132,5.787234042553191,1.0569105691056846,0.011086474501108648,False,False,False
5602,栗本鐵工所,2026-09-02,1727.0,1799.0,1799.0,1767.0,1679.56,292700.0,1716.0,1717.0,1708.0,1714.0,21900.0,-0.7527504342790925,-0.6369426751592355,-0.11655011655011815,-4.724847137298505,-4.724847137298505,4.959159859976658,0.0,0.07482063546293133,False,False,False
5603,虹技,2026-09-02,1313.0,1329.0,1359.0,1317.6,1310.4,1640.0,1318.0,1319.0,1318.0,1319.0,400.0,0.4569687738004591,0.38080731150038627,0.07587253414265138,-0.7524454477050413,-2.943340691685059,3.0326004548900665,2.257336343115135,0.24390243902439024,True,False,False
5609,日本鋳造,2026-09-02,917.0,939.0,987.0,921.2,923.76,4820.0,914.0,914.0,914.0,914.0,600.0,-0.32715376226826187,-0.32715376226826187,0.0,-2.6624068157614533,-7.396149949341435,7.9868708971553515,5.111821086261981,0.12448132780082988,False,False,False
5612,日本鋳鉄管,2026-09-02,1609.0,1680.0,1680.0,1636.8,1604.84,6940.0,1606.0,1610.0,1585.0,1585.0,8800.0,-1.4916096954630254,-0.18645121193288094,-1.3075965130759704,-5.654761904761907,-5.654761904761907,5.993690851735023,0.0,1.2680115273775217,False,False,False
5616,雨風太陽,2026-09-02,660.0,660.0,660.0,652.8,633.08,3160.0,659.0,663.0,659.0,663.0,300.0,0.454545454545463,-0.15151515151514694,0.6069802731411222,0.454545454545463,0.454545454545463,-0.4524886877828038,0.0,0.0949367088607595,True,True,True
5618,ナイル,2026-09-02,290.0,301.0,334.0,286.6,288.76,1360.0,284.0,286.0,284.0,286.0,2500.0,-1.379310344827589,-2.0689655172413834,0.7042253521126751,-4.983388704318936,-14.371257485029943,16.783216783216794,10.963455149501655,1.838235294117647,True,False,False
5619,マーソ,2026-09-02,854.0,920.0,920.0,876.4,861.92,1700.0,835.0,835.0,835.0,835.0,100.0,-2.2248243559718994,-2.2248243559718994,0.0,-9.239130434782606,-9.239130434782606,10.179640718562876,0.0,0.058823529411764705,False,False,False
5621,ヒューマンテクノロジーズ,2026-09-02,1612.0,1744.0,1744.0,1655.0,1653.8,21300.0,1644.0,1644.0,1616.0,1616.0,300.0,0.2481389578163684,1.985111662531014,-1.703163017031628,-7.339449541284404,-7.339449541284404,7.920792079207928,0.0,0.014084507042253521,False,False,False
5631,日本製鋼所,2026-09-02,7061.0,8477.0,8477.0,7472.8,7641.64,813580.0,7291.0,7384.0,7210.0,7249.0,77400.0,2.6625123920124727,3.2573289902280145,-0.5760526676724775,-14.486256930517872,-14.486256930517872,16.94026762312042,0.0,0.09513508198333293,False,False,False
5632,三菱製鋼,2026-09-02,2358.0,2595.0,2595.0,2438.8,2357.76,109060.0,2364.0,2370.0,2320.0,2336.0,25400.0,-0.9329940627650579,0.2544529262086481,-1.1844331641285955,-9.980732177263974,-9.980732177263974,11.087328767123283,0.0,0.23289932147441775,False,False,False
5644,メタルアート,2026-09-02,7360.0,7700.0,7740.0,7486.0,7349.2,3700.0,7350.0,7350.0,7350.0,7350.0,100.0,-0.13586956521739468,-0.13586956521739468,0.0,-4.545454545454541,-5.038759689922479,5.306122448979589,0.5194805194805197,0.02702702702702703,False,False,False
5658,日亜鋼業,2026-09-02,402.0,412.0,412.0,405.8,391.52,32300.0,408.0,408.0,406.0,406.0,800.0,0.995024875621886,1.4925373134328401,-0.4901960784313708,-1.4563106796116498,-1.4563106796116498,1.4778325123152802,0.0,0.02476780185758514,False,False,False
5659,日本精線,2026-09-02,1393.0,1462.0,1595.0,1433.2,1391.92,55020.0,1391.0,1400.0,1388.0,1392.0,8000.0,-0.0717875089734421,-0.1435750179468731,0.07189072609632419,-4.78796169630643,-12.727272727272732,14.583333333333325,9.097127222982216,0.14540167211922936,True,False,False
5695,パウダーテック,2026-09-02,3000.0,3070.0,3070.0,2970.0,2999.36,360.0,2976.0,2976.0,2975.0,2975.0,200.0,-0.8333333333333304,-0.8000000000000007,-0.033602150537637154,-3.0944625407166138,-3.0944625407166138,3.1932773109243806,0.0,0.5555555555555556,False,False,False
5697,サンユウ,2026-09-02,828.0,849.0,849.0,824.4,807.88,4120.0,826.0,826.0,823.0,823.0,1200.0,-0.6038647342995196,-0.24154589371980784,-0.3631961259079941,-3.062426383981154,-3.062426383981154,3.159173754556499,0.0,0.2912621359223301,False,False,False
5698,エンビプロ・ホールディングス,2026-09-02,765.0,900.0,900.0,787.0,806.92,164960.0,751.0,755.0,733.0,740.0,32500.0,-3.26797385620915,-1.8300653594771288,-1.464713715046606,-17.777777777777782,-17.777777777777782,21.62162162162162,0.0,0.19701745877788554,False,False,False
5699,イボキン,2026-09-02,1615.0,1684.0,1684.0,1627.2,1552.64,8240.0,1614.0,1614.0,1601.0,1601.0,200.0,-0.8668730650154832,-0.06191950464395912,-0.8054522924411445,-4.92874109263658,-4.92874109263658,5.18425983760149,0.0,0.024271844660194174,False,False,False
5702,大紀アルミニウム工業所,2026-09-02,1882.0,1980.0,1980.0,1911.6,1788.8,312680.0,1875.0,1884.0,1851.0,1859.0,43600.0,-1.222104144527103,-0.37194473963868546,-0.8533333333333282,-6.111111111111112,-6.111111111111112,6.5088757396449815,0.0,0.13943968274274018,False,False,False
5703,日本軽金属ホールディングス,2026-09-02,3015.0,3150.0,3150.0,3052.0,2947.16,214460.0,3015.0,3025.0,2987.0,2997.0,26700.0,-0.5970149253731294,0.0,-0.5970149253731294,-4.857142857142859,-4.857142857142859,5.105105105105112,0.0,0.12449874102396717,False,False,False
5704,ＪＭＣ,2026-09-02,390.0,417.0,417.0,387.0,387.44,24840.0,386.0,402.0,386.0,402.0,3300.0,3.076923076923066,-1.025641025641022,4.145077720207246,-3.597122302158273,-3.597122302158273,3.731343283582089,0.0,0.13285024154589373,True,False,False
5706,三井金属,2026-09-02,26340.0,35440.0,35440.0,28472.0,29436.6,1278820.0,25745.0,25805.0,25370.0,25575.0,262300.0,-2.9043280182232345,-2.258921791951407,-0.6603223926976098,-27.83577878103838,-27.83577878103838,38.57282502443793,0.0,0.2051109616677875,False,False,False
5707,東邦亜鉛,2026-09-02,1013.0,1291.0,1291.0,1120.2,1039.56,1212680.0,1062.0,1084.0,1037.0,1042.0,165200.0,2.8627838104639647,4.837117472852914,-1.883239171374762,-19.287374128582492,-19.287374128582492,23.89635316698657,0.0,0.1362271992611406,False,False,False
5711,三菱マテリアル,2026-09-02,5345.0,6139.0,6139.0,5786.6,5121.88,3694580.0,5497.0,5497.0,5242.0,5270.0,499600.0,-1.4031805425631427,2.8437792329279787,-4.129525195561213,-14.15539990226421,-14.15539990226421,16.48956356736242,0.0,0.13522511354470604,False,False,False
5713,住友金属鉱山,2026-09-02,10035.0,11850.0,11850.0,11084.0,9812.12,3159840.0,10460.0,10465.0,10105.0,10155.0,702500.0,1.195814648729443,4.235176880916791,-2.9158699808795374,-14.303797468354428,-14.303797468354428,16.691285081240757,0.0,0.22232138336118284,False,False,False
5714,ＤＯＷＡホールディングス,2026-09-02,9389.0,10660.0,10660.0,10073.4,9391.48,540780.0,9600.0,9640.0,9324.0,9360.0,73600.0,-0.30887208435402824,2.247310682713821,-2.500000000000002,-12.195121951219512,-12.195121951219512,13.888888888888884,0.0,0.13609970782943157,False,False,False
5715,古河機械金属,2026-09-02,4235.0,4615.0,4615.0,4429.0,4052.2,338400.0,4325.0,4345.0,4190.0,4210.0,33800.0,-0.5903187721369552,2.125147579693043,-2.6589595375722586,-8.77573131094258,-8.77573131094258,9.619952494061756,0.0,0.09988179669030733,False,False,False
5721,エスクリプトエナジー,2026-09-02,57.0,63.0,63.0,58.6,57.84,1230060.0,58.0,59.0,57.0,58.0,96500.0,1.7543859649122862,1.7543859649122862,0.0,-7.936507936507942,-7.936507936507942,8.62068965517242,0.0,0.07845145765247223,False,False,False
5724,アサカ理研,2026-09-02,3025.0,3930.0,3930.0,3273.0,2820.6,232020.0,3380.0,3395.0,3270.0,3295.0,32500.0,8.92561983471074,11.735537190082646,-2.51479289940828,-16.157760814249368,-16.157760814249368,19.271623672230653,0.0,0.14007413154038445,False,False,False
5726,大阪チタニウムテクノロジーズ,2026-09-02,2720.0,3315.0,3315.0,2679.4,2852.72,594460.0,2700.0,2786.0,2670.0,2676.0,87600.0,-1.6176470588235348,-0.7352941176470562,-0.8888888888888835,-19.27601809954751,-19.27601809954751,23.87892376681615,0.0,0.14736062981529455,False,False,False
5729,日本精鉱,2026-09-02,1762.0,1916.0,1916.0,1854.6,1725.24,21400.0,1762.0,1763.0,1727.0,1727.0,5300.0,-1.9863791146424559,0.0,-1.9863791146424559,-9.8643006263048,-9.8643006263048,10.943833236826862,0.0,0.24766355140186916,False,False,False
5741,ＵＡＣＪ,2026-09-02,2233.0,2595.0,2595.0,2324.2,2347.64,1100900.0,2283.0,2294.0,2253.0,2267.0,113100.0,1.522615315718756,2.2391401701746583,-0.7008322382829557,-12.639691714836221,-12.639691714836221,14.468460520511695,0.0,0.10273412662367154,False,False,False
5742,エヌアイシ・オートテック,2026-09-02,754.0,765.0,765.0,753.4,741.52,860.0,755.0,755.0,755.0,755.0,300.0,0.13262599469496816,0.13262599469496816,0.0,-1.3071895424836555,-1.3071895424836555,1.324503311258285,0.0,0.3488372093023256,False,False,False
5753,日本伸銅,2026-09-02,2511.0,2698.0,2698.0,2577.4,2488.84,3680.0,2533.0,2559.0,2521.0,2521.0,5300.0,0.39824771007566095,0.8761449621664585,-0.47374654559810825,-6.560415122312824,-6.560415122312824,7.021023403411353,0.0,1.440217391304348,False,False,False
5757,ＣＫサンエツ,2026-09-02,5130.0,5570.0,5570.0,5304.0,5239.6,9320.0,5110.0,5150.0,5110.0,5120.0,900.0,-0.19493177387914784,-0.3898635477582846,0.1956947162426559,-8.078994614003587,-8.078994614003587,8.7890625,0.0,0.09656652360515021,True,False,False
575A,前澤ホールディングス,2026-09-02,1883.0,1993.0,1993.0,1916.4,1859.32,92760.0,1871.0,1878.0,1867.0,1874.0,7100.0,-0.4779607010090281,-0.6372809346787078,0.16034206306787535,-5.970898143502257,-5.970898143502257,6.350053361792951,0.0,0.07654161276412247,True,False,False
5801,古河電気工業,2026-09-02,3752.0,4632.0,4632.0,3924.4,3790.28,22245980.0,3683.0,3766.0,3646.0,3761.0,4040100.0,0.23987206823028462,-1.8390191897654562,2.117838718436049,-18.803972366148535,-18.803972366148535,23.158734379154478,0.0,0.1816103403850943,True,False,False
5802,住友電気工業,2026-09-02,2155.5,2584.0,2584.0,2204.1,2219.32,18160600.0,2125.0,2140.0,2112.0,2133.0,2034700.0,-1.043841336116913,-1.4149849222918065,0.3764705882352892,-17.453560371517028,-17.453560371517028,21.14392873886546,0.0,0.11203924980452187,True,False,False
5803,フジクラ,2026-09-02,5090.0,6433.0,6433.0,5346.4,5140.12,45085080.0,5000.0,5053.0,4955.0,5018.0,5680400.0,-1.414538310412572,-1.7681728880157177,0.36000000000000476,-21.99595833981035,-21.99595833981035,28.198485452371468,0.0,0.12599290053383513,True,False,False
5805,ＳＷＣＣ,2026-09-02,13380.0,15260.0,15260.0,14392.0,13346.4,326960.0,13630.0,13830.0,13580.0,13690.0,37800.0,2.316890881913314,1.86846038863977,0.44020542920029104,-10.288335517693314,-10.288335517693314,11.468224981738494,0.0,0.11561047222901884,True,False,False
5816,オーナンバ,2026-09-02,1470.0,1698.0,1698.0,1479.2,1533.24,15720.0,1460.0,1474.0,1460.0,1463.0,1200.0,-0.4761904761904745,-0.6802721088435382,0.205479452054802,-13.839811542991754,-13.839811542991754,16.06288448393711,0.0,0.07633587786259542,True,False,False
5817,ＪＭＡＣＳ,2026-09-02,1033.0,1075.0,1075.0,1043.4,1002.76,37100.0,1002.0,1043.0,1002.0,1040.0,27000.0,0.6776379477250627,-3.0009680542110395,3.792415169660668,-3.2558139534883734,-3.2558139534883734,3.3653846153846256,0.0,0.7277628032345014,True,False,False
5819,カナレ電気,2026-09-02,1780.0,1790.0,1790.0,1778.0,1754.44,3600.0,1781.0,1781.0,1780.0,1780.0,200.0,0.0,0.05617977528089568,-0.05614823133071045,-0.5586592178770999,-0.5586592178770999,0.561797752808979,0.0,0.05555555555555555,False,False,False
581A,ＧＯ,2026-09-02,3935.0,4580.0,4580.0,4248.0,3554.48,3522620.0,3825.0,3860.0,3785.0,3815.0,406300.0,-3.0495552731893305,-2.7954256670902122,-0.2614379084967311,-16.703056768558955,-16.703056768558955,20.052424639580614,0.0,0.11534028649130476,False,False,False
5820,三ッ星,2026-09-02,816.0,844.0,844.0,814.4,775.32,14180.0,823.0,823.0,810.0,810.0,1700.0,-0.7352941176470562,0.8578431372548989,-1.5795868772782495,-4.028436018957349,-4.028436018957349,4.197530864197541,0.0,0.11988716502115655,False,False,False
5821,平河ヒューテック,2026-09-02,3050.0,3660.0,3660.0,3188.0,3291.2,49200.0,2981.0,2997.0,2965.0,2992.0,11600.0,-1.9016393442622959,-2.262295081967214,0.36900369003689537,-18.25136612021858,-18.25136612021858,22.326203208556137,0.0,0.23577235772357724,True,False,False
5830,いよぎんホールディングス,2026-09-02,3980.0,4117.0,4117.0,3983.2,3827.36,794780.0,4005.0,4027.0,3901.0,3933.0,239400.0,-1.1809045226130688,0.628140703517599,-1.7977528089887618,-4.469273743016755,-4.469273743016755,4.678362573099415,0.0,0.30121543068522105,False,False,False
5831,しずおかフィナンシャルグループ,2026-09-02,3639.0,3712.0,3712.0,3656.2,3428.76,1884200.0,3689.0,3695.0,3607.0,3631.0,309600.0,-0.21984061555372358,1.3740038472107807,-1.5722417999457838,-2.182112068965514,-2.182112068965514,2.230790415863404,0.0,0.16431376711601742,False,False,False
5832,ちゅうぎんフィナンシャルグループ,2026-09-02,3523.0,3610.0,3610.0,3541.2,3424.24,330800.0,3551.0,3569.0,3497.0,3518.0,100400.0,-0.14192449616803327,0.7947771785410174,-0.9293156857223317,-2.5484764542936245,-2.5484764542936245,2.6151222285389464,0.0,0.30350665054413545,False,False,False
5834,ＳＢＩリーシングサービス,2026-09-02,2703.0,2843.0,2964.0,2717.8,2758.24,51020.0,2710.0,2728.0,2710.0,2728.0,6600.0,0.9248982611912648,0.2589715131335657,0.6642066420664117,-4.04502286317271,-7.9622132253711175,8.65102639296187,4.25606753429475,0.1293610348882791,True,False,False
5838,楽天銀行,2026-09-02,6288.0,6598.0,6598.0,6412.2,5953.24,940000.0,6558.0,6599.0,6438.0,6477.0,256200.0,3.005725190839703,4.293893129770998,-1.235132662397076,-1.8338890572900834,-1.8338890572900834,1.8681488343368802,0.0,0.2725531914893617,False,False,False
5842,インテグラル,2026-09-02,2906.0,3245.0,3245.0,2960.0,2982.28,188180.0,2958.0,2979.0,2951.0,2964.0,3800.0,1.9958706125258185,1.789401238816235,0.20283975659229903,-8.659476117103237,-8.659476117103237,9.480431848852898,0.0,0.0201934318205973,True,False,False
5843,ニッポンインシュア,2026-09-02,2369.0,2554.0,2554.0,2384.0,2412.52,5960.0,2365.0,2378.0,2364.0,2364.0,1800.0,-0.21105951878429563,-0.16884761502743428,-0.042283298097256505,-7.439310884886452,-7.439310884886452,8.037225042301177,0.0,0.30201342281879195,False,False,False
5844,京都フィナンシャルグループ,2026-09-02,4901.0,5164.0,5164.0,4936.2,4790.16,748620.0,4994.0,4995.0,4880.0,4911.0,99600.0,0.2040399918384006,1.897571924097119,-1.661994393271926,-4.899302865995347,-4.899302865995347,5.151700264711878,0.0,0.13304480243648312,False,False,False
5845,全保連,2026-09-02,1216.0,1269.0,1269.0,1222.8,1212.12,32720.0,1208.0,1216.0,1205.0,1214.0,8600.0,-0.164473684210531,-0.6578947368421018,0.4966887417218624,-4.334121355397946,-4.334121355397946,4.530477759472817,0.0,0.2628361858190709,True,False,False
584A,ＬｉＮＫＸ,2026-09-02,2651.0,3655.0,3655.0,2792.0,2565.4,201260.0,2631.0,2672.0,2615.0,2632.0,10800.0,-0.7167106752169028,-0.7544322897020006,0.03800836183960321,-27.9890560875513,-27.9890560875513,38.867781155015194,0.0,0.05366192984199543,True,False,False
5851,リョービ,2026-09-02,2771.0,2881.0,2881.0,2787.6,2743.76,119020.0,2755.0,2755.0,2721.0,2738.0,13500.0,-1.1909058101768344,-0.5774088776614894,-0.6170598911070746,-4.963554321416175,-4.963554321416175,5.2227903579255,0.0,0.11342631490505797,False,False,False
5852,アーレスティ,2026-09-02,681.0,710.0,729.0,691.0,682.12,102700.0,686.0,686.0,676.0,678.0,27000.0,-0.4405286343612369,0.7342143906020615,-1.1661807580174877,-4.507042253521131,-6.995884773662553,7.52212389380531,2.6760563380281654,0.2629016553067186,False,False,False
5857,ＡＲＥホールディングス,2026-09-02,3775.0,4280.0,4280.0,4001.0,3619.0,938040.0,3895.0,3900.0,3795.0,3805.0,89500.0,0.7947019867549754,3.178807947019857,-2.310654685494218,-11.0981308411215,-11.0981308411215,12.48357424441524,0.0,0.09541170952198201,False,False,False
5858,ＳＴＧ,2026-09-02,1210.0,1344.0,1440.0,1202.0,1243.32,12500.0,1193.0,1193.0,1191.0,1191.0,200.0,-1.5702479338842945,-1.4049586776859524,-0.16764459346185756,-11.38392857142857,-17.29166666666667,20.906801007556687,7.14285714285714,0.016,False,False,False
5867,エスネットワークス,2026-09-02,1274.0,1300.0,1300.0,1267.6,1218.88,1240.0,1325.0,1325.0,1323.0,1323.0,200.0,3.8461538461538547,4.00313971742543,-0.15094339622641062,1.7692307692307674,1.7692307692307674,-1.7384731670445963,0.0,0.16129032258064516,False,True,True
5868,ロココ,2026-09-02,1016.0,1032.0,1032.0,1020.0,1003.44,3340.0,1024.0,1025.0,1024.0,1025.0,300.0,0.8858267716535417,0.7874015748031482,0.09765625,-0.6782945736434121,-0.6782945736434121,0.6829268292682933,0.0,0.08982035928143713,True,False,False
5869,早稲田学習研究会,2026-09-02,1250.0,1279.0,1279.0,1258.8,1243.64,5880.0,1250.0,1254.0,1250.0,1254.0,800.0,0.32000000000000917,0.0,0.32000000000000917,-1.9546520719311955,-1.9546520719311955,1.9936204146730363,0.0,0.1360544217687075,True,False,False
5870,ナルネットコミュニケーションズ,2026-09-02,875.0,960.0,960.0,893.4,864.16,8780.0,897.0,897.0,889.0,889.0,600.0,1.6000000000000014,2.5142857142857133,-0.8918617614269819,-7.395833333333335,-7.395833333333335,7.986501687289094,0.0,0.0683371298405467,False,False,False
5871,ＳＯＬＩＺＥ　Ｈｏｌｄｉｎｇｓ,2026-09-02,1382.0,1587.0,1587.0,1405.0,1355.92,41020.0,1414.0,1420.0,1414.0,1415.0,1000.0,2.387843704775694,2.315484804630974,0.07072135785006761,-10.838059231253938,-10.838059231253938,12.155477031802132,0.0,0.02437835202340322,True,False,False
5884,クラダシ,2026-09-02,613.0,670.0,670.0,637.2,607.72,14500.0,619.0,619.0,619.0,619.0,700.0,0.978792822185981,0.978792822185981,0.0,-7.611940298507458,-7.611940298507458,8.239095315024226,0.0,0.04827586206896552,False,False,False
5885,ジーデップ・アドバンス,2026-09-02,3160.0,3575.0,3575.0,3334.0,3030.52,73600.0,3150.0,3225.0,3120.0,3170.0,5500.0,0.31645569620253333,-0.31645569620253333,0.6349206349206327,-11.328671328671325,-11.328671328671325,12.77602523659307,0.0,0.07472826086956522,True,False,False
5888,ＤＡＩＷＡ　ＣＹＣＬＥ,2026-09-02,2906.0,2946.0,2946.0,2882.6,2789.16,2580.0,2886.0,2900.0,2886.0,2900.0,200.0,-0.2064693737095613,-0.6882312456985562,0.485100485100487,-1.5614392396469778,-1.5614392396469778,1.586206896551734,0.0,0.07751937984496124,True,False,False
5889,Ｊａｐａｎ　Ｅｙｅｗｅａｒ　Ｈｏｌｄｉｎｇｓ,2026-09-02,2601.0,2733.0,2733.0,2659.4,2559.48,135000.0,2570.0,2589.0,2535.0,2585.0,25900.0,-0.6151480199923065,-1.1918492887351029,0.5836575875486361,-5.415294548115623,-5.415294548115623,5.725338491295928,0.0,0.19185185185185186,True,False,False
5891,魁力屋,2026-09-02,1680.0,1700.0,1700.0,1684.8,1652.36,4180.0,1666.0,1701.0,1666.0,1701.0,5700.0,1.2499999999999956,-0.8333333333333304,2.1008403361344463,0.058823529411755615,0.058823529411755615,-0.05878894767783471,0.0,1.3636363636363635,True,True,True
5892,ｙｕｔｏｒｉ,2026-09-02,2492.0,2698.0,2698.0,2563.6,2354.36,63660.0,2503.0,2540.0,2497.0,2504.0,3500.0,0.48154093097914075,0.4414125200641994,0.03995205753095643,-7.19051148999259,-7.19051148999259,7.747603833865813,0.0,0.05497957901350927,True,False,False
589A,ネイス,2026-09-02,1353.0,1405.0,1405.0,1350.2,1275.96,48440.0,1428.0,1433.0,1402.0,1433.0,7500.0,5.9127864005912745,5.543237250554323,0.3501400560224077,1.992882562277587,1.992882562277587,-1.9539427773900941,0.0,0.15483071841453344,True,True,True
5900,ダイケン,2026-09-02,870.0,899.0,899.0,879.2,867.16,1120.0,870.0,871.0,854.0,869.0,4400.0,-0.11494252873562871,0.0,-0.11494252873562871,-3.3370411568409364,-3.3370411568409364,3.4522439585730647,0.0,3.9285714285714284,False,False,False
5901,東洋製罐グループホールディングス,2026-09-02,4549.0,4586.0,4586.0,4529.2,4340.68,289360.0,4545.0,4553.0,4501.0,4515.0,63500.0,-0.7474170147285131,-0.08793141349747735,-0.660066006600657,-1.5481901439162615,-1.5481901439162615,1.5725359911406445,0.0,0.21944982029306054,False,False,False
5902,ホッカンホールディングス,2026-09-02,2690.0,2883.0,2883.0,2773.2,2591.56,26240.0,2705.0,2707.0,2683.0,2687.0,5100.0,-0.11152416356877692,0.5576208178438735,-0.6654343807763419,-6.798473812001382,-6.798473812001382,7.294380349832519,0.0,0.19435975609756098,False,False,False
5906,エムケー精工,2026-09-02,765.0,769.0,833.0,760.2,752.52,3960.0,768.0,768.0,766.0,766.0,700.0,0.13071895424836555,0.39215686274509665,-0.26041666666666297,-0.39011703511053764,-8.04321728691476,8.746736292428192,8.3224967490247,0.17676767676767677,False,False,False
5909,コロナ,2026-09-02,970.0,1005.0,1050.0,971.4,985.0,18160.0,963.0,967.0,957.0,957.0,3000.0,-1.3402061855670055,-0.7216494845360799,-0.6230529595015577,-4.7761194029850795,-8.857142857142852,9.717868338557988,4.477611940298498,0.16519823788546256,False,False,False
5911,横河ブリッジホールディングス,2026-09-02,2975.0,3030.0,3040.0,2992.2,2963.72,90280.0,2975.0,2984.0,2962.0,2966.0,16500.0,-0.30252100840335583,0.0,-0.30252100840335583,-2.1122112211221067,-2.4342105263157943,2.494942683749146,0.3300330033003229,0.18276473194505982,False,False,False
5915,駒井ハルテック,2026-09-02,2474.0,2498.0,2498.0,2480.6,2354.16,2860.0,2450.0,2450.0,2450.0,2450.0,100.0,-0.9700889248181133,-0.9700889248181133,0.0,-1.9215372297838318,-1.9215372297838318,1.959183673469389,0.0,0.03496503496503497,False,False,False
5918,瀧上工業,2026-09-02,7950.0,8050.0,8050.0,7932.0,7561.6,180.0,8010.0,8010.0,8010.0,8010.0,100.0,0.7547169811320753,0.7547169811320753,0.0,-0.4968944099378869,-0.4968944099378869,0.4993757802746579,0.0,0.5555555555555556,False,False,False
5921,川岸工業,2026-09-02,4370.0,4415.0,4415.0,4360.0,4257.2,660.0,4410.0,4410.0,4390.0,4390.0,200.0,0.4576659038901587,0.9153318077803174,-0.45351473922902175,-0.5662514156285381,-0.5662514156285381,0.5694760820045497,0.0,0.30303030303030304,False,False,False
5922,那須電機鉄工,2026-09-02,20300.0,20460.0,20460.0,20240.0,20049.2,480.0,19800.0,20200.0,19800.0,20200.0,200.0,-0.49261083743842304,-2.463054187192115,2.020202020202011,-1.2707722385141729,-1.2707722385141729,1.2871287128712883,0.0,0.4166666666666667,True,False,False
5923,高田機工,2026-09-02,1163.0,1220.0,1220.0,1166.6,1158.6,1700.0,1167.0,1167.0,1167.0,1167.0,400.0,0.34393809114359186,0.34393809114359186,0.0,-4.344262295081968,-4.344262295081968,4.541559554413022,0.0,0.23529411764705882,False,False,False
5928,アルメタックス,2026-09-02,291.0,296.0,296.0,292.0,285.0,6800.0,291.0,293.0,290.0,292.0,4200.0,0.3436426116838476,0.0,0.3436426116838476,-1.3513513513513487,-1.3513513513513487,1.3698630136986356,0.0,0.6176470588235294,True,False,False
5929,三和ホールディングス,2026-09-02,3572.0,3735.0,4020.0,3619.4,3633.56,525300.0,3565.0,3568.0,3546.0,3567.0,82200.0,-0.13997760358342992,-0.19596864501679745,0.056100981767182034,-4.497991967871484,-11.268656716417913,12.699747687132046,7.63052208835342,0.1564820102798401,True,False,False
5930,文化シヤッター,2026-09-02,1905.0,1928.0,1989.0,1903.2,1868.84,105500.0,1910.0,1910.0,1901.0,1903.0,10600.0,-0.10498687664042272,0.2624671916010568,-0.366492146596864,-1.2966804979253066,-4.323780794369025,4.519180241723597,3.1639004149377703,0.1004739336492891,False,False,False
5932,三協立山,2026-09-02,652.0,685.0,685.0,666.6,662.88,70980.0,647.0,648.0,645.0,645.0,7800.0,-1.0736196319018454,-0.7668711656441674,-0.3091190108191699,-5.839416058394164,-5.839416058394164,6.20155038759691,0.0,0.10989010989010989,False,False,False
5933,アルインコ,2026-09-02,1124.0,1149.0,1149.0,1136.8,1119.48,42040.0,1124.0,1124.0,1118.0,1120.0,5800.0,-0.3558718861209953,0.0,-0.3558718861209953,-2.52393385552655,-2.52393385552655,2.589285714285716,0.0,0.1379638439581351,False,False,False
5936,東洋シヤッター,2026-09-02,921.0,925.0,930.0,916.8,895.68,10200.0,916.0,916.0,916.0,916.0,200.0,-0.5428881650380024,-0.5428881650380024,0.0,-0.9729729729729741,-1.505376344086018,1.5283842794759916,0.540540540540535,0.0196078431372549,False,False,False
5938,ＬＩＸＩＬ,2026-09-02,1758.5,1820.0,1933.0,1770.8,1773.14,1868280.0,1762.0,1762.5,1746.5,1753.0,496900.0,-0.31276656241114864,0.19903326698891277,-0.5107832009080604,-3.6813186813186793,-9.311950336264873,10.268111808328584,6.208791208791209,0.2659665574753249,False,False,False
5939,大谷工業,2026-09-02,4815.0,4875.0,4990.0,4818.0,4826.0,280.0,4815.0,4815.0,4790.0,4810.0,700.0,-0.10384215991692258,0.0,-0.10384215991692258,-1.3333333333333308,-3.607214428857719,3.7422037422037313,2.358974358974364,2.5,False,False,False
5940,不二サッシ,2026-09-02,755.0,776.0,814.0,765.8,748.64,15360.0,757.0,757.0,756.0,756.0,600.0,0.13245033112583293,0.26490066225166586,-0.13210039630119352,-2.577319587628868,-7.125307125307123,7.671957671957674,4.89690721649485,0.0390625,False,False,False
5941,中西製作所,2026-09-02,2764.0,2809.0,2873.0,2792.6,2756.6,1360.0,2766.0,2766.0,2750.0,2750.0,700.0,-0.506512301013029,0.07235890014472002,-0.5784526391901634,-2.100391598433604,-4.281239122868086,4.472727272727273,2.2783908864364433,0.5147058823529411,False,False,False
5942,日本フイルコン,2026-09-02,642.0,660.0,664.0,644.2,644.84,30380.0,637.0,637.0,635.0,636.0,4900.0,-0.9345794392523366,-0.7788161993769416,-0.15698587127158659,-3.6363636363636376,-4.216867469879515,4.402515723270439,0.60606060606061,0.16129032258064516,False,False,False
5943,ノーリツ,2026-09-02,2383.0,2471.0,2471.0,2419.0,2399.88,100460.0,2381.0,2383.0,2320.0,2325.0,18700.0,-2.4339068401174946,-0.08392782207301552,-2.351952960940784,-5.908539053014971,-5.908539053014971,6.279569892473114,0.0,0.18614373880151305,False,False,False
5945,天龍製鋸,2026-09-02,2323.0,2460.0,2550.0,2310.8,2406.96,2260.0,2310.0,2310.0,2310.0,2310.0,100.0,-0.5596211795092509,-0.5596211795092509,0.0,-6.0975609756097615,-9.411764705882353,10.389610389610393,3.658536585365857,0.04424778761061947,False,False,False
5946,長府製作所,2026-09-02,2123.0,2150.0,2150.0,2112.8,2076.64,49940.0,2116.0,2131.0,2113.0,2129.0,3700.0,0.28261893546868144,-0.32972209138012465,0.6143667296786282,-0.9767441860465076,-0.9767441860465076,0.9863785814936632,0.0,0.07408890668802563,True,False,False
5947,リンナイ,2026-09-02,3628.0,3693.0,3797.0,3632.6,3605.52,327020.0,3630.0,3635.0,3596.0,3596.0,13100.0,-0.8820286659316445,0.05512679162071876,-0.9366391184573053,-2.626590847549415,-5.293652883855671,5.589543937708563,2.8161386406715394,0.040058712005381934,False,False,False
5949,ユニプレス,2026-09-02,1351.0,1387.0,1387.0,1349.0,1327.6,165040.0,1370.0,1374.0,1355.0,1361.0,16900.0,0.7401924500370027,1.4063656550703074,-0.6569343065693456,-1.8745493871665464,-1.8745493871665464,1.9103600293901568,0.0,0.10239941832283082,False,False,False
5950,日本パワーファスニング,2026-09-02,156.0,162.0,162.0,158.4,151.48,15200.0,159.0,159.0,158.0,158.0,1000.0,1.2820512820512775,1.9230769230769162,-0.6289308176100628,-2.4691358024691357,-2.4691358024691357,2.5316455696202445,0.0,0.06578947368421052,False,False,False
5951,ダイニチ工業,2026-09-02,1233.0,1377.0,1377.0,1225.8,1168.0,9000.0,1230.0,1230.0,1230.0,1230.0,100.0,-0.24330900243308973,-0.24330900243308973,0.0,-10.675381263616558,-10.675381263616558,11.951219512195133,0.0,0.011111111111111112,False,False,False
5952,アマテイ,2026-09-02,191.0,193.0,193.0,191.6,187.52,11800.0,188.0,189.0,188.0,189.0,8000.0,-1.0471204188481686,-1.5706806282722474,0.5319148936170137,-2.072538860103623,-2.072538860103623,2.1164021164021163,0.0,0.6779661016949152,True,False,False
5955,ワイズホールディングス,2026-09-02,82.0,88.0,88.0,84.2,83.68,675400.0,82.0,82.0,82.0,82.0,350600.0,0.0,0.0,0.0,-6.818181818181824,-6.818181818181824,7.317073170731714,0.0,0.5190997927154279,False,False,False
5956,トーソー,2026-09-02,578.0,592.0,609.0,575.0,580.24,5260.0,572.0,572.0,572.0,572.0,200.0,-1.038062283737029,-1.038062283737029,0.0,-3.378378378378377,-6.075533661740562,6.468531468531458,2.871621621621623,0.03802281368821293,False,False,False
5957,日東精工,2026-09-02,775.0,810.0,810.0,780.4,779.2,80000.0,771.0,776.0,771.0,776.0,7900.0,0.1290322580645098,-0.5161290322580614,0.6485084306095956,-4.19753086419753,-4.19753086419753,4.381443298969079,0.0,0.09875,True,False,False
5958,三洋工業,2026-09-02,4550.0,4755.0,4850.0,4603.0,4655.8,1460.0,4515.0,4585.0,4495.0,4495.0,2000.0,-1.2087912087912045,-0.7692307692307665,-0.44296788482834915,-5.467928496319663,-7.319587628865976,7.8976640711902135,1.9978969505783484,1.36986301369863,False,False,False
5959,岡部,2026-09-02,953.0,969.0,969.0,955.8,937.04,82660.0,951.0,951.0,945.0,947.0,10700.0,-0.6295907660020972,-0.20986358866736943,-0.4206098843322792,-2.270381836945301,-2.270381836945301,2.323125659978875,0.0,0.12944592305831115,False,False,False
5962,浅香工業,2026-09-02,2013.0,2100.0,2100.0,2020.4,2000.84,1120.0,2150.0,2150.0,2150.0,2150.0,500.0,6.805762543467453,6.805762543467453,0.0,2.3809523809523725,2.3809523809523725,-2.3255813953488413,0.0,0.44642857142857145,False,True,True
5965,フジマック,2026-09-02,1195.0,1225.0,1225.0,1203.6,1184.48,5640.0,1207.0,1208.0,1207.0,1207.0,400.0,1.0041841004184038,1.0041841004184038,0.0,-1.4693877551020362,-1.4693877551020362,1.4913007456503813,0.0,0.07092198581560284,False,False,False
5966,京都機械工具,2026-09-02,2635.0,2690.0,2690.0,2655.0,2597.4,100.0,2635.0,2636.0,2635.0,2636.0,200.0,0.037950664136632284,0.0,0.037950664136632284,-2.007434944237918,-2.007434944237918,2.0485584218512987,0.0,2.0,True,False,False
5967,ＴＯＮＥ,2026-09-02,470.0,496.0,496.0,469.4,476.48,36740.0,479.0,479.0,472.0,472.0,8500.0,0.42553191489360653,1.914893617021285,-1.4613778705636737,-4.8387096774193505,-4.8387096774193505,5.084745762711873,0.0,0.23135547087642896,False,False,False
5970,ジーテクト,2026-09-02,2307.0,2392.0,2392.0,2330.4,2274.8,93140.0,2287.0,2287.0,2262.0,2263.0,28100.0,-1.9072388383181593,-0.8669267446900775,-1.0494097070397945,-5.392976588628762,-5.392976588628762,5.700397702165261,0.0,0.30169637105432684,False,False,False
5971,共和工業所,2026-09-02,8550.0,8700.0,8700.0,8554.0,8204.8,1180.0,8250.0,8250.0,8250.0,8250.0,300.0,-3.508771929824561,-3.508771929824561,0.0,-5.1724137931034475,-5.1724137931034475,5.454545454545445,0.0,0.2542372881355932,False,False,False
5973,トーアミ,2026-09-02,613.0,630.0,630.0,616.0,607.08,3760.0,609.0,611.0,609.0,611.0,800.0,-0.32626427406199365,-0.6525285481239762,0.3284072249589487,-3.0158730158730163,-3.0158730158730163,3.109656301145658,0.0,0.2127659574468085,True,False,False
5975,東プレ,2026-09-02,3415.0,3610.0,3610.0,3306.0,3095.28,158800.0,3430.0,3535.0,3420.0,3490.0,37600.0,2.196193265007329,0.43923865300146137,1.7492711370262315,-3.3240997229916913,-3.3240997229916913,3.4383954154727725,0.0,0.2367758186397985,True,False,False
5976,高周波熱錬,2026-09-02,1499.0,1578.0,1578.0,1524.4,1477.72,87620.0,1495.0,1495.0,1481.0,1485.0,15700.0,-0.9339559706470935,-0.26684456304202353,-0.6688963210702337,-5.893536121673004,-5.893536121673004,6.2626262626262585,0.0,0.1791828349691851,False,False,False
5981,東京製綱,2026-09-02,1882.0,2145.0,2145.0,1942.6,1971.76,70760.0,1885.0,1895.0,1874.0,1877.0,24100.0,-0.2656748140276277,0.15940488841656997,-0.42440318302386926,-12.494172494172496,-12.494172494172496,14.278103356419813,0.0,0.3405879027699265,False,False,False
5982,マルゼン,2026-09-02,4160.0,4315.0,4315.0,4167.0,4104.0,5480.0,4155.0,4155.0,4155.0,4155.0,300.0,-0.12019230769231282,-0.12019230769231282,0.0,-3.7079953650057895,-3.7079953650057895,3.8507821901323736,0.0,0.05474452554744526,False,False,False
5983,イワブチ,2026-09-02,13590.0,14780.0,15780.0,13582.0,13850.4,2780.0,13580.0,13580.0,13480.0,13500.0,1900.0,-0.6622516556291425,-0.07358351729213064,-0.589101620029453,-8.660351826792967,-14.448669201520914,16.888888888888886,6.765899864682012,0.6834532374100719,False,False,False
5984,兼房,2026-09-02,776.0,787.0,787.0,775.2,759.12,4240.0,786.0,786.0,786.0,786.0,100.0,1.2886597938144284,1.2886597938144284,0.0,-0.12706480304955914,-0.12706480304955914,0.12722646310432406,0.0,0.02358490566037736,False,False,False
5985,サンコール,2026-09-02,2050.0,2541.0,2541.0,2141.0,1918.04,1154080.0,1988.0,2026.0,1976.0,2021.0,106300.0,-1.4146341463414647,-3.0243902439024417,1.6599597585513104,-20.464384100747736,-20.464384100747736,25.72983671449778,0.0,0.09210799944544572,True,False,False
5986,モリテック　スチール,2026-09-02,257.0,264.0,264.0,257.0,253.32,27020.0,257.0,257.0,256.0,256.0,1200.0,-0.3891050583657574,0.0,-0.3891050583657574,-3.0303030303030276,-3.0303030303030276,3.125,0.0,0.04441154700222058,False,False,False
5987,オーネックス,2026-09-02,1670.0,2191.0,2191.0,1694.2,1700.56,320.0,1660.0,1660.0,1650.0,1650.0,400.0,-1.19760479041916,-0.5988023952095856,-0.6024096385542133,-24.69192149703332,-24.69192149703332,32.78787878787879,0.0,1.25,False,False,False
5988,パイオラックス,2026-09-02,1690.0,1749.0,1765.0,1721.0,1722.76,82260.0,1684.0,1690.0,1677.0,1685.0,13000.0,-0.295857988165682,-0.35502958579881616,0.059382422802856105,-3.6592338479130904,-4.532577903682721,4.747774480712175,0.914808461978267,0.15803549720398735,True,False,False
5989,エイチワン,2026-09-02,1502.0,1629.0,1629.0,1517.2,1521.0,141860.0,1517.0,1517.0,1494.0,1498.0,30700.0,-0.26631158455392434,0.9986684420772329,-1.2524719841793042,-8.041743400859424,-8.041743400859424,8.74499332443257,0.0,0.21641054560834624,False,False,False
5990,スーパーツール,2026-09-02,1956.0,1983.0,1993.0,1948.6,1955.6,320.0,1956.0,1956.0,1955.0,1955.0,500.0,-0.05112474437627412,0.0,-0.05112474437627412,-1.4120020171457415,-1.9066733567486227,1.9437340153452665,0.5042864346949116,1.5625,False,False,False
5991,日本発條,2026-09-02,3286.0,3805.0,3829.0,3373.0,3518.24,703760.0,3284.0,3286.0,3256.0,3275.0,131000.0,-0.3347534996956836,-0.060864272671945496,-0.27405602923263883,-13.929040735873855,-14.468529642204231,16.916030534351133,0.6307490144546568,0.18614300329657837,False,False,False
5992,中央発條,2026-09-02,3680.0,3965.0,3965.0,3708.0,3704.6,22820.0,3690.0,3700.0,3690.0,3700.0,1200.0,0.5434782608695565,0.27173913043478937,0.27100271002709064,-6.6834804539722565,-6.6834804539722565,7.162162162162167,0.0,0.05258545135845749,True,False,False
5994,ファインシンター,2026-09-02,1002.0,1035.0,1035.0,1018.6,994.92,6680.0,1005.0,1005.0,1005.0,1005.0,500.0,0.29940119760478723,0.29940119760478723,0.0,-2.898550724637683,-2.898550724637683,2.9850746268656803,0.0,0.0748502994011976,False,False,False
5997,協立エアテック,2026-09-02,910.0,960.0,960.0,909.4,923.68,4020.0,910.0,910.0,910.0,910.0,100.0,0.0,0.0,0.0,-5.2083333333333375,-5.2083333333333375,5.494505494505497,0.0,0.024875621890547265,False,False,False
5998,アドバネクス,2026-09-02,2673.0,2849.0,2889.0,2704.0,2582.52,11920.0,2700.0,2700.0,2684.0,2684.0,200.0,0.4115226337448652,1.0101010101010166,-0.592592592592589,-5.7915057915057915,-7.095880927656628,7.637853949329365,1.4040014040014093,0.016778523489932886,False,False,False
6005,三浦工業,2026-09-02,3148.0,3273.0,3273.0,3208.8,3170.6,335720.0,3179.0,3201.0,3144.0,3156.0,19800.0,0.2541296060991183,0.9847522236340556,-0.7234979553318643,-3.574702108157657,-3.574702108157657,3.707224334600756,0.0,0.05897771952817824,False,False,False
6013,タクマ,2026-09-02,2950.0,3485.0,3510.0,3034.0,3195.8,200720.0,2982.0,3000.0,2977.0,2984.0,20200.0,1.15254237288136,1.0847457627118695,0.06706908115359234,-14.375896700143475,-14.985754985754983,17.627345844504028,0.7173601147776099,0.10063770426464727,True,False,False
6016,ジャパンエンジンコーポレーション,2026-09-02,10580.0,11540.0,11540.0,10984.0,9923.6,154140.0,10990.0,11360.0,10810.0,11150.0,20000.0,5.387523629489599,3.875236294896034,1.4558689717925288,-3.3795493934142162,-3.3795493934142162,3.4977578475336335,0.0,0.1297521733489036,True,False,False
6018,阪神内燃機工業,2026-09-02,6130.0,6470.0,6710.0,6202.0,6125.6,800.0,6140.0,6140.0,6140.0,6140.0,100.0,0.16313213703098572,0.16313213703098572,0.0,-5.100463678516231,-8.494783904619974,9.283387622149842,3.7094281298299947,0.125,False,False,False
6022,赤阪鐵工所,2026-09-02,2929.0,2968.0,2968.0,2836.0,2679.08,3220.0,2880.0,2885.0,2880.0,2881.0,900.0,-1.638784568111984,-1.672925913280987,0.03472222222222765,-2.9312668463611913,-2.9312668463611913,3.0197847969455127,0.0,0.2795031055900621,True,False,False
6023,ダイハツインフィニアース,2026-09-02,2991.0,3150.0,3150.0,3035.8,2956.88,124040.0,3045.0,3145.0,3045.0,3100.0,20800.0,3.644266131728524,1.8054162487462388,1.806239737274229,-1.5873015873015928,-1.5873015873015928,1.6129032258064502,0.0,0.16768784263140923,True,False,False
6027,弁護士ドットコム,2026-09-02,5090.0,5780.0,5780.0,5194.0,3640.0,560620.0,4970.0,4970.0,4760.0,4830.0,62400.0,-5.108055009823187,-2.3575638506876273,-2.8169014084507005,-16.435986159169545,-16.435986159169545,19.668737060041398,0.0,0.11130534051585744,False,False,False
6029,アトラグループ,2026-09-02,185.0,222.0,222.0,186.4,190.88,20680.0,185.0,187.0,185.0,187.0,800.0,1.08108108108107,0.0,1.08108108108107,-15.76576576576577,-15.76576576576577,18.71657754010696,0.0,0.03868471953578337,True,False,False
6030,アドベンチャー,2026-09-02,1576.0,1650.0,1650.0,1582.6,1520.32,16900.0,1610.0,1632.0,1610.0,1621.0,3600.0,2.855329949238583,2.15736040609138,0.6832298136645987,-1.7575757575757578,-1.7575757575757578,1.7890191239975373,0.0,0.21301775147928995,True,False,False
6031,ＺＥＴＡ,2026-09-02,291.0,298.0,298.0,282.8,257.72,69080.0,288.0,298.0,288.0,295.0,31600.0,1.3745704467353903,-1.0309278350515427,2.430555555555558,-1.0067114093959773,-1.0067114093959773,1.016949152542379,0.0,0.45744064852345107,True,False,False
6033,エクストリーム,2026-09-02,1638.0,1750.0,1750.0,1670.0,1669.12,24700.0,1649.0,1649.0,1649.0,1649.0,100.0,0.6715506715506692,0.6715506715506692,0.0,-5.771428571428572,-5.771428571428572,6.124924196482717,0.0,0.004048582995951417,False,False,False
6034,ＭＲＴ,2026-09-02,630.0,650.0,650.0,634.6,635.88,4420.0,625.0,630.0,625.0,630.0,500.0,0.0,-0.7936507936507908,0.8000000000000007,-3.076923076923077,-3.076923076923077,3.1746031746031855,0.0,0.11312217194570136,True,False,False
6035,アイ・アールジャパンホールディングス,2026-09-02,737.0,760.0,760.0,743.8,731.08,34440.0,731.0,736.0,731.0,736.0,2400.0,-0.13568521031207537,-0.8141112618724522,0.6839945280437743,-3.157894736842104,-3.157894736842104,3.2608695652173836,0.0,0.06968641114982578,True,False,False
6036,ＫｅｅＰｅｒ技研,2026-09-02,3335.0,3410.0,3410.0,3316.0,3060.76,130720.0,3415.0,3520.0,3415.0,3495.0,67300.0,4.797601199400292,2.398800599700146,2.342606149341142,2.4926686217008776,2.4926686217008776,-2.4320457796852657,0.0,0.5148408812729498,True,True,True
6037,楽待,2026-09-02,1027.0,1101.0,1101.0,1068.8,1041.12,32300.0,1035.0,1060.0,1035.0,1060.0,5900.0,3.213242453748788,0.778967867575453,2.4154589371980784,-3.7238873751135326,-3.7238873751135326,3.8679245283018915,0.0,0.1826625386996904,True,False,False
6038,イード,2026-09-02,833.0,847.0,847.0,833.4,823.8,3760.0,832.0,832.0,832.0,832.0,1700.0,-0.12004801920768582,-0.12004801920768582,0.0,-1.7709563164108655,-1.7709563164108655,1.8028846153846256,0.0,0.4521276595744681,False,False,False
6039,日本動物高度医療センター,2026-09-02,993.0,1175.0,1175.0,1030.0,1041.44,59960.0,1004.0,1014.0,996.0,1003.0,4800.0,1.007049345417932,1.1077542799597273,-0.09960159362549792,-14.638297872340422,-14.638297872340422,17.14855433698903,0.0,0.0800533689126084,False,False,False
6040,日本スキー場開発,2026-09-02,470.0,474.0,526.0,466.2,463.52,22980.0,468.0,471.0,468.0,469.0,1500.0,-0.21276595744680327,-0.42553191489361764,0.21367521367521292,-1.0548523206751037,-10.836501901140682,12.153518123667384,10.970464135021096,0.06527415143603134,True,False,False
6042,ニッキ,2026-09-02,3835.0,4075.0,4075.0,3900.0,3979.4,1000.0,3905.0,3905.0,3835.0,3835.0,200.0,0.0,1.8252933507170832,-1.7925736235595346,-5.889570552147239,-5.889570552147239,6.2581486310299805,0.0,0.2,False,False,False
6044,三機サービス,2026-09-02,1889.0,1992.0,1992.0,1923.8,1928.56,6120.0,1893.0,1893.0,1893.0,1893.0,100.0,0.21175224986764718,0.21175224986764718,0.0,-4.969879518072284,-4.969879518072284,5.229793977813002,0.0,0.016339869281045753,False,False,False
6045,レントラックス,2026-09-02,2271.0,2520.0,2520.0,2387.4,1963.6,34660.0,2240.0,2247.0,2202.0,2212.0,11600.0,-2.5979744605900468,-1.3650374284456146,-1.2499999999999956,-12.222222222222223,-12.222222222222223,13.924050632911399,0.0,0.3346797461050202,False,False,False
6046,リンクバル,2026-09-02,149.0,192.0,192.0,156.4,140.88,1787920.0,150.0,150.0,148.0,148.0,23700.0,-0.6711409395973145,0.6711409395973256,-1.3333333333333308,-22.916666666666664,-22.916666666666664,29.729729729729737,0.0,0.013255626649961967,False,False,False
6047,Ｇｕｎｏｓｙ,2026-09-02,403.0,433.0,433.0,419.0,394.48,136000.0,399.0,401.0,392.0,394.0,33500.0,-2.2332506203473934,-0.992555831265507,-1.253132832080206,-9.006928406466507,-9.006928406466507,9.898477157360407,0.0,0.24632352941176472,False,False,False
6049,イトクロ,2026-09-02,246.0,248.0,248.0,246.6,244.44,8340.0,252.0,252.0,252.0,252.0,3400.0,2.4390243902439046,2.4390243902439046,0.0,1.6129032258064502,1.6129032258064502,-1.5873015873015928,0.0,0.407673860911271,False,True,True
6050,イー・ガーディアン,2026-09-02,1814.0,1824.0,1824.0,1807.4,1756.4,20340.0,1802.0,1809.0,1802.0,1809.0,2400.0,-0.2756339581036382,-0.6615214994487362,0.38845726970033745,-0.8223684210526327,-0.8223684210526327,0.8291873963515828,0.0,0.11799410029498525,True,False,False
6054,リブセンス,2026-09-02,112.0,125.0,125.0,114.6,115.84,27700.0,112.0,115.0,112.0,113.0,17300.0,0.8928571428571397,0.0,0.8928571428571397,-9.599999999999998,-9.599999999999998,10.619469026548668,0.0,0.6245487364620939,True,False,False
6055,ジャパンマテリアル,2026-09-02,2105.0,2455.0,2455.0,2147.8,2174.2,691680.0,2110.0,2160.0,2109.0,2159.0,48200.0,2.565320665083126,0.23752969121140222,2.322274881516595,-12.057026476578415,-12.057026476578415,13.710050949513676,0.0,0.0696854036548693,True,False,False
6058,ベクトル,2026-09-02,1924.0,2226.0,2226.0,2046.4,1880.52,821940.0,1959.0,1973.0,1953.0,1964.0,31300.0,2.079002079002068,1.819126819126815,0.2552322613578406,-11.769991015274039,-11.769991015274039,13.340122199592663,0.0,0.03808063848942745,True,False,False
6059,ウチヤマホールディングス,2026-09-02,361.0,365.0,365.0,363.4,357.0,6100.0,362.0,362.0,360.0,360.0,1200.0,-0.27700831024930483,0.27700831024930483,-0.5524861878453025,-1.3698630136986356,-1.3698630136986356,1.388888888888884,0.0,0.19672131147540983,False,False,False
6061,ユニバーサル園芸社,2026-09-02,3235.0,3390.0,3390.0,3288.0,3072.64,5360.0,3160.0,3160.0,3120.0,3140.0,400.0,-2.9366306027820754,-2.3183925811437356,-0.6329113924050667,-7.374631268436582,-7.374631268436582,7.961783439490455,0.0,0.07462686567164178,False,False,False
6062,チャーム・ケア・コーポレーション,2026-09-02,1426.0,1495.0,1495.0,1413.0,1401.4,97320.0,1395.0,1400.0,1395.0,1397.0,5400.0,-2.0336605890603043,-2.1739130434782594,0.14336917562725038,-6.555183946488297,-6.555183946488297,7.015032211882599,0.0,0.055487053020961775,True,False,False
6063,日本エマージェンシーアシスタンス,2026-09-02,988.0,1083.0,1083.0,999.2,1008.28,2220.0,997.0,997.0,997.0,997.0,300.0,0.9109311740890691,0.9109311740890691,0.0,-7.940904893813483,-7.940904893813483,8.625877632898703,0.0,0.13513513513513514,False,False,False
6069,トレンダーズ,2026-09-02,679.0,713.0,713.0,697.4,683.4,24360.0,679.0,685.0,679.0,685.0,2800.0,0.8836524300441795,0.0,0.8836524300441795,-3.9270687237026647,-3.9270687237026647,4.087591240875921,0.0,0.11494252873563218,True,False,False
6070,キャリアリンク,2026-09-02,2582.0,2689.0,2689.0,2609.6,2496.92,36860.0,2587.0,2603.0,2583.0,2601.0,5000.0,0.7358636715724343,0.19364833462431896,0.5411673753382251,-3.272592041651168,-3.272592041651168,3.3833141099577135,0.0,0.13564839934888767,True,False,False
6071,ＩＢＪ,2026-09-02,910.0,976.0,976.0,933.0,886.04,293820.0,915.0,944.0,915.0,936.0,81400.0,2.857142857142847,0.5494505494505475,2.2950819672131084,-4.098360655737709,-4.098360655737709,4.2735042735042805,0.0,0.2770403648492274,True,False,False
6072,地盤ネットホールディングス,2026-09-02,1009.0,1224.0,1224.0,1057.0,1039.28,522860.0,1023.0,1035.0,1015.0,1019.0,30900.0,0.9910802775024763,1.3875123885034757,-0.3910068426197455,-16.74836601307189,-16.74836601307189,20.117762512266935,0.0,0.0590980377156409,False,False,False
6073,アサンテ,2026-09-02,1517.0,1536.0,1540.0,1520.0,1509.72,11040.0,1518.0,1521.0,1518.0,1521.0,1600.0,0.2636783124587927,0.06591957811470373,0.19762845849802257,-0.9765625,-1.2337662337662314,1.2491781722550943,0.26041666666667407,0.14492753623188406,True,False,False
6074,ジェイエスエス,2026-09-02,521.0,524.0,524.0,516.8,518.16,2600.0,520.0,520.0,520.0,520.0,600.0,-0.19193857965451588,-0.19193857965451588,0.0,-0.7633587786259555,-0.7633587786259555,0.7692307692307665,0.0,0.23076923076923078,False,False,False
6078,バリューＨＲ,2026-09-02,1581.0,1661.0,1661.0,1622.8,1551.36,35560.0,1571.0,1572.0,1560.0,1564.0,12000.0,-1.0752688172043001,-0.6325110689437086,-0.4455760661998709,-5.839855508729686,-5.839855508729686,6.202046035805631,0.0,0.3374578177727784,False,False,False
6080,Ｍ＆Ａキャピタルパートナーズ,2026-09-02,4120.0,4330.0,4330.0,4231.0,4078.4,92380.0,4195.0,4205.0,4175.0,4180.0,6400.0,1.4563106796116498,1.8203883495145678,-0.35756853396901045,-3.4642032332563466,-3.4642032332563466,3.5885167464114742,0.0,0.06927906473262611,False,False,False
6081,アライドアーキテクツ,2026-09-02,162.0,172.0,172.0,166.0,160.72,121200.0,151.0,153.0,147.0,149.0,93700.0,-8.024691358024693,-6.79012345679012,-1.3245033112582738,-13.372093023255815,-13.372093023255815,15.436241610738266,0.0,0.773102310231023,False,False,False
6082,ライドオンエクスプレスホールディングス,2026-09-02,1012.0,1046.0,1046.0,1015.0,1009.04,22220.0,1009.0,1009.0,1007.0,1009.0,3400.0,-0.29644268774703386,-0.29644268774703386,0.0,-3.537284894837478,-3.537284894837478,3.6669970267591667,0.0,0.15301530153015303,False,False,False
6083,ＥＲＩホールディングス,2026-09-02,1621.0,1772.0,1772.0,1668.2,1656.04,42940.0,1630.0,1637.0,1630.0,1635.0,1400.0,0.8636644046884578,0.5552128315854388,0.30674846625766694,-7.731376975169302,-7.731376975169302,8.379204892966353,0.0,0.032603632976245925,True,False,False
6085,アーキテクツ・スタジオ・ジャパン,2026-09-02,198.0,283.0,283.0,209.8,121.84,17529940.0,180.0,182.0,168.0,172.0,1757400.0,-13.131313131313128,-9.090909090909093,-4.444444444444439,-39.2226148409894,-39.2226148409894,64.53488372093024,0.0,0.10025134141930891,False,False,False
6086,シンメンテホールディングス,2026-09-02,1022.0,1087.0,1087.0,1035.0,1047.64,19520.0,1035.0,1035.0,1021.0,1021.0,500.0,-0.09784735812132794,1.2720156555773077,-1.352657004830915,-6.0717571297148165,-6.0717571297148165,6.464250734573951,0.0,0.025614754098360656,False,False,False
6087,アビスト,2026-09-02,3555.0,3555.0,3555.0,3541.0,3503.6,2380.0,3570.0,3575.0,3570.0,3570.0,400.0,0.42194092827003704,0.42194092827003704,0.0,0.42194092827003704,0.42194092827003704,-0.42016806722688926,0.0,0.16806722689075632,False,True,True
6088,シグマクシス・ホールディングス,2026-09-02,546.0,584.0,631.0,560.0,558.2,428800.0,550.0,558.0,550.0,554.0,51400.0,1.46520146520146,0.73260073260073,0.727272727272732,-5.136986301369861,-12.202852614896987,13.898916967509024,8.047945205479445,0.11986940298507463,True,False,False
6089,ウィルグループ,2026-09-02,1171.0,1212.0,1212.0,1188.0,1141.12,69140.0,1161.0,1170.0,1158.0,1160.0,5300.0,-0.9393680614859123,-0.853970964987194,-0.08613264427217437,-4.290429042904287,-4.290429042904287,4.482758620689653,0.0,0.07665606016777553,False,False,False
6090,ヒューマン・メタボローム・テクノロジーズ,2026-09-02,617.0,646.0,646.0,621.6,606.0,2700.0,613.0,615.0,613.0,615.0,700.0,-0.32414910858995505,-0.648298217179899,0.32626427406199365,-4.798761609907121,-4.798761609907121,5.040650406504055,0.0,0.25925925925925924,True,False,False
6091,ウエスコホールディングス,2026-09-02,887.0,929.0,937.0,896.4,897.52,7100.0,880.0,880.0,879.0,879.0,1200.0,-0.9019165727170209,-0.7891770011273946,-0.1136363636363602,-5.382131324004302,-6.189967982924227,6.59840728100114,0.8611410118406937,0.16901408450704225,False,False,False
6092,エンバイオ・ホールディングス,2026-09-02,863.0,920.0,920.0,858.8,807.32,33540.0,842.0,846.0,839.0,840.0,3200.0,-2.665121668597914,-2.4333719582850466,-0.23752969121140222,-8.695652173913048,-8.695652173913048,9.523809523809534,0.0,0.09540846750149076,False,False,False
6093,ミトラグループ,2026-09-02,160.0,167.0,167.0,163.6,162.56,73800.0,161.0,161.0,160.0,160.0,7900.0,0.0,0.6250000000000089,-0.6211180124223614,-4.191616766467066,-4.191616766467066,4.374999999999996,0.0,0.1070460704607046,False,False,False
6094,フリークアウト・ホールディングス,2026-09-02,570.0,612.0,612.0,580.8,571.84,9420.0,566.0,566.0,560.0,560.0,1500.0,-1.7543859649122862,-0.7017543859649145,-1.0600706713780883,-8.496732026143794,-8.496732026143794,9.285714285714274,0.0,0.1592356687898089,False,False,False
6098,リクルートホールディングス,2026-09-02,16355.0,18215.0,18215.0,17367.0,15418.4,4847700.0,16355.0,16715.0,16305.0,16530.0,948500.0,1.0700091715071913,0.0,1.0700091715071913,-9.25061762283832,-9.25061762283832,10.193587416817905,0.0,0.19565979742970893,True,False,False
6099,エラン,2026-09-02,743.0,780.0,806.0,749.0,759.0,83160.0,728.0,729.0,722.0,727.0,25100.0,-2.1534320323014833,-2.0188425302826385,-0.13736263736263687,-6.794871794871793,-9.801488833746896,10.866574965612097,3.3333333333333437,0.30182780182780183,False,False,False
6101,ツガミ,2026-09-02,5040.0,6400.0,7120.0,5244.0,5709.2,308840.0,5010.0,5050.0,4965.0,5010.0,38600.0,-0.5952380952380931,-0.5952380952380931,0.0,-21.718749999999996,-29.63483146067416,42.115768463073856,11.250000000000004,0.12498381038725553,False,False,False
6103,オークマ,2026-09-02,4540.0,5710.0,5710.0,4756.0,5077.8,445040.0,4555.0,4575.0,4485.0,4515.0,63600.0,-0.5506607929515406,0.33039647577093323,-0.8781558726673966,-20.928196147110334,-20.928196147110334,26.46733111849391,0.0,0.14290850260650728,False,False,False
6104,芝浦機械,2026-09-02,4450.0,4510.0,4900.0,4459.0,4269.6,114880.0,4500.0,4535.0,4480.0,4490.0,9100.0,0.8988764044943753,1.1235955056179803,-0.22222222222222365,-0.44345898004434225,-8.36734693877551,9.131403118040083,8.64745011086474,0.07921309192200557,False,False,False
6113,アマダ,2026-09-02,2453.5,2975.5,2975.5,2558.6,2684.02,2024660.0,2490.0,2498.0,2467.0,2478.5,222500.0,1.0189525168127211,1.4876706745465595,-0.46184738955823423,-16.703075113426312,-16.703075113426312,20.05245107928182,0.0,0.10989499471516205,False,False,False
6118,アイダエンジニアリング,2026-09-02,1183.0,1336.0,1336.0,1236.8,1232.52,464500.0,1205.0,1214.0,1204.0,1207.0,22700.0,2.0287404902789463,1.8596787827557026,0.16597510373443924,-9.655688622754488,-9.655688622754488,10.687655343827673,0.0,0.048869752421959095,True,False,False
6125,岡本工作機械製作所,2026-09-02,4590.0,5960.0,5960.0,4720.0,4949.0,50120.0,4600.0,4665.0,4580.0,4640.0,8900.0,1.089324618736387,0.2178649237472685,0.8695652173912993,-22.14765100671141,-22.14765100671141,28.44827586206897,0.0,0.17757382282521947,True,False,False
6134,ＦＵＪＩ,2026-09-02,6830.0,8561.0,8673.0,7053.8,7545.96,680020.0,6862.0,6894.0,6837.0,6876.0,54800.0,0.6734992679355845,0.468521229868224,0.20402215097639065,-19.682280107464077,-20.719474230370118,26.134380453752183,1.3082583810302584,0.08058586512161407,True,False,False
6135,牧野フライス製作所,2026-09-02,15310.0,16500.0,16500.0,15436.0,15078.0,134920.0,15490.0,15490.0,15290.0,15310.0,6500.0,0.0,1.1757021554539504,-1.1620400258231078,-7.212121212121215,-7.212121212121215,7.772697583278898,0.0,0.04817669730210495,False,False,False
6136,オーエスジー,2026-09-02,3567.0,4079.0,4079.0,3683.2,3759.0,370420.0,3557.0,3565.0,3531.0,3556.0,26900.0,-0.30838239416877133,-0.28034763106251637,-0.02811357885859067,-12.821770041676883,-12.821770041676883,14.707536557930268,0.0,0.07262026888396955,False,False,False
6137,小池酸素工業,2026-09-02,1527.0,1553.0,1577.0,1525.4,1505.28,32740.0,1515.0,1535.0,1515.0,1530.0,11000.0,0.19646365422396617,-0.7858546168958758,0.990099009900991,-1.481004507405026,-2.9803424223208586,3.0718954248365904,1.5453960077269846,0.3359804520464264,True,False,False
6138,ダイジェット工業,2026-09-02,1977.0,2200.0,2200.0,2036.6,1726.76,14960.0,2013.0,2026.0,2000.0,2007.0,1200.0,1.5174506828528056,1.8209408194233667,-0.29806259314456574,-8.772727272727277,-8.772727272727277,9.616342800199295,0.0,0.08021390374331551,False,False,False
6140,旭ダイヤモンド工業,2026-09-02,1153.0,1323.0,1323.0,1206.2,1200.72,523420.0,1160.0,1171.0,1156.0,1165.0,117100.0,1.0407632263659927,0.6071118820468291,0.4310344827586299,-11.942554799697657,-11.942554799697657,13.562231759656651,0.0,0.22372091246035689,True,False,False
6141,ＤＭＧ森精機,2026-09-02,2841.0,3980.0,3980.0,2979.0,3316.1,2284080.0,2852.5,2858.5,2824.0,2832.5,195200.0,-0.29919042590637046,0.40478704681450317,-0.7011393514461006,-28.831658291457284,-28.831658291457284,40.51191526919682,0.0,0.08546110468985324,False,False,False
6143,ソディック,2026-09-02,1708.0,1979.0,1979.0,1729.0,1736.28,499780.0,1740.0,1753.0,1723.0,1734.0,61100.0,1.5222482435597096,1.87353629976581,-0.34482758620689724,-12.379989893885801,-12.379989893885801,14.129181084198382,0.0,0.12225379166833407,False,False,False
6144,西部電機,2026-09-02,2835.0,3150.0,3300.0,2921.6,3003.96,2800.0,2851.0,2851.0,2851.0,2851.0,100.0,0.5643738977072266,0.5643738977072266,0.0,-9.492063492063496,-13.60606060606061,15.748860049105584,4.761904761904767,0.03571428571428571,False,False,False
6145,ＮＩＴＴＯＫＵ,2026-09-02,2412.0,2877.0,2877.0,2472.2,2504.52,93460.0,2409.0,2418.0,2395.0,2416.0,7200.0,0.16583747927032544,-0.12437810945273853,0.2905770029057786,-16.023635731664932,-16.023635731664932,19.08112582781456,0.0,0.07703830515728655,True,False,False
6146,ディスコ,2026-09-02,55170.0,68120.0,72080.0,57802.0,60221.2,1314940.0,54000.0,54800.0,53780.0,54680.0,211700.0,-0.8881638571687556,-2.1207177814029365,1.2592592592592489,-19.729888432178512,-24.13984461709212,31.821506949524505,5.8132706987668925,0.16099593897820433,True,False,False
6147,ヤマザキ,2026-09-02,192.0,200.0,200.0,193.2,191.84,4760.0,190.0,190.0,190.0,190.0,300.0,-1.041666666666663,-1.041666666666663,0.0,-5.000000000000004,-5.000000000000004,5.263157894736836,0.0,0.06302521008403361,False,False,False
6149,小田原エンジニアリング,2026-09-02,2245.0,2370.0,2370.0,2305.2,2236.64,13900.0,2227.0,2240.0,2226.0,2230.0,1300.0,-0.6681514476614692,-0.801781737193763,0.13471037269869868,-5.907172995780585,-5.907172995780585,6.278026905829592,0.0,0.09352517985611511,True,False,False
6150,タケダ機械,2026-09-02,2807.0,2815.0,2831.0,2796.6,2794.72,840.0,2799.0,2799.0,2799.0,2799.0,300.0,-0.2850017812611294,-0.2850017812611294,0.0,-0.5683836589698066,-1.13034263511127,1.1432654519471175,0.5683836589698066,0.35714285714285715,False,False,False
6151,日東工器,2026-09-02,1740.0,1793.0,1793.0,1754.6,1741.32,12120.0,1720.0,1722.0,1717.0,1722.0,2700.0,-1.0344827586206917,-1.1494252873563204,0.11627906976743319,-3.95984383714445,-3.95984383714445,4.123112659698025,0.0,0.22277227722772278,True,False,False
6155,高松機械工業,2026-09-02,536.0,556.0,556.0,539.4,531.44,5460.0,535.0,535.0,535.0,535.0,500.0,-0.1865671641791078,-0.1865671641791078,0.0,-3.7769784172661858,-3.7769784172661858,3.9252336448598157,0.0,0.09157509157509157,False,False,False
6156,エーワン精密,2026-09-02,1855.0,1930.0,1930.0,1868.2,1860.8,8940.0,1869.0,1869.0,1867.0,1867.0,200.0,0.6469002695417725,0.7547169811320753,-0.10700909577313622,-3.2642487046632085,-3.2642487046632085,3.37439742903054,0.0,0.02237136465324385,False,False,False
6157,日進工具,2026-09-02,818.0,893.0,976.0,841.4,858.84,101420.0,818.0,820.0,816.0,820.0,6000.0,0.24449877750611915,0.0,0.24449877750611915,-8.174692049272114,-15.983606557377051,19.024390243902435,9.294512877939521,0.05915992900808519,True,False,False
6158,和井田製作所,2026-09-02,1039.0,1040.0,1040.0,1031.8,998.96,4760.0,1029.0,1036.0,1020.0,1028.0,2200.0,-1.0587102983638075,-0.9624639076034613,-0.09718172983479434,-1.1538461538461497,-1.1538461538461497,1.1673151750972721,0.0,0.46218487394957986,False,False,False
6161,エスティック,2026-09-02,1052.0,1120.0,1120.0,1056.2,1069.72,4280.0,1064.0,1064.0,1064.0,1064.0,200.0,1.1406844106463865,1.1406844106463865,0.0,-5.000000000000004,-5.000000000000004,5.263157894736836,0.0,0.04672897196261682,False,False,False
6165,パンチ工業,2026-09-02,543.0,573.0,573.0,550.6,528.36,71860.0,550.0,550.0,546.0,546.0,10000.0,0.5524861878453136,1.2891344383057168,-0.727272727272732,-4.712041884816753,-4.712041884816753,4.94505494505495,0.0,0.13915947676036738,False,False,False
6166,中村超硬,2026-09-02,662.0,699.0,699.0,679.0,640.64,233220.0,666.0,682.0,666.0,674.0,20100.0,1.812688821752273,0.6042296072507503,1.2012012012011963,-3.576537911301858,-3.576537911301858,3.70919881305638,0.0,0.08618471829174171,True,False,False
6167,冨士ダイス,2026-09-02,1012.0,1135.0,1135.0,1037.4,1028.44,67760.0,1003.0,1010.0,1001.0,1003.0,9100.0,-0.8893280632411016,-0.8893280632411016,0.0,-11.629955947136562,-11.629955947136562,13.160518444665993,0.0,0.13429752066115702,False,False,False
6171,土木管理総合試験所,2026-09-02,374.0,397.0,397.0,373.0,378.24,34760.0,375.0,375.0,374.0,374.0,900.0,0.0,0.2673796791443861,-0.2666666666666706,-5.793450881612094,-5.793450881612094,6.149732620320858,0.0,0.025891829689298044,False,False,False
6176,ブランジスタ,2026-09-02,989.0,1053.0,1053.0,1018.6,964.2,168100.0,989.0,989.0,973.0,987.0,122000.0,-0.2022244691607722,0.0,-0.2022244691607722,-6.2678062678062645,-6.2678062678062645,6.686930091185417,0.0,0.7257584770969661,False,False,False
6177,ＡｐｐＢａｎｋ,2026-09-02,84.0,89.0,91.0,84.8,81.56,192200.0,88.0,88.0,86.0,86.0,154100.0,2.3809523809523725,4.761904761904767,-2.2727272727272707,-3.3707865168539297,-5.494505494505497,5.813953488372103,2.2471910112359605,0.8017689906347555,False,False,False
6178,日本郵政,2026-09-02,2517.0,2561.5,2561.5,2483.0,2394.16,8311220.0,2600.0,2603.0,2521.0,2531.0,910000.0,0.556217719507357,3.297576479936426,-2.653846153846151,-1.1907085691977404,-1.1907085691977404,1.2050572896088463,0.0,0.10949054410784458,False,False,False
6180,ＧＭＯメディア,2026-09-02,3875.0,3880.0,3880.0,3867.0,3815.2,1180.0,3835.0,3870.0,3835.0,3870.0,300.0,-0.1290322580645209,-1.0322580645161339,0.9126466753585305,-0.2577319587628857,-0.2577319587628857,0.25839793281654533,0.0,0.2542372881355932,True,False,False
6181,タメニー,2026-09-02,88.0,92.0,92.0,89.2,82.2,116040.0,91.0,93.0,90.0,91.0,54000.0,3.409090909090917,3.409090909090917,0.0,-1.0869565217391353,-1.0869565217391353,1.098901098901095,0.0,0.4653567735263702,False,False,False
6182,メタリアル,2026-09-02,510.0,523.0,523.0,508.6,471.32,28140.0,516.0,516.0,516.0,516.0,500.0,1.17647058823529,1.17647058823529,0.0,-1.3384321223709361,-1.3384321223709361,1.3565891472868241,0.0,0.017768301350390904,False,False,False
6183,ベルシステム２４ホールディングス,2026-09-02,1385.0,1448.0,1448.0,1397.0,1384.8,410820.0,1386.0,1388.0,1383.0,1383.0,9300.0,-0.14440433212996595,0.07220216606498298,-0.21645021645021467,-4.488950276243098,-4.488950276243098,4.699927693420092,0.0,0.02263765152621586,False,False,False
6184,鎌倉新書,2026-09-02,572.0,606.0,606.0,593.2,567.6,127740.0,565.0,571.0,563.0,564.0,21100.0,-1.3986013986013957,-1.2237762237762184,-0.1769911504424737,-6.930693069306926,-6.930693069306926,7.446808510638303,0.0,0.16517927039298574,False,False,False
6185,ＳＭＮ,2026-09-02,368.0,374.0,403.0,369.4,370.96,3800.0,367.0,367.0,367.0,367.0,1400.0,-0.27173913043477826,-0.27173913043477826,0.0,-1.8716577540106916,-8.933002481389574,9.809264305177102,7.754010695187175,0.3684210526315789,False,False,False
6186,一蔵,2026-09-02,380.0,389.0,390.0,382.4,383.68,1680.0,380.0,380.0,377.0,377.0,2300.0,-0.7894736842105288,0.0,-0.7894736842105288,-3.084832904884316,-3.3333333333333326,3.4482758620689724,0.25706940874035134,1.369047619047619,False,False,False
6189,グローバルキッズＣＯＭＰＡＮＹ,2026-09-02,1011.0,1050.0,1050.0,1019.6,1014.16,8100.0,1009.0,1009.0,1009.0,1009.0,600.0,-0.1978239366963397,-0.1978239366963397,0.0,-3.9047619047618998,-3.9047619047618998,4.063429137760166,0.0,0.07407407407407407,False,False,False
6190,フェニックスバイオ,2026-09-02,342.0,359.0,361.0,340.6,343.64,6380.0,338.0,338.0,338.0,338.0,1100.0,-1.1695906432748537,-1.1695906432748537,0.0,-5.84958217270195,-6.371191135734067,6.804733727810652,0.557103064066844,0.1724137931034483,False,False,False
6191,エアトリ,2026-09-02,777.0,940.0,940.0,813.8,865.6,87640.0,766.0,766.0,758.0,762.0,49100.0,-1.9305019305019266,-1.4157014157014203,-0.5221932114882533,-18.93617021276596,-18.93617021276596,23.359580052493435,0.0,0.5602464628023733,False,False,False
6193,バーチャレクス・ホールディングス,2026-09-02,1245.0,1247.0,1247.0,1205.2,1100.4,12800.0,1246.0,1246.0,1235.0,1236.0,2000.0,-0.7228915662650603,0.08032128514057213,-0.8025682182985605,-0.8821170809943824,-0.8821170809943824,0.8899676375404564,0.0,0.15625,False,False,False
6194,アトラエ,2026-09-02,840.0,926.0,926.0,880.2,880.72,172840.0,853.0,857.0,852.0,854.0,15300.0,1.6666666666666607,1.5476190476190421,0.11723329425556983,-7.77537796976242,-7.77537796976242,8.430913348946145,0.0,0.08852117565378384,True,False,False
6195,ホープ,2026-09-02,201.0,218.0,218.0,203.4,206.48,22460.0,200.0,201.0,200.0,201.0,2700.0,0.0,-0.497512437810943,0.49999999999998934,-7.798165137614676,-7.798165137614676,8.457711442786064,0.0,0.12021371326803205,True,False,False
6196,ストライクグループ,2026-09-02,1376.0,1459.0,1459.0,1389.8,1346.48,731200.0,1403.0,1405.0,1390.0,1395.0,43100.0,1.380813953488369,1.9622093023255793,-0.5702066999287214,-4.386566141192594,-4.386566141192594,4.587813620071679,0.0,0.05894420131291028,False,False,False
6198,キャリア,2026-09-02,205.0,215.0,233.0,205.0,208.52,2900.0,203.0,203.0,202.0,202.0,50900.0,-1.4634146341463428,-0.9756097560975618,-0.49261083743842304,-6.04651162790698,-13.30472103004292,15.346534653465337,8.372093023255811,17.551724137931036,False,False,False
6199,セラク,2026-09-02,1321.0,1485.0,1485.0,1379.6,1371.16,23760.0,1312.0,1320.0,1305.0,1317.0,1700.0,-0.3028009084027228,-0.681302043906129,0.3810975609756184,-11.313131313131308,-11.313131313131308,12.756264236902059,0.0,0.07154882154882154,True,False,False
6200,インソース,2026-09-02,723.0,752.0,783.0,735.8,732.36,373080.0,729.0,732.0,727.0,729.0,85200.0,0.8298755186721962,0.8298755186721962,0.0,-3.0585106382978733,-6.896551724137934,7.407407407407418,4.122340425531923,0.22836925056288196,False,False,False
6203,豊和工業,2026-09-02,1498.0,1590.0,1590.0,1539.2,1471.92,372380.0,1501.0,1522.0,1490.0,1508.0,21800.0,0.6675567423231055,0.20026702269693164,0.4663557628247883,-5.157232704402515,-5.157232704402515,5.437665782493362,0.0,0.058542349213169344,True,False,False
6208,石川製作所,2026-09-02,1595.0,1727.0,1727.0,1653.4,1652.6,37480.0,1596.0,1610.0,1592.0,1596.0,12100.0,0.06269592476488839,0.06269592476488839,0.0,-7.585408222350898,-7.585408222350898,8.20802005012531,0.0,0.32283884738527213,False,False,False
6209,リケンＮＰＲ,2026-09-02,3945.0,4150.0,4150.0,3982.0,4000.8,79560.0,3950.0,3950.0,3920.0,3935.0,13900.0,-0.25348542458808465,0.12674271229404788,-0.37974683544304,-5.180722891566269,-5.180722891566269,5.4637865311308875,0.0,0.17471091000502764,False,False,False
6217,津田駒工業,2026-09-02,812.0,956.0,956.0,830.4,794.04,52160.0,794.0,795.0,787.0,787.0,2700.0,-3.078817733990147,-2.2167487684729092,-0.8816120906801062,-17.677824267782427,-17.677824267782427,21.473951715374852,0.0,0.051763803680981595,False,False,False
6218,エンシュウ,2026-09-02,636.0,684.0,684.0,643.0,639.32,5920.0,644.0,644.0,642.0,642.0,500.0,0.9433962264151052,1.2578616352201255,-0.31055900621117516,-6.140350877192979,-6.140350877192979,6.542056074766345,0.0,0.08445945945945946,False,False,False
6222,島精機製作所,2026-09-02,927.0,1009.0,1009.0,960.4,948.28,216680.0,933.0,939.0,930.0,933.0,16500.0,0.6472491909385036,0.6472491909385036,0.0,-7.532210109018833,-7.532210109018833,8.145766345123251,0.0,0.07614916005168913,False,False,False
6223,西部技研,2026-09-02,1867.0,2187.0,2187.0,1926.0,1976.52,33340.0,1892.0,1917.0,1891.0,1895.0,5700.0,1.4997321906802252,1.3390465988216471,0.1585623678646897,-13.351623228166442,-13.351623228166442,15.40897097625329,0.0,0.17096580683863227,True,False,False
6224,ＪＲＣ,2026-09-02,1190.0,1255.0,1255.0,1214.4,1143.28,56420.0,1195.0,1201.0,1192.0,1196.0,1500.0,0.5042016806722671,0.42016806722688926,0.08368200836819106,-4.701195219123511,-4.701195219123511,4.933110367892968,0.0,0.026586316908897553,True,False,False
6226,守谷輸送機工業,2026-09-02,2125.0,2500.0,2647.0,2210.0,2213.92,114460.0,2086.0,2115.0,2085.0,2093.0,19300.0,-1.5058823529411791,-1.8352941176470572,0.3355704697986628,-16.279999999999994,-20.929353985644127,26.469182990922114,5.879999999999996,0.16861785776690547,True,False,False
6227,ＡＩメカテック,2026-09-02,5890.0,7600.0,7630.0,6242.0,6386.8,809160.0,5790.0,5880.0,5760.0,5880.0,68400.0,-0.1697792869269965,-1.697792869269954,1.5544041450777257,-22.631578947368425,-22.935779816513758,29.761904761904766,0.39473684210526994,0.08453210737060655,True,False,False
6228,ジェイ・イー・ティ,2026-09-02,505.0,575.0,577.0,493.0,507.6,60240.0,538.0,538.0,523.0,523.0,5700.0,3.5643564356435675,6.5346534653465405,-2.7881040892193343,-9.043478260869565,-9.358752166377815,10.325047801147225,0.3478260869565153,0.0946215139442231,False,False,False
6229,オーケーエム,2026-09-02,1498.0,1696.0,1696.0,1510.4,1533.28,11280.0,1509.0,1519.0,1509.0,1519.0,2800.0,1.4018691588784993,0.734312416555416,0.662690523525522,-10.436320754716977,-10.436320754716977,11.652402896642533,0.0,0.24822695035460993,True,False,False
6230,ＳＡＮＥＩ,2026-09-02,2151.0,2200.0,2350.0,2149.2,2125.6,1200.0,2160.0,2160.0,2157.0,2157.0,200.0,0.2789400278939924,0.4184100418409997,-0.1388888888888884,-1.9545454545454533,-8.21276595744681,8.947612424663888,6.818181818181812,0.16666666666666666,False,False,False
6231,木村工機,2026-09-02,12510.0,13850.0,13850.0,12938.0,12738.4,9380.0,12360.0,12430.0,12260.0,12260.0,900.0,-1.9984012789768135,-1.1990407673860948,-0.8090614886731351,-11.480144404332126,-11.480144404332126,12.969004893964108,0.0,0.09594882729211088,False,False,False
6232,ＡＣＳＬ,2026-09-02,1486.0,1840.0,1962.0,1535.6,1637.08,931080.0,1486.0,1492.0,1460.0,1463.0,80500.0,-1.5477792732166873,0.0,-1.5477792732166873,-20.48913043478261,-25.43323139653415,34.107997265891996,6.630434782608696,0.08645873609142071,False,False,False
6233,ＫＬＡＳＳ,2026-09-02,400.0,406.0,406.0,399.2,393.52,9520.0,399.0,402.0,399.0,402.0,2000.0,0.49999999999998934,-0.24999999999999467,0.7518796992481258,-0.9852216748768461,-0.9852216748768461,0.995024875621886,0.0,0.21008403361344538,True,False,False
6235,オプトラン,2026-09-02,2479.0,3355.0,3460.0,2634.2,2914.76,327900.0,2490.0,2509.0,2466.0,2484.0,34000.0,0.2016942315449688,0.44372730939894467,-0.24096385542168308,-25.96125186289121,-28.20809248554913,39.2914653784219,3.129657228017879,0.1036901494358036,False,False,False
6237,イワキポンプ,2026-09-02,3925.0,6030.0,6030.0,4069.0,4675.2,109580.0,4000.0,4025.0,3970.0,4020.0,7900.0,2.420382165605095,1.9108280254777066,0.49999999999998934,-33.333333333333336,-33.333333333333336,50.0,0.0,0.07209344770943603,True,False,False
6238,フリュー,2026-09-02,1427.0,1461.0,1461.0,1419.2,1394.6,85600.0,1425.0,1434.0,1410.0,1418.0,12100.0,-0.630693763139456,-0.14015416958654825,-0.49122807017544234,-2.9431895961670063,-2.9431895961670063,3.032440056417496,0.0,0.1413551401869159,False,False,False
6239,ナガオカ,2026-09-02,1477.0,1505.0,1505.0,1452.0,1391.84,6280.0,1510.0,1510.0,1476.0,1476.0,800.0,-0.06770480704130222,2.2342586323629066,-2.251655629139071,-1.926910299003326,-1.926910299003326,1.9647696476964738,0.0,0.12738853503184713,False,False,False
6240,ヤマシンフィルタ,2026-09-02,534.0,568.0,568.0,539.2,540.36,273200.0,535.0,537.0,531.0,532.0,39100.0,-0.3745318352059934,0.1872659176029856,-0.5607476635513975,-6.338028169014088,-6.338028169014088,6.766917293233088,0.0,0.1431185944363104,False,False,False
6245,ヒラノテクシード,2026-09-02,1842.0,1897.0,1897.0,1854.0,1738.88,48540.0,1835.0,1852.0,1808.0,1811.0,8200.0,-1.6829533116178075,-0.3800217155266017,-1.3079019073569453,-4.533473906167629,-4.533473906167629,4.748757592490338,0.0,0.16893283889575608,False,False,False
6246,テクノスマート,2026-09-02,1834.0,1886.0,1920.0,1850.8,1841.84,5780.0,1861.0,1861.0,1861.0,1861.0,100.0,1.4721919302072006,1.4721919302072006,0.0,-1.3255567338282037,-3.0729166666666696,3.1703385276733,1.8027571580063517,0.01730103806228374,False,False,False
6247,日阪製作所,2026-09-02,1741.0,1872.0,1872.0,1796.8,1728.84,43180.0,1745.0,1755.0,1721.0,1730.0,9700.0,-0.631820792647908,0.22975301550833827,-0.8595988538681931,-7.585470085470081,-7.585470085470081,8.208092485549123,0.0,0.22464103751736916,False,False,False
6248,横田製作所,2026-09-02,1715.0,1809.0,1840.0,1732.2,1762.4,1060.0,1716.0,1716.0,1716.0,1716.0,100.0,0.05830903790087216,0.05830903790087216,0.0,-5.140961857379766,-6.739130434782615,7.226107226107237,1.713653952459926,0.09433962264150944,False,False,False
6249,ゲームカードホールディングス,2026-09-02,2825.0,2865.0,2865.0,2840.0,2726.24,8140.0,2825.0,2825.0,2825.0,2825.0,200.0,0.0,0.0,0.0,-1.3961605584642212,-1.3961605584642212,1.415929203539834,0.0,0.02457002457002457,False,False,False
6250,やまびこ,2026-09-02,4390.0,4470.0,4470.0,4341.0,4165.6,163060.0,4480.0,4515.0,4350.0,4380.0,33500.0,-0.2277904328018221,2.05011389521641,-2.2321428571428603,-2.0134228187919434,-2.0134228187919434,2.0547945205479534,0.0,0.20544584815405373,False,False,False
6254,野村マイクロ・サイエンス,2026-09-02,3315.0,4630.0,4630.0,3504.0,3792.2,445500.0,3390.0,3415.0,3360.0,3375.0,67300.0,1.8099547511312153,2.262443438914019,-0.4424778761061954,-27.10583153347732,-27.10583153347732,37.18518518518519,0.0,0.1510662177328844,False,False,False
6255,エヌ・ピー・シー,2026-09-02,648.0,743.0,743.0,676.8,685.08,251680.0,643.0,648.0,638.0,641.0,22200.0,-1.0802469135802517,-0.7716049382716084,-0.3110419906687367,-13.728129205921935,-13.728129205921935,15.91263650546022,0.0,0.08820724729815639,False,False,False
6257,藤商事,2026-09-02,1016.0,1036.0,1050.0,1022.0,1019.36,20060.0,1025.0,1025.0,1016.0,1018.0,2400.0,0.19685039370078705,0.8858267716535417,-0.6829268292682933,-1.737451737451734,-3.0476190476190435,3.143418467583503,1.3513513513513598,0.11964107676969092,False,False,False
6258,平田機工,2026-09-02,3400.0,4020.0,4020.0,3486.0,3365.04,295480.0,3390.0,3425.0,3385.0,3425.0,21900.0,0.7352941176470562,-0.2941176470588225,1.0324483775811188,-14.800995024875618,-14.800995024875618,17.372262773722635,0.0,0.07411669148504128,True,False,False
6262,ＰＥＧＡＳＵＳ,2026-09-02,526.0,552.0,563.0,536.6,534.56,41220.0,521.0,524.0,520.0,520.0,6500.0,-1.1406844106463865,-0.9505703422053258,-0.19193857965451588,-5.797101449275366,-7.637655417406752,8.269230769230763,1.9927536231884035,0.1576904415332363,False,False,False
6264,マルマエ,2026-09-02,1870.0,2315.0,2315.0,1998.0,2050.88,589040.0,1860.0,1911.0,1858.0,1911.0,56600.0,2.1925133689839615,-0.5347593582887722,2.741935483870961,-17.451403887688986,-17.451403887688986,21.140763997906852,0.0,0.09608855086242021,True,False,False
6265,コンバム,2026-09-02,3060.0,4155.0,4155.0,3083.0,3213.6,4600.0,3090.0,3090.0,3025.0,3035.0,1800.0,-0.8169934640522847,0.9803921568627416,-1.7799352750809017,-26.955475330926593,-26.955475330926593,36.90280065897858,0.0,0.391304347826087,False,False,False
6266,タツモ,2026-09-02,3315.0,4600.0,5090.0,3483.0,3718.8,241140.0,3350.0,3425.0,3340.0,3400.0,30500.0,2.564102564102555,1.0558069381598756,1.4925373134328401,-26.086956521739136,-33.20235756385069,49.705882352941174,10.652173913043473,0.12648254126233724,True,False,False
6267,ゼネラルパッカー,2026-09-02,4000.0,4065.0,4170.0,4029.0,4000.8,500.0,4040.0,4040.0,4040.0,4040.0,400.0,1.0000000000000009,1.0000000000000009,0.0,-0.6150061500615034,-3.1175059952038398,3.2178217821782207,2.583025830258312,0.8,False,False,False
6268,ナブテスコ,2026-09-02,4325.0,5082.0,5090.0,4561.8,4687.08,1086180.0,4399.0,4452.0,4392.0,4433.0,88600.0,2.497109826589594,1.7109826589595478,0.7729029324846648,-12.770562770562766,-12.907662082514737,14.820663207759988,0.15741833923652582,0.08157027380360529,True,False,False
6269,三井海洋開発,2026-09-02,9220.0,11185.0,11185.0,9673.4,10005.0,616480.0,9300.0,9337.0,9182.0,9210.0,144900.0,-0.10845986984815426,0.8676789587852562,-0.9677419354838679,-17.65757711220385,-17.65757711220385,21.444082519001096,0.0,0.23504412146379444,False,False,False
6272,レオン自動機,2026-09-02,1548.0,1582.0,1582.0,1565.2,1533.92,76280.0,1541.0,1548.0,1536.0,1538.0,18200.0,-0.6459948320413411,-0.45219638242893767,-0.1946787800129801,-2.7812895069532217,-2.7812895069532217,2.860858257477239,0.0,0.23859465128474042,False,False,False
6273,ＳＭＣ,2026-09-02,66500.0,82580.0,82580.0,69676.0,72449.6,250960.0,66980.0,67500.0,66730.0,67380.0,24200.0,1.3233082706766819,0.7218045112781901,0.5971931919976026,-18.40639379995156,-18.40639379995156,22.558622736717137,0.0,0.0964297099139305,True,False,False
6276,シリウスビジョン,2026-09-02,353.0,452.0,452.0,358.0,348.16,107340.0,369.0,374.0,368.0,374.0,12700.0,5.9490084985835745,4.532577903682711,1.3550135501354976,-17.256637168141598,-17.256637168141598,20.85561497326203,0.0,0.11831563256940562,True,False,False
6277,ホソカワミクロン,2026-09-02,5310.0,5620.0,5620.0,5498.0,5235.4,38660.0,5450.0,5450.0,5370.0,5380.0,5500.0,1.3182674199623268,2.6365348399246757,-1.2844036697247652,-4.270462633451954,-4.270462633451954,4.4609665427509215,0.0,0.14226590791515778,False,False,False
6278,ユニオンツール,2026-09-02,13220.0,19490.0,19490.0,14050.0,15445.6,220940.0,13340.0,13530.0,13330.0,13490.0,16900.0,2.04236006051437,0.9077155824508409,1.1244377811094441,-30.785017957927142,-30.785017957927142,44.47739065974796,0.0,0.07649135511903685,True,False,False
6279,瑞光,2026-09-02,920.0,952.0,952.0,927.0,927.56,22920.0,914.0,921.0,914.0,918.0,1000.0,-0.21739130434782483,-0.6521739130434745,0.4376367614879584,-3.57142857142857,-3.57142857142857,3.703703703703698,0.0,0.04363001745200698,True,False,False
6282,オイレス工業,2026-09-02,2900.0,2998.0,2998.0,2940.0,2911.76,116160.0,2892.0,2892.0,2858.0,2868.0,32100.0,-1.1034482758620734,-0.27586206896551557,-0.8298755186721962,-4.3362241494329545,-4.3362241494329545,4.532775453277549,0.0,0.27634297520661155,False,False,False
6284,日精エー・エス・ビー機械,2026-09-02,8410.0,10160.0,10160.0,8802.0,9077.6,24600.0,8610.0,8800.0,8600.0,8620.0,9500.0,2.4970273483947647,2.378121284185486,0.11614401858304202,-15.157480314960626,-15.157480314960626,17.865429234338738,0.0,0.3861788617886179,True,False,False
6286,靜甲,2026-09-02,1499.0,1528.0,1528.0,1508.6,1456.36,3860.0,1543.0,1543.0,1540.0,1540.0,300.0,2.735156771180791,2.9352901934623032,-0.19442644199610948,0.7853403141361293,0.7853403141361293,-0.7792207792207795,0.0,0.07772020725388601,False,True,True
6287,サトー,2026-09-02,2805.0,2950.0,2950.0,2847.6,2702.52,114560.0,2780.0,2782.0,2757.0,2760.0,11000.0,-1.6042780748663055,-0.89126559714795,-0.7194244604316502,-6.440677966101694,-6.440677966101694,6.884057971014501,0.0,0.0960195530726257,False,False,False
6289,技研製作所,2026-09-02,1833.0,2007.0,2007.0,1921.0,1928.68,117580.0,1880.0,1884.0,1867.0,1873.0,8400.0,2.1822149481723896,2.564102564102555,-0.37234042553191404,-6.676631788739407,-6.676631788739407,7.154297917778973,0.0,0.07144072121109032,False,False,False
6291,日本エアーテック,2026-09-02,1341.0,1420.0,1420.0,1377.2,1353.92,28720.0,1342.0,1349.0,1336.0,1338.0,3800.0,-0.22371364653244186,0.07457121551082135,-0.29806259314456574,-5.7746478873239475,-5.7746478873239475,6.128550074738426,0.0,0.13231197771587744,False,False,False
6292,カワタ,2026-09-02,856.0,866.0,866.0,855.2,843.12,2880.0,855.0,855.0,855.0,855.0,200.0,-0.1168224299065379,-0.1168224299065379,0.0,-1.2702078521939941,-1.2702078521939941,1.2865497076023358,0.0,0.06944444444444445,False,False,False
6294,オカダアイヨン,2026-09-02,1960.0,2022.0,2037.0,1976.2,1971.0,32040.0,1959.0,1961.0,1953.0,1954.0,6200.0,-0.3061224489795955,-0.05102040816326037,-0.2552322613578406,-3.3630069238377858,-4.0746195385370605,4.24769703172978,0.7418397626112849,0.19350811485642946,False,False,False
6298,ワイエイシイホールディングス,2026-09-02,1264.0,1394.0,1394.0,1305.6,1264.32,143860.0,1252.0,1264.0,1251.0,1262.0,17100.0,-0.15822784810126667,-0.9493670886076,0.7987220447284393,-9.469153515064566,-9.469153515064566,10.459587955625981,0.0,0.11886556374252746,True,False,False
6301,小松製作所,2026-09-02,7400.0,7636.0,7636.0,7488.8,7256.96,2769280.0,7580.0,7616.0,7391.0,7417.0,552000.0,0.22972972972972183,2.43243243243243,-2.1503957783641114,-2.867993713986383,-2.867993713986383,2.9526762842119414,0.0,0.19932978969262768,False,False,False
6302,住友重機械工業,2026-09-02,5499.0,6131.0,6131.0,5705.4,5716.0,809440.0,5879.0,5892.0,5721.0,5734.0,140300.0,4.2735042735042805,6.910347335879252,-2.4664058513352627,-6.475289512314464,-6.475289512314464,6.92361353331008,0.0,0.17332970942874085,False,False,False
6305,日立建機,2026-09-02,5814.0,6043.0,6043.0,5825.2,5630.84,1856420.0,6030.0,6080.0,5912.0,5926.0,228000.0,1.9263845889232911,3.7151702786377694,-1.7247097844112824,-1.9361244415025625,-1.9361244415025625,1.9743503206209878,0.0,0.12281703493821441,False,False,False
6306,日工,2026-09-02,1002.0,1053.0,1053.0,1021.2,1008.2,110140.0,997.0,1003.0,995.0,997.0,19100.0,-0.4990019960079861,-0.4990019960079861,0.0,-5.3181386514719815,-5.3181386514719815,5.616850551654973,0.0,0.17341565280552024,False,False,False
6307,サンセイ,2026-09-02,489.0,503.0,503.0,488.4,478.68,13620.0,493.0,493.0,493.0,493.0,600.0,0.8179959100204526,0.8179959100204526,0.0,-1.988071570576544,-1.988071570576544,2.0283975659229236,0.0,0.04405286343612335,False,False,False
6309,巴工業,2026-09-02,2055.0,2079.0,2079.0,2061.2,1977.96,98520.0,2044.0,2059.0,2036.0,2043.0,13300.0,-0.5839416058394109,-0.5352798053527952,-0.04892367906066397,-1.7316017316017285,-1.7316017316017285,1.7621145374449254,0.0,0.13499796995533903,False,False,False
6310,井関農機,2026-09-02,1954.0,2017.0,2017.0,1880.6,1840.92,151380.0,2000.0,2044.0,1975.0,1990.0,49900.0,1.84237461617196,2.3541453428863823,-0.5000000000000004,-1.3386217154189417,-1.3386217154189417,1.3567839195979925,0.0,0.3296340335579337,False,False,False
6315,ＴＯＷＡ,2026-09-02,2193.0,3030.0,3120.0,2290.8,2464.52,3607540.0,2210.0,2231.0,2196.0,2230.0,326300.0,1.6871865025079869,0.7751937984496138,0.9049773755656076,-26.4026402640264,-28.525641025641026,39.9103139013453,2.970297029702973,0.09044944754597316,True,False,False
6316,丸山製作所,2026-09-02,3030.0,3095.0,3095.0,3033.0,2869.6,5320.0,2999.0,3005.0,2972.0,2972.0,1200.0,-1.9141914191419196,-1.0231023102310277,-0.9003001000333466,-3.9741518578352175,-3.9741518578352175,4.138627187079402,0.0,0.22556390977443608,False,False,False
6317,北川鉄工所,2026-09-02,1789.0,1920.0,1920.0,1821.8,1790.36,25340.0,1785.0,1790.0,1783.0,1784.0,2000.0,-0.27948574622693734,-0.22358859698154987,-0.056022408963585235,-7.08333333333333,-7.08333333333333,7.623318385650224,0.0,0.07892659826361484,False,False,False
6322,タクミナ,2026-09-02,1580.0,1618.0,1618.0,1581.0,1587.2,1460.0,1582.0,1582.0,1582.0,1582.0,300.0,0.12658227848101333,0.12658227848101333,0.0,-2.224969097651419,-2.224969097651419,2.2756005056890016,0.0,0.2054794520547945,False,False,False
6323,ローツェ,2026-09-02,3817.0,4524.0,4865.0,3999.2,4032.96,1133120.0,3754.0,3778.0,3718.0,3778.0,118900.0,-1.0217448257794026,-1.6505108724128914,0.6393180607352056,-16.48983200707339,-22.34326824254882,28.771836950767593,7.537577365163561,0.10493151652075684,True,False,False
6324,ハーモニック・ドライブ・システムズ,2026-09-02,5320.0,7480.0,7480.0,5654.0,6125.2,870560.0,5440.0,5610.0,5390.0,5610.0,184800.0,5.451127819548862,2.2556390977443552,3.125,-25.0,-25.0,33.33333333333333,0.0,0.21227715493475463,True,False,False
6325,タカキタ,2026-09-02,416.0,421.0,421.0,418.0,410.4,5480.0,416.0,416.0,415.0,415.0,900.0,-0.24038461538461453,0.0,-0.24038461538461453,-1.4251781472684133,-1.4251781472684133,1.4457831325301207,0.0,0.16423357664233576,False,False,False
6326,クボタ,2026-09-02,2951.5,3004.0,3004.0,2910.7,2752.7,6150180.0,3038.0,3043.0,2974.0,2984.0,919300.0,1.1011350160935018,2.9307131966796574,-1.7774851876234399,-0.665778961384822,-0.665778961384822,0.6702412868632601,0.0,0.14947529990992134,False,False,False
6327,北川精機,2026-09-02,3010.0,4110.0,4670.0,3121.0,3259.0,232820.0,3050.0,3110.0,3025.0,3060.0,19000.0,1.661129568106312,1.3289036544850585,0.3278688524590123,-25.547445255474454,-34.47537473233405,52.61437908496731,13.625304136253046,0.08160810926896314,True,False,False
6328,荏原実業,2026-09-02,2376.0,2602.0,2602.0,2397.4,2383.0,67720.0,2373.0,2385.0,2370.0,2385.0,4300.0,0.37878787878788955,-0.12626262626262985,0.5056890012642201,-8.339738662567253,-8.339738662567253,9.098532494758915,0.0,0.06349675132900177,True,False,False
6330,東洋エンジニアリング,2026-09-02,2499.0,2837.0,2837.0,2642.2,2329.72,8639240.0,2627.0,2630.0,2524.0,2532.0,1160100.0,1.3205282112845218,5.122048819527802,-3.6162923486867116,-10.75079309129362,-10.75079309129362,12.045813586097953,0.0,0.13428264523268252,False,False,False
6331,三菱化工機,2026-09-02,3160.0,3405.0,3425.0,3263.0,3220.8,144660.0,3210.0,3230.0,3175.0,3180.0,11800.0,0.6329113924050667,1.5822784810126667,-0.9345794392523366,-6.607929515418498,-7.153284671532845,7.704402515723263,0.5873715124816492,0.08157057928936817,False,False,False
6332,月島ホールディングス,2026-09-02,2757.0,2868.0,2868.0,2803.6,2753.8,89040.0,2802.0,2806.0,2766.0,2774.0,8400.0,0.6166122597025758,1.6322089227421177,-0.9992862241256284,-3.2775453277545274,-3.2775453277545274,3.388608507570301,0.0,0.09433962264150944,False,False,False
6333,ＴＥＩＫＯＫＵ,2026-09-02,3315.0,3540.0,3540.0,3397.0,3345.6,29300.0,3390.0,3400.0,3355.0,3360.0,7700.0,1.3574660633484115,2.262443438914019,-0.8849557522123908,-5.0847457627118615,-5.0847457627118615,5.35714285714286,0.0,0.2627986348122867,False,False,False
6334,明治機械,2026-09-02,500.0,520.0,520.0,504.2,496.64,10480.0,490.0,490.0,490.0,490.0,800.0,-2.0000000000000018,-2.0000000000000018,0.0,-5.769230769230771,-5.769230769230771,6.1224489795918435,0.0,0.07633587786259542,False,False,False
6335,東京機械製作所,2026-09-02,575.0,739.0,739.0,588.6,634.12,39960.0,598.0,604.0,598.0,603.0,8000.0,4.869565217391303,4.0000000000000036,0.8361204013378032,-18.40324763193505,-18.40324763193505,22.55389718076286,0.0,0.2002002002002002,True,False,False
6336,石井表記,2026-09-02,1835.0,1850.0,1868.0,1784.6,1658.52,51220.0,1850.0,1880.0,1837.0,1855.0,4200.0,1.089918256130784,0.8174386920980936,0.2702702702702675,0.2702702702702675,-0.6959314775160652,0.7008086253369239,0.972972972972963,0.08199921905505662,True,True,False
6337,テセック,2026-09-02,3415.0,3620.0,3620.0,3338.0,3226.44,45240.0,3400.0,3450.0,3400.0,3445.0,5200.0,0.8784773060029227,-0.43923865300146137,1.3235294117647012,-4.83425414364641,-4.83425414364641,5.079825834542806,0.0,0.11494252873563218,True,False,False
6338,タカトリ,2026-09-02,1630.0,1797.0,1797.0,1655.0,1621.92,10900.0,1633.0,1645.0,1633.0,1645.0,500.0,0.9202453987730008,0.18404907975460016,0.7348438456827866,-8.458542014468563,-8.458542014468563,9.240121580547122,0.0,0.045871559633027525,True,False,False
6339,新東工業,2026-09-02,1200.0,1286.0,1286.0,1203.8,1204.64,118380.0,1200.0,1201.0,1193.0,1194.0,22400.0,-0.5000000000000004,0.0,-0.5000000000000004,-7.153965785381022,-7.153965785381022,7.705192629815749,0.0,0.18922115222165906,False,False,False
6340,澁谷工業,2026-09-02,5260.0,5650.0,5650.0,5358.0,4919.2,86440.0,5290.0,5300.0,5240.0,5260.0,18000.0,0.0,0.5703422053231932,-0.5671077504725952,-6.902654867256642,-6.902654867256642,7.414448669201512,0.0,0.20823692734844979,False,False,False
6342,太平製作所,2026-09-02,3005.0,3125.0,3125.0,2963.0,2954.04,1580.0,3020.0,3020.0,2951.0,2968.0,900.0,-1.2312811980033311,0.4991680532445919,-1.7218543046357615,-5.023999999999996,-5.023999999999996,5.289757412398921,0.0,0.569620253164557,False,False,False
6343,フリージア・マクロス,2026-09-02,151.0,154.0,154.0,152.0,148.68,45660.0,149.0,149.0,149.0,149.0,6900.0,-1.3245033112582738,-1.3245033112582738,0.0,-3.2467532467532423,-3.2467532467532423,3.3557046979865834,0.0,0.15111695137976347,False,False,False
6345,アイチ　コーポレーション,2026-09-02,1447.0,1488.0,1488.0,1460.0,1429.96,348000.0,1465.0,1467.0,1458.0,1464.0,11400.0,1.1748445058742174,1.2439530062197557,-0.06825938566552558,-1.6129032258064502,-1.6129032258064502,1.6393442622950838,0.0,0.032758620689655175,False,False,False
6346,キクカワエンタープライズ,2026-09-02,5700.0,5940.0,5940.0,5764.0,5796.4,100.0,5650.0,5650.0,5650.0,5650.0,100.0,-0.8771929824561431,-0.8771929824561431,0.0,-4.882154882154888,-4.882154882154888,5.132743362831849,0.0,1.0,False,False,False
6347,プラコー,2026-09-02,252.0,282.0,282.0,261.0,257.48,15840.0,249.0,249.0,247.0,247.0,1200.0,-1.9841269841269882,-1.1904761904761862,-0.8032128514056214,-12.411347517730498,-12.411347517730498,14.170040485829949,0.0,0.07575757575757576,False,False,False
6349,小森コーポレーション,2026-09-02,2008.0,2071.0,2071.0,2036.2,1945.96,142220.0,2013.0,2017.0,2000.0,2005.0,13500.0,-0.14940239043824688,0.2490039840637559,-0.3974167908594173,-3.1868662481892795,-3.1868662481892795,3.2917705735660885,0.0,0.09492335817747152,False,False,False
6351,鶴見製作所,2026-09-02,2491.0,2629.0,2629.0,2511.2,2377.04,62040.0,2600.0,2600.0,2544.0,2581.0,7200.0,3.6130068245684432,4.375752709755121,-0.7307692307692348,-1.825789273488021,-1.825789273488021,1.8597442851607804,0.0,0.11605415860735009,False,False,False
6356,日本ギア工業,2026-09-02,1299.0,1429.0,1438.0,1328.4,1331.96,78640.0,1293.0,1312.0,1293.0,1296.0,11600.0,-0.2309468822170868,-0.46189376443418473,0.23201856148491462,-9.3072078376487,-9.874826147426985,10.956790123456784,0.6298110566830051,0.14750762970498474,True,False,False
6357,三精テクノロジーズ,2026-09-02,2651.0,2835.0,2835.0,2747.6,2564.24,58160.0,2654.0,2654.0,2617.0,2622.0,3400.0,-1.093926820067903,0.11316484345529343,-1.2057272042200418,-7.513227513227516,-7.513227513227516,8.123569794050333,0.0,0.05845942228335626,False,False,False
6358,酒井重工業,2026-09-02,2145.0,2209.0,2219.0,2161.4,2165.16,34080.0,2157.0,2165.0,2150.0,2150.0,3000.0,0.2331002331002363,0.5594405594405494,-0.3245248029670855,-2.6708918062471665,-3.109508787742221,3.209302325581387,0.45269352648256156,0.0880281690140845,False,False,False
6360,東京自働機械製作所,2026-09-02,4600.0,4930.0,4930.0,4651.0,4661.6,500.0,4730.0,4740.0,4730.0,4740.0,500.0,3.04347826086957,2.826086956521734,0.21141649048626032,-3.8539553752535483,-3.8539553752535483,4.008438818565407,0.0,1.0,True,False,False
6361,荏原製作所,2026-09-02,4360.0,6048.0,6048.0,4624.0,5243.24,3647640.0,4320.0,4423.0,4315.0,4373.0,666800.0,0.2981651376146699,-0.917431192660545,1.2268518518518512,-27.695105820105827,-27.695105820105827,38.303224331122806,0.0,0.18280312750161748,True,False,False
6363,酉島製作所,2026-09-02,2849.0,3495.0,3495.0,2988.8,3049.16,188220.0,2959.0,3050.0,2948.0,2964.0,80200.0,4.0365040365040405,3.8610038610038533,0.16897600540723978,-15.193133047210306,-15.193133047210306,17.914979757085025,0.0,0.42609712039103176,True,False,False
6364,ＡＩＲＭＡＮ,2026-09-02,2483.0,2778.0,2788.0,2572.8,2544.6,67560.0,2458.0,2472.0,2450.0,2462.0,8100.0,-0.8457511075312119,-1.0068465565847728,0.16273393002441683,-11.37508999280058,-11.692969870875181,13.241267262388302,0.3599712023038215,0.11989342806394317,True,False,False
6365,電業社機械製作所,2026-09-02,5710.0,5770.0,5770.0,5674.0,5520.0,620.0,5640.0,5640.0,5620.0,5620.0,300.0,-1.5761821366024553,-1.2259194395796813,-0.35460992907800915,-2.5996533795493937,-2.5996533795493937,2.6690391459074814,0.0,0.4838709677419355,False,False,False
6366,千代田化工建設,2026-09-02,709.0,749.0,749.0,724.0,697.84,1918360.0,707.0,709.0,695.0,697.0,445200.0,-1.6925246826516194,-0.28208744710860323,-1.4144271570014189,-6.942590120160219,-6.942590120160219,7.46054519368724,0.0,0.23207322921662255,False,False,False
6367,ダイキン工業,2026-09-02,20770.0,22390.0,24720.0,20920.0,21717.4,1172480.0,20820.0,20900.0,20525.0,20535.0,243600.0,-1.1314395763119878,0.2407318247472423,-1.368876080691639,-8.284948637784728,-16.929611650485434,20.379839298758217,10.40643144260831,0.20776473799126638,False,False,False
6368,オルガノ,2026-09-02,12490.0,15675.0,16245.0,12976.0,13858.8,200300.0,12510.0,12575.0,12425.0,12500.0,19100.0,0.08006405124099114,0.16012810248198228,-0.07993605115906854,-20.25518341307815,-23.053247152970147,29.960000000000008,3.6363636363636376,0.09535696455317025,False,False,False
6369,トーヨーカネツ,2026-09-02,2437.0,2540.0,2540.0,2484.6,2467.68,64540.0,2435.0,2441.0,2422.0,2426.0,13300.0,-0.45137464095198476,-0.08206811653672652,-0.3696098562628314,-4.488188976377949,-4.488188976377949,4.699093157460843,0.0,0.20607375271149675,False,False,False
6370,栗田工業,2026-09-02,7704.0,9212.0,9232.0,8025.0,8356.44,558960.0,7851.0,7851.0,7674.0,7704.0,118100.0,0.0,1.908099688473519,-1.8723729461215144,-16.369952236213635,-16.551126516464475,19.833852544132924,0.21710811984367862,0.21128524402461715,False,False,False
6371,椿本チエイン,2026-09-02,2668.0,2766.0,2766.0,2707.6,2675.96,183660.0,2681.0,2702.0,2679.0,2686.0,13000.0,0.6746626686656709,0.4872563718140821,0.18649757553150792,-2.8922631959508283,-2.8922631959508283,2.978406552494417,0.0,0.07078296852880323,True,False,False
6376,日機装,2026-09-02,3630.0,4530.0,4530.0,3763.0,3749.6,805240.0,3575.0,3585.0,3520.0,3540.0,46800.0,-2.4793388429752095,-1.5151515151515138,-0.9790209790209836,-21.85430463576159,-21.85430463576159,27.966101694915245,0.0,0.058119318464060404,False,False,False
6378,木村化工機,2026-09-02,1180.0,1323.0,1323.0,1215.0,1238.16,108860.0,1196.0,1198.0,1181.0,1185.0,16400.0,0.4237288135593209,1.3559322033898313,-0.9197324414715768,-10.430839002267579,-10.430839002267579,11.64556962025316,0.0,0.1506522138526548,False,False,False
6379,レイズネクスト,2026-09-02,2965.0,3215.0,3215.0,3071.0,2945.32,165140.0,2964.0,2973.0,2933.0,2936.0,29900.0,-0.9780775716694778,-0.03372681281619272,-0.9446693657219951,-8.67807153965785,-8.67807153965785,9.502724795640315,0.0,0.181058495821727,False,False,False
6380,オリエンタルチエン工業,2026-09-02,4000.0,4200.0,4355.0,3920.0,3812.4,19060.0,4010.0,4010.0,3970.0,3970.0,500.0,-0.7499999999999951,0.24999999999999467,-0.9975062344139696,-5.476190476190479,-8.840413318025252,9.697732997481111,3.6904761904761996,0.026232948583420776,False,False,False
6381,アネスト岩田,2026-09-02,1943.0,1991.0,1991.0,1966.4,1916.48,82780.0,1971.0,1988.0,1971.0,1978.0,11600.0,1.801338136901709,1.4410705095213583,0.3551496702181689,-0.6529382219989999,-0.6529382219989999,0.6572295247724957,0.0,0.14013046629620682,True,False,False
6382,トリニティ工業,2026-09-02,1243.0,1267.0,1267.0,1252.8,1234.56,13500.0,1248.0,1253.0,1247.0,1247.0,2100.0,0.32180209171359664,0.4022526146419958,-0.08012820512820484,-1.5785319652723007,-1.5785319652723007,1.6038492381716063,0.0,0.15555555555555556,False,False,False
6383,ダイフク,2026-09-02,5557.0,6406.0,6498.0,5734.4,5971.88,1907620.0,5667.0,5667.0,5568.0,5590.0,132800.0,0.5938456001439718,1.9794853338132024,-1.3587436033174471,-12.738058070558855,-13.973530317020622,16.243291592128806,1.4361536059943836,0.06961554187940995,False,False,False
6384,昭和真空,2026-09-02,1707.0,1715.0,1715.0,1703.8,1660.6,13240.0,1720.0,1720.0,1720.0,1720.0,400.0,0.7615700058582364,0.7615700058582364,0.0,0.291545189504383,0.291545189504383,-0.29069767441860517,0.0,0.030211480362537766,False,True,True
6387,サムコ,2026-09-02,8210.0,10950.0,10960.0,8654.0,8977.2,79760.0,8260.0,8500.0,8260.0,8470.0,8200.0,3.166869671132755,0.6090133982947554,2.5423728813559254,-22.648401826484022,-22.71897810218978,29.397874852420316,0.09132420091324533,0.10280842527582748,True,False,False
6390,加藤製作所,2026-09-02,1337.0,1384.0,1384.0,1359.6,1345.44,58040.0,1337.0,1340.0,1326.0,1334.0,33000.0,-0.2243829468960401,0.0,-0.2243829468960401,-3.6127167630057855,-3.6127167630057855,3.748125937031488,0.0,0.5685733976567884,False,False,False
6391,加地テック,2026-09-02,4770.0,4940.0,4940.0,4833.0,4631.0,3120.0,4730.0,4780.0,4730.0,4780.0,300.0,0.20964360587001352,-0.8385744234800874,1.0570824524312794,-3.238866396761131,-3.238866396761131,3.347280334728042,0.0,0.09615384615384616,True,False,False
6392,ヤマダコーポレーション,2026-09-02,7990.0,8100.0,8100.0,7882.0,7659.6,2080.0,7890.0,7890.0,7890.0,7890.0,100.0,-1.251564455569465,-1.251564455569465,0.0,-2.592592592592591,-2.592592592592591,2.6615969581748944,0.0,0.04807692307692308,False,False,False
6393,油研工業,2026-09-02,3065.0,3095.0,3095.0,3059.0,3050.6,1300.0,3025.0,3025.0,3025.0,3025.0,100.0,-1.3050570962479635,-1.3050570962479635,0.0,-2.2617124394184174,-2.2617124394184174,2.3140495867768562,0.0,0.07692307692307693,False,False,False
6395,タダノ,2026-09-02,1368.0,1522.0,1522.0,1397.6,1382.48,467260.0,1420.0,1433.0,1406.0,1411.0,33700.0,3.14327485380117,3.801169590643272,-0.6338028169014076,-7.29303547963206,-7.29303547963206,7.866761162296254,0.0,0.07212258699653298,False,False,False
6400,不二精機,2026-09-02,288.0,297.0,297.0,289.0,282.44,17220.0,290.0,290.0,290.0,290.0,2800.0,0.694444444444442,0.694444444444442,0.0,-2.3569023569023573,-2.3569023569023573,2.4137931034482696,0.0,0.16260162601626016,False,False,False
6402,兼松エンジニアリング,2026-09-02,1607.0,1648.0,1648.0,1608.6,1587.32,2880.0,1585.0,1585.0,1585.0,1585.0,600.0,-1.3690105787181106,-1.3690105787181106,0.0,-3.8228155339805836,-3.8228155339805836,3.974763406940074,0.0,0.20833333333333334,False,False,False
6405,鈴茂器工,2026-09-02,1197.0,1254.0,1254.0,1222.0,1135.8,33700.0,1228.0,1235.0,1224.0,1231.0,9400.0,2.8404344193817987,2.589807852965742,0.24429967426708998,-1.8341307814991992,-1.8341307814991992,1.8683996750609166,0.0,0.2789317507418398,True,False,False
6407,ＣＫＤ,2026-09-02,5120.0,6900.0,6930.0,5416.0,5818.4,548300.0,5190.0,5250.0,5170.0,5220.0,42300.0,1.953125,1.3671875,0.5780346820809301,-24.347826086956527,-24.675324675324674,32.75862068965518,0.43478260869564966,0.07714754696334124,True,False,False
6408,小倉クラッチ,2026-09-02,4300.0,4720.0,4720.0,4291.0,4326.2,1680.0,4250.0,4250.0,4250.0,4250.0,100.0,-1.1627906976744207,-1.1627906976744207,0.0,-9.957627118644064,-9.957627118644064,11.058823529411764,0.0,0.05952380952380952,False,False,False
6412,平和,2026-09-02,2222.0,2257.0,2257.0,2228.8,2178.04,219920.0,2214.0,2223.0,2211.0,2212.0,34400.0,-0.4500450045004545,-0.36003600360036137,-0.09033423667570428,-1.993797075764292,-1.993797075764292,2.0343580470162825,0.0,0.15642051655147327,False,False,False
6413,理想科学工業,2026-09-02,1113.0,1185.0,1185.0,1136.8,1108.64,121720.0,1112.0,1112.0,1102.0,1105.0,11400.0,-0.7187780772686447,-0.08984725965858198,-0.6294964028776939,-6.751054852320671,-6.751054852320671,7.239819004524883,0.0,0.09365757476174827,False,False,False
6417,ＳＡＮＫＹＯ,2026-09-02,2009.0,2037.5,2037.5,2009.5,1930.04,1071600.0,2018.0,2036.5,2012.5,2025.0,79000.0,0.7964161274265802,0.44798407167745413,0.3468780971258578,-0.6134969325153339,-0.6134969325153339,0.6172839506172867,0.0,0.07372153788727137,True,False,False
6418,日本金銭機械,2026-09-02,1220.0,1326.0,1326.0,1253.6,1214.36,133100.0,1222.0,1232.0,1213.0,1221.0,12200.0,0.08196721311475308,0.16393442622950616,-0.08183306055646877,-7.918552036199101,-7.918552036199101,8.5995085995086,0.0,0.09166040570999248,False,False,False
6419,マースグループホールディングス,2026-09-02,3200.0,3255.0,3255.0,3209.0,3164.6,63220.0,3175.0,3200.0,3175.0,3200.0,12000.0,0.0,-0.78125,0.7874015748031482,-1.6897081413210446,-1.6897081413210446,1.7187499999999911,0.0,0.18981335020563114,True,False,False
6420,ガリレイ,2026-09-02,3515.0,3615.0,3615.0,3535.0,3499.0,47940.0,3505.0,3550.0,3505.0,3515.0,2200.0,0.0,-0.2844950213371278,0.28530670470756636,-2.766251728907332,-2.766251728907332,2.8449502133712556,0.0,0.0458906967042136,True,False,False
6424,高見沢サイバネティックス,2026-09-02,901.0,916.0,916.0,900.8,897.64,840.0,901.0,901.0,901.0,901.0,100.0,0.0,0.0,0.0,-1.637554585152834,-1.637554585152834,1.6648168701442811,0.0,0.11904761904761904,False,False,False
6425,ユニバーサルエンターテインメント,2026-09-02,708.0,789.0,789.0,725.6,715.84,144560.0,733.0,739.0,730.0,738.0,12200.0,4.237288135593231,3.5310734463276816,0.6821282401091366,-6.4638783269961975,-6.4638783269961975,6.910569105691056,0.0,0.08439402324294411,True,False,False
6428,オーイズミ,2026-09-02,330.0,332.0,332.0,328.4,323.44,11840.0,324.0,326.0,324.0,326.0,3200.0,-1.2121212121212088,-1.8181818181818188,0.6172839506172867,-1.8072289156626509,-1.8072289156626509,1.8404907975460016,0.0,0.2702702702702703,True,False,False
6430,ダイコク電機,2026-09-02,2510.0,2578.0,2578.0,2539.4,2465.84,35060.0,2500.0,2501.0,2480.0,2480.0,10600.0,-1.195219123505975,-0.3984063745019917,-0.8000000000000007,-3.80139643134213,-3.80139643134213,3.9516129032258096,0.0,0.30233884768967484,False,False,False
6432,竹内製作所,2026-09-02,7320.0,7950.0,7950.0,7596.0,7554.8,236320.0,7520.0,7550.0,7380.0,7410.0,24500.0,1.2295081967213184,2.732240437158473,-1.46276595744681,-6.792452830188678,-6.792452830188678,7.287449392712553,0.0,0.10367298578199052,False,False,False
6433,ヒーハイスト,2026-09-02,1081.0,1230.0,1230.0,1132.8,1008.56,229880.0,1098.0,1110.0,1082.0,1082.0,7400.0,0.09250693802034249,1.5726179463459777,-1.4571948998178486,-12.032520325203254,-12.032520325203254,13.678373382624764,0.0,0.0321907081955803,False,False,False
6436,アマノ,2026-09-02,3966.0,4040.0,4077.0,3982.2,3907.88,237860.0,3982.0,3983.0,3956.0,3969.0,14500.0,0.07564296520423675,0.4034291477559293,-0.3264691109994944,-1.757425742574259,-2.6490066225165587,2.7210884353741527,0.9158415841584056,0.06096022870596149,False,False,False
6440,ＪＵＫＩ,2026-09-02,725.0,763.0,763.0,717.8,635.16,537600.0,736.0,740.0,726.0,731.0,25500.0,0.8275862068965578,1.5172413793103523,-0.6793478260869512,-4.193971166448229,-4.193971166448229,4.377564979480164,0.0,0.04743303571428571,False,False,False
6444,サンデン,2026-09-02,187.0,211.0,211.0,192.0,184.72,82520.0,190.0,190.0,186.0,186.0,6600.0,-0.5347593582887722,1.6042780748663166,-2.1052631578947323,-11.848341232227488,-11.848341232227488,13.440860215053775,0.0,0.07998061076102762,False,False,False
6445,ジャノメ,2026-09-02,1409.0,1470.0,1470.0,1423.4,1393.12,37020.0,1408.0,1408.0,1398.0,1400.0,7100.0,-0.6387508871540049,-0.07097232079489313,-0.5681818181818232,-4.761904761904767,-4.761904761904767,5.000000000000004,0.0,0.1917882225823879,False,False,False
6448,ブラザー工業,2026-09-02,4878.0,5061.0,5061.0,4880.8,4516.08,1103360.0,4934.0,4934.0,4825.0,4836.0,89000.0,-0.8610086100861003,1.1480114801148078,-1.9862180786380246,-4.44576170717249,-4.44576170717249,4.65260545905708,0.0,0.0806627030162413,False,False,False
6454,マックス,2026-09-02,1802.0,1963.0,1963.0,1840.2,1831.76,276480.0,1851.0,1893.0,1851.0,1871.0,43400.0,3.8290788013318533,2.71920088790234,1.080497028633176,-4.6867040244523706,-4.6867040244523706,4.917156600748274,0.0,0.15697337962962962,True,False,False
6455,モリタホールディングス,2026-09-02,2456.0,2544.0,2564.0,2500.6,2434.04,79460.0,2441.0,2443.0,2425.0,2434.0,7100.0,-0.895765472312704,-0.6107491856677472,-0.28676771814829527,-4.323899371069184,-5.070202808112323,5.341002465078071,0.7861635220125729,0.08935313365215203,False,False,False
6457,グローリー,2026-09-02,4639.0,4985.0,4985.0,4812.0,4761.64,250420.0,4603.0,4638.0,4539.0,4573.0,13000.0,-1.4227204138823057,-0.7760293166630738,-0.6517488594394938,-8.264794383149443,-8.264794383149443,9.00940301771267,0.0,0.05191278651864867,False,False,False
6458,新晃工業,2026-09-02,1236.0,1275.0,1275.0,1253.6,1236.84,528360.0,1230.0,1234.0,1229.0,1232.0,16300.0,-0.3236245954692518,-0.4854368932038833,0.1626016260162677,-3.37254901960784,-3.37254901960784,3.490259740259738,0.0,0.03085017790900144,True,False,False
6459,大和冷機工業,2026-09-02,1665.0,1854.0,1854.0,1696.6,1720.12,269880.0,1686.0,1695.0,1676.0,1676.0,4300.0,0.6606606606606613,1.2612612612612706,-0.5931198102016588,-9.600862998921256,-9.600862998921256,10.620525059665864,0.0,0.01593300726248703,False,False,False
6460,セガサミーホールディングス,2026-09-02,3180.0,3198.0,3198.0,3111.8,2854.78,1068500.0,3164.0,3168.0,3138.0,3150.0,90300.0,-0.9433962264150941,-0.5031446540880502,-0.4424778761061954,-1.5009380863039379,-1.5009380863039379,1.5238095238095273,0.0,0.08451099672437998,False,False,False
6463,ＴＰＲ,2026-09-02,1624.0,1644.0,1644.0,1614.0,1543.8,146720.0,1628.0,1628.0,1617.0,1622.0,34500.0,-0.12315270935960854,0.24630541871921707,-0.3685503685503688,-1.338199513381999,-1.338199513381999,1.3563501849568338,0.0,0.23514176663031625,False,False,False
6464,ツバキ・ナカシマ,2026-09-02,343.0,401.0,401.0,338.0,353.76,471920.0,346.0,352.0,346.0,347.0,45600.0,1.1661807580174877,0.8746355685131268,0.28901734104045396,-13.466334164588535,-13.466334164588535,15.56195965417868,0.0,0.09662654687235124,True,False,False
6465,ホシザキ,2026-09-02,5570.0,5818.0,5904.0,5656.8,5690.12,287660.0,5630.0,5668.0,5595.0,5595.0,48900.0,0.4488330341113178,1.077199281867136,-0.6216696269982225,-3.8329322791337272,-5.233739837398376,5.522788203753359,1.4781711928497865,0.16999235208231941,False,False,False
6466,ＴＶＥ,2026-09-02,3765.0,4565.0,4565.0,3851.0,3966.4,8960.0,3770.0,3795.0,3730.0,3760.0,2900.0,-0.13280212483399723,0.13280212483399723,-0.2652519893899252,-17.634173055859804,-17.634173055859804,21.40957446808511,0.0,0.3236607142857143,False,False,False
6467,ニチダイ,2026-09-02,344.0,355.0,355.0,346.8,339.28,3460.0,343.0,343.0,343.0,343.0,1000.0,-0.29069767441860517,-0.29069767441860517,0.0,-3.3802816901408406,-3.3802816901408406,3.498542274052485,0.0,0.28901734104046245,False,False,False
6469,放電精密加工研究所,2026-09-02,2760.0,3250.0,3250.0,2923.8,2842.8,41100.0,2772.0,2819.0,2762.0,2777.0,4800.0,0.6159420289855166,0.43478260869564966,0.18037518037516964,-14.55384615384615,-14.55384615384615,17.03276917536911,0.0,0.11678832116788321,True,False,False
6470,大豊工業,2026-09-02,1114.0,1229.0,1229.0,1131.4,1136.76,63120.0,1120.0,1124.0,1114.0,1115.0,8900.0,0.08976660682227244,0.538599640933568,-0.44642857142856984,-9.275834011391371,-9.275834011391371,10.22421524663677,0.0,0.14100126742712293,False,False,False
6471,日本精工,2026-09-02,1099.0,1219.5,1254.0,1111.0,1139.24,2291480.0,1104.0,1112.5,1092.5,1098.5,327600.0,-0.045495905368519995,0.45495905368517775,-0.49818840579710644,-9.922099220992209,-12.400318979266345,14.155666818388713,2.829028290282909,0.14296437237069493,False,False,False
6472,ＮＴＮ,2026-09-02,373.3999938964844,410.5,410.5,375.75999755859374,381.29999877929686,2686700.0,382.20001220703125,383.5,377.0,378.0,280900.0,1.2319245256310563,2.356726956183741,-1.0989042576890817,-7.917174177831909,-7.917174177831909,8.597883597883605,0.0,0.10455205270406075,False,False,False
6473,ジェイテクト,2026-09-02,2145.0,2236.0,2264.5,2115.4,2115.56,1393100.0,2200.5,2211.0,2158.0,2170.0,192000.0,1.1655011655011593,2.5874125874125964,-1.3860486253124304,-2.951699463327373,-4.1731066460587325,4.354838709677411,1.2745974955277184,0.13782212332208743,False,False,False
6474,不二越,2026-09-02,5430.0,6100.0,6100.0,5588.0,5618.0,69880.0,5450.0,5470.0,5400.0,5420.0,4100.0,-0.18416206261510082,0.36832412523020164,-0.5504587155963248,-11.147540983606552,-11.147540983606552,12.54612546125462,0.0,0.058672009158557525,False,False,False
6479,ミネベアミツミ,2026-09-02,3239.0,4126.0,4126.0,3366.2,3574.52,2504600.0,3240.0,3266.0,3232.0,3261.0,345200.0,0.6792219820932477,0.03087372645877995,0.6481481481481532,-20.964614638875425,-20.964614638875425,26.525605642440976,0.0,0.1378263994250579,True,False,False
6480,日本トムソン,2026-09-02,1724.0,2135.0,2135.0,1769.6,1802.24,754180.0,1689.0,1696.0,1671.0,1684.0,64000.0,-2.3201856148491906,-2.030162412993042,-0.2960331557134377,-21.124121779859482,-21.124121779859482,26.781472684085507,0.0,0.08486037815906017,False,False,False
6481,ＴＨＫ,2026-09-02,6255.0,7989.0,7989.0,6579.4,6926.16,942780.0,6268.0,6296.0,6216.0,6268.0,112700.0,0.20783373301358488,0.20783373301358488,0.0,-21.542120415571407,-21.542120415571407,27.456924058710918,0.0,0.11954008358259616,False,False,False
6482,ＹＵＳＨＩＮ,2026-09-02,725.0,749.0,749.0,732.6,711.76,69200.0,717.0,722.0,717.0,722.0,5700.0,-0.4137931034482789,-1.1034482758620734,0.6973500697350143,-3.604806408544725,-3.604806408544725,3.7396121883656486,0.0,0.08236994219653179,True,False,False
6484,ＫＶＫ,2026-09-02,2226.0,2550.0,2550.0,2240.8,2266.48,2380.0,2228.0,2228.0,2228.0,2228.0,200.0,0.08984725965857088,0.08984725965857088,0.0,-12.627450980392151,-12.627450980392151,14.452423698384198,0.0,0.08403361344537816,False,False,False
6485,前澤給装工業,2026-09-02,1680.0,1716.0,1716.0,1699.2,1643.04,20700.0,1660.0,1663.0,1640.0,1654.0,25200.0,-1.5476190476190421,-1.1904761904761862,-0.3614457831325302,-3.6130536130536184,-3.6130536130536184,3.7484885126964906,0.0,1.2173913043478262,False,False,False
6486,イーグル工業,2026-09-02,3015.0,3120.0,3120.0,3048.0,3016.68,129040.0,3035.0,3055.0,3005.0,3005.0,13900.0,-0.3316749585406287,0.6633499170812573,-0.9884678747940745,-3.685897435897434,-3.685897435897434,3.8269550748752046,0.0,0.10771853688778674,False,False,False
6488,ヨシタケ,2026-09-02,1043.0,1084.0,1084.0,1042.0,1022.68,4400.0,1045.0,1045.0,1037.0,1037.0,1200.0,-0.5752636625119822,0.19175455417066445,-0.7655502392344471,-4.335793357933582,-4.335793357933582,4.532304725168745,0.0,0.2727272727272727,False,False,False
6490,ＰＩＬＬＡＲ,2026-09-02,9300.0,12080.0,12080.0,9882.0,10021.6,113360.0,9320.0,9390.0,9240.0,9330.0,6100.0,0.3225806451612856,0.21505376344086446,0.10729613733906351,-22.76490066225165,-22.76490066225165,29.4748124330118,0.0,0.05381086803105152,True,False,False
6492,岡野バルブ製造,2026-09-02,13300.0,16150.0,16150.0,13918.0,14062.8,8240.0,13490.0,13820.0,13490.0,13820.0,1500.0,3.9097744360902187,1.4285714285714235,2.446256486286136,-14.427244582043341,-14.427244582043341,16.859623733719253,0.0,0.1820388349514563,True,False,False
6493,ＮＩＴＴＡＮ,2026-09-02,500.0,521.0,521.0,510.0,501.52,50080.0,499.0,501.0,498.0,498.0,13200.0,-0.40000000000000036,-0.20000000000000018,-0.2004008016032066,-4.414587332053744,-4.414587332053744,4.61847389558232,0.0,0.26357827476038337,False,False,False
6494,ＮＦＫホールディングス,2026-09-02,97.0,104.0,104.0,96.8,97.8,165560.0,96.0,97.0,96.0,97.0,60500.0,0.0,-1.0309278350515427,1.041666666666674,-6.730769230769229,-6.730769230769229,7.216494845360821,0.0,0.3654264315051945,True,False,False
6495,宮入バルブ製作所,2026-09-02,116.0,141.0,141.0,118.2,122.88,210960.0,114.0,114.0,113.0,114.0,26900.0,-1.7241379310344862,-1.7241379310344862,0.0,-19.14893617021277,-19.14893617021277,23.684210526315795,0.0,0.12751232461130071,False,False,False
6496,中北製作所,2026-09-02,5320.0,5820.0,5820.0,5564.0,5434.0,6140.0,5390.0,5480.0,5390.0,5480.0,300.0,3.007518796992481,1.3157894736842035,1.6697588126159513,-5.841924398625431,-5.841924398625431,6.204379562043805,0.0,0.048859934853420196,True,False,False
6497,ハマイ,2026-09-02,1443.0,1488.0,1488.0,1446.2,1416.84,6360.0,1441.0,1479.0,1420.0,1440.0,6700.0,-0.20790020790020236,-0.1386001386001423,-0.0693962526023606,-3.2258064516129004,-3.2258064516129004,3.3333333333333437,0.0,1.0534591194968554,False,False,False
6498,キッツ,2026-09-02,1870.0,2458.0,2458.0,1912.4,2052.56,665000.0,1866.0,1880.0,1857.0,1866.0,38700.0,-0.21390374331551332,-0.21390374331551332,0.0,-24.084621643612692,-24.084621643612692,31.7256162915327,0.0,0.05819548872180451,False,False,False
6501,日立製作所,2026-09-02,5335.0,5830.0,5830.0,5459.4,5419.4,11205720.0,5425.0,5426.0,5339.0,5342.0,1618800.0,0.1312089971883701,1.6869728209934376,-1.529953917050686,-8.370497427101197,-8.370497427101197,9.135155372519655,0.0,0.14446193551150663,False,False,False
6503,三菱電機,2026-09-02,5276.0,6265.0,6265.0,5518.6,5699.56,6021840.0,5217.0,5272.0,5188.0,5207.0,1569400.0,-1.3078089461713405,-1.1182714177407127,-0.1916810427448734,-16.887470071827615,-16.887470071827615,20.318801613212976,0.0,0.2606180170844792,False,False,False
6504,富士電機,2026-09-02,13005.0,15240.0,15240.0,13714.0,14048.6,633780.0,13135.0,13165.0,12895.0,13015.0,92400.0,0.07689350249904248,0.9996155324875078,-0.9135896459840143,-14.5997375328084,-14.5997375328084,17.095658855167105,0.0,0.145791915175613,False,False,False
6505,東洋電機製造,2026-09-02,2462.0,2492.0,2492.0,2448.0,2407.2,37180.0,2418.0,2435.0,2417.0,2420.0,5600.0,-1.7059301380991099,-1.7871649065800188,0.08271298593878207,-2.8892455858748,-2.8892455858748,2.975206611570247,0.0,0.1506186121570737,True,False,False
6506,安川電機,2026-09-02,4475.0,5639.0,5639.0,4729.8,5033.16,4508840.0,4504.0,4533.0,4476.0,4497.0,450000.0,0.4916201117318497,0.6480446927374262,-0.1554174067495584,-20.251817698173436,-20.251817698173436,25.394707582833,0.0,0.09980394070315203,False,False,False
6507,シンフォニアテクノロジー,2026-09-02,11790.0,15060.0,15060.0,12154.0,12808.0,200360.0,11600.0,11750.0,11560.0,11680.0,23700.0,-0.9329940627650579,-1.6115351993214566,0.6896551724137945,-22.443559096945553,-22.443559096945553,28.93835616438356,0.0,0.11828708325014974,True,False,False
6508,明電舎,2026-09-02,10680.0,12760.0,12760.0,11498.0,11127.6,376680.0,10700.0,10710.0,10430.0,10500.0,30400.0,-1.6853932584269704,0.1872659176029856,-1.869158878504673,-17.711598746081503,-17.711598746081503,21.523809523809522,0.0,0.08070510778379526,False,False,False
6513,オリジン,2026-09-02,1264.0,1390.0,1390.0,1250.0,1179.08,29100.0,1313.0,1314.0,1301.0,1301.0,2300.0,2.927215189873422,3.876582278481022,-0.9139375476009182,-6.402877697841724,-6.402877697841724,6.84089162182937,0.0,0.07903780068728522,False,False,False
6516,山洋電気,2026-09-02,5190.0,6190.0,6190.0,5408.0,5606.8,95460.0,5170.0,5180.0,5150.0,5150.0,5300.0,-0.770712909441229,-0.3853564547206201,-0.3868471953578312,-16.801292407108235,-16.801292407108235,20.19417475728156,0.0,0.05552063691598575,False,False,False
6517,デンヨー,2026-09-02,4030.0,4730.0,4730.0,4144.0,4120.6,59380.0,4010.0,4050.0,3965.0,3990.0,10600.0,-0.992555831265507,-0.496277915632759,-0.4987531172069848,-15.644820295983086,-15.644820295983086,18.54636591478698,0.0,0.17851128326035703,False,False,False
6518,三相電機,2026-09-02,1755.0,2144.0,2144.0,1766.8,1857.72,9760.0,1756.0,1756.0,1733.0,1737.0,1900.0,-1.025641025641022,0.056980056980049376,-1.0820045558086577,-18.983208955223883,-18.983208955223883,23.43120322394934,0.0,0.19467213114754098,False,False,False
6521,オキサイド,2026-09-02,3050.0,3585.0,3585.0,3226.0,3205.24,148820.0,2999.0,3035.0,2994.0,3035.0,19500.0,-0.4918032786885296,-1.6721311475409784,1.200400133377788,-15.341701534170149,-15.341701534170149,18.12191103789127,0.0,0.1310307754334095,True,False,False
6522,アスタリスク,2026-09-02,1365.0,2567.0,2567.0,2015.8,1884.6,3095740.0,1557.0,1590.0,1506.0,1528.0,492100.0,11.941391941391943,14.06593406593406,-1.8625561978163119,-40.47526295286327,-40.47526295286327,67.99738219895288,0.0,0.15896037780950598,False,False,False
6523,ＰＨＣホールディングス,2026-09-02,1497.0,1612.0,1612.0,1550.4,1357.24,795860.0,1470.0,1472.0,1434.0,1436.0,102300.0,-4.074816299265194,-1.8036072144288595,-2.3129251700680253,-10.918114143920599,-10.918114143920599,12.256267409470745,0.0,0.12854019551177343,False,False,False
6524,湖北工業,2026-09-02,4830.0,5360.0,5360.0,5011.0,4757.2,261680.0,4525.0,4720.0,4520.0,4680.0,64700.0,-3.105590062111796,-6.314699792960665,3.4254143646408775,-12.686567164179108,-12.686567164179108,14.529914529914523,0.0,0.2472485478446958,True,False,False
6525,ＫＯＫＵＳＡＩ　ＥＬＥＣＴＲＩＣ,2026-09-02,8327.0,9559.0,9559.0,8661.2,8265.68,9090640.0,8447.0,8460.0,8237.0,8391.0,630400.0,0.7685841239341906,1.4410952323766102,-0.6629572629335834,-12.218851344282877,-12.218851344282877,13.91967584316529,0.0,0.06934605264315824,False,False,False
6526,ソシオネクスト,2026-09-02,1937.5,2147.0,2648.5,1999.2,1996.36,5721980.0,1935.5,1967.0,1935.5,1956.0,485300.0,0.9548387096774302,-0.10322580645161228,1.0591578403513324,-8.896134140661383,-26.146875589956576,35.403885480572605,23.35817419655333,0.08481329889304053,True,False,False
6532,ベイカレント,2026-09-02,7886.0,8270.0,8270.0,8061.4,7508.52,1170560.0,8011.0,8019.0,7881.0,7901.0,101700.0,0.1902104996195808,1.5850874968298179,-1.3731119710398199,-4.461910519951628,-4.461910519951628,4.670294899379823,0.0,0.08688149261891744,False,False,False
6533,Ｏｒｃｈｅｓｔｒａ　Ｈｏｌｄｉｎｇｓ,2026-09-02,1155.0,1267.0,1267.0,1170.4,1203.88,34060.0,1151.0,1154.0,1151.0,1154.0,1500.0,-0.08658008658009031,-0.34632034632035014,0.26064291920069316,-8.91870560378848,-8.91870560378848,9.792027729636054,0.0,0.04403992953611274,True,False,False
6535,アイモバイル,2026-09-02,519.0,531.0,548.0,516.4,504.16,336000.0,516.0,518.0,512.0,517.0,41700.0,-0.3853564547206201,-0.5780346820809301,0.19379844961240345,-2.6365348399246757,-5.6569343065693385,5.996131528046411,3.201506591337089,0.12410714285714286,True,False,False
6537,ＷＡＳＨハウス,2026-09-02,295.0,314.0,314.0,293.6,300.32,31020.0,299.0,299.0,298.0,298.0,900.0,1.016949152542379,1.3559322033898313,-0.33444816053511683,-5.095541401273884,-5.095541401273884,5.369127516778516,0.0,0.029013539651837523,False,False,False
6538,ディスラプターズ,2026-09-02,250.0,281.0,281.0,241.4,245.96,82840.0,248.0,248.0,248.0,248.0,1400.0,-0.8000000000000007,-0.8000000000000007,0.0,-11.743772241992879,-11.743772241992879,13.306451612903224,0.0,0.016900048285852245,False,False,False
6539,ＭＳ－Ｊａｐａｎ,2026-09-02,1005.0,1019.0,1019.0,1012.4,998.8,52100.0,1004.0,1006.0,1000.0,1002.0,5100.0,-0.29850746268657025,-0.09950248756218638,-0.19920318725099584,-1.6683022571148176,-1.6683022571148176,1.696606786427135,0.0,0.09788867562380038,False,False,False
6540,船場,2026-09-02,1521.0,1572.0,1572.0,1531.0,1521.8,6120.0,1530.0,1531.0,1526.0,1526.0,5600.0,0.3287310979618763,0.591715976331364,-0.2614379084967311,-2.9262086513994867,-2.9262086513994867,3.0144167758846763,0.0,0.9150326797385621,False,False,False
6543,日宣,2026-09-02,1200.0,1450.0,1450.0,1226.4,1216.48,6820.0,1218.0,1220.0,1198.0,1198.0,400.0,-0.16666666666667052,1.4999999999999902,-1.6420361247947435,-17.37931034482758,-17.37931034482758,21.035058430717868,0.0,0.05865102639296188,False,False,False
6544,ジャパンエレベーターサービスホールディングス,2026-09-02,1479.5,1658.0,1729.0,1532.8,1568.7,714360.0,1470.5,1475.0,1462.0,1468.5,94300.0,-0.743494423791824,-0.6083136194660388,-0.13600816048963127,-11.429433051869719,-15.066512434933488,17.739189649302013,4.2822677925210995,0.13200627134777984,False,False,False
6545,インターネットインフィニティー,2026-09-02,817.0,907.0,907.0,818.8,843.0,4260.0,811.0,811.0,811.0,811.0,200.0,-0.7343941248470043,-0.7343941248470043,0.0,-10.584343991179711,-10.584343991179711,11.83723797780518,0.0,0.046948356807511735,False,False,False
6546,フルテック,2026-09-02,1155.0,1174.0,1174.0,1157.6,1138.6,1340.0,1160.0,1160.0,1160.0,1160.0,100.0,0.43290043290042934,0.43290043290042934,0.0,-1.1925042589437829,-1.1925042589437829,1.206896551724146,0.0,0.07462686567164178,False,False,False
6547,グリーンズ,2026-09-02,2115.0,2346.0,2346.0,2141.8,2127.96,59240.0,2145.0,2159.0,2131.0,2131.0,2900.0,0.756501182033098,1.4184397163120588,-0.6526806526806483,-9.164535379369143,-9.164535379369143,10.089160018770539,0.0,0.048953409858203914,False,False,False
6548,旅工房,2026-09-02,119.0,125.0,146.0,118.6,111.68,74740.0,120.0,120.0,118.0,118.0,10900.0,-0.8403361344537785,0.8403361344537785,-1.6666666666666718,-5.600000000000005,-19.17808219178082,23.728813559322038,16.799999999999994,0.14583890821514583,False,False,False
6549,ディーエムソリューションズ,2026-09-02,1103.0,1255.0,1255.0,1077.4,1109.04,8280.0,1092.0,1110.0,1090.0,1101.0,3600.0,-0.1813236627379866,-0.9972801450589319,0.8241758241758212,-12.270916334661353,-12.270916334661353,13.987284287011814,0.0,0.43478260869565216,True,False,False
6551,ツナググループ・ホールディングス,2026-09-02,629.0,638.0,638.0,627.8,609.76,19340.0,628.0,633.0,628.0,633.0,3800.0,0.6359300476947549,-0.15898251192368873,0.79617834394905,-0.7836990595611271,-0.7836990595611271,0.789889415481837,0.0,0.19648397104446744,True,False,False
6552,ＧａｍｅＷｉｔｈ,2026-09-02,172.0,179.0,179.0,173.8,173.64,16760.0,175.0,175.0,174.0,175.0,3800.0,1.744186046511631,1.744186046511631,0.0,-2.2346368715083775,-2.2346368715083775,2.285714285714291,0.0,0.22673031026252982,False,False,False
6554,エスユーエス,2026-09-02,1115.0,1132.0,1132.0,1114.2,1069.48,12580.0,1107.0,1107.0,1106.0,1107.0,600.0,-0.7174887892376636,-0.7174887892376636,0.0,-2.2084805653710293,-2.2084805653710293,2.258355916892496,0.0,0.04769475357710652,False,False,False
6555,ＭＳ＆Ｃｏｎｓｕｌｔｉｎｇ,2026-09-02,424.0,430.0,430.0,426.0,422.32,520.0,429.0,429.0,429.0,429.0,400.0,1.1792452830188704,1.1792452830188704,0.0,-0.23255813953488857,-0.23255813953488857,0.2331002331002363,0.0,0.7692307692307693,False,False,False
6557,ＡＩＡＩグループ,2026-09-02,755.0,799.0,799.0,776.6,761.68,17800.0,742.0,746.0,742.0,746.0,3000.0,-1.192052980132452,-1.7218543046357615,0.5390835579514919,-6.633291614518145,-6.633291614518145,7.104557640750664,0.0,0.16853932584269662,True,False,False
6558,クックビズ,2026-09-02,666.0,687.0,741.0,667.8,676.52,3060.0,659.0,659.0,659.0,659.0,300.0,-1.0510510510510551,-1.0510510510510551,0.0,-4.0756914119359555,-11.066126855600544,12.443095599393029,7.860262008733621,0.09803921568627451,False,False,False
6560,エル・ティー・エス,2026-09-02,1824.0,1844.0,1848.0,1776.4,1717.64,43440.0,1832.0,1841.0,1830.0,1831.0,1500.0,0.3837719298245723,0.43859649122806044,-0.05458515283842669,-0.7049891540130138,-0.9199134199134207,0.928454396504641,0.2169197396963085,0.034530386740331494,False,False,False
6561,ＨＡＮＡＴＯＵＲ　ＪＡＰＡＮ,2026-09-02,839.0,862.0,862.0,837.8,822.8,12220.0,837.0,837.0,837.0,837.0,400.0,-0.23837902264600697,-0.23837902264600697,0.0,-2.9002320185614883,-2.9002320185614883,2.9868578255675127,0.0,0.03273322422258593,False,False,False
6562,ジーニー,2026-09-02,912.0,1110.0,1110.0,922.2,965.76,64060.0,933.0,956.0,926.0,952.0,11700.0,4.385964912280693,2.3026315789473673,2.036441586280824,-14.234234234234233,-14.234234234234233,16.596638655462193,0.0,0.18264127380580705,True,False,False
6563,みらいワークス,2026-09-02,453.0,537.0,537.0,463.0,484.96,40940.0,455.0,455.0,455.0,455.0,1000.0,0.44150110375276164,0.44150110375276164,0.0,-15.270018621973925,-15.270018621973925,18.021978021978025,0.0,0.024425989252564728,False,False,False
6564,ミダックホールディングス,2026-09-02,1912.0,2332.0,2332.0,2024.0,2132.92,61920.0,1938.0,1958.0,1924.0,1952.0,7000.0,2.092050209205021,1.3598326359832713,0.7223942208462342,-16.295025728987987,-16.295025728987987,19.467213114754102,0.0,0.11304909560723514,True,False,False
6568,神戸天然物化学,2026-09-02,1231.0,1310.0,1310.0,1235.4,1252.32,2380.0,1243.0,1243.0,1243.0,1243.0,200.0,0.9748172217709072,0.9748172217709072,0.0,-5.114503816793892,-5.114503816793892,5.390185036202744,0.0,0.08403361344537816,False,False,False
6570,共和コーポレーション,2026-09-02,4025.0,4465.0,4465.0,3899.0,3124.88,117680.0,4170.0,4220.0,4120.0,4165.0,3400.0,3.4782608695652195,3.602484472049694,-0.11990407673860837,-6.718924972004481,-6.718924972004481,7.202881152460994,0.0,0.028891910265125765,False,False,False
6571,キュービーネットホールディングス,2026-09-02,1317.0,1349.0,1349.0,1311.2,1303.28,66520.0,1304.0,1304.0,1298.0,1300.0,8500.0,-1.2908124525436548,-0.9870918754745661,-0.30674846625766694,-3.6323202372127494,-3.6323202372127494,3.769230769230769,0.0,0.12778111846061335,False,False,False
6572,オープングループ,2026-09-02,273.0,302.0,302.0,284.2,258.88,332720.0,267.0,270.0,266.0,270.0,48100.0,-1.098901098901095,-2.197802197802201,1.1235955056179803,-10.596026490066224,-10.596026490066224,11.851851851851848,0.0,0.1445660014426545,True,False,False
6573,ＣＲＡＶＩＡ,2026-09-02,29.0,31.0,31.0,29.8,27.72,648160.0,28.0,28.0,27.0,28.0,120100.0,-3.4482758620689613,-3.4482758620689613,0.0,-9.677419354838712,-9.677419354838712,10.71428571428572,0.0,0.1852937546284868,False,False,False
6574,コンヴァノ,2026-09-02,122.0,140.0,140.0,117.6,104.64,998200.0,123.0,125.0,123.0,124.0,241200.0,1.6393442622950838,0.8196721311475308,0.8130081300812941,-11.428571428571432,-11.428571428571432,12.903225806451623,0.0,0.241634942897215,True,False,False
6577,ベストワンドットコム,2026-09-02,1962.0,1997.0,2389.0,1960.4,1941.44,2720.0,1972.0,1972.0,1972.0,1972.0,100.0,0.5096839959225274,0.5096839959225274,0.0,-1.2518778167250888,-17.45500209292591,21.14604462474645,19.629444166249364,0.03676470588235294,False,False,False
6578,コレックホールディングス,2026-09-02,471.0,510.0,510.0,481.0,496.2,16060.0,506.0,510.0,481.0,481.0,19600.0,2.123142250530785,7.430997876857748,-4.940711462450597,-5.686274509803924,-5.686274509803924,6.029106029106024,0.0,1.2204234122042341,False,False,False
6579,ログリー,2026-09-02,349.0,370.0,370.0,351.2,353.2,3180.0,350.0,357.0,345.0,347.0,1100.0,-0.5730659025787954,0.2865329512893977,-0.8571428571428563,-6.216216216216219,-6.216216216216219,6.628242074927959,0.0,0.34591194968553457,False,False,False
6580,ライトアップ,2026-09-02,887.0,1019.0,1019.0,917.0,857.0,39840.0,873.0,873.0,873.0,873.0,300.0,-1.5783540022547893,-1.5783540022547893,0.0,-14.327772325809619,-14.327772325809619,16.72394043528065,0.0,0.007530120481927711,False,False,False
6584,三櫻工業,2026-09-02,767.0,885.0,885.0,780.6,805.6,427640.0,755.0,758.0,753.0,757.0,53200.0,-1.3037809647979182,-1.5645371577574951,0.26490066225166586,-14.46327683615819,-14.46327683615819,16.90885072655217,0.0,0.12440370405013562,True,False,False
6586,マキタ,2026-09-02,5245.0,5522.0,5895.0,5307.2,5345.4,864360.0,5324.0,5332.0,5261.0,5278.0,65800.0,0.6291706387035356,1.506196377502378,-0.8640120210368196,-4.418688880840271,-10.466497031382527,11.690034103827207,6.754798985874677,0.07612568837058634,False,False,False
6588,東芝テック,2026-09-02,2971.0,3450.0,3450.0,3122.2,3140.96,130020.0,2988.0,2998.0,2973.0,2973.0,9300.0,0.06731740154830579,0.5721979131605437,-0.5020080321285092,-13.826086956521744,-13.826086956521744,16.0443995963673,0.0,0.07152745731425934,False,False,False
6590,芝浦メカトロニクス,2026-09-02,3830.0,5330.0,5690.0,4014.0,4274.2,1335620.0,3790.0,3880.0,3785.0,3875.0,113000.0,1.1749347258485532,-1.0443864229765065,2.242744063324542,-27.29831144465291,-31.89806678383128,46.83870967741937,6.7542213883677205,0.08460490259205462,True,False,False
6592,マブチモーター,2026-09-02,1736.5,1824.5,1824.5,1758.9,1718.04,1343640.0,1753.0,1757.5,1737.5,1744.5,123300.0,0.4606968039159165,0.9501871580765986,-0.484883057615515,-4.384762948753085,-4.384762948753085,4.585841215247921,0.0,0.09176565151379834,False,False,False
6594,ニデック,2026-09-02,2480.0,2847.0,2847.0,2572.2,2659.04,3337560.0,2497.0,2522.0,2488.0,2512.0,423700.0,1.2903225806451646,0.6854838709677402,0.6007208650380402,-11.766772040744645,-11.766772040744645,13.335987261146487,0.0,0.12694902863169502,True,False,False
6597,ＨＰＣシステムズ,2026-09-02,3385.0,3895.0,3895.0,3580.0,3438.4,145840.0,3465.0,3520.0,3465.0,3510.0,2900.0,3.692762186115206,2.363367799113747,1.298701298701288,-9.884467265725295,-9.884467265725295,10.96866096866096,0.0,0.01988480526604498,True,False,False
6599,エブレン,2026-09-02,3345.0,3545.0,3545.0,3384.0,3239.68,2260.0,3695.0,3695.0,3625.0,3625.0,2600.0,8.370702541106123,10.463378176382655,-1.8944519621109657,2.256699576868826,2.256699576868826,-2.2068965517241357,0.0,1.1504424778761062,False,True,True
6612,バルミューダ,2026-09-02,601.0,640.0,654.0,599.8,609.32,4460.0,601.0,601.0,601.0,601.0,1800.0,0.0,0.0,0.0,-6.093749999999998,-8.103975535168196,8.818635607321124,2.187500000000009,0.40358744394618834,False,False,False
6613,ＱＤレーザ,2026-09-02,1913.0,2551.0,2551.0,2131.0,1918.84,2811300.0,1789.0,1882.0,1786.0,1873.0,579100.0,-2.0909566126502854,-6.4819654992158915,4.695360536612636,-26.577812622500986,-26.577812622500986,36.19861185264281,0.0,0.20599011133639242,True,False,False
6614,シキノハイテック,2026-09-02,858.0,935.0,935.0,860.8,872.32,9580.0,871.0,871.0,864.0,868.0,1600.0,1.1655011655011593,1.5151515151515138,-0.3444316877152742,-7.165775401069519,-7.165775401069519,7.7188940092165925,0.0,0.16701461377870563,False,False,False
6615,ユー・エム・シー・エレクトロニクス,2026-09-02,232.0,250.0,259.0,235.8,237.72,55660.0,237.0,240.0,237.0,239.0,8100.0,3.0172413793103425,2.155172413793105,0.8438818565400741,-4.400000000000004,-7.722007722007717,8.368200836820083,3.600000000000003,0.14552641034854474,True,False,False
6616,トレックス・セミコンダクター,2026-09-02,1871.0,2219.0,2219.0,1946.6,1945.92,121760.0,1907.0,1928.0,1901.0,1911.0,13600.0,2.137894174238375,1.9241047568145486,0.20975353959098442,-13.880126182965302,-13.880126182965302,16.117216117216127,0.0,0.1116951379763469,True,False,False
6617,東光高岳,2026-09-02,6680.0,8590.0,8590.0,6986.0,7350.8,93160.0,6780.0,6820.0,6690.0,6740.0,9700.0,0.8982035928143617,1.4970059880239583,-0.5899705014749235,-21.53667054714785,-21.53667054714785,27.44807121661721,0.0,0.10412194074710177,False,False,False
6619,ダブル・スコープ,2026-09-02,153.0,168.0,168.0,157.4,154.48,1939440.0,161.0,167.0,161.0,165.0,1320400.0,7.843137254901955,5.228758169934644,2.4844720496894457,-1.7857142857142905,-1.7857142857142905,1.8181818181818077,0.0,0.6808150806418347,True,False,False
6620,宮越ホールディングス,2026-09-02,695.0,736.0,736.0,701.4,693.92,41200.0,708.0,708.0,704.0,705.0,10500.0,1.4388489208633004,1.8705035971223083,-0.4237288135593209,-4.211956521739135,-4.211956521739135,4.397163120567371,0.0,0.25485436893203883,False,False,False
6622,ダイヘン,2026-09-02,12200.0,15660.0,15660.0,12742.0,13397.2,147280.0,12230.0,12250.0,12110.0,12190.0,14300.0,-0.08196721311475308,0.24590163934425924,-0.3270645952575646,-22.15836526181354,-22.15836526181354,28.465955701394584,0.0,0.09709397066811515,False,False,False
6625,ＪＡＬＣＯホールディングス,2026-09-02,386.0,399.0,399.0,390.0,370.44,244620.0,376.0,377.0,376.0,376.0,29600.0,-2.590673575129532,-2.590673575129532,0.0,-5.7644110275689275,-5.7644110275689275,6.117021276595747,0.0,0.12100400621371923,False,False,False
6626,ＳＥＭＩＴＥＣ,2026-09-02,2200.0,2341.0,2341.0,2219.6,2145.04,10940.0,2334.0,2401.0,2334.0,2400.0,10700.0,9.090909090909083,6.09090909090908,2.8277634961439535,2.5202904741563392,2.5202904741563392,-2.458333333333329,0.0,0.9780621572212066,True,True,True
6627,テラプローブ,2026-09-02,10720.0,13280.0,13280.0,11154.0,11042.0,96240.0,10700.0,11020.0,10700.0,11020.0,10800.0,2.7985074626865725,-0.1865671641791078,2.990654205607468,-17.018072289156628,-17.018072289156628,20.508166969147013,0.0,0.11221945137157108,True,False,False
6629,テクノホライゾン,2026-09-02,977.0,1038.0,1084.0,992.6,972.96,146060.0,978.0,987.0,973.0,980.0,16200.0,0.3070624360286489,0.10235414534287557,0.2044989775051187,-5.587668593448935,-9.594095940959413,10.612244897959178,4.4315992292870865,0.11091332329179789,True,False,False
6630,ヤーマン,2026-09-02,796.0,844.0,844.0,802.2,784.96,161420.0,792.0,797.0,792.0,794.0,12100.0,-0.2512562814070307,-0.5025125628140725,0.2525252525252597,-5.924170616113744,-5.924170616113744,6.297229219143574,0.0,0.07495973237517037,True,False,False
6632,ＪＶＣケンウッド,2026-09-02,1019.5,1060.0,1150.0,1035.9,1030.2519970703124,1056500.0,1011.0,1018.5,995.5,999.5999755859375,188300.0,-1.9519396188388938,-0.8337420304070586,-1.127598854012113,-5.698115510760616,-13.07826299252718,15.046021217227645,8.490566037735858,0.17823000473260767,False,False,False
6633,ＣＧＳホールディングス,2026-09-02,322.0,330.0,333.0,320.2,322.12,5480.0,318.0,320.0,318.0,319.0,3600.0,-0.9316770186335366,-1.2422360248447228,0.3144654088050425,-3.3333333333333326,-4.20420420420421,4.3887147335423204,0.9090909090909038,0.656934306569343,True,False,False
6634,ＪＮグループ,2026-09-02,72.0,76.0,76.0,72.2,69.76,145820.0,72.0,73.0,71.0,71.0,26500.0,-1.388888888888884,0.0,-1.388888888888884,-6.578947368421051,-6.578947368421051,7.042253521126751,0.0,0.18173090111095871,False,False,False
6635,大日光・エンジニアリング,2026-09-02,674.0,768.0,768.0,666.4,661.76,24080.0,662.0,662.0,662.0,662.0,200.0,-1.7804154302670572,-1.7804154302670572,0.0,-13.802083333333337,-13.802083333333337,16.012084592145026,0.0,0.008305647840531562,False,False,False
6637,寺崎電気産業,2026-09-02,4120.0,4485.0,4485.0,4256.0,4158.8,31020.0,4170.0,4260.0,4170.0,4210.0,3600.0,2.184466019417486,1.2135922330097193,0.9592326139088669,-6.131549609810483,-6.131549609810483,6.53206650831355,0.0,0.11605415860735009,True,False,False
6638,ミマキエンジニアリング,2026-09-02,1935.0,2266.0,2266.0,1974.2,2001.16,91620.0,1911.0,1911.0,1880.0,1885.0,11400.0,-2.5839793281653756,-1.2403100775193798,-1.3605442176870763,-16.81376875551632,-16.81376875551632,20.212201591511935,0.0,0.12442698100851342,False,False,False
6643,戸上電機製作所,2026-09-02,5690.0,6220.0,6220.0,5768.0,5693.8,5320.0,5720.0,5820.0,5720.0,5770.0,800.0,1.4059753954305698,0.5272407732864748,0.8741258741258751,-7.234726688102899,-7.234726688102899,7.798960138648181,0.0,0.15037593984962405,True,False,False
6644,大崎電気工業,2026-09-02,1480.0,1618.0,1623.0,1534.8,1527.32,272840.0,1475.0,1478.0,1464.0,1467.0,83400.0,-0.878378378378375,-0.33783783783783994,-0.5423728813559348,-9.33250927070457,-9.611829944547134,10.633946830265838,0.30902348578492056,0.3056736548893124,False,False,False
6645,オムロン,2026-09-02,6235.0,7245.0,7245.0,6521.8,6346.32,1350240.0,6144.0,6171.0,6045.0,6085.0,147400.0,-2.4057738572574205,-1.4595028067361682,-0.960286458333337,-16.01104209799862,-16.01104209799862,19.06327033689401,0.0,0.10916577793577438,False,False,False
6647,森尾電機,2026-09-02,3350.0,3875.0,3875.0,3397.0,3182.28,2260.0,3350.0,3350.0,3350.0,3350.0,100.0,0.0,0.0,0.0,-13.548387096774196,-13.548387096774196,15.671641791044767,0.0,0.04424778761061947,False,False,False
6648,かわでん,2026-09-02,1664.0,2014.0,2014.0,1712.2,1741.32,28400.0,1653.0,1656.0,1640.0,1640.0,4000.0,-1.4423076923076872,-0.6610576923076872,-0.7864488808227432,-18.5700099304866,-18.5700099304866,22.804878048780488,0.0,0.14084507042253522,False,False,False
6651,日東工業,2026-09-02,4310.0,4740.0,4740.0,4398.0,4423.6,67360.0,4295.0,4315.0,4260.0,4285.0,6700.0,-0.5800464037122977,-0.34802784222738303,-0.2328288707799775,-9.599156118143458,-9.599156118143458,10.618436406067676,0.0,0.09946555819477435,False,False,False
6652,ＩＤＥＣ,2026-09-02,3685.0,3975.0,3975.0,3637.0,3628.4,119880.0,3675.0,3685.0,3640.0,3645.0,9000.0,-1.085481682496603,-0.27137042062415073,-0.8163265306122436,-8.301886792452828,-8.301886792452828,9.053497942386834,0.0,0.07507507507507508,False,False,False
6653,正興電機製作所,2026-09-02,2116.0,2446.0,2446.0,2211.0,2195.56,86200.0,2140.0,2160.0,2130.0,2145.0,8200.0,1.3705103969754218,1.1342155009451904,0.2336448598130758,-12.305805396565816,-12.305805396565816,14.03263403263404,0.0,0.0951276102088167,True,False,False
6654,不二電機工業,2026-09-02,1098.0,1114.0,1146.0,1091.4,1095.36,7260.0,1077.0,1093.0,1077.0,1080.0,19500.0,-1.6393442622950838,-1.912568306010931,0.278551532033422,-3.052064631956908,-5.759162303664922,6.111111111111112,2.872531418312385,2.6859504132231407,True,False,False
6656,インスペック,2026-09-02,811.0,1033.0,1147.0,833.2,865.88,43460.0,812.0,821.0,812.0,821.0,3200.0,1.2330456226880449,0.12330456226881115,1.1083743842364546,-20.52274927395934,-28.421970357454228,39.70767356881852,11.035818005808329,0.07363092498849516,True,False,False
6658,シライ電子工業,2026-09-02,453.0,466.0,466.0,459.0,445.92,40940.0,450.0,451.0,448.0,449.0,6800.0,-0.8830022075055233,-0.6622516556291425,-0.22222222222222365,-3.648068669527893,-3.648068669527893,3.786191536748329,0.0,0.16609672691744015,False,False,False
6659,メディアリンクス,2026-09-02,49.0,55.0,59.0,52.2,47.8,4175720.0,48.0,49.0,48.0,48.0,867100.0,-2.0408163265306145,-2.0408163265306145,0.0,-12.727272727272732,-18.644067796610166,22.916666666666675,7.272727272727275,0.20765281197015126,False,False,False
6662,ユビテック,2026-09-02,230.0,241.0,241.0,228.6,222.28,25960.0,232.0,234.0,232.0,234.0,3200.0,1.7391304347825987,0.8695652173912993,0.8620689655172376,-2.904564315352698,-2.904564315352698,2.991452991452981,0.0,0.12326656394453005,True,False,False
6663,太洋テクノレックス,2026-09-02,311.0,335.0,335.0,316.6,304.76,21520.0,310.0,310.0,310.0,310.0,300.0,-0.3215434083601254,-0.3215434083601254,0.0,-7.462686567164178,-7.462686567164178,8.064516129032251,0.0,0.013940520446096654,False,False,False
6664,オプトエレクトロニクス,2026-09-02,261.0,265.0,265.0,256.8,245.36,7140.0,259.0,259.0,259.0,259.0,200.0,-0.7662835249042099,-0.7662835249042099,0.0,-2.264150943396226,-2.264150943396226,2.316602316602312,0.0,0.028011204481792718,False,False,False
6666,リバーエレテック,2026-09-02,781.0,888.0,888.0,805.6,796.4,37260.0,770.0,782.0,770.0,779.0,1700.0,-0.2560819462227859,-1.4084507042253502,1.1688311688311748,-12.274774774774777,-12.274774774774777,13.992297817715027,0.0,0.045625335480407946,True,False,False
6668,アドテック　プラズマ　テクノロジー,2026-09-02,4065.0,4330.0,4330.0,4118.0,3626.92,85180.0,3880.0,3915.0,3865.0,3905.0,5000.0,-3.936039360393606,-4.5510455104551095,0.6443298969072142,-9.815242494226329,-9.815242494226329,10.88348271446864,0.0,0.058699225170227756,True,False,False
6674,ジーエス・ユアサ　コーポレーション,2026-09-02,4985.0,6314.0,6314.0,5254.6,5409.92,610180.0,4980.0,4984.0,4881.0,4906.0,70900.0,-1.5847542627883682,-0.10030090270812808,-1.4859437751004068,-22.299651567944256,-22.299651567944256,28.69955156950672,0.0,0.11619522108230358,False,False,False
6675,サクサ,2026-09-02,2201.0,2217.0,2217.0,2197.4,2117.04,36000.0,2142.0,2159.0,2142.0,2145.0,1900.0,-2.5442980463425746,-2.6805997273966375,0.1400560224089631,-3.247631935047357,-3.247631935047357,3.356643356643363,0.0,0.05277777777777778,True,False,False
6676,ＢＵＦＦＡＬＯ,2026-09-02,3120.0,3190.0,3190.0,3108.0,2883.64,48840.0,3060.0,3075.0,3020.0,3030.0,15100.0,-2.8846153846153855,-1.9230769230769273,-0.9803921568627416,-5.0156739811912265,-5.0156739811912265,5.280528052805278,0.0,0.30917280917280915,False,False,False
6677,エスケーエレクトロニクス,2026-09-02,3200.0,3850.0,3850.0,3260.0,3386.2,104760.0,3200.0,3210.0,3180.0,3185.0,11900.0,-0.46874999999999556,0.0,-0.46874999999999556,-17.272727272727273,-17.272727272727273,20.879120879120872,0.0,0.11359297441771668,False,False,False
6678,テクノメディカ,2026-09-02,2015.0,2199.0,2199.0,2053.8,2073.84,14400.0,2040.0,2040.0,2030.0,2035.0,1800.0,0.992555831265518,1.2406947890818865,-0.2450980392156854,-7.4579354251932735,-7.4579354251932735,8.058968058968063,0.0,0.125,False,False,False
6694,ズーム,2026-09-02,722.0,766.0,766.0,718.4,692.16,12020.0,729.0,729.0,716.0,716.0,2900.0,-0.8310249307479256,0.969529085872578,-1.7832647462277085,-6.5274151436031325,-6.5274151436031325,6.983240223463683,0.0,0.24126455906821964,False,False,False
6696,トラース・オン・プロダクト,2026-09-02,328.0,337.0,337.0,319.0,301.72,12640.0,320.0,320.0,320.0,320.0,3000.0,-2.4390243902439046,-2.4390243902439046,0.0,-5.0445103857566735,-5.0445103857566735,5.312500000000009,0.0,0.23734177215189872,False,False,False
6699,ダイヤモンドエレクトリックホールディングス,2026-09-02,513.0,535.0,535.0,523.8,508.8,84400.0,512.0,517.0,512.0,515.0,10400.0,0.3898635477582957,-0.19493177387914784,0.5859375,-3.738317757009346,-3.738317757009346,3.8834951456310662,0.0,0.12322274881516587,True,False,False
6701,日本電気,2026-09-02,4775.0,5169.0,5169.0,4866.2,4787.52,6898280.0,4799.0,4851.0,4739.0,4759.0,1293900.0,-0.33507853403141885,0.5026178010471227,-0.8335069806209572,-7.931901721803058,-7.931901721803058,8.615255305736502,0.0,0.18756849533506903,False,False,False
6702,富士通,2026-09-02,3801.0,3991.0,3991.0,3854.8,3710.72,6823640.0,3899.0,3916.0,3848.0,3857.0,1136000.0,1.4732965009208066,2.5782688766114115,-1.0771992818671472,-3.3575544976196414,-3.3575544976196414,3.474202748249944,0.0,0.1664800604955713,False,False,False
6703,沖電気工業,2026-09-02,2752.0,3055.0,3425.0,2841.6,2822.48,659720.0,2654.0,2677.0,2633.0,2664.0,140100.0,-3.1976744186046457,-3.5610465116279078,0.37678975131876236,-12.7986906710311,-22.21897810218978,28.566066066066064,12.111292962356801,0.21236282059055356,True,False,False
6706,電気興業,2026-09-02,3295.0,3530.0,3530.0,3329.0,3268.2,22340.0,3280.0,3310.0,3280.0,3300.0,2100.0,0.15174506828528056,-0.4552352048558417,0.6097560975609762,-6.515580736543914,-6.515580736543914,6.969696969696959,0.0,0.09400179051029543,True,False,False
6707,サンケン電気,2026-09-02,6907.0,9100.0,10050.0,7243.2,7976.96,181720.0,6820.0,6827.0,6760.0,6817.0,12500.0,-1.3030259157376545,-1.2595917185464045,-0.04398826979472581,-25.08791208791209,-32.169154228855724,47.425553762652186,10.439560439560447,0.0687871450583315,False,False,False
6718,アイホン,2026-09-02,2852.0,2907.0,2907.0,2873.0,2840.08,20060.0,2854.0,2854.0,2846.0,2846.0,5300.0,-0.21037868162693263,0.07012622720896644,-0.2803083391730854,-2.098383212934296,-2.098383212934296,2.143359100491926,0.0,0.2642073778664008,False,False,False
6721,ウインテスト,2026-09-02,72.0,82.0,82.0,73.2,75.12,196020.0,72.0,73.0,72.0,72.0,12100.0,0.0,0.0,0.0,-12.195121951219512,-12.195121951219512,13.888888888888884,0.0,0.06172839506172839,False,False,False
6723,ルネサスエレクトロニクス,2026-09-02,3211.0,4053.0,4460.0,3342.8,3557.2,10998380.0,3221.0,3273.0,3221.0,3250.0,1742300.0,1.2145748987854255,0.31142946122704185,0.9003415088481903,-19.812484579323954,-27.130044843049326,37.230769230769226,10.04194423883542,0.15841423918795314,True,False,False
6724,セイコーエプソン,2026-09-02,3216.0,3332.0,3332.0,3223.6,3105.9,1463660.0,3229.0,3248.0,3205.0,3217.0,196400.0,0.031094527363184632,0.4042288557214002,-0.3716320842366061,-3.451380552220884,-3.451380552220884,3.574759092322033,0.0,0.13418416845442246,False,False,False
6727,ワコム,2026-09-02,842.0,859.0,859.0,838.0,805.24,518240.0,840.0,847.0,840.0,844.0,53000.0,0.23752969121140222,-0.23752969121140222,0.4761904761904745,-1.74621653084982,-1.74621653084982,1.7772511848341166,0.0,0.1022692188947206,True,False,False
6728,アルバック,2026-09-02,7078.0,9750.0,10300.0,7423.8,8174.08,521700.0,7170.0,7240.0,7110.0,7235.0,53100.0,2.2181407177168655,1.2998022040124235,0.9065550906555142,-25.7948717948718,-29.757281553398062,42.36351071181754,5.641025641025643,0.10178263369752731,True,False,False
6730,アクセル,2026-09-02,1203.0,1339.0,1339.0,1203.2,1145.56,423860.0,1268.0,1298.0,1220.0,1229.0,671000.0,2.1612635078969156,5.403158769742311,-3.075709779179814,-8.215085884988794,-8.215085884988794,8.950366151342548,0.0,1.5830698815646675,False,False,False
6731,ピクセラ,2026-09-02,105.0,115.0,115.0,106.0,107.12,54140.0,106.0,106.0,106.0,106.0,1700.0,0.952380952380949,0.952380952380949,0.0,-7.826086956521738,-7.826086956521738,8.490566037735858,0.0,0.03140007388252678,False,False,False
6736,サン電子,2026-09-02,8890.0,11350.0,11350.0,8744.0,9028.8,43960.0,9040.0,9290.0,9040.0,9270.0,2500.0,4.2744656917885315,1.6872890888638858,2.5442477876106206,-18.325991189427317,-18.325991189427317,22.43797195253505,0.0,0.05686988171064604,True,False,False
6737,ＥＩＺＯ,2026-09-02,3150.0,3215.0,3215.0,3146.0,2994.24,183700.0,3120.0,3130.0,3105.0,3120.0,16100.0,-0.952380952380949,-0.952380952380949,0.0,-2.954898911353032,-2.954898911353032,3.044871794871784,0.0,0.08764289602612955,False,False,False
6740,ジャパンディスプレイ,2026-09-02,46.0,51.0,51.0,47.4,47.92,8163780.0,47.0,47.0,46.0,47.0,679600.0,2.1739130434782705,2.1739130434782705,0.0,-7.843137254901967,-7.843137254901967,8.51063829787233,0.0,0.08324575135537704,False,False,False
6741,日本信号,2026-09-02,1799.0,1910.0,1910.0,1851.8,1791.8,109180.0,1810.0,1838.0,1806.0,1835.0,32000.0,2.0011117287381808,0.611450806003333,1.3812154696132506,-3.926701570680624,-3.926701570680624,4.087193460490468,0.0,0.29309397325517494,True,False,False
6742,京三製作所,2026-09-02,992.0,1100.0,1100.0,1022.0,993.0,247440.0,985.0,985.0,968.0,974.0,36800.0,-1.814516129032262,-0.7056451612903247,-1.116751269035532,-11.45454545454545,-11.45454545454545,12.936344969199176,0.0,0.14872292272874232,False,False,False
6743,大同信号,2026-09-02,1012.0,1126.0,1126.0,1038.8,1009.04,20100.0,1020.0,1020.0,1009.0,1014.0,3800.0,0.19762845849802257,0.7905138339920903,-0.588235294117645,-9.946714031971581,-9.946714031971581,11.045364891518727,0.0,0.1890547263681592,False,False,False
6744,能美防災,2026-09-02,4200.0,4765.0,4765.0,4270.0,4402.4,90480.0,4145.0,4155.0,4130.0,4150.0,22500.0,-1.1904761904761862,-1.3095238095238049,0.12062726176116367,-12.90661070304302,-12.90661070304302,14.819277108433738,0.0,0.2486737400530504,True,False,False
6745,ホーチキ,2026-09-02,2018.0,2193.0,2193.0,1982.2,1998.16,189440.0,1906.0,1924.0,1897.0,1920.0,32000.0,-4.856293359762143,-5.550049554013881,0.7345225603357708,-12.448700410396718,-12.448700410396718,14.218749999999991,0.0,0.16891891891891891,True,False,False
6748,星和電機,2026-09-02,768.0,809.0,809.0,785.6,767.88,12400.0,781.0,781.0,781.0,781.0,2800.0,1.692708333333326,1.692708333333326,0.0,-3.4610630407911014,-3.4610630407911014,3.5851472471190693,0.0,0.22580645161290322,False,False,False
6750,エレコム,2026-09-02,2038.0,2055.0,2055.0,2011.6,1929.28,181860.0,2034.0,2043.0,2023.0,2040.0,13900.0,0.09813542688910104,-0.19627085377821318,0.2949852507374562,-0.7299270072992692,-0.7299270072992692,0.7352941176470562,0.0,0.07643242054327505,True,False,False
6752,パナソニック　ホールディングス,2026-09-02,4296.0,4982.0,4982.0,4408.4,4355.0,8058740.0,4178.0,4190.0,4116.0,4143.0,1073200.0,-3.5614525139664788,-2.746741154562382,-0.8377213977979858,-16.840626254516255,-16.840626254516255,20.251025826695624,0.0,0.13317218324452706,False,False,False
6753,シャープ,2026-09-02,636.2000122070312,678.5999755859375,678.5999755859375,652.8199951171875,638.8640014648438,2980580.0,650.0,650.7000122070312,634.2999877929688,637.7000122070312,514500.0,0.23577490902528808,2.1691272442915244,-1.892305814302886,-6.027109468076707,-6.027109468076707,6.4136682759899255,0.0,0.17261741003428863,False,False,False
6754,アンリツ,2026-09-02,3214.0,3873.0,4093.0,3364.4,3490.84,672780.0,3170.0,3192.0,3163.0,3184.0,68000.0,-0.9334163036714416,-1.3690105787181106,0.44164037854890204,-17.789827007487734,-22.208648912777917,28.548994974874375,5.680351148980112,0.10107315913077083,True,False,False
6757,ＯＳＧコーポレーション,2026-09-02,876.0,888.0,888.0,878.6,878.2,2660.0,876.0,881.0,876.0,878.0,500.0,0.22831050228311334,0.0,0.22831050228311334,-1.1261261261261257,-1.1261261261261257,1.1389521640091216,0.0,0.18796992481203006,True,False,False
6758,ソニーグループ,2026-09-02,3920.0,4070.0,4070.0,3956.0,3786.88,16867920.0,3895.0,3895.0,3848.0,3861.0,1975100.0,-1.5051020408163307,-0.6377551020408156,-0.8729139922978191,-5.135135135135139,-5.135135135135139,5.4131054131054235,0.0,0.1170920895996661,False,False,False
6762,ＴＤＫ,2026-09-02,2884.0,3300.0,3300.0,3046.0,3050.3,7979940.0,2863.0,2873.0,2842.5,2856.5,948200.0,-0.9535367545076334,-0.7281553398058249,-0.227034579112817,-13.43939393939394,-13.43939393939394,15.52599334850342,0.0,0.11882294854347276,False,False,False
6763,帝国通信工業,2026-09-02,2805.0,3040.0,3040.0,2858.8,2842.52,18940.0,2804.0,2827.0,2803.0,2804.0,2100.0,-0.035650623885918886,-0.035650623885918886,0.0,-7.763157894736839,-7.763157894736839,8.416547788873041,0.0,0.11087645195353749,False,False,False
6768,タムラ製作所,2026-09-02,799.0,887.0,939.0,819.4,798.68,1564040.0,781.0,786.0,777.0,784.0,60500.0,-1.8773466833541974,-2.252816020025028,0.3841229193341844,-11.612175873731678,-16.50692225772098,19.770408163265294,5.862457722660652,0.038681875143858215,True,False,False
6769,ザインエレクトロニクス,2026-09-02,1130.0,1253.0,1253.0,1159.6,1079.36,196540.0,1150.0,1153.0,1121.0,1129.0,22000.0,-0.08849557522123686,1.7699115044247815,-1.8260869565217441,-9.896249002394253,-9.896249002394253,10.983170947741371,0.0,0.11193650147552661,False,False,False
6770,アルプスアルパイン,2026-09-02,2256.0,2347.5,2347.5,2259.0,2187.98,1641100.0,2247.0,2284.0,2247.0,2253.5,172700.0,-0.11081560283687786,-0.3989361702127714,0.28927458834000497,-4.004259850905223,-4.004259850905223,4.171289105835374,0.0,0.10523429407104991,True,False,False
6771,池上通信機,2026-09-02,675.0,691.0,691.0,673.6,668.64,7800.0,667.0,668.0,664.0,668.0,6600.0,-1.0370370370370363,-1.1851851851851891,0.14992503748125774,-3.328509406657021,-3.328509406657021,3.4431137724550975,0.0,0.8461538461538461,True,False,False
6772,東京コスモス電機,2026-09-02,1047.0,1180.0,1180.0,1056.8,1088.44,2660.0,1065.0,1065.0,1060.0,1060.0,200.0,1.241642788920716,1.7191977077363862,-0.46948356807511304,-10.169491525423723,-10.169491525423723,11.32075471698113,0.0,0.07518796992481203,False,False,False
6775,ＴＢグループ,2026-09-02,128.0,162.0,162.0,127.8,118.72,2161440.0,126.0,127.0,125.0,125.0,22200.0,-2.34375,-1.5625,-0.7936507936507908,-22.839506172839506,-22.839506172839506,29.600000000000005,0.0,0.010270930490783921,False,False,False
6776,天昇電気工業,2026-09-02,287.0,289.0,289.0,283.8,275.16,17880.0,290.0,290.0,286.0,286.0,6800.0,-0.34843205574912606,1.0452961672473782,-1.379310344827589,-1.038062283737029,-1.038062283737029,1.0489510489510412,0.0,0.38031319910514544,False,False,False
6777,ｓａｎｔｅｃ　Ｈｏｌｄｉｎｇｓ,2026-09-02,18650.0,21540.0,21540.0,19292.0,18814.8,99340.0,18140.0,18500.0,18130.0,18470.0,13600.0,-0.965147453083115,-2.7345844504021444,1.8191841234840078,-14.252553389043642,-14.252553389043642,16.621548456957225,0.0,0.1369035635192269,True,False,False
6778,アルチザネットワークス,2026-09-02,676.0,685.0,700.0,674.4,629.44,27660.0,667.0,667.0,666.0,666.0,500.0,-1.4792899408283988,-1.3313609467455634,-0.14992503748125774,-2.7737226277372296,-4.857142857142859,5.105105105105112,2.1897810218978186,0.018076644974692697,False,False,False
6779,日本電波工業,2026-09-02,2662.0,3400.0,3400.0,2753.2,2797.72,498720.0,2568.0,2595.0,2562.0,2576.0,43300.0,-3.2306536438767797,-3.531179564237419,0.31152647975076775,-24.235294117647054,-24.235294117647054,31.987577639751553,0.0,0.08682226499839589,True,False,False
6785,鈴木,2026-09-02,2994.0,3285.0,3285.0,3008.4,3004.36,92500.0,2922.0,2974.0,2922.0,2974.0,8300.0,-0.6680026720106924,-2.4048096192384794,1.7796030116358663,-9.467275494672755,-9.467275494672755,10.45729657027572,0.0,0.08972972972972973,True,False,False
6786,ＲＶＨ,2026-09-02,48.0,51.0,51.0,48.4,48.6,28920.0,48.0,48.0,48.0,48.0,1200.0,0.0,0.0,0.0,-5.882352941176472,-5.882352941176472,6.25,0.0,0.04149377593360996,False,False,False
6787,メイコー,2026-09-02,18400.0,25060.0,25170.0,18952.0,19166.0,547200.0,17640.0,18270.0,17570.0,18190.0,68800.0,-1.1413043478260887,-4.130434782608694,3.117913832199548,-27.414205905826016,-27.731426301152162,38.37273227047828,0.4389465283320071,0.12573099415204678,True,False,False
6788,日本トリム,2026-09-02,4980.0,5040.0,5040.0,4956.0,4884.8,9180.0,5010.0,5010.0,4965.0,4965.0,2200.0,-0.3012048192771122,0.6024096385542244,-0.8982035928143728,-1.4880952380952328,-1.4880952380952328,1.5105740181268867,0.0,0.23965141612200436,False,False,False
6794,フォスター電機,2026-09-02,2964.0,3185.0,3185.0,2990.0,2960.56,130420.0,2969.0,2984.0,2969.0,2984.0,11600.0,0.6747638326585648,0.1686909581646523,0.5052206130010006,-6.31083202511774,-6.31083202511774,6.735924932975879,0.0,0.08894341358687317,True,False,False
6797,名古屋電機工業,2026-09-02,1210.0,1210.0,1210.0,1198.6,1180.28,3420.0,1206.0,1206.0,1205.0,1205.0,200.0,-0.4132231404958664,-0.33057851239669533,-0.08291873963516272,-0.4132231404958664,-0.4132231404958664,0.4149377593360981,0.0,0.05847953216374269,False,False,False
6798,ＳＭＫ,2026-09-02,3290.0,3545.0,3545.0,3365.0,3280.0,10840.0,3290.0,3295.0,3290.0,3295.0,1700.0,0.1519756838905817,0.0,0.1519756838905817,-7.052186177715091,-7.052186177715091,7.587253414264028,0.0,0.15682656826568267,True,False,False
6800,ヨコオ,2026-09-02,3740.0,4715.0,4770.0,3916.0,4014.8,154560.0,3700.0,3775.0,3700.0,3765.0,8600.0,0.6684491978609541,-1.0695187165775444,1.75675675675675,-20.148462354188755,-21.0691823899371,26.693227091633464,1.166489925768821,0.055641821946169776,True,False,False
6803,ティアック,2026-09-02,100.0,101.0,101.0,99.4,98.12,292980.0,98.0,98.0,98.0,98.0,223700.0,-2.0000000000000018,-2.0000000000000018,0.0,-2.970297029702973,-2.970297029702973,3.0612244897959107,0.0,0.7635333469861424,False,False,False
6804,ホシデン,2026-09-02,2640.0,3150.0,3150.0,2695.2,2819.16,241720.0,2608.0,2637.0,2607.0,2637.0,17000.0,-0.1136363636363602,-1.2121212121212088,1.111963190184051,-16.28571428571428,-16.28571428571428,19.453924914675767,0.0,0.07032930663577693,True,False,False
6806,ヒロセ電機,2026-09-02,25035.0,28195.0,28750.0,25755.0,26407.2,156680.0,24665.0,24895.0,24550.0,24725.0,12300.0,-1.2382664270021992,-1.4779308967445615,0.24325967970808549,-12.307146657208722,-14.000000000000002,16.279069767441868,1.9684341195247423,0.07850395711003319,True,False,False
6807,日本航空電子工業,2026-09-02,2434.0,2511.0,2551.0,2475.0,2382.28,260820.0,2453.0,2467.0,2447.0,2449.0,13000.0,0.6162695152013065,0.7806080525883274,-0.16306563391764728,-2.4691358024691357,-3.998431987455897,4.164965291955891,1.592990840302666,0.049842803465991875,False,False,False
6809,ＴＯＡ,2026-09-02,1777.0,1789.0,1789.0,1743.6,1690.28,104780.0,1762.0,1766.0,1745.0,1750.0,13900.0,-1.5194147439504757,-0.8441193021947124,-0.6810442678774176,-2.1799888205701556,-2.1799888205701556,2.228571428571424,0.0,0.13265890437106317,False,False,False
6810,マクセル,2026-09-02,2543.0,2670.0,2670.0,2546.0,2403.48,504480.0,2442.0,2501.0,2434.0,2493.0,24700.0,-1.9661816751867844,-3.9716869838773095,2.0884520884520974,-6.629213483146068,-6.629213483146068,7.099879663056563,0.0,0.048961306692039325,True,False,False
6814,古野電気,2026-09-02,7650.0,8120.0,8120.0,7680.0,7627.6,290280.0,7480.0,7610.0,7460.0,7490.0,47700.0,-2.09150326797386,-2.2222222222222254,0.13368983957218195,-7.758620689655171,-7.758620689655171,8.411214953271017,0.0,0.16432410086812732,True,False,False
6817,スミダコーポレーション,2026-09-02,1196.0,1288.0,1358.0,1211.2,1223.2,179040.0,1180.0,1182.0,1175.0,1182.0,29800.0,-1.170568561872909,-1.3377926421404673,0.16949152542373724,-8.229813664596275,-12.96023564064801,14.89001692047378,5.434782608695654,0.16644325290437892,True,False,False
6819,伊豆シャボテンリゾート,2026-09-02,474.0,481.0,481.0,474.8,475.84,8000.0,475.0,475.0,475.0,475.0,300.0,0.21097046413502962,0.21097046413502962,0.0,-1.2474012474012475,-1.2474012474012475,1.2631578947368327,0.0,0.0375,False,False,False
6820,アイコム,2026-09-02,3640.0,3835.0,3835.0,3700.0,3474.2,20080.0,3575.0,3600.0,3565.0,3565.0,2700.0,-2.060439560439564,-1.7857142857142905,-0.2797202797202747,-7.040417209908734,-7.040417209908734,7.573632538569419,0.0,0.1344621513944223,False,False,False
6822,大井電気,2026-09-02,4980.0,5650.0,5650.0,4971.0,4919.2,3980.0,5040.0,5040.0,5040.0,5040.0,100.0,1.2048192771084265,1.2048192771084265,0.0,-10.796460176991152,-10.796460176991152,12.103174603174605,0.0,0.02512562814070352,False,False,False
6823,リオン,2026-09-02,3250.0,3595.0,3595.0,3315.0,3390.6,41080.0,3280.0,3295.0,3280.0,3285.0,2400.0,1.0769230769230864,0.9230769230769154,0.1524390243902385,-8.6230876216968,-8.6230876216968,9.43683409436835,0.0,0.05842259006815969,True,False,False
6824,新コスモス電機,2026-09-02,4330.0,4995.0,4995.0,4307.0,4465.8,8560.0,4250.0,4255.0,4250.0,4255.0,1000.0,-1.7321016166281789,-1.8475750577367167,0.11764705882353343,-14.814814814814813,-14.814814814814813,17.391304347826097,0.0,0.11682242990654206,True,False,False
6832,アオイ電子,2026-09-02,2271.0,2438.0,2529.0,2289.8,2290.4,30300.0,2312.0,2323.0,2300.0,2309.0,2500.0,1.6732716864817254,1.8053720827829078,-0.1297577854671328,-5.2912223133716125,-8.699090549624355,9.527934170636643,3.732567678424936,0.08250825082508251,False,False,False
6834,精工技研,2026-09-02,5040.0,6030.0,6030.0,5440.0,4747.28,1350180.0,4655.0,4835.0,4655.0,4795.0,235400.0,-4.861111111111116,-7.638888888888884,3.007518796992481,-20.480928689883914,-20.480928689883914,25.75599582898853,0.0,0.17434712408715874,True,False,False
6835,アライドテレシスホールディングス,2026-09-02,258.0,270.0,270.0,263.4,251.92,206200.0,255.0,258.0,255.0,256.0,27300.0,-0.7751937984496138,-1.1627906976744207,0.39215686274509665,-5.185185185185182,-5.185185185185182,5.46875,0.0,0.13239573229873908,True,False,False
6836,ぷらっとホーム,2026-09-02,790.0,922.0,922.0,814.0,798.2,7580.0,804.0,810.0,804.0,810.0,400.0,2.5316455696202445,1.7721518987341867,0.746268656716409,-12.147505422993488,-12.147505422993488,13.82716049382715,0.0,0.052770448548812667,True,False,False
6837,京写,2026-09-02,369.0,395.0,395.0,374.2,361.84,29360.0,366.0,368.0,366.0,367.0,2500.0,-0.5420054200542035,-0.8130081300813052,0.2732240437158362,-7.088607594936713,-7.088607594936713,7.629427792915533,0.0,0.08514986376021798,True,False,False
6838,多摩川ホールディングス,2026-09-02,1480.0,1622.0,1622.0,1479.0,1444.2,189540.0,1508.0,1531.0,1503.0,1528.0,48000.0,3.2432432432432323,1.8918918918918948,1.3262599469495928,-5.795314426633791,-5.795314426633791,6.151832460732987,0.0,0.25324469768914215,True,False,False
6840,ＡＫＩＢＡホールディングス,2026-09-02,733.0,864.0,864.0,760.4,738.8,332020.0,750.0,760.0,748.0,758.0,13100.0,3.4106412005457054,2.3192360163710735,1.0666666666666602,-12.268518518518523,-12.268518518518523,13.984168865435365,0.0,0.039455454490693334,True,False,False
6841,横河電機,2026-09-02,4854.0,5801.0,6022.0,5066.2,5346.52,1049420.0,4711.0,4749.0,4686.0,4696.0,263200.0,-3.2550473836011506,-2.94602389781623,-0.3184037359371672,-19.048439924151005,-22.019262703420793,28.236797274275972,3.8096879848302123,0.25080520668559775,False,False,False
6844,新電元工業,2026-09-02,3040.0,3945.0,3945.0,3108.0,3269.4,98760.0,3020.0,3025.0,3000.0,3010.0,10400.0,-0.9868421052631526,-0.6578947368421018,-0.3311258278145712,-23.700887198986052,-23.700887198986052,31.06312292358804,0.0,0.10530579181855002,False,False,False
6845,アズビル,2026-09-02,1457.5,1760.0,1760.0,1511.9,1567.14,1450640.0,1451.0,1467.5,1451.0,1461.5,179700.0,0.2744425385934779,-0.4459691252144071,0.7236388697450025,-16.96022727272727,-16.96022727272727,20.424221690044476,0.0,0.12387635802128716,True,False,False
6848,東亜ディーケーケー,2026-09-02,868.0,878.0,878.0,870.6,863.48,6740.0,868.0,868.0,865.0,867.0,3300.0,-0.11520737327188613,0.0,-0.11520737327188613,-1.252847380410027,-1.252847380410027,1.2687427912341454,0.0,0.4896142433234421,False,False,False
6849,日本光電工業,2026-09-02,1513.0,1544.0,1670.0,1508.2,1520.3,867460.0,1508.0,1520.5,1496.5,1498.5,88500.0,-0.9583608724388681,-0.33046926635822427,-0.6299734748010599,-2.946891191709844,-10.26946107784431,11.444778111444776,8.160621761658039,0.10202199525050146,False,False,False
6850,チノー,2026-09-02,1668.0,1757.0,1757.0,1695.2,1672.0,39600.0,1663.0,1669.0,1660.0,1667.0,3400.0,-0.059952038369304184,-0.2997601918465209,0.24052916416115178,-5.122367672168471,-5.122367672168471,5.398920215956804,0.0,0.08585858585858586,True,False,False
6853,共和電業,2026-09-02,768.0,814.0,814.0,767.4,773.32,23880.0,757.0,766.0,755.0,755.0,4300.0,-1.692708333333337,-1.432291666666663,-0.26420079260237594,-7.24815724815725,-7.24815724815725,7.814569536423832,0.0,0.1800670016750419,False,False,False
6855,日本電子材料,2026-09-02,6040.0,7700.0,7700.0,6366.0,6500.4,512720.0,6030.0,6150.0,6010.0,6140.0,82500.0,1.655629139072845,-0.16556291390728006,1.8242122719734688,-20.259740259740255,-20.259740259740255,25.40716612377849,0.0,0.16090653768138555,True,False,False
6856,堀場製作所,2026-09-02,22535.0,28315.0,28315.0,23300.0,24533.0,190140.0,22465.0,22800.0,22405.0,22800.0,16000.0,1.1759485245174117,-0.31062791213667396,1.4912085466280978,-19.477308846900932,-19.477308846900932,24.188596491228065,0.0,0.08414852214157989,True,False,False
6857,アドバンテスト,2026-09-02,32540.0,38730.0,38730.0,33898.0,33703.4,8802320.0,32370.0,32780.0,32300.0,32500.0,1236300.0,-0.12292562999385304,-0.5224339274738754,0.40160642570281624,-16.085721662793695,-16.085721662793695,19.16923076923076,0.0,0.14045160821238037,True,False,False
6858,小野測器,2026-09-02,829.0,867.0,947.0,828.8,828.36,40920.0,826.0,833.0,826.0,828.0,3000.0,-0.12062726176115257,-0.3618817852834688,0.2421307506053294,-4.498269896193774,-12.565997888067582,14.3719806763285,9.227220299884653,0.07331378299120235,True,False,False
6859,エスペック,2026-09-02,3835.0,4300.0,4445.0,3933.0,4006.2,61460.0,3780.0,3860.0,3780.0,3850.0,7600.0,0.39113428943937656,-1.4341590612777066,1.85185185185186,-10.465116279069765,-13.38582677165354,15.454545454545453,3.3720930232558066,0.12365766352098927,True,False,False
6861,キーエンス,2026-09-02,78020.0,87920.0,87920.0,81814.0,82822.8,494360.0,78750.0,79000.0,77360.0,77490.0,116600.0,-0.6793129966675249,0.9356575237118747,-1.6000000000000014,-11.863057324840764,-11.863057324840764,13.459801264679317,0.0,0.23586050651347196,False,False,False
6862,ミナトホールディングス,2026-09-02,3655.0,4230.0,4230.0,3467.0,3019.12,279680.0,3965.0,4110.0,3935.0,4110.0,108400.0,12.448700410396718,8.48153214774281,3.656998738965944,-2.8368794326241176,-2.8368794326241176,2.9197080291970767,0.0,0.3875858123569794,True,False,False
6863,ニレコ,2026-09-02,975.0,1013.0,1013.0,985.6,947.6133325195312,39060.0,967.0,970.0,962.0,966.0,3000.0,-0.9230769230769265,-0.8205128205128198,-0.10341261633919352,-4.639684106614017,-4.639684106614017,4.865424430641818,0.0,0.07680491551459294,False,False,False
6864,エヌエフホールディングス,2026-09-02,1542.0,1700.0,1700.0,1586.4,1561.96,33100.0,1544.0,1561.0,1544.0,1551.0,1600.0,0.5836575875486361,0.12970168612191912,0.45336787564767,-8.764705882352942,-8.764705882352942,9.606705351386214,0.0,0.04833836858006042,True,False,False
6866,日置電機,2026-09-02,10300.0,13320.0,13320.0,10676.0,11359.2,33500.0,10170.0,10250.0,10170.0,10250.0,1300.0,-0.4854368932038833,-1.2621359223300987,0.7866273352999054,-23.048048048048052,-23.048048048048052,29.951219512195127,0.0,0.03880597014925373,True,False,False
6867,リーダー電子,2026-09-02,407.0,421.0,423.0,408.6,413.08,6220.0,404.0,404.0,401.0,402.0,3200.0,-1.2285012285012331,-0.7371007371007376,-0.4950495049504955,-4.513064133016631,-4.964539007092195,5.223880597014929,0.47505938242280443,0.5144694533762058,False,False,False
6869,シスメックス,2026-09-02,1907.0,2012.5,2012.5,1942.4,1835.58,2268560.0,1934.0,1941.0,1904.5,1912.5,684800.0,0.2884111169376036,1.4158363922391226,-1.1116856256463303,-4.968944099378881,-4.968944099378881,5.228758169934644,0.0,0.3018655005818669,False,False,False
6870,日本フェンオール,2026-09-02,2185.0,2288.0,2702.0,2194.2,2240.04,2460.0,2180.0,2180.0,2180.0,2180.0,100.0,-0.22883295194507935,-0.22883295194507935,0.0,-4.720279720279718,-19.319022945965948,23.944954128440376,18.094405594405604,0.04065040650406504,False,False,False
6871,日本マイクロニクス,2026-09-02,11900.0,16200.0,16880.0,12680.0,13696.8,1157900.0,11840.0,12010.0,11830.0,12000.0,80900.0,0.8403361344537785,-0.5042016806722671,1.3513513513513598,-25.92592592592593,-28.90995260663507,40.66666666666667,4.197530864197541,0.06986786423698074,True,False,False
6874,協立電機,2026-09-02,2338.0,2700.0,2700.0,2358.8,2414.52,4360.0,2355.0,2355.0,2345.0,2345.0,400.0,0.29940119760478723,0.7271171941830579,-0.424628450106157,-13.148148148148152,-13.148148148148152,15.138592750533043,0.0,0.09174311926605505,False,False,False
6875,メガチップス,2026-09-02,10600.0,11950.0,11950.0,10760.0,10516.0,95760.0,10740.0,10860.0,10580.0,10660.0,18300.0,0.5660377358490676,1.3207547169811429,-0.7448789571694592,-10.794979079497914,-10.794979079497914,12.101313320825513,0.0,0.19110275689223058,False,False,False
6877,ＯＢＡＲＡ　ＧＲＯＵＰ,2026-09-02,5550.0,6350.0,6350.0,5662.0,5799.6,31180.0,5520.0,5550.0,5500.0,5500.0,1600.0,-0.9009009009009028,-0.540540540540535,-0.36231884057971175,-13.38582677165354,-13.38582677165354,15.454545454545453,0.0,0.05131494547787043,False,False,False
6882,三社電機製作所,2026-09-02,1119.0,1278.0,1278.0,1170.6,1177.16,47580.0,1121.0,1130.0,1116.0,1118.0,2300.0,-0.08936550491510653,0.17873100983021306,-0.267618198037467,-12.519561815336466,-12.519561815336466,14.311270125223619,0.0,0.04833963850357293,False,False,False
6888,アクモス,2026-09-02,499.0,507.0,507.0,501.6,492.28,8440.0,498.0,498.0,498.0,498.0,400.0,-0.2004008016032066,-0.2004008016032066,0.0,-1.7751479289940808,-1.7751479289940808,1.8072289156626509,0.0,0.04739336492890995,False,False,False
6890,フェローテック,2026-09-02,8880.0,10300.0,10300.0,9288.0,8827.2,1327860.0,8920.0,9010.0,8830.0,8870.0,105700.0,-0.11261261261261701,0.45045045045044585,-0.5605381165919243,-13.883495145631064,-13.883495145631064,16.121758737316803,0.0,0.0796017652463362,False,False,False
6894,パルステック工業,2026-09-02,2191.0,2271.0,2271.0,2179.8,2147.8,1300.0,2171.0,2208.0,2161.0,2185.0,1000.0,-0.2738475581926081,-0.9128251939753529,0.6448641179180203,-3.786878027300744,-3.786878027300744,3.9359267734553782,0.0,0.7692307692307693,True,False,False
6897,ツインバード,2026-09-02,702.0,763.0,763.0,683.6,679.04,490520.0,691.0,693.0,688.0,688.0,23900.0,-1.9943019943019946,-1.5669515669515688,-0.434153400868309,-9.829619921363042,-9.829619921363042,10.901162790697683,0.0,0.048723803310772244,False,False,False
6898,トミタ電機,2026-09-02,4105.0,4200.0,4200.0,3966.0,3709.0,9640.0,4175.0,4270.0,4080.0,4200.0,1600.0,2.3142509135200884,1.705237515225333,0.5988023952095745,0.0,0.0,0.0,0.0,0.16597510373443983,True,False,False
6899,ＡＳＴＩ,2026-09-02,2368.0,2431.0,2465.0,2349.6,2327.92,5400.0,2357.0,2357.0,2356.0,2356.0,400.0,-0.5067567567567544,-0.4645270270270285,-0.042426813746287984,-3.0851501439736695,-4.421906693711963,4.626485568760619,1.3986013986013957,0.07407407407407407,False,False,False
6902,デンソー,2026-09-02,1922.0,1984.0,2218.0,1931.4,1950.94,7812040.0,1930.0,1937.5,1919.0,1923.5,979100.0,0.07804370447450637,0.41623309053069324,-0.33678756476683835,-3.0493951612903247,-13.277727682596929,15.310631661034568,11.794354838709676,0.1253321795587324,False,False,False
6904,原田工業,2026-09-02,553.0,575.0,575.0,555.2,510.72,19220.0,641.0,645.0,607.0,644.0,46900.0,16.455696202531644,15.913200723327314,0.46801872074881956,12.00000000000001,12.00000000000001,-10.71428571428571,0.0,2.4401664932362124,True,True,True
6905,コーセル,2026-09-02,1317.0,1406.0,1406.0,1326.6,1318.68,122360.0,1303.0,1313.0,1303.0,1311.0,5700.0,-0.4555808656036442,-1.0630220197418327,0.6139677666922472,-6.756756756756754,-6.756756756756754,7.246376811594213,0.0,0.046583850931677016,True,False,False
6907,ジオマテック,2026-09-02,772.0,815.0,815.0,782.8,731.32,26140.0,764.0,772.0,764.0,765.0,800.0,-0.90673575129534,-1.0362694300518172,0.13089005235602524,-6.134969325153373,-6.134969325153373,6.5359477124183,0.0,0.030604437643458302,True,False,False
6908,イリソ電子工業,2026-09-02,2794.0,2872.0,2890.0,2816.6,2781.6,98560.0,2765.0,2771.0,2758.0,2763.0,7100.0,-1.1095204008589876,-1.0379384395132418,-0.07233273056057588,-3.79526462395543,-4.3944636678200695,4.596453130655087,0.6267409470751995,0.07203733766233766,False,False,False
6912,菊水ホールディングス,2026-09-02,2476.0,2530.0,2530.0,2449.0,2345.56,11620.0,2598.0,2638.0,2578.0,2599.0,7400.0,4.96768982229403,4.927302100161546,0.038491147036179285,2.7272727272727337,2.7272727272727337,-2.6548672566371723,0.0,0.6368330464716007,True,True,True
6914,オプテックスグループ,2026-09-02,3150.0,3800.0,3800.0,3220.0,3396.2,227240.0,3120.0,3150.0,3120.0,3140.0,12700.0,-0.31746031746031633,-0.952380952380949,0.6410256410256387,-17.36842105263158,-17.36842105263158,21.019108280254773,0.0,0.05588804787889456,True,False,False
6915,千代田インテグレ,2026-09-02,3430.0,3550.0,3550.0,3471.0,3402.8,7720.0,3410.0,3410.0,3360.0,3360.0,2100.0,-2.0408163265306145,-0.5830903790087438,-1.4662756598240456,-5.3521126760563416,-5.3521126760563416,5.654761904761907,0.0,0.27202072538860106,False,False,False
6918,アバールデータ,2026-09-02,3490.0,4060.0,4060.0,3567.0,3456.0,53880.0,3540.0,3570.0,3540.0,3555.0,3100.0,1.8624641833810962,1.4326647564469885,0.4237288135593209,-12.438423645320196,-12.438423645320196,14.205344585091417,0.0,0.05753526354862658,True,False,False
6919,ケル,2026-09-02,1421.0,1474.0,1474.0,1424.6,1422.04,12380.0,1429.0,1429.0,1422.0,1424.0,800.0,0.2111189303307448,0.5629838142153343,-0.3498950314905547,-3.3921302578018953,-3.3921302578018953,3.51123595505618,0.0,0.06462035541195477,False,False,False
6920,レーザーテック,2026-09-02,32350.0,46870.0,46870.0,33664.0,37218.4,2081160.0,32990.0,33620.0,32790.0,33600.0,463000.0,3.863987635239563,1.9783616692426564,1.8490451652015683,-28.312353317687222,-28.312353317687222,39.49404761904762,0.0,0.22247208287685713,True,False,False
6923,スタンレー電気,2026-09-02,3637.0,3700.0,3700.0,3636.4,3584.16,470340.0,3616.0,3616.0,3583.0,3600.0,27700.0,-1.0173219686554824,-0.5773989551828396,-0.4424778761061954,-2.7027027027026973,-2.7027027027026973,2.777777777777768,0.0,0.058893566356252924,False,False,False
6925,ウシオ電機,2026-09-02,3666.0,4437.0,4437.0,3852.8,3967.16,418260.0,3655.0,3692.0,3628.0,3650.0,77000.0,-0.4364429896344779,-0.30005455537370773,-0.1367989056087593,-17.73720982645932,-17.73720982645932,21.56164383561643,0.0,0.18409601683163582,False,False,False
6926,岡谷電機産業,2026-09-02,193.0,197.0,197.0,189.8,187.32,19220.0,194.0,195.0,194.0,195.0,7200.0,1.0362694300518172,0.5181347150259086,0.5154639175257714,-1.0152284263959421,-1.0152284263959421,1.025641025641022,0.0,0.37460978147762747,True,False,False
6927,ヘリオス　テクノ　ホールディング,2026-09-02,990.0,1003.0,1003.0,991.8,962.04,41900.0,984.0,986.0,984.0,986.0,2400.0,-0.40404040404040664,-0.60606060606061,0.20325203252031798,-1.6949152542372836,-1.6949152542372836,1.724137931034475,0.0,0.057279236276849645,True,False,False
6928,エノモト,2026-09-02,2889.0,3320.0,3320.0,2999.4,2843.48,47500.0,2963.0,2987.0,2955.0,2973.0,3200.0,2.9075804776739433,2.561439944617505,0.3374957813027324,-10.451807228915666,-10.451807228915666,11.671712075344765,0.0,0.06736842105263158,True,False,False
6929,日本セラミック,2026-09-02,3735.0,3990.0,3990.0,3762.0,3753.6,117140.0,3720.0,3735.0,3710.0,3710.0,8200.0,-0.669344042838016,-0.40160642570281624,-0.26881720430107503,-7.017543859649122,-7.017543859649122,7.547169811320753,0.0,0.07000170735871607,False,False,False
6932,遠藤照明,2026-09-02,2509.0,2784.0,2784.0,2566.2,2606.04,28520.0,2487.0,2497.0,2474.0,2485.0,9300.0,-0.956556396970909,-0.8768433638900008,-0.08041817450743505,-10.739942528735636,-10.739942528735636,12.032193158953719,0.0,0.32608695652173914,False,False,False
6941,山一電機,2026-09-02,7520.0,10370.0,10370.0,7896.0,8261.6,332800.0,7470.0,7530.0,7390.0,7530.0,32400.0,0.13297872340425343,-0.6648936170212782,0.8032128514056325,-27.38669238187078,-27.38669238187078,37.715803452855255,0.0,0.09735576923076923,True,False,False
6942,ソフィアホールディングス,2026-09-02,1462.0,1470.0,1470.0,1442.8,1392.36,7500.0,1449.0,1449.0,1442.0,1443.0,900.0,-1.2995896032831689,-0.8891928864569132,-0.41407867494823725,-1.8367346938775508,-1.8367346938775508,1.8711018711018657,0.0,0.12,False,False,False
6943,ＮＫＫスイッチズ,2026-09-02,5640.0,5690.0,5690.0,5604.0,5361.2,400.0,5580.0,5580.0,5530.0,5530.0,300.0,-1.9503546099290725,-1.0638297872340385,-0.8960573476702538,-2.811950790861162,-2.811950790861162,2.893309222423146,0.0,0.75,False,False,False
6946,日本アビオニクス,2026-09-02,5680.0,6280.0,6280.0,5784.0,5646.4,162640.0,6000.0,6240.0,6000.0,6140.0,78800.0,8.098591549295776,5.633802816901401,2.333333333333343,-2.2292993630573243,-2.2292993630573243,2.28013029315961,0.0,0.48450565666502704,True,False,False
6947,図研,2026-09-02,4910.0,5220.0,5220.0,5062.0,4934.8,55500.0,5010.0,5010.0,4970.0,4970.0,4500.0,1.2219959266802416,2.0366598778004175,-0.7984031936127733,-4.789272030651337,-4.789272030651337,5.030181086519114,0.0,0.08108108108108109,False,False,False
6951,日本電子,2026-09-02,6777.0,9255.0,9255.0,7044.6,7736.24,241660.0,6750.0,6768.0,6634.0,6685.0,28900.0,-1.357532831636421,-0.3984063745019917,-0.9629629629629655,-27.768773635872503,-27.768773635872503,38.444278234854146,0.0,0.11958950591740462,False,False,False
6952,カシオ計算機,2026-09-02,2433.0,2536.0,2536.0,2454.6,2290.02,1705480.0,2337.5,2345.5,2302.0,2312.5,194000.0,-4.952733251130292,-3.9251952322235883,-1.0695187165775444,-8.813091482649838,-8.813091482649838,9.664864864864864,0.0,0.11375096746956868,False,False,False
6954,ファナック,2026-09-02,5725.0,6759.0,7240.0,5968.8,6284.12,4766120.0,5796.0,5882.0,5784.0,5850.0,875400.0,2.183406113537112,1.2401746724890916,0.9316770186335477,-13.448735019973368,-19.198895027624307,23.760683760683765,7.116437342802184,0.18367141406427032,True,False,False
6955,ＦＤＫ,2026-09-02,411.0,431.0,431.0,420.0,407.68,101360.0,408.0,412.0,408.0,408.0,6700.0,-0.7299270072992692,-0.7299270072992692,0.0,-5.336426914153137,-5.336426914153137,5.6372549019607865,0.0,0.06610102604577743,False,False,False
6958,日本シイエムケイ,2026-09-02,788.0,810.0,810.0,777.4,719.2,1244920.0,768.0,774.0,758.0,765.0,55400.0,-2.9187817258883197,-2.538071065989844,-0.390625,-5.555555555555558,-5.555555555555558,5.882352941176472,0.0,0.0445008514603348,False,False,False
6960,フクダ電子,2026-09-02,12190.0,12480.0,12480.0,12158.0,11822.8,70200.0,11710.0,11720.0,11610.0,11660.0,4800.0,-4.347826086956519,-3.937653814602138,-0.4269854824935915,-6.570512820512819,-6.570512820512819,7.032590051457976,0.0,0.06837606837606838,False,False,False
6961,エンプラス,2026-09-02,9650.0,12460.0,13460.0,10154.0,10708.8,158740.0,9380.0,9720.0,9330.0,9720.0,20400.0,0.7253886010362587,-2.797927461139893,3.6247334754797356,-21.99036918138042,-27.786032689450224,38.47736625514404,8.02568218298556,0.12851203225400026,True,False,False
6962,大真空,2026-09-02,777.0,843.0,843.0,779.8,777.68,296320.0,756.0,760.0,754.0,756.0,23600.0,-2.7027027027026973,-2.7027027027026973,0.0,-10.320284697508896,-10.320284697508896,11.507936507936511,0.0,0.07964362850971922,False,False,False
6963,ローム,2026-09-02,4669.0,5375.0,5375.0,4820.4,4685.52,2981600.0,4717.0,4768.0,4693.0,4737.0,360600.0,1.4564146498179387,1.0280573998714848,0.4239983040067896,-11.869767441860468,-11.869767441860468,13.468439940890864,0.0,0.12094177622752884,True,False,False
6964,サンコー,2026-09-02,696.0,715.0,715.0,700.8,695.2,5520.0,695.0,695.0,694.0,694.0,300.0,-0.2873563218390829,-0.1436781609195359,-0.14388489208633226,-2.9370629370629397,-2.9370629370629397,3.0259365994236287,0.0,0.05434782608695652,False,False,False
6965,浜松ホトニクス,2026-09-02,2310.0,2646.5,2646.5,2350.0,2387.14,2269520.0,2280.0,2301.0,2270.0,2278.0,362600.0,-1.3852813852813894,-1.2987012987012991,-0.08771929824561431,-13.924050632911388,-13.924050632911388,16.176470588235304,0.0,0.15976946667136663,False,False,False
6966,三井ハイテック,2026-09-02,920.0,1002.0,1002.0,939.8,932.76,1420640.0,925.0,929.0,919.0,923.0,155200.0,0.3260869565217428,0.5434782608695565,-0.216216216216214,-7.884231536926145,-7.884231536926145,8.559046587215601,0.0,0.10924653677215902,False,False,False
6969,松尾電機,2026-09-02,984.0,1261.0,1261.0,1014.6,1047.04,29260.0,986.0,1006.0,986.0,1005.0,3400.0,2.1341463414634054,0.20325203252031798,1.9269776876267741,-20.301348136399678,-20.301348136399678,25.472636815920403,0.0,0.11619958988380041,True,False,False
6971,京セラ,2026-09-02,3521.0,3981.0,3981.0,3620.0,3697.64,4225560.0,3507.0,3537.0,3458.0,3473.0,525200.0,-1.363249076966766,-0.3976143141153132,-0.9694895922440883,-12.760612911328817,-12.760612911328817,14.627123524330553,0.0,0.12429121820539762,False,False,False
6976,太陽誘電,2026-09-02,8858.0,11680.0,14150.0,9093.8,9742.68,25029080.0,8999.0,9036.0,8846.0,9016.0,2579900.0,1.7836983517724114,1.5917814405057573,0.18890987887543176,-22.80821917808219,-36.28268551236749,56.94321206743567,21.147260273972602,0.10307610187829516,True,False,False
6977,日本抵抗器製作所,2026-09-02,1423.0,1631.0,1631.0,1449.2,1504.72,3140.0,1432.0,1432.0,1432.0,1432.0,100.0,0.6324666198172846,0.6324666198172846,0.0,-12.201103617412635,-12.201103617412635,13.896648044692729,0.0,0.03184713375796178,False,False,False
6981,村田製作所,2026-09-02,6920.0,8540.0,8817.0,7221.4,7326.16,22224520.0,7001.0,7003.0,6871.0,6911.0,2351200.0,-0.13005780346820872,1.1705202312138674,-1.2855306384802145,-19.074941451990636,-21.617330157649995,27.579221530892784,3.2435597189695464,0.10579306099749286,False,False,False
6982,リード,2026-09-02,577.0,604.0,617.0,576.8,586.28,2020.0,575.0,581.0,575.0,581.0,400.0,0.6932409012131657,-0.34662045060658286,1.043478260869568,-3.8079470198675525,-5.834683954619124,6.196213425129082,2.1523178807947074,0.19801980198019803,True,False,False
6986,双葉電子工業,2026-09-02,764.0,805.0,805.0,774.4,680.0,578120.0,777.0,780.0,762.0,778.0,40500.0,1.8324607329842868,1.7015706806282616,0.12870012870012104,-3.354037267080745,-3.354037267080745,3.470437017994854,0.0,0.07005465993219401,True,False,False
6988,日東電工,2026-09-02,3468.0,3626.0,3630.0,3490.4,3460.28,2552240.0,3451.0,3498.0,3353.0,3400.0,445800.0,-1.9607843137254943,-0.4901960784313708,-1.4778325123152691,-6.23276337562052,-6.336088154269969,6.764705882352939,0.11031439602868787,0.1746700937215936,False,False,False
6989,北陸電気工業,2026-09-02,2417.0,2661.0,2661.0,2457.2,2445.32,9880.0,2425.0,2425.0,2408.0,2408.0,1600.0,-0.37236243276789205,0.3309888291270102,-0.7010309278350557,-9.507703870725292,-9.507703870725292,10.506644518272434,0.0,0.16194331983805668,False,False,False
6993,大黒屋ホールディングス,2026-09-02,85.0,112.0,112.0,87.4,92.24,1936280.0,85.0,86.0,85.0,85.0,113200.0,0.0,0.0,0.0,-24.10714285714286,-24.10714285714286,31.76470588235294,0.0,0.058462619042700434,False,False,False
6994,指月電機製作所,2026-09-02,1146.0,1334.0,1334.0,1213.0,1142.08,205320.0,1143.0,1156.0,1139.0,1142.0,7000.0,-0.3490401396160525,-0.2617801047120394,-0.08748906386701893,-14.3928035982009,-14.3928035982009,16.81260945709282,0.0,0.03409312293006039,False,False,False
6995,東海理化電機製作所,2026-09-02,3135.0,3270.0,3445.0,3167.0,3110.56,131660.0,3225.0,3230.0,3195.0,3210.0,19800.0,2.392344497607657,2.8708133971291794,-0.46511627906976605,-1.834862385321101,-6.821480406386071,7.3208722741433085,5.351681957186538,0.1503873613853866,False,False,False
6996,ニチコン,2026-09-02,2601.0,3325.0,3325.0,2694.0,2814.32,832440.0,2528.0,2550.0,2484.0,2531.0,165500.0,-2.6912725874663646,-2.806612841214917,0.11867088607595555,-23.8796992481203,-23.8796992481203,31.37099960489924,0.0,0.19881312767286533,True,False,False
6997,日本ケミコン,2026-09-02,2753.0,3565.0,3565.0,2830.0,2939.52,883160.0,2652.0,2709.0,2643.0,2692.0,109900.0,-2.2157646204140957,-3.6687250272430028,1.5082956259426794,-24.48807854137447,-24.48807854137447,32.42942050520059,0.0,0.12443951265908781,True,False,False
6998,日本タングステン,2026-09-02,3545.0,3625.0,3625.0,3406.0,2916.52,127640.0,3600.0,3600.0,3525.0,3580.0,9800.0,0.9873060648801113,1.5514809590973178,-0.5555555555555536,-1.2413793103448256,-1.2413793103448256,1.2569832402234526,0.0,0.07677843936070197,False,False,False
6999,ＫＯＡ,2026-09-02,2200.0,2688.0,2922.0,2303.6,2343.12,448540.0,2211.0,2239.0,2200.0,2224.0,62700.0,1.090909090909098,0.49999999999998934,0.587969244685671,-17.261904761904766,-23.887748117727583,31.38489208633093,8.705357142857139,0.13978686404779953,True,False,False
7003,三井Ｅ＆Ｓ,2026-09-02,4114.0,4612.0,5221.0,4344.4,4328.32,2104780.0,4214.0,4310.0,4206.0,4217.0,327800.0,2.503646086533795,2.4307243558580494,0.07119126720456226,-8.564614050303554,-19.230032560812106,23.808394593312787,13.204683434518639,0.15574074250040384,True,False,False
7004,カナデビア,2026-09-02,1147.0,1284.0,1284.0,1181.6,1203.84,1070260.0,1161.0,1169.0,1149.0,1156.0,124100.0,0.7846556233652935,1.2205754141237923,-0.4306632213608941,-9.968847352024923,-9.968847352024923,11.072664359861584,0.0,0.11595313288359838,False,False,False
7011,三菱重工業,2026-09-02,3724.0,4439.0,4439.0,3895.8,3995.32,17097000.0,3818.0,3820.0,3716.0,3727.0,2842100.0,0.08055853920516665,2.5241675617615478,-2.3834468308014722,-16.039648569497633,-16.039648569497633,19.103836866112147,0.0,0.16623384219453705,False,False,False
7012,川崎重工業,2026-09-02,2428.5,2955.5,2955.5,2556.4,2703.76,12123100.0,2457.5,2465.5,2421.5,2426.5,1427400.0,-0.0823553633930385,1.1941527691990972,-1.2614445574771094,-17.898832684824907,-17.898832684824907,21.800947867298582,0.0,0.11774216165832171,False,False,False
7013,ＩＨＩ,2026-09-02,2600.0,3098.0,3098.0,2700.8,2778.08,11107980.0,2665.0,2666.0,2580.5,2586.5,2020400.0,-0.5192307692307718,2.499999999999991,-2.945590994371483,-16.51065203357005,-16.51065203357005,19.775758747341964,0.0,0.18188725582869253,False,False,False
7014,名村造船所,2026-09-02,4485.0,4950.0,4950.0,4709.0,4447.2,1709120.0,4650.0,4775.0,4640.0,4675.0,380900.0,4.236343366778139,3.678929765886285,0.5376344086021501,-5.555555555555558,-5.555555555555558,5.882352941176472,0.0,0.22286322785995133,True,False,False
7018,内海造船,2026-09-02,12040.0,13450.0,13450.0,12734.0,11728.4,38320.0,12550.0,13120.0,12550.0,12670.0,6200.0,5.232558139534893,4.235880398671088,0.9561752988047845,-5.799256505576212,-5.799256505576212,6.156274664561967,0.0,0.1617954070981211,True,False,False
7021,ニッチツ,2026-09-02,2222.0,2230.0,2230.0,2209.2,2125.28,540.0,2249.0,2249.0,2249.0,2249.0,100.0,1.2151215121512182,1.2151215121512182,0.0,0.8520179372197401,0.8520179372197401,-0.8448199199644235,0.0,0.18518518518518517,False,True,True
7022,サノヤスホールディングス,2026-09-02,320.0,320.0,322.0,315.4,312.36,44620.0,322.0,329.0,322.0,329.0,64000.0,2.8124999999999956,0.6250000000000089,2.1739130434782705,2.8124999999999956,2.1739130434782705,-2.127659574468088,0.6250000000000089,1.4343343792021515,True,True,True
7030,スプリックス,2026-09-02,972.0,1150.0,1200.0,982.2,1032.44,15160.0,979.0,979.0,979.0,979.0,700.0,0.7201646090535085,0.7201646090535085,0.0,-14.869565217391301,-18.41666666666667,22.574055158324825,4.347826086956519,0.04617414248021108,False,False,False
7031,インバウンドテック,2026-09-02,680.0,719.0,765.0,694.4,700.2,1140.0,687.0,687.0,687.0,687.0,400.0,1.0294117647058787,1.0294117647058787,0.0,-4.45062586926287,-10.196078431372547,11.353711790393017,6.397774687065372,0.3508771929824561,False,False,False
7033,マネジメントソリューションズ,2026-09-02,1562.0,1744.0,1744.0,1648.0,1557.84,80820.0,1600.0,1604.0,1586.0,1596.0,6000.0,2.176696542893719,2.432778489116516,-0.24999999999999467,-8.486238532110091,-8.486238532110091,9.273182957393477,0.0,0.07423904974016332,False,False,False
7034,プロレド・パートナーズ,2026-09-02,346.0,401.0,475.0,355.4,365.64,46680.0,340.0,344.0,340.0,342.0,12300.0,-1.1560693641618491,-1.7341040462427793,0.588235294117645,-14.71321695760599,-28.000000000000004,38.888888888888886,18.45386533665836,0.2634961439588689,True,False,False
7035,ａｎｄ　ｆａｃｔｏｒｙ,2026-09-02,234.0,339.0,339.0,242.8,258.08,167460.0,227.0,229.0,225.0,227.0,9200.0,-2.991452991452992,-2.991452991452992,0.0,-33.03834808259587,-33.03834808259587,49.33920704845816,0.0,0.05493849277439389,False,False,False
7036,イーエムネットジャパン,2026-09-02,674.0,689.0,689.0,677.4,656.64,1780.0,668.0,668.0,668.0,668.0,300.0,-0.8902077151335286,-0.8902077151335286,0.0,-3.0478955007256947,-3.0478955007256947,3.1437125748503103,0.0,0.16853932584269662,False,False,False
7037,テノ．ホールディングス,2026-09-02,810.0,868.0,880.0,816.2,838.84,14840.0,805.0,805.0,805.0,805.0,700.0,-0.6172839506172867,-0.6172839506172867,0.0,-7.258064516129037,-8.52272727272727,9.316770186335411,1.382488479262678,0.04716981132075472,False,False,False
7038,フロンティア・マネジメント,2026-09-02,587.0,597.0,597.0,586.8,570.44,21220.0,584.0,585.0,584.0,585.0,1200.0,-0.34071550255536653,-0.5110732538330498,0.1712328767123239,-2.010050251256279,-2.010050251256279,2.051282051282044,0.0,0.05655042412818096,True,False,False
7039,ブリッジインターナショナルグループ,2026-09-02,1373.0,1751.0,1760.0,1377.6,1528.8,20360.0,1380.0,1380.0,1366.0,1366.0,200.0,-0.5098324836125268,0.5098324836125379,-1.0144927536231862,-21.987435750999428,-22.386363636363637,28.843338213762813,0.5139920045688084,0.009823182711198428,False,False,False
7040,サン・ライフホールディング,2026-09-02,974.0,1000.0,1000.0,973.4,976.52,440.0,976.0,976.0,976.0,976.0,100.0,0.2053388090349051,0.2053388090349051,0.0,-2.400000000000002,-2.400000000000002,2.4590163934426146,0.0,0.22727272727272727,False,False,False
7041,ＣＲＧホールディングス,2026-09-02,356.0,356.0,360.0,350.4,347.8,4960.0,359.0,360.0,359.0,360.0,1500.0,1.1235955056179803,0.8426966292134797,0.278551532033422,1.1235955056179803,0.0,0.0,1.1235955056179803,0.3024193548387097,True,True,False
7042,アクセスグループ・ホールディングス,2026-09-02,703.0,725.0,725.0,696.8,689.36,1140.0,686.0,686.0,686.0,686.0,200.0,-2.4182076813655806,-2.4182076813655806,0.0,-5.379310344827582,-5.379310344827582,5.685131195335269,0.0,0.17543859649122806,False,False,False
7043,アルー,2026-09-02,946.0,958.0,958.0,941.8,924.92,2300.0,,,,,,,,,,,,0.0,,False,False,False
7044,ピアラ,2026-09-02,508.0,536.0,536.0,519.2,511.76,9280.0,512.0,512.0,512.0,512.0,1000.0,0.7874015748031482,0.7874015748031482,0.0,-4.477611940298509,-4.477611940298509,4.6875,0.0,0.10775862068965517,False,False,False
7046,ＴＤＳＥ,2026-09-02,1316.0,1388.0,1388.0,1338.2,1309.52,2160.0,1379.0,1379.0,1379.0,1379.0,200.0,4.78723404255319,4.78723404255319,0.0,-0.6484149855907728,-0.6484149855907728,0.6526468455402501,0.0,0.09259259259259259,False,False,False
7047,ポート,2026-09-02,2141.0,2690.0,2690.0,2254.2,2371.12,130460.0,2130.0,2142.0,2111.0,2131.0,16500.0,-0.4670714619336769,-0.5137786081270468,0.046948356807519076,-20.780669144981413,-20.780669144981413,26.23181604880338,0.0,0.12647554806070826,True,False,False
7048,ベルトラ,2026-09-02,153.0,163.0,166.0,154.2,155.24,86600.0,160.0,163.0,160.0,162.0,49900.0,5.882352941176472,4.575163398692816,1.2499999999999956,-0.6134969325153339,-2.409638554216864,2.4691358024691468,1.8404907975460016,0.5762124711316398,True,False,False
7049,識学,2026-09-02,800.0,889.0,889.0,825.6,853.84,52440.0,800.0,805.0,800.0,800.0,4300.0,0.0,0.0,0.0,-10.011248593925758,-10.011248593925758,11.125000000000007,0.0,0.08199847444698703,False,False,False
7050,フロンティアインターナショナル,2026-09-02,1440.0,1505.0,1505.0,1457.0,1401.2,8340.0,1424.0,1424.0,1424.0,1424.0,200.0,-1.1111111111111072,-1.1111111111111072,0.0,-5.382059800664452,-5.382059800664452,5.688202247191021,0.0,0.023980815347721823,False,False,False
7057,エヌ・シー・エヌ,2026-09-02,928.0,960.0,960.0,934.6,927.2,1600.0,923.0,923.0,923.0,923.0,700.0,-0.5387931034482762,-0.5387931034482762,0.0,-3.8541666666666696,-3.8541666666666696,4.008667388949072,0.0,0.4375,False,False,False
7058,共栄セキュリティーサービス,2026-09-02,2971.0,3010.0,3300.0,2963.6,2953.88,420.0,2969.0,2969.0,2969.0,2969.0,100.0,-0.06731740154829469,-0.06731740154829469,0.0,-1.3621262458471728,-10.030303030303035,11.148534860222291,9.63455149501662,0.23809523809523808,False,False,False
7059,コプロ・ホールディングス,2026-09-02,909.0,940.0,940.0,926.0,876.52,93960.0,914.0,924.0,910.0,921.0,11300.0,1.320132013201314,0.5500550055005604,0.7658643326039494,-2.021276595744681,-2.021276595744681,2.062975027144409,0.0,0.12026394210302256,True,False,False
7060,ギークス,2026-09-02,606.0,610.0,632.0,601.4,597.12,10020.0,600.0,600.0,600.0,600.0,1100.0,-0.990099009900991,-0.990099009900991,0.0,-1.6393442622950838,-5.063291139240511,5.333333333333323,3.60655737704918,0.10978043912175649,False,False,False
7061,日本ホスピスホールディングス,2026-09-02,475.0,578.0,579.0,479.0,521.96,74180.0,472.0,474.0,472.0,473.0,8300.0,-0.42105263157894424,-0.6315789473684164,0.21186440677967155,-18.166089965397923,-18.307426597582033,22.41014799154335,0.17301038062282892,0.11188999730385549,True,False,False
7062,フレアス,2026-09-02,690.0,815.0,815.0,696.4,750.24,7380.0,685.0,685.0,685.0,685.0,300.0,-0.7246376811594235,-0.7246376811594235,0.0,-15.95092024539877,-15.95092024539877,18.97810218978102,0.0,0.04065040650406504,False,False,False
7063,Ｂｉｒｄｍａｎ,2026-09-02,83.0,112.0,119.0,86.6,93.12,807220.0,83.0,84.0,83.0,84.0,7700.0,1.2048192771084265,0.0,1.2048192771084265,-25.0,-29.411764705882348,41.66666666666667,6.25,0.009538911325289265,True,False,False
7064,ハウテレビジョン,2026-09-02,963.0,964.0,964.0,928.4,877.0,5800.0,984.0,984.0,983.0,983.0,1700.0,2.0768431983385183,2.180685358255441,-0.10162601626015899,1.970954356846466,1.970954356846466,-1.9328585961342792,0.0,0.29310344827586204,False,True,True
7065,ユーピーアール,2026-09-02,986.0,1048.0,1048.0,995.2,1006.8,24460.0,979.0,979.0,979.0,979.0,800.0,-0.7099391480730244,-0.7099391480730244,0.0,-6.583969465648853,-6.583969465648853,7.04800817160367,0.0,0.032706459525756335,False,False,False
7066,ピアズ,2026-09-02,427.0,480.0,480.0,430.0,445.24,6700.0,483.0,483.0,456.0,467.0,17800.0,9.36768149882905,13.114754098360649,-3.31262939958592,-2.708333333333335,-2.708333333333335,2.7837259100642386,0.0,2.656716417910448,False,False,False
7067,ブランディングテクノロジー,2026-09-02,1040.0,1290.0,1290.0,1040.2,1025.8,780.0,1041.0,1041.0,1041.0,1041.0,100.0,0.09615384615384581,0.09615384615384581,0.0,-19.30232558139535,-19.30232558139535,23.9193083573487,0.0,0.1282051282051282,False,False,False
7068,フィードフォースグループ,2026-09-02,609.0,630.0,630.0,619.8,581.84,47000.0,602.0,603.0,600.0,600.0,4000.0,-1.4778325123152691,-1.1494252873563204,-0.33222591362126463,-4.761904761904767,-4.761904761904767,5.000000000000004,0.0,0.0851063829787234,False,False,False
7069,サイバー・バズ,2026-09-02,532.0,694.0,699.0,544.6,590.36,23440.0,543.0,543.0,542.0,542.0,300.0,1.8796992481203034,2.0676691729323293,-0.18416206261510082,-21.90201729106628,-22.460658082975684,28.966789667896677,0.7204610951008661,0.012798634812286689,False,False,False
7071,アンビスホールディングス,2026-09-02,409.0,435.0,435.0,412.2,403.36,299820.0,406.0,407.0,403.0,404.0,66300.0,-1.2224938875305624,-0.7334963325183352,-0.49261083743842304,-7.126436781609192,-7.126436781609192,7.67326732673268,0.0,0.22113267960776467,False,False,False
7072,インティメート・マージャー,2026-09-02,1115.0,1253.0,1253.0,1136.0,1131.56,9040.0,1101.0,1105.0,1080.0,1080.0,1400.0,-3.139013452914796,-1.255605381165914,-1.9073569482288777,-13.806863527533919,-13.806863527533919,16.01851851851852,0.0,0.15486725663716813,False,False,False
7073,ジェイック,2026-09-02,2342.0,2399.0,2520.0,2318.6,2273.28,960.0,2348.0,2348.0,2348.0,2348.0,300.0,0.256191289496166,0.256191289496166,0.0,-2.125885785744064,-6.825396825396823,7.325383304940369,5.043768236765311,0.3125,False,False,False
7074,トゥエンティーフォーセブンホールディングス,2026-09-02,192.0,206.0,207.0,190.2,192.08,2760.0,194.0,194.0,189.0,189.0,3500.0,-1.5625,1.041666666666674,-2.577319587628868,-8.252427184466015,-8.695652173913048,9.523809523809534,0.4854368932038833,1.2681159420289856,False,False,False
7075,ＱＬＳホールディングス,2026-09-02,933.0,940.0,940.0,897.8,854.72,13960.0,940.0,940.0,931.0,938.0,3200.0,0.5359056806002238,0.7502679528403,-0.21276595744680327,-0.21276595744680327,-0.21276595744680327,0.2132196162046851,0.0,0.22922636103151864,False,False,False
7077,ＡＬｉＮＫインターネット,2026-09-02,987.0,1021.0,1024.0,984.2,1007.48,6340.0,979.0,989.0,979.0,989.0,1100.0,0.20263424518742745,-0.8105369807497431,1.0214504596527174,-3.1341821743388842,-3.41796875,3.5389282103134523,0.2938295788442735,0.17350157728706625,True,False,False
7078,ＩＮＣＬＵＳＩＶＥ　Ｈｏｌｄｉｎｇｓ,2026-09-02,349.0,419.0,419.0,360.6,345.2,118320.0,347.0,350.0,347.0,348.0,1300.0,-0.2865329512893977,-0.5730659025787954,0.2881844380403509,-16.945107398568016,-16.945107398568016,20.402298850574716,0.0,0.010987153482082488,True,False,False
7079,ＷＤＢココ,2026-09-02,2558.0,2646.0,2646.0,2563.0,2586.4,4640.0,2575.0,2575.0,2540.0,2541.0,4000.0,-0.6645817044566016,0.6645817044566016,-1.3203883495145674,-3.9682539682539653,-3.9682539682539653,4.132231404958686,0.0,0.8620689655172413,False,False,False
7080,スポーツフィールド,2026-09-02,879.0,910.0,910.0,868.0,844.52,18020.0,888.0,888.0,888.0,888.0,1300.0,1.0238907849829282,1.0238907849829282,0.0,-2.41758241758242,-2.41758241758242,2.4774774774774855,0.0,0.07214206437291898,False,False,False
7081,コーユーレンティア,2026-09-02,1302.0,1346.0,1346.0,1306.4,1311.72,5460.0,1296.0,1296.0,1295.0,1295.0,700.0,-0.5376344086021501,-0.4608294930875556,-0.07716049382715529,-3.7890044576523008,-3.7890044576523008,3.9382239382239392,0.0,0.1282051282051282,False,False,False
7082,ジモティー,2026-09-02,1406.0,1408.0,1408.0,1406.2,1405.64,7160.0,1407.0,1407.0,1407.0,1407.0,100.0,0.07112375533429027,0.07112375533429027,0.0,-0.07102272727272929,-0.07102272727272929,0.0710732054015617,0.0,0.013966480446927373,False,False,False
7083,ＡＨＣグループ,2026-09-02,1100.0,1185.0,1185.0,1094.6,1064.4,3360.0,1099.0,1099.0,1099.0,1099.0,400.0,-0.09090909090908594,-0.09090909090908594,0.0,-7.257383966244724,-7.257383966244724,7.825295723384906,0.0,0.11904761904761904,False,False,False
7084,Ｓｍｉｌｅ　Ｈｏｌｄｉｎｇｓ,2026-09-02,2962.0,3065.0,3065.0,2850.6,2774.2,5180.0,2979.0,2979.0,2963.0,2974.0,1500.0,0.4051316677920358,0.5739365293720544,-0.16784155756965902,-2.969004893964111,-2.969004893964111,3.059852051109613,0.0,0.28957528957528955,False,False,False
7085,カーブスホールディングス,2026-09-02,935.0,986.0,998.0,944.2,952.52,909320.0,914.0,916.0,908.0,913.0,104800.0,-2.352941176470591,-2.2459893048128343,-0.1094091903719896,-7.4036511156186595,-8.517034068136276,9.309967141292441,1.2170385395537497,0.11525095675889675,False,False,False
7087,ウイルテック,2026-09-02,1414.0,1423.0,1423.0,1409.6,1382.28,4120.0,1439.0,1448.0,1438.0,1448.0,1100.0,2.40452616690241,1.7680339462517791,0.6254343293954134,1.7568517217146917,1.7568517217146917,-1.7265193370165743,0.0,0.2669902912621359,True,True,True
7089,フォースタートアップス,2026-09-02,1480.0,1752.0,1752.0,1522.2,1590.12,18740.0,1494.0,1502.0,1489.0,1489.0,700.0,0.6081081081081186,0.9459459459459474,-0.33467202141901353,-15.011415525114158,-15.011415525114158,17.66286098052383,0.0,0.03735325506937033,False,False,False
7090,リグア,2026-09-02,945.0,954.0,954.0,935.6,853.56,1380.0,929.0,929.0,929.0,929.0,300.0,-1.6931216931216908,-1.6931216931216908,0.0,-2.6205450733752578,-2.6205450733752578,2.6910656620021456,0.0,0.21739130434782608,False,False,False
7091,リビングプラットフォーム,2026-09-02,1289.0,1300.0,1300.0,1288.4,1242.48,12960.0,1261.0,1270.0,1261.0,1267.0,700.0,-1.706749418153608,-2.172226532195498,0.4758128469468659,-2.538461538461534,-2.538461538461534,2.6045777426992878,0.0,0.05401234567901234,True,False,False
7093,アディッシュ,2026-09-02,605.0,617.0,617.0,596.8,563.24,6000.0,591.0,591.0,576.0,576.0,1700.0,-4.793388429752065,-2.3140495867768562,-2.538071065989844,-6.645056726094001,-6.645056726094001,7.118055555555558,0.0,0.2833333333333333,False,False,False
7094,ＮｅｘＴｏｎｅ,2026-09-02,1824.0,1992.0,1992.0,1911.6,1711.84,162440.0,1838.0,1851.0,1838.0,1847.0,4600.0,1.2609649122806932,0.7675438596491224,0.4896626768226442,-7.2791164658634555,-7.2791164658634555,7.850568489442344,0.0,0.028318148239349913,True,False,False
7095,Ｍａｃｂｅｅ　Ｐｌａｎｅｔ,2026-09-02,1240.0,1305.0,1305.0,1271.8,1243.64,54200.0,1238.0,1259.0,1238.0,1258.0,8300.0,1.4516129032257963,-0.1612903225806428,1.6155088852988664,-3.6015325670498033,-3.6015325670498033,3.7360890302066796,0.0,0.15313653136531366,True,False,False
7096,ステムセル研究所,2026-09-02,759.0,775.0,775.0,763.4,750.0,3020.0,758.0,761.0,757.0,761.0,1200.0,0.26350461133068936,-0.13175230566534468,0.3957783641160839,-1.806451612903226,-1.806451612903226,1.8396846254927768,0.0,0.3973509933774834,True,False,False
7097,さくらさくプラス,2026-09-02,2753.0,2790.0,3020.0,2761.2,2751.28,3700.0,2750.0,2768.0,2750.0,2768.0,300.0,0.5448601525608332,-0.10897203051216664,0.6545454545454632,-0.7885304659498216,-8.344370860927153,9.104046242774565,8.24372759856631,0.08108108108108109,True,False,False
7102,日本車輌製造,2026-09-02,3570.0,3830.0,3925.0,3698.0,3579.2,39220.0,3595.0,3595.0,3550.0,3590.0,5600.0,0.5602240896358524,0.7002801120448154,-0.13908205841446364,-6.266318537859005,-8.535031847133755,9.33147632311977,2.4804177545691974,0.14278429372768994,False,False,False
7110,クラシコム,2026-09-02,2015.0,2053.0,2120.0,2026.8,2018.24,2780.0,2023.0,2023.0,2023.0,2023.0,200.0,0.3970223325062028,0.3970223325062028,0.0,-1.4612761811982455,-4.575471698113209,4.794859120118633,3.263516804676092,0.07194244604316546,False,False,False
7111,ＩＮＥＳＴ,2026-09-02,533.0,549.0,549.0,533.0,504.6,15540.0,534.0,534.0,531.0,531.0,200.0,-0.37523452157598447,0.18761726078799779,-0.5617977528089901,-3.2786885245901676,-3.2786885245901676,3.3898305084745672,0.0,0.01287001287001287,False,False,False
7112,キューブ,2026-09-02,698.0,723.0,723.0,698.8,705.32,3060.0,698.0,698.0,697.0,697.0,300.0,-0.14326647564469885,0.0,-0.14326647564469885,-3.596127247579528,-3.596127247579528,3.73027259684362,0.0,0.09803921568627451,False,False,False
7114,フーディソン,2026-09-02,777.0,810.0,810.0,776.2,784.2,2160.0,776.0,776.0,776.0,776.0,100.0,-0.12870012870013214,-0.12870012870013214,0.0,-4.19753086419753,-4.19753086419753,4.381443298969079,0.0,0.046296296296296294,False,False,False
7115,アルファパーチェス,2026-09-02,1467.0,1690.0,1700.0,1492.6,1541.0,5000.0,1467.0,1467.0,1467.0,1467.0,800.0,0.0,0.0,0.0,-13.195266272189354,-13.70588235294118,15.88275391956373,0.591715976331364,0.16,False,False,False
7119,ハルメクホールディングス,2026-09-02,1851.0,1898.0,1898.0,1809.2,1731.2,14300.0,1890.0,1892.0,1811.0,1840.0,6100.0,-0.5942733657482435,2.1069692058346856,-2.645502645502651,-3.0558482613277094,-3.0558482613277094,3.1521739130434767,0.0,0.42657342657342656,False,False,False
7120,ＳＨＩＮＫＯ,2026-09-02,995.0,1100.0,1100.0,1002.6,1016.24,13040.0,1004.0,1004.0,990.0,1002.0,13500.0,0.7035175879396949,0.9045226130653283,-0.19920318725099584,-8.90909090909091,-8.90909090909091,9.78043912175648,0.0,1.0352760736196318,False,False,False
7122,近畿車輛,2026-09-02,2417.0,2475.0,2475.0,2442.8,2377.16,3140.0,2445.0,2445.0,2420.0,2431.0,2500.0,0.579230450972279,1.158460901944558,-0.572597137014319,-1.7777777777777781,-1.7777777777777781,1.8099547511312153,0.0,0.7961783439490446,False,False,False
7126,グローバルスタイル,2026-09-02,1436.0,1443.0,1575.0,1427.8,1423.04,2060.0,1435.0,1435.0,1427.0,1427.0,1100.0,-0.6267409470752106,-0.0696378830083555,-0.5574912891986084,-1.1088011088011052,-9.396825396825392,10.371408549404348,9.147609147609149,0.5339805825242718,False,False,False
7127,一家ホールディングス,2026-09-02,708.0,709.0,709.0,705.6,701.4,7160.0,710.0,710.0,708.0,708.0,400.0,0.0,0.28248587570620654,-0.28169014084507005,-0.14104372355430161,-0.14104372355430161,0.14124293785311437,0.0,0.055865921787709494,False,False,False
7128,ユニソルホールディングス,2026-09-02,2720.0,3045.0,3045.0,2759.6,2870.64,124300.0,2724.0,2729.0,2710.0,2715.0,12300.0,-0.18382352941176405,0.14705882352941124,-0.3303964757709221,-10.837438423645319,-10.837438423645319,12.154696132596676,0.0,0.09895414320193081,False,False,False
7129,ミアヘルサホールディングス,2026-09-02,1170.0,1178.0,1178.0,1170.4,1156.16,1780.0,1168.0,1168.0,1168.0,1168.0,200.0,-0.17094017094017033,-0.17094017094017033,0.0,-0.8488964346349714,-0.8488964346349714,0.8561643835616417,0.0,0.11235955056179775,False,False,False
7130,ヤマエグループホールディングス,2026-09-02,2899.0,2996.0,3035.0,2879.0,2888.68,68120.0,2851.0,2851.0,2829.0,2832.0,10700.0,-2.3111417730251826,-1.6557433597792381,-0.6664328305857614,-5.473965287049398,-6.688632619439872,7.168079096045199,1.3017356475300446,0.1570757486788021,False,False,False
7131,のむら産業,2026-09-02,3675.0,3720.0,3760.0,3633.0,3585.4,2720.0,3745.0,3745.0,3745.0,3745.0,1200.0,1.904761904761898,1.904761904761898,0.0,0.6720430107526987,-0.3989361702127714,0.4005340453938633,1.0752688172043001,0.4411764705882353,False,True,False
7133,ＨＹＵＧＡ　ＰＲＩＭＡＲＹ　ＣＡＲＥ,2026-09-02,1298.0,1347.0,1347.0,1299.8,1273.76,2940.0,1311.0,1311.0,1311.0,1311.0,300.0,1.001540832049308,1.001540832049308,0.0,-2.6726057906458767,-2.6726057906458767,2.7459954233409523,0.0,0.10204081632653061,False,False,False
7134,アップガレージグループ,2026-09-02,1373.0,1516.0,1516.0,1381.8,1405.44,6560.0,1340.0,1369.0,1340.0,1360.0,900.0,-0.9468317552804084,-2.4034959941733436,1.4925373134328401,-10.290237467018471,-10.290237467018471,11.470588235294121,0.0,0.13719512195121952,True,False,False
7135,ジャパンクラフトホールディングス,2026-09-02,180.0,220.0,221.0,181.0,195.6,30200.0,180.0,180.0,180.0,180.0,15100.0,0.0,0.0,0.0,-18.181818181818176,-18.552036199095024,22.777777777777786,0.454545454545463,0.5,False,False,False
7138,ＴＯＲＩＣＯ,2026-09-02,156.0,218.0,218.0,170.6,144.96,1907440.0,158.0,163.0,156.0,157.0,495700.0,0.6410256410256387,1.2820512820512775,-0.6329113924050667,-27.981651376146786,-27.981651376146786,38.85350318471337,0.0,0.2598771127794321,False,False,False
7140,ペットゴー,2026-09-02,799.0,815.0,817.0,799.8,802.64,1980.0,799.0,802.0,799.0,801.0,1600.0,0.25031289111390187,0.0,0.25031289111390187,-1.717791411042946,-1.9583843329253336,1.9975031210986316,0.24539877300613355,0.8080808080808081,True,False,False
7148,ＦＰＧ,2026-09-02,1687.0,1736.0,1797.0,1695.6,1651.44,546400.0,1690.0,1695.0,1688.0,1692.0,43700.0,0.29638411381149865,0.1778304682868992,0.11834319526626835,-2.5345622119815614,-5.843071786310516,6.205673758865249,3.5138248847926157,0.07997803806734993,True,False,False
7150,島根銀行,2026-09-02,530.0,550.0,550.0,535.4,508.92,30540.0,534.0,540.0,534.0,535.0,1800.0,0.9433962264151052,0.7547169811320753,0.1872659176029856,-2.7272727272727226,-2.7272727272727226,2.8037383177569986,0.0,0.05893909626719057,True,False,False
7157,ライフネット生命保険,2026-09-02,1427.0,1724.0,1724.0,1454.2,1564.88,245760.0,1425.0,1429.0,1420.0,1425.0,17200.0,-0.14015416958654825,-0.14015416958654825,0.0,-17.343387470997683,-17.343387470997683,20.98245614035088,0.0,0.06998697916666667,False,False,False
7161,じもとホールディングス,2026-09-02,581.0,599.0,599.0,585.4,548.68,112400.0,607.0,612.0,600.0,603.0,43800.0,3.7865748709122293,4.475043029259895,-0.658978583196046,0.6677796327211993,0.6677796327211993,-0.6633499170812573,0.0,0.3896797153024911,False,True,True
7162,アストマックス,2026-09-02,308.0,322.0,322.0,277.4,264.92,334100.0,301.0,302.0,298.0,298.0,12800.0,-3.2467532467532423,-2.2727272727272707,-0.9966777408637828,-7.453416149068326,-7.453416149068326,8.053691275167797,0.0,0.038311882669859326,False,False,False
7164,全国保証,2026-09-02,3206.0,3241.0,3274.0,3214.6,3152.96,294820.0,3202.0,3207.0,3193.0,3199.0,29400.0,-0.21834061135370675,-0.12476606363068798,-0.09369144284822051,-1.295896328293733,-2.2907758094074526,2.3444826508283834,1.0182042579450767,0.0997218641883183,False,False,False
7167,めぶきフィナンシャルグループ,2026-09-02,1673.5,1720.0,1720.0,1696.2,1612.68,2579260.0,1710.0,1715.0,1663.0,1674.0,657900.0,0.02987750224081598,2.181057663579322,-2.1052631578947323,-2.674418604651163,-2.674418604651163,2.7479091995221028,0.0,0.25507316051890855,False,False,False
7172,ジャパンインベストメントアドバイザー,2026-09-02,2095.0,2144.0,2164.0,2117.8,2076.44,150700.0,2094.0,2103.0,2090.0,2098.0,11600.0,0.14319809069212042,-0.04773269689737347,0.19102196752627254,-2.1455223880597063,-3.049907578558231,3.1458531935176337,0.9328358208955168,0.07697412076974121,True,False,False
7173,東京きらぼしフィナンシャルグループ,2026-09-02,1685.0,1855.0,1855.0,1717.0,1719.88,1147100.0,1700.0,1714.0,1683.0,1698.0,145500.0,0.7715133531157381,0.8902077151335286,-0.11764705882353343,-8.463611859838272,-8.463611859838272,9.246171967020022,0.0,0.1268416005579287,False,False,False
7175,今村証券,2026-09-02,1900.0,2035.0,2035.0,1960.2,1783.88,15660.0,1980.0,1980.0,1980.0,1980.0,1000.0,4.210526315789465,4.210526315789465,0.0,-2.7027027027026973,-2.7027027027026973,2.777777777777768,0.0,0.06385696040868455,False,False,False
7177,ＧＭＯフィナンシャルホールディングス,2026-09-02,1165.0,1243.0,1243.0,1196.8,1119.0,315300.0,1173.0,1182.0,1160.0,1166.0,68500.0,0.08583690987125081,0.6866952789699621,-0.5967604433077534,-6.194690265486724,-6.194690265486724,6.60377358490567,0.0,0.21725340945131622,False,False,False
7180,九州フィナンシャルグループ,2026-09-02,1596.0,1610.5,1620.0,1579.1,1525.34,998940.0,1622.5,1630.0,1584.0,1593.5,237700.0,-0.15664160401002158,1.660401002506262,-1.7873651771956878,-1.0555728034771783,-1.6358024691358053,1.6630059617194881,0.5898789195901921,0.2379522293631249,False,False,False
7181,かんぽ生命保険,2026-09-02,1698.5,1788.0,1797.5,1692.5,1694.94,2744600.0,1750.0,1761.0,1727.5,1733.0,336800.0,2.0312040035325385,3.0320871357079726,-0.9714285714285675,-3.076062639821031,-3.5883171070931863,3.7218695903058263,0.5313199105145383,0.12271369234132479,False,False,False
7182,ゆうちょ銀行,2026-09-02,3387.0,3422.0,3465.0,3368.2,3218.24,6164180.0,3432.0,3442.0,3325.0,3348.0,1559400.0,-1.1514614703277193,1.3286093888396744,-2.447552447552448,-2.162478082992403,-3.3766233766233777,3.4946236559139754,1.256575102279367,0.2529776872187379,False,False,False
7183,あんしん保証,2026-09-02,254.0,255.0,255.0,254.2,254.08,14320.0,254.0,254.0,254.0,254.0,4700.0,0.0,0.0,0.0,-0.39215686274509665,-0.39215686274509665,0.3937007874015741,0.0,0.32821229050279327,False,False,False
7184,富山第一銀行,2026-09-02,3300.0,3470.0,3470.0,3380.0,3161.72,172300.0,3355.0,3395.0,3275.0,3300.0,23600.0,0.0,1.6666666666666607,-1.6393442622950838,-4.899135446685876,-4.899135446685876,5.151515151515151,0.0,0.13697040046430645,False,False,False
7185,ヒロセ通商,2026-09-02,3905.0,3950.0,3950.0,3928.0,3917.0,6640.0,3920.0,3920.0,3920.0,3920.0,400.0,0.3841229193341844,0.3841229193341844,0.0,-0.75949367088608,-0.75949367088608,0.7653061224489832,0.0,0.060240963855421686,False,False,False
7186,横浜フィナンシャルグループ,2026-09-02,1923.5,1970.0,1995.5,1935.0,1885.28,3720620.0,1991.0,1991.5,1929.5,1942.0,899100.0,0.9617884065505677,3.509227969846629,-2.4610748367654423,-1.4213197969543123,-2.681032322726129,2.7548918640576625,1.2944162436548279,0.24165327284162316,False,False,False
7187,ジェイリース,2026-09-02,1338.0,1410.0,1410.0,1372.2,1370.56,56020.0,1353.0,1366.0,1352.0,1363.0,6000.0,1.86846038863977,1.1210762331838486,0.7390983000739038,-3.3333333333333326,-3.3333333333333326,3.4482758620689724,0.0,0.10710460549803641,True,False,False
7189,西日本フィナンシャルホールディングス,2026-09-02,4947.0,5006.0,5006.0,4867.4,4616.24,427040.0,5012.0,5026.0,4894.0,4915.0,68400.0,-0.6468566808166543,1.313927632908829,-1.9353551476456454,-1.8178186176588063,-1.8178186176588063,1.85147507629706,0.0,0.16017234919445486,False,False,False
7191,イントラスト,2026-09-02,1168.0,1188.0,1188.0,1169.6,1157.48,12360.0,1130.0,1157.0,1128.0,1147.0,18700.0,-1.7979452054794565,-3.253424657534243,1.504424778761071,-3.4511784511784493,-3.4511784511784493,3.574542284219695,0.0,1.5129449838187703,True,False,False
7192,日本モーゲージサービス,2026-09-02,628.0,644.0,644.0,630.4,622.44,11100.0,666.0,689.0,666.0,678.0,20300.0,7.961783439490455,6.050955414012749,1.8018018018018056,5.2795031055900665,5.2795031055900665,-5.014749262536878,0.0,1.8288288288288288,True,True,True
7196,Ｃａｓａ,2026-09-02,748.0,758.0,790.0,744.8,744.16,7820.0,746.0,747.0,746.0,747.0,800.0,-0.13368983957219305,-0.2673796791443861,0.13404825737264314,-1.451187335092352,-5.44303797468354,5.756358768406966,4.221635883905006,0.10230179028132992,True,False,False
7198,ＳＢＩアルヒ,2026-09-02,828.0,853.0,853.0,837.4,829.84,112040.0,837.0,838.0,833.0,834.0,7400.0,0.7246376811594235,1.0869565217391353,-0.35842293906810374,-2.2274325908558046,-2.2274325908558046,2.278177458033581,0.0,0.06604784005712246,False,False,False
7199,プレミアグループ,2026-09-02,2051.0,2265.0,2265.0,2109.0,2106.88,177780.0,2100.0,2109.0,2088.0,2088.0,18100.0,1.8039980497318364,2.3890784982935065,-0.5714285714285672,-7.814569536423843,-7.814569536423843,8.477011494252885,0.0,0.101811227359658,False,False,False
7201,日産自動車,2026-09-02,317.6000061035156,351.5,358.20001220703125,323.6,331.8400012207032,48493480.0,317.0,319.5,312.8999938964844,314.0,10717500.0,-1.1335031594244538,-0.1889187947055837,-0.9463722397476393,-10.668563300142242,-12.339478140912142,14.076437008608679,1.9061201157983598,0.22100909235633326,False,False,False
7202,いすゞ自動車,2026-09-02,2214.5,2332.5,2487.0,2252.4,2272.6,3166260.0,2236.0,2246.0,2222.5,2229.5,281500.0,0.6773538044705374,0.9708737864077666,-0.29069767441860517,-4.415862808145765,-10.353839967832734,11.549674814980948,6.623794212218659,0.08890615426402128,False,False,False
7203,トヨタ自動車,2026-09-02,3133.0,3269.0,3269.0,3145.0,3053.54,26511620.0,3126.0,3142.0,3094.0,3105.0,4733500.0,-0.8937120970315959,-0.22342802425789898,-0.6717850287907834,-5.016824717038848,-5.016824717038848,5.281803542673114,0.0,0.1785443514956838,False,False,False
7208,カネミツ,2026-09-02,1319.0,1360.0,1366.0,1311.6,1311.92,1680.0,1312.0,1319.0,1310.0,1310.0,400.0,-0.6823351023502622,-0.5307050796057644,-0.1524390243902385,-3.676470588235292,-4.099560761346998,4.274809160305337,0.4411764705882337,0.23809523809523808,False,False,False
7211,三菱自動車工業,2026-09-02,374.2000122070313,406.2999877929688,406.2999877929688,386.0800048828125,362.0360034179688,13071480.0,377.20001220703125,380.0,369.5,370.3999938964844,2352000.0,-1.0155045928872175,0.8017102891862526,-1.8027619539987216,-8.835834352714123,-8.835834352714123,9.692223133922994,0.0,0.17993371829356736,False,False,False
7212,エフテック,2026-09-02,746.0,765.0,765.0,749.6,720.36,20660.0,739.0,744.0,739.0,744.0,18500.0,-0.2680965147453085,-0.9383378016085797,0.6765899864682012,-2.7450980392156876,-2.7450980392156876,2.822580645161299,0.0,0.8954501452081317,True,False,False
7213,レシップホールディングス,2026-09-02,683.0,693.0,693.0,681.6,652.24,18120.0,677.0,678.0,673.0,674.0,3100.0,-1.3177159590043952,-0.8784773060029227,-0.4431314623338234,-2.741702741702745,-2.741702741702745,2.8189910979228516,0.0,0.17108167770419427,False,False,False
7214,ＧＭＢ,2026-09-02,1112.0,1184.0,1184.0,1114.4,1100.56,5680.0,1113.0,1130.0,1113.0,1113.0,15000.0,0.08992805755396738,0.08992805755396738,0.0,-5.996621621621623,-5.996621621621623,6.379155435759198,0.0,2.640845070422535,False,False,False
7215,ファルテック,2026-09-02,423.0,460.0,460.0,435.2,435.2,6020.0,424.0,426.0,420.0,425.0,4200.0,0.47281323877068626,0.23640661938533203,0.2358490566037652,-7.608695652173914,-7.608695652173914,8.23529411764705,0.0,0.6976744186046512,True,False,False
7217,テイン,2026-09-02,460.0,467.0,467.0,456.0,447.36,20140.0,457.0,457.0,457.0,457.0,100.0,-0.6521739130434745,-0.6521739130434745,0.0,-2.1413276231263434,-2.1413276231263434,2.188183807439814,0.0,0.004965243296921549,False,False,False
7218,田中精密工業,2026-09-02,1157.0,1220.0,1220.0,1155.8,1092.84,5620.0,1172.0,1172.0,1172.0,1172.0,200.0,1.2964563526361328,1.2964563526361328,0.0,-3.934426229508192,-3.934426229508192,4.095563139931735,0.0,0.03558718861209965,False,False,False
7219,エッチ・ケー・エス,2026-09-02,2530.0,2747.0,2747.0,2554.2,2633.32,3860.0,2523.0,2525.0,2500.0,2502.0,800.0,-1.1067193675889375,-0.2766798418972316,-0.8323424494649179,-8.918820531488903,-8.918820531488903,9.792166266986403,0.0,0.20725388601036268,False,False,False
7220,武蔵精密工業,2026-09-02,2908.0,3825.0,3825.0,3121.6,3318.92,925600.0,2801.0,2842.0,2790.0,2826.0,100200.0,-2.8198074277854146,-3.6795048143053677,0.8925383791503094,-26.117647058823536,-26.117647058823536,35.35031847133758,0.0,0.10825410544511668,True,False,False
7222,日産車体,2026-09-02,922.0,984.0,1005.0,935.0,952.28,101880.0,918.0,919.0,913.0,914.0,20900.0,-0.8676789587852451,-0.4338394793926281,-0.43572984749454813,-7.113821138211385,-9.054726368159205,9.956236323851208,2.1341463414634054,0.20514330585001964,False,False,False
7224,新明和工業,2026-09-02,1933.0,2045.0,2045.0,1975.4,1987.52,174940.0,1955.0,1955.0,1927.0,1935.0,17600.0,0.10346611484739476,1.1381272633212536,-1.0230179028132946,-5.378973105134477,-5.378973105134477,5.68475452196382,0.0,0.10060592203041042,False,False,False
7226,極東開発工業,2026-09-02,2304.0,2379.0,2388.0,2328.6,2333.04,270400.0,2302.0,2306.0,2293.0,2298.0,36700.0,-0.26041666666666297,-0.08680555555555802,-0.17376194613379914,-3.4047919293820894,-3.7688442211055273,3.9164490861618884,0.3783102143757988,0.13572485207100593,False,False,False
7228,デイトナ,2026-09-02,4040.0,4100.0,4100.0,4051.0,3965.4,1860.0,4040.0,4055.0,4040.0,4055.0,1200.0,0.3712871287128605,0.0,0.3712871287128605,-1.097560975609757,-1.097560975609757,1.1097410604192337,0.0,0.6451612903225806,True,False,False
7231,トピー工業,2026-09-02,3080.0,3195.0,3195.0,3102.0,2998.2,57520.0,3105.0,3130.0,3065.0,3075.0,13300.0,-0.16233766233766378,0.8116883116883189,-0.9661835748792313,-3.7558685446009377,-3.7558685446009377,3.9024390243902474,0.0,0.2312239221140473,False,False,False
7235,東京ラヂエーター製造,2026-09-02,1559.0,1623.0,1623.0,1578.6,1571.88,21560.0,1553.0,1557.0,1547.0,1557.0,7700.0,-0.12828736369467908,-0.38486209108402614,0.25756600128783447,-4.06654343807763,-4.06654343807763,4.2389210019267765,0.0,0.35714285714285715,True,False,False
7236,ティラド,2026-09-02,1527.0,1611.0,1611.0,1560.4,1537.28,243100.0,1527.0,1531.0,1510.0,1520.0,23200.0,-0.4584151931892655,0.0,-0.4584151931892655,-5.648665425201738,-5.648665425201738,5.986842105263168,0.0,0.09543397778691896,False,False,False
7238,曙ブレーキ工業,2026-09-02,106.0,116.0,116.0,107.8,108.88,2481820.0,107.0,107.0,106.0,107.0,1207800.0,0.9433962264151052,0.9433962264151052,0.0,-7.758620689655171,-7.758620689655171,8.411214953271017,0.0,0.4866589841326124,False,False,False
7239,タチエス,2026-09-02,2353.0,2405.0,2405.0,2367.2,2313.56,77540.0,2364.0,2369.0,2347.0,2350.0,12100.0,-0.12749681257968604,0.46748831279217473,-0.5922165820642977,-2.2869022869022815,-2.2869022869022815,2.3404255319148914,0.0,0.15604849110136704,False,False,False
7240,ＮＯＫ,2026-09-02,3049.0,3138.0,3138.0,3069.0,3033.86,421480.0,3067.0,3071.0,2995.5,3010.0,65200.0,-1.2791079042308917,0.5903574942604184,-1.85849364199544,-4.079031230082853,-4.079031230082853,4.252491694352156,0.0,0.15469298661858213,False,False,False
7241,フタバ産業,2026-09-02,1115.0,1146.0,1146.0,1121.6,1081.4,270680.0,1120.0,1124.0,1112.0,1115.0,95500.0,0.0,0.4484304932735439,-0.44642857142856984,-2.705061082024429,-2.705061082024429,2.780269058295959,0.0,0.3528151322594946,False,False,False
7242,カヤバ,2026-09-02,4765.0,4835.0,4835.0,4760.0,4614.6,114260.0,4840.0,4840.0,4770.0,4805.0,38000.0,0.8394543546694555,1.5739769150052485,-0.723140495867769,-0.6204756980351611,-0.6204756980351611,0.624349635796051,0.0,0.3325748293366007,False,False,False
7244,市光工業,2026-09-02,573.0,598.0,598.0,567.2,556.68,151920.0,589.0,589.0,576.0,579.0,22100.0,1.0471204188481575,2.7923211169284423,-1.697792869269954,-3.17725752508361,-3.17725752508361,3.2815198618307395,0.0,0.14547130068457081,False,False,False
7245,大同メタル工業,2026-09-02,1165.0,1556.0,1556.0,1219.6,1320.12,332500.0,1160.0,1165.0,1149.0,1156.0,69700.0,-0.7725321888412018,-0.42918454935622075,-0.34482758620689724,-25.70694087403599,-25.70694087403599,34.602076124567475,0.0,0.20962406015037593,False,False,False
7246,プレス工業,2026-09-02,997.0,1029.0,1029.0,1004.2,956.04,313180.0,1037.0,1038.0,1020.0,1025.0,74300.0,2.8084252758274753,4.012036108324968,-1.1571841851494735,-0.38872691933916625,-0.38872691933916625,0.39024390243902474,0.0,0.2372437575834983,False,False,False
7247,ミクニ,2026-09-02,375.0,379.0,379.0,374.2,368.88,45260.0,377.0,377.0,373.0,374.0,12900.0,-0.2666666666666706,0.5333333333333412,-0.7957559681697646,-1.319261213720313,-1.319261213720313,1.3368983957219305,0.0,0.28501988510826337,False,False,False
7254,ユニバンス,2026-09-02,837.0,863.0,863.0,835.2,814.48,3660.0,832.0,832.0,832.0,832.0,200.0,-0.5973715651135025,-0.5973715651135025,0.0,-3.5921205098493614,-3.5921205098493614,3.725961538461542,0.0,0.0546448087431694,False,False,False
7255,桜井製作所,2026-09-02,515.0,533.0,580.0,514.8,523.88,1720.0,505.0,510.0,505.0,510.0,600.0,-0.9708737864077666,-1.9417475728155331,0.990099009900991,-4.315196998123827,-12.06896551724138,13.725490196078427,8.818011257035652,0.3488372093023256,True,False,False
7256,河西工業,2026-09-02,414.0,511.0,511.0,419.2,429.68,110300.0,447.0,447.0,436.0,436.0,23600.0,5.31400966183575,7.971014492753614,-2.460850111856827,-14.677103718199614,-14.677103718199614,17.20183486238531,0.0,0.21396192203082504,False,False,False
7259,アイシン,2026-09-02,2229.0,2325.0,2545.5,2252.0,2260.14,2447240.0,2259.0,2270.0,2232.5,2240.5,277200.0,0.5159264244055661,1.3458950201884257,-0.8189464364763199,-3.6344086021505406,-11.981928894126892,13.613032805177404,9.483870967741925,0.11327045978326605,False,False,False
7261,マツダ,2026-09-02,1217.5,1275.0,1275.0,1227.0,1186.62,7493080.0,1211.5,1214.5,1190.0,1194.5,1359400.0,-1.8891170431211468,-0.4928131416837789,-1.4032191498142832,-6.3137254901960755,-6.3137254901960755,6.739221431561315,0.0,0.1814207241881843,False,False,False
7264,ムロコーポレーション,2026-09-02,1355.0,1410.0,1410.0,1351.6,1344.24,2580.0,1352.0,1352.0,1351.0,1351.0,300.0,-0.2952029520295163,-0.22140221402213722,-0.07396449704142327,-4.184397163120568,-4.184397163120568,4.367135455218363,0.0,0.11627906976744186,False,False,False
7265,エイケン工業,2026-09-02,3790.0,3905.0,3905.0,3839.0,3854.8,800.0,3720.0,3720.0,3720.0,3720.0,400.0,-1.846965699208447,-1.846965699208447,0.0,-4.737516005121634,-4.737516005121634,4.973118279569899,0.0,0.5,False,False,False
7266,今仙電機製作所,2026-09-02,1006.0,1042.0,1042.0,1020.8,965.2,26100.0,1014.0,1014.0,1003.0,1005.0,5100.0,-0.09940357852882276,0.7952286282306265,-0.887573964497046,-3.550863723608444,-3.550863723608444,3.681592039800985,0.0,0.19540229885057472,False,False,False
7267,本田技研工業,2026-09-02,1692.0,1762.5,1762.5,1700.0,1676.66,16031920.0,1735.0,1735.0,1703.0,1707.5,3037000.0,0.9160756501181977,2.541371158392436,-1.5850144092218965,-3.1205673758865293,-3.1205673758865293,3.221083455344065,0.0,0.18943457801685637,False,False,False
7269,スズキ,2026-09-02,2122.0,2288.0,2288.0,2181.6,2076.3,7255680.0,2104.5,2116.0,2082.0,2089.5,813800.0,-1.5315739868049016,-0.8246936852026376,-0.7127583749109045,-8.675699300699302,-8.675699300699302,9.499880354151703,0.0,0.1121604039869454,False,False,False
7270,ＳＵＢＡＲＵ,2026-09-02,2666.0,2749.0,2881.5,2658.7,2625.04,3998440.0,2660.0,2684.5,2647.0,2656.5,760800.0,-0.3563390847711956,-0.22505626406601476,-0.1315789473684159,-3.364859949072385,-7.808433107756374,8.469791078486733,4.819934521644242,0.19027420694070687,False,False,False
7271,安永,2026-09-02,802.0,1005.0,1005.0,813.2,852.44,56460.0,806.0,806.0,797.0,799.0,18500.0,-0.37406483790524137,0.4987531172069737,-0.8684863523573227,-20.49751243781095,-20.49751243781095,25.782227784730914,0.0,0.32766560396741057,False,False,False
7272,ヤマハ発動機,2026-09-02,1896.0,1987.0,1987.0,1917.6,1810.22,8262200.0,1933.5,1935.0,1880.5,1892.0,825100.0,-0.21097046413501852,1.9778481012658222,-2.1463666925265024,-4.781077000503275,-4.781077000503275,5.021141649048633,0.0,0.09986444288446177,False,False,False
7273,イクヨ,2026-09-02,588.0,615.0,621.0,595.6,596.4,63980.0,584.0,584.0,578.0,578.0,9900.0,-1.7006802721088454,-0.6802721088435382,-1.0273972602739767,-6.016260162601627,-6.924315619967791,7.439446366781999,0.9756097560975618,0.15473585495467335,False,False,False
7276,小糸製作所,2026-09-02,2697.5,2770.0,2770.0,2704.0,2691.34,974380.0,2713.5,2733.5,2687.5,2697.0,59800.0,-0.01853568118628246,0.5931417979610831,-0.6080707573244859,-2.6353790613718453,-2.6353790613718453,2.706711160548747,0.0,0.06137235985960303,False,False,False
7277,ＴＢＫ,2026-09-02,355.0,364.0,364.0,358.0,348.6,25000.0,352.0,353.0,350.0,350.0,8500.0,-1.4084507042253502,-0.8450704225352101,-0.5681818181818232,-3.8461538461538436,-3.8461538461538436,4.0000000000000036,0.0,0.34,False,False,False
7278,エクセディ,2026-09-02,6130.0,6290.0,6290.0,6194.0,6104.0,256400.0,6160.0,6170.0,6120.0,6140.0,44600.0,0.16313213703098572,0.4893964110929794,-0.32467532467532756,-2.384737678855331,-2.384737678855331,2.442996742671011,0.0,0.17394695787831513,False,False,False
7279,ハイレックスコーポレーション,2026-09-02,2614.0,2759.0,2759.0,2652.6,2523.84,138000.0,2646.0,2681.0,2643.0,2672.0,13700.0,2.218821729150733,1.224177505738333,0.9826152683295453,-3.1533164189923912,-3.1533164189923912,3.2559880239521055,0.0,0.09927536231884058,True,False,False
7280,ミツバ,2026-09-02,1308.0,1361.0,1361.0,1334.0,1263.92,252600.0,1311.0,1317.0,1302.0,1306.0,33000.0,-0.1529051987767538,0.2293577981651307,-0.3813882532417989,-4.041146216017633,-4.041146216017633,4.211332312404292,0.0,0.13064133016627077,False,False,False
7282,豊田合成,2026-09-02,5378.0,5595.0,5720.0,5447.6,5286.56,403320.0,5430.0,5430.0,5344.0,5363.0,39900.0,-0.27891409445890414,0.9669021941242084,-1.2338858195211744,-4.14655942806077,-6.241258741258737,6.656721983964209,2.2341376228775633,0.09892889021124665,False,False,False
7283,愛三工業,2026-09-02,2279.0,2394.0,2527.0,2315.6,2302.16,147820.0,2341.0,2350.0,2312.0,2322.0,12300.0,1.8867924528301883,2.7204914436156136,-0.8116189662537354,-3.007518796992481,-8.112386228729719,8.828596037898361,5.555555555555558,0.08320930861859017,False,False,False
7284,盟和産業,2026-09-02,1160.0,1203.0,1205.0,1178.4,1183.88,1280.0,1167.0,1167.0,1160.0,1160.0,500.0,0.0,0.603448275862073,-0.5998286203941716,-3.5743973399833706,-3.734439834024894,3.87931034482758,0.16625103906899863,0.390625,False,False,False
7287,日本精機,2026-09-02,2715.0,2813.0,2813.0,2734.6,2595.96,217320.0,2719.0,2722.0,2680.0,2688.0,16100.0,-0.9944751381215422,0.14732965009207621,-1.140125045972784,-4.44365446142908,-4.44365446142908,4.6502976190476275,0.0,0.07408429965028529,False,False,False
7291,日本プラスト,2026-09-02,463.0,490.0,491.0,466.6,461.88,30060.0,464.0,464.0,464.0,464.0,1200.0,0.21598272138227959,0.21598272138227959,0.0,-5.306122448979589,-5.498981670061099,5.81896551724137,0.20408163265306367,0.03992015968063872,False,False,False
7292,村上開明堂,2026-09-02,6810.0,7000.0,7000.0,6840.0,6687.2,5060.0,6860.0,6860.0,6860.0,6860.0,200.0,0.7342143906020615,0.7342143906020615,0.0,-2.0000000000000018,-2.0000000000000018,2.0408163265306145,0.0,0.039525691699604744,False,False,False
7294,ヨロズ,2026-09-02,914.0,951.0,951.0,922.4,915.16,41980.0,911.0,911.0,907.0,908.0,11600.0,-0.6564551422319487,-0.3282275711159688,-0.3293084522502765,-4.521556256572035,-4.521556256572035,4.735682819383258,0.0,0.27632205812291566,False,False,False
7296,エフ・シー・シー,2026-09-02,4250.0,4330.0,4330.0,4194.0,4075.6,140520.0,4215.0,4240.0,4195.0,4200.0,21800.0,-1.17647058823529,-0.8235294117647007,-0.3558718861209953,-3.002309468822173,-3.002309468822173,3.0952380952380842,0.0,0.1551380586393396,False,False,False
7297,カーメイト,2026-09-02,863.0,880.0,898.0,864.4,863.36,1580.0,,,,,,,,,,,,2.0454545454545503,,False,False,False
7299,フジオーゼックス,2026-09-02,1867.0,1916.0,2009.0,1875.4,1861.16,3040.0,1862.0,1862.0,1850.0,1850.0,200.0,-0.9105516871987129,-0.26780931976432276,-0.6444683136412444,-3.4446764091857984,-7.914385266301638,8.594594594594597,4.853862212943638,0.06578947368421052,False,False,False
7305,新家工業,2026-09-02,2770.0,2793.0,2793.0,2766.2,2697.04,20180.0,2780.0,2780.0,2745.0,2750.0,5900.0,-0.7220216606498187,0.3610108303249149,-1.0791366906474864,-1.5395631936985343,-1.5395631936985343,1.563636363636367,0.0,0.2923686818632309,False,False,False
7309,シマノ,2026-09-02,19330.0,20775.0,21530.0,19770.0,19954.6,280360.0,19210.0,19210.0,18835.0,18960.0,53700.0,-1.91412312467667,-0.6207966890843242,-1.3014055179593975,-8.736462093862817,-11.936832326985602,13.554852320675103,3.6341756919374246,0.1915394492794978,False,False,False
7313,テイ・エス　テック,2026-09-02,1852.0,1874.0,1891.5,1852.3,1834.24,306060.0,1858.0,1864.5,1846.0,1850.5,41300.0,-0.08099352051835762,0.3239740820734305,-0.4036598493003196,-1.2540021344717212,-2.167591858313511,2.2156174007025076,0.9338313767342621,0.1349408612690322,False,False,False
7314,小田原機器,2026-09-02,1310.0,1325.0,1325.0,1313.4,1298.52,1720.0,1310.0,1310.0,1310.0,1310.0,200.0,0.0,0.0,0.0,-1.132075471698113,-1.132075471698113,1.1450381679389388,0.0,0.11627906976744186,False,False,False
7318,セレンディップ・ホールディングス,2026-09-02,1364.0,2130.0,2130.0,1439.4,1619.84,114000.0,1329.0,1353.0,1321.0,1340.0,27300.0,-1.7595307917888547,-2.56598240469208,0.8276899924755554,-37.08920187793427,-37.08920187793427,58.95522388059702,0.0,0.2394736842105263,True,False,False
7320,Ｓｏｌｖｖｙ,2026-09-02,1462.0,1600.0,1600.0,1458.4,1475.96,60620.0,1480.0,1500.0,1480.0,1494.0,2000.0,2.188782489740082,1.2311901504787892,0.9459459459459474,-6.6250000000000036,-6.6250000000000036,7.095046854082998,0.0,0.03299241174529858,True,False,False
7322,三十三フィナンシャルグループ,2026-09-02,2138.0,2253.0,2253.0,2154.6,1991.64,482700.0,2210.0,2219.0,2121.0,2137.0,63700.0,-0.0467726847521055,3.3676333021515514,-3.303167420814479,-5.148690634709274,-5.148690634709274,5.428170332241455,0.0,0.13196602444582556,False,False,False
7325,アイリックコーポレーション,2026-09-02,700.0,740.0,740.0,698.4,700.56,6320.0,707.0,707.0,707.0,707.0,300.0,1.0000000000000009,1.0000000000000009,0.0,-4.459459459459458,-4.459459459459458,4.667609618104662,0.0,0.04746835443037975,False,False,False
7326,ＳＢＩインシュアランスグループ,2026-09-02,2102.0,2157.0,2171.0,2115.8,2103.8,14760.0,2104.0,2104.0,2101.0,2102.0,1200.0,0.0,0.09514747859182826,-0.09505703422053591,-2.549837737598515,-3.1782588668816225,3.2825880114176975,0.649049605934171,0.08130081300813008,False,False,False
7327,第四北越フィナンシャルグループ,2026-09-02,2612.0,2634.0,2634.0,2592.8,2444.52,879100.0,2653.0,2668.0,2600.0,2617.0,145700.0,0.191424196018386,1.5696784073506942,-1.356954391255183,-0.6454062262718274,-0.6454062262718274,0.6495987772258349,0.0,0.16573768627004892,False,False,False
7337,ひろぎんホールディングス,2026-09-02,2389.5,2429.0,2429.0,2390.3,2301.1,626280.0,2413.0,2424.0,2371.5,2385.5,90400.0,-0.16739903745554008,0.9834693450512688,-1.1396601740571888,-1.790860436393582,-1.790860436393582,1.823517082372672,0.0,0.14434438270422176,False,False,False
7343,ブロードマインド,2026-09-02,1307.0,1307.0,1307.0,1288.8,1259.96,4240.0,1284.0,1284.0,1284.0,1284.0,500.0,-1.7597551644988552,-1.7597551644988552,0.0,-1.7597551644988552,-1.7597551644988552,1.7912772585669812,0.0,0.1179245283018868,False,False,False
7345,アイ・パートナーズフィナンシャル,2026-09-02,941.0,965.0,989.0,938.6,947.4,6760.0,948.0,948.0,932.0,947.0,600.0,0.6376195536663021,0.7438894792773709,-0.10548523206751481,-1.865284974093262,-4.246713852376138,4.435058078141507,2.4870466321243567,0.08875739644970414,False,False,False
7347,マーキュリアホールディングス,2026-09-02,792.0,812.0,812.0,803.8,786.28,13780.0,795.0,795.0,795.0,795.0,600.0,0.37878787878788955,0.37878787878788955,0.0,-2.0935960591133007,-2.0935960591133007,2.1383647798742134,0.0,0.04354136429608128,False,False,False
7350,おきなわフィナンシャルグループ,2026-09-02,7830.0,8280.0,8280.0,7778.0,7636.4,218540.0,7930.0,7970.0,7740.0,7780.0,10400.0,-0.6385696040868472,1.2771392081736943,-1.8915510718789386,-6.038647342995174,-6.038647342995174,6.426735218509005,0.0,0.047588542143314726,False,False,False
7351,グッドパッチ,2026-09-02,480.0,489.0,489.0,465.0,450.92,17580.0,484.0,484.0,484.0,484.0,500.0,0.8333333333333304,0.8333333333333304,0.0,-1.0224948875255602,-1.0224948875255602,1.0330578512396604,0.0,0.02844141069397042,False,False,False
7352,ＴＷＯＳＴＯＮＥ＆Ｓｏｎｓ,2026-09-02,319.0,384.0,384.0,331.6,347.56,48140.0,318.0,323.0,318.0,319.0,3400.0,0.0,-0.31347962382445305,0.3144654088050425,-16.927083333333336,-16.927083333333336,20.376175548589348,0.0,0.07062733693394267,True,False,False
7353,ＫＩＹＯラーニング,2026-09-02,540.0,568.0,575.0,544.0,549.16,9300.0,526.0,528.0,524.0,528.0,9400.0,-2.2222222222222254,-2.592592592592591,0.3802281368821214,-7.042253521126762,-8.173913043478265,8.90151515151516,1.232394366197176,1.010752688172043,True,False,False
7354,ダイレクトマーケティングミックス,2026-09-02,393.0,408.0,408.0,386.4,361.88,413720.0,400.0,401.0,398.0,400.0,32500.0,1.781170483460559,1.781170483460559,0.0,-1.9607843137254943,-1.9607843137254943,2.0000000000000018,0.0,0.07855554481291695,False,False,False
7356,Ｒｅｔｔｙ,2026-09-02,117.0,143.0,143.0,116.4,118.32,51120.0,117.0,117.0,115.0,115.0,1800.0,-1.7094017094017144,0.0,-1.7094017094017144,-19.580419580419584,-19.580419580419584,24.347826086956516,0.0,0.035211267605633804,False,False,False
7357,ジオコード,2026-09-02,1690.0,1980.0,1980.0,1772.2,1745.04,17380.0,1714.0,1714.0,1706.0,1706.0,300.0,0.946745562130169,1.4201183431952646,-0.4667444574095736,-13.83838383838384,-13.83838383838384,16.06096131301289,0.0,0.01726121979286536,False,False,False
7358,ポピンズ,2026-09-02,1836.0,1918.0,1918.0,1864.0,1705.16,27980.0,1767.0,1769.0,1767.0,1769.0,1500.0,-3.6492374727668864,-3.7581699346405206,0.11318619128466434,-7.76850886339937,-7.76850886339937,8.422837761447145,0.0,0.053609721229449604,True,False,False
7359,東京通信グループ,2026-09-02,293.0,303.0,303.0,277.4,246.68,170680.0,285.0,285.0,283.0,283.0,2200.0,-3.4129692832764458,-2.7303754266211566,-0.7017543859649145,-6.600660066006602,-6.600660066006602,7.067137809187285,0.0,0.01288961799859386,False,False,False
7360,オンデック,2026-09-02,640.0,665.0,665.0,650.0,644.68,1640.0,632.0,632.0,632.0,632.0,300.0,-1.2499999999999956,-1.2499999999999956,0.0,-4.96240601503759,-4.96240601503759,5.221518987341778,0.0,0.18292682926829268,False,False,False
7361,ヒューマンクリエイションホールディングス,2026-09-02,1200.0,1210.0,1210.0,1197.4,1195.72,3760.0,1190.0,1200.0,1190.0,1198.0,1700.0,-0.16666666666667052,-0.8333333333333304,0.6722689075630228,-0.991735537190086,-0.991735537190086,1.001669449081799,0.0,0.4521276595744681,True,False,False
7362,Ｔ．Ｓ．Ｉ,2026-09-02,871.0,900.0,900.0,878.0,869.8,800.0,880.0,880.0,880.0,880.0,600.0,1.0332950631458004,1.0332950631458004,0.0,-2.2222222222222254,-2.2222222222222254,2.2727272727272707,0.0,0.75,False,False,False
7363,ベビーカレンダー,2026-09-02,1271.0,1970.0,1970.0,1298.2,1270.92,2000.0,1277.0,1286.0,1256.0,1286.0,1800.0,1.1801730920534936,0.472069236821393,0.7047768206734473,-34.72081218274111,-34.72081218274111,53.18818040435458,0.0,0.9,True,False,False
7366,ＬＩＴＡＬＩＣＯ,2026-09-02,1800.0,1947.0,1947.0,1871.2,1789.2,105040.0,1800.0,1804.0,1788.0,1804.0,8000.0,0.22222222222221255,0.0,0.22222222222221255,-7.344632768361581,-7.344632768361581,7.92682926829269,0.0,0.07616146230007616,True,False,False
7367,セルム,2026-09-02,329.0,339.0,342.0,332.6,334.68,7920.0,330.0,330.0,330.0,330.0,100.0,0.3039513677811634,0.3039513677811634,0.0,-2.6548672566371723,-3.508771929824561,3.6363636363636376,0.8849557522123908,0.012626262626262626,False,False,False
7368,表示灯,2026-09-02,1710.0,1717.0,1717.0,1709.0,1694.28,1940.0,1707.0,1729.0,1707.0,1729.0,3000.0,1.1111111111111072,-0.17543859649122862,1.288810779144689,0.6988934187536433,0.6988934187536433,-0.6940427993059606,0.0,1.5463917525773196,True,True,True
7369,メイホーホールディングス,2026-09-02,356.0,419.0,419.0,356.4,361.52,3320.0,359.0,362.0,355.0,362.0,1300.0,1.6853932584269593,0.8426966292134797,0.8356545961002881,-13.603818615751795,-13.603818615751795,15.745856353591158,0.0,0.39156626506024095,True,False,False
7370,Ｅｎｊｉｎ,2026-09-02,717.0,721.0,721.0,717.4,711.48,5100.0,719.0,719.0,719.0,719.0,100.0,0.2789400278939924,0.2789400278939924,0.0,-0.277392510402219,-0.277392510402219,0.2781641168289273,0.0,0.0196078431372549,False,False,False
7371,Ｚｅｎｋｅｎ,2026-09-02,816.0,817.0,817.0,792.6,756.44,31860.0,808.0,811.0,808.0,811.0,7800.0,-0.6127450980392135,-0.9803921568627416,0.3712871287128605,-0.7343941248470043,-0.7343941248470043,0.7398273736128225,0.0,0.2448210922787194,True,False,False
7372,デコルテ・ホールディングス,2026-09-02,385.0,408.0,408.0,389.4,389.12,5800.0,391.0,394.0,391.0,394.0,2000.0,2.3376623376623273,1.558441558441559,0.7672634271099765,-3.4313725490196068,-3.4313725490196068,3.5532994923857864,0.0,0.3448275862068966,True,False,False
7373,アイドマ・ホールディングス,2026-09-02,940.0,1006.0,1033.0,967.8,952.16,111560.0,942.0,950.0,942.0,950.0,3600.0,1.0638297872340496,0.21276595744681437,0.849256900212314,-5.566600397614319,-8.03484995159729,8.736842105263154,2.6838966202783254,0.0322696306920043,True,False,False
7374,コンフィデンス・インターワークス,2026-09-02,1542.0,1550.0,1550.0,1534.0,1524.0,10780.0,1535.0,1535.0,1535.0,1535.0,700.0,-0.45395590142671693,-0.45395590142671693,0.0,-0.9677419354838679,-0.9677419354838679,0.9771986970684043,0.0,0.06493506493506493,False,False,False
7375,リファインバースグループ,2026-09-02,1150.0,1333.0,1333.0,1182.8,1166.64,30180.0,1148.0,1151.0,1131.0,1139.0,4500.0,-0.9565217391304337,-0.17391304347825765,-0.7839721254355392,-14.5536384096024,-14.5536384096024,17.032484635645307,0.0,0.14910536779324055,False,False,False
7376,ＢＣＣ,2026-09-02,830.0,1133.0,1200.0,846.2,974.28,118960.0,826.0,826.0,826.0,826.0,500.0,-0.48192771084337727,-0.48192771084337727,0.0,-27.09620476610768,-31.166666666666664,45.27845036319613,5.913503971756406,0.004203093476798924,False,False,False
7377,ＤＮホールディングス,2026-09-02,1727.0,1749.0,1759.0,1727.6,1712.72,3840.0,1710.0,1710.0,1710.0,1710.0,1400.0,-0.9843659525188175,-0.9843659525188175,0.0,-2.2298456260720356,-2.7856736782262637,2.8654970760233933,0.5717552887364308,0.3645833333333333,False,False,False
7378,アシロ,2026-09-02,1590.0,1674.0,1674.0,1587.6,1530.88,29520.0,1552.0,1560.0,1550.0,1560.0,3700.0,-1.8867924528301883,-2.3899371069182385,0.5154639175257714,-6.810035842293905,-6.810035842293905,7.307692307692304,0.0,0.12533875338753386,True,False,False
7380,十六フィナンシャルグループ,2026-09-02,2629.0,2688.0,2688.0,2624.4,2495.84,384160.0,2657.0,2696.0,2605.0,2630.0,60200.0,0.038037276530999975,1.0650437428680215,-1.0161836657884837,-2.157738095238093,-2.157738095238093,2.205323193916353,0.0,0.15670553935860057,False,False,False
7381,ＣＣＩグループ,2026-09-02,1259.0,1314.0,1314.0,1271.6,1212.76,395320.0,1290.0,1301.0,1270.0,1278.0,61700.0,1.5091342335186608,2.4622716441620396,-0.9302325581395321,-2.73972602739726,-2.73972602739726,2.8169014084507005,0.0,0.15607609025599514,False,False,False
7383,ネットプロテクションズホールディングス,2026-09-02,399.0,474.0,474.0,434.6,444.48,1001280.0,398.0,401.0,397.0,398.0,60800.0,-0.25062656641604564,-0.25062656641604564,0.0,-16.03375527426161,-16.03375527426161,19.095477386934668,0.0,0.06072227548737616,False,False,False
7384,プロクレアホールディングス,2026-09-02,4635.0,4950.0,4950.0,4610.0,4403.2,73780.0,4880.0,4945.0,4735.0,4760.0,21000.0,2.6968716289104577,5.285868392664517,-2.4590163934426257,-3.838383838383841,-3.838383838383841,3.99159663865547,0.0,0.2846299810246679,False,False,False
7388,ＦＰパートナー,2026-09-02,2329.0,2369.0,2369.0,2335.6,2232.56,41640.0,2314.0,2327.0,2310.0,2324.0,3000.0,-0.2146844139115478,-0.6440532417346545,0.4321521175453702,-1.8995356690586718,-1.8995356690586718,1.9363166953528355,0.0,0.07204610951008646,True,False,False
7389,あいちフィナンシャルグループ,2026-09-02,1953.0,1997.0,1997.0,1938.4,1777.36,1033060.0,1981.0,1988.0,1904.0,1919.0,175200.0,-1.7409114183307706,1.4336917562723928,-3.1297324583543618,-3.9058587881822704,-3.9058587881822704,4.064616988014591,0.0,0.16959324724604574,False,False,False
7399,ナンシン,2026-09-02,617.0,620.0,620.0,613.2,600.68,3680.0,617.0,620.0,617.0,620.0,500.0,0.4862236628849326,0.0,0.4862236628849326,0.0,0.0,0.0,0.0,0.1358695652173913,True,False,False
7409,ＡｅｒｏＥｄｇｅ,2026-09-02,1485.0,1774.0,1774.0,1565.0,1532.6,170160.0,1500.0,1525.0,1500.0,1506.0,7400.0,1.4141414141414232,1.0101010101010166,0.40000000000000036,-15.107102593010147,-15.107102593010147,17.79548472775565,0.0,0.04348848142924307,True,False,False
7412,アトム,2026-09-02,387.0,395.0,398.0,382.8,374.84,999520.0,389.0,390.0,388.0,389.0,40000.0,0.5167958656330685,0.5167958656330685,0.0,-1.518987341772149,-2.261306532663321,2.3136246786632286,0.75949367088608,0.0400192092204258,False,False,False
7413,創健社,2026-09-02,2701.0,2739.0,2739.0,2654.2,2645.36,180.0,2710.0,2710.0,2670.0,2685.0,300.0,-0.5923731951129163,0.33320992225100987,-0.9225092250922495,-1.9715224534501696,-1.9715224534501696,2.011173184357551,0.0,1.6666666666666667,False,False,False
7414,小野建,2026-09-02,1452.0,1475.0,1475.0,1460.2,1441.92,44880.0,1445.0,1445.0,1436.0,1436.0,6900.0,-1.1019283746556474,-0.4820936639118423,-0.622837370242213,-2.644067796610172,-2.644067796610172,2.7158774373259087,0.0,0.1537433155080214,False,False,False
7416,はるやまホールディングス,2026-09-02,689.0,699.0,722.0,689.2,687.44,2020.0,685.0,685.0,685.0,685.0,1600.0,-0.5805515239477477,-0.5805515239477477,0.0,-2.002861230329045,-5.124653739612183,5.40145985401459,3.2904148783977183,0.7920792079207921,False,False,False
7417,南陽,2026-09-02,1905.0,1949.0,1980.0,1899.6,1889.56,3480.0,1872.0,1872.0,1872.0,1872.0,400.0,-1.7322834645669305,-1.7322834645669305,0.0,-3.950743971267312,-5.454545454545457,5.769230769230771,1.5905592611595631,0.11494252873563218,False,False,False
7419,ノジマ,2026-09-02,1251.0,1333.0,1492.0,1271.4,1303.6,796360.0,1255.0,1256.0,1248.0,1254.0,57900.0,0.23980815347721673,0.3197442046362964,-0.07968127490040056,-5.9264816204051,-15.951742627345844,18.979266347687407,11.927981995498872,0.07270581144206138,False,False,False
7421,カッパ・クリエイト,2026-09-02,1609.0,1648.0,1667.0,1633.6,1602.4,87160.0,1600.0,1602.0,1588.0,1596.0,26900.0,-0.807955251709136,-0.5593536357986317,-0.24999999999999467,-3.1553398058252413,-4.259148170365923,4.448621553884702,1.1529126213592145,0.3086278109224415,False,False,False
7422,東邦レマック,2026-09-02,374.0,382.0,382.0,370.8,361.0,2880.0,382.0,382.0,382.0,382.0,2600.0,2.1390374331550888,2.1390374331550888,0.0,0.0,0.0,0.0,0.0,0.9027777777777778,False,False,False
7425,初穂商事,2026-09-02,1121.0,1219.0,1250.0,1136.0,1180.76,12640.0,1095.0,1095.0,1094.0,1094.0,200.0,-2.408563782337203,-2.3193577163247103,-0.09132420091324533,-10.254306808859726,-12.480000000000002,14.25959780621573,2.5430680885972112,0.015822784810126583,False,False,False
7426,山大,2026-09-02,602.0,680.0,680.0,605.6,619.64,2680.0,601.0,601.0,601.0,601.0,300.0,-0.16611295681062677,-0.16611295681062677,0.0,-11.617647058823533,-11.617647058823533,13.144758735440941,0.0,0.11194029850746269,False,False,False
7427,エコートレーディング,2026-09-02,835.0,854.0,854.0,835.4,831.68,7400.0,833.0,834.0,830.0,830.0,900.0,-0.5988023952095856,-0.23952095808382756,-0.36014405762304635,-2.810304449648715,-2.810304449648715,2.8915662650602414,0.0,0.12162162162162163,False,False,False
7433,伯東,2026-09-02,5330.0,5440.0,5440.0,5326.0,5205.0,79360.0,5290.0,5300.0,5230.0,5260.0,12000.0,-1.3133208255159512,-0.7504690431519689,-0.5671077504725952,-3.308823529411764,-3.308823529411764,3.4220532319391594,0.0,0.15120967741935484,False,False,False
7434,オータケ,2026-09-02,1848.0,1849.0,1849.0,1835.4,1807.28,880.0,,,,,,,,,,,,0.0,,False,False,False
7435,ナ・デックス,2026-09-02,1270.0,1388.0,1388.0,1321.8,1289.04,21920.0,1311.0,1311.0,1293.0,1305.0,900.0,2.7559055118110187,3.228346456692921,-0.4576659038901587,-5.979827089337175,-5.979827089337175,6.360153256704981,0.0,0.04105839416058394,False,False,False
7438,コンドーテック,2026-09-02,1704.0,1732.0,1732.0,1703.6,1603.8,61880.0,1659.0,1669.0,1648.0,1669.0,6700.0,-2.0539906103286376,-2.6408450704225372,0.6027727546714878,-3.6374133949191645,-3.6374133949191645,3.7747153984421855,0.0,0.10827407886231416,True,False,False
7442,中山福,2026-09-02,482.0,493.0,498.0,483.0,488.04,9640.0,482.0,482.0,482.0,482.0,800.0,0.0,0.0,0.0,-2.2312373225152116,-3.2128514056224855,3.319502074688807,1.0141987829614507,0.08298755186721991,False,False,False
7443,横浜魚類,2026-09-02,680.0,684.0,684.0,669.2,655.44,1860.0,670.0,670.0,670.0,670.0,200.0,-1.4705882352941124,-1.4705882352941124,0.0,-2.046783625730997,-2.046783625730997,2.0895522388059806,0.0,0.10752688172043011,False,False,False
7444,ハリマ共和物産,2026-09-02,1975.0,2036.0,2036.0,1984.2,1987.0,1600.0,1982.0,1982.0,1982.0,1982.0,100.0,0.35443037974682845,0.35443037974682845,0.0,-2.6522593320235766,-2.6522593320235766,2.724520686175591,0.0,0.0625,False,False,False
7446,東北化学薬品,2026-09-02,4485.0,4585.0,4970.0,4480.0,4494.2,320.0,4520.0,4525.0,4515.0,4525.0,400.0,0.8918617614269708,0.7803790412486133,0.11061946902655162,-1.3086150490730697,-8.953722334004022,9.834254143646405,8.3969465648855,1.25,True,False,False
7447,ナガイレーベン,2026-09-02,1690.0,1827.0,1852.0,1718.8,1771.84,175340.0,1695.0,1695.0,1681.0,1684.0,8800.0,-0.35502958579881616,0.2958579881656709,-0.6489675516224147,-7.827038861521618,-9.071274298056153,9.97624703087887,1.3683634373289566,0.050188205771643665,False,False,False
7453,良品計画,2026-09-02,4250.0,4625.0,4625.0,4320.0,4329.72,2498840.0,4130.0,4172.0,4099.0,4170.0,457000.0,-1.8823529411764683,-2.8235294117647025,0.9685230024213176,-9.837837837837837,-9.837837837837837,10.911270983213427,0.0,0.1828848585743785,True,False,False
7456,松田産業,2026-09-02,6580.0,7460.0,7460.0,7034.0,6479.2,138680.0,6900.0,6990.0,6780.0,6810.0,22600.0,3.49544072948329,4.863221884498481,-1.30434782608696,-8.713136729222516,-8.713136729222516,9.544787077826733,0.0,0.16296509950966254,False,False,False
7458,第一興商,2026-09-02,1879.5,1914.5,1914.5,1891.9,1842.42,283080.0,1867.5,1867.5,1855.0,1862.5,54800.0,-0.9044958765629163,-0.6384676775738174,-0.2677376171352108,-2.7161138678506114,-2.7161138678506114,2.7919463087248353,0.0,0.19358485233856154,False,False,False
7459,メディパルホールディングス,2026-09-02,2915.0,2944.5,3108.0,2903.2,2869.12,606300.0,2930.0,2959.0,2898.5,2918.5,50100.0,0.12006861063464935,0.5145797598627766,-0.3924914675767943,-0.8830022075055233,-6.097168597168601,6.493061504197373,5.552725420275095,0.082632360217714,False,False,False
7460,ヤギ,2026-09-02,1700.0,1733.0,1882.0,1707.8,1697.48,8660.0,1696.0,1696.0,1689.0,1692.0,1100.0,-0.47058823529412264,-0.23529411764705577,-0.2358490566037763,-2.3658395845354896,-10.095642933049941,11.229314420803792,8.597807270628977,0.12702078521939955,False,False,False
7461,キムラ,2026-09-02,478.0,495.0,496.0,480.6,474.48,2080.0,476.0,476.0,476.0,476.0,100.0,-0.4184100418409997,-0.4184100418409997,0.0,-3.838383838383841,-4.0322580645161255,4.201680672268915,0.20202020202020332,0.04807692307692308,False,False,False
7462,ＣＡＰＩＴＡ,2026-09-02,397.0,418.0,425.0,395.6,395.76,17280.0,404.0,404.0,397.0,397.0,1900.0,0.0,1.7632241813602123,-1.7326732673267342,-5.0239234449760755,-6.58823529411765,7.052896725440805,1.674641148325362,0.1099537037037037,False,False,False
7463,アドヴァングループ,2026-09-02,942.0,974.0,974.0,960.6,942.36,38900.0,940.0,940.0,938.0,939.0,2300.0,-0.31847133757961776,-0.2123142250530785,-0.10638297872340718,-3.5934291581108835,-3.5934291581108835,3.727369542066028,0.0,0.05912596401028278,False,False,False
7464,セフテック,2026-09-02,1521.0,1560.0,1648.0,1530.0,1540.76,1560.0,1522.0,1522.0,1522.0,1522.0,600.0,0.06574621959236637,0.06574621959236637,0.0,-2.4358974358974383,-7.645631067961167,8.278580814717484,5.641025641025643,0.38461538461538464,False,False,False
7466,ＳＰＫ,2026-09-02,1441.0,1500.0,1500.0,1465.4,1408.4,44080.0,1444.0,1451.0,1441.0,1450.0,5700.0,0.6245662734212454,0.2081887578070818,0.41551246537396835,-3.3333333333333326,-3.3333333333333326,3.4482758620689724,0.0,0.12931034482758622,True,False,False
7472,鳥羽洋行,2026-09-02,3985.0,3995.0,3995.0,3964.0,3895.0,640.0,3925.0,3925.0,3925.0,3925.0,100.0,-1.505646173149311,-1.505646173149311,0.0,-1.7521902377972465,-1.7521902377972465,1.7834394904458595,0.0,0.15625,False,False,False
7475,アルビス,2026-09-02,2497.0,2566.0,2680.0,2524.6,2524.2,13440.0,2500.0,2500.0,2500.0,2500.0,6100.0,0.12014417300760805,0.12014417300760805,0.0,-2.5720966484801266,-6.716417910447758,7.200000000000006,4.4427123928292955,0.4538690476190476,False,False,False
7476,アズワン,2026-09-02,2490.0,2547.5,2609.5,2505.1,2430.38,140600.0,2478.5,2520.5,2450.0,2516.0,14900.0,1.0441767068273045,-0.46184738955823423,1.5130119023603061,-1.2365063788027486,-3.583061889250816,3.716216216216206,2.4337585868498435,0.10597439544807966,True,False,False
7480,スズデン,2026-09-02,3450.0,3620.0,3620.0,3510.0,3235.24,75340.0,3370.0,3400.0,3360.0,3385.0,6400.0,-1.8840579710144967,-2.3188405797101463,0.4451038575667754,-6.491712707182318,-6.491712707182318,6.9423929098966,0.0,0.08494823466949827,True,False,False
7481,尾家産業,2026-09-02,2600.0,2641.0,2641.0,2624.6,2561.4,1480.0,2619.0,2624.0,2619.0,2624.0,1300.0,0.9230769230769154,0.7307692307692237,0.19091256204657459,-0.6436955698599034,-0.6436955698599034,0.6478658536585469,0.0,0.8783783783783784,True,False,False
7482,シモジマ,2026-09-02,1541.0,1579.0,1579.0,1551.0,1465.12,41800.0,1536.0,1536.0,1517.0,1525.0,4100.0,-1.0382868267358902,-0.32446463335495945,-0.716145833333337,-3.419886003799877,-3.419886003799877,3.5409836065573685,0.0,0.09808612440191387,False,False,False
7483,ドウシシャ,2026-09-02,3050.0,3090.0,3090.0,3044.0,3005.84,67060.0,3035.0,3050.0,3025.0,3035.0,5600.0,-0.4918032786885296,-0.4918032786885296,0.0,-1.7799352750809017,-1.7799352750809017,1.812191103789118,0.0,0.08350730688935282,False,False,False
7486,サンリン,2026-09-02,810.0,838.0,838.0,816.8,807.88,1700.0,800.0,810.0,800.0,810.0,500.0,0.0,-1.2345679012345734,1.2499999999999956,-3.341288782816232,-3.341288782816232,3.4567901234567877,0.0,0.29411764705882354,True,False,False
7487,小津産業,2026-09-02,1793.0,1805.0,1805.0,1796.6,1788.4,4360.0,1795.0,1795.0,1795.0,1795.0,500.0,0.1115448968209698,0.1115448968209698,0.0,-0.5540166204986097,-0.5540166204986097,0.557103064066844,0.0,0.11467889908256881,False,False,False
7490,日新商事,2026-09-02,2190.0,2191.0,2191.0,2189.6,2188.6,2500.0,2188.0,2188.0,2187.0,2188.0,4100.0,-0.09132420091324533,-0.09132420091324533,0.0,-0.1369237790962985,-0.1369237790962985,0.13711151736746086,0.0,1.64,False,False,False
7494,コナカ,2026-09-02,246.0,250.0,250.0,246.4,239.32,42600.0,243.0,245.0,242.0,245.0,17900.0,-0.40650406504064707,-1.2195121951219523,0.8230452674897082,-2.0000000000000018,-2.0000000000000018,2.0408163265306145,0.0,0.42018779342723006,True,False,False
7501,ティムコ,2026-09-02,1490.0,1740.0,1740.0,1469.0,1478.64,300.0,,,,,,,,,,,,0.0,,False,False,False
7502,プラザホールディングス,2026-09-02,1685.0,1695.0,1695.0,1682.8,1668.88,340.0,1688.0,1688.0,1688.0,1688.0,200.0,0.17804154302669684,0.17804154302669684,0.0,-0.41297935103244976,-0.41297935103244976,0.4146919431279539,0.0,0.5882352941176471,False,False,False
7504,高速,2026-09-02,4830.0,5200.0,5200.0,4824.0,4695.6,101420.0,4805.0,4805.0,4760.0,4780.0,4300.0,-1.0351966873705987,-0.5175983436852993,-0.5202913631633721,-8.076923076923082,-8.076923076923082,8.786610878661083,0.0,0.04239794912246105,False,False,False
7505,扶桑電通,2026-09-02,2196.0,2354.0,2354.0,2196.4,2165.48,11800.0,2180.0,2194.0,2180.0,2194.0,900.0,-0.09107468123861207,-0.7285974499089298,0.6422018348623881,-6.7969413763806275,-6.7969413763806275,7.292616226071114,0.0,0.07627118644067797,True,False,False
7506,ハウス　オブ　ローゼ,2026-09-02,1385.0,1396.0,1402.0,1386.4,1381.12,920.0,1390.0,1390.0,1390.0,1390.0,100.0,0.3610108303249149,0.3610108303249149,0.0,-0.42979942693409656,-0.8559201141226769,0.8633093525179936,0.42979942693410766,0.10869565217391304,False,False,False
7508,Ｇ‐７ホールディングス,2026-09-02,1420.0,1468.0,1498.0,1442.0,1431.88,54600.0,1421.0,1427.0,1416.0,1422.0,8500.0,0.14084507042253502,0.07042253521127861,0.07037297677692234,-3.133514986376018,-5.0734312416555465,5.344585091420528,2.043596730245234,0.15567765567765568,True,False,False
7510,たけびし,2026-09-02,2740.0,2952.0,2952.0,2769.4,2767.84,47920.0,2752.0,2755.0,2732.0,2742.0,11100.0,0.07299270072993469,0.43795620437956373,-0.3633720930232509,-7.113821138211385,-7.113821138211385,7.658643326039383,0.0,0.23163606010016694,False,False,False
7512,イオン北海道,2026-09-02,854.0,870.0,879.0,860.2,849.92,161040.0,860.0,860.0,857.0,859.0,8400.0,0.5854800936768045,0.7025761124121788,-0.11627906976744429,-1.2643678160919491,-2.2753128555176305,2.328288707799775,1.0344827586206806,0.05216095380029806,False,False,False
7513,コジマ,2026-09-02,1404.0,1517.0,1517.0,1412.6,1400.92,714940.0,1383.0,1397.0,1377.0,1397.0,31700.0,-0.4985754985754931,-1.4957264957264904,1.0122921185827805,-7.910349373764003,-7.910349373764003,8.589835361488895,0.0,0.044339385123227125,True,False,False
7514,ヒマラヤ,2026-09-02,853.0,888.0,888.0,860.2,875.04,21020.0,855.0,855.0,855.0,855.0,400.0,0.23446658851113966,0.23446658851113966,0.0,-3.716216216216217,-3.716216216216217,3.8596491228070073,0.0,0.019029495718363463,False,False,False
7515,マルヨシセンター,2026-09-02,4600.0,4670.0,4690.0,4605.0,4601.8,160.0,4610.0,4610.0,4610.0,4610.0,100.0,0.21739130434783593,0.21739130434783593,0.0,-1.2847965738758016,-1.7057569296375252,1.7353579175704903,0.4282655246252709,0.625,False,False,False
7516,コーナン商事,2026-09-02,4455.0,4550.0,4550.0,4475.0,4340.8,125500.0,4485.0,4485.0,4455.0,4465.0,9100.0,0.22446689113355678,0.6734006734006703,-0.4459308807134854,-1.8681318681318726,-1.8681318681318726,1.903695408734607,0.0,0.07250996015936255,False,False,False
7520,エコス,2026-09-02,2579.0,2682.0,2682.0,2594.4,2531.48,32860.0,2503.0,2520.0,2503.0,2517.0,1300.0,-2.404032570763859,-2.9468786351298903,0.5593288054334788,-6.152125279642062,-6.152125279642062,6.555423122765203,0.0,0.03956177723676202,True,False,False
7521,ムサシ,2026-09-02,2766.0,2928.0,2928.0,2751.0,2746.68,820.0,2766.0,2795.0,2766.0,2782.0,300.0,0.5784526391901634,0.0,0.5784526391901634,-4.986338797814205,-4.986338797814205,5.248023005032354,0.0,0.36585365853658536,True,False,False
7522,ワタミ,2026-09-02,949.0,1017.0,1017.0,962.8,960.08,86980.0,945.0,945.0,938.0,943.0,51600.0,-0.6322444678609096,-0.42149631190726566,-0.2116402116402072,-7.276302851524086,-7.276302851524086,7.847295864262982,0.0,0.5932398252471832,False,False,False
7523,アールビバン,2026-09-02,1879.0,1900.0,1902.0,1878.4,1891.88,2040.0,1878.0,1878.0,1878.0,1878.0,100.0,-0.053219797764769705,-0.053219797764769705,0.0,-1.1578947368421022,-1.2618296529968487,1.2779552715654896,0.10526315789474161,0.049019607843137254,False,False,False
7524,マルシェ,2026-09-02,176.0,184.0,184.0,176.8,179.4,17840.0,176.0,176.0,175.0,176.0,1300.0,0.0,0.0,0.0,-4.347826086956519,-4.347826086956519,4.545454545454541,0.0,0.07286995515695067,False,False,False
7525,リックス,2026-09-02,3615.0,3800.0,3800.0,3648.0,3660.6,17300.0,3580.0,3610.0,3580.0,3595.0,2600.0,-0.5532503457814641,-0.9681881051175623,0.41899441340782495,-5.394736842105264,-5.394736842105264,5.702364394993054,0.0,0.15028901734104047,True,False,False
7527,システムソフト,2026-09-02,52.0,55.0,55.0,53.8,51.72,1012980.0,53.0,53.0,52.0,53.0,334200.0,1.9230769230769162,1.9230769230769162,0.0,-3.6363636363636376,-3.6363636363636376,3.7735849056603765,0.0,0.32991766866078304,False,False,False
7531,清和中央ホールディングス,2026-09-02,1300.0,1333.0,1333.0,1302.2,1308.56,160.0,,,,,,,,,,,,0.0,,False,False,False
7532,パン・パシフィック・インターナショナルホールディングス,2026-09-02,769.0,939.5,984.5,794.9799926757812,867.6439990234375,20168560.0,750.0,764.0999755859375,747.0,763.2000122070312,3575600.0,-0.7542246804900898,-2.4707412223667125,1.7600016276041686,-18.7652993925459,-22.478414199387377,28.99632917366062,4.789781798829162,0.17728583498276526,True,False,False
7537,丸文,2026-09-02,1813.0,1924.0,1924.0,1862.6,1784.44,91680.0,1787.0,1794.0,1762.0,1768.0,10900.0,-2.4820739106453438,-1.4340871483728646,-1.0632344711807518,-8.108108108108103,-8.108108108108103,8.823529411764696,0.0,0.11889179755671903,False,False,False
7538,大水,2026-09-02,386.0,408.0,408.0,389.2,386.96,4160.0,385.0,385.0,385.0,385.0,100.0,-0.2590673575129543,-0.2590673575129543,0.0,-5.6372549019607865,-5.6372549019607865,5.974025974025965,0.0,0.02403846153846154,False,False,False
7539,アイナボホールディングス,2026-09-02,818.0,820.0,820.0,814.4,793.04,11620.0,819.0,819.0,815.0,816.0,3600.0,-0.24449877750610804,0.12224938875304847,-0.366300366300365,-0.4878048780487809,-0.4878048780487809,0.4901960784313708,0.0,0.3098106712564544,False,False,False
7544,スリーエフ,2026-09-02,558.0,567.0,568.0,558.6,559.0,3680.0,552.0,566.0,552.0,566.0,2200.0,1.4336917562723928,-1.0752688172043001,2.53623188405796,-0.17636684303351524,-0.35211267605633756,0.35335689045936647,0.17636684303350414,0.5978260869565217,True,False,False
7545,西松屋チェーン,2026-09-02,2010.0,2055.0,2073.0,2017.0,2012.36,232300.0,1988.0,2004.0,1978.0,2003.0,34500.0,-0.34825870646766344,-1.0945273631840835,0.7545271629778583,-2.53041362530414,-3.37674867342016,3.494757863205189,0.8759124087591275,0.1485148514851485,True,False,False
7550,ゼンショーホールディングス,2026-09-02,11480.0,12070.0,12070.0,11715.0,11128.04,474020.0,11800.0,11845.0,11675.0,11735.0,37500.0,2.2212543554007036,2.7874564459930307,-0.5508474576271238,-2.775476387738196,-2.775476387738196,2.8547081380485784,0.0,0.07911058605122147,False,False,False
75505,ゼンショーホールディングス第１回社債型種類株式,2026-09-02,4942.0,4979.0,4979.0,4930.2,4935.28,1980.0,4931.0,4931.0,4931.0,4931.0,100.0,-0.22258195062727637,-0.22258195062727637,0.0,-0.9640490058244633,-0.9640490058244633,0.9734333806530104,0.0,0.050505050505050504,False,False,False
7551,ウェッズ,2026-09-02,723.0,750.0,752.0,729.6,721.28,6000.0,724.0,724.0,724.0,724.0,1700.0,0.13831258644536604,0.13831258644536604,0.0,-3.4666666666666623,-3.7234042553191515,3.8674033149171283,0.2666666666666595,0.2833333333333333,False,False,False
7552,ハピネット,2026-09-02,3755.0,3955.0,3955.0,3782.0,3529.4,200300.0,3780.0,3815.0,3760.0,3765.0,7900.0,0.26631158455392434,0.665778961384822,-0.3968253968253954,-4.804045512010113,-4.804045512010113,5.046480743691895,0.0,0.03944083874188717,False,False,False
7554,幸楽苑,2026-09-02,1194.0,1220.0,1220.0,1203.6,1156.96,70100.0,1186.0,1187.0,1180.0,1185.0,15000.0,-0.7537688442211032,-0.670016750418756,-0.0843170320404707,-2.868852459016391,-2.868852459016391,2.9535864978903037,0.0,0.21398002853067047,False,False,False
7555,大田花き,2026-09-02,747.0,758.0,758.0,747.4,743.48,1020.0,,,,,,,,,,,,0.0,,False,False,False
7561,ハークスレイ,2026-09-02,713.0,731.0,731.0,717.8,693.2,16660.0,710.0,716.0,705.0,710.0,5300.0,-0.42075736325385416,-0.42075736325385416,0.0,-2.8727770177838563,-2.8727770177838563,2.9577464788732355,0.0,0.31812725090036015,False,False,False
7562,安楽亭,2026-09-02,3850.0,3860.0,3860.0,3847.0,3810.2,2960.0,3850.0,3850.0,3850.0,3850.0,100.0,0.0,0.0,0.0,-0.2590673575129543,-0.2590673575129543,0.2597402597402487,0.0,0.033783783783783786,False,False,False
7564,ワークマン,2026-09-02,5980.0,6440.0,6440.0,6216.0,6164.4,412960.0,5990.0,6100.0,5980.0,6050.0,119000.0,1.17056856187292,0.16722408026756952,1.001669449081799,-6.055900621118015,-6.055900621118015,6.446280991735542,0.0,0.2881635025184037,True,False,False
7565,萬世電機,2026-09-02,8300.0,9000.0,9000.0,8344.0,7732.0,1260.0,8690.0,8690.0,8690.0,8690.0,100.0,4.698795180722892,4.698795180722892,0.0,-3.44444444444445,-3.44444444444445,3.567318757192184,0.0,0.07936507936507936,False,False,False
7567,栄電子,2026-09-02,606.0,684.0,684.0,610.0,595.04,8760.0,603.0,604.0,603.0,604.0,600.0,-0.330033003300334,-0.4950495049504955,0.16583747927032544,-11.695906432748536,-11.695906432748536,13.245033112582782,0.0,0.0684931506849315,True,False,False
7570,橋本総業ホールディングス,2026-09-02,1400.0,1450.0,1474.0,1421.8,1407.68,10520.0,1419.0,1420.0,1419.0,1420.0,400.0,1.4285714285714235,1.3571428571428568,0.07047216349542751,-2.0689655172413834,-3.663500678426057,3.8028169014084456,1.6551724137930934,0.03802281368821293,True,False,False
7571,ヤマノホールディングス,2026-09-02,89.0,94.0,94.0,90.4,85.36,299420.0,90.0,90.0,89.0,89.0,197500.0,0.0,1.1235955056179803,-1.1111111111111072,-5.319148936170215,-5.319148936170215,5.617977528089879,0.0,0.6596085765813907,False,False,False
7575,日本ライフライン,2026-09-02,1594.0,1622.0,1622.0,1590.2,1543.96,199180.0,1535.0,1538.0,1525.0,1530.0,22100.0,-4.015056461731492,-3.7013801756587195,-0.32573289902280145,-5.67200986436498,-5.67200986436498,6.013071895424837,0.0,0.1109549151521237,False,False,False
7578,ニチリョク,2026-09-02,78.0,81.0,81.0,77.8,70.4,141180.0,79.0,81.0,79.0,81.0,13200.0,3.8461538461538547,1.2820512820512775,2.5316455696202445,0.0,0.0,0.0,0.0,0.09349766255843604,True,False,False
7581,サイゼリヤ,2026-09-02,6960.0,8160.0,8420.0,7110.0,7504.4,307780.0,6880.0,6910.0,6840.0,6880.0,57100.0,-1.1494252873563204,-1.1494252873563204,0.0,-15.686274509803921,-18.289786223277915,22.383720930232553,3.1862745098039325,0.1855221261940347,False,False,False
7585,かんなん丸,2026-09-02,408.0,410.0,410.0,407.6,407.28,2400.0,406.0,407.0,406.0,407.0,1100.0,-0.2450980392156854,-0.4901960784313708,0.24630541871921707,-0.7317073170731714,-0.7317073170731714,0.7371007371007376,0.0,0.4583333333333333,True,False,False
7590,タカショー,2026-09-02,398.0,420.0,420.0,401.8,398.6,43540.0,396.0,396.0,395.0,395.0,11300.0,-0.7537688442211032,-0.5025125628140725,-0.2525252525252486,-5.952380952380953,-5.952380952380953,6.329113924050622,0.0,0.25953146531924665,False,False,False
7593,ＶＴホールディングス,2026-09-02,537.0,545.0,545.0,536.4,514.76,341280.0,537.0,537.0,533.0,535.0,62400.0,-0.3724394785847296,0.0,-0.3724394785847296,-1.834862385321101,-1.834862385321101,1.869158878504673,0.0,0.1828410689170183,False,False,False
7595,アルゴグラフィックス,2026-09-02,1300.0,1367.0,1398.0,1330.6,1327.96,230500.0,1303.0,1306.0,1298.0,1306.0,15200.0,0.4615384615384688,0.2307692307692344,0.23023791250960102,-4.462326261887339,-6.580829756795426,7.044410413476254,2.2677395757132457,0.06594360086767896,True,False,False
7596,魚力,2026-09-02,2341.0,2395.0,2395.0,2365.6,2332.44,43140.0,2325.0,2345.0,2322.0,2325.0,16000.0,-0.6834686031610415,-0.6834686031610415,0.0,-2.9227557411273475,-2.9227557411273475,3.010752688172036,0.0,0.3708854891052388,False,False,False
7599,ＩＤＯＭ,2026-09-02,1246.0,1318.0,1339.0,1262.2,1281.52,1655320.0,1244.0,1247.0,1237.0,1239.0,129100.0,-0.5617977528089901,-0.16051364365970988,-0.4019292604501623,-5.993930197268593,-7.468259895444362,8.071025020177558,1.593323216995457,0.07799096247251287,False,False,False
7600,日本エム・ディ・エム,2026-09-02,659.0,939.0,954.0,743.8,842.4,591660.0,650.0,660.0,650.0,651.0,45300.0,-1.2139605462822445,-1.365705614567525,0.15384615384614886,-30.670926517571885,-31.76100628930818,46.54377880184333,1.5974440894568787,0.07656424297738566,True,False,False
7601,ポプラ,2026-09-02,162.0,168.0,169.0,164.4,166.0,45420.0,165.0,165.0,165.0,165.0,3400.0,1.85185185185186,1.85185185185186,0.0,-1.7857142857142905,-2.3668639053254448,2.4242424242424176,0.5952380952380931,0.07485689123734038,False,False,False
7602,レダックス,2026-09-02,169.0,179.0,197.0,168.4,167.12,20860.0,168.0,168.0,168.0,168.0,100.0,-0.591715976331364,-0.591715976331364,0.0,-6.145251396648044,-14.720812182741117,17.261904761904766,10.05586592178771,0.004793863854266539,False,False,False
7603,ジーイエット,2026-09-02,41.0,56.0,56.0,41.8,45.92,944620.0,42.0,42.0,41.0,42.0,217500.0,2.4390243902439046,2.4390243902439046,0.0,-25.0,-25.0,33.33333333333333,0.0,0.230251317990303,False,False,False
7604,梅の花グループ,2026-09-02,895.0,903.0,908.0,898.4,896.24,7040.0,900.0,904.0,895.0,898.0,7200.0,0.3351955307262511,0.5586592178770999,-0.22222222222222365,-0.5537098560354337,-1.1013215859030812,1.1135857461024523,0.5537098560354448,1.0227272727272727,False,False,False
7606,ユナイテッドアローズ,2026-09-02,2376.0,2660.0,2660.0,2456.8,2508.36,227060.0,2385.0,2392.0,2378.0,2388.0,25300.0,0.5050505050504972,0.37878787878788955,0.12578616352201255,-10.225563909774438,-10.225563909774438,11.390284757118918,0.0,0.11142429313837753,True,False,False
7607,進和,2026-09-02,3035.0,3185.0,3245.0,3088.0,3127.6,76080.0,3050.0,3050.0,3025.0,3040.0,5300.0,0.16474464579900872,0.49423393739702615,-0.3278688524590123,-4.552590266875978,-6.31741140215717,6.743421052631571,1.8838304552590168,0.06966351209253417,False,False,False
7608,エスケイジャパン,2026-09-02,851.0,854.0,854.0,842.8,819.0,73740.0,870.0,881.0,865.0,875.0,24500.0,2.820211515863691,2.232667450058745,0.5747126436781658,2.4590163934426146,2.4590163934426146,-2.400000000000002,0.0,0.3322484404665039,True,True,True
7609,ダイトロン,2026-09-02,3915.0,4910.0,4910.0,4008.0,4091.4,91840.0,3855.0,3885.0,3835.0,3870.0,10700.0,-1.1494252873563204,-1.532567049808431,0.3891050583657574,-21.18126272912424,-21.18126272912424,26.873385012919893,0.0,0.11650696864111498,True,False,False
7610,テイツー,2026-09-02,141.0,146.0,150.0,143.4,142.36,582500.0,140.0,141.0,140.0,141.0,102900.0,0.0,-0.7092198581560294,0.7142857142857117,-3.424657534246578,-6.000000000000005,6.382978723404253,2.7397260273972712,0.17665236051502145,True,False,False
7611,ハイデイ日高,2026-09-02,3075.0,3095.0,3095.0,3019.2,2927.6,443300.0,3035.0,3050.0,3020.0,3030.0,16700.0,-1.4634146341463428,-1.3008130081300862,-0.16474464579900872,-2.100161550888535,-2.100161550888535,2.1452145214521545,0.0,0.0376720054139409,False,False,False
7613,シークス,2026-09-02,1610.0,1693.0,1693.0,1612.4,1576.16,291500.0,1633.0,1634.0,1612.0,1625.0,23200.0,0.9316770186335477,1.4285714285714235,-0.48989589712186143,-4.016538688718252,-4.016538688718252,4.184615384615387,0.0,0.07958833619210978,False,False,False
7614,オーエムツーネットワーク,2026-09-02,1535.0,1578.0,1578.0,1537.8,1532.16,2340.0,1544.0,1544.0,1544.0,1544.0,100.0,0.5863192182410382,0.5863192182410382,0.0,-2.154626108998736,-2.154626108998736,2.2020725388601115,0.0,0.042735042735042736,False,False,False
7615,京都きもの友禅ホールディングス,2026-09-02,103.0,123.0,123.0,102.0,97.24,769840.0,101.0,101.0,100.0,101.0,18100.0,-1.9417475728155331,-1.9417475728155331,0.0,-17.886178861788615,-17.886178861788615,21.78217821782178,0.0,0.02351137898784163,False,False,False
7616,コロワイド,2026-09-02,2117.5,2168.0,2168.0,2129.6,2069.14,353440.0,2109.5,2112.0,2091.5,2099.0,92900.0,-0.8736717827626972,-0.37780401416764864,-0.4977482815833101,-3.182656826568264,-3.182656826568264,3.287279656979525,0.0,0.262845178813943,False,False,False
7619,田中商事,2026-09-02,964.0,995.0,995.0,966.4,953.48,4760.0,965.0,965.0,965.0,965.0,300.0,0.10373443983402453,0.10373443983402453,0.0,-3.015075376884424,-3.015075376884424,3.1088082901554515,0.0,0.06302521008403361,False,False,False
7621,うかい,2026-09-02,3470.0,3505.0,3505.0,3479.0,3434.0,2380.0,3460.0,3460.0,3460.0,3460.0,200.0,-0.2881844380403509,-0.2881844380403509,0.0,-1.2838801711840264,-1.2838801711840264,1.3005780346820872,0.0,0.08403361344537816,False,False,False
7624,ＮａＩＴＯ,2026-09-02,154.0,157.0,157.0,153.6,147.0,36340.0,155.0,155.0,155.0,155.0,5200.0,0.6493506493506551,0.6493506493506551,0.0,-1.273885350318471,-1.273885350318471,1.2903225806451646,0.0,0.14309301045679693,False,False,False
7625,グローバルダイニング,2026-09-02,474.0,490.0,491.0,474.2,477.28,3900.0,472.0,472.0,472.0,472.0,500.0,-0.42194092827003704,-0.42194092827003704,0.0,-3.6734693877551017,-3.8696537678207688,4.02542372881356,0.20408163265306367,0.1282051282051282,False,False,False
7628,オーハシテクニカ,2026-09-02,1187.0,1235.0,1235.0,1203.2,1185.32,23760.0,1186.0,1187.0,1184.0,1186.0,6700.0,-0.08424599831508006,-0.08424599831508006,0.0,-3.967611336032384,-3.967611336032384,4.131534569983142,0.0,0.281986531986532,False,False,False
7630,壱番屋,2026-09-02,1099.0,1191.0,1191.0,1038.6,955.04,1812360.0,1086.0,1090.0,1066.0,1071.0,198500.0,-2.547770700636942,-1.1828935395814422,-1.3812154696132617,-10.075566750629728,-10.075566750629728,11.204481792717091,0.0,0.10952570129554834,False,False,False
7634,星医療酸器,2026-09-02,5110.0,5300.0,5300.0,5242.0,5236.4,80.0,5110.0,5110.0,5100.0,5100.0,300.0,-0.195694716242667,0.0,-0.195694716242667,-3.7735849056603765,-3.7735849056603765,3.9215686274509887,0.0,3.75,False,False,False
7636,ハンズマン,2026-09-02,793.0,805.0,809.0,799.2,795.32,7640.0,797.0,797.0,797.0,797.0,1000.0,0.5044136191677095,0.5044136191677095,0.0,-0.9937888198757738,-1.4833127317676165,1.5056461731492998,0.496894409937898,0.13089005235602094,False,False,False
7637,白銅,2026-09-02,3740.0,4085.0,4085.0,3751.0,3703.4,32600.0,3690.0,3710.0,3660.0,3670.0,3900.0,-1.8716577540106916,-1.3368983957219305,-0.5420054200542035,-10.159118727050187,-10.159118727050187,11.307901907356953,0.0,0.1196319018404908,False,False,False
7638,ＮＥＷ　ＡＲＴ　ＨＯＬＤＩＮＧＳ,2026-09-02,1403.0,1445.0,1445.0,1408.8,1397.56,8840.0,1403.0,1403.0,1402.0,1402.0,500.0,-0.07127583749109156,0.0,-0.07127583749109156,-2.975778546712804,-2.975778546712804,3.0670470756062773,0.0,0.05656108597285068,False,False,False
7640,トップカルチャー,2026-09-02,197.0,199.0,199.0,195.4,181.76,24720.0,194.0,197.0,188.0,193.0,26400.0,-2.030456852791873,-1.5228426395939132,-0.5154639175257714,-3.015075376884424,-3.015075376884424,3.1088082901554515,0.0,1.0679611650485437,False,False,False
7643,ダイイチ,2026-09-02,1746.0,1759.0,1759.0,1748.8,1733.84,4080.0,1720.0,1720.0,1713.0,1713.0,1000.0,-1.8900343642611728,-1.4891179839633395,-0.40697674418604946,-2.6151222285389464,-2.6151222285389464,2.6853473438412045,0.0,0.24509803921568626,False,False,False
7646,ＰＬＡＮＴ,2026-09-02,1900.0,1900.0,1900.0,1890.2,1843.96,4860.0,1905.0,1911.0,1905.0,1911.0,3200.0,0.5789473684210567,0.2631578947368318,0.31496062992126816,0.5789473684210567,0.5789473684210567,-0.5756148613291434,0.0,0.6584362139917695,True,True,True
7649,スギホールディングス,2026-09-02,1298.0,1429.25,1525.5,1319.2,1379.33,2096460.0,1332.0,1338.5,1327.0,1332.5,180800.0,2.657935285053936,2.6194144838212585,0.037537537537546406,-6.769284589819835,-12.65158964274008,14.484052532833026,6.734301206926707,0.0862406151321752,True,False,False
7670,オーウエル,2026-09-02,1236.0,1286.0,1286.0,1245.6,1179.12,6240.0,1233.0,1233.0,1233.0,1233.0,500.0,-0.24271844660194164,-0.24271844660194164,0.0,-4.1213063763608115,-4.1213063763608115,4.2984590429845815,0.0,0.08012820512820513,False,False,False
7673,ダイコー通産,2026-09-02,1668.0,1668.0,1668.0,1658.6,1642.24,1860.0,1729.0,1729.0,1729.0,1729.0,2800.0,3.6570743405275774,3.6570743405275774,0.0,3.6570743405275774,3.6570743405275774,-3.528050896471946,0.0,1.5053763440860215,False,True,True
7674,ＮＡＴＴＹ　ＳＷＡＮＫＹホールディングス,2026-09-02,2635.0,2689.0,2825.0,2628.6,2600.52,1600.0,2638.0,2640.0,2628.0,2640.0,2000.0,0.189753320683117,0.11385199240987465,0.07581501137225999,-1.8222387504648552,-6.548672566371683,7.007575757575757,5.057642246188165,1.25,True,False,False
7677,ヤシマキザイ,2026-09-02,2750.0,2883.0,2883.0,2744.6,2730.36,300.0,,,,,,,,,,,,0.0,,False,False,False
7678,あさくま,2026-09-02,3230.0,3270.0,3275.0,3230.0,3110.12,10420.0,3245.0,3245.0,3230.0,3230.0,900.0,0.0,0.4643962848297267,-0.46224961479198745,-1.2232415902140636,-1.3740458015267132,1.393188854489158,0.1529051987767538,0.08637236084452975,False,False,False
7679,薬王堂ホールディングス,2026-09-02,1614.0,1788.0,1812.0,1653.4,1716.48,68980.0,1625.0,1625.0,1613.0,1618.0,7800.0,0.24783147459728205,0.6815365551424923,-0.43076923076923457,-9.507829977628635,-10.706401766004415,11.990111248454882,1.342281879194629,0.1130762539866628,False,False,False
7681,レオクラン,2026-09-02,1005.0,1074.0,1074.0,1005.2,986.36,720.0,,,,,,,,,,,,0.0,,False,False,False
7682,浜木綿,2026-09-02,3915.0,3935.0,4130.0,3908.0,3922.0,600.0,3905.0,3905.0,3905.0,3905.0,500.0,-0.25542784163473664,-0.25542784163473664,0.0,-0.7623888182973326,-5.447941888619856,5.7618437900128106,4.955527318932651,0.8333333333333334,False,False,False
7683,ダブルエー,2026-09-02,1398.0,1425.0,1433.0,1415.0,1392.28,26000.0,1397.0,1398.0,1393.0,1398.0,3400.0,0.0,-0.07153075822603494,0.07158196134573469,-1.8947368421052602,-2.442428471737612,2.5035765379113117,0.5614035087719405,0.13076923076923078,True,False,False
7685,ＢｕｙＳｅｌｌ　Ｔｅｃｈｎｏｌｏｇｉｅｓ,2026-09-02,3000.0,3450.0,3450.0,3160.0,3166.0,342820.0,3065.0,3095.0,3045.0,3095.0,28000.0,3.166666666666673,2.1666666666666723,0.978792822185981,-10.289855072463771,-10.289855072463771,11.47011308562198,0.0,0.0816755148474418,True,False,False
7686,ひとまいる,2026-09-02,438.0,448.0,448.0,440.2,432.24,8540.0,464.0,479.0,454.0,462.0,109600.0,5.47945205479452,5.936073059360725,-0.4310344827586188,3.125,3.125,-3.0303030303030276,0.0,12.833723653395785,False,True,True
7687,ミクリード,2026-09-02,450.0,474.0,474.0,452.0,437.48,9640.0,449.0,449.0,444.0,444.0,2100.0,-1.3333333333333308,-0.22222222222222365,-1.1135857461024523,-6.329113924050633,-6.329113924050633,6.756756756756754,0.0,0.21784232365145229,False,False,False
7689,コパ・コーポレーション,2026-09-02,301.0,316.0,319.0,301.8,305.32,1820.0,309.0,330.0,309.0,323.0,5300.0,7.3089700996677776,2.657807308970095,4.53074433656957,2.215189873417711,1.2539184952978122,-1.2383900928792602,0.9493670886076,2.912087912087912,True,True,True
7692,アースインフィニティ,2026-09-02,80.0,82.0,82.0,80.4,79.12,138520.0,79.0,81.0,79.0,80.0,55900.0,0.0,-1.2499999999999956,1.2658227848101333,-2.4390243902439046,-2.4390243902439046,2.499999999999991,0.0,0.4035518336702281,True,False,False
7694,いつも,2026-09-02,592.0,727.0,727.0,605.4,499.64,308160.0,623.0,699.0,622.0,676.0,142200.0,14.18918918918919,5.236486486486491,8.50722311396468,-7.015130674002757,-7.015130674002757,7.544378698224863,0.0,0.4614485981308411,True,False,False
7695,交換できるくん,2026-09-02,896.0,943.0,943.0,903.6,812.36,18280.0,891.0,891.0,891.0,891.0,300.0,-0.5580357142857095,-0.5580357142857095,0.0,-5.51431601272534,-5.51431601272534,5.8361391694724984,0.0,0.016411378555798686,False,False,False
7698,アイスコ,2026-09-02,2695.0,2697.0,2697.0,2680.2,2643.88,2480.0,2715.0,2715.0,2712.0,2712.0,200.0,0.630797773654912,0.7421150278293043,-0.11049723756906271,0.5561735261401468,0.5561735261401468,-0.553097345132747,0.0,0.08064516129032258,False,True,True
7701,島津製作所,2026-09-02,3942.0,4271.0,4292.0,4066.2,4108.48,737340.0,3905.0,3924.0,3874.0,3887.0,92600.0,-1.3952308472856445,-0.9386098427194289,-0.46094750320102573,-8.990868649028327,-9.436160298229268,10.419346539747876,0.49168812924373917,0.12558656793338216,False,False,False
7702,ＪＭＳ,2026-09-02,457.0,470.0,474.0,461.4,455.56,29660.0,454.0,455.0,453.0,454.0,1800.0,-0.6564551422319487,-0.6564551422319487,0.0,-3.404255319148941,-4.2194092827004255,4.405286343612325,0.8510638297872353,0.060687795010114634,False,False,False
7707,プレシジョン・システム・サイエンス,2026-09-02,213.0,235.0,235.0,217.0,213.72,99600.0,207.0,210.0,207.0,210.0,32100.0,-1.4084507042253502,-2.8169014084507005,1.449275362318847,-10.63829787234043,-10.63829787234043,11.904761904761907,0.0,0.32228915662650603,True,False,False
7709,クボテック,2026-09-02,68.0,82.0,82.0,59.8,44.44,2857680.0,61.0,61.0,58.0,59.0,148700.0,-13.235294117647056,-10.29411764705882,-3.2786885245901676,-28.04878048780488,-28.04878048780488,38.98305084745763,0.0,0.05203521737913272,False,False,False
7711,助川電気工業,2026-09-02,4950.0,5550.0,5550.0,5194.0,4743.2,83760.0,5030.0,5100.0,5030.0,5090.0,2200.0,2.8282828282828243,1.6161616161616266,1.1928429423459175,-8.288288288288292,-8.288288288288292,9.037328094302556,0.0,0.02626552053486151,True,False,False
7713,シグマ光機,2026-09-02,2345.0,2550.0,2550.0,2382.4,2187.32,42600.0,2336.0,2405.0,2336.0,2393.0,4800.0,2.0469083155650214,-0.3837953091684443,2.440068493150682,-6.156862745098035,-6.156862745098035,6.560802340158789,0.0,0.11267605633802817,True,False,False
7715,長野計器,2026-09-02,3860.0,4555.0,4555.0,4027.0,3954.0,116380.0,3865.0,3915.0,3865.0,3880.0,4500.0,0.5181347150259086,0.12953367875647714,0.38809831824062613,-14.818880351262354,-14.818880351262354,17.39690721649485,0.0,0.03866643753222203,True,False,False
7716,ナカニシ,2026-09-02,3100.0,3385.0,3385.0,3151.0,3154.4,371560.0,3140.0,3170.0,3070.0,3075.0,85100.0,-0.8064516129032251,1.2903225806451646,-2.070063694267521,-9.158050221565727,-9.158050221565727,10.08130081300813,0.0,0.22903434169447734,False,False,False
7717,ブイ・テクノロジー,2026-09-02,5360.0,6250.0,6850.0,5548.0,5566.2,156580.0,5470.0,5600.0,5470.0,5580.0,40300.0,4.104477611940305,2.0522388059701413,2.010968921389389,-10.719999999999995,-18.54014598540146,22.75985663082438,9.600000000000009,0.25737642099885044,True,False,False
7719,東京衡機,2026-09-02,502.0,600.0,600.0,519.4,459.68,693140.0,500.0,506.0,494.0,506.0,23400.0,0.7968127490039834,-0.3984063745019917,1.200000000000001,-15.666666666666663,-15.666666666666663,18.577075098814234,0.0,0.03375941368266151,True,False,False
7721,東京計器,2026-09-02,6790.0,7980.0,7980.0,7154.0,7158.8,255880.0,6980.0,7230.0,6980.0,7090.0,78800.0,4.41826215022092,2.7982326951399017,1.5759312320916985,-11.15288220551378,-11.15288220551378,12.552891396332866,0.0,0.3079568547756761,True,False,False
7722,国際計測器,2026-09-02,778.0,817.0,817.0,787.2,789.56,21540.0,777.0,778.0,772.0,773.0,20100.0,-0.6426735218509005,-0.12853470437017567,-0.5148005148005175,-5.385556915544676,-5.385556915544676,5.692108667529117,0.0,0.9331476323119777,False,False,False
7723,愛知時計電機,2026-09-02,2880.0,2971.0,3085.0,2916.8,2858.36,35540.0,2856.0,2858.0,2837.0,2841.0,4600.0,-1.3541666666666674,-0.8333333333333304,-0.5252100840336116,-4.375631100639509,-7.909238249594819,8.58852516719466,3.837091888253119,0.12943162633652222,False,False,False
7725,インターアクション,2026-09-02,1685.0,2025.0,2025.0,1790.8,1822.8,117740.0,1690.0,1721.0,1690.0,1713.0,8400.0,1.6617210682492667,0.29673590504450953,1.3609467455621305,-15.407407407407403,-15.407407407407403,18.213660245183895,0.0,0.0713436385255648,True,False,False
7726,黒田精工,2026-09-02,1369.0,1489.0,1489.0,1355.4,1327.08,8360.0,1367.0,1367.0,1367.0,1367.0,900.0,-0.14609203798392478,-0.14609203798392478,0.0,-8.193418401611819,-8.193418401611819,8.924652523774679,0.0,0.1076555023923445,False,False,False
7727,オーバル,2026-09-02,830.0,935.0,935.0,842.0,803.44,90820.0,822.0,827.0,822.0,827.0,9800.0,-0.3614457831325302,-0.9638554216867434,0.6082725060827299,-11.55080213903743,-11.55080213903743,13.059250302297464,0.0,0.10790574763268003,True,False,False
7729,東京精密,2026-09-02,16830.0,19585.0,19585.0,17645.0,17728.4,352940.0,16785.0,17005.0,16755.0,16980.0,16300.0,0.891265597147961,-0.2673796791443861,1.1617515638963294,-13.300995659943837,-13.300995659943837,15.34157832744405,0.0,0.04618348727829093,True,False,False
7730,マニー,2026-09-02,1508.0,1629.0,1629.0,1566.2,1566.12,400080.0,1502.0,1506.0,1494.0,1497.0,42500.0,-0.7294429708222805,-0.3978779840848823,-0.332889480692411,-8.10313075506446,-8.10313075506446,8.817635270541091,0.0,0.10622875424915017,False,False,False
7731,ニコン,2026-09-02,1892.0,2089.5,2285.0,1935.3,1964.12,1484500.0,1886.0,1886.0,1853.0,1870.0,181700.0,-1.1627906976744207,-0.3171247357293905,-0.8483563096500557,-10.504905479779847,-18.16192560175055,22.192513368983956,9.35630533620484,0.12239811384304479,False,False,False
7733,オリンパス,2026-09-02,2085.5,2210.5,2210.5,2122.2,2034.36,5153860.0,2070.5,2078.0,2043.0,2049.0,664900.0,-1.75017981299449,-0.7192519779429363,-1.038396522579088,-7.306039357611405,-7.306039357611405,7.88189360663738,0.0,0.12901010116689238,False,False,False
7734,理研計器,2026-09-02,3355.0,3750.0,3750.0,3382.0,3418.6,102120.0,3305.0,3365.0,3305.0,3355.0,9400.0,0.0,-1.4903129657228065,1.5128593040847127,-10.533333333333328,-10.533333333333328,11.773472429210141,0.0,0.09204857030943987,True,False,False
7735,ＳＣＲＥＥＮホールディングス,2026-09-02,13145.0,14730.0,17695.0,13495.0,13288.2,1700360.0,13055.0,13155.0,12945.0,13135.0,232900.0,-0.07607455306199995,-0.6846709775580107,0.6127920337035686,-10.82824168363883,-25.769991523029102,34.71640654739245,20.128988458927367,0.1369709943776612,True,False,False
7740,タムロン,2026-09-02,1374.0,1460.0,1463.0,1371.6,1390.76,480480.0,1362.0,1364.0,1355.0,1359.0,60900.0,-1.091703056768556,-0.8733624454148492,-0.22026431718061845,-6.917808219178079,-7.10868079289132,7.652685798381165,0.205479452054802,0.12674825174825174,False,False,False
7741,ＨＯＹＡ,2026-09-02,24420.0,26925.0,26925.0,24556.0,25272.8,1318220.0,24330.0,24425.0,24100.0,24365.0,149600.0,-0.22522522522522292,-0.3685503685503688,0.14385532264693524,-9.507892293407616,-9.507892293407616,10.506874615226769,0.0,0.11348636798106537,True,False,False
7743,シード,2026-09-02,792.0,793.0,793.0,749.4,574.4,1104180.0,792.0,793.0,792.0,792.0,123800.0,0.0,0.0,0.0,-0.12610340479193294,-0.12610340479193294,0.12626262626262985,0.0,0.1121194008223297,False,False,False
7744,ノーリツ鋼機,2026-09-02,2040.0,2199.0,2199.0,2057.0,2034.44,380600.0,2040.0,2049.0,2026.0,2039.0,34900.0,-0.04901960784313708,0.0,-0.04901960784313708,-7.276034561164169,-7.276034561164169,7.846983815595876,0.0,0.09169732002101945,False,False,False
7745,Ａ＆Ｄホロンホールディングス,2026-09-02,2728.0,3410.0,3410.0,2863.8,2913.92,74080.0,2850.0,2868.0,2830.0,2847.0,11900.0,4.362170087976547,4.472140762463339,-0.10526315789474161,-16.510263929618773,-16.510263929618773,19.77520196698279,0.0,0.16063714902807774,False,False,False
7746,岡本硝子,2026-09-02,755.0,813.0,813.0,777.4,746.84,797080.0,782.0,787.0,777.0,780.0,39000.0,3.31125827814569,3.576158940397356,-0.2557544757033292,-4.059040590405905,-4.059040590405905,4.230769230769238,0.0,0.04892858935113163,False,False,False
7747,朝日インテック,2026-09-02,3601.0,4282.0,4282.0,3768.0,3833.36,1122600.0,3468.0,3486.0,3392.0,3434.0,482400.0,-4.637600666481534,-3.6934184948625437,-0.9803921568627416,-19.803829985987853,-19.803829985987853,24.69423412929528,0.0,0.42971672902191344,False,False,False
7749,メディキット,2026-09-02,2900.0,2950.0,2950.0,2877.6,2847.12,1660.0,2965.0,2965.0,2965.0,2965.0,1100.0,2.2413793103448265,2.2413793103448265,0.0,0.5084745762711895,0.5084745762711895,-0.5059021922428353,0.0,0.6626506024096386,False,True,True
7751,キヤノン,2026-09-02,4679.0,4750.0,4750.0,4695.8,4580.24,3406560.0,4640.0,4647.0,4576.0,4594.0,547800.0,-1.81662748450524,-0.8335114340671135,-0.991379310344831,-3.2842105263157895,-3.2842105263157895,3.3957335655202536,0.0,0.16080738340143721,False,False,False
7752,リコー,2026-09-02,1697.0,1747.5,1747.5,1705.1,1635.66,1696780.0,1703.5,1704.5,1677.5,1685.0,227600.0,-0.707130229817321,0.3830288744843813,-1.085999412973293,-3.576537911301858,-3.576537911301858,3.70919881305638,0.0,0.13413642310729734,False,False,False
7760,ＩＭＶ,2026-09-02,1981.0,2724.0,2724.0,2070.4,2116.96,59620.0,1929.0,1965.0,1929.0,1935.0,12300.0,-2.3220595658758225,-2.6249369005552747,0.3110419906687367,-28.9647577092511,-28.9647577092511,40.77519379844961,0.0,0.20630660852063065,True,False,False
7762,シチズン時計,2026-09-02,2728.0,2920.0,2920.0,2771.2,2545.36,1464360.0,2580.0,2595.0,2565.0,2589.0,276000.0,-5.095307917888558,-5.425219941348969,0.34883720930232176,-11.335616438356166,-11.335616438356166,12.78485901892623,0.0,0.18847824305498648,True,False,False
7769,リズム,2026-09-02,3935.0,4055.0,4055.0,3990.0,3955.8,19480.0,3905.0,3910.0,3880.0,3885.0,9500.0,-1.270648030495558,-0.7623888182973326,-0.5121638924455829,-4.192355117139335,-4.192355117139335,4.375804375804382,0.0,0.48767967145790553,False,False,False
7771,日本精密,2026-09-02,269.0,310.0,315.0,275.6,290.08,132880.0,265.0,268.0,265.0,266.0,19400.0,-1.115241635687736,-1.486988847583648,0.37735849056603765,-14.193548387096778,-15.555555555555555,18.421052631578938,1.6129032258064502,0.14599638771824203,True,False,False
7774,ジャパン・ティッシュエンジニアリング,2026-09-02,879.0,898.0,898.0,868.6,813.36,83040.0,873.0,874.0,843.0,844.0,13200.0,-3.981797497155859,-0.6825938566552892,-3.3218785796105377,-6.013363028953234,-6.013363028953234,6.3981042654028375,0.0,0.15895953757225434,False,False,False
7775,大研医器,2026-09-02,426.0,440.0,440.0,426.6,425.6,17340.0,427.0,427.0,427.0,427.0,1400.0,0.23474178403755097,0.23474178403755097,0.0,-2.954545454545454,-2.954545454545454,3.0444964871194413,0.0,0.08073817762399077,False,False,False
7776,セルシード,2026-09-02,220.0,242.0,242.0,230.0,228.2,161840.0,214.0,215.0,214.0,214.0,21100.0,-2.7272727272727226,-2.7272727272727226,0.0,-11.570247933884293,-11.570247933884293,13.08411214953271,0.0,0.13037567968363817,False,False,False
7777,スリー・ディー・マトリックス,2026-09-02,358.0,389.0,389.0,368.8,355.24,1460060.0,353.0,359.0,353.0,356.0,141200.0,-0.5586592178770999,-1.3966480446927387,0.8498583569405138,-8.483290488431871,-8.483290488431871,9.26966292134832,0.0,0.09670835445118693,True,False,False
7779,ＣＹＢＥＲＤＹＮＥ,2026-09-02,217.0,259.0,259.0,226.4,230.92,1645380.0,218.0,220.0,218.0,220.0,179300.0,1.382488479262678,0.4608294930875667,0.917431192660545,-15.05791505791506,-15.05791505791506,17.727272727272727,0.0,0.10897178767214868,True,False,False
7780,メニコン,2026-09-02,1953.0,2086.0,2086.0,1919.4,1896.24,221420.0,1880.0,1883.0,1835.0,1883.0,62700.0,-3.584229390681004,-3.737839221710193,0.15957446808509967,-9.731543624161077,-9.731543624161077,10.780669144981413,0.0,0.28317225182910305,True,False,False
7781,平山ホールディングス,2026-09-02,895.0,915.0,915.0,885.2,835.84,23500.0,894.0,894.0,894.0,894.0,700.0,-0.11173184357542443,-0.11173184357542443,0.0,-2.2950819672131195,-2.2950819672131195,2.348993288590595,0.0,0.029787234042553193,False,False,False
7782,シンシア,2026-09-02,488.0,495.0,495.0,480.8,470.72,5260.0,493.0,493.0,491.0,491.0,1400.0,0.6147540983606481,1.0245901639344357,-0.40567951318458695,-0.8080808080808133,-0.8080808080808133,0.8146639511201537,0.0,0.2661596958174905,False,False,False
7791,ドリームベッド,2026-09-02,839.0,848.0,848.0,830.0,820.72,2500.0,832.0,832.0,832.0,832.0,300.0,-0.8343265792610244,-0.8343265792610244,0.0,-1.8867924528301883,-1.8867924528301883,1.9230769230769162,0.0,0.12,False,False,False
7792,コラントッテ,2026-09-02,1484.0,1512.0,1512.0,1489.6,1465.68,10700.0,1477.0,1477.0,1475.0,1475.0,600.0,-0.60646900269542,-0.4716981132075526,-0.13540961408260443,-2.447089947089942,-2.447089947089942,2.5084745762711913,0.0,0.056074766355140186,False,False,False
7793,イメージ・マジック,2026-09-02,1490.0,1590.0,1590.0,1514.4,1455.28,1340.0,1495.0,1495.0,1495.0,1495.0,200.0,0.3355704697986628,0.3355704697986628,0.0,-5.974842767295597,-5.974842767295597,6.35451505016722,0.0,0.14925373134328357,False,False,False
7794,イーディーピー,2026-09-02,966.0,1050.0,1050.0,987.4,929.4,319380.0,976.0,988.0,974.0,978.0,25700.0,1.2422360248447228,1.0351966873705987,0.2049180327868827,-6.857142857142861,-6.857142857142861,7.361963190184051,0.0,0.08046840753960799,True,False,False
7795,ＫＹＯＲＩＴＳＵ,2026-09-02,227.0,230.0,230.0,227.0,217.48,44200.0,223.0,223.0,223.0,223.0,8800.0,-1.7621145374449365,-1.7621145374449365,0.0,-3.04347826086957,-3.04347826086957,3.1390134529148073,0.0,0.19909502262443438,False,False,False
7800,アミファ,2026-09-02,1001.0,1138.0,1138.0,1006.0,996.0,10160.0,1010.0,1010.0,1009.0,1009.0,400.0,0.7992007992007943,0.899100899100902,-0.0990099009900991,-11.335676625659053,-11.335676625659053,12.784935579781953,0.0,0.03937007874015748,False,False,False
7803,ブシロード,2026-09-02,437.0,457.0,457.0,435.4,401.08,1537360.0,435.0,444.0,433.0,436.0,151400.0,-0.22883295194507935,-0.4576659038901587,0.22988505747125743,-4.59518599562363,-4.59518599562363,4.8165137614679,0.0,0.09848051204662539,True,False,False
7804,ビーアンドピー,2026-09-02,2379.0,2386.0,2386.0,2365.0,2311.24,2640.0,2381.0,2381.0,2365.0,2365.0,500.0,-0.5884825556956685,0.08406893652794789,-0.6719865602687891,-0.8801341156747688,-0.8801341156747688,0.8879492600422756,0.0,0.1893939393939394,False,False,False
7805,プリントネット,2026-09-02,714.0,759.0,770.0,713.2,741.16,46740.0,716.0,716.0,715.0,716.0,2300.0,0.2801120448179262,0.2801120448179262,0.0,-5.66534914361001,-7.012987012987015,7.5418994413407825,1.449275362318847,0.04920838682071031,False,False,False
7806,ＭＴＧ,2026-09-02,8500.0,9400.0,9400.0,8998.0,8237.6,164920.0,8300.0,8350.0,8200.0,8260.0,22200.0,-2.8235294117647025,-2.352941176470591,-0.48192771084337727,-12.127659574468087,-12.127659574468087,13.801452784503642,0.0,0.13461072034926025,False,False,False
7807,幸和製作所,2026-09-02,876.0,886.0,886.0,877.6,868.28,920.0,862.0,867.0,857.0,867.0,1300.0,-1.0273972602739767,-1.5981735159817378,0.5800464037122977,-2.1444695259593693,-2.1444695259593693,2.1914648212226107,0.0,1.4130434782608696,True,False,False
7808,シー・エス・ランバー,2026-09-02,2722.0,2750.0,2795.0,2718.4,2704.24,260.0,2740.0,2749.0,2740.0,2749.0,200.0,0.9919177075679686,0.6612784717119791,0.3284671532846728,-0.03636363636363438,-1.6457960644007175,1.673335758457628,1.6363636363636358,0.7692307692307693,True,False,False
7809,壽屋,2026-09-02,1322.0,1345.0,1345.0,1322.6,1321.88,6480.0,1324.0,1324.0,1323.0,1323.0,200.0,0.07564296520423675,0.1512859304084735,-0.07552870090634656,-1.635687732342006,-1.635687732342006,1.6628873771730834,0.0,0.030864197530864196,False,False,False
7810,クロスフォー,2026-09-02,169.0,219.0,219.0,170.4,153.04,2570220.0,167.0,167.0,165.0,165.0,25700.0,-2.3668639053254448,-1.1834319526627168,-1.19760479041916,-24.65753424657534,-24.65753424657534,32.72727272727274,0.0,0.009999144042144253,False,False,False
7811,中本パックス,2026-09-02,1979.0,1991.0,1991.0,1969.8,1933.64,27640.0,1999.0,1999.0,1983.0,1983.0,700.0,0.2021222839817982,1.0106114199090355,-0.8004002001000488,-0.40180813661476744,-0.40180813661476744,0.4034291477559293,0.0,0.02532561505065123,False,False,False
7812,クレステック,2026-09-02,2128.0,2190.0,2190.0,2147.0,2149.84,1020.0,2129.0,2159.0,2129.0,2159.0,300.0,1.4567669172932396,0.046992481203012026,1.4091122592766459,-1.4155251141552472,-1.4155251141552472,1.4358499305233918,0.0,0.29411764705882354,True,False,False
7813,プラッツ,2026-09-02,912.0,946.0,946.0,892.6,829.84,5440.0,911.0,911.0,911.0,911.0,400.0,-0.10964912280702066,-0.10964912280702066,0.0,-3.6997885835095112,-3.6997885835095112,3.841931942919863,0.0,0.07352941176470588,False,False,False
7814,日本創発グループ,2026-09-02,644.0,676.0,676.0,632.8,639.6,32980.0,640.0,640.0,640.0,640.0,1200.0,-0.6211180124223614,-0.6211180124223614,0.0,-5.3254437869822535,-5.3254437869822535,5.624999999999991,0.0,0.036385688295936934,False,False,False
7815,東京ボード工業,2026-09-02,350.0,437.0,437.0,361.6,341.88,5880.0,347.0,347.0,347.0,347.0,200.0,-0.8571428571428563,-0.8571428571428563,0.0,-20.59496567505721,-20.59496567505721,25.936599423631137,0.0,0.034013605442176874,False,False,False
7818,トランザクション,2026-09-02,1143.0,1276.0,1276.0,1185.8,1207.64,349440.0,1140.0,1149.0,1133.0,1148.0,17700.0,0.43744531933507247,-0.2624671916010457,0.7017543859649145,-10.031347962382442,-10.031347962382442,11.149825783972123,0.0,0.05065247252747253,True,False,False
7819,粧美堂,2026-09-02,1000.0,1088.0,1088.0,1010.8,977.76,32400.0,1010.0,1010.0,1000.0,1003.0,3700.0,0.29999999999998916,1.0000000000000009,-0.6930693069306937,-7.8125,-7.8125,8.47457627118644,0.0,0.11419753086419752,False,False,False
7820,ニホンフラッシュ,2026-09-02,706.0,733.0,733.0,711.4,713.6,45860.0,708.0,708.0,705.0,706.0,9300.0,0.0,0.28328611898016387,-0.28248587570621764,-3.683492496589358,-3.683492496589358,3.82436260623229,0.0,0.20279110335804623,False,False,False
7821,前田工繊,2026-09-02,1987.0,2128.0,2128.0,2037.8,2011.76,129420.0,1983.0,1998.0,1981.0,1995.0,13500.0,0.4026170105686955,-0.20130850528434774,0.605143721633894,-6.25,-6.25,6.666666666666665,0.0,0.1043115438108484,True,False,False
7822,永大産業,2026-09-02,256.0,265.0,265.0,256.2,251.72,23480.0,258.0,258.0,257.0,257.0,3900.0,0.390625,0.78125,-0.3875968992248069,-3.018867924528301,-3.018867924528301,3.112840466926059,0.0,0.16609880749574105,False,False,False
7823,アートネイチャー,2026-09-02,855.0,891.0,910.0,870.6,861.48,141960.0,847.0,853.0,843.0,853.0,6000.0,-0.2339181286549752,-0.9356725146198785,0.7083825265643551,-4.264870931537601,-6.263736263736264,6.682297772567414,2.1324354657688005,0.042265426880811495,True,False,False
7826,フルヤ金属,2026-09-02,9670.0,10060.0,10060.0,9340.0,8130.4,467620.0,10490.0,10800.0,10430.0,10610.0,196500.0,9.72078593588417,8.479834539813847,1.1439466158245981,5.467196819085496,5.467196819085496,-5.183788878416584,0.0,0.42021299345622515,True,True,True
7827,オービス,2026-09-02,1735.0,1757.0,1757.0,1744.2,1693.44,1700.0,1735.0,1735.0,1735.0,1735.0,500.0,0.0,0.0,0.0,-1.2521343198634072,-1.2521343198634072,1.2680115273775217,0.0,0.29411764705882354,False,False,False
7831,ウイルコホールディングス,2026-09-02,67.0,70.0,70.0,67.4,67.48,19340.0,66.0,66.0,66.0,66.0,700.0,-1.4925373134328401,-1.4925373134328401,0.0,-5.714285714285716,-5.714285714285716,6.060606060606055,0.0,0.03619441571871768,False,False,False
7832,バンダイナムコホールディングス,2026-09-02,5641.0,5850.0,5850.0,5688.0,5261.8,2446780.0,5694.0,5696.0,5607.0,5620.0,316900.0,-0.37227441942917494,0.9395497252260299,-1.299613628380747,-3.9316239316239288,-3.9316239316239288,4.0925266903914626,0.0,0.1295171613304016,False,False,False
7833,アイフィスジャパン,2026-09-02,669.0,672.0,672.0,657.6,646.68,5580.0,670.0,670.0,665.0,666.0,1100.0,-0.4484304932735439,0.1494768310911887,-0.5970149253731294,-0.8928571428571397,-0.8928571428571397,0.9009009009008917,0.0,0.1971326164874552,False,False,False
7836,アビックス,2026-09-02,77.0,83.0,83.0,77.0,79.32,30000.0,77.0,78.0,77.0,77.0,14500.0,0.0,0.0,0.0,-7.2289156626506035,-7.2289156626506035,7.792207792207795,0.0,0.48333333333333334,False,False,False
7837,アールシーコア,2026-09-02,340.0,359.0,369.0,335.6,339.04,1820.0,348.0,348.0,332.0,336.0,2800.0,-1.17647058823529,2.35294117647058,-3.4482758620689613,-6.406685236768805,-8.943089430894313,9.82142857142858,2.785515320334264,1.5384615384615385,False,False,False
7839,ＳＨＯＥＩ,2026-09-02,2058.0,2135.0,2135.0,2095.4,2043.2,186920.0,2085.0,2091.0,2068.0,2079.0,28600.0,1.0204081632652962,1.3119533527696792,-0.2877697841726645,-2.622950819672132,-2.622950819672132,2.6936026936027035,0.0,0.15300663385405522,False,False,False
7840,フランスベッドホールディングス,2026-09-02,1304.0,1327.0,1327.0,1310.8,1277.88,39900.0,1295.0,1297.0,1292.0,1292.0,3600.0,-0.9202453987730008,-0.6901840490797562,-0.23166023166023564,-2.6375282592313476,-2.6375282592313476,2.7089783281733837,0.0,0.09022556390977443,False,False,False
7841,遠藤製作所,2026-09-02,1085.0,1141.0,1141.0,1094.2,1105.6,11040.0,1082.0,1082.0,1082.0,1082.0,1600.0,-0.27649769585254,-0.27649769585254,0.0,-5.170902716914982,-5.170902716914982,5.4528650646950005,0.0,0.14492753623188406,False,False,False
7844,マーベラス,2026-09-02,532.0,538.0,538.0,524.0,494.16,203420.0,518.0,524.0,518.0,522.0,18200.0,-1.8796992481203034,-2.631578947368418,0.7722007722007707,-2.9739776951672847,-2.9739776951672847,3.065134099616862,0.0,0.08947006194081211,True,False,False
7846,パイロットコーポレーション,2026-09-02,2132.0,2148.5,2148.5,2096.2,1954.1,561760.0,2110.0,2120.0,2100.0,2110.5,24900.0,-1.0084427767354631,-1.0318949343339545,0.023696682464446894,-1.7686758203397712,-1.7686758203397712,1.800521203506289,0.0,0.044324978638564515,True,False,False
7847,グラファイトデザイン,2026-09-02,652.0,693.0,693.0,663.8,663.64,7320.0,648.0,648.0,646.0,646.0,3100.0,-0.9202453987730008,-0.6134969325153339,-0.30864197530864335,-6.782106782106778,-6.782106782106778,7.27554179566563,0.0,0.42349726775956287,False,False,False
7849,スターツ出版,2026-09-02,3060.0,3400.0,3450.0,3087.0,3122.0,1620.0,3050.0,3115.0,3050.0,3055.0,400.0,-0.16339869281045694,-0.32679738562091387,0.16393442622950616,-10.14705882352941,-11.449275362318845,12.929623567921444,1.4705882352941124,0.24691358024691357,True,False,False
7850,総合商研,2026-09-02,814.0,827.0,885.0,810.6,816.0,1000.0,811.0,811.0,811.0,811.0,300.0,-0.3685503685503688,-0.3685503685503688,0.0,-1.9347037484885088,-8.36158192090396,9.124537607891492,7.013301088270851,0.3,False,False,False
7856,萩原工業,2026-09-02,1876.0,1931.0,1931.0,1891.0,1845.92,48960.0,1882.0,1885.0,1876.0,1881.0,5400.0,0.26652452025586193,0.31982942430703876,-0.05313496280552332,-2.5893319523562885,-2.5893319523562885,2.658160552897404,0.0,0.11029411764705882,False,False,False
7859,アルメディオ,2026-09-02,254.0,266.0,266.0,251.6,234.88,103720.0,262.0,264.0,258.0,263.0,21500.0,3.543307086614167,3.149606299212593,0.3816793893129722,-1.1278195488721776,-1.1278195488721776,1.1406844106463865,0.0,0.2072888546085615,True,False,False
7860,エイベックス,2026-09-02,1292.0,1302.0,1361.0,1290.0,1274.72,106700.0,1277.0,1282.0,1277.0,1280.0,7300.0,-0.9287925696594423,-1.1609907120743057,0.2349256068911565,-1.6897081413210446,-5.951506245407789,6.328124999999996,4.531490015360973,0.06841611996251172,True,False,False
7863,平賀,2026-09-02,944.0,980.0,980.0,949.8,950.12,1080.0,,,,,,,,,,,,0.0,,False,False,False
7864,フジシールインターナショナル,2026-09-02,3270.0,3365.0,3365.0,3317.0,3230.6,95360.0,3300.0,3320.0,3295.0,3320.0,10500.0,1.5290519877675823,0.917431192660545,0.60606060606061,-1.3372956909361022,-1.3372956909361022,1.3554216867469826,0.0,0.11010906040268456,True,False,False
7865,ピープル,2026-09-02,338.0,370.0,370.0,348.2,340.36,9700.0,338.0,338.0,338.0,338.0,200.0,0.0,0.0,0.0,-8.64864864864865,-8.64864864864865,9.467455621301779,0.0,0.020618556701030927,False,False,False
7867,タカラトミー,2026-09-02,3684.0,3840.0,3840.0,3717.2,3641.08,424240.0,3664.0,3664.0,3626.0,3655.0,69600.0,-0.7871878393051035,-0.5428881650380024,-0.2456331877729312,-4.8177083333333375,-4.8177083333333375,5.061559507523938,0.0,0.16405808033188762,False,False,False
7868,広済堂ホールディングス,2026-09-02,554.0,589.0,589.0,557.0,544.0,371240.0,545.0,550.0,540.0,547.0,24400.0,-1.2635379061371799,-1.6245487364620947,0.3669724770642091,-7.130730050933787,-7.130730050933787,7.678244972577697,0.0,0.06572567611248788,True,False,False
7871,フクビ化学工業,2026-09-02,1022.0,1052.0,1052.0,1031.2,998.64,8120.0,1010.0,1010.0,1010.0,1010.0,100.0,-1.1741682974559686,-1.1741682974559686,0.0,-3.9923954372623527,-3.9923954372623527,4.158415841584162,0.0,0.012315270935960592,False,False,False
7872,エステールホールディングス,2026-09-02,616.0,620.0,620.0,617.0,612.28,3660.0,617.0,619.0,617.0,619.0,300.0,0.48701298701299134,0.16233766233766378,0.32414910858995505,-0.1612903225806428,-0.1612903225806428,0.1615508885298933,0.0,0.08196721311475409,True,False,False
7874,レック,2026-09-02,959.0,988.0,997.0,961.2,963.16,71980.0,953.0,955.0,950.0,952.0,15500.0,-0.7299270072992692,-0.6256517205422307,-0.10493179433368471,-3.6437246963562764,-4.513540621865597,4.726890756302526,0.9109311740890691,0.2153375937760489,False,False,False
7875,竹田ｉＰホールディングス,2026-09-02,793.0,881.0,881.0,806.6,811.84,16420.0,809.0,809.0,809.0,809.0,300.0,2.0176544766708604,2.0176544766708604,0.0,-8.172531214528945,-8.172531214528945,8.899876390605677,0.0,0.018270401948842874,False,False,False
7877,永大化工,2026-09-02,2225.0,2269.0,2269.0,2226.0,2187.36,500.0,2243.0,2243.0,2228.0,2228.0,300.0,0.1348314606741674,0.8089887640449378,-0.6687472135532779,-1.8069634200088114,-1.8069634200088114,1.8402154398563741,0.0,0.6,False,False,False
7878,光・彩,2026-09-02,1460.0,1595.0,1595.0,1456.0,1359.28,3340.0,1538.0,1538.0,1538.0,1538.0,100.0,5.342465753424652,5.342465753424652,0.0,-3.573667711598749,-3.573667711598749,3.7061118335500742,0.0,0.029940119760479042,False,False,False
7879,ノダ,2026-09-02,674.0,685.0,685.0,679.2,658.84,5960.0,676.0,676.0,674.0,674.0,400.0,0.0,0.29673590504450953,-0.295857988165682,-1.6058394160583966,-1.6058394160583966,1.6320474777448135,0.0,0.06711409395973154,False,False,False
7883,サンメッセ,2026-09-02,400.0,410.0,412.0,402.2,400.52,3600.0,401.0,401.0,401.0,401.0,100.0,0.24999999999999467,0.24999999999999467,0.0,-2.195121951219514,-2.669902912621358,2.7431421446383997,0.4878048780487809,0.027777777777777776,False,False,False
7885,タカノ,2026-09-02,1133.0,1165.0,1165.0,1135.0,1114.56,9560.0,1138.0,1138.0,1132.0,1132.0,400.0,-0.08826125330979595,0.44130626654899086,-0.5272407732864637,-2.832618025751077,-2.832618025751077,2.915194346289751,0.0,0.04184100418410042,False,False,False
7886,ヤマト　モビリティ　＆　Ｍｆｇ．,2026-09-02,623.0,750.0,755.0,639.8,695.52,8920.0,593.0,596.0,589.0,595.0,6200.0,-4.49438202247191,-4.815409309791329,0.3372681281618828,-20.666666666666668,-21.19205298013245,26.890756302521,0.6666666666666599,0.695067264573991,True,False,False
7887,南海プライウッド,2026-09-02,1573.0,1614.0,1615.0,1565.0,1551.32,2380.0,1585.0,1585.0,1569.0,1569.0,600.0,-0.2542911633820699,0.7628734901462098,-1.0094637223974745,-2.7881040892193343,-2.848297213622286,2.9318036966220484,0.06195786864930941,0.25210084033613445,False,False,False
7888,三光合成,2026-09-02,893.0,957.0,986.0,907.8,925.96,95060.0,893.0,897.0,883.0,886.0,19200.0,-0.7838745800671898,0.0,-0.7838745800671898,-7.419017763845348,-10.141987829614607,11.28668171557563,3.0303030303030276,0.20197769829581316,False,False,False
7893,プロネクサス,2026-09-02,1118.0,1164.0,1221.0,1132.0,1139.0,54860.0,1115.0,1117.0,1110.0,1111.0,3500.0,-0.6261180679785316,-0.26833631484793896,-0.35874439461883734,-4.553264604810991,-9.009009009009006,9.90099009900991,4.89690721649485,0.06379876048122493,False,False,False
7896,セブン工業,2026-09-02,509.0,516.0,526.0,507.0,508.4,2580.0,508.0,508.0,508.0,508.0,100.0,-0.19646365422396617,-0.19646365422396617,0.0,-1.5503875968992276,-3.4220532319391594,3.543307086614167,1.9379844961240345,0.03875968992248062,False,False,False
7897,ホクシン,2026-09-02,105.0,110.0,110.0,107.4,104.64,205800.0,105.0,105.0,105.0,105.0,88800.0,0.0,0.0,0.0,-4.545454545454541,-4.545454545454541,4.761904761904767,0.0,0.4314868804664723,False,False,False
7898,ウッドワン,2026-09-02,920.0,955.0,955.0,937.2,919.08,6020.0,919.0,919.0,919.0,919.0,1200.0,-0.10869565217391797,-0.10869565217391797,0.0,-3.7696335078533982,-3.7696335078533982,3.9173014145810647,0.0,0.19933554817275748,False,False,False
7901,マツモト,2026-09-02,850.0,880.0,903.0,856.2,838.12,2180.0,845.0,845.0,844.0,844.0,400.0,-0.7058823529411784,-0.588235294117645,-0.11834319526626835,-4.09090909090909,-6.533776301218164,6.99052132701421,2.6136363636363624,0.1834862385321101,False,False,False
7902,ソノコム,2026-09-02,1126.0,1150.0,1150.0,1128.2,1114.08,2540.0,1123.0,1123.0,1123.0,1123.0,100.0,-0.2664298401420906,-0.2664298401420906,0.0,-2.347826086956517,-2.347826086956517,2.404274265360651,0.0,0.03937007874015748,False,False,False
7906,ヨネックス,2026-09-02,2564.0,2955.0,2955.0,2720.8,2705.28,333520.0,2555.0,2578.0,2545.0,2561.0,51500.0,-0.11700468018720489,-0.3510140405616258,0.23483365949119595,-13.33333333333333,-13.33333333333333,15.384615384615374,0.0,0.1544135284240825,True,False,False
7908,きもと,2026-09-02,240.0,250.0,250.0,241.2,238.6,104320.0,238.0,238.0,238.0,238.0,11100.0,-0.8333333333333304,-0.8333333333333304,0.0,-4.800000000000004,-4.800000000000004,5.042016806722693,0.0,0.10640337423312883,False,False,False
7911,ＴＯＰＰＡＮホールディングス,2026-09-02,4924.0,5629.0,5629.0,4995.8,4905.16,1490800.0,5110.0,5120.0,5009.0,5026.0,144000.0,2.0714865962631945,3.7774167343623155,-1.6438356164383605,-10.71238230591579,-10.71238230591579,11.997612415439708,0.0,0.0965924335927019,False,False,False
7912,大日本印刷,2026-09-02,3039.0,3364.0,3364.0,3087.0,3116.1,1453460.0,3055.0,3083.0,3021.0,3035.0,122200.0,-0.13162224415925738,0.5264889766370517,-0.6546644844517169,-9.780023781212844,-9.780023781212844,10.84019769357496,0.0,0.08407524114870722,False,False,False
7914,共同印刷,2026-09-02,1724.0,1779.0,1779.0,1751.6,1707.6,68840.0,1727.0,1727.0,1720.0,1726.0,5900.0,0.11600928074246841,0.17401392111369152,-0.057903879559928484,-2.9792017987633534,-2.9792017987633534,3.0706836616454236,0.0,0.08570598489250436,False,False,False
7915,ＮＩＳＳＨＡ,2026-09-02,1241.0,1350.0,1389.0,1282.2,1296.88,232100.0,1214.0,1217.0,1208.0,1214.0,35500.0,-2.175664786462528,-2.175664786462528,0.0,-10.074074074074069,-12.598992080633554,14.415156507413517,2.8888888888888964,0.15295131408875484,False,False,False
7916,光村印刷,2026-09-02,1880.0,1987.0,1987.0,1908.0,1900.52,200.0,,,,,,,,,,,,0.0,,False,False,False
7917,ＺＡＣＲＯＳ,2026-09-02,1255.0,1467.0,1467.0,1278.4,1309.2,127300.0,1247.0,1252.0,1238.0,1242.0,20000.0,-1.035856573705174,-0.6374501992031822,-0.4009623095429071,-15.337423312883436,-15.337423312883436,18.1159420289855,0.0,0.15710919088766692,False,False,False
7918,ヴィア・ホールディングス,2026-09-02,107.0,109.0,109.0,106.6,105.56,35900.0,107.0,108.0,106.0,106.0,10600.0,-0.9345794392523366,0.0,-0.9345794392523366,-2.752293577981646,-2.752293577981646,2.8301886792452935,0.0,0.29526462395543174,False,False,False
7919,野崎印刷紙業,2026-09-02,226.0,230.0,230.0,228.0,217.48,13540.0,228.0,229.0,228.0,229.0,1600.0,1.327433628318575,0.8849557522123908,0.43859649122806044,-0.43478260869564966,-0.43478260869564966,0.4366812227074135,0.0,0.11816838995568685,True,False,False
7921,ＴＡＫＡＲＡ　＆　ＣＯＭＰＡＮＹ,2026-09-02,4165.0,4425.0,4595.0,4301.0,4259.4,21340.0,4175.0,4180.0,4145.0,4150.0,2500.0,-0.36014405762304635,0.24009603841537164,-0.5988023952095856,-6.214689265536721,-9.684439608269857,10.72289156626507,3.841807909604511,0.11715089034676664,False,False,False
7927,ムトー精工,2026-09-02,2265.0,2340.0,2370.0,2280.0,2258.52,12980.0,2270.0,2273.0,2260.0,2260.0,3100.0,-0.22075055187638082,0.22075055187638082,-0.4405286343612369,-3.4188034188034178,-4.641350210970463,4.867256637168138,1.2820512820512775,0.23882896764252695,False,False,False
7928,旭化学工業,2026-09-02,615.0,662.0,662.0,632.2,641.36,14860.0,620.0,620.0,620.0,620.0,1300.0,0.8130081300812941,0.8130081300812941,0.0,-6.344410876132933,-6.344410876132933,6.774193548387086,0.0,0.08748317631224764,False,False,False
7931,未来工業,2026-09-02,3610.0,3830.0,3830.0,3685.0,3578.2,21660.0,3605.0,3635.0,3575.0,3610.0,5100.0,0.0,-0.13850415512465242,0.1386962552011095,-5.744125326370753,-5.744125326370753,6.094182825484773,0.0,0.23545706371191136,True,False,False
7932,ニッピ,2026-09-02,11710.0,12190.0,12450.0,11882.0,11859.2,7480.0,11710.0,11710.0,11710.0,11710.0,200.0,0.0,0.0,0.0,-3.937653814602138,-5.943775100401605,6.319385140905198,2.13289581624283,0.026737967914438502,False,False,False
7936,アシックス,2026-09-02,4213.0,5440.0,5440.0,4430.4,4770.0,6037520.0,4150.0,4176.0,4126.0,4167.0,799200.0,-1.0918585331118003,-1.495371469261808,0.40963855421687345,-23.40073529411765,-23.40073529411765,30.549556035517167,0.0,0.132372232307305,True,False,False
7937,ツツミ,2026-09-02,2634.0,2760.0,2760.0,2670.2,2609.48,14520.0,2677.0,2677.0,2642.0,2642.0,700.0,0.3037205770690887,1.6324981017463935,-1.307433694434068,-4.275362318840581,-4.275362318840581,4.4663133989401915,0.0,0.048209366391184574,False,False,False
7938,リーガルコーポレーション,2026-09-02,2153.0,2223.0,2249.0,2156.8,2194.44,2220.0,2146.0,2146.0,2146.0,2146.0,300.0,-0.32512772875058493,-0.32512772875058493,0.0,-3.4637876743139895,-4.579813250333487,4.79962721342031,1.1695906432748648,0.13513513513513514,False,False,False
7939,研創,2026-09-02,609.0,619.0,625.0,604.4,606.48,860.0,601.0,601.0,601.0,601.0,300.0,-1.3136288998357948,-1.3136288998357948,0.0,-2.9079159935379684,-3.839999999999999,3.993344425956735,0.9693053311793154,0.3488372093023256,False,False,False
7942,ＪＳＰ,2026-09-02,3080.0,3240.0,3240.0,3132.0,2985.08,53040.0,3030.0,3040.0,2980.0,2992.0,10100.0,-2.857142857142858,-1.6233766233766267,-1.2541254125412515,-7.654320987654318,-7.654320987654318,8.288770053475947,0.0,0.19042232277526394,False,False,False
7943,ニチハ,2026-09-02,3075.0,3235.0,3295.0,3095.0,3127.6,56320.0,3065.0,3065.0,3030.0,3040.0,5100.0,-1.1382113821138184,-0.3252032520325243,-0.815660685154973,-6.02782071097373,-7.73899848254932,8.388157894736835,1.8547140649149974,0.09055397727272728,False,False,False
7944,ローランド,2026-09-02,3820.0,4615.0,4615.0,3833.0,4083.6,127900.0,3810.0,3825.0,3795.0,3805.0,5600.0,-0.39267015706806463,-0.2617801047120394,-0.1312335958005284,-17.55146262188516,-17.55146262188516,21.28777923784495,0.0,0.0437842064112588,False,False,False
7946,光陽社,2026-09-02,382.0,507.0,507.0,388.8,338.72,68400.0,345.0,352.0,345.0,352.0,2100.0,-7.853403141361259,-9.685863874345547,2.0289855072463725,-30.57199211045365,-30.57199211045365,44.03409090909092,0.0,0.03070175438596491,True,False,False
7947,エフピコ,2026-09-02,2860.0,2872.0,2872.0,2816.4,2720.6,210340.0,2872.0,2890.0,2866.0,2868.0,76500.0,0.2797202797202747,0.41958041958041203,-0.139275766016711,-0.139275766016711,-0.139275766016711,0.1394700139470073,0.0,0.36369687173148235,False,False,False
7949,小松ウオール工業,2026-09-02,2794.0,2869.0,2869.0,2834.2,2786.0,50200.0,2788.0,2788.0,2772.0,2779.0,9400.0,-0.5368647100930546,-0.21474588403722628,-0.3228120516499233,-3.1369815266643397,-3.1369815266643397,3.238575026988122,0.0,0.18725099601593626,False,False,False
7951,ヤマハ,2026-09-02,1319.5,1432.0,1432.0,1333.5,1318.56,2143680.0,1327.0,1327.0,1313.5,1318.0,268600.0,-0.11367942402424891,0.5683971201212668,-0.67822155237377,-7.9608938547486074,-7.9608938547486074,8.649468892260991,0.0,0.12529855202268994,False,False,False
7952,河合楽器製作所,2026-09-02,3525.0,3685.0,3685.0,3495.0,3517.8,14200.0,3510.0,3510.0,3465.0,3480.0,2100.0,-1.276595744680853,-0.42553191489361764,-0.8547008547008517,-5.563093622795112,-5.563093622795112,5.890804597701149,0.0,0.14788732394366197,False,False,False
7953,菊水化学工業,2026-09-02,402.0,405.0,405.0,400.6,395.0,9040.0,400.0,400.0,399.0,399.0,1400.0,-0.7462686567164201,-0.497512437810943,-0.24999999999999467,-1.4814814814814836,-1.4814814814814836,1.5037593984962516,0.0,0.15486725663716813,False,False,False
7955,クリナップ,2026-09-02,988.0,1018.0,1018.0,993.8,961.56,40880.0,987.0,987.0,980.0,983.0,7400.0,-0.5060728744939236,-0.10121457489878916,-0.4052684903748771,-3.4381139489194523,-3.4381139489194523,3.560528992878953,0.0,0.18101761252446183,False,False,False
7956,ピジョン,2026-09-02,2097.0,2197.5,2197.5,2118.3,2090.68,972300.0,2059.5,2068.0,2044.5,2051.5,88200.0,-2.16976633285646,-1.788268955650929,-0.38844379703811827,-6.64391353811149,-6.64391353811149,7.116743845966367,0.0,0.09071274298056156,False,False,False
7957,フジコピアン,2026-09-02,2601.0,2850.0,2850.0,2595.8,2337.84,7940.0,2591.0,2591.0,2551.0,2551.0,1700.0,-1.922337562475973,-0.3844675124951902,-1.5438054805094525,-10.49122807017544,-10.49122807017544,11.72089376715013,0.0,0.2141057934508816,False,False,False
7962,キングジム,2026-09-02,793.0,820.0,820.0,805.4,807.16,25200.0,796.0,799.0,796.0,799.0,3600.0,0.7566204287515754,0.3783102143757988,0.37688442211054607,-2.5609756097561,-2.5609756097561,2.628285356695881,0.0,0.14285714285714285,True,False,False
7963,興研,2026-09-02,1805.0,1850.0,1850.0,1805.2,1807.24,2900.0,1828.0,1828.0,1816.0,1816.0,200.0,0.6094182825484795,1.2742382271468067,-0.6564551422319487,-1.8378378378378413,-1.8378378378378413,1.8722466960352513,0.0,0.06896551724137931,False,False,False
7965,象印マホービン,2026-09-02,1451.0,1498.0,1498.0,1478.6,1458.84,127660.0,1451.0,1451.0,1440.0,1447.0,17500.0,-0.2756719503790528,0.0,-0.2756719503790528,-3.4045393858477935,-3.4045393858477935,3.5245335176226744,0.0,0.13708287639041203,False,False,False
7966,リンテック,2026-09-02,5350.0,7180.0,7180.0,5494.0,5901.6,1525800.0,5420.0,5440.0,5310.0,5330.0,483200.0,-0.37383177570093906,1.3084112149532645,-1.6605166051660514,-25.766016713091922,-25.766016713091922,34.709193245778614,0.0,0.31668632848341854,False,False,False
7970,信越ポリマー,2026-09-02,2195.0,2378.0,2522.0,2233.6,2242.76,124580.0,2202.0,2207.0,2185.0,2195.0,24200.0,0.0,0.31890660592255315,-0.31789282470481295,-7.695542472666106,-12.96590007930214,14.897494305239189,6.055508830950385,0.19425268903515813,False,False,False
7971,東リ,2026-09-02,706.0,720.0,720.0,710.8,690.8,85820.0,705.0,708.0,702.0,704.0,24600.0,-0.283286118980175,-0.14164305949008194,-0.14184397163120588,-2.2222222222222254,-2.2222222222222254,2.2727272727272707,0.0,0.2866464693544628,False,False,False
7972,イトーキ,2026-09-02,2541.0,2933.0,2971.0,2613.4,2684.32,164360.0,2520.0,2535.0,2517.0,2534.0,21500.0,-0.27548209366391463,-0.8264462809917328,0.5555555555555536,-13.603818615751795,-14.708852238303605,17.24546172059984,1.295601772928734,0.13081041615964956,True,False,False
7974,任天堂,2026-09-02,8821.0,9180.0,9180.0,8937.8,8430.68,8594980.0,8847.0,8950.0,8825.0,8850.0,1327900.0,0.32876091146127884,0.29475116199977336,0.03390979993218579,-3.5947712418300637,-3.5947712418300637,3.7288135593220417,0.0,0.1544971599701221,True,False,False
7975,リヒトラブ,2026-09-02,1169.0,1196.0,1196.0,1170.2,1133.72,1540.0,1166.0,1179.0,1160.0,1162.0,2300.0,-0.5988023952095856,-0.2566295979469668,-0.34305317324184736,-2.842809364548493,-2.842809364548493,2.925989672977636,0.0,1.4935064935064934,False,False,False
7976,三菱鉛筆,2026-09-02,3120.0,3185.0,3185.0,3108.0,2909.16,126360.0,3135.0,3140.0,3110.0,3110.0,5400.0,-0.3205128205128194,0.48076923076922906,-0.797448165869219,-2.3547880690737877,-2.3547880690737877,2.411575562700974,0.0,0.042735042735042736,False,False,False
7979,松風,2026-09-02,2289.0,2420.0,2420.0,2313.4,2281.72,64380.0,2292.0,2292.0,2262.0,2274.0,13100.0,-0.6553079947575369,0.1310615989515096,-0.7853403141361293,-6.033057851239665,-6.033057851239665,6.420404573438865,0.0,0.20347934141037588,False,False,False
7980,重松製作所,2026-09-02,850.0,886.0,886.0,854.0,849.32,11720.0,845.0,845.0,845.0,845.0,3800.0,-0.588235294117645,-0.588235294117645,0.0,-4.627539503386002,-4.627539503386002,4.852071005917158,0.0,0.3242320819112628,False,False,False
7981,タカラスタンダード,2026-09-02,3130.0,3185.0,3330.0,3140.0,3066.16,130860.0,3115.0,3120.0,3100.0,3105.0,5300.0,-0.7987220447284393,-0.4792332268370614,-0.32102728731941976,-2.5117739403453743,-6.756756756756754,7.246376811594213,4.552590266875978,0.040501299098272964,False,False,False
7983,ミロク,2026-09-02,1221.0,1334.0,1334.0,1242.0,1106.96,18500.0,1229.0,1229.0,1229.0,1229.0,200.0,0.6552006552006606,0.6552006552006606,0.0,-7.87106446776612,-7.87106446776612,8.543531326281538,0.0,0.010810810810810811,False,False,False
7984,コクヨ,2026-09-02,921.5,928.2000122070312,928.2000122070312,914.5200073242188,886.72400390625,1017960.0,926.5999755859375,930.7000122070312,921.0,925.5999755859375,84400.0,0.4449241004815585,0.5534428199606589,-0.10792143604014814,-0.2801159865222891,-0.2801159865222891,0.28090284028452484,0.0,0.08291091987897363,False,False,False
7986,日本アイ・エス・ケイ,2026-09-02,1910.0,1950.0,1950.0,1916.4,1906.68,340.0,1914.0,1914.0,1914.0,1914.0,300.0,0.20942408376962707,0.20942408376962707,0.0,-1.8461538461538418,-1.8461538461538418,1.8808777429467183,0.0,0.8823529411764706,False,False,False
7987,ナカバヤシ,2026-09-02,565.0,580.0,598.0,569.0,571.96,50040.0,563.0,563.0,560.0,561.0,11400.0,-0.707964601769917,-0.3539823008849585,-0.3552397868561319,-3.2758620689655182,-6.187290969899662,6.595365418894827,3.103448275862064,0.2278177458033573,False,False,False
7988,ニフコ,2026-09-02,5048.0,5344.0,5500.0,5129.6,5089.76,377700.0,5063.0,5110.0,5035.0,5048.0,19500.0,0.0,0.29714738510300265,-0.296267035354536,-5.538922155688619,-8.218181818181813,8.954041204437392,2.9191616766466977,0.051628276409849086,False,False,False
7989,立川ブラインド工業,2026-09-02,2643.0,2743.0,2743.0,2693.4,2651.28,37140.0,2641.0,2648.0,2634.0,2638.0,5800.0,-0.18917896329928574,-0.0756715853197143,-0.11359333585763132,-3.8279256288734964,-3.8279256288734964,3.9802880970432053,0.0,0.156165858912224,False,False,False
7990,グローブライド,2026-09-02,2437.0,2745.0,2745.0,2475.2,2525.56,86000.0,2405.0,2405.0,2380.0,2392.0,24000.0,-1.8465326220763245,-1.3130898645876132,-0.540540540540535,-12.85974499089253,-12.85974499089253,14.757525083612034,0.0,0.27906976744186046,False,False,False
7991,マミヤ・オーピー,2026-09-02,1080.0,1118.0,1130.0,1083.8,1078.96,7000.0,1068.0,1068.0,1068.0,1068.0,1100.0,-1.1111111111111072,-1.1111111111111072,0.0,-4.472271914132375,-5.486725663716818,5.805243445692887,1.073345259391778,0.15714285714285714,False,False,False
7992,セーラー万年筆,2026-09-02,104.0,108.0,108.0,104.8,103.32,28820.0,105.0,105.0,103.0,103.0,69500.0,-0.9615384615384581,0.9615384615384581,-1.904761904761909,-4.629629629629628,-4.629629629629628,4.854368932038833,0.0,2.4115197779319915,False,False,False
7994,オカムラ,2026-09-02,2399.0,2420.0,2420.0,2389.8,2345.08,198300.0,2395.0,2395.0,2376.0,2378.0,21000.0,-0.8753647353063831,-0.16673614005835447,-0.7098121085595044,-1.7355371900826477,-1.7355371900826477,1.766190075693852,0.0,0.1059001512859304,False,False,False
7995,バルカー,2026-09-02,6470.0,7620.0,7620.0,6702.0,6717.6,65420.0,6540.0,6540.0,6460.0,6480.0,3900.0,0.15455950540959051,1.0819165378670892,-0.917431192660545,-14.960629921259837,-14.960629921259837,17.59259259259258,0.0,0.059614796698257415,False,False,False
7997,くろがね工作所,2026-09-02,1074.0,1109.0,1109.0,1086.2,1061.96,3680.0,1084.0,1084.0,1084.0,1084.0,100.0,0.9310986964618184,0.9310986964618184,0.0,-2.254283137962132,-2.254283137962132,2.306273062730635,0.0,0.02717391304347826,False,False,False
8001,伊藤忠商事,2026-09-02,2157.0,2174.0,2174.0,2127.0,2061.56,13579400.0,2262.0,2262.5,2194.0,2199.5,4295900.0,1.9703291608715867,4.8678720445062496,-2.7630415561450072,1.1729530818767264,1.1729530818767264,-1.159354398726986,0.0,0.3163541835427191,False,True,True
8002,丸紅,2026-09-02,5090.0,5157.0,5479.0,4991.6,4982.6,4677240.0,5210.0,5226.0,5003.0,5021.0,969200.0,-1.3555992141453865,2.357563850687616,-3.6276391554702525,-2.6371921659879782,-8.359189633144737,9.121688906592308,6.2439402753538875,0.2072162215323567,False,False,False
8005,スクロール,2026-09-02,1732.0,1915.0,1915.0,1801.6,1827.32,366280.0,1759.0,1763.0,1750.0,1763.0,22200.0,1.7898383371824478,1.5588914549653499,0.22740193291643784,-7.93733681462141,-7.93733681462141,8.621667612024964,0.0,0.06060936988096538,True,False,False
8006,ユアサ・フナショク,2026-09-02,1527.0,1633.0,1690.0,1524.4,1566.32,2280.0,1547.0,1547.0,1547.0,1547.0,100.0,1.3097576948264633,1.3097576948264633,0.0,-5.266380894060008,-8.461538461538465,9.243697478991585,3.490508266993264,0.043859649122807015,False,False,False
8007,高島,2026-09-02,802.0,830.0,830.0,820.8,808.52,125100.0,803.0,803.0,798.0,801.0,33400.0,-0.12468827930174342,0.12468827930174342,-0.24906600249066102,-3.4939759036144546,-3.4939759036144546,3.6204744069912698,0.0,0.266986410871303,False,False,False
8008,ヨンドシーホールディングス,2026-09-02,2129.0,2205.0,2205.0,2141.8,2108.4,165000.0,2103.0,2103.0,2077.0,2083.0,9900.0,-2.1606387975575347,-1.2212306247064375,-0.951022349025199,-5.532879818594106,-5.532879818594106,5.856937109937599,0.0,0.06,False,False,False
8011,三陽商会,2026-09-02,1481.0,1996.6666259765625,1996.6666259765625,1614.6666748046875,1702.2,201280.0,1433.0,1440.0,1427.0,1429.0,21900.0,-3.5111411208642807,-3.241053342336264,-0.2791346824842944,-28.430716404593525,-28.430716404593525,39.724746394441034,0.0,0.10880365659777425,False,False,False
8012,長瀬産業,2026-09-02,1162.5,1306.5,1306.5,1169.2,1198.08,1100560.0,1145.0,1145.5,1130.0,1139.0,97200.0,-2.0215053763440904,-1.505376344086018,-0.5240174672489051,-12.82051282051282,-12.82051282051282,14.705882352941169,0.0,0.08831867412953405,False,False,False
8013,ナイガイ,2026-09-02,363.0,363.0,381.0,359.0,355.6,4180.0,371.0,371.0,371.0,371.0,400.0,2.203856749311295,2.203856749311295,0.0,2.203856749311295,-2.6246719160105014,2.695417789757415,4.958677685950419,0.09569377990430622,False,True,False
8014,蝶理,2026-09-02,4245.0,4415.0,4415.0,4273.0,4140.2,40720.0,4345.0,4345.0,4300.0,4325.0,4300.0,1.8845700824499323,2.355712603062421,-0.4602991944764101,-2.038505096262744,-2.038505096262744,2.0809248554913395,0.0,0.1055992141453831,False,False,False
8015,豊田通商,2026-09-02,7538.0,7774.0,7774.0,7574.2,7240.96,1993200.0,7728.0,7736.0,7421.0,7482.0,326600.0,-0.7429026266914329,2.5205624834173435,-3.183229813664601,-3.756110110625166,-3.756110110625166,3.902699812884247,0.0,0.16385711418824,False,False,False
8016,オンワードホールディングス,2026-09-02,740.0,784.0,784.0,756.0,764.48,1212640.0,723.0,723.0,713.0,717.0,211900.0,-3.1081081081081097,-2.297297297297296,-0.8298755186721962,-8.545918367346939,-8.545918367346939,9.344490934449091,0.0,0.17474271012006862,False,False,False
8018,三共生興,2026-09-02,851.0,911.0,911.0,874.8,851.64,37700.0,854.0,857.0,850.0,851.0,6800.0,0.0,0.3525264394829586,-0.3512880562060894,-6.5861690450054855,-6.5861690450054855,7.050528789659216,0.0,0.18037135278514588,False,False,False
8020,兼松,2026-09-02,2261.0,2309.5,2309.5,2261.3,2179.26,595280.0,2312.0,2312.0,2245.5,2258.5,121800.0,-0.11057054400707145,2.2556390977443552,-2.3140138408304534,-2.208270188352457,-2.208270188352457,2.2581359309276072,0.0,0.20460959548447788,False,False,False
8022,美津濃,2026-09-02,4095.0,4460.0,4460.0,4081.0,3999.8,224440.0,4110.0,4160.0,4095.0,4110.0,24700.0,0.366300366300365,0.366300366300365,0.0,-7.847533632286996,-7.847533632286996,8.515815085158152,0.0,0.11005168419176617,False,False,False
8023,ＤＡＩＫＯ　ＸＴＥＣＨ,2026-09-02,1055.0,1058.0,1058.0,1047.4,1016.76,7280.0,1054.0,1054.0,1053.0,1053.0,400.0,-0.18957345971564177,-0.09478672985782088,-0.0948766603415585,-0.472589792060496,-0.472589792060496,0.47483380816715215,0.0,0.054945054945054944,False,False,False
8025,ツカモトコーポレーション,2026-09-02,1337.0,1375.0,1375.0,1343.6,1332.4,1520.0,1316.0,1320.0,1314.0,1316.0,500.0,-1.5706806282722474,-1.5706806282722474,0.0,-4.290909090909089,-4.290909090909089,4.483282674772027,0.0,0.32894736842105265,False,False,False
8029,ルックホールディングス,2026-09-02,2675.0,2697.0,2697.0,2672.4,2626.92,9920.0,2684.0,2684.0,2670.0,2670.0,1800.0,-0.18691588785046953,0.33644859813084516,-0.5216095380029762,-1.0011123470522798,-1.0011123470522798,1.011235955056189,0.0,0.1814516129032258,False,False,False
8030,中央魚類,2026-09-02,3900.0,4000.0,4000.0,3840.0,3707.4,2860.0,3935.0,3935.0,3905.0,3905.0,900.0,0.12820512820512775,0.8974358974358942,-0.7623888182973326,-2.375000000000005,-2.375000000000005,2.432778489116516,0.0,0.3146853146853147,False,False,False
8031,三井物産,2026-09-02,5119.0,5229.0,5229.0,5046.4,4900.36,6449900.0,5100.0,5101.0,4990.0,5019.0,2635800.0,-1.953506544246919,-0.3711662434069174,-1.5882352941176459,-4.016064257028118,-4.016064257028118,4.184100418410042,0.0,0.40865749856586925,False,False,False
8032,日本紙パルプ商事,2026-09-02,1208.0,1278.0,1278.0,1215.4,1198.8,241720.0,1216.0,1219.0,1208.0,1210.0,28600.0,0.16556291390728006,0.6622516556291425,-0.49342105263158187,-5.3208137715179955,-5.3208137715179955,5.61983471074381,0.0,0.11831871586960119,False,False,False
8035,東京エレクトロン,2026-09-02,53110.0,61650.0,69780.0,55352.0,55746.0,2809380.0,52500.0,53980.0,52330.0,53920.0,451100.0,1.5251365091319968,-1.1485595932969273,2.7047619047618987,-12.538523925385237,-22.728575523072514,29.413946587537087,13.187347931873482,0.1605692359168215,True,False,False
8037,カメイ,2026-09-02,4565.0,4725.0,4725.0,4610.0,4248.4,70180.0,4610.0,4625.0,4545.0,4565.0,4000.0,0.0,0.9857612267250904,-0.9761388286334105,-3.3862433862433816,-3.3862433862433816,3.5049288061336226,0.0,0.05699629524080935,False,False,False
8039,築地魚市場,2026-09-02,3515.0,3655.0,3655.0,3534.0,3546.6,1280.0,3515.0,3515.0,3505.0,3505.0,900.0,-0.2844950213371278,0.0,-0.2844950213371278,-4.103967168262656,-4.103967168262656,4.279600570613407,0.0,0.703125,False,False,False
8040,東京ソワール,2026-09-02,1048.0,1059.0,1059.0,1048.8,1040.6,1100.0,1054.0,1054.0,1054.0,1054.0,200.0,0.5725190839694694,0.5725190839694694,0.0,-0.47214353163361755,-0.47214353163361755,0.4743833017077703,0.0,0.18181818181818182,False,False,False
8041,ＯＵＧホールディングス,2026-09-02,4650.0,4755.0,4755.0,4671.0,4505.4,3760.0,4695.0,4695.0,4645.0,4645.0,300.0,-0.10752688172043223,0.967741935483879,-1.0649627263045747,-2.3133543638275467,-2.3133543638275467,2.3681377825618855,0.0,0.0797872340425532,False,False,False
8043,スターゼン,2026-09-02,1532.0,1613.0,1613.0,1565.2,1461.04,182100.0,1515.0,1516.0,1500.0,1506.0,45600.0,-1.6971279373368175,-1.1096605744125299,-0.5940594059405946,-6.633601983880966,-6.633601983880966,7.104913678618852,0.0,0.2504118616144975,False,False,False
8046,丸藤シートパイル,2026-09-02,1010.0,1029.0,1029.0,1011.6,984.04,13620.0,1011.0,1011.0,1007.0,1007.0,1200.0,-0.2970297029702973,0.0990099009900991,-0.3956478733926794,-2.137998056365409,-2.137998056365409,2.1847070506454846,0.0,0.0881057268722467,False,False,False
8050,セイコーグループ,2026-09-02,10680.0,11920.0,11920.0,11306.0,10225.2,494460.0,10490.0,10490.0,10130.0,10260.0,50000.0,-3.93258426966292,-1.7790262172284632,-2.192564346997139,-13.926174496644295,-13.926174496644295,16.179337231968805,0.0,0.10112041418921652,False,False,False
8051,山善,2026-09-02,1935.0,2003.0,2003.0,1966.0,1891.8,279440.0,1930.0,1939.0,1915.0,1919.0,19700.0,-0.8268733850129162,-0.2583979328165342,-0.5699481865285017,-4.193709435846227,-4.193709435846227,4.377279833246472,0.0,0.07049813913541368,False,False,False
8052,椿本興業,2026-09-02,2871.0,2976.0,2976.0,2922.6,2807.16,73060.0,2890.0,2900.0,2880.0,2882.0,72100.0,0.3831417624521105,0.6617903169627404,-0.27681660899654403,-3.158602150537637,-3.158602150537637,3.2616238723109037,0.0,0.986860114973994,False,False,False
8053,住友商事,2026-09-02,1788.0,1856.0,1856.0,1790.9,1737.24,11010900.0,1857.0,1859.0,1796.5,1807.5,2159000.0,1.090604026845643,3.8590604026845554,-2.6655896607431395,-2.6131465517241326,-2.6131465517241326,2.683264177040101,0.0,0.19607843137254902,False,False,False
8056,ＢＩＰＲＯＧＹ,2026-09-02,4738.0,4856.0,5178.0,4756.2,4637.68,405020.0,4806.0,4858.0,4787.0,4814.0,19700.0,1.6040523427606646,1.4352047277332192,0.16645859342487856,-0.8649093904448124,-7.029741212823481,7.561279601163284,6.630971993410206,0.04863957335440225,True,False,False
8057,内田洋行,2026-09-02,2304.0,2364.0,2364.0,2317.6,2182.12,212240.0,2338.0,2344.0,2304.0,2307.0,25600.0,0.13020833333332593,1.475694444444442,-1.3259195893926434,-2.41116751269036,-2.41116751269036,2.4707412223667014,0.0,0.1206181681115718,False,False,False
8058,三菱商事,2026-09-02,4860.0,4966.0,4972.0,4828.6,4780.16,7423480.0,5059.0,5074.0,4872.0,4895.0,2922200.0,0.7201646090535085,4.094650205761319,-3.2417473809053132,-1.4297221103503843,-1.5486725663716783,1.573033707865168,0.12082158679016519,0.39364287369266165,False,False,False
8059,第一実業,2026-09-02,3710.0,3840.0,3840.0,3781.0,3565.0,154920.0,3720.0,3720.0,3615.0,3625.0,57100.0,-2.2911051212938016,0.26954177897573484,-2.553763440860213,-5.5989583333333375,-5.5989583333333375,5.931034482758624,0.0,0.36857733023496,False,False,False
8060,キヤノンマーケティングジャパン,2026-09-02,3695.0,3782.0,3782.0,3696.0,3620.88,509460.0,3695.0,3700.0,3661.0,3667.0,19100.0,-0.7577807848443863,0.0,-0.7577807848443863,-3.0407191961924873,-3.0407191961924873,3.1360785383147016,0.0,0.03749067640246535,False,False,False
8061,西華産業,2026-09-02,3160.0,3325.0,3325.0,3181.0,2987.24,168680.0,3090.0,3090.0,3025.0,3045.0,13500.0,-3.639240506329111,-2.215189873417722,-1.4563106796116498,-8.421052631578952,-8.421052631578952,9.195402298850585,0.0,0.08003319895660423,False,False,False
8065,佐藤商事,2026-09-02,3620.0,4095.0,4095.0,3684.0,3593.28,64840.0,3610.0,3610.0,3550.0,3555.0,3900.0,-1.7955801104972413,-0.2762430939226568,-1.5235457063711877,-13.186813186813184,-13.186813186813184,15.189873417721511,0.0,0.06014805675508945,False,False,False
8066,三谷商事,2026-09-02,3530.0,3635.0,3635.0,3520.0,3180.56,30200.0,3640.0,3640.0,3515.0,3540.0,5800.0,0.28328611898016387,3.116147308781869,-2.7472527472527486,-2.613480055020634,-2.613480055020634,2.68361581920904,0.0,0.19205298013245034,False,False,False
8070,東京産業,2026-09-02,991.0,1002.0,1002.0,980.6,904.6,114780.0,985.0,997.0,985.0,990.0,13400.0,-0.10090817356205317,-0.6054490413723523,0.50761421319796,-1.19760479041916,-1.19760479041916,1.21212121212122,0.0,0.11674507753964106,True,False,False
8074,ＹＵＡＳＡ,2026-09-02,6430.0,6520.0,6520.0,6436.0,6060.8,46020.0,6480.0,6480.0,6380.0,6440.0,4900.0,0.15552099533437946,0.7776049766718529,-0.6172839506172867,-1.2269938650306789,-1.2269938650306789,1.2422360248447228,0.0,0.10647544545849631,False,False,False
8075,神鋼商事,2026-09-02,3100.0,3190.0,3190.0,3113.0,2933.04,46020.0,3125.0,3150.0,3090.0,3095.0,11400.0,-0.1612903225806428,0.8064516129032251,-0.9600000000000053,-2.9780564263322873,-2.9780564263322873,3.0694668820678617,0.0,0.24771838331160365,False,False,False
8076,カノークス,2026-09-02,2126.0,2130.0,2130.0,2109.2,2091.64,4480.0,2140.0,2141.0,2105.0,2106.0,2700.0,-0.940733772342428,0.6585136406396908,-1.5887850467289688,-1.1267605633802802,-1.1267605633802802,1.139601139601143,0.0,0.6026785714285714,False,False,False
8077,トルク,2026-09-02,215.0,240.0,240.0,214.2,211.8,13700.0,213.0,213.0,213.0,213.0,800.0,-0.9302325581395321,-0.9302325581395321,0.0,-11.250000000000004,-11.250000000000004,12.676056338028175,0.0,0.058394160583941604,False,False,False
8078,阪和興業,2026-09-02,1953.0,1987.0,1987.0,1908.2,1812.28,568960.0,1949.0,1968.0,1928.0,1936.0,44300.0,-0.8704557091653853,-0.20481310803891484,-0.667008722421758,-2.566683442375439,-2.566683442375439,2.634297520661155,0.0,0.07786136107986502,False,False,False
8079,正栄食品工業,2026-09-02,4490.0,4620.0,4620.0,4504.0,4454.8,43320.0,4515.0,4515.0,4495.0,4505.0,3100.0,0.33407572383072903,0.556792873051215,-0.22148394241418012,-2.4891774891774854,-2.4891774891774854,2.5527192008879096,0.0,0.07156048014773776,False,False,False
8081,カナデン,2026-09-02,2481.0,2645.0,2645.0,2562.8,2486.24,45460.0,2497.0,2497.0,2471.0,2471.0,4500.0,-0.403063280935112,0.6449012494961659,-1.0412494993992771,-6.578449905482042,-6.578449905482042,7.0416835289356605,0.0,0.09898812142542895,False,False,False
8084,ＲＹＯＤＥＮ,2026-09-02,4790.0,4895.0,4895.0,4788.0,4628.0,42720.0,4800.0,4800.0,4735.0,4745.0,4700.0,-0.9394572025052228,0.20876826722338038,-1.1458333333333348,-3.064351378958119,-3.064351378958119,3.161222339304537,0.0,0.1100187265917603,False,False,False
8085,ナラサキ産業,2026-09-02,4240.0,4480.0,4670.0,4231.0,4232.0,2200.0,4240.0,4280.0,4240.0,4240.0,2100.0,0.0,0.0,0.0,-5.35714285714286,-9.207708779443259,10.14150943396226,4.241071428571419,0.9545454545454546,False,False,False
8086,ニプロ,2026-09-02,1522.5,1684.5,1684.5,1534.5,1591.16,770700.0,1498.0,1505.0,1472.0,1474.5,106200.0,-3.1527093596059097,-1.6091954022988464,-1.5687583444592756,-12.466607301869992,-12.466607301869992,14.242115971515767,0.0,0.1377968080965356,False,False,False
8088,岩谷産業,2026-09-02,2198.0,2292.5,2292.5,2228.8,2163.94,677260.0,2201.0,2211.5,2175.0,2191.0,103500.0,-0.31847133757961776,0.13648771610554888,-0.45433893684688753,-4.427480916030535,-4.427480916030535,4.63258785942493,0.0,0.15282166376280898,False,False,False
8089,ナイス,2026-09-02,2003.0,2021.0,2021.0,1994.6,1952.96,2360.0,1995.0,1995.0,1991.0,1991.0,400.0,-0.5991013479780372,-0.39940089865202477,-0.2005012531328343,-1.4844136566056432,-1.4844136566056432,1.5067805123053724,0.0,0.1694915254237288,False,False,False
8091,ニチモウ,2026-09-02,2436.0,2463.0,2463.0,2446.0,2405.16,8780.0,2414.0,2414.0,2405.0,2411.0,1200.0,-1.026272577996712,-0.9031198686371145,-0.12427506213753547,-2.111246447421844,-2.111246447421844,2.1567814184985545,0.0,0.1366742596810934,False,False,False
8093,極東貿易,2026-09-02,1786.0,1893.0,1893.0,1819.2,1823.0,41220.0,1788.0,1790.0,1777.0,1779.0,6400.0,-0.3919372900335949,0.11198208286673506,-0.5033557046979831,-6.022187004754354,-6.022187004754354,6.408094435075884,0.0,0.15526443474041726,False,False,False
8095,アステナホールディングス,2026-09-02,538.0,552.0,552.0,542.4,528.96,116960.0,536.0,537.0,533.0,534.0,14500.0,-0.743494423791824,-0.371747211895912,-0.3731343283582045,-3.2608695652173947,-3.2608695652173947,3.370786516853941,0.0,0.12397400820793433,False,False,False
8097,三愛オブリ,2026-09-02,2428.0,2497.0,2497.0,2442.8,2367.0,94520.0,2425.0,2428.0,2414.0,2428.0,15300.0,0.0,-0.12355848434926209,0.12371134020618957,-2.7633159791750073,-2.7633159791750073,2.841845140032939,0.0,0.1618705035971223,True,False,False
8098,稲畑産業,2026-09-02,4520.0,4575.0,4575.0,4436.0,4175.6,129600.0,4520.0,4525.0,4480.0,4490.0,26000.0,-0.6637168141592875,0.0,-0.6637168141592875,-1.857923497267755,-1.857923497267755,1.8930957683741756,0.0,0.2006172839506173,False,False,False
8101,ＧＳＩクレオス,2026-09-02,2670.0,2810.0,2810.0,2719.8,2707.24,35820.0,2668.0,2668.0,2649.0,2657.0,8700.0,-0.4868913857677848,-0.07490636704119424,-0.41229385307346433,-5.444839857651241,-5.444839857651241,5.758374106134734,0.0,0.24288107202680068,False,False,False
8103,明和産業,2026-09-02,966.0,994.0,994.0,977.6,945.6,165340.0,975.0,975.0,964.0,967.0,23300.0,0.10351966873705098,0.9316770186335477,-0.8205128205128198,-2.716297786720323,-2.716297786720323,2.792140641158225,0.0,0.1409217370267328,False,False,False
8104,クワザワホールディングス,2026-09-02,713.0,734.0,734.0,722.0,695.4,11060.0,712.0,712.0,710.0,710.0,1100.0,-0.42075736325385416,-0.14025245441795509,-0.2808988764044895,-3.2697547683923744,-3.2697547683923744,3.3802816901408406,0.0,0.09945750452079566,False,False,False
8105,Ｂｉｔｃｏｉｎ　Ｊａｐａｎ,2026-09-02,87.0,102.0,119.0,88.2,90.88,1772620.0,81.0,82.0,81.0,82.0,94800.0,-5.747126436781613,-6.896551724137934,1.2345679012345734,-19.6078431372549,-31.092436974789916,45.12195121951219,16.666666666666675,0.05348015931220453,True,False,False
8107,キムラタン,2026-09-02,31.0,32.0,32.0,31.0,31.12,98120.0,30.0,30.0,30.0,30.0,38800.0,-3.2258064516129004,-3.2258064516129004,0.0,-6.25,-6.25,6.666666666666665,0.0,0.39543416225030575,False,False,False
8111,ゴールドウイン,2026-09-02,2091.5,2314.5,2426.0,2145.5,2183.54,614120.0,2098.0,2103.5,2091.0,2100.5,30800.0,0.4303131723643272,0.31078173559646594,0.11916110581506878,-9.246057463815083,-13.417147568013188,15.496310402285163,4.817455173903662,0.05015306454764541,True,False,False
8113,ユニ・チャーム,2026-09-02,981.5999755859376,1041.0,1057.5,987.3199829101562,997.4040014648438,6053260.0,970.0,975.4000244140625,956.2999877929688,965.0999755859375,1102600.0,-1.6809291371621016,-1.1817416335012987,-0.5051571560889201,-7.291068627671715,-8.737590961140661,9.574140166977418,1.5850144092218965,0.18214978375288687,False,False,False
8115,ムーンバット,2026-09-02,1313.0,1470.0,1710.0,1319.4,1366.72,1800.0,1312.0,1320.0,1312.0,1312.0,2600.0,-0.07616146230007281,-0.07616146230007281,0.0,-10.748299319727895,-23.27485380116959,30.335365853658548,16.326530612244895,1.4444444444444444,False,False,False
8117,中央自動車工業,2026-09-02,2223.0,2329.0,2329.0,2247.8,2164.44,282160.0,2161.0,2175.0,2155.0,2169.0,34800.0,-2.429149797570851,-2.7890238416554247,0.3701989819528073,-6.869901245169596,-6.869901245169596,7.376671277086211,0.0,0.12333427842358945,True,False,False
8119,三栄コーポレーション,2026-09-02,790.0,800.0,800.0,789.6,776.72,4760.0,792.0,793.0,792.0,793.0,300.0,0.37974683544304,0.25316455696202667,0.12626262626262985,-0.8750000000000036,-0.8750000000000036,0.8827238335435084,0.0,0.06302521008403361,True,False,False
8123,川辺,2026-09-02,1437.0,1448.0,1448.0,1435.0,1391.12,820.0,1407.0,1407.0,1407.0,1407.0,100.0,-2.087682672233826,-2.087682672233826,0.0,-2.8314917127071793,-2.8314917127071793,2.9140014214641186,0.0,0.12195121951219512,False,False,False
8125,ワキタ,2026-09-02,1953.0,2012.0,2012.0,1955.4,1945.32,259620.0,1974.0,1975.0,1960.0,1964.0,15500.0,0.5632360471070186,1.0752688172043001,-0.5065856129685908,-2.385685884691846,-2.385685884691846,2.443991853360483,0.0,0.059702642323395734,False,False,False
8127,ヤマトインターナショナル,2026-09-02,540.0,594.0,600.0,553.2,576.88,26280.0,532.0,535.0,532.0,533.0,2600.0,-1.2962962962962954,-1.4814814814814836,0.1879699248120259,-10.269360269360273,-11.16666666666667,12.570356472795496,1.0101010101010166,0.0989345509893455,True,False,False
8129,東邦ホールディングス,2026-09-02,4000.0,4109.0,4403.0,3967.8,3927.08,139940.0,3951.0,3966.0,3915.0,3964.0,29400.0,-0.9000000000000008,-1.2249999999999983,0.3290306251581887,-3.528839133609152,-9.970474676357032,11.074672048435929,7.155025553662697,0.21009003858796627,True,False,False
8130,サンゲツ,2026-09-02,3190.0,3245.0,3245.0,3219.0,3150.2,115980.0,3185.0,3190.0,3180.0,3190.0,14800.0,0.0,-0.15673981191222097,0.15698587127157548,-1.6949152542372836,-1.6949152542372836,1.724137931034475,0.0,0.12760820831177788,True,False,False
8131,ミツウロコグループホールディングス,2026-09-02,2400.0,2469.0,2469.0,2334.4,2168.48,109220.0,2414.0,2426.0,2401.0,2426.0,3200.0,1.083333333333325,0.5833333333333357,0.4971002485501197,-1.7415957877683241,-1.7415957877683241,1.7724649629018874,0.0,0.029298663248489287,True,False,False
8132,シナネンホールディングス,2026-09-02,7550.0,9270.0,9270.0,7682.0,7485.6,8180.0,7200.0,7260.0,7200.0,7260.0,1100.0,-3.8410596026490107,-4.635761589403975,0.8333333333333304,-21.682847896440126,-21.682847896440126,27.685950413223146,0.0,0.13447432762836187,True,False,False
8133,伊藤忠エネクス,2026-09-02,2336.0,2367.0,2367.0,2285.0,2177.36,151640.0,2349.0,2363.0,2344.0,2355.0,14400.0,0.8133561643835607,0.5565068493150749,0.25542784163474774,-0.5069708491761693,-0.5069708491761693,0.5095541401273884,0.0,0.0949617515167502,True,False,False
8135,ゼット,2026-09-02,433.0,450.0,452.0,440.8,435.52,8800.0,430.0,436.0,430.0,435.0,7100.0,0.4618937644341736,-0.6928406466512715,1.1627906976744207,-3.3333333333333326,-3.761061946902655,3.9080459770114873,0.4444444444444473,0.8068181818181818,True,False,False
8136,サンリオ,2026-09-02,1305.0,1470.0,1470.0,1285.1,1266.56,20623880.0,1278.5,1282.0,1256.0,1281.5,4289700.0,-1.8007662835249016,-2.03065134099617,0.23464998044584462,-12.823129251700681,-12.823129251700681,14.709325009754192,0.0,0.2079967493992401,True,False,False
8137,サンワテクノス,2026-09-02,4200.0,4305.0,4305.0,4223.0,3993.4,47900.0,4155.0,4175.0,4120.0,4135.0,4400.0,-1.5476190476190421,-1.0714285714285676,-0.48134777376654947,-3.948896631823462,-3.948896631823462,4.111245465538094,0.0,0.0918580375782881,False,False,False
8139,ナガホリ,2026-09-02,2170.0,2470.0,2470.0,2237.6,2214.44,31920.0,2233.0,2270.0,2233.0,2233.0,2100.0,2.9032258064516148,2.9032258064516148,0.0,-9.595141700404863,-9.595141700404863,10.61352440662786,0.0,0.06578947368421052,False,False,False
8141,新光商事,2026-09-02,1567.0,1576.0,1592.0,1567.4,1567.16,269640.0,1567.0,1568.0,1567.0,1568.0,2300.0,0.06381620931716903,0.0,0.06381620931716903,-0.5076142131979711,-1.5075376884422065,1.5306122448979664,1.0152284263959421,0.0085298917074618,True,False,False
8142,トーホー,2026-09-02,1425.0,1461.0,1461.0,1424.4,1398.08,86460.0,1429.0,1429.0,1419.0,1423.0,6600.0,-0.1403508771929851,0.2807017543859702,-0.41987403778865895,-2.600958247775498,-2.600958247775498,2.6704146170063225,0.0,0.07633587786259542,False,False,False
8143,ラピーヌ,2026-09-02,141.0,150.0,150.0,141.6,142.88,4920.0,142.0,142.0,142.0,142.0,2300.0,0.7092198581560183,0.7092198581560183,0.0,-5.333333333333334,-5.333333333333334,5.633802816901401,0.0,0.46747967479674796,False,False,False
8144,デンキョーグループホールディングス,2026-09-02,1277.0,1308.0,1308.0,1260.8,1251.84,2560.0,1265.0,1265.0,1252.0,1252.0,600.0,-1.9577133907595967,-0.9397024275646038,-1.0276679841897285,-4.281345565749239,-4.281345565749239,4.472843450479225,0.0,0.234375,False,False,False
8147,トミタ,2026-09-02,1419.0,1438.0,1480.0,1403.2,1393.92,1240.0,1418.0,1418.0,1418.0,1418.0,200.0,-0.0704721634954164,-0.0704721634954164,0.0,-1.3908205841446475,-4.189189189189191,4.37235543018335,2.9207232267037586,0.16129032258064516,False,False,False
8150,三信電気,2026-09-02,3350.0,3435.0,3435.0,3335.0,3105.84,84580.0,3310.0,3310.0,3270.0,3285.0,7600.0,-1.94029850746269,-1.1940298507462699,-0.7552870090634434,-4.366812227074234,-4.366812227074234,4.566210045662111,0.0,0.08985575786237882,False,False,False
8151,東陽テクニカ,2026-09-02,1893.0,2169.0,2169.0,1937.6,1999.16,240020.0,1880.0,1887.0,1863.0,1868.0,26300.0,-1.3206550449022747,-0.6867406233491802,-0.6382978723404209,-13.877362840018437,-13.877362840018437,16.113490364025694,0.0,0.10957420214982085,False,False,False
8152,ソマール,2026-09-02,7280.0,8100.0,8100.0,7350.0,7504.4,2600.0,7150.0,7150.0,7150.0,7150.0,200.0,-1.7857142857142905,-1.7857142857142905,0.0,-11.728395061728392,-11.728395061728392,13.286713286713292,0.0,0.07692307692307693,False,False,False
8153,モスフードサービス,2026-09-02,3895.0,4020.0,4100.0,3937.0,3858.6,121340.0,3890.0,3890.0,3875.0,3885.0,59000.0,-0.25673940949936247,-0.12836970474967568,-0.12853470437017567,-3.3582089552238847,-5.243902439024395,5.534105534105538,1.990049751243772,0.4862370199439591,False,False,False
8154,加賀電子,2026-09-02,4900.0,5210.0,5210.0,5022.0,4919.2,113760.0,4855.0,4860.0,4810.0,4830.0,12200.0,-1.4285714285714235,-0.9183673469387754,-0.5149330587023715,-7.293666026871404,-7.293666026871404,7.867494824016563,0.0,0.10724331926863573,False,False,False
8157,都築電気,2026-09-02,4150.0,4345.0,4345.0,4230.0,4090.6,38160.0,4150.0,4150.0,4125.0,4145.0,5200.0,-0.12048192771084709,0.0,-0.12048192771084709,-4.602991944764101,-4.602991944764101,4.825090470446325,0.0,0.13626834381551362,False,False,False
8158,ソーダニッカ,2026-09-02,1349.0,1388.0,1388.0,1345.4,1298.32,62400.0,1400.0,1407.0,1374.0,1380.0,27500.0,2.297998517420319,3.7805782060785775,-1.4285714285714235,-0.5763688760806907,-0.5763688760806907,0.5797101449275255,0.0,0.4407051282051282,False,False,False
8159,立花エレテック,2026-09-02,4150.0,4375.0,4375.0,4084.0,3980.0,44660.0,4070.0,4070.0,4000.0,4000.0,5100.0,-3.6144578313253017,-1.927710843373498,-1.7199017199017175,-8.571428571428575,-8.571428571428575,9.375,0.0,0.1141961486789073,False,False,False
8160,木曽路,2026-09-02,2475.0,2500.0,2573.0,2473.6,2443.24,120920.0,2465.0,2474.0,2460.0,2472.0,16600.0,-0.12121212121212199,-0.40404040404040664,0.28397565922921864,-1.1199999999999988,-3.925378935095225,4.085760517799342,2.9199999999999893,0.13728084684088654,True,False,False
8163,ＳＲＳホールディングス,2026-09-02,1546.0,1608.0,1608.0,1571.4,1516.36,165420.0,1536.0,1540.0,1534.0,1534.0,16100.0,-0.7761966364812412,-0.6468305304010324,-0.13020833333333703,-4.601990049751247,-4.601990049751247,4.823989569752274,0.0,0.09732801354128884,False,False,False
8165,千趣会,2026-09-02,106.0,114.0,115.0,106.2,108.44,113100.0,105.0,107.0,105.0,106.0,77400.0,0.0,-0.9433962264150941,0.952380952380949,-7.017543859649122,-7.826086956521738,8.490566037735858,0.8771929824561431,0.6843501326259946,True,False,False
8166,タカキュー,2026-09-02,78.0,80.0,80.0,78.4,78.04,51960.0,78.0,78.0,78.0,78.0,3400.0,0.0,0.0,0.0,-2.500000000000002,-2.500000000000002,2.564102564102555,0.0,0.06543494996150885,False,False,False
8167,リテールパートナーズ,2026-09-02,1370.0,1506.0,1506.0,1401.8,1407.32,220380.0,1368.0,1368.0,1355.0,1368.0,7700.0,-0.14598540145985828,-0.14598540145985828,0.0,-9.16334661354582,-9.16334661354582,10.087719298245613,0.0,0.03493964969597967,False,False,False
8173,Ｊｏｓｈｉｎ,2026-09-02,4190.0,4640.0,4640.0,4372.0,4170.4,260040.0,4115.0,4125.0,4090.0,4105.0,25000.0,-2.028639618138428,-1.7899761336515496,-0.2430133657351119,-11.530172413793105,-11.530172413793105,13.032886723507907,0.0,0.09613905552991847,False,False,False
8174,日本瓦斯,2026-09-02,3035.0,3088.0,3088.0,3023.6,2909.76,257440.0,3102.0,3102.0,3050.0,3053.0,22200.0,0.5930807248764491,2.2075782537067434,-1.5796260477111579,-1.133419689119175,-1.133419689119175,1.1464133639043528,0.0,0.08623368551895587,False,False,False
8179,ロイヤルホールディングス,2026-09-02,1360.0,1398.0,1398.0,1378.6,1340.24,304480.0,1344.0,1346.0,1335.0,1340.0,22000.0,-1.4705882352941124,-1.17647058823529,-0.29761904761904656,-4.14878397711016,-4.14878397711016,4.32835820895523,0.0,0.07225433526011561,False,False,False
8181,東天紅,2026-09-02,988.0,1019.0,1024.0,991.0,999.4,5760.0,985.0,985.0,985.0,985.0,700.0,-0.30364372469635637,-0.30364372469635637,0.0,-3.336604514229635,-3.80859375,3.9593908629441676,0.4906771344455274,0.12152777777777778,False,False,False
8185,チヨダ,2026-09-02,975.0,1077.0,1077.0,1006.8,1024.6,444220.0,975.0,980.0,975.0,979.0,22000.0,0.41025641025640436,0.0,0.41025641025640436,-9.099350046425258,-9.099350046425258,10.010214504596537,0.0,0.04952501013011571,True,False,False
8194,ライフコーポレーション,2026-09-02,2742.0,2759.0,2759.0,2704.4,2625.52,233760.0,2749.0,2788.0,2737.0,2778.0,21600.0,1.3129102844638973,0.2552881108679905,1.054929065114596,0.6886553098948811,0.6886553098948811,-0.683945284377252,0.0,0.09240246406570841,True,True,True
8198,マックスバリュ東海,2026-09-02,3350.0,3470.0,3470.0,3382.0,3256.2,80040.0,3410.0,3410.0,3395.0,3410.0,900.0,1.7910447761193993,1.7910447761193993,0.0,-1.729106628242072,-1.729106628242072,1.7595307917888547,0.0,0.011244377811094454,False,False,False
8200,リンガーハット,2026-09-02,2328.0,2370.0,2458.0,2326.0,2322.76,219000.0,2325.0,2332.0,2321.0,2332.0,6900.0,0.1718213058419238,-0.12886597938144284,0.30107526881719693,-1.6033755274261652,-5.126118795768919,5.4030874785591765,3.7130801687763615,0.031506849315068496,True,False,False
8202,ラオックスホールディングス,2026-09-02,148.0,148.0,148.0,147.4,147.04,56200.0,147.0,148.0,147.0,148.0,11100.0,0.0,-0.6756756756756799,0.6802721088435382,0.0,0.0,0.0,0.0,0.19750889679715303,True,False,False
8203,ＭｒＭａｘＨＤ,2026-09-02,778.0,801.0,818.0,788.4,784.68,48020.0,775.0,775.0,772.0,775.0,5500.0,-0.3856041131105381,-0.3856041131105381,0.0,-3.2459425717852652,-5.256723716381417,5.548387096774188,2.122347066167296,0.11453561016243231,False,False,False
8207,テンアライド,2026-09-02,301.0,304.0,304.0,301.6,296.2,36220.0,302.0,302.0,302.0,302.0,3500.0,0.33222591362125353,0.33222591362125353,0.0,-0.6578947368421018,-0.6578947368421018,0.6622516556291425,0.0,0.0966316951960243,False,False,False
8214,ＡＯＫＩホールディングス,2026-09-02,1749.0,1794.0,1794.0,1771.2,1736.2,148820.0,1741.0,1742.0,1736.0,1739.0,30200.0,-0.5717552887364197,-0.4574042309891335,-0.11487650775416913,-3.0657748049052413,-3.0657748049052413,3.162737205290389,0.0,0.20292971374815214,False,False,False
8217,オークワ,2026-09-02,798.0,821.0,833.0,801.6,804.72,79200.0,793.0,797.0,793.0,796.0,8100.0,-0.25062656641604564,-0.6265664160400974,0.3783102143757988,-3.0450669914738104,-4.441776710684275,4.648241206030157,1.461632155907422,0.10227272727272728,True,False,False
8218,コメリ,2026-09-02,3845.0,3950.0,4190.0,3861.0,3877.6,99700.0,3880.0,3900.0,3870.0,3895.0,18600.0,1.3003901170351106,0.910273081924573,0.3865979381443285,-1.3924050632911356,-7.040572792362765,7.573812580231065,6.075949367088618,0.18655967903711135,True,False,False
8219,青山商事,2026-09-02,770.0,787.0,787.0,775.8,756.36,580400.0,764.0,765.0,761.0,764.0,55400.0,-0.7792207792207795,-0.7792207792207795,0.0,-2.9224904701397714,-2.9224904701397714,3.010471204188492,0.0,0.0954514128187457,False,False,False
8226,理経,2026-09-02,394.0,408.0,408.0,396.2,385.96,171060.0,384.0,387.0,384.0,385.0,74800.0,-2.2842639593908642,-2.538071065989844,0.26041666666667407,-5.6372549019607865,-5.6372549019607865,5.974025974025965,0.0,0.4372734712966211,True,False,False
8227,しまむら,2026-09-02,3252.0,3490.0,3602.0,3286.8,3363.04,674220.0,3239.0,3258.0,3221.0,3258.0,77000.0,0.1845018450184588,-0.39975399753997554,0.5866008027168856,-6.647564469914036,-9.550249861188231,10.558624923265803,3.209169054441263,0.11420604550443475,True,False,False
8230,はせがわ,2026-09-02,311.0,318.0,318.0,312.2,313.68,18580.0,312.0,312.0,311.0,311.0,1800.0,0.0,0.3215434083601254,-0.3205128205128194,-2.2012578616352196,-2.2012578616352196,2.2508038585209,0.0,0.0968783638320775,False,False,False
8233,高島屋,2026-09-02,2258.5,2523.5,2523.5,2357.4,2323.2,2148540.0,2217.5,2218.5,2175.0,2214.0,371200.0,-1.9703342926721268,-1.815364179765333,-0.15783540022548115,-12.26471170992669,-12.26471170992669,13.979223125564587,0.0,0.1727684846453871,False,False,False
8237,松屋,2026-09-02,2058.0,3065.0,3065.0,2478.6,2233.16,1199980.0,2137.0,2163.0,2125.0,2148.0,56400.0,4.37317784256559,3.838678328474243,0.5147402901263476,-29.9184339314845,-29.9184339314845,42.69087523277469,0.0,0.04700078334638911,True,False,False
8242,エイチ・ツー・オー　リテイリング,2026-09-02,2929.0,3070.0,3070.0,3009.2,2907.62,502920.0,2880.0,2883.0,2850.5,2866.0,25100.0,-2.1509047456469754,-1.672925913280987,-0.4861111111111094,-6.644951140065148,-6.644951140065148,7.117934403349624,0.0,0.049908534160502664,False,False,False
8244,近鉄百貨店,2026-09-02,1955.0,2027.0,2027.0,1981.0,1895.72,134040.0,1941.0,1942.0,1852.0,1863.0,16800.0,-4.705882352941182,-0.716112531969304,-4.0185471406491535,-8.090774543660583,-8.090774543660583,8.803005904455175,0.0,0.12533572068039392,False,False,False
8247,大和,2026-09-02,341.0,353.0,353.0,319.0,305.48,51680.0,326.0,326.0,324.0,324.0,800.0,-4.985337243401755,-4.398826979472137,-0.6134969325153339,-8.21529745042493,-8.21529745042493,8.950617283950614,0.0,0.015479876160990712,False,False,False
8252,丸井グループ,2026-09-02,2898.0,3037.0,3131.0,2931.2,2955.64,1043340.0,2900.5,2902.0,2887.0,2891.0,132100.0,-0.24154589371980784,0.08626639061422026,-0.32752973625237436,-4.807375699703654,-7.66528265729799,8.301625735039785,3.095159697069483,0.12661260950409262,False,False,False
8253,クレディセゾン,2026-09-02,4614.0,4886.0,4886.0,4696.6,4671.88,734820.0,4734.0,4734.0,4643.0,4654.0,106800.0,0.8669267446900664,2.6007802340702213,-1.689902830587242,-4.748260335652887,-4.748260335652887,4.984959174903314,0.0,0.1453417163386952,False,False,False
8254,さいか屋,2026-09-02,256.0,403.0,420.0,275.2,324.12,135760.0,247.0,248.0,246.0,246.0,2800.0,-3.90625,-3.515625,-0.4048582995951455,-38.95781637717122,-41.42857142857142,70.73170731707317,4.218362282878418,0.020624631703005304,False,False,False
8255,アクシアル　リテイリング,2026-09-02,1282.0,1311.0,1311.0,1279.2,1243.72,148940.0,1285.0,1295.0,1285.0,1290.0,9800.0,0.6240249609984483,0.23400936037440978,0.3891050583657574,-1.6018306636155555,-1.6018306636155555,1.6279069767441756,0.0,0.06579830804350745,True,False,False
8260,井筒屋,2026-09-02,376.0,382.0,383.0,376.6,374.72,12820.0,384.0,389.0,384.0,387.0,7200.0,2.92553191489362,2.127659574468077,0.78125,1.308900523560208,1.0443864229765065,-1.033591731266148,0.2617801047120505,0.5616224648985959,True,True,True
8267,イオン,2026-09-02,1358.5,1411.5,1468.0,1357.5,1373.0,10681020.0,1412.0,1416.5,1399.0,1412.0,2357300.0,3.9381670960618287,3.9381670960618287,0.0,0.03542330853700815,-3.8147138964577665,3.966005665722383,4.002833864682964,0.22069989570284487,False,True,False
8273,イズミ,2026-09-02,1038.0,1096.0,1096.0,1047.2,1024.4,1257180.0,1021.0,1023.0,1012.0,1022.0,88100.0,-1.5414258188824692,-1.6377649325626242,0.09794319294809117,-6.751824817518248,-6.751824817518248,7.240704500978468,0.0,0.07007747498369367,True,False,False
8275,フォーバル,2026-09-02,983.0,1020.0,1030.0,998.2,1001.76,37280.0,1005.0,1005.0,1001.0,1003.0,6300.0,2.0345879959308144,2.238046795523907,-0.19900497512437276,-1.6666666666666718,-2.6213592233009675,2.6919242273180544,0.9803921568627416,0.16899141630901288,False,False,False
8276,平和堂,2026-09-02,2688.0,2781.0,2781.0,2682.6,2701.52,116100.0,2697.0,2704.0,2686.0,2696.0,9800.0,0.29761904761904656,0.33482142857141906,-0.03707823507601571,-3.0564545127651943,-3.0564545127651943,3.1528189910979165,0.0,0.08440999138673558,False,False,False
8278,フジ,2026-09-02,2043.0,2144.0,2144.0,2063.8,2045.6,219500.0,2022.0,2044.0,2015.0,2042.0,13900.0,-0.048947626040141134,-1.027900146842875,0.9891196834816984,-4.75746268656716,-4.75746268656716,4.995102840352605,0.0,0.0633257403189066,True,False,False
8281,ゼビオホールディングス,2026-09-02,1140.0,1251.0,1251.0,1163.0,1152.0,118460.0,1133.0,1133.0,1128.0,1132.0,21500.0,-0.7017543859649145,-0.6140350877193002,-0.08826125330979595,-9.512390087929656,-9.512390087929656,10.512367491166085,0.0,0.18149586358264394,False,False,False
8282,ケーズホールディングス,2026-09-02,1908.0,1987.5,1997.0,1940.9,1928.34,665680.0,1900.5,1905.0,1891.0,1901.5,47100.0,-0.34067085953878307,-0.39308176100628645,0.05261773217575261,-4.3270440251572335,-4.7821732598898326,5.022350775703388,0.47798742138365213,0.07075471698113207,True,False,False
8285,三谷産業,2026-09-02,778.0,820.0,820.0,789.2,760.8,50520.0,772.0,774.0,767.0,773.0,8100.0,-0.6426735218509005,-0.7712082262210762,0.12953367875647714,-5.731707317073176,-5.731707317073176,6.0802069857697205,0.0,0.16033254156769597,True,False,False
8291,日産東京販売ホールディングス,2026-09-02,547.0,566.0,571.0,552.2,551.32,83000.0,548.0,548.0,546.0,548.0,13500.0,0.1828153564899404,0.1828153564899404,0.0,-3.180212014134276,-4.0280210157618175,4.197080291970812,0.8833922261484162,0.16265060240963855,False,False,False
8303,ＳＢＩ新生銀行,2026-09-02,1555.0,1636.0,1636.0,1568.8,1543.44,2217840.0,1580.0,1582.5,1550.0,1556.0,736100.0,0.06430868167202064,1.6077170418006492,-1.518987341772149,-4.88997555012225,-4.88997555012225,5.141388174807204,0.0,0.3318995058254879,False,False,False
8304,あおぞら銀行,2026-09-02,3404.0,3487.0,3487.0,3417.4,3301.28,1522500.0,3412.0,3428.0,3365.0,3376.0,270300.0,-0.8225616921269108,0.235017626321965,-1.0550996483001174,-3.183252079151133,-3.183252079151133,3.287914691943139,0.0,0.17753694581280788,False,False,False
8306,三菱ＵＦＪフィナンシャル・グループ,2026-09-02,3684.0,3742.0,3813.0,3666.0,3586.36,37947660.0,3790.0,3790.0,3703.0,3721.0,12205200.0,1.0043431053202934,2.877307274701413,-1.8205804749340415,-0.5611972207375748,-2.4127983215316062,2.472453641494221,1.897381079636551,0.32163248010549267,False,False,False
8308,りそなホールディングス,2026-09-02,2517.5,2553.5,2553.5,2507.3,2373.66,9654580.0,2568.0,2571.0,2492.0,2507.0,2130400.0,-0.4170804369414083,2.0059582919563113,-2.375389408099693,-1.8210299588799717,-1.8210299588799717,1.8548065416832848,0.0,0.2206621106252162,False,False,False
8309,三井住友トラストグループ,2026-09-02,1775.0,1822.5,1822.5,1782.4,1713.74,10760500.0,1811.5,1814.5,1769.0,1778.5,1787400.0,0.19718309859155791,2.0563380281690247,-1.8216947281258666,-2.414266117969821,-2.414266117969821,2.4739949395558014,0.0,0.16610752288462433,False,False,False
8316,三井住友フィナンシャルグループ,2026-09-02,6971.0,7043.0,7260.0,6930.2,6771.4,11772480.0,7181.0,7181.0,6964.0,6997.0,3980200.0,0.3729737483861628,3.0124802754267765,-2.562317226013089,-0.6531307681385767,-3.6225895316804424,3.758753751607835,3.081073406218948,0.33809358775721005,False,False,False
8331,千葉銀行,2026-09-02,2800.0,2892.5,2892.5,2815.2,2740.28,2824420.0,2838.0,2855.5,2793.0,2808.5,332500.0,0.3035714285714253,1.3571428571428568,-1.0394644115574336,-2.9040622299049246,-2.9040622299049246,2.990920420153098,0.0,0.11772328478059212,False,False,False
8334,群馬銀行,2026-09-02,2861.5,2896.5,2896.5,2835.8,2680.96,1355260.0,2910.0,2926.0,2852.0,2869.5,151700.0,0.27957365018347335,1.6949152542372836,-1.3917525773195827,-0.9321595028482621,-0.9321595028482621,0.9409304756926362,0.0,0.11193424140017413,False,False,False
8336,武蔵野銀行,2026-09-02,2813.0,2863.0,2863.0,2814.0,2701.16,252720.0,2845.0,2859.0,2788.0,2810.0,39100.0,-0.10664770707430327,1.137575542125835,-1.2302284710017597,-1.8512050296891402,-1.8512050296891402,1.8861209964412762,0.0,0.15471668249446027,False,False,False
8337,千葉興業銀行,2026-09-02,2708.0,2866.0,2866.0,2727.0,2680.28,352380.0,2778.0,2797.0,2725.0,2739.0,11200.0,1.1447562776957243,2.584933530280642,-1.403887688984884,-4.431263084438242,-4.431263084438242,4.63672873311427,0.0,0.03178386968613429,False,False,False
8338,筑波銀行,2026-09-02,744.0,799.0,799.0,746.8,699.44,2036140.0,780.0,787.0,746.0,754.0,667200.0,1.3440860215053752,4.8387096774193505,-3.3333333333333326,-5.632040050062582,-5.632040050062582,5.968169761273212,0.0,0.3276788433015412,False,False,False
8341,七十七銀行,2026-09-02,3974.0,4025.0,4025.0,3963.6,3738.52,621160.0,4054.0,4058.0,3965.0,3992.0,81500.0,0.45294413688978796,2.0130850528434774,-1.5293537247163314,-0.8198757763975162,-0.8198757763975162,0.8266533066132231,0.0,0.13120613046558052,False,False,False
8343,秋田銀行,2026-09-02,8670.0,9200.0,9200.0,8890.0,8230.4,112080.0,8910.0,9040.0,8710.0,8790.0,19800.0,1.384083044982698,2.768166089965396,-1.3468013468013518,-4.456521739130437,-4.456521739130437,4.664391353811159,0.0,0.1766595289079229,False,False,False
8344,山形銀行,2026-09-02,4510.0,4780.0,4780.0,4588.0,4301.2,151840.0,4645.0,4670.0,4465.0,4515.0,24600.0,0.11086474501109667,2.9933481152993435,-2.7987082884822434,-5.543933054393301,-5.543933054393301,5.8693244739756345,0.0,0.1620126448893572,False,False,False
8345,岩手銀行,2026-09-02,2493.0,2600.0,2600.0,2536.4,2366.76,418940.0,2530.0,2553.0,2473.0,2501.0,39600.0,0.3208985158443589,1.4841556357801933,-1.146245059288542,-3.807692307692312,-3.807692307692312,3.958416633346662,0.0,0.0945242755525851,False,False,False
8346,東邦銀行,2026-09-02,980.0,1026.0,1026.0,985.6,946.32,710360.0,1006.0,1013.0,985.0,993.0,151600.0,1.3265306122449028,2.6530612244898055,-1.2922465208747513,-3.2163742690058506,-3.2163742690058506,3.3232628398791597,0.0,0.2134129173939974,False,False,False
8349,東北銀行,2026-09-02,1657.0,1678.0,1678.0,1658.4,1549.72,30740.0,1692.0,1692.0,1670.0,1671.0,3800.0,0.844900422450201,2.112251056125536,-1.2411347517730542,-0.41716328963051774,-0.41716328963051774,0.418910831837227,0.0,0.1236174365647365,False,False,False
8354,ふくおかフィナンシャルグループ,2026-09-02,7828.0,7962.0,7962.0,7842.8,7599.72,457700.0,8009.0,8022.0,7840.0,7887.0,101000.0,0.7537046499744404,2.3122125702605967,-1.5232863029092325,-0.9419743782969059,-0.9419743782969059,0.9509319132749994,0.0,0.2206685601922657,False,False,False
8358,スルガ銀行,2026-09-02,2927.0,3015.0,3015.0,2969.6,2821.68,756720.0,2991.0,3005.0,2940.0,2950.0,129100.0,0.7857874957294175,2.1865391185514227,-1.3707790036777023,-2.1558872305140975,-2.1558872305140975,2.203389830508473,0.0,0.17060471508616132,False,False,False
8359,八十二長野銀行,2026-09-02,2728.0,2779.5,2779.5,2708.5,2611.76,965260.0,2779.5,2787.5,2698.5,2718.0,198300.0,-0.3665689149560114,1.8878299120234532,-2.21262817053427,-2.21262817053427,-2.21262817053427,2.2626931567328867,0.0,0.20543687711083025,False,False,False
8360,山梨中央銀行,2026-09-02,7220.0,7720.0,7720.0,7334.0,7090.4,141080.0,7220.0,7280.0,7030.0,7110.0,16900.0,-1.5235457063711877,0.0,-1.5235457063711877,-7.901554404145072,-7.901554404145072,8.57946554149085,0.0,0.11979018996314147,False,False,False
8361,大垣共立銀行,2026-09-02,8180.0,8390.0,8390.0,8198.0,7772.4,154500.0,8360.0,8380.0,8140.0,8200.0,21700.0,0.24449877750611915,2.2004889975550057,-1.9138755980861233,-2.264600715137066,-2.264600715137066,2.3170731707317094,0.0,0.14045307443365695,False,False,False
8362,福井銀行,2026-09-02,6990.0,7280.0,7280.0,7062.0,6474.4,82700.0,7150.0,7160.0,6850.0,6920.0,14100.0,-1.0014306151645225,2.2889842632331847,-3.2167832167832144,-4.94505494505495,-4.94505494505495,5.202312138728327,0.0,0.17049576783555018,False,False,False
8364,清水銀行,2026-09-02,3150.0,3300.0,3300.0,3182.0,2952.92,35180.0,3240.0,3270.0,3180.0,3195.0,7600.0,1.4285714285714235,2.857142857142847,-1.388888888888884,-3.1818181818181857,-3.1818181818181857,3.2863849765258246,0.0,0.2160318362706083,False,False,False
8365,富山銀行,2026-09-02,2326.0,2480.0,2480.0,2359.6,2342.96,5280.0,2380.0,2415.0,2351.0,2351.0,3300.0,1.0748065348237246,2.3215821152192673,-1.2184873949579789,-5.201612903225805,-5.201612903225805,5.487026797107619,0.0,0.625,False,False,False
8366,滋賀銀行,2026-09-02,2807.0,2873.0,2873.0,2818.4,2646.4,623700.0,2872.0,2908.0,2843.0,2866.0,146700.0,2.1018881368008557,2.315639472746711,-0.20891364902506648,-0.2436477549599747,-0.2436477549599747,0.2442428471737701,0.0,0.2352092352092352,False,False,False
8367,南都銀行,2026-09-02,1969.0,2002.0,2002.0,1964.0,1862.84,413860.0,1991.0,2007.0,1958.0,1969.0,84600.0,0.0,1.1173184357541999,-1.104972375690605,-1.6483516483516536,-1.6483516483516536,1.6759776536312776,0.0,0.20441695259266418,False,False,False
8368,百五銀行,2026-09-02,2391.0,2481.0,2481.0,2421.4,2214.48,845460.0,2410.0,2429.0,2353.0,2370.0,165200.0,-0.8782936010037656,0.7946465913843515,-1.6597510373444035,-4.474002418379685,-4.474002418379685,4.683544303797471,0.0,0.1953965888392118,False,False,False
8370,紀陽銀行,2026-09-02,5020.0,5160.0,5160.0,5076.0,4901.8,106280.0,5120.0,5150.0,5020.0,5050.0,28900.0,0.5976095617529875,1.9920318725099584,-1.3671875,-2.131782945736438,-2.131782945736438,2.17821782178218,0.0,0.27192322167858485,False,False,False
8377,ほくほくフィナンシャルグループ,2026-09-02,8314.0,8692.0,8692.0,8338.4,8045.56,360500.0,8420.0,8428.0,8152.0,8206.0,63100.0,-1.2990137118114031,1.2749579023334068,-2.5415676959619993,-5.591348366313853,-5.591348366313853,5.92249573482817,0.0,0.17503467406380027,False,False,False
8381,山陰合同銀行,2026-09-02,2631.0,2698.0,2698.0,2625.6,2521.04,294880.0,2641.0,2651.0,2588.0,2606.0,45000.0,-0.9502090459901136,0.3800836183960543,-1.3252555850056802,-3.409933283914013,-3.409933283914013,3.530314658480438,0.0,0.15260444926749864,False,False,False
8383,鳥取銀行,2026-09-02,1919.0,2035.0,2035.0,1957.6,1892.08,29580.0,1937.0,1956.0,1919.0,1919.0,3600.0,0.0,0.9379885356956663,-0.929272070211673,-5.7002457002456985,-5.7002457002456985,6.044815007816573,0.0,0.12170385395537525,False,False,False
8386,百十四銀行,2026-09-02,3110.0,3205.0,3205.0,3126.0,2971.0,237860.0,3135.0,3165.0,3070.0,3095.0,29300.0,-0.4823151125401881,0.8038585209003246,-1.2759170653907526,-3.432137285491421,-3.432137285491421,3.5541195476575194,0.0,0.1231817035230808,False,False,False
8387,四国銀行,2026-09-02,3635.0,3730.0,3730.0,3633.0,3463.4,160820.0,3710.0,3740.0,3610.0,3655.0,19900.0,0.5502063273727709,2.063273727647874,-1.482479784366575,-2.0107238605898137,-2.0107238605898137,2.0519835841313228,0.0,0.12374082825519214,False,False,False
8388,阿波銀行,2026-09-02,9700.0,10300.0,10300.0,9928.0,9117.2,207620.0,9960.0,10060.0,9800.0,9860.0,17000.0,1.6494845360824684,2.680412371134011,-1.0040160642570295,-4.27184466019418,-4.27184466019418,4.462474645030423,0.0,0.08188035834698006,False,False,False
8392,大分銀行,2026-09-02,2925.0,3075.0,3075.0,2944.6,2759.0,371580.0,2970.0,2995.0,2918.0,2947.0,29600.0,0.752136752136745,1.538461538461533,-0.774410774410772,-4.16260162601626,-4.16260162601626,4.3434000678656215,0.0,0.0796598309919802,False,False,False
8393,宮崎銀行,2026-09-02,2557.0,2650.0,2650.0,2565.0,2438.68,298080.0,2648.0,2675.0,2579.0,2597.0,84300.0,1.5643332029722234,3.558858036761836,-1.9259818731117817,-2.0000000000000018,-2.0000000000000018,2.0408163265306145,0.0,0.2828099838969404,False,False,False
8395,佐賀銀行,2026-09-02,6520.0,6820.0,6820.0,6552.0,6157.2,44340.0,6610.0,6650.0,6470.0,6520.0,11100.0,0.0,1.3803680981595123,-1.3615733736762503,-4.398826979472137,-4.398826979472137,4.601226993865026,0.0,0.2503382949932341,False,False,False
8399,琉球銀行,2026-09-02,3230.0,3410.0,3410.0,3256.0,3130.24,126980.0,3255.0,3290.0,3200.0,3235.0,18900.0,0.1547987616099089,0.7739938080495445,-0.6144393241167445,-5.13196480938416,-5.13196480938416,5.4095826893354015,0.0,0.14884233737596472,False,False,False
8410,セブン銀行,2026-09-02,340.6000061035156,343.3999938964844,343.3999938964844,338.82000732421875,331.5480017089844,4369440.0,342.5,343.70001220703125,338.3999938964844,339.6000061035156,506200.0,-0.29359952497948205,0.5578373054717201,-0.846713546418798,-1.1065777112722497,-1.1065777112722497,1.1189598718117866,0.0,0.11585008605221722,False,False,False
8411,みずほフィナンシャルグループ,2026-09-02,8669.0,8819.0,8819.0,8563.0,8347.48,8877280.0,8810.0,8852.0,8580.0,8626.0,2239200.0,-0.49602030222631877,1.6264851770677158,-2.0885357548240613,-2.1884567411271094,-2.1884567411271094,2.2374217482031167,0.0,0.25223942468864335,False,False,False
8416,高知銀行,2026-09-02,1161.0,1220.0,1220.0,1178.0,1143.32,25840.0,1183.0,1183.0,1162.0,1168.0,18500.0,0.602928509905265,1.8949181739879473,-1.2679628064243498,-4.262295081967215,-4.262295081967215,4.452054794520555,0.0,0.7159442724458205,False,False,False
8418,山口フィナンシャルグループ,2026-09-02,3196.0,3279.0,3279.0,3209.4,3099.2,460600.0,3235.0,3255.0,3176.0,3201.0,62600.0,0.15644555694618312,1.2202753441802328,-1.0510046367851578,-2.3787740164684323,-2.3787740164684323,2.4367385192127555,0.0,0.13590968302214504,False,False,False
8424,芙蓉総合リース,2026-09-02,4459.0,4518.0,4620.0,4439.8,4438.08,161760.0,4502.0,4515.0,4490.0,4499.0,22500.0,0.897062121551917,0.9643417806683097,-0.06663705019991362,-0.42054006197432825,-2.619047619047621,2.689486552567244,2.257636122177953,0.13909495548961423,False,False,False
8425,みずほリース,2026-09-02,1386.0,1394.0,1409.0,1381.4,1359.68,701040.0,1395.0,1395.0,1378.0,1384.0,58200.0,-0.14430014430014682,0.6493506493506551,-0.7885304659498216,-0.717360114777621,-1.7743080198722505,1.8063583815028927,1.076040172166426,0.08301951386511469,False,False,False
8439,東京センチュリー,2026-09-02,2707.0,2771.0,2771.0,2697.5,2577.04,841460.0,2774.5,2774.5,2707.0,2716.5,90500.0,0.3509420022164811,2.4935352789065446,-2.090466750765907,-1.9667989895344684,-1.9667989895344684,2.0062580526412743,0.0,0.10755116107717538,False,False,False
8473,ＳＢＩホールディングス,2026-09-02,3227.0,3440.0,3440.0,3334.4,3120.66,4585040.0,3340.0,3367.0,3301.0,3313.0,947500.0,2.6650139448403998,3.5017043693833294,-0.8083832335329388,-3.691860465116281,-3.691860465116281,3.8333836402052457,0.0,0.20665032366129849,False,False,False
8508,Ｊトラスト,2026-09-02,753.0,954.0,954.0,744.0,826.12,3993540.0,771.0,798.0,766.0,786.0,347100.0,4.3824701195219085,2.39043824701195,1.9455252918287869,-17.610062893081757,-17.610062893081757,21.37404580152671,0.0,0.08691536831983654,True,False,False
8511,日本証券金融,2026-09-02,2460.0,2599.0,2599.0,2515.2,2476.08,205920.0,2510.0,2529.0,2501.0,2509.0,39000.0,1.9918699186991962,2.0325203252032464,-0.03984063745019473,-3.462870334744128,-3.462870334744128,3.5870864886409004,0.0,0.1893939393939394,False,False,False
8518,日本アジア投資,2026-09-02,153.0,154.0,154.0,143.0,136.8,190380.0,152.0,153.0,150.0,152.0,17500.0,-0.6535947712418277,-0.6535947712418277,0.0,-1.2987012987012991,-1.2987012987012991,1.3157894736842035,0.0,0.09192142031726022,False,False,False
8522,名古屋銀行,2026-09-02,7140.0,7320.0,7320.0,7182.0,6778.8,123800.0,7300.0,7350.0,7150.0,7240.0,27800.0,1.4005602240896309,2.2408963585434094,-0.8219178082191747,-1.0928961748633892,-1.0928961748633892,1.104972375690605,0.0,0.2245557350565428,False,False,False
8524,北洋銀行,2026-09-02,1314.0,1351.0,1351.0,1304.8,1246.64,1288100.0,1333.0,1340.0,1304.0,1315.0,326100.0,0.07610350076103778,1.4459665144596734,-1.3503375843960996,-2.66469282013323,-2.66469282013323,2.7376425855513364,0.0,0.2531635742566571,False,False,False
8537,大光銀行,2026-09-02,3045.0,3190.0,3190.0,3061.0,2871.6,27540.0,3110.0,3140.0,3070.0,3085.0,7000.0,1.3136288998357948,2.1346469622331776,-0.8038585209003246,-3.2915360501567403,-3.2915360501567403,3.4035656401944836,0.0,0.2541757443718228,False,False,False
8541,愛媛銀行,2026-09-02,3070.0,3345.0,3345.0,3133.0,2988.24,159880.0,3160.0,3175.0,3060.0,3090.0,37700.0,0.6514657980456029,2.931596091205213,-2.215189873417722,-7.623318385650224,-7.623318385650224,8.252427184466015,0.0,0.2358018513885414,False,False,False
8542,トマト銀行,2026-09-02,1902.0,2005.0,2005.0,1938.6,1838.04,20220.0,1960.0,1973.0,1922.0,1936.0,8300.0,1.7875920084122088,3.0494216614090464,-1.224489795918371,-3.4413965087281784,-3.4413965087281784,3.564049586776852,0.0,0.410484668644906,False,False,False
8544,京葉銀行,2026-09-02,2818.0,2910.0,2972.0,2827.4,2725.36,245140.0,2900.0,2934.0,2820.0,2853.0,88700.0,1.2420156139105742,2.909865152590485,-1.6206896551724137,-1.9587628865979423,-4.004037685060569,4.171048019628465,2.130584192439855,0.3618340540099535,False,False,False
8550,栃木銀行,2026-09-02,1083.0,1144.0,1144.0,1083.0,1038.44,547440.0,1111.0,1122.0,1077.0,1090.0,125500.0,0.6463527239150446,2.5854108956602007,-1.8901890189018888,-4.720279720279718,-4.720279720279718,4.954128440366978,0.0,0.22924886745579423,False,False,False
8551,北日本銀行,2026-09-02,7840.0,8130.0,8130.0,7902.0,7223.6,41040.0,7980.0,8040.0,7810.0,7840.0,4100.0,0.0,1.7857142857142794,-1.7543859649122862,-3.5670356703566997,-3.5670356703566997,3.6989795918367374,0.0,0.09990253411306042,False,False,False
8558,東和銀行,2026-09-02,1450.0,1583.0,1583.0,1468.0,1428.76,156780.0,1505.0,1518.0,1473.0,1479.0,24900.0,2.0000000000000018,3.7931034482758585,-1.7275747508305628,-6.5698041692987985,-6.5698041692987985,7.031778228532803,0.0,0.1588212782242633,False,False,False
8562,福島銀行,2026-09-02,384.0,394.0,394.0,382.2,361.4,294140.0,401.0,402.0,391.0,394.0,79600.0,2.604166666666674,4.427083333333326,-1.7456359102244412,0.0,0.0,0.0,0.0,0.27061943292309787,False,False,False
8563,大東銀行,2026-09-02,1149.0,1166.0,1166.0,1152.0,1088.6,48920.0,1162.0,1170.0,1150.0,1155.0,12600.0,0.5221932114882533,1.1314186248912117,-0.6024096385542133,-0.9433962264150941,-0.9433962264150941,0.952380952380949,0.0,0.25756336876533115,False,False,False
8566,リコーリース,2026-09-02,6800.0,6950.0,6950.0,6848.0,6709.6,35340.0,6780.0,6780.0,6730.0,6750.0,6700.0,-0.7352941176470562,-0.2941176470588225,-0.4424778761061954,-2.877697841726623,-2.877697841726623,2.9629629629629672,0.0,0.189586870401811,False,False,False
8570,イオンフィナンシャルサービス,2026-09-02,1641.0,1749.0,1749.0,1677.9,1637.9,841260.0,1640.5,1649.5,1619.0,1629.5,68300.0,-0.7007921998781197,-0.030469226081653034,-0.6705272782688176,-6.832475700400231,-6.832475700400231,7.333537895059838,0.0,0.08118774219622947,False,False,False
8572,アコム,2026-09-02,483.7999877929688,497.3999938964844,497.3999938964844,487.4,483.9520007324219,1108100.0,478.70001220703125,480.8999938964844,478.0,478.8999938964844,163400.0,-1.012813976874527,-1.0541495896275177,0.04177599422467981,-3.7193406166084686,-3.7193406166084686,3.8630194687366837,0.0,0.14745961555816262,True,False,False
8584,ジャックス,2026-09-02,3785.0,3935.0,3935.0,3837.0,3771.4,115680.0,3795.0,3800.0,3775.0,3785.0,14800.0,0.0,0.26420079260238705,-0.26350461133070047,-3.811944091486663,-3.811944091486663,3.9630118890356725,0.0,0.12793914246196403,False,False,False
8585,オリエントコーポレーション,2026-09-02,854.0,891.0,934.0,870.8,873.48,399260.0,861.0,862.0,857.0,860.0,35200.0,0.7025761124121788,0.8196721311475308,-0.11614401858304202,-3.479236812570141,-7.922912205567457,8.604651162790699,4.826038159371482,0.0881631017382157,False,False,False
8591,オリックス,2026-09-02,6286.0,6547.0,6680.0,6298.8,6311.16,3698680.0,6365.0,6399.0,6212.0,6221.0,684600.0,-1.034043907095128,1.256761056315625,-2.2623723487824043,-4.9793798686421304,-6.871257485029936,7.378235010448475,2.031464793034976,0.18509306022689176,False,False,False
8593,三菱ＨＣキャピタル,2026-09-02,1409.0,1453.0,1518.0,1402.6,1414.3,4045620.0,1417.0,1418.5,1402.0,1406.5,594800.0,-0.17743080198722172,0.5677785663591228,-0.7410021171489034,-3.200275292498278,-7.345191040843213,7.9274795591894875,4.473503097040599,0.14702320039944433,False,False,False
8595,ジャフコ　グループ,2026-09-02,2299.5,2362.5,2362.5,2330.5,2288.14,312840.0,2291.0,2299.0,2285.0,2287.5,28600.0,-0.5218525766470972,-0.3696455751250327,-0.15277171540811763,-3.1746031746031744,-3.1746031746031744,3.2786885245901676,0.0,0.09142053445850915,False,False,False
8596,九州リースサービス,2026-09-02,1594.0,1690.0,1690.0,1615.0,1608.0,29820.0,1594.0,1594.0,1578.0,1580.0,11800.0,-0.8782936010037656,0.0,-0.8782936010037656,-6.508875739644971,-6.508875739644971,6.962025316455689,0.0,0.39570757880617036,False,False,False
8600,トモニホールディングス,2026-09-02,1120.0,1154.0,1154.0,1124.6,1071.8,472580.0,1144.0,1148.0,1118.0,1124.0,49100.0,0.3571428571428559,2.1428571428571352,-1.7482517482517501,-2.5996533795493937,-2.5996533795493937,2.6690391459074814,0.0,0.10389775276143721,False,False,False
8601,大和証券グループ本社,2026-09-02,1818.5,1874.0,1885.0,1841.7,1805.1,5730440.0,1896.0,1898.0,1844.0,1851.5,1033300.0,1.8146824305746545,4.261754193016221,-2.3470464135021074,-1.2006403415154798,-1.7771883289124712,1.809343775317318,0.5869797225186657,0.18031774174408946,False,False,False
8604,野村ホールディングス,2026-09-02,1608.5,1652.0,1652.0,1627.6,1563.14,10032340.0,1670.0,1678.5,1636.0,1643.5,1663300.0,2.1759403170655833,3.8234379857009726,-1.5868263473053923,-0.5145278450363167,-0.5145278450363167,0.5171889260723983,0.0,0.16579382277713872,False,False,False
8609,岡三証券グループ,2026-09-02,1190.0,1254.0,1254.0,1226.8,1141.8,673060.0,1215.0,1243.0,1211.0,1216.0,227700.0,2.184873949579824,2.1008403361344463,0.08230452674897748,-3.0303030303030276,-3.0303030303030276,3.125,0.0,0.33830564882774194,True,False,False
8613,丸三証券,2026-09-02,1280.0,1328.0,1328.0,1305.4,1236.6,300460.0,1295.0,1308.0,1293.0,1300.0,31000.0,1.5625,1.171875,0.38610038610038533,-2.108433734939763,-2.108433734939763,2.1538461538461506,0.0,0.10317513146508686,True,False,False
8614,東洋証券,2026-09-02,720.0,758.0,758.0,743.4,696.04,934440.0,735.0,739.0,730.0,732.0,87900.0,1.6666666666666607,2.083333333333326,-0.40816326530612734,-3.430079155672827,-3.430079155672827,3.5519125683060038,0.0,0.0940670348015924,False,False,False
8616,東海東京フィナンシャル・ホールディングス,2026-09-02,890.0,928.0,928.0,908.8,844.84,1225340.0,895.0,910.0,890.0,894.0,256900.0,0.44943820224718767,0.561797752808979,-0.11173184357542443,-3.6637931034482762,-3.6637931034482762,3.803131991051445,0.0,0.20965609545105848,False,False,False
8617,光世証券,2026-09-02,626.0,651.0,651.0,634.0,586.4,15040.0,635.0,635.0,635.0,635.0,1100.0,1.437699680511173,1.437699680511173,0.0,-2.457757296466978,-2.457757296466978,2.5196850393700787,0.0,0.07313829787234043,False,False,False
8622,水戸証券,2026-09-02,939.0,1000.0,1000.0,973.6,883.76,570720.0,957.0,976.0,952.0,958.0,67800.0,2.0234291799787085,1.9169329073482455,0.10449320794148065,-4.200000000000004,-4.200000000000004,4.384133611691032,0.0,0.1187973086627418,True,False,False
8624,いちよし証券,2026-09-02,1656.0,1797.0,1797.0,1731.2,1634.96,176300.0,1706.0,1745.0,1706.0,1713.0,18900.0,3.4420289855072506,3.0193236714975757,0.4103165298944944,-4.6744574290484175,-4.6744574290484175,4.903677758318747,0.0,0.10720363017583664,True,False,False
8628,松井証券,2026-09-02,1183.0,1222.0,1222.0,1197.0,1107.64,1756740.0,1212.0,1216.0,1198.0,1198.0,120500.0,1.2679628064243387,2.4513947590870666,-1.1551155115511524,-1.9639934533551506,-1.9639934533551506,2.003338898163598,0.0,0.06859296196363719,False,False,False
8630,ＳＯＭＰＯホールディングス,2026-09-02,6868.0,7138.0,7413.0,6868.4,6901.84,1905700.0,6898.0,6961.0,6864.0,6880.0,377600.0,0.17472335468839972,0.4368083867210215,-0.2609452015076785,-3.6144578313253017,-7.190071496020501,7.747093023255824,3.852619781451394,0.19814241486068113,False,False,False
8697,日本取引所グループ,2026-09-02,2145.5,2319.0,2356.0,2237.9,2238.26,3989260.0,2194.0,2218.5,2179.5,2200.5,1036300.0,2.563505010487055,2.2605453274294973,0.29626253418413295,-5.109961190168177,-6.600169779286924,7.06657577823222,1.5955153083225593,0.25977248913332296,True,False,False
8698,マネックスグループ,2026-09-02,714.0,774.0,774.0,742.8,713.24,1905740.0,727.0,737.0,724.0,731.0,302200.0,2.3809523809523725,1.8207282913165201,0.5502063273727709,-5.555555555555558,-5.555555555555558,5.882352941176472,0.0,0.15857357247053638,True,False,False
8699,ＨＳホールディングス,2026-09-02,1133.0,1159.0,1201.0,1144.4,1134.64,79200.0,1141.0,1143.0,1140.0,1140.0,6200.0,0.6178287731685828,0.7060900264783676,-0.08764241893076674,-1.6393442622950838,-5.07910074937552,5.350877192982462,3.6238136324417525,0.07828282828282829,False,False,False
8700,丸八証券,2026-09-02,2068.0,2221.0,2221.0,2108.4,1989.08,7740.0,2095.0,2095.0,2095.0,2095.0,600.0,1.3056092843326983,1.3056092843326983,0.0,-5.673120216118866,-5.673120216118866,6.014319809069213,0.0,0.07751937984496124,False,False,False
8704,トレイダーズホールディングス,2026-09-02,1346.0,1435.0,1435.0,1382.6,1332.84,94100.0,1364.0,1415.0,1364.0,1384.0,42900.0,2.823179791976216,1.3372956909361022,1.4662756598240456,-3.55400696864111,-3.55400696864111,3.684971098265888,0.0,0.45589798087141337,True,False,False
8705,日産証券グループ,2026-09-02,218.0,228.0,234.0,220.8,218.76,132540.0,218.0,219.0,218.0,219.0,6500.0,0.4587155963302836,0.0,0.4587155963302836,-3.9473684210526327,-6.41025641025641,6.849315068493156,2.6315789473684292,0.04904179870227856,True,False,False
8706,極東証券,2026-09-02,1904.0,1970.0,1970.0,1940.2,1855.44,195420.0,1935.0,1954.0,1930.0,1942.0,28700.0,1.995798319327724,1.628151260504196,0.36175710594315014,-1.4213197969543123,-1.4213197969543123,1.4418125643666402,0.0,0.14686316651315115,True,False,False
8707,岩井コスモホールディングス,2026-09-02,4545.0,4820.0,4820.0,4697.0,4426.6,156760.0,4620.0,4690.0,4600.0,4615.0,24100.0,1.5401540154015292,1.650165016501659,-0.10822510822511289,-4.253112033195016,-4.253112033195016,4.442036836403029,0.0,0.15373819852003062,False,False,False
8708,アイザワ証券グループ,2026-09-02,1766.0,1891.0,1891.0,1839.6,1741.44,231720.0,1793.0,1801.0,1781.0,1788.0,15700.0,1.245753114382775,1.528878822197055,-0.2788622420524245,-5.446853516657857,-5.446853516657857,5.760626398210289,0.0,0.06775418608665632,False,False,False
8713,フィデアホールディングス,2026-09-02,2791.0,2916.0,2916.0,2849.0,2549.92,80880.0,2800.0,2815.0,2764.0,2778.0,9600.0,-0.46578287352203596,0.322465066284483,-0.7857142857142896,-4.732510288065839,-4.732510288065839,4.9676025917926525,0.0,0.11869436201780416,False,False,False
8714,池田泉州ホールディングス,2026-09-02,1078.0,1131.0,1131.0,1093.8,1047.44,708920.0,1089.0,1095.0,1068.0,1073.0,137300.0,-0.4638218923933235,1.0204081632652962,-1.4692378328741929,-5.128205128205132,-5.128205128205132,5.405405405405395,0.0,0.1936748857416916,False,False,False
8715,アニコム　ホールディングス,2026-09-02,1077.0,1345.0,1345.0,1094.6,1149.56,252420.0,1071.0,1072.0,1066.0,1067.0,38300.0,-0.9285051067780881,-0.5571030640668551,-0.37348272642390157,-20.669144981412636,-20.669144981412636,26.054358013120904,0.0,0.15173124158149118,False,False,False
8725,ＭＳ＆ＡＤインシュアランスグループホールディングス,2026-09-02,5135.0,5224.0,5224.0,5119.0,4940.44,4051800.0,5300.0,5315.0,5204.0,5210.0,697200.0,1.4605647517039966,3.213242453748788,-1.6981132075471694,-0.2679938744257315,-0.2679938744257315,0.26871401151631336,0.0,0.17207167184954836,False,False,False
8729,ソニーフィナンシャルグループ,2026-09-02,159.0,166.3000030517578,166.3000030517578,161.4200012207031,157.5960009765625,67893400.0,166.0,166.1999969482422,163.5,165.1999969482422,13226400.0,3.8993691498378613,4.402515723270439,-0.48192954925169174,-0.6614588594885729,-0.6614588594885729,0.6658632710872636,0.0,0.19481127767942097,False,False,False
8737,あかつき本社,2026-09-02,621.0,668.0,668.0,632.4,623.56,37000.0,621.0,622.0,616.0,619.0,9200.0,-0.32206119162641045,0.0,-0.32206119162641045,-7.335329341317365,-7.335329341317365,7.915993537964461,0.0,0.24864864864864866,False,False,False
8739,スパークス・グループ,2026-09-02,2592.0,2644.0,2644.0,2608.6,2488.8,110500.0,2632.0,2655.0,2624.0,2627.0,40100.0,1.3503086419753174,1.5432098765432167,-0.18996960486322712,-0.6429652042360012,-0.6429652042360012,0.6471259992386846,0.0,0.36289592760180994,False,False,False
8742,小林洋行,2026-09-02,562.0,567.0,567.0,558.8,555.16,4200.0,564.0,564.0,564.0,564.0,500.0,0.3558718861210064,0.3558718861210064,0.0,-0.5291005291005346,-0.5291005291005346,0.5319148936170137,0.0,0.11904761904761904,False,False,False
8746,ｕｎｂａｎｋｅｄ,2026-09-02,127.0,127.0,127.0,104.2,98.68,391860.0,155.0,156.0,142.0,144.0,298500.0,13.38582677165354,22.047244094488192,-7.096774193548383,13.38582677165354,13.38582677165354,-11.805555555555557,0.0,0.761751645996019,False,True,True
8747,豊トラスティ証券,2026-09-02,2180.0,2437.0,2519.0,2265.6,2224.52,8760.0,2234.0,2234.0,2230.0,2230.0,500.0,2.2935779816513735,2.477064220183478,-0.17905102954342,-8.494050061551084,-11.472806669313218,12.95964125560538,3.364792778005743,0.05707762557077625,False,False,False
8750,第一ライフグループ,2026-09-02,1846.0,1952.0,1959.0,1842.5,1856.0,9994840.0,1906.5,1917.0,1870.0,1876.0,2015900.0,1.625135427952329,3.2773564463705274,-1.599790191450301,-3.8934426229508157,-4.236855538540074,4.424307036247344,0.3586065573770503,0.2016940741422574,False,False,False
8766,東京海上ホールディングス,2026-09-02,7775.0,7993.0,8468.0,7722.0,7681.88,5431320.0,8100.0,8137.0,7951.0,7974.0,1214800.0,2.5594855305466346,4.180064308681675,-1.5555555555555545,-0.23770799449518432,-5.833726972130371,6.195134186104845,5.942699862379586,0.22366570189198942,False,False,False
8769,アドバンテッジリスクマネジメント,2026-09-02,501.0,531.0,531.0,504.6,504.96,17840.0,491.0,494.0,491.0,494.0,1400.0,-1.397205588822359,-1.9960079840319334,0.6109979633401208,-6.9679849340866244,-6.9679849340866244,7.489878542510131,0.0,0.07847533632286996,True,False,False
8771,イー・ギャランティ,2026-09-02,1717.0,1878.0,1889.0,1766.0,1827.36,174340.0,1725.0,1734.0,1722.0,1732.0,15000.0,0.873616773442043,0.4659289458357696,0.40579710144927894,-7.7742279020234335,-8.311275807305451,9.064665127020778,0.5857294994675133,0.08603877480784673,True,False,False
8772,アサックス,2026-09-02,896.0,909.0,909.0,898.0,869.16,8080.0,894.0,894.0,894.0,894.0,200.0,-0.22321428571429047,-0.22321428571429047,0.0,-1.650165016501648,-1.650165016501648,1.6778523489932917,0.0,0.024752475247524754,False,False,False
8783,ａｂｃ,2026-09-02,56.0,81.0,81.0,60.2,63.04,686060.0,55.0,56.0,55.0,56.0,77200.0,0.0,-1.7857142857142905,1.8181818181818077,-30.864197530864203,-30.864197530864203,44.64285714285714,0.0,0.11252660117190916,True,False,False
8789,フィンテック　グローバル,2026-09-02,162.0,178.0,178.0,168.4,153.36,2102500.0,160.0,161.0,158.0,158.0,266100.0,-2.4691358024691357,-1.2345679012345734,-1.2499999999999956,-11.23595505617978,-11.23595505617978,12.658227848101266,0.0,0.12656361474435196,False,False,False
8793,ＮＥＣキャピタルソリューション,2026-09-02,4175.0,4295.0,4295.0,4239.0,4163.8,14740.0,4185.0,4185.0,4170.0,4170.0,1000.0,-0.11976047904191933,0.23952095808383866,-0.35842293906810374,-2.9103608847497076,-2.9103608847497076,2.9976019184652314,0.0,0.06784260515603799,False,False,False
8795,Ｔ＆Ｄホールディングス,2026-09-02,4872.0,5092.0,5176.0,4881.8,4903.16,1882360.0,4978.0,4978.0,4912.0,4930.0,198000.0,1.1904761904761862,2.1756978653530323,-0.9642426677380467,-3.1814611154752592,-4.752704791344664,4.989858012170378,1.6496465043205122,0.1051871055483542,False,False,False
8798,アドバンスクリエイト,2026-09-02,135.0,148.0,148.0,138.0,136.24,47040.0,137.0,138.0,135.0,137.0,3900.0,1.4814814814814836,1.4814814814814836,0.0,-7.432432432432434,-7.432432432432434,8.029197080291972,0.0,0.08290816326530612,False,False,False
8801,三井不動産,2026-09-02,1515.0,1560.5,1633.0,1530.2,1504.46,9303980.0,1516.5,1523.5,1510.0,1511.5,1358600.0,-0.23102310231023493,0.0990099009900991,-0.32970656116056984,-3.140019224607493,-7.440293937538279,8.038372477671185,4.645946811919255,0.14602352971524016,False,False,False
8802,三菱地所,2026-09-02,3773.0,3905.0,4264.0,3798.2,3766.68,3757720.0,3716.0,3743.0,3683.0,3689.0,413300.0,-2.226345083487946,-1.5107341637953908,-0.7265877287405798,-5.531370038412287,-13.48499061913696,15.586879913255625,9.193341869398196,0.10998690695421692,False,False,False
8803,平和不動産,2026-09-02,2394.0,2426.0,2426.0,2396.6,2363.64,165020.0,2388.0,2391.0,2377.0,2380.0,25800.0,-0.5847953216374324,-0.25062656641604564,-0.335008375209378,-1.8961253091508645,-1.8961253091508645,1.9327731092436906,0.0,0.15634468549266756,False,False,False
8804,東京建物,2026-09-02,3385.0,3481.0,3542.0,3435.0,3387.0,659000.0,3392.0,3407.0,3365.0,3375.0,91300.0,-0.2954209748892156,0.20679468242246202,-0.5011792452830233,-3.0451019821890246,-4.714850367024281,4.948148148148146,1.7523700086182092,0.1385432473444613,False,False,False
8818,京阪神ビルディング,2026-09-02,1110.0,1139.0,1160.0,1121.4,1101.24,444440.0,1108.0,1117.0,1107.0,1115.0,82200.0,0.45045045045044585,-0.18018018018017834,0.631768953068601,-2.1071115013169495,-3.879310344827591,4.035874439461873,1.843722563652328,0.1849518495184952,True,False,False
8830,住友不動産,2026-09-02,3300.0,3581.0,3836.0,3360.4,3434.72,2856440.0,3247.0,3267.0,3229.0,3241.0,384000.0,-1.7878787878787827,-1.6060606060606109,-0.1847859562673193,-9.494554593688909,-15.51094890510949,18.35853131749461,7.120915945266693,0.1344330705353517,False,False,False
8835,太平洋興発,2026-09-02,798.0,815.0,815.0,803.2,793.16,22400.0,798.0,798.0,796.0,798.0,2200.0,0.0,0.0,0.0,-2.0858895705521463,-2.0858895705521463,2.130325814536338,0.0,0.09821428571428571,False,False,False
8836,ＲＩＳＥ,2026-09-02,27.0,29.0,29.0,27.0,26.8,35060.0,27.0,27.0,27.0,27.0,13200.0,0.0,0.0,0.0,-6.896551724137934,-6.896551724137934,7.407407407407418,0.0,0.3764974329720479,False,False,False
8841,テーオーシー,2026-09-02,1006.0,1105.0,1105.0,1030.8,992.68,80200.0,1000.0,1004.0,1000.0,1001.0,2900.0,-0.497017892644136,-0.5964214711729587,0.09999999999998899,-9.411764705882353,-9.411764705882353,10.389610389610393,0.0,0.03615960099750624,True,False,False
8844,コスモスイニシア,2026-09-02,1250.0,1306.0,1424.0,1269.8,1271.0,35040.0,1250.0,1250.0,1243.0,1250.0,3000.0,0.0,0.0,0.0,-4.287901990811638,-12.219101123595511,13.919999999999998,9.035222052067372,0.08561643835616438,False,False,False
8848,レオパレス２１,2026-09-02,649.0,678.0,702.0,642.6,647.16,1068840.0,645.0,651.0,645.0,649.0,74900.0,0.0,-0.6163328197226536,0.6201550387596955,-4.277286135693215,-7.549857549857553,8.166409861325107,3.539823008849563,0.07007597021069571,True,False,False
8850,スターツコーポレーション,2026-09-02,4720.0,4815.0,4970.0,4717.0,4702.8,55460.0,4720.0,4790.0,4720.0,4760.0,8900.0,0.8474576271186418,0.0,0.8474576271186418,-1.1422637590861928,-4.225352112676061,4.4117647058823595,3.219106957424711,0.16047601875225387,True,False,False
8860,フジ住宅,2026-09-02,757.0,776.0,777.0,765.6,760.84,73480.0,754.0,754.0,750.0,752.0,11500.0,-0.6605019815059454,-0.39630118890356947,-0.2652519893899252,-3.0927835051546393,-3.2175032175032148,3.32446808510638,0.12886597938144284,0.15650517147523135,False,False,False
8864,空港施設,2026-09-02,970.0,984.0,1043.0,974.0,953.28,81700.0,967.0,973.0,966.0,971.0,16200.0,0.10309278350515427,-0.3092783505154628,0.4136504653567741,-1.3211382113821113,-6.903163950143821,7.415036045314105,5.9959349593496025,0.19828641370869032,True,False,False
8869,明和地所,2026-09-02,832.0,850.0,852.0,841.4,835.8,53900.0,834.0,834.0,830.0,830.0,7900.0,-0.24038461538461453,0.24038461538462563,-0.47961630695443347,-2.352941176470591,-2.5821596244131495,2.650602409638547,0.23529411764706687,0.14656771799628943,False,False,False
8871,ゴールドクレスト,2026-09-02,3265.0,3395.0,3420.0,3313.0,3299.0,51860.0,3250.0,3265.0,3245.0,3255.0,2800.0,-0.3062787136294043,-0.45941807044410643,0.15384615384614886,-4.123711340206182,-4.824561403508776,5.069124423963123,0.7363770250368162,0.05399151561897416,True,False,False
8876,リログループ,2026-09-02,2247.0,2272.0,2272.0,2211.8,2127.76,707060.0,2283.0,2292.0,2261.0,2261.0,41900.0,0.6230529595015577,1.602136181575431,-0.9636443276390683,-0.48415492957746276,-0.48415492957746276,0.48651039363114545,0.0,0.05925946878624162,False,False,False
8877,エスリード,2026-09-02,5240.0,5490.0,5490.0,5334.0,5258.8,31100.0,5170.0,5170.0,5130.0,5150.0,4800.0,-1.717557251908397,-1.3358778625954248,-0.3868471953578312,-6.193078324225865,-6.193078324225865,6.601941747572826,0.0,0.15434083601286175,False,False,False
8881,日神グループホールディングス,2026-09-02,669.0,687.0,690.0,676.4,669.84,120420.0,670.0,670.0,666.0,667.0,21800.0,-0.2989536621823663,0.1494768310911887,-0.4477611940298498,-2.911208151382827,-3.3333333333333326,3.4482758620689724,0.4366812227074135,0.18103305098820793,False,False,False
8887,シーラホールディングス,2026-09-02,371.0,391.0,391.0,381.0,380.48,56420.0,367.0,367.0,366.0,366.0,14900.0,-1.3477088948787075,-1.0781671159029615,-0.27247956403270157,-6.39386189258312,-6.39386189258312,6.830601092896171,0.0,0.2640907479617157,False,False,False
8891,ＡＭＧホールディングス,2026-09-02,2098.0,2144.0,2144.0,2104.2,2090.0,3320.0,2083.0,2083.0,2066.0,2066.0,1000.0,-1.5252621544327938,-0.7149666348903683,-0.8161305808929376,-3.6380597014925353,-3.6380597014925353,3.7754114230396985,0.0,0.30120481927710846,False,False,False
8892,エスコン,2026-09-02,1096.0,1153.0,1153.0,1117.2,1104.32,185020.0,1095.0,1096.0,1091.0,1094.0,24100.0,-0.18248175182481452,-0.09124087591241281,-0.09132420091324533,-5.117085862966175,-5.117085862966175,5.393053016453386,0.0,0.13025618852016,False,False,False
8894,ＲＥＶＯＬＵＴＩＯＮ,2026-09-02,20.0,23.0,27.0,21.4,21.88,444820.0,20.0,21.0,20.0,20.0,57600.0,0.0,0.0,0.0,-13.043478260869568,-25.92592592592593,35.00000000000001,17.391304347826097,0.1294905804595117,False,False,False
8897,ＭＩＲＡＲＴＨホールディングス,2026-09-02,458.0,472.0,472.0,463.4,441.96,1342400.0,454.0,455.0,451.0,452.0,210500.0,-1.3100436681222738,-0.8733624454148492,-0.4405286343612369,-4.23728813559322,-4.23728813559322,4.424778761061954,0.0,0.15680870083432658,False,False,False
8898,センチュリー２１・ジャパン,2026-09-02,1132.0,1147.0,1147.0,1137.4,1132.04,2640.0,1129.0,1138.0,1126.0,1136.0,11700.0,0.35335689045936647,-0.26501766784452485,0.620017714791854,-0.9590235396687019,-0.9590235396687019,0.9683098591549255,0.0,4.431818181818182,True,False,False
8904,ＡＶＡＮＴＩＡ,2026-09-02,826.0,878.0,878.0,836.8,860.48,50300.0,830.0,830.0,828.0,828.0,1600.0,0.2421307506053294,0.4842615012106588,-0.24096385542168308,-5.6947608200455635,-5.6947608200455635,6.038647342995174,0.0,0.03180914512922465,False,False,False
8908,毎日コムネット,2026-09-02,890.0,890.0,890.0,887.4,872.2,4840.0,883.0,884.0,883.0,884.0,500.0,-0.6741573033707815,-0.786516853932584,0.11325028312569874,-0.6741573033707815,-0.6741573033707815,0.6787330316742057,0.0,0.10330578512396695,True,False,False
8912,エリアクエスト,2026-09-02,170.0,188.0,188.0,158.6,154.12,888020.0,162.0,164.0,162.0,164.0,32300.0,-3.529411764705881,-4.705882352941182,1.2345679012345734,-12.765957446808507,-12.765957446808507,14.634146341463406,0.0,0.03637305466093106,True,False,False
8914,エリアリンク,2026-09-02,905.0,987.0,1074.0,933.2,940.12,64440.0,894.0,896.0,889.0,890.0,12500.0,-1.6574585635359074,-1.2154696132596676,-0.4474272930648726,-9.827760891590675,-17.132216014897583,20.674157303370787,8.814589665653493,0.19397889509621352,False,False,False
8917,ファースト住建,2026-09-02,1127.0,1162.0,1170.0,1138.8,1144.84,11880.0,1126.0,1133.0,1126.0,1133.0,1700.0,0.5323868677906018,-0.08873114463177068,0.6216696269982336,-2.495697074010328,-3.1623931623931623,3.2656663724624835,0.688468158347666,0.14309764309764308,True,False,False
8918,ランド,2026-09-02,11.0,11.0,11.0,10.8,10.4,344411020.0,11.0,11.0,10.0,11.0,172774700.0,0.0,0.0,0.0,0.0,0.0,0.0,0.0,0.501652647467552,False,False,False
8919,カチタス,2026-09-02,3695.0,3890.0,3890.0,3809.0,3573.6,216280.0,3610.0,3610.0,3575.0,3590.0,22600.0,-2.841677943166443,-2.3004059539918797,-0.5540166204986097,-7.712082262210796,-7.712082262210796,8.356545961002793,0.0,0.10449417421860552,False,False,False
8920,東祥,2026-09-02,707.0,741.0,794.0,725.4,723.44,74940.0,708.0,710.0,708.0,709.0,3900.0,0.28288543140029265,0.14144271570013522,0.14124293785311437,-4.318488529014841,-10.705289672544083,11.98871650211566,7.1524966261808265,0.05204163330664532,True,False,False
8923,トーセイ,2026-09-02,1747.0,1861.0,1861.0,1819.2,1793.84,215940.0,1746.0,1755.0,1726.0,1731.0,20300.0,-0.9158557527189415,-0.05724098454493731,-0.8591065292096189,-6.98549167114455,-6.98549167114455,7.510109763142703,0.0,0.0940075947022321,False,False,False
8927,明豊エンタープライズ,2026-09-02,482.0,485.0,485.0,481.8,469.84,61900.0,484.0,485.0,483.0,485.0,20000.0,0.6224066390041472,0.4149377593360981,0.20661157024792765,0.0,0.0,0.0,0.0,0.32310177705977383,True,False,False
8928,穴吹興産,2026-09-02,2310.0,2363.0,2363.0,2344.2,2311.84,9140.0,2303.0,2314.0,2299.0,2305.0,3100.0,-0.21645021645021467,-0.303030303030305,0.08684324793746256,-2.454506982649174,-2.454506982649174,2.516268980477232,0.0,0.33916849015317285,True,False,False
8929,青山財産ネットワークス,2026-09-02,1378.0,1451.0,1451.0,1414.0,1318.24,138460.0,1370.0,1380.0,1370.0,1371.0,7100.0,-0.5079825834542806,-0.5805515239477477,0.07299270072993469,-5.513439007580978,-5.513439007580978,5.8351568198395265,0.0,0.05127834753719486,True,False,False
8931,和田興産,2026-09-02,1317.0,1430.0,1444.0,1353.6,1397.36,33200.0,1313.0,1313.0,1312.0,1312.0,900.0,-0.37965072133636646,-0.30372057706909983,-0.07616146230007281,-8.251748251748248,-9.141274238227147,10.060975609756095,0.9790209790209836,0.02710843373493976,False,False,False
8934,サンフロンティア不動産,2026-09-02,2475.0,2555.0,2589.0,2500.6,2488.76,145120.0,2450.0,2453.0,2427.0,2437.0,25800.0,-1.5353535353535341,-1.0101010101010055,-0.5306122448979544,-4.618395303326805,-5.870992661259178,6.237176856791127,1.3307240704500956,0.17778390297684674,False,False,False
8935,ＦＪネクストホールディングス,2026-09-02,2014.0,2085.0,2085.0,2050.2,1986.04,49540.0,2000.0,2001.0,1966.0,1975.0,20800.0,-1.9364448857994043,-0.6951340615690138,-1.2499999999999956,-5.275779376498802,-5.275779376498802,5.569620253164564,0.0,0.41986273718207506,False,False,False
8938,グローム・ホールディングス,2026-09-02,327.0,354.0,369.0,330.8,334.68,2840.0,328.0,330.0,328.0,330.0,700.0,0.917431192660545,0.3058103975535076,0.6097560975609762,-6.779661016949157,-10.569105691056912,11.818181818181817,4.237288135593231,0.24647887323943662,True,False,False
8944,ランドビジネス,2026-09-02,241.0,251.0,253.0,242.4,244.16,55440.0,241.0,242.0,241.0,241.0,5400.0,0.0,0.0,0.0,-3.984063745019917,-4.743083003952564,4.9792531120331995,0.7968127490039834,0.09740259740259741,False,False,False
8945,サンネクスタグループ,2026-09-02,1091.0,1143.0,1143.0,1096.8,1095.36,3620.0,1090.0,1090.0,1090.0,1090.0,200.0,-0.09165902841430373,-0.09165902841430373,0.0,-4.636920384951882,-4.636920384951882,4.862385321100926,0.0,0.055248618784530384,False,False,False
8946,ＡＳＩＡＮ　ＳＴＡＲ,2026-09-02,74.0,81.0,82.0,75.0,76.68,61860.0,75.0,75.0,74.0,74.0,48000.0,0.0,1.3513513513513598,-1.3333333333333308,-8.64197530864198,-9.756097560975608,10.81081081081081,1.2345679012345734,0.7759456838021338,False,False,False
8995,誠建設工業,2026-09-02,1565.0,2562.0,2562.0,1522.8,1405.72,195640.0,1730.0,1918.0,1730.0,1843.0,190300.0,17.763578274760384,10.543130990415328,6.53179190751445,-28.064012490241996,-28.064012490241996,39.012479652740105,0.0,0.9727049683091392,True,False,False
8996,ハウスフリーダム,2026-09-02,1077.0,1139.0,1139.0,1107.6,1081.2,3120.0,1072.0,1090.0,1072.0,1090.0,1000.0,1.20705663881151,-0.46425255338904403,1.679104477611948,-4.302019315188765,-4.302019315188765,4.495412844036695,0.0,0.32051282051282054,True,False,False
8999,グランディハウス,2026-09-02,568.0,583.0,583.0,574.8,562.6,59760.0,567.0,567.0,564.0,566.0,10300.0,-0.35211267605633756,-0.17605633802817433,-0.17636684303351524,-2.9159519725557415,-2.9159519725557415,3.0035335689045928,0.0,0.17235609103078983,False,False,False
9001,東武鉄道,2026-09-02,2976.5,3051.0,3236.0,2995.3,2995.88,867360.0,2960.0,2961.0,2934.5,2940.0,92700.0,-1.2262724676633585,-0.5543423483957644,-0.6756756756756799,-3.6381514257620484,-9.147095179233622,10.068027210884356,6.063585709603414,0.10687603763143332,False,False,False
9003,相鉄ホールディングス,2026-09-02,2593.0,2675.0,2861.5,2623.1,2576.84,335840.0,2600.0,2601.0,2581.0,2597.5,42000.0,0.17354415734669448,0.2699575780948704,-0.09615384615384581,-2.8971962616822444,-9.22593045605452,10.163618864292578,6.971962616822425,0.1250595521676989,False,False,False
9005,東急,2026-09-02,1648.0,1704.0,1860.5,1654.3,1677.0,1933900.0,1637.0,1640.0,1631.5,1632.0,331900.0,-0.9708737864077666,-0.6674757281553423,-0.30543677458766405,-4.225352112676061,-12.28164471916151,14.001225490196067,9.184272300469477,0.17162211076063913,False,False,False
9006,京浜急行電鉄,2026-09-02,1554.0,1592.0,1668.0,1566.4,1549.84,648720.0,1555.0,1566.0,1553.0,1557.5,113500.0,0.22522522522523403,0.06435006435006052,0.1607717041800738,-2.167085427135673,-6.624700239808156,7.094703049759232,4.773869346733672,0.17495992107534838,True,False,False
9007,小田急電鉄,2026-09-02,1795.0,1811.0,1872.5,1789.7,1744.32,992540.0,1790.0,1794.0,1783.0,1786.5,79000.0,-0.4735376044568196,-0.278551532033422,-0.1955307262569872,-1.3528437327443354,-4.5927903871829105,4.813881891967542,3.3959138597460026,0.07959376952062386,False,False,False
9008,京王電鉄,2026-09-02,786.5,796.2000122070312,849.2999877929688,785.1000122070312,779.3200048828126,1621960.0,780.0,782.5999755859375,776.7000122070312,780.7000122070312,182900.0,-0.7374428217379214,-0.8264462809917328,0.08974515474760025,-1.94674701863351,-8.077237321550502,8.786982773575991,6.669175429770058,0.11276480307775777,True,False,False
9009,京成電鉄,2026-09-02,1337.5,1371.5,1371.5,1350.9,1307.6,1712600.0,1348.0,1363.0,1347.0,1359.0,201800.0,1.6074766355140158,0.785046728971972,0.8160237388723957,-0.9114108640175034,-0.9114108640175034,0.919793966151583,0.0,0.1178325353264043,True,False,False
9010,富士急行,2026-09-02,2613.0,2831.0,2835.0,2740.6,2747.0,251600.0,2602.0,2603.0,2590.0,2597.0,14700.0,-0.6123230003826974,-0.42097206276310306,-0.19215987701768356,-8.265630519251143,-8.39506172839506,9.164420485175206,0.14129282938890597,0.05842607313195548,False,False,False
9017,新潟交通,2026-09-02,1985.0,2025.0,2028.0,1991.8,1995.92,720.0,1995.0,1995.0,1995.0,1995.0,800.0,0.5037783375314797,0.5037783375314797,0.0,-1.4814814814814836,-1.6272189349112454,1.6541353383458635,0.1481481481481417,1.1111111111111112,False,False,False
9020,東日本旅客鉄道,2026-09-02,3545.0,3666.0,3966.0,3583.0,3536.92,2643400.0,3538.0,3551.0,3518.0,3522.0,334600.0,-0.6488011283497852,-0.19746121297602448,-0.45223289994347216,-3.9279869067103124,-11.195158850226928,12.60647359454856,8.183306055646478,0.12657940531134146,False,False,False
9021,西日本旅客鉄道,2026-09-02,2993.5,3049.0,3236.0,3003.2,2956.68,1991440.0,3017.0,3022.0,3002.0,3003.0,339400.0,0.31735426757975027,0.7850342408551869,-0.46403712296984034,-1.5086913742210606,-7.200247218788625,7.7589077589077515,6.133158412594297,0.17042943799461696,False,False,False
9022,東海旅客鉄道,2026-09-02,3942.0,4043.0,4291.0,3962.2,3918.96,2263780.0,3918.0,3927.0,3879.0,3886.0,253300.0,-1.4205986808726534,-0.60882800608828,-0.8167432363450744,-3.8832550086569384,-9.438359356793292,10.422027792074108,6.134058867177838,0.11189249838765251,False,False,False
9023,東京地下鉄,2026-09-02,1484.5,1499.0,1532.0,1475.6,1467.48,1400700.0,1502.0,1502.5,1489.5,1494.5,218000.0,0.673627484001349,1.1788480970023496,-0.49933422103861647,-0.30020013342227925,-2.4477806788511747,2.509200401472067,2.201467645096722,0.15563646748054544,False,False,False
9024,西武ホールディングス,2026-09-02,3442.0,3544.0,3783.0,3420.2,3396.2,4159660.0,3440.0,3512.0,3429.0,3459.0,177500.0,0.4938988959906965,-0.05810575246949501,0.552325581395352,-2.39841986455982,-8.56463124504362,9.366869037294023,6.743792325056441,0.04267175682627907,True,False,False
9025,鴻池運輸,2026-09-02,2870.0,2985.0,3040.0,2914.4,2920.08,77640.0,2850.0,2852.0,2838.0,2844.0,3000.0,-0.9059233449477344,-0.6968641114982632,-0.21052631578947212,-4.723618090452264,-6.447368421052635,6.891701828410679,1.8425460636515956,0.03863987635239567,False,False,False
9028,ゼロ,2026-09-02,3405.0,3605.0,3670.0,3502.0,3524.6,11820.0,3420.0,3440.0,3400.0,3400.0,14100.0,-0.1468428781204123,0.4405286343612369,-0.5847953216374324,-5.68654646324549,-7.356948228882832,7.941176470588229,1.8030513176144236,1.1928934010152283,False,False,False
9029,ヒガシホールディングス,2026-09-02,1886.0,1977.0,2140.0,1921.2,1931.92,3000.0,1888.0,1900.0,1850.0,1862.0,7900.0,-1.2725344644750836,0.10604453870626251,-1.3771186440677985,-5.816894284269091,-12.990654205607477,14.930182599355524,8.244815376833593,2.6333333333333333,False,False,False
9031,西日本鉄道,2026-09-02,3128.0,3174.0,3272.0,3120.0,3073.72,241860.0,3106.0,3127.0,3078.0,3083.0,42200.0,-1.4386189258312032,-0.703324808184147,-0.740502253702513,-2.867044738500313,-5.776283618581912,6.130392474862156,3.0875866414618702,0.17448110477135534,False,False,False
9033,広島電鉄,2026-09-02,635.0,655.0,655.0,634.0,628.56,12380.0,636.0,636.0,636.0,636.0,200.0,0.15748031496063408,0.15748031496063408,0.0,-2.900763358778624,-2.900763358778624,2.9874213836478036,0.0,0.01615508885298869,False,False,False
9034,南総通運,2026-09-02,1649.0,1670.0,1670.0,1636.0,1625.0,5020.0,1647.0,1667.0,1647.0,1666.0,4400.0,1.0309278350515427,-0.12128562765312267,1.1536126290224713,-0.23952095808382756,-0.23952095808382756,0.24009603841537164,0.0,0.8764940239043825,True,False,False
9036,東部ネットワーク,2026-09-02,1245.0,1383.0,1418.0,1255.2,1303.08,1280.0,1242.0,1242.0,1238.0,1238.0,300.0,-0.5622489959839383,-0.24096385542168308,-0.32206119162641045,-10.48445408532176,-12.693935119887168,14.53957996768982,2.5307302964569844,0.234375,False,False,False
9037,ハマキョウレックス,2026-09-02,1835.0,1891.0,1891.0,1863.4,1848.6,106200.0,1830.0,1840.0,1827.0,1838.0,11700.0,0.16348773841960984,-0.27247956403270157,0.43715846994536456,-2.802749867794818,-2.802749867794818,2.883569096844396,0.0,0.11016949152542373,True,False,False
9039,サカイ引越センター,2026-09-02,3005.0,3035.0,3090.0,3003.6,2973.24,89200.0,2970.0,2979.0,2961.0,2962.0,13000.0,-1.4309484193011701,-1.1647254575707144,-0.2693602693602748,-2.405271828665567,-4.142394822006468,4.321404456448352,1.812191103789118,0.14573991031390135,False,False,False
9041,近鉄グループホールディングス,2026-09-02,3445.0,3686.0,3686.0,3491.4,3520.8,604260.0,3473.0,3477.0,3445.0,3449.0,91300.0,0.11611030478955175,0.8127721335268401,-0.6910452058738858,-6.429734129137277,-6.429734129137277,6.871556973035653,0.0,0.15109389997683118,False,False,False
9042,阪急阪神ホールディングス,2026-09-02,4648.0,4812.0,5183.0,4710.2,4687.6,976060.0,4656.0,4684.0,4645.0,4658.0,75200.0,0.21514629948364838,0.1721170395869276,0.04295532646048095,-3.2003325020781404,-10.12926876326452,11.27093173035638,7.709891936824609,0.07704444398909903,True,False,False
9044,ＮＡＮＫＡＩ,2026-09-02,3100.0,3137.0,3237.0,3093.2,2996.06,221380.0,3099.0,3112.0,3083.0,3100.0,30700.0,0.0,-0.032258064516133,0.03226847370119135,-1.1794708320051028,-4.232313870868087,4.419354838709677,3.1877590054191884,0.13867558044990513,True,False,False
9045,京阪ホールディングス,2026-09-02,3206.0,3280.0,3435.0,3218.8,3195.76,367340.0,3200.0,3227.0,3181.0,3184.0,39400.0,-0.6862133499688117,-0.18714909544603753,-0.5000000000000004,-2.9268292682926855,-7.307132459970889,7.883165829145722,4.725609756097571,0.10725758153209561,False,False,False
9046,神戸電鉄,2026-09-02,2468.0,2510.0,2530.0,2476.2,2465.84,7740.0,2486.0,2486.0,2486.0,2486.0,300.0,0.7293354943273878,0.7293354943273878,0.0,-0.9561752988047845,-1.7391304347826098,1.7699115044247815,0.7968127490039834,0.03875968992248062,False,False,False
9048,名古屋鉄道,2026-09-02,1885.5,1919.5,2012.0,1890.4,1881.7,437000.0,1883.0,1883.0,1868.0,1869.0,70100.0,-0.8750994431185322,-0.13259082471492878,-0.743494423791824,-2.6308934618390234,-7.107355864811138,7.651150347779567,4.818963271685339,0.16041189931350114,False,False,False
9049,京福電気鉄道,2026-09-02,6670.0,6750.0,6800.0,6658.0,6648.8,140.0,6650.0,6650.0,6630.0,6630.0,400.0,-0.5997001499250421,-0.2998500749625155,-0.3007518796992459,-1.7777777777777781,-2.500000000000002,2.564102564102555,0.7407407407407307,2.857142857142857,False,False,False
9051,センコン物流,2026-09-02,1311.0,1353.0,1401.0,1327.8,1322.84,1140.0,1320.0,1350.0,1320.0,1350.0,700.0,2.9748283752860427,0.6864988558352492,2.2727272727272707,-0.22172949002217113,-3.6402569593147804,3.777777777777769,3.5476718403547602,0.6140350877192983,True,False,False
9052,山陽電気鉄道,2026-09-02,2025.0,2057.0,2089.0,2034.8,2002.0,109240.0,2002.0,2002.0,1995.0,1997.0,6600.0,-1.382716049382715,-1.1358024691358048,-0.24975024975024684,-2.9168692270296503,-4.404021062709429,4.606910365548322,1.5556635877491454,0.0604174295129989,False,False,False
9057,遠州トラック,2026-09-02,3250.0,3330.0,3330.0,3230.0,3206.2,860.0,3290.0,3290.0,3255.0,3260.0,900.0,0.3076923076922977,1.2307692307692353,-0.911854103343468,-2.102102102102099,-2.102102102102099,2.147239263803691,0.0,1.0465116279069768,False,False,False
9059,カンダホールディングス,2026-09-02,915.0,930.0,930.0,917.8,906.32,2160.0,917.0,917.0,917.0,917.0,500.0,0.21857923497268228,0.21857923497268228,0.0,-1.3978494623655968,-1.3978494623655968,1.4176663031624903,0.0,0.23148148148148148,False,False,False
9060,日本ロジテム,2026-09-02,4140.0,4285.0,4285.0,4145.0,4190.2,160.0,4170.0,4170.0,4160.0,4160.0,400.0,0.48309178743961567,0.7246376811594235,-0.23980815347721673,-2.9171528588098017,-2.9171528588098017,3.004807692307687,0.0,2.5,False,False,False
9063,岡山県貨物運送,2026-09-02,4150.0,4350.0,4350.0,4246.0,4172.4,1060.0,4165.0,4235.0,4165.0,4235.0,300.0,2.048192771084345,0.3614457831325302,1.680672268907557,-2.643678160919538,-2.643678160919538,2.715466351829998,0.0,0.2830188679245283,True,False,False
9064,ヤマトホールディングス,2026-09-02,1915.0,1988.0,2194.5,1947.1,1962.78,1255160.0,1936.0,1961.0,1925.0,1955.0,307300.0,2.088772845953013,1.096605744125334,0.9814049586776896,-1.6599597585513104,-10.91364775575302,12.250639386189267,10.387323943661976,0.24482934446604418,True,False,False
9065,山九,2026-09-02,8064.0,8882.0,9472.0,8306.2,8600.44,156720.0,8061.0,8061.0,8002.0,8029.0,17900.0,-0.434027777777779,-0.037202380952383596,-0.3969730802629967,-9.603692861968028,-15.234375,17.972350230414747,6.642648052240485,0.11421643695763145,False,False,False
9068,丸全昭和運輸,2026-09-02,7250.0,7860.0,7860.0,7402.0,7470.8,26220.0,7160.0,7210.0,7110.0,7120.0,2400.0,-1.7931034482758568,-1.2413793103448256,-0.5586592178770999,-9.414758269720103,-9.414758269720103,10.393258426966302,0.0,0.09153318077803203,False,False,False
9069,センコーグループホールディングス,2026-09-02,2228.5,2378.5,2378.5,2243.2,2259.94,412860.0,2218.0,2239.0,2207.5,2213.0,20500.0,-0.6955351133049126,-0.4711689477226888,-0.22542831379621653,-6.958166911919273,-6.958166911919273,7.478535924084961,0.0,0.049653635614978445,False,False,False
9072,ニッコンホールディングス,2026-09-02,5261.0,5929.0,5929.0,5433.6,5341.0,230340.0,5067.0,5086.0,5036.0,5061.0,22000.0,-3.801558639042002,-3.687511879870742,-0.1184132622853773,-14.639905548996456,-14.639905548996456,17.150760719225456,0.0,0.09551098376313276,False,False,False
9073,京極運輸商事,2026-09-02,1226.0,1295.0,1295.0,1236.8,1248.32,400.0,1226.0,1227.0,1226.0,1227.0,500.0,0.08156606851550396,0.0,0.08156606851550396,-5.2509652509652565,-5.2509652509652565,5.541972290138553,0.0,1.25,True,False,False
9074,日本石油輸送,2026-09-02,4960.0,5260.0,5550.0,4996.0,5099.4,3200.0,4985.0,4985.0,4985.0,4985.0,100.0,0.504032258064524,0.504032258064524,0.0,-5.2281368821292755,-10.180180180180177,11.334002006018062,5.513307984790883,0.03125,False,False,False
9075,福山通運,2026-09-02,6230.0,6540.0,6540.0,6334.0,6180.0,100620.0,6200.0,6200.0,6140.0,6170.0,6000.0,-0.9630818619582704,-0.48154093097912964,-0.4838709677419395,-5.657492354740057,-5.657492354740057,5.996758508914102,0.0,0.05963029218843172,False,False,False
9076,セイノーホールディングス,2026-09-02,2746.0,2846.0,2846.0,2776.8,2738.28,376220.0,2724.0,2727.5,2709.5,2724.0,25600.0,-0.8011653313911182,-0.8011653313911182,0.0,-4.286718200983842,-4.286718200983842,4.478707782672542,0.0,0.06804529264791877,False,False,False
9081,神奈川中央交通,2026-09-02,3995.0,4090.0,4095.0,4007.0,3899.2,11420.0,3975.0,3975.0,3970.0,3970.0,2200.0,-0.6257822277847325,-0.5006257822277815,-0.12578616352201255,-2.933985330073352,-3.0525030525030528,3.148614609571787,0.12224938875304847,0.19264448336252188,False,False,False
9082,大和自動車交通,2026-09-02,2111.0,2514.0,2514.0,2059.0,1925.72,2560.0,1943.0,2008.0,1943.0,2008.0,2200.0,-4.87920416864045,-7.958313595452394,3.3453422542460087,-20.127287191726328,-20.127287191726328,25.199203187250994,0.0,0.859375,True,False,False
9083,神姫バス,2026-09-02,1974.0,2000.0,2000.0,1970.6,1972.24,3820.0,1954.0,1975.0,1951.0,1975.0,2500.0,0.050658561296867965,-1.0131712259371817,1.0747185261003045,-1.2499999999999956,-1.2499999999999956,1.2658227848101333,0.0,0.6544502617801047,True,False,False
9087,タカセ,2026-09-02,2129.0,2300.0,2300.0,2165.2,2051.04,1580.0,,,,,,,,,,,,0.0,,False,False,False
9090,ＡＺ－ＣＯＭ丸和ホールディングス,2026-09-02,880.0,914.0,967.0,898.0,888.12,668880.0,882.0,884.0,880.0,884.0,45200.0,0.454545454545463,0.2272727272727204,0.22675736961450532,-3.2822757111597323,-8.583247156153051,9.389140271493224,5.798687089715537,0.06757564884583184,True,False,False
9101,日本郵船,2026-09-02,7097.0,7405.0,7405.0,7055.2,6545.48,3167320.0,7438.0,7440.0,7148.0,7154.0,803200.0,0.8031562632098144,4.804847118500777,-3.8182307071793486,-3.389601620526672,-3.389601620526672,3.508526698350578,0.0,0.25358978568632157,False,False,False
9104,商船三井,2026-09-02,7038.0,7509.0,7509.0,7038.0,6579.6,3285480.0,7300.0,7318.0,6990.0,7013.0,1157700.0,-0.3552145495879566,3.722648479681734,-3.9315068493150696,-6.605406845119188,-6.605406845119188,7.072579495223152,0.0,0.35236860367434897,False,False,False
9107,川崎汽船,2026-09-02,3346.0,3591.0,3591.0,3345.8,3088.3,4337380.0,3450.0,3458.0,3330.0,3332.0,977500.0,-0.4184100418409997,3.1081888822474646,-3.420289855072467,-7.21247563352827,-7.21247563352827,7.773109243697474,0.0,0.22536646546993808,False,False,False
9110,ＮＳユナイテッド海運,2026-09-02,10470.0,10510.0,10520.0,10484.0,10097.6,307940.0,10490.0,10500.0,10470.0,10470.0,75300.0,0.0,0.19102196752627254,-0.19065776930410339,-0.38058991436726863,-0.47528517110265733,0.47755491881567025,0.09514747859182826,0.24452815483535753,False,False,False
9115,明海グループ,2026-09-02,1041.0,1355.0,1355.0,1053.0,980.2,92120.0,1044.0,1044.0,1038.0,1041.0,400.0,0.0,0.2881844380403509,-0.2873563218390829,-23.17343173431734,-23.17343173431734,30.163304514889532,0.0,0.004342162396873643,False,False,False
9119,飯野海運,2026-09-02,1732.0,1791.0,1791.0,1744.4,1632.6,383420.0,1750.0,1764.0,1734.0,1743.0,21400.0,0.6351039260970026,1.0392609699769073,-0.40000000000000036,-2.680067001675046,-2.680067001675046,2.753872633390708,0.0,0.05581346825935006,False,False,False
9127,玉井商船,2026-09-02,3420.0,3580.0,3580.0,3398.0,3115.6,4640.0,3335.0,3335.0,3335.0,3335.0,600.0,-2.4853801169590684,-2.4853801169590684,0.0,-6.843575418994419,-6.843575418994419,7.346326836581718,0.0,0.12931034482758622,False,False,False
9130,共栄タンカー,2026-09-02,1559.0,1753.0,1753.0,1619.8,1549.04,77860.0,1568.0,1576.0,1555.0,1563.0,5800.0,0.25657472738935816,0.5772931366260448,-0.3188775510204134,-10.838562464346834,-10.838562464346834,12.156110044785674,0.0,0.07449267916773697,False,False,False
9142,九州旅客鉄道,2026-09-02,3610.0,3670.0,3853.0,3609.2,3529.08,942480.0,3600.0,3605.0,3586.0,3589.0,66400.0,-0.5817174515235446,-0.27700831024930483,-0.3055555555555589,-2.207084468664855,-6.851803789255129,7.355809417665093,4.986376021798367,0.07045242339359986,False,False,False
9143,ＳＧホールディングス,2026-09-02,1472.0,1649.0,1675.0,1506.8,1565.12,1626940.0,1459.0,1462.5,1454.5,1460.0,138300.0,-0.8152173913043459,-0.8831521739130488,0.06854009595613775,-11.461491813220137,-12.835820895522387,14.726027397260278,1.5767131594905948,0.0850062079732504,True,False,False
9145,ビーイングホールディングス,2026-09-02,582.0,610.0,610.0,593.4,578.68,13920.0,566.0,579.0,566.0,579.0,300.0,-0.5154639175257714,-2.7491408934707917,2.29681978798586,-5.0819672131147575,-5.0819672131147575,5.354058721934374,0.0,0.021551724137931036,True,False,False
9147,ＮＩＰＰＯＮ　ＥＸＰＲＥＳＳホールディングス,2026-09-02,5590.0,5866.0,5866.0,5739.8,5513.28,1284560.0,5574.0,5580.0,5486.0,5543.0,72600.0,-0.8407871198568895,-0.2862254025044697,-0.556153570147111,-5.506307534947153,-5.506307534947153,5.827169402850441,0.0,0.05651740673849411,False,False,False
9158,シーユーシー,2026-09-02,750.0,766.0,825.0,740.8,740.32,30780.0,740.0,740.0,738.0,738.0,500.0,-1.6000000000000014,-1.3333333333333308,-0.2702702702702675,-3.6553524804177506,-10.545454545454547,11.788617886178866,7.702349869451708,0.016244314489928524,False,False,False
9159,Ｗ　ＴＯＫＹＯ,2026-09-02,1995.0,2068.0,2068.0,2020.8,1926.0,2440.0,1990.0,1990.0,1990.0,1990.0,100.0,-0.25062656641604564,-0.25062656641604564,0.0,-3.771760154738879,-3.771760154738879,3.9195979899497413,0.0,0.040983606557377046,False,False,False
9160,オンザページ,2026-09-02,328.0,336.0,336.0,326.4,317.24,22620.0,330.0,331.0,329.0,330.0,8200.0,0.6097560975609762,0.6097560975609762,0.0,-1.7857142857142905,-1.7857142857142905,1.8181818181818077,0.0,0.3625110521662246,False,False,False
9162,ブリーチ,2026-09-02,231.0,234.0,239.0,230.0,229.72,91500.0,226.0,226.0,226.0,226.0,3600.0,-2.164502164502169,-2.164502164502169,0.0,-3.4188034188034178,-5.4393305439330515,5.752212389380529,2.136752136752129,0.03934426229508197,False,False,False
9163,ナレルグループ,2026-09-02,2344.0,2426.0,2426.0,2397.6,2349.6,23260.0,2350.0,2354.0,2345.0,2352.0,1600.0,0.34129692832765013,0.25597269624573205,0.08510638297871687,-3.0502885408079106,-3.0502885408079106,3.1462585034013557,0.0,0.06878761822871883,True,False,False
9165,クオルテック,2026-09-02,1738.0,1790.0,1790.0,1732.2,1713.08,7900.0,1732.0,1732.0,1732.0,1732.0,100.0,-0.345224395857302,-0.345224395857302,0.0,-3.240223463687153,-3.240223463687153,3.3487297921477976,0.0,0.012658227848101266,False,False,False
9166,ＧＥＮＤＡ,2026-09-02,691.0,828.0,828.0,742.0,699.88,1569360.0,731.0,731.0,718.0,726.0,89600.0,5.065123010130246,5.788712011577424,-0.6839945280437743,-12.318840579710145,-12.318840579710145,14.049586776859503,0.0,0.057093337411428864,False,False,False
9168,ライズ・コンサルティング・グループ,2026-09-02,423.0,436.0,436.0,429.8,409.84,146460.0,421.0,427.0,421.0,426.0,8500.0,0.7092198581560183,-0.47281323877068626,1.187648456057011,-2.2935779816513735,-2.2935779816513735,2.3474178403755763,0.0,0.05803632391096545,True,False,False
9171,栗林商船,2026-09-02,1506.0,1750.0,1766.0,1507.8,1584.6,2240.0,1498.0,1498.0,1498.0,1498.0,100.0,-0.5312084993359889,-0.5312084993359889,0.0,-14.400000000000002,-15.175537938844851,17.890520694259003,0.9142857142857119,0.044642857142857144,False,False,False
9173,東海汽船,2026-09-02,2819.0,2885.0,2939.0,2816.4,2828.44,1300.0,2828.0,2828.0,2825.0,2825.0,200.0,0.21284143313231585,0.3192621496984849,-0.10608203677510142,-2.0797227036395194,-3.878870364069409,4.035398230088494,1.8717504332755652,0.15384615384615385,False,False,False
9193,東京汽船,2026-09-02,876.0,908.0,908.0,877.8,874.0,7180.0,883.0,883.0,883.0,883.0,700.0,0.7990867579908745,0.7990867579908745,0.0,-2.753303964757714,-2.753303964757714,2.8312570781426905,0.0,0.09749303621169916,False,False,False
9201,日本航空,2026-09-02,2927.0,3088.0,3088.0,3015.0,3014.04,1801000.0,2989.0,2997.0,2969.0,2988.0,543900.0,2.0840450973693248,2.1182097710966907,-0.033456005352960894,-3.2383419689119175,-3.2383419689119175,3.346720214190091,0.0,0.3019988895058301,False,False,False
92015,日本航空株式会社第１回社債型種類株式,2026-09-02,10190.0,10360.0,10360.0,10215.0,10251.2,4940.0,10180.0,10210.0,10170.0,10185.0,2400.0,-0.04906771344455052,-0.09813542688911214,0.04911591355598599,-1.6891891891891886,-1.6891891891891886,1.7182130584192379,0.0,0.48582995951417,True,False,False
9202,ＡＮＡホールディングス,2026-09-02,2943.0,3177.0,3221.0,3029.0,3084.8,2154340.0,2979.5,3004.0,2979.0,2998.0,297600.0,1.868841318382608,1.2402310567448227,0.6209095485819827,-5.634246144161159,-6.923315740453273,7.438292194796525,1.3849543594586011,0.13813975509900944,True,False,False
92025,ＡＮＡホールディングス第１回社債型種類株式,2026-09-02,4787.0,4810.0,4810.0,4771.0,4791.48,8200.0,4787.0,4787.0,4787.0,4787.0,600.0,0.0,0.0,0.0,-0.478170478170481,-0.478170478170481,0.48046793398788257,0.0,0.07317073170731707,False,False,False
9204,スカイマーク,2026-09-02,415.0,431.0,431.0,420.6,416.72,72940.0,417.0,419.0,416.0,418.0,9200.0,0.7228915662650603,0.48192771084336616,0.23980815347721673,-3.0162412993039456,-3.0162412993039456,3.1100478468899517,0.0,0.12613106663010692,True,False,False
9206,スターフライヤー,2026-09-02,1972.0,2000.0,2000.0,1983.4,1939.4,3800.0,1961.0,1961.0,1961.0,1961.0,400.0,-0.5578093306288001,-0.5578093306288001,0.0,-1.9499999999999962,-1.9499999999999962,1.988781234064252,0.0,0.10526315789473684,False,False,False
9211,エフ・コード,2026-09-02,1400.0,1620.0,1620.0,1473.6,1464.32,118500.0,1409.0,1419.0,1403.0,1415.0,7300.0,1.0714285714285676,0.642857142857145,0.42583392476933657,-12.654320987654321,-12.654320987654321,14.487632508833915,0.0,0.06160337552742616,True,False,False
9212,Ｇｒｅｅｎ　Ｅａｒｔｈ　Ｉｎｓｔｉｔｕｔｅ,2026-09-02,268.0,295.0,295.0,269.2,266.92,82700.0,265.0,270.0,265.0,270.0,800.0,0.746268656716409,-1.1194029850746245,1.8867924528301883,-8.47457627118644,-8.47457627118644,9.259259259259256,0.0,0.009673518742442563,True,False,False
9213,セイファート,2026-09-02,1058.0,1091.0,1091.0,1057.2,1046.84,8180.0,1018.0,1018.0,1018.0,1018.0,100.0,-3.7807183364839347,-3.7807183364839347,0.0,-6.691109074243817,-6.691109074243817,7.170923379174843,0.0,0.012224938875305624,False,False,False
9214,Ｒｅｃｏｖｅｒｙ　Ｉｎｔｅｒｎａｔｉｏｎａｌ,2026-09-02,1265.0,1312.0,1312.0,1277.6,1283.44,2460.0,,,,,,,,,,,,0.0,,False,False,False
9215,ＣａＳｙ,2026-09-02,995.0,998.0,998.0,984.0,952.96,3080.0,1011.0,1011.0,999.0,999.0,300.0,0.4020100502512669,1.6080402010050232,-1.1869436201780381,0.10020040080160886,0.10020040080160886,-0.10010010010009784,0.0,0.09740259740259741,False,True,True
9216,ビーウィズ,2026-09-02,1660.0,1730.0,1730.0,1698.0,1660.52,18380.0,1650.0,1658.0,1643.0,1644.0,6100.0,-0.9638554216867434,-0.6024096385542133,-0.363636363636366,-4.971098265895957,-4.971098265895957,5.231143552311446,0.0,0.33188248095756256,False,False,False
9218,メンタルヘルステクノロジーズ,2026-09-02,776.0,797.0,797.0,788.0,761.6,31000.0,776.0,776.0,772.0,774.0,2300.0,-0.2577319587628857,0.0,-0.2577319587628857,-2.885821831869506,-2.885821831869506,2.9715762273901714,0.0,0.07419354838709677,False,False,False
9219,ギックス,2026-09-02,903.0,904.0,904.0,892.0,883.04,13480.0,900.0,900.0,900.0,900.0,100.0,-0.33222591362126463,-0.33222591362126463,0.0,-0.4424778761061954,-0.4424778761061954,0.4444444444444473,0.0,0.00741839762611276,False,False,False
9220,エフビー介護サービス,2026-09-02,1295.0,1325.0,1325.0,1283.2,1246.76,1480.0,1291.0,1291.0,1291.0,1291.0,100.0,-0.3088803088803105,-0.3088803088803105,0.0,-2.5660377358490583,-2.5660377358490583,2.6336173508907823,0.0,0.06756756756756757,False,False,False
9221,フルハシＥＰＯ,2026-09-02,1185.0,1255.0,1275.0,1172.6,1191.68,40500.0,1191.0,1203.0,1191.0,1198.0,23600.0,1.0970464135021007,0.5063291139240533,0.5877413937867448,-4.54183266932271,-6.039215686274513,6.427378964941566,1.5936254980079667,0.582716049382716,True,False,False
9223,ＡＳＮＯＶＡ,2026-09-02,432.0,457.0,459.0,448.6,444.08,11120.0,430.0,430.0,430.0,430.0,1100.0,-0.462962962962965,-0.462962962962965,0.0,-5.908096280087527,-6.3180827886710205,6.7441860465116354,0.4376367614879584,0.09892086330935251,False,False,False
9225,ブリッジコンサルティンググループ,2026-09-02,973.0,999.0,999.0,975.4,973.44,500.0,974.0,974.0,974.0,974.0,600.0,0.10277492291881352,0.10277492291881352,0.0,-2.5025025025025016,-2.5025025025025016,2.566735112936347,0.0,1.2,False,False,False
9227,マイクロ波化学,2026-09-02,850.0,1015.0,1041.0,922.2,909.84,202020.0,844.0,849.0,840.0,844.0,15600.0,-0.7058823529411784,-0.7058823529411784,0.0,-16.847290640394085,-18.92411143131604,23.341232227488163,2.5615763546797954,0.07722007722007722,False,False,False
9229,サンウェルズ,2026-09-02,114.0,126.0,144.0,115.8,116.6,174740.0,113.0,116.0,113.0,115.0,6600.0,0.8771929824561431,-0.8771929824561431,1.7699115044247815,-8.730158730158733,-20.138888888888886,25.217391304347835,14.28571428571428,0.037770401739727594,True,False,False
9233,アジア航測,2026-09-02,1165.0,1184.0,1184.0,1164.8,1145.96,9800.0,1160.0,1160.0,1156.0,1156.0,1000.0,-0.7725321888412018,-0.42918454935622075,-0.34482758620689724,-2.3648648648648685,-2.3648648648648685,2.422145328719716,0.0,0.10204081632653061,False,False,False
9235,売れるネット広告社グループ,2026-09-02,478.0,513.0,520.0,489.4,495.68,26000.0,470.0,474.0,470.0,474.0,2700.0,-0.8368200836820106,-1.673640167364021,0.8510638297872353,-7.602339181286554,-8.846153846153848,9.704641350210963,1.3645224171539905,0.10384615384615385,True,False,False
9236,ジャパンＭ＆Ａソリューション,2026-09-02,1420.0,1444.0,1444.0,1424.2,1282.88,8100.0,1433.0,1433.0,1433.0,1433.0,100.0,0.9154929577464888,0.9154929577464888,0.0,-0.7617728531855938,-0.7617728531855938,0.7676203768318235,0.0,0.012345679012345678,False,False,False
9237,笑美面,2026-09-02,959.0,999.0,999.0,971.0,886.68,9240.0,951.0,951.0,940.0,940.0,1200.0,-1.9812304483837306,-0.8342022940563076,-1.1566771819137789,-5.905905905905906,-5.905905905905906,6.276595744680846,0.0,0.12987012987012986,False,False,False
9238,バリュークリエーション,2026-09-02,388.0,466.0,528.0,389.4,398.8,5620.0,384.0,384.0,384.0,384.0,500.0,-1.0309278350515427,-1.0309278350515427,0.0,-17.59656652360515,-27.27272727272727,37.5,13.30472103004292,0.08896797153024912,False,False,False
9240,デリバリーコンサルティング,2026-09-02,418.0,460.0,460.0,429.8,416.44,9680.0,414.0,414.0,414.0,414.0,600.0,-0.9569377990430672,-0.9569377990430672,0.0,-9.999999999999998,-9.999999999999998,11.111111111111116,0.0,0.06198347107438017,False,False,False
9241,フューチャーリンクネットワーク,2026-09-02,1252.0,1549.0,1549.0,1297.0,1433.24,5020.0,1240.0,1240.0,1233.0,1233.0,300.0,-1.5175718849840258,-0.9584664536741228,-0.5645161290322553,-20.40025823111685,-20.40025823111685,25.628548256285487,0.0,0.05976095617529881,False,False,False
9242,メディア総研,2026-09-02,1925.0,1945.0,2027.0,1935.6,1887.6,980.0,1921.0,1921.0,1921.0,1921.0,1300.0,-0.2077922077922123,-0.2077922077922123,0.0,-1.2339331619537264,-5.229403058707449,5.517959396147831,4.215938303341904,1.3265306122448979,False,False,False
9244,デジタリフト,2026-09-02,1438.0,1488.0,1488.0,1402.4,1298.92,7500.0,1427.0,1427.0,1427.0,1427.0,100.0,-0.76495132127955,-0.76495132127955,0.0,-4.0994623655914,-4.0994623655914,4.274702172389633,0.0,0.013333333333333334,False,False,False
9245,リベロ,2026-09-02,1961.0,2150.0,2150.0,1958.8,2033.2,6000.0,1961.0,1961.0,1961.0,1961.0,300.0,0.0,0.0,0.0,-8.790697674418603,-8.790697674418603,9.637939826619068,0.0,0.05,False,False,False
9246,プロジェクトホールディングス,2026-09-02,1127.0,1139.0,1139.0,1115.8,1091.08,2100.0,1127.0,1127.0,1127.0,1127.0,300.0,0.0,0.0,0.0,-1.0535557506584747,-1.0535557506584747,1.0647737355811815,0.0,0.14285714285714285,False,False,False
9247,ＴＲＥホールディングス,2026-09-02,1800.0,2115.0,2195.0,1906.6,1970.6,294140.0,1774.0,1781.0,1766.0,1771.0,24400.0,-1.6111111111111076,-1.4444444444444482,-0.16910935738444488,-16.264775413711586,-19.316628701594528,23.94127611518917,3.78250591016549,0.08295369551914054,False,False,False
9248,人・夢・技術グループ,2026-09-02,1715.0,1799.0,1799.0,1742.0,1658.12,22320.0,1718.0,1718.0,1698.0,1704.0,4100.0,-0.641399416909616,0.1749271137026165,-0.8149010477299212,-5.280711506392444,-5.280711506392444,5.575117370892024,0.0,0.18369175627240145,False,False,False
9249,日本エコシステム,2026-09-02,1672.0,1678.0,1678.0,1667.8,1650.32,5540.0,1675.0,1675.0,1675.0,1675.0,300.0,0.17942583732057926,0.17942583732057926,0.0,-0.17878426698451078,-0.17878426698451078,0.1791044776119355,0.0,0.05415162454873646,False,False,False
9250,ＧＲＣＳ,2026-09-02,990.0,990.0,990.0,972.8,911.2,660.0,990.0,990.0,990.0,990.0,100.0,0.0,0.0,0.0,0.0,0.0,0.0,0.0,0.15151515151515152,False,False,False
9251,ＡＢ＆Ｃｏｍｐａｎｙ,2026-09-02,1556.0,1600.0,1600.0,1572.0,1454.16,38360.0,1569.0,1569.0,1556.0,1557.0,3300.0,0.06426735218509894,0.8354755784061751,-0.7648183556405397,-2.6874999999999982,-2.6874999999999982,2.7617212588310958,0.0,0.08602711157455684,False,False,False
9252,ラストワンマイル,2026-09-02,3960.0,3965.0,3965.0,3887.0,3823.8,10200.0,3945.0,3945.0,3945.0,3945.0,100.0,-0.37878787878787845,-0.37878787878787845,0.0,-0.5044136191677207,-0.5044136191677207,0.5069708491761693,0.0,0.00980392156862745,False,False,False
9254,ラバブルマーケティンググループ,2026-09-02,1103.0,1178.0,1178.0,1111.0,1135.48,3100.0,1103.0,1103.0,1103.0,1103.0,100.0,0.0,0.0,0.0,-6.366723259762308,-6.366723259762308,6.799637352674526,0.0,0.03225806451612903,False,False,False
9256,サクシード,2026-09-02,1071.0,1410.0,4100.0,1163.4,1232.04,60940.0,1025.0,1037.0,1025.0,1030.0,4200.0,-3.828197945845002,-4.295051353874879,0.4878048780487809,-26.95035460992907,-74.8780487804878,298.05825242718447,190.78014184397162,0.06892024942566459,True,False,False
9258,ＣＳ－Ｃ,2026-09-02,312.0,345.0,359.0,310.8,312.68,10420.0,310.0,310.0,305.0,308.0,700.0,-1.2820512820512775,-0.6410256410256387,-0.6451612903225823,-10.724637681159422,-14.206128133704732,16.55844155844155,4.057971014492745,0.0671785028790787,False,False,False
9259,タカヨシホールディングス,2026-09-02,852.0,895.0,910.0,847.6,856.0,11480.0,845.0,853.0,845.0,853.0,1300.0,0.11737089201877549,-0.8215962441314506,0.946745562130169,-4.692737430167593,-6.263736263736264,6.682297772567414,1.6759776536312776,0.1132404181184669,True,False,False
9262,シルバーライフ,2026-09-02,683.0,707.0,707.0,690.4,671.92,16720.0,680.0,684.0,680.0,680.0,3400.0,-0.43923865300146137,-0.43923865300146137,0.0,-3.8189533239038176,-3.8189533239038176,3.9705882352941257,0.0,0.20334928229665072,False,False,False
9264,ポエック,2026-09-02,1630.0,1780.0,1780.0,1654.6,1726.4,67960.0,1603.0,1603.0,1595.0,1600.0,5200.0,-1.8404907975460127,-1.6564417177914126,-0.18714909544603753,-10.1123595505618,-10.1123595505618,11.250000000000004,0.0,0.07651559741024132,False,False,False
9267,Ｇｅｎｋｙ　ＤｒｕｇＳｔｏｒｅｓ,2026-09-02,3575.0,3800.0,4185.0,3629.0,3654.4,80600.0,3540.0,3560.0,3540.0,3555.0,6500.0,-0.5594405594405605,-0.9790209790209836,0.4237288135593209,-6.447368421052635,-15.053763440860212,17.721518987341778,10.131578947368425,0.08064516129032258,True,False,False
9268,オプティマスグループ,2026-09-02,416.0,448.0,448.0,426.4,425.12,209420.0,413.0,413.0,408.0,409.0,36900.0,-1.6826923076923128,-0.7211538461538436,-0.9685230024213065,-8.705357142857139,-8.705357142857139,9.53545232273838,0.0,0.1762009359182504,False,False,False
9270,バリュエンスホールディングス,2026-09-02,2000.0,2214.0,2214.0,2052.0,2011.52,73760.0,2022.0,2037.0,2021.0,2037.0,3800.0,1.849999999999996,1.0999999999999899,0.7418397626112849,-7.994579945799463,-7.994579945799463,8.689248895434453,0.0,0.05151843817787419,True,False,False
9271,和心,2026-09-02,967.0,1164.0,1164.0,988.8,1012.32,10180.0,975.0,981.0,974.0,981.0,1800.0,1.4477766287487093,0.8273009307135482,0.6153846153846176,-15.721649484536082,-15.721649484536082,18.654434250764517,0.0,0.17681728880157171,True,False,False
9272,ブティックス,2026-09-02,1436.0,1533.0,1564.0,1449.8,1438.52,10160.0,1433.0,1444.0,1433.0,1444.0,2000.0,0.557103064066844,-0.20891364902506648,0.7676203768318235,-5.8056099151989615,-7.672634271099743,8.310249307479234,2.022178734507496,0.1968503937007874,True,False,False
9273,コーア商事ホールディングス,2026-09-02,763.0,790.0,796.0,763.4,772.48,47060.0,761.0,763.0,758.0,758.0,26200.0,-0.6553079947575369,-0.2621231979030192,-0.3942181340341633,-4.0506329113924044,-4.773869346733672,5.013192612137196,0.75949367088608,0.5567360815979601,False,False,False
9274,ＫＰＰグループホールディングス,2026-09-02,1085.0,1137.0,1137.0,1099.6,1100.44,232080.0,1099.0,1107.0,1089.0,1094.0,73200.0,0.8294930875575979,1.2903225806451646,-0.45495905368516665,-3.781882145998239,-3.781882145998239,3.9305301645338186,0.0,0.3154084798345398,False,False,False
9278,ブックオフグループホールディングス,2026-09-02,2939.0,3160.0,3160.0,3050.8,2914.36,119480.0,2940.0,2940.0,2877.0,2905.0,10100.0,-1.1568560734943834,0.03402517863217991,-1.1904761904761862,-8.069620253164555,-8.069620253164555,8.777969018932886,0.0,0.08453297623033143,False,False,False
9279,ギフトホールディングス,2026-09-02,2401.0,2740.0,2740.0,2460.4,2572.88,240840.0,2328.0,2338.0,2308.0,2338.0,48700.0,-2.6239067055393583,-3.0403998334027516,0.42955326460480947,-14.67153284671533,-14.67153284671533,17.194183062446534,0.0,0.2022089353927919,True,False,False
9301,三菱倉庫,2026-09-02,1513.0,1560.0,1651.5,1524.3,1521.82,917100.0,1535.0,1543.5,1522.0,1526.0,101300.0,0.8592200925313875,1.4540647719762045,-0.5863192182410382,-2.179487179487183,-7.599152285800792,8.224115334207083,5.865384615384617,0.1104568749318504,False,False,False
9302,三井倉庫ホールディングス,2026-09-02,3310.0,3400.0,3784.0,3342.0,3368.88,254080.0,3322.0,3335.0,3304.0,3329.0,19600.0,0.5740181268882205,0.3625377643504457,0.21071643588199684,-2.0882352941176463,-12.02431289640592,13.667768098528077,11.294117647058833,0.07714105793450882,True,False,False
9303,住友倉庫,2026-09-02,4220.0,4285.0,4285.0,4234.0,4127.0,89040.0,4160.0,4165.0,4130.0,4130.0,11800.0,-2.1327014218009532,-1.4218009478673022,-0.7211538461538436,-3.617269544924151,-3.617269544924151,3.7530266343825724,0.0,0.13252470799640612,False,False,False
9304,澁澤倉庫,2026-09-02,2066.0,2184.0,2184.0,2122.4,1965.72,269960.0,2083.0,2083.0,2035.0,2047.0,15200.0,-0.9196515004840311,0.8228460793804349,-1.728276524243877,-6.272893772893773,-6.272893772893773,6.692721055202733,0.0,0.05630463772410727,False,False,False
9305,ヤマタネ,2026-09-02,2061.0,2156.0,2195.0,2082.6,2084.88,63360.0,2058.0,2058.0,2051.0,2056.0,10400.0,-0.24260067928190132,-0.14556040756914523,-0.09718172983479434,-4.638218923933213,-6.332574031890658,6.7607003891050566,1.8089053803339583,0.16414141414141414,False,False,False
9306,東陽倉庫,2026-09-02,2011.0,2054.0,2077.0,2008.2,2007.24,5840.0,2005.0,2021.0,2005.0,2010.0,600.0,-0.04972650422675473,-0.2983590253605173,0.24937655860348684,-2.142161635832518,-3.2258064516129004,3.3333333333333437,1.1197663096397248,0.10273972602739725,True,False,False
9307,杉村倉庫,2026-09-02,988.0,1002.0,1058.0,995.6,988.52,4060.0,972.0,981.0,972.0,973.0,600.0,-1.5182186234817818,-1.619433198380571,0.10288065843622185,-2.894211576846306,-8.034026465028354,8.73586844809866,5.588822355289413,0.1477832512315271,True,False,False
9308,乾汽船,2026-09-02,2134.0,2180.0,2180.0,2142.2,2046.92,100360.0,2118.0,2118.0,2087.0,2094.0,8800.0,-1.8744142455482615,-0.7497656982193068,-1.1331444759206777,-3.94495412844037,-3.94495412844037,4.106972301814715,0.0,0.0876843363889996,False,False,False
9310,日本トランスシティ,2026-09-02,1407.0,1479.0,1479.0,1420.0,1401.6,112980.0,1399.0,1411.0,1399.0,1403.0,5900.0,-0.2842928216062579,-0.5685856432125047,0.2859185132237263,-5.138607167004738,-5.138607167004738,5.41696364932287,0.0,0.052221632147282704,True,False,False
9312,ケイヒン,2026-09-02,2853.0,2930.0,2934.0,2869.0,2851.96,5300.0,2860.0,2860.0,2860.0,2860.0,200.0,0.2453557658604888,0.2453557658604888,0.0,-2.3890784982935176,-2.522154055896386,2.5874125874125964,0.13651877133105117,0.03773584905660377,False,False,False
9313,丸八倉庫,2026-09-02,1046.0,1068.0,1110.0,1057.0,1052.64,460.0,1035.0,1035.0,1035.0,1035.0,200.0,-1.051625239005738,-1.051625239005738,0.0,-3.08988764044944,-6.756756756756754,7.246376811594213,3.93258426966292,0.43478260869565216,False,False,False
9319,中央倉庫,2026-09-02,1820.0,1895.0,1895.0,1829.0,1800.04,19880.0,1807.0,1820.0,1806.0,1820.0,2700.0,0.0,-0.7142857142857117,0.7194244604316502,-3.95778364116095,-3.95778364116095,4.120879120879128,0.0,0.1358148893360161,True,False,False
9322,川西倉庫,2026-09-02,2550.0,2550.0,2550.0,2520.2,2457.92,8220.0,2497.0,2497.0,2451.0,2452.0,15500.0,-3.8431372549019627,-2.0784313725490167,-1.8021625951141318,-3.8431372549019627,-3.8431372549019627,3.9967373572593834,0.0,1.8856447688564477,False,False,False
9324,安田倉庫,2026-09-02,2516.0,2607.0,2619.0,2532.0,2530.8,90400.0,2518.0,2518.0,2493.0,2497.0,4800.0,-0.7551669316375187,0.07949125596184992,-0.8339952343129453,-4.2194092827004255,-4.658266513936615,4.885863035642779,0.4602991944764101,0.05309734513274336,False,False,False
9325,ファイズホールディングス,2026-09-02,1072.0,1122.0,1155.0,1090.8,1088.52,8600.0,1069.0,1069.0,1063.0,1063.0,5300.0,-0.839552238805974,-0.2798507462686617,-0.5612722170252549,-5.2584670231729085,-7.965367965367964,8.65475070555033,2.941176470588225,0.6162790697674418,False,False,False
9326,関通ホールディングス,2026-09-02,491.0,502.0,513.0,494.6,496.96,14020.0,490.0,490.0,489.0,490.0,900.0,-0.20366598778004397,-0.20366598778004397,0.0,-2.39043824701195,-4.483430799220278,4.693877551020398,2.1912350597609542,0.06419400855920114,False,False,False
9327,イー・ロジット,2026-09-02,189.0,205.0,205.0,189.4,189.64,15720.0,188.0,191.0,188.0,191.0,2700.0,1.0582010582010692,-0.5291005291005346,1.5957446808510634,-6.829268292682922,-6.829268292682922,7.329842931937169,0.0,0.1717557251908397,True,False,False
9330,揚羽,2026-09-02,883.0,883.0,883.0,881.2,873.48,960.0,887.0,887.0,883.0,883.0,200.0,0.0,0.45300113250283935,-0.450958286358516,0.0,0.0,0.0,0.0,0.20833333333333334,False,False,False
9331,キャスター,2026-09-02,720.0,761.0,761.0,734.6,739.0,600.0,720.0,722.0,707.0,722.0,600.0,0.2777777777777768,0.0,0.2777777777777768,-5.124835742444156,-5.124835742444156,5.4016620498615,0.0,1.0,True,False,False
9332,ＮＩＳＳＯホールディングス,2026-09-02,682.0,693.0,693.0,686.6,650.0,113080.0,684.0,684.0,679.0,680.0,9100.0,-0.2932551319648091,0.2932551319648091,-0.5847953216374324,-1.8759018759018753,-1.8759018759018753,1.9117647058823461,0.0,0.08047400070746374,False,False,False
9336,大栄環境,2026-09-02,3690.0,3980.0,3980.0,3866.0,3772.4,197000.0,3770.0,3825.0,3765.0,3785.0,25700.0,2.57452574525745,2.1680216802167918,0.3978779840848823,-4.899497487437188,-4.899497487437188,5.151915455746359,0.0,0.1304568527918782,True,False,False
9337,トリドリ,2026-09-02,1417.0,1798.0,1798.0,1473.8,1532.44,34300.0,1438.0,1450.0,1438.0,1439.0,3800.0,1.552575864502459,1.4820042342978068,0.06954102920724292,-19.966629588431594,-19.966629588431594,24.947880472550388,0.0,0.11078717201166181,True,False,False
9339,コーチ・エィ,2026-09-02,1437.0,1445.0,1445.0,1429.2,1409.4,640.0,1430.0,1430.0,1430.0,1430.0,300.0,-0.4871259568545616,-0.4871259568545616,0.0,-1.038062283737029,-1.038062283737029,1.0489510489510412,0.0,0.46875,False,False,False
9340,アソインターナショナル,2026-09-02,765.0,777.0,777.0,760.6,721.2,30560.0,765.0,765.0,762.0,762.0,1600.0,-0.39215686274509665,0.0,-0.39215686274509665,-1.9305019305019266,-1.9305019305019266,1.9685039370078705,0.0,0.05235602094240838,False,False,False
9341,ＧＥＮＯＶＡ,2026-09-02,625.0,675.0,675.0,647.4,629.84,125500.0,629.0,629.0,622.0,623.0,12000.0,-0.31999999999999806,0.6399999999999961,-0.9538950715421324,-7.7037037037037015,-7.7037037037037015,8.34670947030498,0.0,0.09561752988047809,False,False,False
9342,スマサポ,2026-09-02,979.0,995.0,995.0,987.2,937.12,2260.0,943.0,943.0,943.0,943.0,700.0,-3.6772216547497405,-3.6772216547497405,0.0,-5.2261306532663365,-5.2261306532663365,5.51431601272534,0.0,0.30973451327433627,False,False,False
9343,アイビス,2026-09-02,790.0,851.0,851.0,816.8,784.12,122440.0,815.0,817.0,810.0,811.0,2700.0,2.658227848101258,3.164556962025311,-0.4907975460122671,-4.700352526439477,-4.700352526439477,4.932182490752157,0.0,0.022051617118588697,False,False,False
9344,アクシスコンサルティング,2026-09-02,1320.0,1418.0,1418.0,1315.0,1119.76,19260.0,1336.0,1337.0,1335.0,1337.0,2600.0,1.2878787878787934,1.21212121212122,0.07485029940119681,-5.7122708039492265,-5.7122708039492265,6.058339566192972,0.0,0.13499480789200416,True,False,False
9345,ビズメイツ,2026-09-02,586.0,635.0,660.0,590.8,614.68,2460.0,588.0,591.0,588.0,591.0,200.0,0.8532423208191142,0.34129692832765013,0.5102040816326481,-6.929133858267722,-10.45454545454545,11.675126903553302,3.937007874015741,0.08130081300813008,True,False,False
9346,ココルポート,2026-09-02,1919.0,1930.0,1930.0,1870.4,1763.6,8500.0,1900.0,1906.0,1900.0,1905.0,1300.0,-0.7295466388744121,-0.990099009900991,0.2631578947368318,-1.2953367875647714,-1.2953367875647714,1.3123359580052396,0.0,0.15294117647058825,True,False,False
9347,日本管財ホールディングス,2026-09-02,2873.0,2947.0,2947.0,2894.4,2841.04,105840.0,2855.0,2871.0,2852.0,2866.0,30700.0,-0.2436477549599747,-0.6265227984684985,0.3852889667250503,-2.748557855446221,-2.748557855446221,2.826238660153524,0.0,0.2900604686318972,True,False,False
9348,ｉｓｐａｃｅ,2026-09-02,417.0,446.0,446.0,427.2,421.48,598000.0,419.0,419.0,413.0,416.0,166000.0,-0.23980815347721673,0.47961630695443347,-0.7159904534606243,-6.726457399103136,-6.726457399103136,7.211538461538458,0.0,0.27759197324414714,False,False,False
9351,東洋埠頭,2026-09-02,1943.0,1943.0,1943.0,1918.2,1868.6,2920.0,1937.0,1937.0,1937.0,1937.0,700.0,-0.30880082346885773,-0.30880082346885773,0.0,-0.30880082346885773,-0.30880082346885773,0.30975735673721694,0.0,0.23972602739726026,False,False,False
9353,櫻島埠頭,2026-09-02,2973.0,3000.0,3085.0,2978.2,2921.92,600.0,3010.0,3010.0,3010.0,3010.0,200.0,1.2445341405987298,1.2445341405987298,0.0,0.33333333333334103,-2.4311183144246407,2.491694352159479,2.833333333333332,0.3333333333333333,False,True,False
9355,リンコーコーポレーション,2026-09-02,2218.0,2300.0,2313.0,2237.0,2233.92,440.0,2200.0,2200.0,2200.0,2200.0,200.0,-0.8115419296663706,-0.8115419296663706,0.0,-4.347826086956519,-4.885430177258976,5.136363636363628,0.5652173913043512,0.45454545454545453,False,False,False
9360,鈴与シンワート,2026-09-02,2753.0,2989.0,2997.0,2764.8,2826.72,1340.0,2745.0,2745.0,2741.0,2741.0,300.0,-0.43588812204867766,-0.2905920813657814,-0.1457194899817882,-8.297089327534291,-8.541875208541871,9.339657059467354,0.26764804282368715,0.22388059701492538,False,False,False
9363,大運,2026-09-02,527.0,555.0,555.0,535.0,536.88,17980.0,527.0,533.0,521.0,524.0,8400.0,-0.5692599620493399,0.0,-0.5692599620493399,-5.585585585585584,-5.585585585585584,5.916030534351147,0.0,0.4671857619577308,False,False,False
9364,上組,2026-09-02,4844.0,5075.0,5312.0,4871.4,4973.24,267660.0,4863.0,4867.0,4844.0,4862.0,30600.0,0.37159372419488523,0.3922378199834764,-0.020563438206866458,-4.197044334975375,-8.471385542168674,9.25545043192102,4.669950738916251,0.11432414256893074,False,False,False
9365,トレーディア,2026-09-02,1650.0,1674.0,1715.0,1624.2,1645.28,560.0,1648.0,1648.0,1648.0,1648.0,200.0,-0.12121212121212199,-0.12121212121212199,0.0,-1.5531660692950977,-3.9067055393586014,4.065533980582514,2.4492234169653626,0.35714285714285715,False,False,False
9366,サンリツ,2026-09-02,1120.0,1150.0,1150.0,1107.6,1078.2,7600.0,1115.0,1115.0,1115.0,1115.0,300.0,-0.44642857142856984,-0.44642857142856984,0.0,-3.04347826086957,-3.04347826086957,3.1390134529148073,0.0,0.039473684210526314,False,False,False
9367,大東港運,2026-09-02,2080.0,2089.0,2089.0,2074.2,1979.68,1640.0,2054.0,2054.0,2054.0,2054.0,200.0,-1.2499999999999956,-1.2499999999999956,0.0,-1.6754427955959827,-1.6754427955959827,1.7039922103213145,0.0,0.12195121951219512,False,False,False
9368,キムラユニティー,2026-09-02,958.0,959.0,959.0,949.6,927.4,19680.0,959.0,959.0,957.0,957.0,3500.0,-0.10438413361169019,0.10438413361169019,-0.2085505735140769,-0.2085505735140769,-0.2085505735140769,0.2089864158829613,0.0,0.17784552845528456,False,False,False
9369,キユーソー流通システム,2026-09-02,3065.0,3245.0,3245.0,3142.0,3046.08,40620.0,3010.0,3010.0,2994.0,3000.0,2200.0,-2.1207177814029365,-1.7944535073409429,-0.33222591362126463,-7.550077041602465,-7.550077041602465,8.166666666666679,0.0,0.05416051206302314,False,False,False
9376,ユーラシア旅行社,2026-09-02,825.0,843.0,843.0,834.2,815.88,3900.0,825.0,833.0,825.0,833.0,800.0,0.9696969696969759,0.0,0.9696969696969759,-1.1862396204033177,-1.1862396204033177,1.200480192076836,0.0,0.20512820512820512,True,False,False
9380,東海運,2026-09-02,437.0,440.0,440.0,437.6,428.96,10300.0,436.0,436.0,436.0,436.0,1100.0,-0.22883295194507935,-0.22883295194507935,0.0,-0.9090909090909038,-0.9090909090909038,0.917431192660545,0.0,0.10679611650485436,False,False,False
9381,エーアイテイー,2026-09-02,2309.0,2397.0,2397.0,2346.6,2339.04,50120.0,2310.0,2322.0,2309.0,2315.0,3300.0,0.25985275010826925,0.04330879168470414,0.21645021645022577,-3.420942845223196,-3.420942845223196,3.542116630669545,0.0,0.06584197924980048,True,False,False
9385,ショーエイコーポレーション,2026-09-02,750.0,777.0,794.0,758.8,756.92,5180.0,750.0,750.0,750.0,750.0,500.0,0.0,0.0,0.0,-3.474903474903479,-5.5415617128463435,5.8666666666666645,2.187902187902191,0.09652509652509653,False,False,False
9401,ＴＢＳホールディングス,2026-09-02,5936.0,6102.0,6369.0,5952.4,5921.08,341380.0,5929.0,5985.0,5922.0,5974.0,28500.0,0.6401617250673786,-0.1179245283018826,0.75898127846179,-2.0976728941330736,-6.201915528340396,6.611985269501175,4.375614552605711,0.08348467982892964,True,False,False
9404,日本テレビホールディングス,2026-09-02,3014.0,3093.0,3103.0,3034.8,2950.66,372540.0,3032.0,3047.0,3011.0,3037.0,85700.0,0.7631055076310567,0.5972130059721303,0.16490765171504052,-1.8105399288716462,-2.126973896229456,2.1731972341126005,0.3233107015842229,0.2300424115531218,True,False,False
9405,朝日放送グループホールディングス,2026-09-02,874.0,891.0,891.0,868.2,834.12,78240.0,875.0,879.0,875.0,879.0,28200.0,0.5720823798627039,0.11441647597254523,0.45714285714286707,-1.3468013468013518,-1.3468013468013518,1.3651877133105783,0.0,0.3604294478527607,True,False,False
9409,テレビ朝日ホールディングス,2026-09-02,3135.0,3180.0,3285.0,3136.0,3102.2,172880.0,3105.0,3125.0,3080.0,3100.0,58100.0,-1.1164274322169043,-0.9569377990430672,-0.16103059581320522,-2.515723270440251,-5.631659056316596,5.967741935483861,3.301886792452824,0.3360712633040259,False,False,False
9412,スカパーＪＳＡＴ,2026-09-02,2000.0,2500.0,2500.0,2099.6,2219.4,2468660.0,1991.0,2010.0,1987.0,2009.0,257500.0,0.44999999999999485,-0.44999999999999485,0.9040683073832323,-19.64,-19.64,24.440019910403187,0.0,0.10430760007453437,True,False,False
9413,テレビ東京ホールディングス,2026-09-02,3425.0,3525.0,3715.0,3453.0,3422.0,54860.0,3425.0,3435.0,3415.0,3430.0,7500.0,0.14598540145984717,0.0,0.14598540145984717,-2.6950354609929117,-7.671601615074019,8.309037900874628,5.390070921985823,0.13671162960262487,True,False,False
9414,日本ＢＳ放送,2026-09-02,902.0,932.0,932.0,907.8,918.84,82900.0,903.0,906.0,903.0,906.0,5200.0,0.44345898004434225,0.11086474501109667,0.33222591362125353,-2.7896995708154515,-2.7896995708154515,2.8697571743929284,0.0,0.06272617611580217,True,False,False
9416,ビジョン,2026-09-02,1048.0,1072.0,1072.0,1053.2,1042.12,273240.0,1034.0,1038.0,1032.0,1038.0,19500.0,-0.9541984732824416,-1.3358778625954248,0.3868471953578423,-3.171641791044777,-3.171641791044777,3.2755298651252485,0.0,0.07136583223539746,True,False,False
9417,スマートバリュー,2026-09-02,345.0,367.0,367.0,337.4,338.24,4860.0,337.0,337.0,337.0,337.0,6100.0,-2.3188405797101463,-2.3188405797101463,0.0,-8.174386920980925,-8.174386920980925,8.902077151335309,0.0,1.2551440329218106,False,False,False
9418,Ｕ－ＮＥＸＴ　ＨＯＬＤＩＮＧＳ,2026-09-02,1725.0,1794.0,1811.0,1728.0,1735.28,1237000.0,1722.0,1734.0,1720.0,1730.0,41900.0,0.28985507246377384,-0.17391304347825765,0.4645760743321681,-3.5674470457079166,-4.472667034787414,4.682080924855492,0.9476031215161607,0.03387227162489895,True,False,False
9419,ワイヤレスゲート,2026-09-02,292.0,301.0,301.0,292.8,290.92,11200.0,298.0,298.0,296.0,296.0,800.0,1.3698630136986356,2.0547945205479534,-0.6711409395973145,-1.661129568106312,-1.661129568106312,1.6891891891891886,0.0,0.07142857142857142,False,False,False
9421,エヌジェイホールディングス,2026-09-02,513.0,513.0,513.0,510.4,505.08,1520.0,512.0,512.0,512.0,512.0,200.0,-0.19493177387914784,-0.19493177387914784,0.0,-0.19493177387914784,-0.19493177387914784,0.1953125,0.0,0.13157894736842105,False,False,False
9423,フォーバル・リアルストレート,2026-09-02,103.0,107.0,107.0,104.8,104.52,109480.0,104.0,104.0,104.0,104.0,65600.0,0.9708737864077666,0.9708737864077666,0.0,-2.8037383177570097,-2.8037383177570097,2.8846153846153744,0.0,0.5991962002192182,False,False,False
9424,日本通信,2026-09-02,117.0,120.0,120.0,117.2,114.64,1980120.0,116.0,117.0,116.0,117.0,864800.0,0.0,-0.8547008547008517,0.8620689655172376,-2.500000000000002,-2.500000000000002,2.564102564102555,0.0,0.4367412076035796,True,False,False
9425,ＲｅＹｕｕ　Ｊａｐａｎ,2026-09-02,257.0,309.0,309.0,269.0,219.68,3147640.0,262.0,262.0,249.0,249.0,124900.0,-3.11284046692607,1.9455252918287869,-4.961832061068705,-19.417475728155342,-19.417475728155342,24.096385542168687,0.0,0.03968052255022811,False,False,False
9428,クロップス,2026-09-02,1478.0,1589.0,1589.0,1481.2,1436.24,1080.0,1472.0,1486.0,1472.0,1486.0,1100.0,0.5412719891745521,-0.4059539918809252,0.9510869565217295,-6.482064191315295,-6.482064191315295,6.931359353970401,0.0,1.0185185185185186,True,False,False
9432,ＮＴＴ,2026-09-02,175.1999969482422,175.8000030517578,175.8000030517578,172.02000122070314,162.17199890136715,236962840.0,173.1999969482422,173.5,171.60000610351562,171.89999389648438,34576400.0,-1.8835634185157546,-1.1415525312998942,-0.7505791424155084,-2.21843520339714,-2.21843520339714,2.26876631398949,0.0,0.14591486158758057,False,False,False
9433,ＫＤＤＩ,2026-09-02,2986.0,3017.0,3121.0,2951.0,2908.36,9745420.0,2971.0,2988.5,2957.5,2980.0,1347700.0,-0.20093770931011168,-0.5023442732752792,0.30292830696734274,-1.226383824991717,-4.517782761935274,4.731543624161083,3.447132913490214,0.13829060214952255,True,False,False
9434,ソフトバンク,2026-09-02,241.3000030517578,242.6000061035156,242.6000061035156,238.94000244140625,233.16799926757807,68583220.0,237.60000610351562,238.8000030517578,237.3000030517578,238.39999389648438,7263900.0,-1.2018272352244397,-1.5333596773509206,0.3366951904118398,-1.7312498356818251,-1.7312498356818251,1.7617501319462825,0.0,0.10591366226316,True,False,False
94345,ソフトバンク第１回社債型種類株式,2026-09-02,3800.0,3810.0,3810.0,3800.2,3799.88,5100.0,3794.0,3794.0,3794.0,3794.0,2000.0,-0.1578947368421013,-0.1578947368421013,0.0,-0.4199475065616798,-0.4199475065616798,0.42171850289931534,0.0,0.39215686274509803,False,False,False
94346,ソフトバンク第２回社債型種類株式,2026-09-02,7594.0,7598.0,7600.0,7585.2,7583.32,1700.0,7590.0,7590.0,7590.0,7590.0,200.0,-0.05267316302344227,-0.05267316302344227,0.0,-0.10529086601737125,-0.1315789473684159,0.13175230566535578,0.026322716504334487,0.11764705882352941,False,False,False
9435,光通信,2026-09-02,39240.0,40980.0,40980.0,40218.0,39623.6,76600.0,39100.0,39210.0,38940.0,39000.0,9500.0,-0.6116207951070374,-0.35677879714577365,-0.2557544757033292,-4.831625183016108,-4.831625183016108,5.076923076923068,0.0,0.12402088772845953,False,False,False
9436,沖縄セルラー電話,2026-09-02,4145.0,4205.0,4205.0,4133.0,4030.0,116120.0,4140.0,4140.0,4105.0,4120.0,10800.0,-0.6031363088057851,-0.12062726176115257,-0.48309178743961567,-2.021403091557672,-2.021403091557672,2.0631067961164984,0.0,0.09300723389596968,False,False,False
9438,エムティーアイ,2026-09-02,590.0,635.0,639.0,613.0,600.44,40800.0,586.0,586.0,582.0,585.0,5900.0,-0.8474576271186418,-0.6779661016949157,-0.17064846416382506,-7.874015748031493,-8.450704225352112,9.23076923076922,0.6299212598425141,0.14460784313725492,False,False,False
9439,エム・エイチ・グループ,2026-09-02,230.0,239.0,252.0,229.8,227.96,7760.0,228.0,228.0,228.0,228.0,100.0,-0.8695652173912993,-0.8695652173912993,0.0,-4.602510460251041,-9.523809523809524,10.526315789473696,5.439330543933063,0.01288659793814433,False,False,False
9441,ベルパーク,2026-09-02,3000.0,3140.0,3140.0,3057.0,2947.16,2380.0,3000.0,3000.0,3000.0,3000.0,500.0,0.0,0.0,0.0,-4.458598726114649,-4.458598726114649,4.666666666666663,0.0,0.21008403361344538,False,False,False
9444,トーシンホールディングス,2026-09-02,284.0,378.0,378.0,286.2,283.12,16100.0,280.0,280.0,278.0,278.0,1800.0,-2.1126760563380254,-1.4084507042253502,-0.7142857142857117,-26.455026455026452,-26.455026455026452,35.97122302158273,0.0,0.11180124223602485,False,False,False
9445,フォーバルテレコム,2026-09-02,535.0,542.0,542.0,535.2,536.88,1420.0,534.0,534.0,534.0,534.0,100.0,-0.18691588785046953,-0.18691588785046953,0.0,-1.4760147601476037,-1.4760147601476037,1.4981273408239737,0.0,0.07042253521126761,False,False,False
9446,サカイホールディングス,2026-09-02,696.0,709.0,709.0,698.4,689.0,3640.0,698.0,698.0,698.0,698.0,100.0,0.2873563218390718,0.2873563218390718,0.0,-1.5514809590973178,-1.5514809590973178,1.5759312320916985,0.0,0.027472527472527472,False,False,False
9449,ＧＭＯインターネットグループ,2026-09-02,4002.0,4390.0,4390.0,4158.0,4132.48,298300.0,4008.0,4045.0,3999.0,4020.0,22500.0,0.4497751124437732,0.14992503748125774,0.29940119760478723,-8.42824601366743,-8.42824601366743,9.203980099502495,0.0,0.07542742205833054,True,False,False
9450,ファイバーゲート,2026-09-02,773.0,829.0,829.0,786.8,778.92,38540.0,782.0,791.0,782.0,790.0,3800.0,2.199223803363526,1.1642949547218562,1.0230179028132946,-4.704463208685161,-4.704463208685161,4.936708860759498,0.0,0.09859885832900882,True,False,False
9466,アイドママーケティングコミュニケーション,2026-09-02,243.0,249.0,249.0,239.4,232.04,52420.0,241.0,241.0,241.0,241.0,200.0,-0.8230452674897082,-0.8230452674897082,0.0,-3.2128514056224855,-3.2128514056224855,3.319502074688807,0.0,0.0038153376573826785,False,False,False
9467,アルファポリス,2026-09-02,1144.0,1283.0,1283.0,1171.6,1120.08,161120.0,1140.0,1154.0,1135.0,1148.0,8500.0,0.34965034965035446,-0.34965034965035446,0.7017543859649145,-10.522213561964143,-10.522213561964143,11.759581881533098,0.0,0.05275571002979146,True,False,False
9468,ＫＡＤＯＫＡＷＡ,2026-09-02,3723.0,3797.0,3797.0,3722.0,3586.48,373860.0,3669.0,3677.0,3654.0,3655.0,29700.0,-1.82648401826484,-1.4504431909750148,-0.3815753611338235,-3.7397945746642125,-3.7397945746642125,3.8850889192886484,0.0,0.07944150216658642,False,False,False
9470,学研ホールディングス,2026-09-02,1021.0,1057.0,1057.0,1033.8,1029.24,146700.0,1015.0,1017.0,1013.0,1016.0,50400.0,-0.48971596474045587,-0.5876591576885359,0.09852216748769127,-3.878902554399244,-3.878902554399244,4.035433070866135,0.0,0.34355828220858897,True,False,False
9474,ゼンリン,2026-09-02,910.0,939.0,961.0,921.0,899.92,279740.0,920.0,928.0,916.0,927.0,33500.0,1.8681318681318615,1.098901098901095,0.7608695652173925,-1.2779552715655007,-3.537981269510926,3.6677454153182243,2.3429179978700754,0.11975405733895761,True,False,False
9475,昭文社ホールディングス,2026-09-02,530.0,537.0,537.0,529.2,523.6,3620.0,528.0,528.0,528.0,528.0,200.0,-0.37735849056603765,-0.37735849056603765,0.0,-1.6759776536312887,-1.6759776536312887,1.7045454545454586,0.0,0.055248618784530384,False,False,False
9476,中央経済社ホールディングス,2026-09-02,980.0,1000.0,1050.0,985.8,986.36,820.0,989.0,989.0,989.0,989.0,100.0,0.9183673469387754,0.9183673469387754,0.0,-1.100000000000001,-5.809523809523808,6.167846309403435,5.000000000000004,0.12195121951219512,False,False,False
9478,ＳＥホールディングス・アンド・インキュベーションズ,2026-09-02,530.0,555.0,575.0,525.0,524.2,39960.0,525.0,526.0,524.0,526.0,5600.0,-0.7547169811320753,-0.9433962264150941,0.19047619047618536,-5.225225225225227,-8.52173913043478,9.315589353612165,3.603603603603611,0.14014014014014015,True,False,False
9501,東京電力ホールディングス,2026-09-02,564.0999755859375,572.2999877929688,572.2999877929688,546.4199829101562,529.3719946289062,39290480.0,575.0,576.9000244140625,559.9000244140625,561.5,7942100.0,-0.4609068779407144,1.9322859219663258,-2.347826086956517,-1.8871200460125914,-1.8871200460125914,1.9234172382847303,0.0,0.20213802427458255,False,False,False
9502,中部電力,2026-09-02,2888.0,2999.0,3050.0,2899.6,2814.94,3541240.0,2941.0,2975.5,2906.5,2914.5,460000.0,0.9175900277008209,1.835180055401664,-0.9010540632437891,-2.8176058686228744,-4.442622950819675,4.649167953336764,1.700566855618546,0.1298980018298675,False,False,False
9503,関西電力,2026-09-02,2903.0,2956.5,2956.5,2777.2,2512.7,6077500.0,3030.0,3030.0,2948.0,2953.5,892900.0,1.7395797450912909,4.374784705477097,-2.524752475247527,-0.10147133434804667,-0.10147133434804667,0.1015744032503818,0.0,0.14691896338955163,False,False,False
9504,中国電力,2026-09-02,1021.5,1055.0,1055.0,1011.6799926757812,954.1319970703124,2748440.0,1062.0,1062.5,1043.5,1046.0,366000.0,2.3984336759667046,3.96475770925111,-1.5065913370998163,-0.8530805687203769,-0.8530805687203769,0.8604206500955947,0.0,0.13316645078662806,False,False,False
9505,北陸電力,2026-09-02,1050.5,1070.0,1070.0,1024.8400024414063,972.2159985351562,1334080.0,1076.0,1079.5,1050.0,1054.0,150500.0,0.33317467872442386,2.427415516420761,-2.0446096654275103,-1.495327102803734,-1.495327102803734,1.5180265654648917,0.0,0.11281182537778844,False,False,False
9506,東北電力,2026-09-02,1356.5,1384.5,1384.5,1338.8,1264.04,3602080.0,1381.0,1381.0,1350.5,1352.5,635400.0,-0.2948765204570547,1.806118687799474,-2.0637219406227425,-2.3113037197544206,-2.3113037197544206,2.365988909426986,0.0,0.17639808110869276,False,False,False
9507,四国電力,2026-09-02,2036.0,2112.5,2112.5,1984.6,1817.96,1308760.0,2109.0,2121.0,2063.0,2074.0,238100.0,1.8664047151277119,3.5854616895874214,-1.6595542911332362,-1.8224852071005881,-1.8224852071005881,1.8563162970106184,0.0,0.1819279317827562,False,False,False
9508,九州電力,2026-09-02,2123.0,2192.5,2192.5,2054.1,1900.62,2515060.0,2205.0,2208.0,2143.5,2156.5,385500.0,1.5779557230334529,3.862458784738587,-2.1995464852607727,-1.641961231470923,-1.641961231470923,1.669371667053099,0.0,0.15327666139177595,False,False,False
9509,北海道電力,2026-09-02,1125.5,1173.5,1173.5,1115.5,1058.96,3073400.0,1151.0,1151.5,1124.0,1125.0,547600.0,-0.044424700133272044,2.265659706796974,-2.2589052997393555,-4.132935662547932,-4.132935662547932,4.31111111111111,0.0,0.17817400924058047,False,False,False
9511,沖縄電力,2026-09-02,1170.0,1200.0,1200.0,1177.2,1114.28,250760.0,1200.0,1202.0,1183.0,1185.0,47400.0,1.2820512820512775,2.564102564102555,-1.2499999999999956,-1.2499999999999956,-1.2499999999999956,1.2658227848101333,0.0,0.18902536289679375,False,False,False
9513,電源開発,2026-09-02,4157.0,4237.0,4237.0,4109.8,3941.16,479260.0,4174.0,4190.0,4111.0,4111.0,47300.0,-1.1065672359874879,0.4089487611258047,-1.5093435553426016,-2.9738022185508584,-2.9738022185508584,3.0649477012892223,0.0,0.09869381963860953,False,False,False
9514,エフオン,2026-09-02,344.0,356.0,356.0,348.2,339.2,69140.0,341.0,342.0,341.0,341.0,10300.0,-0.8720930232558155,-0.8720930232558155,0.0,-4.2134831460674205,-4.2134831460674205,4.398826979472137,0.0,0.1489730980619034,False,False,False
9517,イーレックス,2026-09-02,845.0,908.0,908.0,869.0,861.16,138200.0,843.0,844.0,839.0,841.0,24700.0,-0.4733727810650845,-0.2366863905325478,-0.23724792408066353,-7.378854625550657,-7.378854625550657,7.966706302021409,0.0,0.17872648335745298,False,False,False
9519,レノバ,2026-09-02,870.0,984.0,1039.0,907.2,927.44,1062860.0,877.0,879.0,865.0,873.0,91900.0,0.34482758620688614,0.8045977011494232,-0.45610034207526073,-11.280487804878048,-15.976900866217514,19.014891179839633,5.589430894308944,0.08646482133112546,False,False,False
9531,東京瓦斯,2026-09-02,6248.0,6432.0,6432.0,6203.6,6093.0,1086300.0,6323.0,6340.0,6163.0,6177.0,135200.0,-1.1363636363636354,1.2003841229193402,-2.309030523485689,-3.964552238805974,-3.964552238805974,4.12821758135018,0.0,0.12445917334069778,False,False,False
9532,大阪瓦斯,2026-09-02,5841.0,5907.0,5907.0,5750.4,5534.64,1142040.0,5890.0,5899.0,5735.0,5752.0,116800.0,-1.5237116932032224,0.8388974490669332,-2.342954159592525,-2.6240054173015115,-2.6240054173015115,2.694714881780258,0.0,0.10227312528457848,False,False,False
9533,東邦瓦斯,2026-09-02,1251.5,1271.5,1271.5,1239.5,1187.22,917940.0,1290.0,1293.5,1269.5,1270.5,116300.0,1.5181781861765886,3.0763084298841337,-1.5116279069767424,-0.07864726700747005,-0.07864726700747005,0.0787091696182518,0.0,0.12669673399132841,False,False,False
9534,北海道瓦斯,2026-09-02,919.0,924.0,924.0,868.0,805.48,308900.0,947.0,949.0,926.0,929.0,63600.0,1.088139281828071,3.0467899891186034,-1.9007391763463555,0.5411255411255311,0.5411255411255311,-0.5382131324004336,0.0,0.20589187439300743,False,True,True
9535,広島ガス,2026-09-02,425.0,434.0,434.0,427.8,420.2,86260.0,434.0,434.0,432.0,433.0,9600.0,1.8823529411764683,2.117647058823535,-0.23041474654378336,-0.23041474654378336,-0.23041474654378336,0.23094688221709792,0.0,0.11129144447020635,False,False,False
9536,西部ガスホールディングス,2026-09-02,2542.0,2594.0,2594.0,2538.4,2429.76,286120.0,2564.0,2564.0,2532.0,2534.0,49200.0,-0.31471282454760274,0.8654602675058909,-1.170046801872071,-2.313030069390898,-2.313030069390898,2.3677979479084454,0.0,0.17195582273172097,False,False,False
9537,北陸瓦斯,2026-09-02,4300.0,4600.0,4650.0,4270.0,4424.0,560.0,4300.0,4300.0,4300.0,4300.0,600.0,0.0,0.0,0.0,-6.521739130434778,-7.5268817204301115,8.139534883720923,1.0869565217391353,1.0714285714285714,False,False,False
9539,京葉瓦斯,2026-09-02,1361.0,1429.0,1499.0,1357.6,1389.6,103760.0,1330.0,1330.0,1330.0,1330.0,100.0,-2.2777369581190254,-2.2777369581190254,0.0,-6.927921623512945,-11.274182788525689,12.706766917293244,4.898530440867743,0.0009637625289128759,False,False,False
9543,静岡ガス,2026-09-02,1343.0,1350.0,1350.0,1319.8,1269.64,179920.0,1342.0,1342.0,1325.0,1325.0,20600.0,-1.3402829486224843,-0.07446016381236209,-1.266766020864385,-1.851851851851849,-1.851851851851849,1.8867924528301883,0.0,0.11449533125833704,False,False,False
9551,メタウォーター,2026-09-02,3050.0,3370.0,3370.0,3124.0,3153.2,92920.0,3155.0,3205.0,3145.0,3150.0,69500.0,3.2786885245901676,3.4426229508196737,-0.15847860538826808,-6.528189910979232,-6.528189910979232,6.9841269841269815,0.0,0.7479552303056393,False,False,False
9552,クオンツ総研ホールディングス,2026-09-02,1169.0,1223.0,1223.0,1158.8,1033.64,492940.0,1176.0,1195.0,1171.0,1181.0,40700.0,1.026518391787845,0.5988023952095745,0.42517006802720303,-3.4341782502044116,-3.4341782502044116,3.5563082133784896,0.0,0.0825658295127196,True,False,False
9553,マイクロアド,2026-09-02,583.0,657.0,657.0,593.6,605.24,97120.0,584.0,584.0,578.0,580.0,17000.0,-0.5145797598627766,0.17152658662091813,-0.6849315068493178,-11.719939117199395,-11.719939117199395,13.275862068965516,0.0,0.17504118616144976,False,False,False
9554,ＡＶｉＣ,2026-09-02,1676.0,1900.0,1900.0,1770.6,1679.0,51320.0,1674.0,1694.0,1652.0,1693.0,4800.0,1.0143198090692085,-0.11933174224343368,1.1350059737156526,-10.894736842105267,-10.894736842105267,12.226816302421728,0.0,0.09353078721745908,True,False,False
9556,ＩＮＴＬＯＯＰ,2026-09-02,2251.0,2406.0,2406.0,2326.6,2122.0,51940.0,2200.0,2319.0,2193.0,2294.0,27500.0,1.9102621057307756,-2.265659706796974,4.2727272727272725,-4.655029093931839,-4.655029093931839,4.882301656495214,0.0,0.529457065845206,True,False,False
9557,エアークローゼット,2026-09-02,241.0,264.0,264.0,236.6,209.84,113160.0,243.0,243.0,237.0,237.0,4600.0,-1.6597510373444035,0.8298755186721962,-2.4691358024691357,-10.22727272727273,-10.22727272727273,11.392405063291132,0.0,0.04065040650406504,False,False,False
9558,ジャパニアス,2026-09-02,1990.0,2018.0,2018.0,1995.4,1973.64,9400.0,1988.0,1988.0,1988.0,1988.0,400.0,-0.10050251256281673,-0.10050251256281673,0.0,-1.4866204162537144,-1.4866204162537144,1.5090543259557387,0.0,0.0425531914893617,False,False,False
9560,プログリット,2026-09-02,914.0,940.0,940.0,913.4,856.44,52720.0,921.0,921.0,910.0,917.0,1700.0,0.3282275711159688,0.7658643326039494,-0.43431053203040193,-2.4468085106382986,-2.4468085106382986,2.5081788440566966,0.0,0.032245827010622154,False,False,False
9561,グラッドキューブ,2026-09-02,434.0,437.0,437.0,425.4,412.28,17160.0,438.0,438.0,431.0,431.0,4100.0,-0.691244239631339,0.9216589861751112,-1.5981735159817378,-1.3729977116704761,-1.3729977116704761,1.39211136890951,0.0,0.23892773892773891,False,False,False
9562,ビジネスコーチ,2026-09-02,588.0,640.0,640.0,588.4,567.24,7240.0,645.0,645.0,639.0,639.0,2700.0,8.673469387755105,9.693877551020403,-0.9302325581395321,-0.15625000000000222,-0.15625000000000222,0.15649452269170805,0.0,0.3729281767955801,False,False,False
9563,Ａｔｌａｓ　Ｔｅｃｈｎｏｌｏｇｉｅｓ,2026-09-02,345.0,402.0,402.0,351.2,336.12,15060.0,338.0,340.0,335.0,340.0,3800.0,-1.449275362318836,-2.0289855072463725,0.591715976331364,-15.4228855721393,-15.4228855721393,18.23529411764706,0.0,0.25232403718459495,True,False,False
9564,ＦＣＥ,2026-09-02,563.0,614.0,614.0,586.2,570.84,43240.0,547.0,556.0,545.0,552.0,6500.0,-1.9538188277087087,-2.841918294849022,0.9140767824497242,-10.097719869706845,-10.097719869706845,11.231884057971019,0.0,0.15032377428307123,True,False,False
9565,ＧＬＯＥ,2026-09-02,666.0,698.0,700.0,671.6,675.2,3280.0,669.0,669.0,666.0,666.0,400.0,0.0,0.45045045045044585,-0.4484304932735439,-4.584527220630374,-4.857142857142859,5.105105105105112,0.2865329512893977,0.12195121951219512,False,False,False
9601,松竹,2026-09-02,10560.0,11300.0,12010.0,10700.0,10978.4,101160.0,10620.0,10730.0,10620.0,10690.0,5200.0,1.2310606060605966,0.5681818181818121,0.6591337099811634,-5.39823008849557,-10.990840965861782,12.347988774555652,6.283185840707972,0.051403716884143934,True,False,False
9602,東宝,2026-09-02,1561.0,1597.5,1655.0,1569.9,1531.5,4555480.0,1570.0,1576.5,1556.5,1569.0,390100.0,0.5124919923126248,0.5765534913517056,-0.06369426751592355,-1.7840375586854473,-5.196374622356492,5.481198215423833,3.5993740219092407,0.08563312757382317,False,False,False
9603,エイチ・アイ・エス,2026-09-02,1148.0,1197.0,1197.0,1168.6,1127.6,373360.0,1175.0,1199.0,1170.0,1192.0,121700.0,3.832752613240409,2.3519163763066286,1.4468085106382977,-0.41771094402673903,-0.41771094402673903,0.4194630872483174,0.0,0.3259588600814228,True,False,False
9605,東映,2026-09-02,5960.0,6360.0,6500.0,6000.0,6016.4,58840.0,5970.0,5990.0,5940.0,5950.0,5500.0,-0.1677852348993314,0.1677852348993314,-0.335008375209378,-6.446540880503148,-8.461538461538465,9.243697478991585,2.2012578616352307,0.09347382732834807,False,False,False
9610,ウィルソン・ラーニング　ワールドワイド,2026-09-02,123.0,145.0,145.0,111.6,106.2,1904660.0,141.0,142.0,130.0,137.0,433700.0,11.382113821138207,14.634146341463406,-2.8368794326241176,-5.517241379310345,-5.517241379310345,5.8394160583941535,0.0,0.22770468220049772,False,False,False
9612,ラックランド,2026-09-02,1203.0,1305.0,1313.0,1229.6,1256.52,52900.0,1205.0,1207.0,1202.0,1203.0,3600.0,0.0,0.16625103906899863,-0.16597510373443924,-7.816091954022985,-8.377760853008375,9.14380714879468,0.6130268199233679,0.06805293005671077,False,False,False
9616,共立メンテナンス,2026-09-02,3223.0,3538.0,3543.0,3369.6,3382.12,958020.0,3210.0,3220.0,3185.0,3210.0,135400.0,-0.40335091529630773,-0.40335091529630773,0.0,-9.270774448841157,-9.39881456392887,10.373831775700925,0.14132278123233366,0.14133316632220622,False,False,False
9619,イチネンホールディングス,2026-09-02,2699.0,2754.0,2754.0,2722.0,2594.68,31920.0,2701.0,2701.0,2671.0,2671.0,2300.0,-1.037421267135974,0.07410151908113782,-1.1106997408367292,-3.013798111837329,-3.013798111837329,3.1074503931111996,0.0,0.07205513784461152,False,False,False
9621,建設技術研究所,2026-09-02,3150.0,3275.0,3280.0,3197.0,3172.8,79280.0,3150.0,3155.0,3145.0,3145.0,3700.0,-0.15873015873015817,0.0,-0.15873015873015817,-3.969465648854964,-4.115853658536583,4.292527821939585,0.15267175572519776,0.04667003027245207,False,False,False
9622,スペース,2026-09-02,1430.0,1483.0,1483.0,1455.6,1447.8,32820.0,1425.0,1429.0,1420.0,1424.0,5300.0,-0.41958041958042314,-0.34965034965035446,-0.070175438596487,-3.9784221173297385,-3.9784221173297385,4.143258426966301,0.0,0.1614868982327849,False,False,False
9625,セレスポ,2026-09-02,950.0,992.0,1095.0,952.0,954.92,17340.0,954.0,954.0,948.0,948.0,200.0,-0.21052631578947212,0.42105263157894424,-0.6289308176100628,-4.435483870967738,-13.424657534246576,15.506329113924044,10.383064516129025,0.011534025374855825,False,False,False
9627,アインホールディングス,2026-09-02,6112.0,6286.0,6323.0,6166.6,6052.36,102760.0,6119.0,6144.0,6107.0,6126.0,8800.0,0.22905759162303863,0.11452879581150821,0.11439777741462098,-2.545338848234169,-3.115609678949871,3.2158015017956343,0.5886096086541448,0.08563643441027637,True,False,False
9628,燦ホールディングス,2026-09-02,1322.0,1428.0,1524.0,1352.2,1393.76,121140.0,1328.0,1330.0,1324.0,1327.0,6300.0,0.3782148260211837,0.45385779122542047,-0.07530120481927804,-7.072829131652658,-12.926509186351709,14.845516201959308,6.72268907563025,0.05200594353640416,False,False,False
9629,ピー・シー・エー,2026-09-02,1576.0,1699.0,1699.0,1652.6,1543.52,39480.0,1571.0,1571.0,1538.0,1550.0,5900.0,-1.6497461928933976,-0.31725888324872775,-1.3367281985996127,-8.769864626250733,-8.769864626250733,9.612903225806457,0.0,0.14944275582573455,False,False,False
9632,スバル興業,2026-09-02,3710.0,3820.0,3820.0,3757.0,3692.6,12540.0,3655.0,3660.0,3580.0,3620.0,9100.0,-2.425876010781669,-1.482479784366575,-0.9575923392612817,-5.235602094240843,-5.235602094240843,5.524861878453047,0.0,0.7256778309409888,False,False,False
9633,東京テアトル,2026-09-02,1901.0,2005.0,2005.0,1946.0,1767.24,28100.0,1900.0,1940.0,1882.0,1916.0,11300.0,0.7890583903208848,-0.052603892688063425,0.8421052631578885,-4.4389027431421475,-4.4389027431421475,4.645093945720258,0.0,0.40213523131672596,True,False,False
9635,武蔵野興業,2026-09-02,2556.0,2597.0,2597.0,2567.4,2554.28,160.0,,,,,,,,,,,,0.0,,False,False,False
9636,きんえい,2026-09-02,4190.0,4195.0,4345.0,4188.0,4182.6,1060.0,4190.0,4190.0,4190.0,4190.0,100.0,0.0,0.0,0.0,-0.11918951132300348,-3.5673187571921727,3.699284009546533,3.5756853396901045,0.09433962264150944,False,False,False
9639,三協フロンテア,2026-09-02,2389.0,2400.0,2400.0,2364.4,2338.88,8720.0,2404.0,2404.0,2385.0,2389.0,700.0,0.0,0.6278777731268281,-0.6239600665557399,-0.45833333333333837,-0.45833333333333837,0.46044370029301174,0.0,0.08027522935779817,False,False,False
9640,セゾンテクノロジー,2026-09-02,1993.0,2047.0,2119.0,2009.4,2021.2,4400.0,1976.0,1977.0,1976.0,1977.0,1900.0,-0.8028098344204704,-0.8529854490717526,0.05060728744938903,-3.4196384953590675,-6.701274185936768,7.182599898836628,3.517342452369321,0.4318181818181818,True,False,False
9644,タナベコンサルティンググループ,2026-09-02,762.0,782.0,782.0,770.8,764.8,108360.0,756.0,757.0,754.0,755.0,17800.0,-0.9186351706036766,-0.7874015748031482,-0.1322751322751281,-3.4526854219948833,-3.4526854219948833,3.576158940397356,0.0,0.1642672572905131,False,False,False
9647,協和コンサルタンツ,2026-09-02,6740.0,7220.0,7220.0,6880.0,6479.6,540.0,6780.0,6780.0,6780.0,6780.0,100.0,0.5934718100890191,0.5934718100890191,0.0,-6.094182825484761,-6.094182825484761,6.4896755162241915,0.0,0.18518518518518517,False,False,False
9651,日本プロセス,2026-09-02,2029.0,2139.0,2139.0,2050.8,2014.44,20400.0,2037.0,2068.0,2036.0,2068.0,2500.0,1.922129127649086,0.3942828979792923,1.5218458517427536,-3.319308087891537,-3.319308087891537,3.4332688588007754,0.0,0.12254901960784313,True,False,False
9656,グリーンランドリゾート,2026-09-02,600.0,613.0,613.0,604.0,599.96,9440.0,603.0,603.0,603.0,603.0,200.0,0.49999999999998934,0.49999999999998934,0.0,-1.631321370309946,-1.631321370309946,1.6583747927031434,0.0,0.0211864406779661,False,False,False
9658,ビジネスブレイン太田昭和,2026-09-02,1094.0,1136.0,1136.0,1099.8,1063.72,103120.0,1095.0,1100.0,1095.0,1098.0,17800.0,0.3656307129798808,0.0914076782449813,0.273972602739736,-3.3450704225352124,-3.3450704225352124,3.4608378870673917,0.0,0.1726144297905353,True,False,False
9661,歌舞伎座,2026-09-02,4335.0,4480.0,4500.0,4360.0,4446.0,12160.0,4340.0,4340.0,4340.0,4340.0,100.0,0.11534025374855261,0.11534025374855261,0.0,-3.125,-3.5555555555555562,3.686635944700467,0.44642857142858094,0.008223684210526315,False,False,False
9663,ナガワ,2026-09-02,5090.0,5280.0,5440.0,5154.0,5144.4,63060.0,5060.0,5080.0,5060.0,5060.0,7000.0,-0.5893909626719096,-0.5893909626719096,0.0,-4.1666666666666625,-6.985294117647056,7.509881422924902,3.0303030303030276,0.11100539169045354,False,False,False
9672,東京都競馬,2026-09-02,5000.0,5170.0,5170.0,5048.0,5043.0,39600.0,4985.0,5010.0,4980.0,4990.0,3300.0,-0.20000000000000018,-0.30000000000000027,0.10030090270811698,-3.481624758220503,-3.481624758220503,3.607214428857719,0.0,0.08333333333333333,True,False,False
9678,カナモト,2026-09-02,5550.0,5760.0,5760.0,5574.0,5427.2,96400.0,5570.0,5600.0,5520.0,5530.0,20000.0,-0.3603603603603567,0.3603603603603567,-0.7181328545781018,-3.993055555555558,-3.993055555555558,4.159132007233279,0.0,0.2074688796680498,False,False,False
9679,ホウライ,2026-09-02,2372.0,2398.0,2404.0,2367.0,2361.0,460.0,2333.0,2333.0,2333.0,2333.0,100.0,-1.6441821247892063,-1.6441821247892063,0.0,-2.7105921601334404,-2.9534109816971688,3.0432918988426927,0.2502085070892335,0.21739130434782608,False,False,False
9682,ＤＴＳ,2026-09-02,1139.0,1160.0,1192.0,1141.6,1106.16,621440.0,1128.0,1135.0,1124.0,1131.0,48800.0,-0.7023705004389869,-0.9657594381035972,0.26595744680850686,-2.500000000000002,-5.11744966442953,5.393457117595046,2.758620689655178,0.07852729145211122,True,False,False
9684,スクウェア・エニックス・ホールディングス,2026-09-02,2972.0,3300.0,3300.0,2983.6,2882.86,2231020.0,2938.0,2964.0,2922.5,2927.0,135400.0,-1.5141318977119789,-1.144010767160164,-0.374404356705238,-11.303030303030305,-11.303030303030305,12.743423300307487,0.0,0.060689729361457986,False,False,False
9685,ＫＹＣＯＭホールディングス,2026-09-02,583.0,588.0,588.0,576.8,572.44,7700.0,578.0,578.0,578.0,578.0,300.0,-0.8576329331046351,-0.8576329331046351,0.0,-1.7006802721088454,-1.7006802721088454,1.730103806228378,0.0,0.03896103896103896,False,False,False
9686,東洋テック,2026-09-02,1697.0,1716.0,1716.0,1696.4,1658.4,3940.0,1698.0,1705.0,1697.0,1700.0,700.0,0.1767825574543247,0.058927519151441565,0.11778563015312216,-0.9324009324009341,-0.9324009324009341,0.9411764705882453,0.0,0.17766497461928935,True,False,False
9687,ＫＳＫ,2026-09-02,4645.0,4935.0,4935.0,4706.0,4494.2,2080.0,4690.0,4690.0,4690.0,4690.0,100.0,0.9687836383207804,0.9687836383207804,0.0,-4.964539007092195,-4.964539007092195,5.223880597014929,0.0,0.04807692307692308,False,False,False
9692,シーイーシー,2026-09-02,2422.0,2579.0,2579.0,2514.8,2368.24,99580.0,2394.0,2405.0,2381.0,2396.0,10500.0,-1.073492981007429,-1.1560693641618491,0.08354218880535225,-7.095773555641727,-7.095773555641727,7.637729549248751,0.0,0.10544286001205061,True,False,False
9697,カプコン,2026-09-02,4224.0,4388.0,4388.0,4257.6,4133.16,1977440.0,4256.0,4269.0,4230.0,4247.0,308000.0,0.544507575757569,0.7575757575757569,-0.21146616541353191,-3.213309024612576,-3.213309024612576,3.3199905815870068,0.0,0.15575693826361356,False,False,False
9698,クレオ,2026-09-02,1288.0,1350.0,1350.0,1300.8,1292.96,1820.0,1283.0,1283.0,1283.0,1283.0,1000.0,-0.38819875776398005,-0.38819875776398005,0.0,-4.962962962962958,-4.962962962962958,5.222135619641466,0.0,0.5494505494505495,False,False,False
9699,ニシオホールディングス,2026-09-02,4710.0,4755.0,4755.0,4704.0,4539.2,72740.0,4660.0,4690.0,4650.0,4665.0,7800.0,-0.9554140127388533,-1.0615711252653925,0.10729613733906351,-1.8927444794952675,-1.8927444794952675,1.9292604501607746,0.0,0.10723123453395655,True,False,False
9701,東京會舘,2026-09-02,4300.0,4380.0,4380.0,4267.0,4249.4,600.0,4295.0,4295.0,4280.0,4280.0,300.0,-0.46511627906976605,-0.11627906976744429,-0.34924330616996624,-2.2831050228310557,-2.2831050228310557,2.336448598130847,0.0,0.5,False,False,False
9702,アイ・エス・ビー,2026-09-02,2373.0,2586.0,2586.0,2440.0,2433.64,19260.0,2346.0,2346.0,2325.0,2330.0,1200.0,-1.8120522545301276,-1.1378002528445008,-0.6820119352088705,-9.899458623356539,-9.899458623356539,10.987124463519304,0.0,0.06230529595015576,False,False,False
9704,アゴーラ　ホスピタリティー　グループ,2026-09-02,29.0,32.0,35.0,29.6,30.48,238460.0,29.0,29.0,28.0,28.0,12700.0,-3.4482758620689613,0.0,-3.4482758620689613,-12.5,-19.999999999999996,25.0,9.375,0.053258408118762056,False,False,False
9706,日本空港ビルデング,2026-09-02,5750.0,6009.0,6009.0,5892.8,5747.56,1016960.0,5688.0,5739.0,5670.0,5701.0,389900.0,-0.8521739130434747,-1.0782608695652174,0.22855133614627654,-5.125644866034285,-5.125644866034285,5.40256095421856,0.0,0.383397577092511,True,False,False
9708,帝国ホテル,2026-09-02,990.0,1019.0,1034.0,993.6,993.04,99460.0,990.0,990.0,983.0,986.0,41600.0,-0.40404040404040664,0.0,-0.40404040404040664,-3.238469087340534,-4.642166344294008,4.868154158215021,1.4720314033366044,0.41825859642067165,False,False,False
9709,ＮＣＳ＆Ａ,2026-09-02,1373.0,1405.0,1455.0,1390.8,1377.16,7060.0,1332.0,1332.0,1332.0,1332.0,300.0,-2.9861616897305154,-2.9861616897305154,0.0,-5.195729537366544,-8.453608247422684,9.23423423423424,3.558718861209975,0.042492917847025496,False,False,False
9713,ロイヤルホテル,2026-09-02,914.0,918.0,918.0,908.2,904.04,4920.0,914.0,914.0,914.0,914.0,100.0,0.0,0.0,0.0,-0.43572984749454813,-0.43572984749454813,0.4376367614879584,0.0,0.02032520325203252,False,False,False
9715,トランス・コスモス,2026-09-02,3710.0,3770.0,3970.0,3722.0,3689.2,98560.0,3680.0,3705.0,3680.0,3700.0,9400.0,-0.26954177897574594,-0.8086253369272267,0.5434782608695565,-1.8567639257294433,-6.801007556675065,7.297297297297289,5.305039787798416,0.09537337662337662,True,False,False
9716,乃村工藝社,2026-09-02,1281.0,1301.0,1301.0,1276.2,1218.64,397060.0,1284.0,1287.0,1276.0,1277.0,29200.0,-0.31225604996096834,0.23419203747072626,-0.5451713395638658,-1.84473481936972,-1.84473481936972,1.8794048551292075,0.0,0.07354052284289528,False,False,False
9720,ホテル、ニューグランド,2026-09-02,6450.0,6450.0,6450.0,6420.0,6343.2,100.0,6450.0,6450.0,6450.0,6450.0,200.0,0.0,0.0,0.0,0.0,0.0,0.0,0.0,2.0,False,False,False
9722,藤田観光,2026-09-02,2901.0,3160.0,3160.0,2968.2,2426.48,473500.0,2843.0,2911.0,2808.0,2879.0,72000.0,-0.7583591864874228,-1.999310582557734,1.2662680267323312,-8.892405063291143,-8.892405063291143,9.760333449114267,0.0,0.15205913410770855,True,False,False
9723,京都ホテル,2026-09-02,635.0,640.0,640.0,635.0,635.8,1440.0,637.0,637.0,637.0,637.0,100.0,0.31496062992126816,0.31496062992126816,0.0,-0.46874999999999556,-0.46874999999999556,0.47095761381474865,0.0,0.06944444444444445,False,False,False
9726,ＫＮＴ－ＣＴホールディングス,2026-09-02,1932.0,2010.0,2010.0,1964.6,1935.12,22560.0,1919.0,1943.0,1919.0,1943.0,2500.0,0.5693581780538359,-0.6728778467908869,1.2506513809275699,-3.3333333333333326,-3.3333333333333326,3.4482758620689724,0.0,0.11081560283687943,True,False,False
9729,トーカイ,2026-09-02,2465.0,2600.0,2600.0,2539.4,2501.0,51340.0,2481.0,2490.0,2471.0,2484.0,2200.0,0.7707910750507141,0.6490872210953347,0.12091898428052694,-4.461538461538462,-4.461538461538462,4.669887278582929,0.0,0.04285157771717959,True,False,False
9731,白洋舎,2026-09-02,3385.0,3540.0,3540.0,3393.0,3424.8,2320.0,3370.0,3370.0,3370.0,3370.0,400.0,-0.4431314623338234,-0.4431314623338234,0.0,-4.802259887005644,-4.802259887005644,5.044510385756684,0.0,0.1724137931034483,False,False,False
9733,ナガセ,2026-09-02,2346.0,2375.0,2400.0,2359.0,2317.24,23500.0,2339.0,2339.0,2331.0,2335.0,29400.0,-0.4688832054560943,-0.2983802216538822,-0.17101325352715246,-1.684210526315788,-2.708333333333335,2.7837259100642386,1.0526315789473717,1.251063829787234,False,False,False
9735,セコム,2026-09-02,6474.0,6880.0,7224.0,6462.2,6569.64,1350080.0,6465.0,6482.0,6396.0,6433.0,151500.0,-0.6333024405313581,-0.13901760889712955,-0.49497293116782526,-6.497093023255818,-10.949612403100772,12.29597388465724,5.000000000000004,0.11221557241052382,False,False,False
9739,ＮＳＷ,2026-09-02,2735.0,2831.0,2831.0,2780.8,2657.08,40620.0,2731.0,2734.0,2715.0,2715.0,4100.0,-0.7312614259597838,-0.1462522851919612,-0.5858659831563529,-4.097492052278351,-4.097492052278351,4.272559852670343,0.0,0.10093549975381585,False,False,False
9740,セントラル警備保障,2026-09-02,2791.0,2833.0,2917.0,2795.0,2763.2,32920.0,2717.0,2733.0,2717.0,2731.0,1400.0,-2.1497671085632386,-2.651379433894663,0.5152741994847165,-3.600423579244616,-6.376414124100105,6.810692054192602,2.965054712319093,0.0425273390036452,True,False,False
9742,アイネス,2026-09-02,2312.0,2527.0,2527.0,2350.2,2306.12,27260.0,2219.0,2234.0,2201.0,2221.0,3300.0,-3.9359861591695466,-4.022491349480973,0.09013068949976777,-12.109220419469723,-12.109220419469723,13.777577667717233,0.0,0.1210564930300807,True,False,False
9743,丹青社,2026-09-02,1515.0,1547.0,1547.0,1526.4,1467.2,304460.0,1513.0,1516.0,1509.0,1511.0,25700.0,-0.26402640264026056,-0.13201320132013583,-0.13218770654329637,-2.3270846800258593,-2.3270846800258593,2.382528127068162,0.0,0.08441174538527228,False,False,False
9744,メイテックグループホールディングス,2026-09-02,3372.0,3458.0,3458.0,3403.4,3341.76,477600.0,3330.0,3360.0,3323.0,3354.0,72300.0,-0.5338078291814985,-1.245551601423489,0.7207207207207134,-3.007518796992481,-3.007518796992481,3.100775193798455,0.0,0.1513819095477387,True,False,False
9746,ＴＫＣ,2026-09-02,4115.0,4185.0,4185.0,4146.0,3988.0,71900.0,4120.0,4165.0,4120.0,4155.0,8700.0,0.9720534629404698,0.12150668286756705,0.8495145631068013,-0.7168458781361964,-0.7168458781361964,0.7220216606498298,0.0,0.12100139082058414,True,False,False
9753,アイエックス・ナレッジ,2026-09-02,1393.0,1395.0,1395.0,1371.4,1336.92,3680.0,1389.0,1389.0,1389.0,1389.0,200.0,-0.2871500358937573,-0.2871500358937573,0.0,-0.4301075268817178,-0.4301075268817178,0.4319654427645814,0.0,0.05434782608695652,False,False,False
9755,応用地質,2026-09-02,2780.0,2913.0,2913.0,2836.0,2840.0,67520.0,2785.0,2795.0,2776.0,2789.0,5300.0,0.3237410071942337,0.17985611510791255,0.1436265709156226,-4.256779951939582,-4.256779951939582,4.446038006453934,0.0,0.07849526066350711,True,False,False
9757,船井総研ホールディングス,2026-09-02,1169.0,1191.0,1191.0,1177.8,1143.24,312600.0,1177.0,1183.0,1174.0,1181.0,61800.0,1.026518391787845,0.6843455945252375,0.3398470688190214,-0.8396305625524736,-0.8396305625524736,0.8467400508044065,0.0,0.19769673704414586,True,False,False
9759,ＮＳＤ,2026-09-02,2891.0,2996.5,3021.0,2933.8,2840.54,248360.0,2910.0,2910.0,2877.0,2892.0,22200.0,0.03459010722932643,0.6572120373573132,-0.6185567010309256,-3.487401968963788,-4.270109235352537,4.460580912863077,0.8176205573168671,0.08938637461749074,False,False,False
9760,進学会ホールディングス,2026-09-02,121.0,123.0,123.0,120.4,119.48,33180.0,119.0,119.0,119.0,119.0,6700.0,-1.6528925619834656,-1.6528925619834656,0.0,-3.2520325203251987,-3.2520325203251987,3.3613445378151363,0.0,0.20192887281494876,False,False,False
9761,東海リース,2026-09-02,2431.0,2480.0,2480.0,2442.4,2413.08,3120.0,2429.0,2455.0,2406.0,2439.0,3100.0,0.32908268202385127,-0.08227067050596837,0.4116920543433489,-1.653225806451608,-1.653225806451608,1.6810168101681011,0.0,0.9935897435897436,True,False,False
9763,丸建リース,2026-09-02,1307.0,1338.0,1338.0,1319.2,1300.36,9620.0,1306.0,1309.0,1303.0,1309.0,1700.0,0.15302218821728886,-0.07651109410864443,0.22970903522205877,-2.167414050822125,-2.167414050822125,2.2154316271963292,0.0,0.17671517671517672,True,False,False
9765,オオバ,2026-09-02,1181.0,1196.0,1196.0,1178.6,1150.28,11580.0,1177.0,1177.0,1175.0,1175.0,500.0,-0.5080440304826461,-0.3386960203217604,-0.1699235344095107,-1.755852842809369,-1.755852842809369,1.7872340425531874,0.0,0.04317789291882556,False,False,False
9766,コナミグループ,2026-09-02,21720.0,22685.0,22980.0,21965.0,21562.4,438560.0,22020.0,22030.0,21600.0,21650.0,46600.0,-0.32228360957642366,1.3812154696132506,-1.6802906448682986,-4.562486224377338,-5.787641427328117,6.143187066974587,1.3004187789288135,0.10625684056913536,False,False,False
9767,日建工学,2026-09-02,1601.0,1670.0,1670.0,1576.2,1562.76,1520.0,1635.0,1635.0,1635.0,1635.0,200.0,2.1236727045596426,2.1236727045596426,0.0,-2.095808383233533,-2.095808383233533,2.1406727828746197,0.0,0.13157894736842105,False,False,False
9768,いであ,2026-09-02,3810.0,3950.0,3950.0,3863.0,3720.0,15440.0,3785.0,3790.0,3780.0,3780.0,1600.0,-0.7874015748031482,-0.6561679790026198,-0.13210039630119352,-4.303797468354431,-4.303797468354431,4.497354497354489,0.0,0.10362694300518134,False,False,False
9769,学究社,2026-09-02,2590.0,2719.0,2778.0,2626.2,2649.48,13660.0,2583.0,2583.0,2579.0,2583.0,2600.0,-0.2702702702702675,-0.2702702702702675,0.0,-5.001838911364476,-7.0194384449244085,7.549361207897798,2.1699154100772278,0.1903367496339678,False,False,False
9778,昴,2026-09-02,5550.0,5930.0,5930.0,5664.0,5712.8,1120.0,5530.0,5530.0,5530.0,5530.0,200.0,-0.3603603603603567,-0.3603603603603567,0.0,-6.745362563237778,-6.745362563237778,7.233273056057876,0.0,0.17857142857142858,False,False,False
9780,ハリマビステム,2026-09-02,1123.0,1175.0,1175.0,1136.4,1029.8,7860.0,1113.0,1140.0,1113.0,1140.0,10400.0,1.513802315227064,-0.8904719501335756,2.42587601078168,-2.9787234042553234,-2.9787234042553234,3.0701754385964897,0.0,1.3231552162849873,True,False,False
9782,ディーエムエス,2026-09-02,3500.0,3580.0,3620.0,3522.0,3454.6,28620.0,3535.0,3535.0,3535.0,3535.0,500.0,1.0000000000000009,1.0000000000000009,0.0,-1.2569832402234637,-2.3480662983425438,2.40452616690241,1.1173184357541999,0.017470300489168415,False,False,False
9788,ナック,2026-09-02,518.0,536.0,545.0,521.6,528.0,90220.0,519.0,519.0,518.0,518.0,5200.0,0.0,0.19305019305020377,-0.19267822736031004,-3.3582089552238847,-4.954128440366967,5.212355212355213,1.679104477611948,0.05763688760806916,False,False,False
9790,福井コンピュータホールディングス,2026-09-02,3030.0,3210.0,3285.0,3103.0,3114.08,31020.0,3020.0,3030.0,3020.0,3020.0,2200.0,-0.330033003300334,-0.330033003300334,0.0,-5.919003115264799,-8.066971080669717,8.774834437086088,2.336448598130847,0.07092198581560284,False,False,False
9791,ビケンテクノ,2026-09-02,1206.0,1233.0,1234.0,1211.6,1194.12,3020.0,1191.0,1191.0,1191.0,1191.0,100.0,-1.243781094527363,-1.243781094527363,0.0,-3.406326034063256,-3.4846029173419724,3.6104114189756453,0.08110300081103361,0.033112582781456956,False,False,False
9793,ダイセキ,2026-09-02,3730.0,3905.0,3905.0,3801.0,3808.4,132120.0,3755.0,3780.0,3745.0,3750.0,6700.0,0.536193029490617,0.6702412868632601,-0.13315579227696217,-3.969270166453265,-3.969270166453265,4.133333333333344,0.0,0.050711474417196485,False,False,False
9795,ステップ,2026-09-02,2311.0,2338.0,2338.0,2317.6,2267.6,17720.0,2291.0,2293.0,2279.0,2293.0,4800.0,-0.7788836001730859,-0.8654262224145337,0.08729812309036244,-1.924721984602229,-1.924721984602229,1.962494548626248,0.0,0.2708803611738149,True,False,False
9799,旭情報サービス,2026-09-02,963.0,993.0,1030.0,973.6,951.48,4000.0,955.0,960.0,955.0,960.0,800.0,-0.31152647975077885,-0.830737279335414,0.5235602094240788,-3.3232628398791486,-6.796116504854366,7.291666666666674,3.726082578046319,0.2,True,False,False
9812,テーオーホールディングス,2026-09-02,248.0,255.0,255.0,245.6,240.04,6080.0,248.0,248.0,247.0,247.0,500.0,-0.40322580645161255,0.0,-0.40322580645161255,-3.1372549019607843,-3.1372549019607843,3.238866396761142,0.0,0.08223684210526316,False,False,False
9816,ストライダーズ,2026-09-02,254.0,260.0,260.0,256.4,249.76,2400.0,254.0,254.0,254.0,254.0,1000.0,0.0,0.0,0.0,-2.3076923076923106,-2.3076923076923106,2.3622047244094446,0.0,0.4166666666666667,False,False,False
9818,大丸エナウィン,2026-09-02,1556.0,1600.0,1600.0,1582.2,1526.96,3920.0,1553.0,1553.0,1548.0,1553.0,700.0,-0.1928020565552746,-0.1928020565552746,0.0,-2.937500000000004,-2.937500000000004,3.0264005151320106,0.0,0.17857142857142858,False,False,False
9820,エムティジェネックス,2026-09-02,3830.0,3880.0,3880.0,3833.0,3745.4,760.0,3895.0,3900.0,3895.0,3900.0,200.0,1.8276762402088753,1.6971279373368064,0.12836970474967568,0.5154639175257714,0.5154639175257714,-0.512820512820511,0.0,0.2631578947368421,True,True,True
9823,マミーマートホールディングス,2026-09-02,1016.0,1050.0,1100.0,1026.8,1035.64,65440.0,1016.0,1019.0,1014.0,1017.0,4200.0,0.09842519685039353,0.0,0.09842519685039353,-3.1428571428571472,-7.545454545454544,8.161258603736488,4.761904761904767,0.06418092909535453,True,False,False
9824,泉州電業,2026-09-02,7240.0,7570.0,7570.0,7276.0,6794.8,71820.0,7280.0,7280.0,7110.0,7210.0,8400.0,-0.4143646408839796,0.5524861878453136,-0.9615384615384581,-4.7556142668428,-4.7556142668428,4.993065187239942,0.0,0.11695906432748537,False,False,False
9827,リリカラ,2026-09-02,641.0,650.0,650.0,645.0,632.64,18580.0,637.0,637.0,636.0,636.0,500.0,-0.7800312012480548,-0.6240249609984372,-0.15698587127158659,-2.1538461538461506,-2.1538461538461506,2.2012578616352307,0.0,0.02691065662002153,False,False,False
9828,Ｇｅｎｋｉ　Ｇｌｏｂａｌ　Ｄｉｎｉｎｇ　Ｃｏｎｃｅｐｔｓ,2026-09-02,3345.0,3605.0,3680.0,3492.0,3407.0,66160.0,3355.0,3360.0,3335.0,3335.0,10600.0,-0.2989536621823663,0.2989536621823552,-0.5961251862891204,-7.4895977808599135,-9.375,10.344827586206895,2.0804438280166426,0.16021765417170497,False,False,False
9830,トラスコ中山,2026-09-02,2417.0,2496.0,2496.0,2428.0,2399.12,119000.0,2395.0,2403.0,2366.0,2377.0,12800.0,-1.6549441456350844,-0.9102192800993003,-0.7515657620041805,-4.767628205128204,-4.767628205128204,5.006310475389153,0.0,0.10756302521008404,False,False,False
9831,ヤマダホールディングス,2026-09-02,704.2000122070312,727.5999755859375,767.5999755859375,709.3800048828125,701.8360034179688,3636980.0,710.0,713.0,706.7000122070312,708.2000122070312,572700.0,0.5680204388897492,0.8236279029293136,-0.2535194074603897,-2.666295221255799,-7.7384008947582466,8.387455853579052,5.497526297714339,0.15746580954528208,False,False,False
9832,オートバックスセブン,2026-09-02,1569.0,1590.0,1590.0,1569.6,1541.68,280180.0,1565.0,1572.0,1562.0,1569.0,54700.0,0.0,-0.2549394518801762,0.2555910543130979,-1.3207547169811318,-1.3207547169811318,1.3384321223709472,0.0,0.19523163680491112,True,False,False
9835,ジュンテンドー,2026-09-02,508.0,522.0,522.0,509.6,511.88,5800.0,509.0,509.0,509.0,509.0,400.0,0.19685039370078705,0.19685039370078705,0.0,-2.490421455938696,-2.490421455938696,2.5540275049115824,0.0,0.06896551724137931,False,False,False
9837,モリト,2026-09-02,1809.0,1880.0,1880.0,1825.8,1821.84,58240.0,1795.0,1796.0,1782.0,1785.0,11300.0,-1.3266998341625258,-0.7739082365948002,-0.5571030640668551,-5.053191489361697,-5.053191489361697,5.3221288515406195,0.0,0.19402472527472528,False,False,False
9842,アークランズ,2026-09-02,1846.0,1938.0,2011.0,1861.0,1899.76,956680.0,1856.0,1864.0,1852.0,1864.0,21800.0,0.9750812567713929,0.5417118093174356,0.4310344827586299,-3.818369453044379,-7.309796121332668,7.886266094420602,3.7667698658410798,0.022787138855207594,True,False,False
9843,ニトリホールディングス,2026-09-02,3021.0,3128.0,3128.0,3046.2,2902.84,2576660.0,3300.0,3388.0,3291.0,3331.0,2556900.0,10.261502813637868,9.235352532274078,0.9393939393939288,6.489769820971869,6.489769820971869,-6.094265986190328,0.0,0.9923311573897992,True,True,True
9845,パーカーコーポレーション,2026-09-02,1408.0,1497.0,1645.0,1419.8,1441.2,11320.0,1394.0,1394.0,1394.0,1394.0,700.0,-0.9943181818181768,-0.9943181818181768,0.0,-6.880427521710086,-15.258358662613979,18.00573888091823,9.886439545758186,0.061837455830388695,False,False,False
9846,天満屋ストア,2026-09-02,983.0,1009.0,1011.0,986.0,998.56,12260.0,990.0,990.0,983.0,983.0,3600.0,0.0,0.7121057985757906,-0.7070707070707116,-2.5768087215064406,-2.7695351137487667,2.8484231943031624,0.1982160555004997,0.2936378466557912,False,False,False
9849,共同紙販ホールディングス,2026-09-02,4505.0,4525.0,4525.0,4512.0,4505.6,240.0,4505.0,4505.0,4505.0,4505.0,100.0,0.0,0.0,0.0,-0.44198895027623974,-0.44198895027623974,0.4439511653718142,0.0,0.4166666666666667,False,False,False
9850,グルメ杵屋,2026-09-02,990.0,999.0,1000.0,991.8,983.2,42480.0,989.0,992.0,989.0,990.0,4900.0,0.0,-0.10101010101010166,0.10111223458038054,-0.9009009009009028,-1.0000000000000009,1.0101010101010166,0.10010010010010895,0.11534839924670433,True,False,False
9853,銀座ルノアール,2026-09-02,909.0,915.0,920.0,909.8,908.6,1680.0,909.0,909.0,909.0,909.0,1100.0,0.0,0.0,0.0,-0.6557377049180357,-1.1956521739130421,1.2101210121012063,0.5464480874316946,0.6547619047619048,False,False,False
9854,愛眼,2026-09-02,290.0,300.0,300.0,286.0,278.72,43820.0,290.0,290.0,290.0,290.0,300.0,0.0,0.0,0.0,-3.3333333333333326,-3.3333333333333326,3.4482758620689724,0.0,0.006846188954815153,False,False,False
9856,ケーユーホールディングス,2026-09-02,1235.0,1283.0,1283.0,1259.0,1221.76,75880.0,1227.0,1227.0,1221.0,1224.0,23500.0,-0.8906882591093068,-0.6477732793522262,-0.24449877750610804,-4.598597038191743,-4.598597038191743,4.820261437908502,0.0,0.30969952556668423,False,False,False
9857,英和,2026-09-02,2630.0,2686.0,2686.0,2632.4,2605.48,1380.0,2640.0,2640.0,2612.0,2628.0,600.0,-0.07604562737643095,0.3802281368821214,-0.4545454545454519,-2.159344750558456,-2.159344750558456,2.2070015220700068,0.0,0.43478260869565216,False,False,False
9861,吉野家ホールディングス,2026-09-02,3844.0,3910.0,4099.0,3831.6,3811.76,1092120.0,3820.0,3821.0,3777.0,3782.0,66100.0,-1.6129032258064502,-0.624349635796051,-0.9947643979057563,-3.273657289002563,-7.733593559404728,8.381808566895831,4.833759590792841,0.060524484488884006,False,False,False
9869,加藤産業,2026-09-02,6770.0,6810.0,6810.0,6684.0,6521.6,33760.0,6730.0,6730.0,6670.0,6710.0,3400.0,-0.8862629246676468,-0.5908419497784312,-0.2971768202080227,-1.468428781204112,-1.468428781204112,1.4903129657227954,0.0,0.10071090047393365,False,False,False
9872,北恵,2026-09-02,951.0,967.0,967.0,961.2,953.6,3720.0,960.0,960.0,960.0,960.0,200.0,0.9463722397476282,0.9463722397476282,0.0,-0.7238883143743546,-0.7238883143743546,0.7291666666666696,0.0,0.053763440860215055,False,False,False
9876,コックス,2026-09-02,223.0,226.0,237.0,222.4,222.16,14780.0,226.0,226.0,224.0,224.0,3200.0,0.4484304932735439,1.3452914798206317,-0.8849557522123908,-0.8849557522123908,-5.485232067510548,5.803571428571419,4.867256637168138,0.2165087956698241,False,False,False
9878,セキド,2026-09-02,411.0,420.0,429.0,413.0,413.88,10060.0,413.0,413.0,413.0,413.0,400.0,0.48661800486617945,0.48661800486617945,0.0,-1.6666666666666718,-3.7296037296037254,3.874092009685226,2.1428571428571352,0.039761431411530816,False,False,False
9880,イノテック,2026-09-02,3455.0,3890.0,3890.0,3501.0,3560.0,171620.0,3350.0,3375.0,3330.0,3360.0,13400.0,-2.749638205499272,-3.039073806078152,0.29850746268655914,-13.624678663239076,-13.624678663239076,15.773809523809534,0.0,0.07807947791632677,True,False,False
9882,イエローハット,2026-09-02,1778.0,1817.0,1891.0,1781.0,1776.08,171120.0,1765.0,1774.0,1761.0,1772.0,19600.0,-0.3374578177727794,-0.7311586051743535,0.3966005665722472,-2.476609796367635,-6.292966684294021,6.7155756207675,4.072647220693448,0.11453950444132772,True,False,False
9885,シャルレ,2026-09-02,335.0,340.0,340.0,334.2,334.8,8180.0,334.0,334.0,334.0,334.0,400.0,-0.29850746268657025,-0.29850746268657025,0.0,-1.764705882352946,-1.764705882352946,1.7964071856287456,0.0,0.0488997555012225,False,False,False
9887,松屋フーズホールディングス,2026-09-02,5150.0,5430.0,5430.0,5294.0,5094.4,84540.0,5150.0,5170.0,5150.0,5160.0,9100.0,0.1941747572815622,0.0,0.1941747572815622,-4.972375690607733,-4.972375690607733,5.232558139534893,0.0,0.10764135320558316,True,False,False
9888,ＵＥＸ,2026-09-02,1249.0,1331.0,1331.0,1282.2,1193.68,90020.0,1290.0,1290.0,1270.0,1276.0,3000.0,2.161729383506805,3.2826261008807034,-1.0852713178294615,-4.1322314049586755,-4.1322314049586755,4.31034482758621,0.0,0.033325927571650746,False,False,False
9889,ＪＢＣＣホールディングス,2026-09-02,1680.0,1818.0,1818.0,1739.6,1705.64,162680.0,1666.0,1674.0,1663.0,1667.0,19700.0,-0.7738095238095211,-0.8333333333333304,0.06002400960383181,-8.305830583058304,-8.305830583058304,9.058188362327524,0.0,0.1210966314236538,True,False,False
9890,マキヤ,2026-09-02,1377.0,1406.0,1406.0,1392.0,1364.04,6740.0,1365.0,1365.0,1365.0,1365.0,100.0,-0.8714596949891074,-0.8714596949891074,0.0,-2.916073968705546,-2.916073968705546,3.003663003662993,0.0,0.01483679525222552,False,False,False
9895,コンセック,2026-09-02,1284.0,1285.0,1285.0,1270.6,1266.76,1500.0,1281.0,1287.0,1281.0,1281.0,600.0,-0.2336448598130869,-0.2336448598130869,0.0,-0.3112840466926059,-0.3112840466926059,0.31225604996096834,0.0,0.4,False,False,False
9896,ＪＫホールディングス,2026-09-02,1436.0,1487.0,1487.0,1433.4,1406.6,45020.0,1446.0,1446.0,1440.0,1445.0,3100.0,0.6267409470751995,0.696378830083555,-0.06915629322268302,-2.824478816408882,-2.824478816408882,2.906574394463668,0.0,0.06885828520657486,False,False,False
9900,サガミホールディングス,2026-09-02,1118.0,1186.0,1186.0,1126.4,1090.9,427200.0,1120.0,1125.0,1117.0,1122.0,25100.0,0.3577817531305927,0.17889087656528524,0.17857142857142794,-5.396290050590224,-5.396290050590224,5.704099821746889,0.0,0.05875468164794007,True,False,False
9902,日伝,2026-09-02,3030.0,3225.0,3225.0,3059.0,3047.88,58080.0,3065.0,3070.0,3045.0,3055.0,13000.0,0.8250825082508184,1.1551155115511635,-0.32626427406199365,-5.271317829457367,-5.271317829457367,5.56464811783961,0.0,0.2238292011019284,False,False,False
9903,カンセキ,2026-09-02,894.0,919.0,919.0,896.2,897.48,7880.0,899.0,899.0,899.0,899.0,100.0,0.5592841163311046,0.5592841163311046,0.0,-2.1762785636561532,-2.1762785636561532,2.2246941045606317,0.0,0.012690355329949238,False,False,False
9904,ベリテ,2026-09-02,248.0,255.0,260.0,247.6,244.36,41800.0,246.0,246.0,245.0,246.0,4700.0,-0.8064516129032251,-0.8064516129032251,0.0,-3.529411764705881,-5.384615384615388,5.691056910569103,1.9607843137254832,0.11244019138755981,False,False,False
9906,藤井産業,2026-09-02,4405.0,4460.0,4460.0,4403.0,4221.0,1980.0,4385.0,4385.0,4385.0,4385.0,100.0,-0.4540295119182747,-0.4540295119182747,0.0,-1.681614349775784,-1.681614349775784,1.710376282782211,0.0,0.050505050505050504,False,False,False
9908,日本電計,2026-09-02,2834.0,3015.0,3015.0,2879.6,2722.0,35740.0,2844.0,2850.0,2826.0,2850.0,900.0,0.5645730416372619,0.3528581510232831,0.21097046413502962,-5.472636815920396,-5.472636815920396,5.789473684210522,0.0,0.02518186905428092,True,False,False
9913,日邦産業,2026-09-02,3615.0,3865.0,3865.0,3552.0,3263.8,7260.0,3615.0,3650.0,3615.0,3650.0,500.0,0.9681881051175623,0.0,0.9681881051175623,-5.562742561448896,-5.562742561448896,5.890410958904102,0.0,0.06887052341597796,True,False,False
9928,ミロク情報サービス,2026-09-02,2005.0,2107.0,2107.0,2049.6,1914.64,65740.0,2010.0,2031.0,2004.0,2024.0,4800.0,0.9476309226932766,0.24937655860348684,0.6965174129353269,-3.9392501186521156,-3.9392501186521156,4.100790513833985,0.0,0.0730149072102221,True,False,False
9929,平和紙業,2026-09-02,475.0,477.0,477.0,472.8,470.08,1680.0,476.0,478.0,476.0,478.0,500.0,0.6315789473684275,0.21052631578948322,0.42016806722688926,0.20964360587001352,0.20964360587001352,-0.20920502092049986,0.0,0.2976190476190476,True,True,True
9930,北沢産業,2026-09-02,397.0,418.0,418.0,397.0,390.56,7180.0,398.0,398.0,398.0,398.0,100.0,0.25188916876575096,0.25188916876575096,0.0,-4.784688995215314,-4.784688995215314,5.025125628140703,0.0,0.013927576601671309,False,False,False
9932,杉本商事,2026-09-02,1326.0,1360.0,1361.0,1339.4,1315.48,39140.0,1321.0,1330.0,1318.0,1321.0,4700.0,-0.37707390648566985,-0.37707390648566985,0.0,-2.8676470588235303,-2.9390154298310045,3.02800908402725,0.07352941176470562,0.1200817577925396,False,False,False
9934,因幡電機産業,2026-09-02,3057.0,3170.0,3170.0,3078.0,2985.74,333820.0,3060.0,3078.0,3033.0,3055.0,15900.0,-0.06542361792607476,0.09813542688910104,-0.16339869281045694,-3.6277602523659302,-3.6277602523659302,3.764320785597386,0.0,0.04763045952908753,False,False,False
9936,王将フードサービス,2026-09-02,2945.0,3005.0,3155.0,2964.2,2932.36,228880.0,2942.0,2949.0,2931.0,2942.0,101900.0,-0.10186757215620013,-0.10186757215620013,0.0,-2.0965058236272927,-6.751188589540414,7.239972807613859,4.991680532445919,0.4452114645228941,False,False,False
9941,太洋物産,2026-09-02,1239.0,1269.0,1380.0,1215.6,1206.16,28160.0,1235.0,1241.0,1219.0,1234.0,4400.0,-0.40355125100888234,-0.32284100080710587,-0.08097165991902688,-2.7580772261623365,-10.579710144927535,11.831442463533225,8.747044917257686,0.15625,False,False,False
9946,ミニストップ,2026-09-02,1748.0,1884.0,1895.0,1805.6,1839.04,165100.0,1778.0,1782.0,1767.0,1780.0,15000.0,1.8306636155606348,1.7162471395880896,0.11248593925758943,-5.520169851380041,-6.068601583113454,6.460674157303381,0.5838641188959715,0.09085402786190187,True,False,False
9948,アークス,2026-09-02,3725.0,3835.0,3835.0,3747.0,3654.6,181560.0,3705.0,3760.0,3685.0,3740.0,12400.0,0.402684563758382,-0.5369127516778538,0.9446693657219951,-2.4771838331160367,-2.4771838331160367,2.540106951871657,0.0,0.06829698171403392,True,False,False
9950,ハチバン,2026-09-02,3445.0,3450.0,3450.0,3437.0,3423.0,1660.0,3440.0,3440.0,3440.0,3440.0,200.0,-0.14513788098693414,-0.14513788098693414,0.0,-0.28985507246376274,-0.28985507246376274,0.29069767441860517,0.0,0.12048192771084337,False,False,False
9955,ヨンキュウ,2026-09-02,2818.0,2888.0,2888.0,2830.8,2824.16,1920.0,2820.0,2820.0,2820.0,2820.0,200.0,0.07097232079489313,0.07097232079489313,0.0,-2.3545706371191133,-2.3545706371191133,2.411347517730489,0.0,0.10416666666666667,False,False,False
9956,バローホールディングス,2026-09-02,3260.0,3350.0,3460.0,3289.0,3248.2,160280.0,3265.0,3270.0,3250.0,3270.0,10800.0,0.30674846625766694,0.15337423312884457,0.15313935681469104,-2.3880597014925398,-5.491329479768781,5.810397553516822,3.2835820895522394,0.06738208135762416,True,False,False
9959,アシードホールディングス,2026-09-02,976.0,1180.0,1180.0,984.8,1048.96,99880.0,962.0,963.0,962.0,962.0,2000.0,-1.434426229508201,-1.434426229508201,0.0,-18.47457627118644,-18.47457627118644,22.661122661122658,0.0,0.020024028834601523,False,False,False
9960,東テク,2026-09-02,3915.0,4170.0,4170.0,3869.0,3835.4,79860.0,3845.0,3885.0,3815.0,3875.0,11200.0,-1.0217113665389577,-1.7879948914431676,0.7802340702210753,-7.074340527577938,-7.074340527577938,7.6129032258064555,0.0,0.14024542950162786,True,False,False
9962,ミスミグループ本社,2026-09-02,3629.0,4071.0,4178.0,3717.6,3743.24,1180760.0,3694.0,3716.0,3626.0,3660.0,116200.0,0.8542298153761285,1.7911270322402917,-0.920411478072547,-10.095799557848196,-12.398276687410249,14.153005464480884,2.628346843527396,0.09841119279108371,False,False,False
9969,ショクブン,2026-09-02,235.0,238.0,238.0,234.8,235.24,4580.0,235.0,235.0,235.0,235.0,600.0,0.0,0.0,0.0,-1.2605042016806678,-1.2605042016806678,1.2765957446808418,0.0,0.13100436681222707,False,False,False
9972,アルテック,2026-09-02,280.0,286.0,287.0,280.6,278.24,7460.0,278.0,280.0,278.0,280.0,900.0,0.0,-0.7142857142857117,0.7194244604316502,-2.0979020979020935,-2.4390243902439046,2.499999999999991,0.34965034965035446,0.12064343163538874,True,False,False
9973,ＫＯＺＯホールディングス,2026-09-02,20.0,21.0,21.0,20.2,20.04,366640.0,20.0,20.0,19.0,20.0,111300.0,0.0,0.0,0.0,-4.761904761904767,-4.761904761904767,5.000000000000004,0.0,0.30356753218415883,False,False,False
9974,ベルク,2026-09-02,6830.0,6980.0,6980.0,6844.0,6697.2,32020.0,6860.0,6870.0,6820.0,6840.0,2900.0,0.14641288433381305,0.43923865300146137,-0.2915451895043719,-2.005730659025784,-2.005730659025784,2.0467836257309857,0.0,0.0905683947532792,False,False,False
9976,セキチュー,2026-09-02,1061.0,1091.0,1091.0,1059.0,1055.04,480.0,1083.0,1083.0,1083.0,1083.0,400.0,2.0735155513666337,2.0735155513666337,0.0,-0.7332722273143855,-0.7332722273143855,0.7386888273314796,0.0,0.8333333333333334,False,False,False
9978,文教堂グループホールディングス,2026-09-02,44.0,46.0,46.0,44.4,44.84,75920.0,44.0,44.0,44.0,44.0,13200.0,0.0,0.0,0.0,-4.347826086956519,-4.347826086956519,4.545454545454541,0.0,0.17386722866174922,False,False,False
9979,大庄,2026-09-02,1049.0,1124.0,1140.0,1072.4,1098.8,115200.0,1043.0,1046.0,1040.0,1044.0,19300.0,-0.4766444232602529,-0.5719733079122991,0.09587727708533222,-7.117437722419928,-8.421052631578952,9.195402298850585,1.4234875444839812,0.1675347222222222,True,False,False
9980,ＭＲＫホールディングス,2026-09-02,95.0,98.0,98.0,95.4,95.48,110120.0,94.0,95.0,94.0,95.0,72500.0,0.0,-1.0526315789473717,1.0638297872340496,-3.0612244897959218,-3.0612244897959218,3.157894736842115,0.0,0.6583726843443516,True,False,False
9982,タキヒヨー,2026-09-02,2568.0,2650.0,2650.0,2547.8,2504.68,3080.0,2568.0,2568.0,2520.0,2520.0,900.0,-1.869158878504673,0.0,-1.869158878504673,-4.9056603773584895,-4.9056603773584895,5.158730158730163,0.0,0.2922077922077922,False,False,False
9983,ファーストリテイリング,2026-09-02,70400.0,80080.0,81680.0,71382.0,75706.4,982260.0,68370.0,69000.0,68070.0,68790.0,188500.0,-2.2869318181818143,-2.883522727272725,0.6143045195261099,-14.0984015984016,-15.781096963761021,18.738188690216596,1.998001998001997,0.1919043837680451,True,False,False
9984,ソフトバンクグループ,2026-09-02,4924.0,6230.0,6230.0,5149.4,5332.96,31248740.0,5197.0,5368.0,5181.0,5319.0,13208300.0,8.021933387489844,5.544272948822093,2.347508177794877,-14.622792937399677,-14.622792937399677,17.12727956382778,0.0,0.42268264256414817,True,False,False
9986,蔵王産業,2026-09-02,2480.0,2508.0,2510.0,2487.4,2490.36,2920.0,2480.0,2480.0,2480.0,2480.0,300.0,0.0,0.0,0.0,-1.1164274322169043,-1.195219123505975,1.2096774193548487,0.07974481658692412,0.10273972602739725,False,False,False
9987,スズケン,2026-09-02,5183.0,5284.0,5449.0,5156.6,5060.48,197280.0,5164.0,5197.0,5144.0,5197.0,13900.0,0.2701138336870468,-0.36658306000385554,0.6390395042602526,-1.6464799394398155,-4.624701780143148,4.8489513180681065,3.122634367903099,0.07045823195458233,True,False,False
9989,サンドラッグ,2026-09-02,3668.0,3800.0,4008.0,3714.4,3732.44,537400.0,3692.0,3717.0,3685.0,3705.0,43200.0,1.0087241003271519,0.6543075245365237,0.35211267605634866,-2.500000000000002,-7.559880239520956,8.17813765182187,5.4736842105263195,0.08038704875325642,True,False,False
9990,サックスバー　ホールディングス,2026-09-02,756.0,767.0,791.0,760.2,757.72,59780.0,752.0,753.0,752.0,753.0,6900.0,-0.3968253968253954,-0.5291005291005346,0.13297872340425343,-1.8252933507170832,-4.804045512010113,5.046480743691895,3.1290743155149903,0.11542321846771496,True,False,False
9991,ジェコス,2026-09-02,1751.0,1805.0,1805.0,1771.8,1755.84,39960.0,1752.0,1752.0,1741.0,1745.0,8200.0,-0.34266133637921303,0.05711022272987254,-0.39954337899543724,-3.3240997229916913,-3.3240997229916913,3.4383954154727725,0.0,0.20520520520520522,False,False,False
9993,ヤマザワ,2026-09-02,1158.0,1196.0,1196.0,1167.4,1183.08,6060.0,1159.0,1159.0,1158.0,1158.0,500.0,0.0,0.08635578583764403,-0.08628127696289623,-3.17725752508361,-3.17725752508361,3.2815198618307395,0.0,0.08250825082508251,False,False,False
9994,やまや,2026-09-02,2049.0,2130.0,2130.0,2055.2,2081.64,12940.0,2052.0,2052.0,2052.0,2052.0,300.0,0.14641288433381305,0.14641288433381305,0.0,-3.6619718309859106,-3.6619718309859106,3.801169590643272,0.0,0.023183925811437404,False,False,False
9996,サトー商会,2026-09-02,2071.0,2300.0,2310.0,2064.8,2145.32,320.0,,,,,,,,,,,,0.43478260869564966,,False,False,False
9997,ベルーナ,2026-09-02,1058.0,1092.0,1108.0,1075.0,1044.4,211460.0,1036.0,1040.0,1034.0,1038.0,47200.0,-1.8903591682419618,-2.07939508506616,0.19305019305020377,-4.94505494505495,-6.3176895306859215,6.743737957610785,1.46520146520146,0.22321006336895866,True,False,False
