DetectionDate,Code,Name,BasePrice,InitialScore,Day1Date,Day1HighPct,Day1LowPct,Day1ClosePct,Day2Date,Day2HighPct,Day2LowPct,Day2ClosePct,Day3Date,Day3HighPct,Day3LowPct,Day3ClosePct,Day4Date,Day4HighPct,Day4LowPct,Day4ClosePct,Day5Date,Day5HighPct,Day5LowPct,Day5ClosePct,Day6Date,Day6HighPct,Day6LowPct,Day6ClosePct,Day7Date,Day7HighPct,Day7LowPct,Day7ClosePct,Day8Date,Day8HighPct,Day8LowPct,Day8ClosePct,Day9Date,Day9HighPct,Day9LowPct,Day9ClosePct,Day10Date,Day10HighPct,Day10LowPct,Day10ClosePct,MaxHigh1Pct,PeakDay1,MinLow1Pct,TroughDay1,MaxHigh3Pct,PeakDay3,MinLow3Pct,TroughDay3,MaxHigh5Pct,PeakDay5,MinLow5Pct,TroughDay5,MaxHigh7Pct,PeakDay7,MinLow7Pct,TroughDay7,MaxHigh10Pct,PeakDay10,MinLow10Pct,TroughDay10,TrackingDay1ClosePct,Day1CloseDiff,TrackingDay2ClosePct,Day2CloseDiff,TrackingDay3ClosePct,Day3CloseDiff,TrackingDay4ClosePct,Day4CloseDiff,TrackingDay5ClosePct,Day5CloseDiff,TrackingDay6ClosePct,Day6CloseDiff,TrackingDay7ClosePct,Day7CloseDiff,TrackingDay8ClosePct,Day8CloseDiff,TrackingDay9ClosePct,Day9CloseDiff,TrackingDay10ClosePct,Day10CloseDiff,DetectionChange,DetectionVolumeRatio,ChangeFlag,VolumeFlag,BreakoutFlag,New30HighFlag,ComponentGroup
2026-08-17,3691,デジタルプラス,1806.0,23,2026-08-18,6.47840531561461,-0.0553709856035422,2.7685492801771794,2026-08-19,5.537098560354381,-2.9346622369878173,2.3809523809523725,2026-08-20,4.429678848283492,-0.2214839424141801,3.543743078626793,2026-08-21,3.4330011074197087,-0.6090808416389759,2.7685492801771794,2026-08-24,5.204872646733105,1.9933554817275656,4.097452934662238,2026-08-25,10.575858250276848,5.204872646733105,9.413067552602428,2026-08-26,9.523809523809534,4.928017718715383,5.8693244739756345,2026-08-27,7.419712070874862,2.270210409745288,5.703211517164997,2026-08-28,7.3089700996677776,4.37430786267996,6.035437430786272,2026-08-31,7.973421926910307,3.820598006644516,6.035437430786272,6.47840531561461,1.0,-0.0553709856035422,1.0,6.47840531561461,1.0,-2.9346622369878173,2.0,6.47840531561461,1.0,-2.9346622369878173,2.0,10.575858250276848,6.0,-2.9346622369878173,2.0,10.575858250276848,6.0,-2.9346622369878173,2.0,2.77,-0.0014507198228206,-0.28,2.6609523809523727,1.61,1.933743078626793,0.66,2.1085492801771792,3.21,0.887452934662238,6.26,3.153067552602428,9.14,-3.270675526024366,5.87,-0.1667884828350034,7.31,-1.2745625692137272,4.87,1.1654374307862725,22.65,3.96,True,True,True,True,CVBN
2026-08-17,6071,ＩＢＪ,939.0,23,2026-08-18,3.940362087326954,-0.6389776357827448,2.5559105431310014,2026-08-19,2.8753993610223683,-1.8104366347177825,-1.5974440894568676,2026-08-20,1.1714589989350266,-1.9169329073482453,0.9584664536741228,2026-08-21,3.301384451544198,-0.106496272630463,1.7039403620873197,2026-08-24,3.301384451544198,0.4259850905218298,0.8519701810436597,2026-08-25,0.5324813631522929,-2.2364217252396124,-0.6389776357827448,2026-08-26,1.0649627263045858,-2.1299254526091604,-1.7039403620873306,2026-08-27,1.3844515441959526,-2.342917997870076,-0.8519701810436597,2026-08-28,0.212992545260926,-2.6624068157614533,-2.1299254526091604,2026-08-31,2.4494142705005384,-4.046858359957406,1.9169329073482453,3.940362087326954,1.0,-0.6389776357827448,1.0,3.940362087326954,1.0,-1.9169329073482453,3.0,3.940362087326954,1.0,-1.9169329073482453,3.0,3.940362087326954,1.0,-2.2364217252396124,6.0,3.940362087326954,1.0,-4.046858359957406,10.0,2.56,-0.0040894568689986,-1.38,-0.2174440894568676,-0.75,1.7084664536741228,1.17,0.5339403620873195,2.34,-1.48802981895634,-0.43,-0.2089776357827448,-0.11,-1.5939403620873305,-1.7,0.8480298189563402,-0.53,-1.5999254526091604,-2.13,4.046932907348245,11.77,3.72,True,True,True,True,CVBN
2026-08-17,6092,エンバイオ・ホールディングス,892.0,22,2026-08-18,3.1390134529148077,-1.681614349775784,-0.8968609865470878,2026-08-19,-1.681614349775784,-4.147982062780264,-3.139013452914796,2026-08-20,-1.2331838565022402,-3.923766816143493,-2.6905829596412523,2026-08-21,-2.4663677130044803,-3.47533632286996,-3.363228699551568,2026-08-24,-1.5695067264574036,-3.363228699551568,-3.139013452914796,2026-08-25,-2.914798206278024,-4.7085201793722,-4.147982062780264,2026-08-26,-3.363228699551568,-5.156950672645744,-4.820627802690581,2026-08-27,-3.251121076233188,-5.493273542600896,-5.493273542600896,2026-08-28,-1.7937219730941756,-5.156950672645744,-5.156950672645744,2026-08-31,0.3363228699551523,-4.147982062780264,-2.6905829596412523,3.1390134529148077,1.0,-1.681614349775784,1.0,3.1390134529148077,1.0,-4.147982062780264,2.0,3.1390134529148077,1.0,-4.147982062780264,2.0,3.1390134529148077,1.0,-5.156950672645744,7.0,3.1390134529148077,1.0,-5.493273542600896,8.0,-0.9,0.0031390134529122,-3.48,0.3409865470852038,-3.03,0.3394170403587475,-3.14,-0.223228699551568,-1.68,-1.4590134529147962,-3.36,-0.7879820627802645,-3.7,-1.1206278026905805,-4.26,-1.2332735426008965,-3.36,-1.7969506726457438,-3.25,0.5594170403587477,16.28,4.32,True,True,True,True,CVBN
2026-08-17,247A,Ａｉロボティクス,985.0,21,2026-08-18,8.223350253807116,-4.365482233502538,-3.350253807106596,2026-08-19,-3.756345177664977,-8.527918781725885,-7.614213197969544,2026-08-20,0.4060913705583813,-5.78680203045685,-1.2182741116751217,2026-08-21,-0.9137055837563413,-3.857868020304567,-2.233502538071064,2026-08-24,3.0456852791878264,-1.5228426395939132,-0.1015228426395897,2026-08-25,-0.2030456852791906,-5.888324873096451,-5.076142131979699,2026-08-26,-2.741116751269035,-5.78680203045685,-3.756345177664977,2026-08-27,1.7258883248731038,-4.263959390862948,-0.6091370558375608,2026-08-28,11.776649746192902,-1.015228426395942,9.644670050761416,2026-08-31,8.832487309644677,5.583756345177671,7.106598984771573,8.223350253807116,1.0,-4.365482233502538,1.0,8.223350253807116,1.0,-8.527918781725885,2.0,8.223350253807116,1.0,-8.527918781725885,2.0,8.223350253807116,1.0,-8.527918781725885,2.0,11.776649746192902,9.0,-8.527918781725885,2.0,-3.35,-0.0002538071065956,-7.61,-0.0042131979695438,-2.34,1.1217258883248782,-2.64,0.4064974619289363,1.22,-1.3215228426395895,-1.62,-3.456142131979699,-5.28,1.5236548223350233,-3.05,2.440862944162439,2.74,6.904670050761416,6.7,0.4065989847715725,15.36,3.03,True,True,True,True,CVBN
2026-08-17,3970,イノベーション,975.0,21,2026-08-18,-8.71794871794872,-13.84615384615384,-10.666666666666668,2026-08-19,-9.948717948717944,-12.410256410256416,-11.897435897435892,2026-08-20,-10.974358974358978,-11.897435897435892,-11.487179487179487,2026-08-21,-10.153846153846157,-11.487179487179487,-10.564102564102562,2026-08-24,-9.53846153846154,-12.82051282051282,-12.82051282051282,2026-08-25,-11.076923076923071,-12.82051282051282,-12.307692307692308,2026-08-26,-11.794871794871796,-12.410256410256416,-11.794871794871796,2026-08-27,-10.974358974358978,-12.615384615384617,-12.2051282051282,2026-08-28,-11.17948717948718,-13.230769230769235,-13.230769230769235,2026-08-31,-11.897435897435892,-12.102564102564106,-12.102564102564106,-8.71794871794872,1.0,-13.84615384615384,1.0,-8.71794871794872,1.0,-13.84615384615384,1.0,-8.71794871794872,1.0,-13.84615384615384,1.0,-8.71794871794872,1.0,-13.84615384615384,1.0,-8.71794871794872,1.0,-13.84615384615384,1.0,-10.67,0.003333333333332,-12.0,0.1025641025641075,-11.79,0.3028205128205101,-11.38,0.8158974358974387,-10.77,-2.05051282051282,-12.72,0.4123076923076922,-12.0,0.2051282051282026,-12.31,0.1048717948717996,-12.1,-1.1307692307692356,-12.0,-0.1025641025641057,5.7,4.92,True,True,True,True,CVBN
2026-08-17,9115,明海グループ,1053.0,21,2026-08-18,8.16714150047484,-2.1842355175688555,3.228869895536568,2026-08-19,6.932573599240266,-0.3798670465337106,1.709401709401703,2026-08-20,-1.139601139601143,-8.35707502374169,-7.027540360873696,2026-08-21,7.217473884140557,-7.027540360873696,7.217473884140557,2026-08-24,28.679962013295345,-0.1899335232668608,26.02089268755936,2026-08-25,20.512820512820507,11.111111111111116,13.675213675213673,2026-08-26,19.373219373219364,5.887939221272553,6.552706552706544,2026-08-27,8.26210826210827,-1.8043684710351335,0.2849002849002913,2026-08-28,2.1842355175688555,-1.4245014245014231,0.7597340930674212,2026-08-31,0.6647673314339908,-2.6590693257359965,-1.3295346628679927,8.16714150047484,1.0,-2.1842355175688555,1.0,8.16714150047484,1.0,-8.35707502374169,3.0,28.679962013295345,5.0,-8.35707502374169,3.0,28.679962013295345,5.0,-8.35707502374169,3.0,28.679962013295345,5.0,-8.35707502374169,3.0,3.23,-0.0011301044634319,1.99,-0.2805982905982966,-5.13,-1.8975403608736965,-0.28,7.497473884140557,0.66,25.36089268755936,16.81,-3.134786324786328,10.92,-4.367293447293456,1.23,-0.9450997150997088,0.57,0.1897340930674212,-0.76,-0.5695346628679927,16.61,2.59,True,False,True,True,CBN
2026-08-17,4011,ヘッドウォータース,2299.0,20,2026-08-18,7.872988255763369,-0.6089604175728569,1.8703784254023412,2026-08-19,-0.391474554153981,-4.30622009569378,-2.435841670291428,2026-08-20,6.872553284036531,-3.001304915180514,6.437581557198779,2026-08-21,6.133101348412362,2.2618529795563225,5.176163549369295,2026-08-24,6.698564593301426,1.4354066985645897,2.218355806872552,2026-08-25,2.0443671161374466,-3.3057851239669422,-2.131361461504999,2026-08-26,-0.782949108307962,-4.8281861678990845,-3.349282296650713,2026-08-27,1.565898216615924,-3.349282296650713,1.3049151805132777,2026-08-28,8.742931709438896,2.2618529795563225,6.176598521096133,2026-08-31,12.222705524140933,2.566333188342762,8.56894301870379,7.872988255763369,1.0,-0.6089604175728569,1.0,7.872988255763369,1.0,-4.30622009569378,2.0,7.872988255763369,1.0,-4.30622009569378,2.0,7.872988255763369,1.0,-4.8281861678990845,7.0,12.222705524140933,10.0,-4.8281861678990845,7.0,1.87,0.0003784254023413,-3.48,1.0441583297085724,-1.26,7.697581557198779,2.78,2.396163549369295,4.87,-2.6516441931274484,-0.83,-1.301361461504999,-3.35,0.0007177033492871,-2.0,3.304915180513277,5.05,1.126598521096133,5.0,3.5689430187037896,8.92,2.59,True,False,True,True,CBN
2026-08-17,4392,ＦＩＧ,1241.0,20,2026-08-18,10.95890410958904,-4.512489927477836,6.7687348912167655,2026-08-19,14.665592264302973,-2.417405318291699,13.053988718775187,2026-08-20,15.471394037066876,1.208702659145855,4.834810636583398,2026-08-21,4.190169218372275,-8.863819500402903,-8.783239323126512,2026-08-24,-7.574536663980657,-19.983883964544724,-19.822723609991943,2026-08-25,-16.19661563255439,-21.192586623690566,-17.808219178082197,2026-08-26,-12.489927477840457,-20.06446414182112,-19.3392425463336,2026-08-27,-5.076551168412569,-17.002417405318294,-6.929895245769546,2026-08-28,-3.948428686543115,-10.95890410958904,-8.21917808219178,2026-08-31,-0.8863819500402936,-15.310233682514095,-2.095084609186137,10.95890410958904,1.0,-4.512489927477836,1.0,15.471394037066876,3.0,-4.512489927477836,1.0,15.471394037066876,3.0,-19.983883964544724,5.0,15.471394037066876,3.0,-21.192586623690566,6.0,15.471394037066876,3.0,-21.192586623690566,6.0,6.77,-0.001265108783234,2.98,10.073988718775189,7.82,-2.9851893634166027,-6.12,-2.663239323126512,-14.42,-5.402723609991943,-19.66,1.851780821917803,-16.92,-2.4192425463336,-11.12,4.190104754230453,-7.57,-0.6491780821917796,-12.09,9.994915390813862,17.14,2.69,True,False,True,True,CBN
2026-08-17,5258,トランザクション・メディア・ネットワークス,459.0,20,2026-08-18,0.0,-6.971677559912859,-6.100217864923751,2026-08-19,-5.664488017429193,-9.368191721132902,-8.496732026143794,2026-08-20,-4.575163398692805,-8.932461873638342,-4.793028322440085,2026-08-21,-2.3965141612200425,-6.3180827886710205,-3.9215686274509776,2026-08-24,-3.26797385620915,-7.4074074074074066,-7.189542483660127,2026-08-25,-5.446623093681913,-7.4074074074074066,-5.882352941176472,2026-08-26,-5.446623093681913,-7.189542483660127,-6.971677559912859,2026-08-27,-4.793028322440085,-7.189542483660127,-5.882352941176472,2026-08-28,-3.26797385620915,-5.882352941176472,-5.010893246187365,2026-08-31,-3.9215686274509776,-5.882352941176472,-4.139433551198257,0.0,1.0,-6.971677559912859,1.0,0.0,1.0,-9.368191721132902,2.0,0.0,1.0,-9.368191721132902,2.0,0.0,1.0,-9.368191721132902,2.0,0.0,1.0,-9.368191721132902,2.0,-6.1,-0.0002178649237514,-8.28,-0.216732026143795,-8.06,3.266971677559916,-6.32,2.3984313725490227,-3.92,-3.2695424836601275,-5.88,-0.002352941176472,-6.32,-0.6516775599128586,-6.97,1.087647058823528,-3.7,-1.3108932461873648,-5.88,1.7405664488017427,2.28,2.34,False,False,False,True,N
2026-08-17,7091,リビングプラットフォーム,1283.0,20,2026-08-18,0.5455962587685104,-0.0779423226812126,0.2338269680436377,2026-08-19,0.4676539360872978,-1.480904130943106,-1.480904130943106,2026-08-20,-0.3897116134060741,-0.9353078721745955,-0.5455962587685104,2026-08-21,-0.623538581449723,-1.0911925175370207,-1.0911925175370207,2026-08-24,-0.3897116134060741,-1.169134840218233,-0.3897116134060741,2026-08-25,0.4676539360872978,-0.7794232268121593,0.4676539360872978,2026-08-26,0.857365549493383,-0.9353078721745955,-0.9353078721745955,2026-08-27,0.3117692907248726,-0.7794232268121593,-0.7794232268121593,2026-08-28,1.169134840218233,-1.4029618082618822,0.9353078721745955,2026-08-31,1.3250194855806807,0.1558846453624252,0.9353078721745955,0.5455962587685104,1.0,-0.0779423226812126,1.0,0.5455962587685104,1.0,-1.480904130943106,2.0,0.5455962587685104,1.0,-1.480904130943106,2.0,0.857365549493383,7.0,-1.480904130943106,2.0,1.3250194855806807,10.0,-1.480904130943106,2.0,0.23,0.0038269680436377,-0.23,-1.250904130943106,-0.47,-0.0755962587685104,-0.78,-0.3111925175370207,-0.47,0.0802883865939259,0.16,0.3076539360872977,0.86,-1.7953078721745954,0.23,-1.0094232268121592,0.7,0.2353078721745956,1.25,-0.3146921278254044,8.31,2.29,True,False,True,True,CBN
2026-08-17,7695,交換できるくん,865.0,20,2026-08-18,-1.387283236994219,-2.6589595375722586,-2.6589595375722586,2026-08-19,0.4624277456647396,-3.2369942196531776,-1.1560693641618491,2026-08-20,2.4277456647398887,-2.543352601156068,0.9248554913294792,2026-08-21,1.734104046242768,-1.1560693641618491,-1.1560693641618491,2026-08-24,1.2716763005780285,-1.2716763005780396,0.4624277456647396,2026-08-25,4.277456647398847,-0.5780346820809301,4.277456647398847,2026-08-26,8.554913294797695,3.121387283236987,6.242774566473996,2026-08-27,6.358381502890165,3.005780346820819,5.664739884393066,2026-08-28,9.017341040462432,5.433526011560685,6.936416184971095,2026-08-31,6.705202312138736,3.005780346820819,3.699421965317917,-1.387283236994219,1.0,-2.6589595375722586,1.0,2.4277456647398887,3.0,-3.2369942196531776,2.0,2.4277456647398887,3.0,-3.2369942196531776,2.0,8.554913294797695,7.0,-3.2369942196531776,2.0,9.017341040462432,9.0,-3.2369942196531776,2.0,-2.66,0.0010404624277415,-1.27,0.1139306358381508,-0.58,1.5048554913294794,-0.23,-0.9260693641618492,-0.46,0.9224277456647396,0.23,4.047456647398847,7.4,-1.157225433526004,5.32,0.344739884393066,5.78,1.1564161849710946,5.78,-2.080578034682083,12.5,3.45,True,True,True,True,CVBN
2026-08-17,8995,誠建設工業,1980.0,20,2026-08-18,20.2020202020202,20.2020202020202,20.2020202020202,2026-08-19,29.393939393939394,-5.05050505050505,-3.2828282828282878,2026-08-20,16.91919191919191,-15.808080808080804,-14.090909090909086,2026-08-21,-15.25252525252525,-24.292929292929287,-22.070707070707076,2026-08-24,-21.565656565656568,-26.76767676767676,-22.020202020202017,2026-08-25,-14.191919191919188,-25.35353535353535,-22.626262626262623,2026-08-26,-20.2020202020202,-27.27272727272727,-27.27272727272727,2026-08-27,-22.32323232323232,-26.616161616161616,-23.636363636363637,2026-08-28,-22.57575757575757,-26.616161616161616,-23.83838383838384,2026-08-31,-20.45454545454546,-26.111111111111107,-24.7979797979798,20.2020202020202,1.0,20.2020202020202,1.0,29.393939393939394,2.0,-15.808080808080804,3.0,29.393939393939394,2.0,-26.76767676767676,5.0,29.393939393939394,2.0,-27.27272727272727,7.0,29.393939393939394,2.0,-27.27272727272727,7.0,20.2,0.0020202020202013,10.1,-13.382828282828289,4.24,-18.33090909090909,-22.17,0.0992929292929289,-26.41,4.389797979797983,-14.9,-7.726262626262626,-23.54,-3.732727272727271,-23.13,-0.5063636363636341,-25.56,1.7216161616161614,-25.0,0.2020202020202042,25.32,1.57,True,False,True,True,CBN
2026-08-17,9467,アルファポリス,1205.0,20,2026-08-18,1.078838174273855,-3.402489626556016,-2.0746887966805017,2026-08-19,4.481327800829882,-1.8257261410788428,4.066390041493784,2026-08-20,6.473029045643153,2.821576763485467,5.6431535269709565,2026-08-21,4.730290456431541,1.1618257261410747,1.6597510373443924,2026-08-24,2.24066390041493,-0.0829875518672196,0.8298755186721962,2026-08-25,1.2448132780082943,-1.4107883817427336,0.5809128630705374,2026-08-26,2.406639004149369,-0.4149377593360981,-0.3319502074688785,2026-08-27,-0.0829875518672196,-1.4107883817427336,-0.4149377593360981,2026-08-28,0.2489626556016588,-1.991701244813282,-1.991701244813282,2026-08-31,-1.078838174273855,-4.6473029045643095,-1.7427385892116232,1.078838174273855,1.0,-3.402489626556016,1.0,6.473029045643153,3.0,-3.402489626556016,1.0,6.473029045643153,3.0,-3.402489626556016,1.0,6.473029045643153,3.0,-3.402489626556016,1.0,6.473029045643153,3.0,-4.6473029045643095,10.0,-2.07,-0.0046887966805018,3.4,0.6663900414937838,5.48,0.1631535269709561,1.49,0.1697510373443924,1.66,-0.8301244813278037,0.17,0.4109128630705373,1.08,-1.4119502074688786,-1.41,0.9950622406639018,-0.5,-1.491701244813282,-4.15,2.407261410788377,19.74,2.35,True,False,True,True,CBN
2026-08-17,2656,ベクターホールディングス,202.0,19,2026-08-18,1.980198019801982,-3.960396039603964,-0.990099009900991,2026-08-19,8.910891089108919,-2.970297029702973,-0.4950495049504955,2026-08-20,2.475247524752477,-1.980198019801982,-0.990099009900991,2026-08-21,-0.990099009900991,-9.405940594059404,-6.435643564356431,2026-08-24,-0.990099009900991,-5.44554455445545,-2.475247524752477,2026-08-25,-1.980198019801982,-5.44554455445545,-1.980198019801982,2026-08-26,-5.940594059405946,-13.366336633663368,-12.376237623762377,2026-08-27,-9.9009900990099,-17.821782178217827,-9.9009900990099,2026-08-28,-9.9009900990099,-13.366336633663368,-11.88118811881188,2026-08-31,-11.88118811881188,-14.851485148514854,-12.871287128712872,1.980198019801982,1.0,-3.960396039603964,1.0,8.910891089108919,2.0,-3.960396039603964,1.0,8.910891089108919,2.0,-9.405940594059404,4.0,8.910891089108919,2.0,-13.366336633663368,7.0,8.910891089108919,2.0,-17.821782178217827,8.0,-0.99,-9.900990099098728e-05,-2.48,1.9849504950495045,0.0,-0.990099009900991,-7.92,1.4843564356435692,-4.95,2.4747524752475227,-4.46,2.479801980198018,-6.93,-5.446237623762377,-14.36,4.4590099009901,-11.39,-0.4911881188118805,-13.37,0.4987128712871271,5.88,2.32,True,False,True,True,CBN
2026-08-17,3053,ペッパーフードサービス,218.0,19,2026-08-18,-1.834862385321101,-5.963302752293576,-3.2110091743119296,2026-08-19,-2.293577981651373,-6.422018348623848,-4.587155963302747,2026-08-20,-3.2110091743119296,-7.339449541284404,-3.669724770642202,2026-08-21,-3.2110091743119296,-5.504587155963304,-3.669724770642202,2026-08-24,-2.752293577981646,-4.587155963302747,-4.128440366972475,2026-08-25,-2.752293577981646,-4.587155963302747,-2.752293577981646,2026-08-26,-2.752293577981646,-4.128440366972475,-4.128440366972475,2026-08-27,-2.752293577981646,-5.045871559633031,-4.587155963302747,2026-08-28,-4.128440366972475,-5.045871559633031,-5.045871559633031,2026-08-31,-4.587155963302747,-5.963302752293576,-4.587155963302747,-1.834862385321101,1.0,-5.963302752293576,1.0,-1.834862385321101,1.0,-7.339449541284404,3.0,-1.834862385321101,1.0,-7.339449541284404,3.0,-1.834862385321101,1.0,-7.339449541284404,3.0,-1.834862385321101,1.0,-7.339449541284404,3.0,-3.21,-0.0010091743119295,-5.5,0.912844036697253,-6.42,2.750275229357798,-4.59,0.9202752293577978,-2.75,-1.378440366972475,-4.13,1.377706422018354,-3.21,-0.918440366972475,-3.67,-0.9171559633027472,-4.59,-0.4558715596330307,-4.59,0.0028440366972528,10.2,3.26,True,True,True,True,CVBN
2026-08-17,3933,チエル,600.0,19,2026-08-18,-2.0000000000000018,-5.833333333333335,-4.166666666666663,2026-08-19,-4.166666666666663,-8.333333333333337,-7.166666666666666,2026-08-20,-5.000000000000004,-6.499999999999995,-5.833333333333335,2026-08-21,-5.833333333333335,-9.83333333333334,-9.83333333333334,2026-08-24,-6.499999999999995,-8.833333333333337,-6.499999999999995,2026-08-25,-5.000000000000004,-7.166666666666666,-7.166666666666666,2026-08-26,-5.500000000000005,-7.166666666666666,-6.333333333333336,2026-08-27,-5.000000000000004,-8.166666666666666,-5.000000000000004,2026-08-28,-4.833333333333334,-7.166666666666666,-4.833333333333334,2026-08-31,-4.666666666666663,-5.166666666666664,-5.000000000000004,-2.0000000000000018,1.0,-5.833333333333335,1.0,-2.0000000000000018,1.0,-8.333333333333337,2.0,-2.0000000000000018,1.0,-9.83333333333334,4.0,-2.0000000000000018,1.0,-9.83333333333334,4.0,-2.0000000000000018,1.0,-9.83333333333334,4.0,-4.17,0.0033333333333374,-4.33,-2.836666666666666,-6.5,0.6666666666666652,-7.0,-2.8333333333333397,-8.17,1.6700000000000053,-5.0,-2.166666666666666,-7.17,0.8366666666666642,-5.0,-4.440892098500626e-15,-6.67,1.836666666666666,-4.83,-0.1700000000000043,15.52,3.88,True,True,True,True,CVBN
2026-08-17,4932,アルマード,773.0,19,2026-08-18,-0.3880983182406261,-2.457956015523932,-0.3880983182406261,2026-08-19,0.5174644243208348,-2.587322121604141,-2.587322121604141,2026-08-20,-0.5174644243208237,-2.3285899094437235,-1.0349288486416586,2026-08-21,-0.5174644243208237,-1.8111254851229,-0.90556274256145,2026-08-24,0.0,-1.5523932729624823,-1.5523932729624823,2026-08-25,-1.2936610608020649,-2.975420439844756,-2.7166882276843496,2026-08-26,-0.7761966364812412,-2.8460543337645583,-1.8111254851229,2026-08-27,-0.7761966364812412,-2.069857697283317,-1.681759379042691,2026-08-28,1.1642949547218562,-1.1642949547218673,1.1642949547218562,2026-08-31,2.069857697283317,0.5174644243208348,1.681759379042691,-0.3880983182406261,1.0,-2.457956015523932,1.0,0.5174644243208348,2.0,-2.587322121604141,2.0,0.5174644243208348,2.0,-2.587322121604141,2.0,0.5174644243208348,2.0,-2.975420439844756,6.0,2.069857697283317,10.0,-2.975420439844756,6.0,-0.39,0.0019016817593738,-1.16,-1.427322121604141,-0.52,-0.5149288486416586,-0.52,-0.3855627425614498,-0.13,-1.4223932729624824,-1.81,-0.9066882276843496,-1.94,0.1288745148771002,-1.81,0.128240620957309,-0.65,1.814294954721856,1.16,0.5217593790426911,7.03,2.75,True,False,True,True,CBN
2026-08-17,6036,ＫｅｅＰｅｒ技研,3235.0,19,2026-08-18,-1.081916537867078,-6.800618238021638,-6.4914992272024685,2026-08-19,-0.1545595054095794,-7.264296754250388,-2.782071097372485,2026-08-20,3.863987635239563,-0.9273570324574988,-0.1545595054095794,2026-08-21,2.163833075734156,-2.318392581143736,1.5455950540958163,2026-08-24,3.4003091190108137,0.4636785162287493,1.7001545595054068,2026-08-25,2.3183925811437467,0.1545595054095905,1.5455950540958163,2026-08-26,3.091190108191655,-1.391035548686248,0.1545595054095905,2026-08-27,0.7727975270479082,-1.391035548686248,-0.4636785162287493,2026-08-28,2.782071097372496,-0.4636785162287493,1.7001545595054068,2026-08-31,5.1004636785162205,0.1545595054095905,4.173106646058722,-1.081916537867078,1.0,-6.800618238021638,1.0,3.863987635239563,3.0,-7.264296754250388,2.0,3.863987635239563,3.0,-7.264296754250388,2.0,3.863987635239563,3.0,-7.264296754250388,2.0,5.1004636785162205,10.0,-7.264296754250388,2.0,-6.49,-0.0014992272024683,-1.24,-1.542071097372485,1.39,-1.544559505409579,0.0,1.5455950540958163,1.7,0.0001545595054068,1.08,0.4655950540958162,2.47,-2.3154404945904097,-0.77,0.3063214837712507,1.08,0.6201545595054068,1.08,3.0931066460587218,7.34,2.73,True,False,True,True,CBN
2026-08-17,6082,ライドオンエクスプレスホールディングス,1042.0,19,2026-08-18,-0.4798464491362786,-1.8234165067178452,-1.8234165067178452,2026-08-19,-1.343570057581578,-2.207293666026866,-2.0153550863723613,2026-08-20,-1.8234165067178452,-2.7831094049904026,-2.0153550863723613,2026-08-21,-1.8234165067178452,-2.7831094049904026,-1.8234165067178452,2026-08-24,-0.1919385796545158,-2.49520153550864,-0.6717850287907834,2026-08-25,-0.4798464491362786,-1.6314779270633406,-1.055662188099804,2026-08-26,-1.151631477927062,-1.9193857965451036,-1.151631477927062,2026-08-27,-1.4395393474088247,-2.49520153550864,-2.303262955854124,2026-08-28,-1.7274472168905983,-2.6871401151631447,-2.6871401151631447,2026-08-31,-2.111324376199619,-2.7831094049904026,-2.49520153550864,-0.4798464491362786,1.0,-1.8234165067178452,1.0,-0.4798464491362786,1.0,-2.7831094049904026,3.0,-0.1919385796545158,5.0,-2.7831094049904026,3.0,-0.1919385796545158,5.0,-2.7831094049904026,3.0,-0.1919385796545158,5.0,-2.7831094049904026,3.0,-1.82,-0.0034165067178453,-1.92,-0.0953550863723613,-2.21,0.1946449136276387,-2.02,0.1965834932821546,-2.3,1.6282149712092164,-0.96,-0.095662188099804,-1.44,0.2883685220729379,-1.63,-0.6732629558541241,-2.11,-0.5771401151631448,-2.59,0.0947984644913599,4.62,3.36,False,True,True,True,VBN
2026-08-17,366A,ウェルネス・コミュニケーションズ,1120.0,18,2026-08-18,4.464285714285721,0.0,0.7142857142857117,2026-08-19,1.5178571428571486,-0.8035714285714257,1.1607142857142927,2026-08-20,3.125,0.9821428571428648,1.7857142857142794,2026-08-21,2.0535714285714324,0.1785714285714279,1.1607142857142927,2026-08-24,3.035714285714275,0.8035714285714368,1.5178571428571486,2026-08-25,2.0535714285714324,0.9821428571428648,1.1607142857142927,2026-08-26,2.678571428571419,1.1607142857142927,2.2321428571428603,2026-08-27,2.946428571428572,1.3392857142857206,2.499999999999991,2026-08-28,6.875000000000009,1.9642857142857075,6.25,2026-08-31,8.92857142857142,5.803571428571419,6.964285714285712,4.464285714285721,1.0,0.0,1.0,4.464285714285721,1.0,-0.8035714285714257,2.0,4.464285714285721,1.0,-0.8035714285714257,2.0,4.464285714285721,1.0,-0.8035714285714257,2.0,8.92857142857142,10.0,-0.8035714285714257,2.0,0.71,0.0042857142857117,0.0,1.1607142857142927,2.14,-0.3542857142857207,0.8,0.3607142857142926,2.32,-0.8021428571428513,1.52,-0.3592857142857073,1.25,0.9821428571428604,2.14,0.359999999999991,3.57,2.68,7.5,-0.5357142857142883,7.09,2.47,True,False,True,True,CBN
2026-08-17,4766,ピーエイ,199.0,20,2026-08-18,2.5125628140703515,-0.5025125628140725,1.005025125628145,2026-08-19,0.5025125628140614,-0.5025125628140725,-0.5025125628140725,2026-08-20,2.01005025125629,-0.5025125628140725,1.005025125628145,2026-08-21,1.5075376884422065,0.0,1.5075376884422065,2026-08-24,3.015075376884413,0.5025125628140614,3.015075376884413,2026-08-25,4.020100502512558,3.015075376884413,3.015075376884413,2026-08-26,5.025125628140703,3.015075376884413,4.020100502512558,2026-08-27,5.025125628140703,3.015075376884413,4.522613065326642,2026-08-28,7.537688442211055,3.5175879396984966,7.537688442211055,2026-08-31,8.5427135678392,5.5276381909547645,7.035175879396993,2.5125628140703515,1.0,-0.5025125628140725,1.0,2.5125628140703515,1.0,-0.5025125628140725,1.0,3.015075376884413,5.0,-0.5025125628140725,1.0,5.025125628140703,7.0,-0.5025125628140725,1.0,8.5427135678392,10.0,-0.5025125628140725,1.0,1.01,-0.0049748743718549,0.5,-1.0025125628140723,0.5,0.505025125628145,0.5,1.0075376884422065,1.51,1.505075376884413,3.02,-0.004924623115587,3.02,1.000100502512558,3.52,1.0026130653266416,4.02,3.517688442211055,8.54,-1.504824120603006,4.17,1.6,False,False,True,True,BN
2026-08-17,500A,ＴＯブックス,3220.0,19,2026-08-18,0.3105590062111751,-1.552795031055898,0.3105590062111751,2026-08-19,0.1552795031055875,-2.329192546583847,-0.1552795031055875,2026-08-20,2.329192546583858,-3.4161490683229823,2.329192546583858,2026-08-21,1.8633540372670727,0.1552795031055875,0.7763975155279601,2026-08-24,2.0186335403726607,0.6211180124223503,2.0186335403726607,2026-08-25,1.8633540372670727,0.6211180124223503,1.8633540372670727,2026-08-26,3.105590062111796,1.0869565217391353,2.1739130434782705,2026-08-27,2.9503105590062084,1.0869565217391353,1.552795031055898,2026-08-28,5.900621118012417,2.1739130434782705,5.900621118012417,2026-08-31,8.54037267080745,4.347826086956519,8.54037267080745,0.3105590062111751,1.0,-1.552795031055898,1.0,2.329192546583858,3.0,-3.4161490683229823,3.0,2.329192546583858,3.0,-3.4161490683229823,3.0,3.105590062111796,7.0,-3.4161490683229823,3.0,8.54037267080745,10.0,-3.4161490683229823,3.0,0.31,0.0005590062111751,-1.4,1.2447204968944123,-3.42,5.749192546583858,1.55,-0.7736024844720399,1.86,0.1586335403726606,1.86,0.003354037267073,3.11,-0.9360869565217294,1.55,0.0027950310558979,2.8,3.100621118012417,5.75,2.79037267080745,6.78,3.33,True,True,True,True,CVBN
2026-08-17,6663,太洋テクノレックス,324.0,19,2026-08-18,-0.3086419753086433,-4.320987654320985,-3.703703703703709,2026-08-19,-3.703703703703709,-6.481481481481477,-6.481481481481477,2026-08-20,-4.629629629629628,-6.481481481481477,-5.864197530864201,2026-08-21,-5.555555555555558,-6.481481481481477,-5.864197530864201,2026-08-24,-4.012345679012341,-6.172839506172845,-5.555555555555558,2026-08-25,-1.5432098765432056,-5.555555555555558,-1.851851851851849,2026-08-26,-2.1604938271604923,-3.0864197530864224,-2.469135802469136,2026-08-27,-1.5432098765432056,-3.0864197530864224,-2.1604938271604923,2026-08-28,-1.851851851851849,-3.0864197530864224,-2.777777777777779,2026-08-31,0.0,-4.320987654320985,-0.6172839506172867,-0.3086419753086433,1.0,-4.320987654320985,1.0,-0.3086419753086433,1.0,-6.481481481481477,2.0,-0.3086419753086433,1.0,-6.481481481481477,2.0,-0.3086419753086433,1.0,-6.481481481481477,2.0,0.0,10.0,-6.481481481481477,2.0,-3.7,-0.0037037037037088,-5.86,-0.6214814814814771,-6.17,0.3058024691357985,-6.17,0.3058024691357985,-5.86,0.3044444444444423,-4.32,2.4681481481481518,-2.47,0.0008641975308645,-2.78,0.6195061728395075,-2.47,-0.3077777777777788,-3.4,2.782716049382713,4.93,2.53,False,False,True,True,BN
2026-08-17,9218,メンタルヘルステクノロジーズ,763.0,19,2026-08-18,0.917431192660545,-0.2621231979030192,0.7863695937090354,2026-08-19,0.7863695937090354,-0.917431192660545,-0.5242463958060273,2026-08-20,1.3106159895150735,-0.3931847968545177,0.917431192660545,2026-08-21,1.572739187418093,0.6553079947575258,1.179554390563564,2026-08-24,1.7038007863696023,0.5242463958060384,0.5242463958060384,2026-08-25,1.572739187418093,0.5242463958060384,1.179554390563564,2026-08-26,2.3591087811271283,0.6553079947575258,1.83486238532109,2026-08-27,3.407601572739183,0.6553079947575258,2.752293577981657,2026-08-28,3.931847968545221,2.6212319790301475,3.931847968545221,2026-08-31,4.456094364351237,2.8833551769331667,4.456094364351237,0.917431192660545,1.0,-0.2621231979030192,1.0,1.3106159895150735,3.0,-0.917431192660545,2.0,1.7038007863696023,5.0,-0.917431192660545,2.0,2.3591087811271283,7.0,-0.917431192660545,2.0,4.456094364351237,10.0,-0.917431192660545,2.0,0.79,-0.0036304062909646,-0.26,-0.2642463958060272,-0.39,1.307431192660545,1.31,-0.1304456094364359,1.31,-0.7857536041939617,0.66,0.5195543905635641,1.18,0.65486238532109,1.31,1.442293577981657,3.28,0.6518479685452214,3.28,1.1760943643512376,1.6,2.38,False,False,False,True,N
2026-08-17,173A,ハンモック,1600.0,18,2026-08-18,-1.0624999999999996,-1.8750000000000044,-1.5625,2026-08-19,-2.0000000000000018,-3.812499999999997,-3.125,2026-08-20,-3.1874999999999987,-5.312499999999998,-3.687499999999999,2026-08-21,-1.500000000000001,-3.687499999999999,-1.624999999999999,2026-08-24,-1.4375000000000029,-1.937500000000003,-1.937500000000003,2026-08-25,-0.4375000000000018,-2.500000000000002,-1.624999999999999,2026-08-26,-1.5625,-3.125,-2.0000000000000018,2026-08-27,-2.187499999999998,-3.1874999999999987,-2.500000000000002,2026-08-28,-2.6874999999999982,-2.6874999999999982,-2.6874999999999982,2026-08-31,-2.0625000000000004,-2.749999999999997,-2.0625000000000004,-1.0624999999999996,1.0,-1.8750000000000044,1.0,-1.0624999999999996,1.0,-5.312499999999998,3.0,-1.0624999999999996,1.0,-5.312499999999998,3.0,-0.4375000000000018,6.0,-5.312499999999998,3.0,-0.4375000000000018,6.0,-5.312499999999998,3.0,-1.56,-0.0024999999999999,-3.12,-0.0049999999999998,-3.19,-0.4974999999999991,-1.62,-0.0049999999999985,-1.62,-0.317500000000003,-1.94,0.3150000000000013,-1.88,-0.1200000000000018,-2.5,-2.220446049250313e-15,-2.69,0.0025000000000017,-2.06,-0.0025000000000003,0.38,1.93,False,False,False,True,N
2026-08-17,3067,東京一番フーズ,462.0,18,2026-08-18,0.6493506493506551,-0.4329004329004293,0.6493506493506551,2026-08-19,0.4329004329004293,-0.4329004329004293,-0.4329004329004293,2026-08-20,-0.4329004329004293,-1.0822510822510845,-0.4329004329004293,2026-08-21,0.0,-1.2987012987012991,-0.649350649350644,2026-08-24,-0.4329004329004293,-1.0822510822510845,-0.4329004329004293,2026-08-25,-0.649350649350644,-1.2987012987012991,-1.0822510822510845,2026-08-26,-0.649350649350644,-1.0822510822510845,-0.8658008658008698,2026-08-27,-0.649350649350644,-1.0822510822510845,-0.8658008658008698,2026-08-28,-0.4329004329004293,-1.0822510822510845,-0.649350649350644,2026-08-31,0.6493506493506551,0.2164502164502257,0.6493506493506551,0.6493506493506551,1.0,-0.4329004329004293,1.0,0.6493506493506551,1.0,-1.0822510822510845,3.0,0.6493506493506551,1.0,-1.2987012987012991,4.0,0.6493506493506551,1.0,-1.2987012987012991,4.0,0.6493506493506551,1.0,-1.2987012987012991,4.0,0.65,-0.0006493506493449,-0.22,-0.2129004329004293,-0.65,0.2170995670995706,-0.43,-0.219350649350644,-0.43,-0.0029004329004293,-0.43,-0.6522510822510845,-0.87,0.0041991341991302,-0.87,0.0041991341991302,-0.65,0.000649350649356,0.43,0.2193506493506551,0.88,2.16,False,False,True,True,BN
2026-08-17,4393,バンク・オブ・イノベーション,5330.0,18,2026-08-18,3.001876172607876,-2.06378986866792,-1.500938086303938,2026-08-19,-1.6885553470919357,-3.9399624765478425,-2.6266416510318917,2026-08-20,1.8761726078799332,-2.4390243902439046,-0.9380863039399668,2026-08-21,1.6885553470919357,-2.814258911819889,1.6885553470919357,2026-08-24,5.44090056285178,0.7504690431519689,4.878048780487809,2026-08-25,5.44090056285178,2.251407129455907,3.189493433395873,2026-08-26,10.506566604127588,5.065666041275807,5.816135084427776,2026-08-27,10.694183864915562,4.690431519699811,10.506566604127588,2026-08-28,17.82363977485928,10.88180112570356,11.63227016885553,2026-08-31,10.694183864915562,7.692307692307687,9.756097560975618,3.001876172607876,1.0,-2.06378986866792,1.0,3.001876172607876,1.0,-3.9399624765478425,2.0,5.44090056285178,5.0,-3.9399624765478425,2.0,10.506566604127588,7.0,-3.9399624765478425,2.0,17.82363977485928,9.0,-3.9399624765478425,2.0,-1.5,-0.0009380863039378,-3.75,1.1233583489681087,0.94,-1.878086303939967,-1.88,3.568555347091936,3.0,1.8780487804878088,3.75,-0.5605065666041265,7.13,-1.313864915572224,5.44,5.066566604127588,16.7,-5.067729831144469,9.57,0.1860975609756181,3.88,2.35,False,False,True,True,BN
2026-08-17,9362,兵機海運,3730.0,18,2026-08-18,0.536193029490617,-0.2680965147453085,-0.2680965147453085,2026-08-19,-1.3404825737265424,-2.0107238605898137,-2.0107238605898137,2026-08-20,-2.0107238605898137,-2.0107238605898137,-2.0107238605898137,2026-08-21,-0.8042895442359255,-2.278820375335122,-0.9383378016085796,2026-08-24,0.0,-0.9383378016085796,-0.8042895442359255,2026-08-25,1.8766756032171596,-0.8042895442359255,1.3404825737265424,2026-08-26,1.8766756032171596,1.742627345844494,1.742627345844494,2026-08-27,1.742627345844494,1.742627345844494,1.742627345844494,2026-08-28,0.8042895442359255,-0.8042895442359255,-0.8042895442359255,2026-08-31,-0.8042895442359255,-0.8042895442359255,-0.8042895442359255,0.536193029490617,1.0,-0.2680965147453085,1.0,0.536193029490617,1.0,-2.0107238605898137,2.0,0.536193029490617,1.0,-2.278820375335122,4.0,1.8766756032171596,6.0,-2.278820375335122,4.0,1.8766756032171596,6.0,-2.278820375335122,4.0,-0.27,0.0019034852546915,-2.01,-0.0007238605898138,-2.01,-0.0007238605898138,-2.28,1.34166219839142,-0.13,-0.6742895442359255,1.88,-0.5395174262734574,1.74,0.002627345844494,1.74,0.002627345844494,-0.8,-0.0042895442359254,-0.8,-0.0042895442359254,3.18,2.22,False,False,True,False,B
2026-08-17,166A,タスキホールディングス,1188.0,17,2026-08-18,1.7676767676767735,-3.030303030303028,-3.030303030303028,2026-08-19,-2.441077441077444,-5.387205387205385,-3.9562289562289576,2026-08-20,-1.5151515151515138,-4.208754208754206,-2.609427609427606,2026-08-21,-2.8619528619528656,-4.882154882154888,-3.2828282828282878,2026-08-24,2.188552188552184,-2.6936026936026924,1.4309764309764272,2026-08-25,2.2727272727272707,-0.0841750841750865,0.8417508417508435,2026-08-26,2.5252525252525304,0.7575757575757569,1.0101010101010166,2026-08-27,2.441077441077444,0.5892255892255838,1.262626262626254,2026-08-28,3.114478114478114,0.6734006734006703,1.85185185185186,2026-08-31,1.5151515151515138,-0.8417508417508435,-0.4208754208754217,1.7676767676767735,1.0,-3.030303030303028,1.0,1.7676767676767735,1.0,-5.387205387205385,2.0,2.188552188552184,5.0,-5.387205387205385,2.0,2.5252525252525304,7.0,-5.387205387205385,2.0,3.114478114478114,9.0,-5.387205387205385,2.0,-3.03,-0.0003030303030278,-4.55,0.5937710437710422,-3.37,0.7605723905723942,-4.71,1.4271717171717129,-1.77,3.2009764309764277,1.35,-0.5082491582491566,2.1,-1.0898989898989837,1.6,-0.337373737373746,2.1,-0.24814814814814,1.26,-1.6808754208754215,4.1,1.34,False,False,True,True,BN
2026-08-17,3489,フェイスネットワーク,850.0,17,2026-08-18,1.5294117647058902,-0.7058823529411784,1.5294117647058902,2026-08-19,1.2941176470588234,-0.7058823529411784,1.17647058823529,2026-08-20,3.0588235294117583,1.17647058823529,2.70588235294118,2026-08-21,3.294117647058825,1.8823529411764683,2.4705882352941133,2026-08-24,2.4705882352941133,1.17647058823529,1.5294117647058902,2026-08-25,1.764705882352935,0.2352941176470668,1.17647058823529,2026-08-26,2.5882352941176467,1.4117647058823568,1.6470588235294017,2026-08-27,3.7647058823529367,1.4117647058823568,3.294117647058825,2026-08-28,3.529411764705892,2.2352941176470686,2.5882352941176467,2026-08-31,2.117647058823535,1.2941176470588234,1.6470588235294017,1.5294117647058902,1.0,-0.7058823529411784,1.0,3.0588235294117583,3.0,-0.7058823529411784,1.0,3.294117647058825,4.0,-0.7058823529411784,1.0,3.294117647058825,4.0,-0.7058823529411784,1.0,3.7647058823529367,8.0,-0.7058823529411784,1.0,1.53,-0.0005882352941097,-0.24,1.41647058823529,2.0,0.7058823529411802,2.35,0.1205882352941132,2.12,-0.5905882352941099,1.18,-0.00352941176471,2.24,-0.5929411764705987,2.0,1.2941176470588251,3.41,-0.8217647058823534,1.53,0.1170588235294014,4.02,2.04,False,False,True,True,BN
2026-08-17,4027,テイカ,2477.0,17,2026-08-18,0.928542591844983,-3.068227694792092,-2.6645135244247053,2026-08-19,-3.148970528865558,-8.276140492531292,-6.459426725878082,2026-08-20,-6.055712555510695,-7.670569236980218,-6.580540976988292,2026-08-21,-3.189341945902302,-7.710940654016952,-3.431570448122734,2026-08-24,-3.431570448122734,-6.499798142914814,-5.934598304400485,2026-08-25,-4.642712959224871,-5.934598304400485,-4.723455793298347,2026-08-26,-3.350827614049257,-5.409769882922888,-3.552684699232944,2026-08-27,-2.3819136051675405,-5.692369802180053,-5.65199838514332,2026-08-28,-3.794913201453376,-6.378683891804604,-5.894226887363752,2026-08-31,-1.0092854259184492,-7.347597900686309,-1.7359709325797337,0.928542591844983,1.0,-3.068227694792092,1.0,0.928542591844983,1.0,-8.276140492531292,2.0,0.928542591844983,1.0,-8.276140492531292,2.0,0.928542591844983,1.0,-8.276140492531292,2.0,0.928542591844983,1.0,-8.276140492531292,2.0,-2.66,-0.0045135244247052,-7.75,1.2905732741219182,-7.19,0.6094590230117083,-6.7,3.2684295518772664,-4.88,-1.0545983044004847,-4.88,0.1565442067016524,-5.09,1.5373153007670557,-2.87,-2.78199838514332,-4.68,-1.2142268873637525,-2.79,1.0540290674202666,4.17,1.4,False,False,True,True,BN
2026-08-17,7877,永大化工,2250.0,20,2026-08-18,0.6222222222222129,-1.0222222222222244,0.6222222222222129,2026-08-19,-0.0888888888888939,-0.2222222222222236,-0.2222222222222236,2026-08-20,-0.2222222222222236,-2.1333333333333315,-2.1333333333333315,2026-08-21,-2.2666666666666613,-2.2666666666666613,-2.2666666666666613,2026-08-24,-0.7555555555555538,-0.7555555555555538,-0.7555555555555538,2026-08-25,-0.7555555555555538,-1.777777777777778,-1.777777777777778,2026-08-26,-1.6444444444444484,-1.9555555555555548,-1.777777777777778,2026-08-27,-1.6000000000000014,-1.6000000000000014,-1.6000000000000014,2026-08-28,-1.4666666666666717,-1.4666666666666717,-1.4666666666666717,2026-08-31,-0.3555555555555534,-2.0000000000000018,-0.5777777777777771,0.6222222222222129,1.0,-1.0222222222222244,1.0,0.6222222222222129,1.0,-2.1333333333333315,3.0,0.6222222222222129,1.0,-2.2666666666666613,4.0,0.6222222222222129,1.0,-2.2666666666666613,4.0,0.6222222222222129,1.0,-2.2666666666666613,4.0,0.62,0.0022222222222129,-0.22,-0.0022222222222236,-2.13,-0.0033333333333316,-2.27,0.0033333333333387,-0.76,0.0044444444444462,-0.76,-1.017777777777778,-1.96,0.1822222222222218,-1.6,-1.3322676295501878e-15,-1.47,0.0033333333333283,-0.62,0.0422222222222229,3.7,1.33,False,False,True,True,BN
2026-08-17,3963,シンクロ・フード,372.0,18,2026-08-18,-1.3440860215053752,-6.720430107526887,-4.838709677419351,2026-08-19,-3.7634408602150495,-9.139784946236562,-7.795698924731187,2026-08-20,-5.913978494623651,-9.946236559139788,-7.795698924731187,2026-08-21,-6.451612903225811,-9.139784946236562,-7.526881720430111,2026-08-24,-2.4193548387096757,-8.870967741935488,-7.526881720430111,2026-08-25,-3.7634408602150495,-8.602150537634412,-7.795698924731187,2026-08-26,-2.9569892473118253,-8.333333333333337,-4.3010752688172005,2026-08-27,-4.838709677419351,-7.795698924731187,-6.451612903225811,2026-08-28,-2.9569892473118253,-5.913978494623651,-4.3010752688172005,2026-08-31,-3.2258064516129004,-7.258064516129037,-4.838709677419351,-1.3440860215053752,1.0,-6.720430107526887,1.0,-1.3440860215053752,1.0,-9.946236559139788,3.0,-1.3440860215053752,1.0,-9.946236559139788,3.0,-1.3440860215053752,1.0,-9.946236559139788,3.0,-1.3440860215053752,1.0,-9.946236559139788,3.0,-4.84,0.0012903225806493,-8.6,0.8043010752688122,-7.26,-0.5356989247311876,-8.6,1.073118279569888,-6.72,-0.8068817204301117,-6.99,-0.8056989247311872,-4.3,-0.0010752688172006,-5.11,-1.341612903225811,-5.38,1.0789247311827994,-6.18,1.3412903225806492,3.32,1.61,False,False,True,True,BN
2026-08-17,9902,日伝,3205.0,18,2026-08-18,0.312012480499213,-2.184087363494536,-2.028081123244929,2026-08-19,-2.6521060842433664,-6.864274570982842,-6.396255850234011,2026-08-20,-5.148205928237126,-6.396255850234011,-5.304212168486744,2026-08-21,-4.836193447737913,-6.084243369734788,-5.304212168486744,2026-08-24,-3.900156006240252,-5.304212168486744,-5.304212168486744,2026-08-25,-4.99219968798752,-6.240249609984394,-5.616224648985957,2026-08-26,-4.056162246489858,-5.616224648985957,-4.056162246489858,2026-08-27,-3.588143525741028,-4.99219968798752,-4.524180967238689,2026-08-28,-4.056162246489858,-5.460218408736351,-5.148205928237126,2026-08-31,-4.368174726989082,-6.084243369734788,-4.368174726989082,0.312012480499213,1.0,-2.184087363494536,1.0,0.312012480499213,1.0,-6.864274570982842,2.0,0.312012480499213,1.0,-6.864274570982842,2.0,0.312012480499213,1.0,-6.864274570982842,2.0,0.312012480499213,1.0,-6.864274570982842,2.0,-2.03,0.0019188767550706,-6.24,-0.156255850234011,-5.93,0.6257878315132555,-5.93,0.6257878315132555,-4.52,-0.7842121684867447,-4.99,-0.6262246489859571,-5.46,1.4038377535101416,-3.9,-0.6241809672386887,-4.37,-0.7782059282371261,-5.62,1.251825273010918,4.55,2.04,False,False,True,True,BN
2026-08-17,3195,ジェネレーションパス,638.0,7,2026-08-18,1.097178683385569,-1.4106583072100332,-0.470219435736674,2026-08-19,1.724137931034475,-2.8213166144200663,-0.313479623824453,2026-08-20,1.2539184952978122,-0.1567398119122209,0.6269592476489061,2026-08-21,1.8808777429467185,-1.253918495297801,1.8808777429467185,2026-08-24,2.507836990595602,0.7836990595611271,1.724137931034475,2026-08-25,2.19435736677116,-0.1567398119122209,2.19435736677116,2026-08-26,5.642633228840133,2.19435736677116,5.4858934169278895,2026-08-27,6.739811912225702,4.38871473354232,6.739811912225702,2026-08-28,8.777429467084641,5.799373040752354,7.993730407523514,2026-08-31,14.733542319749215,7.523510971786829,13.793103448275868,1.097178683385569,1.0,-1.4106583072100332,1.0,1.724137931034475,2.0,-2.8213166144200663,2.0,2.507836990595602,5.0,-2.8213166144200663,2.0,5.642633228840133,7.0,-2.8213166144200663,2.0,14.733542319749215,10.0,-2.8213166144200663,2.0,-0.47,-0.000219435736674,-2.66,2.346520376175547,0.31,0.3169592476489061,-1.25,3.1308777429467183,1.88,-0.1558620689655248,1.72,0.4743573667711602,2.19,3.295893416927889,5.49,1.2498119122257014,8.46,-0.466269592476487,10.82,2.973103448275868,6.87,3.22,True,True,True,True,CVBN
2026-08-17,3936,グローバルウェイ,185.0,7,2026-08-18,8.108108108108114,-11.891891891891891,-11.351351351351347,2026-08-19,-11.351351351351347,-15.67567567567567,-15.135135135135137,2026-08-20,-10.81081081081081,-14.59459459459459,-11.351351351351347,2026-08-21,-11.351351351351347,-15.67567567567567,-12.972972972972974,2026-08-24,-12.972972972972974,-16.216216216216218,-15.135135135135137,2026-08-25,-14.054054054054054,-16.216216216216218,-15.135135135135137,2026-08-26,-14.59459459459459,-16.75675675675675,-16.216216216216218,2026-08-27,-15.135135135135137,-19.45945945945946,-17.2972972972973,2026-08-28,-15.135135135135137,-17.83783783783783,-17.2972972972973,2026-08-31,-17.2972972972973,-19.45945945945946,-18.91891891891892,8.108108108108114,1.0,-11.891891891891891,1.0,8.108108108108114,1.0,-15.67567567567567,2.0,8.108108108108114,1.0,-16.216216216216218,5.0,8.108108108108114,1.0,-16.75675675675675,7.0,8.108108108108114,1.0,-19.45945945945946,8.0,-11.35,-0.0013513513513476,-15.14,0.0048648648648637,-12.97,1.618648648648653,-14.05,1.077027027027027,-13.51,-1.625135135135137,-15.68,0.5448648648648629,-15.68,-0.5362162162162178,-16.22,-1.0772972972972994,-15.14,-2.1572972972972977,-18.38,-0.5389189189189167,12.8,4.51,True,True,True,True,CVBN
2026-08-17,6276,シリウスビジョン,382.0,7,2026-08-18,18.324607329842934,-0.5235602094240788,11.256544502617793,2026-08-19,18.324607329842934,1.8324607329842868,4.712041884816753,2026-08-20,10.209424083769637,2.0942408376963373,6.020942408376961,2026-08-21,11.256544502617793,-4.712041884816753,-4.188481675392675,2026-08-24,6.282722513089012,-4.188481675392675,3.141361256544495,2026-08-25,1.0471204188481575,-3.4031413612565453,0.0,2026-08-26,0.2617801047120505,-12.565445026178011,-10.994764397905756,2026-08-27,-3.926701570680624,-9.685863874345548,-7.59162303664922,2026-08-28,-5.759162303664922,-8.376963350785338,-6.282722513089,2026-08-31,3.141361256544495,-5.497382198952883,-2.617801047120416,18.324607329842934,1.0,-0.5235602094240788,1.0,18.324607329842934,1.0,-0.5235602094240788,1.0,18.324607329842934,1.0,-4.712041884816753,4.0,18.324607329842934,1.0,-12.565445026178011,7.0,18.324607329842934,1.0,-12.565445026178011,7.0,11.26,-0.0034554973822071,3.4,1.3120418848167534,5.24,0.7809424083769612,6.28,-10.468481675392674,-1.83,4.971361256544495,-0.26,0.26,-3.4,-7.594764397905754,-6.54,-1.05162303664922,-7.33,1.0472774869109998,-2.09,-0.5278010471204162,6.7,3.98,True,True,True,True,CVBN
2026-08-17,1447,ＳＡＡＦホールディングス,404.0,5,2026-08-18,3.2178217821782207,-5.198019801980203,-4.207920792079212,2026-08-19,-1.7326732673267342,-3.712871287128716,-1.980198019801982,2026-08-20,-1.2376237623762387,-3.2178217821782207,-1.980198019801982,2026-08-21,0.0,-2.475247524752477,-1.4851485148514865,2026-08-24,0.0,-1.980198019801982,0.0,2026-08-25,0.4950495049504955,-1.4851485148514865,-0.990099009900991,2026-08-26,6.930693069306937,-0.990099009900991,3.960396039603964,2026-08-27,5.693069306930698,2.722772277227725,4.455445544554459,2026-08-28,6.188118811881194,3.4653465346534684,6.188118811881194,2026-08-31,6.683168316831689,1.2376237623762387,2.475247524752477,3.2178217821782207,1.0,-5.198019801980203,1.0,3.2178217821782207,1.0,-5.198019801980203,1.0,3.2178217821782207,1.0,-5.198019801980203,1.0,6.930693069306937,7.0,-5.198019801980203,1.0,6.930693069306937,7.0,-5.198019801980203,1.0,-4.21,0.0020792079207883,-2.72,0.7398019801980182,-1.24,-0.740198019801982,-1.98,0.4948514851485135,-1.73,1.73,-0.5,-0.490099009900991,4.46,-0.499603960396036,3.96,0.4954455445544594,3.71,2.4781188118811937,4.21,-1.7347524752475223,6.6,3.09,True,True,False,False,CV
2026-08-17,150A,ＪＳＨ,664.0,5,2026-08-18,15.060240963855431,-4.216867469879515,15.060240963855431,2026-08-19,20.180722891566276,5.873493975903621,9.036144578313255,2026-08-20,23.795180722891573,6.475903614457823,20.63253012048192,2026-08-21,18.67469879518073,9.63855421686748,12.349397590361445,2026-08-24,14.156626506024097,3.162650602409633,13.25301204819278,2026-08-25,17.771084337349397,7.831325301204828,9.036144578313255,2026-08-26,15.963855421686745,9.036144578313255,15.210843373493963,2026-08-27,15.81325301204819,10.391566265060238,11.596385542168688,2026-08-28,18.975903614457824,11.144578313253016,15.210843373493963,2026-08-31,21.53614457831325,14.608433734939762,21.23493975903614,15.060240963855431,1.0,-4.216867469879515,1.0,23.795180722891573,3.0,-4.216867469879515,1.0,23.795180722891573,3.0,-4.216867469879515,1.0,23.795180722891573,3.0,-4.216867469879515,1.0,23.795180722891573,3.0,-4.216867469879515,1.0,15.06,0.0002409638554308,8.58,0.4561445783132551,7.53,13.102530120481916,11.45,0.8993975903614455,7.23,6.023012048192779,12.2,-3.163855421686744,12.8,2.4108433734939645,12.95,-1.3536144578313127,12.95,2.260843373493966,17.47,3.7649397590361424,7.27,4.01,True,True,False,False,CV
2026-08-17,1960,サンテック,1780.0,5,2026-08-18,0.2247191011236049,-2.696629213483148,-2.303370786516856,2026-08-19,-3.6516853932584303,-7.584269662921351,-7.134831460674162,2026-08-20,-4.7752808988764,-6.629213483146068,-5.561797752808984,2026-08-21,-5.168539325842692,-7.247191011235953,-5.61797752808989,2026-08-24,-5.393258426966296,-6.910112359550558,-5.393258426966296,2026-08-25,-4.719101123595504,-5.786516853932588,-4.7752808988764,2026-08-26,-3.93258426966292,-5.786516853932588,-5.280898876404494,2026-08-27,-4.49438202247191,-7.415730337078652,-7.247191011235953,2026-08-28,-6.123595505617974,-7.808988764044944,-6.966292134831464,2026-08-31,-7.02247191011236,-8.820224719101121,-7.02247191011236,0.2247191011236049,1.0,-2.696629213483148,1.0,0.2247191011236049,1.0,-7.584269662921351,2.0,0.2247191011236049,1.0,-7.584269662921351,2.0,0.2247191011236049,1.0,-7.584269662921351,2.0,0.2247191011236049,1.0,-8.820224719101121,10.0,-2.3,-0.0033707865168564,-7.3,0.1651685393258377,-5.39,-0.1717977528089838,-6.69,1.0720224719101106,-6.74,1.3467415730337038,-5.39,0.6147191011236002,-5.34,0.0591011235955054,-4.66,-2.5871910112359533,-6.74,-0.2262921348314641,-7.7,0.6775280898876401,5.08,0.54,True,False,True,True,CBN
2026-08-17,2983,アールプランナー,1689.0,5,2026-08-18,-0.6512729425695696,-3.5523978685612745,-2.841918294849022,2026-08-19,-3.9668442865600895,-7.637655417406752,-7.519242155121375,2026-08-20,-3.9668442865600895,-6.927175843694489,-4.499703966844281,2026-08-21,-2.48667850799289,-5.150976909413851,-2.545885139135584,2026-08-24,0.2368265245707546,-2.841918294849022,-0.1776198934280604,2026-08-25,0.2960331557134488,-2.072232089994075,-2.013025458851392,2026-08-26,-0.82889283599763,-3.1379514505624595,-3.1379514505624595,2026-08-27,-2.48667850799289,-4.440497335701599,-4.440497335701599,2026-08-28,-2.605091770278267,-4.085257548845467,-3.315571343990531,2026-08-31,1.1841326228537508,-5.210183540556546,1.1841326228537508,-0.6512729425695696,1.0,-3.5523978685612745,1.0,-0.6512729425695696,1.0,-7.637655417406752,2.0,0.2368265245707546,5.0,-7.637655417406752,2.0,0.2960331557134488,6.0,-7.637655417406752,2.0,1.1841326228537508,10.0,-7.637655417406752,2.0,-2.84,-0.0019182948490219,-7.28,-0.2392421551213752,-4.8,0.3002960331557185,-4.68,2.134114860864416,-2.31,2.13238010657194,0.06,-2.073025458851392,-1.72,-1.4179514505624595,-3.02,-1.4204973357015986,-3.14,-0.1755713439905308,-4.09,5.274132622853751,5.3,2.52,True,False,True,True,CBN
2026-08-17,3187,ミラタップ,365.0,5,2026-08-18,14.794520547945211,-0.2739726027397249,9.589041095890405,2026-08-19,10.410958904109592,2.191780821917799,4.109589041095885,2026-08-20,4.109589041095885,-2.73972602739726,-1.9178082191780852,2026-08-21,9.31506849315069,-1.6438356164383603,1.6438356164383494,2026-08-24,0.8219178082191858,-2.465753424657535,-0.8219178082191747,2026-08-25,5.205479452054784,-1.3698630136986356,0.5479452054794498,2026-08-26,4.109589041095885,-2.1917808219178103,-1.6438356164383603,2026-08-27,1.3698630136986356,-2.1917808219178103,-1.3698630136986356,2026-08-28,1.3698630136986356,-2.465753424657535,-1.6438356164383603,2026-08-31,0.5479452054794498,-2.465753424657535,-2.465753424657535,14.794520547945211,1.0,-0.2739726027397249,1.0,14.794520547945211,1.0,-2.73972602739726,3.0,14.794520547945211,1.0,-2.73972602739726,3.0,14.794520547945211,1.0,-2.73972602739726,3.0,14.794520547945211,1.0,-2.73972602739726,3.0,9.59,-0.0009589041095949,6.3,-2.190410958904115,1.64,-3.557808219178085,4.11,-2.466164383561651,0.55,-1.3719178082191748,0.82,-0.2720547945205501,1.64,-3.2838356164383606,-0.27,-1.0998630136986356,0.27,-1.9138356164383603,0.27,-2.7357534246575352,7.04,1.87,True,False,True,True,CBN
2026-08-17,3624,アクセルマーク,90.0,5,2026-08-18,0.0,-11.111111111111116,-4.444444444444439,2026-08-19,0.0,-8.888888888888891,-6.666666666666665,2026-08-20,-4.444444444444439,-11.111111111111116,-6.666666666666665,2026-08-21,-1.1111111111111072,-7.777777777777772,-1.1111111111111072,2026-08-24,-1.1111111111111072,-11.111111111111116,-7.777777777777772,2026-08-25,-5.555555555555558,-9.999999999999998,-8.888888888888891,2026-08-26,-7.777777777777772,-12.222222222222223,-12.222222222222223,2026-08-27,-4.444444444444439,-12.222222222222223,-6.666666666666665,2026-08-28,-2.222222222222225,-7.777777777777772,-5.555555555555558,2026-08-31,0.0,-5.555555555555558,-2.222222222222225,0.0,1.0,-11.111111111111116,1.0,0.0,1.0,-11.111111111111116,1.0,0.0,1.0,-11.111111111111116,1.0,0.0,1.0,-12.222222222222223,7.0,0.0,1.0,-12.222222222222223,7.0,-4.44,-0.0044444444444389,-6.67,0.0033333333333347,-10.0,3.333333333333335,-5.56,4.4488888888888924,-2.22,-5.557777777777773,-8.89,0.0011111111111095,-7.78,-4.442222222222223,-11.11,4.443333333333334,-2.22,-3.335555555555558,-4.44,2.217777777777775,26.76,2.5,True,False,True,True,CBN
2026-08-17,3633,ＧＭＯペパボ,2389.0,5,2026-08-18,-0.3348681456676439,-3.3905399748848875,-3.3905399748848875,2026-08-19,-2.469652574298875,-5.483465885307659,-3.348681456676439,2026-08-20,-0.4185851820845521,-4.562578484721636,-0.4185851820845521,2026-08-21,1.841774801172047,-1.5906236919213113,0.6278777731268281,2026-08-24,2.344077019673496,0.6697362913352878,2.260359983256599,2026-08-25,2.930096274591887,1.716199246546668,2.804520719966508,2026-08-26,6.697362913352878,2.260359983256599,5.483465885307659,2026-08-27,8.832147341984097,5.483465885307659,8.832147341984097,2026-08-28,10.33905399748849,6.948514022603591,9.20887400586019,2026-08-31,15.069066555043944,9.6693177061532,15.069066555043944,-0.3348681456676439,1.0,-3.3905399748848875,1.0,-0.3348681456676439,1.0,-5.483465885307659,2.0,2.344077019673496,5.0,-5.483465885307659,2.0,6.697362913352878,7.0,-5.483465885307659,2.0,15.069066555043944,10.0,-5.483465885307659,2.0,-3.39,-0.0005399748848873,-3.47,0.1213185433235612,-4.02,3.6014148179154475,-0.38,1.007877773126828,1.72,0.5403599832565991,2.13,0.674520719966508,2.6,2.883465885307659,5.69,3.1421473419840966,10.09,-0.8811259941398095,11.76,3.309066555043943,8.59,3.68,True,True,True,True,CVBN
2026-08-18,3187,ミラタップ,399.0,5,2026-08-19,1.0025062656641603,-6.516290726817042,-4.761904761904767,2026-08-20,-4.761904761904767,-11.027568922305765,-10.275689223057649,2026-08-21,0.0,-10.025062656641603,-7.017543859649122,2026-08-24,-7.769423558897248,-10.77694235588973,-9.27318295739349,2026-08-25,-3.759398496240607,-9.774436090225567,-8.020050125313283,2026-08-26,-4.761904761904767,-10.526315789473683,-10.025062656641603,2026-08-27,-7.268170426065168,-10.526315789473683,-9.774436090225567,2026-08-28,-7.268170426065168,-10.77694235588973,-10.025062656641603,2026-08-31,-8.020050125313283,-10.77694235588973,-10.77694235588973,2026-09-01,-8.771929824561408,-11.27819548872181,-11.27819548872181,1.0025062656641603,1.0,-6.516290726817042,1.0,1.0025062656641603,1.0,-11.027568922305765,2.0,1.0025062656641603,1.0,-11.027568922305765,2.0,1.0025062656641603,1.0,-11.027568922305765,2.0,1.0025062656641603,1.0,-11.27819548872181,10.0,-2.76,-2.0019047619047674,-7.02,-3.255689223057649,-4.76,-2.257543859649122,-8.02,-1.2531829573934896,-7.77,-0.2500501253132832,-7.02,-3.005062656641604,-8.77,-1.0044360902255691,-8.27,-1.755062656641604,-8.27,-2.5069423558897306,-11.28,0.0018045112781894,9.59,2.59,True,False,True,True,CBN
2026-08-18,7018,内海造船,12840.0,5,2026-08-19,-2.492211838006231,-10.280373831775702,-9.657320872274145,2026-08-20,-0.9345794392523366,-7.320872274143298,-6.464174454828664,2026-08-21,-8.177570093457941,-13.473520249221185,-11.059190031152644,2026-08-24,-7.398753894081,-13.395638629283493,-8.09968847352025,2026-08-25,-2.258566978193144,-10.20249221183801,-2.8037383177570097,2026-08-26,-3.1152647975077885,-7.242990654205606,-6.464174454828664,2026-08-27,0.3115264797507677,-6.464174454828664,0.3115264797507677,2026-08-28,4.750778816199386,-1.5576323987538945,3.4267912772585563,2026-08-31,3.4267912772585563,-1.7912772585669812,0.4672897196261738,2026-09-01,1.2461059190031154,-4.361370716510904,-2.10280373831776,-2.492211838006231,1.0,-10.280373831775702,1.0,-0.9345794392523366,2.0,-13.473520249221185,3.0,-0.9345794392523366,2.0,-13.473520249221185,3.0,0.3115264797507677,7.0,-13.473520249221185,3.0,4.750778816199386,8.0,-13.473520249221185,3.0,-9.5,-0.1573208722741448,-2.02,-4.444174454828664,-13.24,2.180809968847356,-12.85,4.75031152647975,-8.1,5.29626168224299,-5.76,-0.7041744548286637,-6.46,6.771526479750768,1.71,1.7167912772585563,-0.86,1.3272897196261737,1.25,-3.35280373831776,5.44,1.77,True,False,True,True,CBN
2026-08-18,8070,東京産業,923.0,5,2026-08-19,3.4669555796316365,0.3250270855904569,1.1917659804983716,2026-08-20,2.8169014084507005,-0.2166847237269786,1.7334777898158071,2026-08-21,1.9501625135427856,0.3250270855904569,1.625135427952329,2026-08-24,3.033586132177679,0.7583965330444142,1.625135427952329,2026-08-25,2.600216684723722,0.9750812567713928,2.491874322860244,2026-08-26,6.608884073672816,2.491874322860244,6.175514626218859,2026-08-27,6.175514626218859,4.7670639219935085,5.525460455037923,2026-08-28,5.308775731310944,2.925243770314201,3.900325027085594,2026-08-31,6.392199349945837,4.008667388949072,6.067172264355358,2026-09-01,8.559046587215601,5.417118093174422,8.342361863488623,3.4669555796316365,1.0,0.3250270855904569,1.0,3.4669555796316365,1.0,-0.2166847237269786,2.0,3.4669555796316365,1.0,-0.2166847237269786,2.0,6.608884073672816,6.0,-0.2166847237269786,2.0,8.559046587215601,10.0,-0.2166847237269786,2.0,0.76,0.4317659804983715,1.52,0.2134777898158071,1.41,0.2151354279523289,1.3,0.3251354279523288,2.06,0.4318743228602435,4.88,1.2955146262188588,5.31,0.2154604550379231,5.09,-1.189674972914406,4.77,1.2971722643553587,6.93,1.4123618634886237,8.1,3.05,True,True,True,True,CVBN
2026-08-18,8841,テーオーシー,1034.0,5,2026-08-19,3.965183752417789,-2.4177949709864643,2.51450676982592,2026-08-20,4.545454545454541,1.837524177949712,2.9013539651837617,2026-08-21,5.609284332688591,2.8046421663442844,4.835589941972929,2026-08-24,6.866537717601551,-0.2901353965183761,0.19342359767891,2026-08-25,0.5802707930367523,-1.2572533849129597,-0.2901353965183761,2026-08-26,0.5802707930367523,-0.8704061895551285,0.0,2026-08-27,1.740812379110257,-0.096711798839455,0.3868471953578423,2026-08-28,1.1605415860735049,-0.8704061895551285,-0.4835589941972973,2026-08-31,0.4835589941972973,-1.837524177949712,0.19342359767891,2026-09-01,1.934235976789167,-0.5802707930367523,1.0638297872340496,3.965183752417789,1.0,-2.4177949709864643,1.0,5.609284332688591,3.0,-2.4177949709864643,1.0,6.866537717601551,4.0,-2.4177949709864643,1.0,6.866537717601551,4.0,-2.4177949709864643,1.0,6.866537717601551,4.0,-2.4177949709864643,1.0,-0.29,2.8045067698259194,3.19,-0.2886460348162383,4.06,0.7755899419729291,2.22,-2.02657640232109,0.1,-0.3901353965183761,0.0,0.0,0.97,-0.5831528046421577,0.58,-1.0635589941972974,-0.97,1.16342359767891,0.87,0.1938297872340496,8.09,2.98,True,False,True,True,CBN
2026-08-18,6472,ＮＴＮ,410.2,4,2026-08-19,-5.899561189663571,-9.995121353722269,-9.995121353722269,2026-08-20,-8.386156071923756,-9.921989273525112,-9.33691031289996,2026-08-21,-8.605559752197856,-10.287664553876152,-8.824963432471966,2026-08-24,-7.70355775145889,-8.873723112391819,-8.678691832395014,2026-08-25,-8.288636712084042,-9.653825913331149,-9.093126792665917,2026-08-26,-8.288636712084042,-9.702585593251,-9.166258872863086,2026-08-27,-7.82544951157591,-9.4831819129769,-8.922475352629055,2026-08-28,-8.239884471846814,-9.410042393097118,-9.263770793020164,2026-08-31,-8.459288152120914,-11.043394954538178,-8.629939592157786,2026-09-01,-6.192104389817466,-9.751337833488238,-6.192104389817466,-5.899561189663571,1.0,-9.995121353722269,1.0,-5.899561189663571,1.0,-10.287664553876152,3.0,-5.899561189663571,1.0,-10.287664553876152,3.0,-5.899561189663571,1.0,-10.287664553876152,3.0,-5.899561189663571,1.0,-11.043394954538178,9.0,-9.41,-0.5851213537222684,-8.97,-0.3669103128999591,-9.95,1.1250365675280332,-8.53,-0.1486918323950146,-9.09,-0.0031267926659168,-9.39,0.2237411271369147,-8.0,-0.9224753526290552,-8.46,-0.8037707930201634,-9.9,1.2700604078422142,-7.87,1.6778956101825342,1.35,1.37,False,False,False,False,NONE
2026-08-18,7035,ａｎｄ　ｆａｃｔｏｒｙ,293.0,4,2026-08-19,4.778156996587035,-7.167235494880542,-1.3651877133105783,2026-08-20,0.3412969283276501,-4.778156996587035,-3.0716723549488067,2026-08-21,-3.4129692832764458,-9.21501706484642,-7.167235494880542,2026-08-24,-6.825938566552903,-11.262798634812288,-7.508532423208192,2026-08-25,-5.460750853242324,-8.19112627986348,-7.167235494880542,2026-08-26,-6.1433447098976135,-8.532423208191132,-7.849829351535831,2026-08-27,-6.1433447098976135,-9.897610921501707,-8.87372013651877,2026-08-28,-15.699658703071671,-20.47781569965871,-17.74744027303754,2026-08-31,-17.064846416382252,-19.795221843003407,-18.77133105802048,2026-09-01,-18.430034129692828,-21.160409556314,-20.13651877133106,4.778156996587035,1.0,-7.167235494880542,1.0,4.778156996587035,1.0,-9.21501706484642,3.0,4.778156996587035,1.0,-11.262798634812288,4.0,4.778156996587035,1.0,-11.262798634812288,4.0,4.778156996587035,1.0,-21.160409556314,10.0,-5.8,4.4348122866894215,-4.44,1.3683276450511936,-8.53,1.3627645051194577,-9.9,2.3914675767918085,-7.85,0.682764505119458,-6.14,-1.7098293515358316,-8.87,-0.0037201365187709,-16.38,-1.3674402730375412,-18.43,-0.3413310580204793,-19.11,-1.0265187713310588,12.74,4.9,True,True,True,True,CVBN
2026-08-18,3323,レカム,94.0,3,2026-08-19,-3.1914893617021267,-8.510638297872342,-4.255319148936165,2026-08-20,-2.127659574468088,-5.319148936170215,-2.127659574468088,2026-08-21,-3.1914893617021267,-6.382978723404253,-5.319148936170215,2026-08-24,-2.127659574468088,-6.382978723404253,-5.319148936170215,2026-08-25,-1.0638297872340383,-5.319148936170215,-2.127659574468088,2026-08-26,3.1914893617021267,-2.127659574468088,2.127659574468077,2026-08-27,3.1914893617021267,0.0,1.0638297872340496,2026-08-28,5.319148936170204,1.0638297872340496,3.1914893617021267,2026-08-31,4.255319148936176,0.0,2.127659574468077,2026-09-01,4.255319148936176,1.0638297872340496,3.1914893617021267,-3.1914893617021267,1.0,-8.510638297872342,1.0,-2.127659574468088,2.0,-8.510638297872342,1.0,-1.0638297872340383,5.0,-8.510638297872342,1.0,3.1914893617021267,6.0,-8.510638297872342,1.0,5.319148936170204,8.0,-8.510638297872342,1.0,-5.32,1.0646808510638357,-4.26,2.132340425531912,-5.32,0.0008510638297849,-6.38,1.0608510638297846,-3.19,1.0623404255319118,1.06,1.067659574468077,1.06,0.0038297872340495,4.26,-1.068510638297873,1.06,1.067659574468077,2.13,1.0614893617021268,2.25,0.12,False,False,False,False,NONE
2026-08-18,3350,メタプラネット,232.0,3,2026-08-19,3.0172413793103425,-6.896551724137934,-6.034482758620685,2026-08-20,12.5,5.603448275862077,9.051724137931028,2026-08-21,33.62068965517242,21.55172413793103,31.89655172413792,2026-08-24,39.22413793103448,25.0,31.46551724137932,2026-08-25,46.98275862068966,28.44827586206897,42.24137931034482,2026-08-26,34.48275862068966,28.87931034482758,33.62068965517242,2026-08-27,33.189655172413794,27.586206896551737,31.034482758620683,2026-08-28,54.74137931034482,37.06896551724137,49.13793103448276,2026-08-31,39.6551724137931,33.189655172413794,34.48275862068966,2026-09-01,43.96551724137932,32.75862068965518,40.51724137931034,3.0172413793103425,1.0,-6.896551724137934,1.0,33.62068965517242,3.0,-6.896551724137934,1.0,46.98275862068966,5.0,-6.896551724137934,1.0,46.98275862068966,5.0,-6.896551724137934,1.0,54.74137931034482,8.0,-6.896551724137934,1.0,-6.47,0.4355172413793147,6.47,2.5817241379310287,27.59,4.306551724137922,28.88,2.5855172413793177,37.07,5.171379310344818,31.03,2.590689655172419,31.47,-0.4355172413793156,42.67,6.46793103448276,35.34,-0.857241379310345,35.34,5.177241379310338,5.07,1.11,True,False,False,False,C
2026-08-18,3810,サイバーステップホールディングス,240.0,3,2026-08-19,8.333333333333325,-9.999999999999998,-2.083333333333337,2026-08-20,-2.083333333333337,-11.250000000000004,-7.08333333333333,2026-08-21,2.083333333333326,-10.416666666666664,1.2499999999999956,2026-08-24,-0.8333333333333304,-7.916666666666671,-6.666666666666665,2026-08-25,-6.25,-11.250000000000004,-7.916666666666671,2026-08-26,-7.499999999999996,-12.083333333333336,-10.833333333333329,2026-08-27,-11.66666666666667,-20.0,-17.500000000000004,2026-08-28,-13.33333333333333,-31.25,-21.666666666666668,2026-08-31,-22.08333333333333,-30.41666666666667,-28.75,2026-09-01,-25.0,-30.41666666666667,-27.500000000000004,8.333333333333325,1.0,-9.999999999999998,1.0,8.333333333333325,1.0,-11.250000000000004,2.0,8.333333333333325,1.0,-11.250000000000004,2.0,8.333333333333325,1.0,-20.0,7.0,8.333333333333325,1.0,-31.25,8.0,0.83,-2.913333333333337,-3.75,-3.3333333333333304,-7.92,9.169999999999996,-4.17,-2.4966666666666653,-9.17,1.2533333333333283,-7.92,-2.9133333333333287,-14.17,-3.330000000000004,-18.33,-3.3366666666666696,-24.58,-4.169999999999998,-25.83,-1.6700000000000053,5.26,2.23,True,False,True,True,CBN
2026-08-18,3825,リミックスポイント,221.0,3,2026-08-19,-2.26244343891403,-5.429864253393668,-4.072398190045245,2026-08-20,6.334841628959276,-1.8099547511312264,4.52488687782806,2026-08-21,11.764705882352944,6.334841628959276,7.239819004524883,2026-08-24,12.217194570135748,3.619909502262453,4.52488687782806,2026-08-25,10.407239819004532,4.52488687782806,8.597285067873294,2026-08-26,6.334841628959276,0.4524886877828038,2.262443438914019,2026-08-27,4.52488687782806,0.9049773755656076,2.714932126696823,2026-08-28,22.17194570135748,4.52488687782806,19.90950226244344,2026-08-31,14.93212669683257,6.78733031674208,8.597285067873294,2026-09-01,10.859728506787336,7.239819004524883,8.597285067873294,-2.26244343891403,1.0,-5.429864253393668,1.0,11.764705882352944,3.0,-5.429864253393668,1.0,12.217194570135748,4.0,-5.429864253393668,1.0,12.217194570135748,4.0,-5.429864253393668,1.0,22.17194570135748,8.0,-5.429864253393668,1.0,-4.52,0.4476018099547545,-0.9,5.424886877828061,9.5,-2.2601809954751166,6.33,-1.80511312217194,6.33,2.267285067873294,1.36,0.902443438914019,3.62,-0.9050678733031772,8.14,11.769502262443435,9.95,-1.3527149321267051,8.6,-0.0027149321267057,2.39,0.48,False,False,False,False,NONE
2026-08-18,4572,カルナバイオサイエンス,375.0,3,2026-08-19,5.600000000000005,-0.5333333333333301,1.866666666666661,2026-08-20,11.733333333333327,3.200000000000003,8.533333333333326,2026-08-21,8.800000000000008,5.333333333333323,7.466666666666666,2026-08-24,12.26666666666667,8.000000000000007,8.800000000000008,2026-08-25,12.26666666666667,6.666666666666665,11.733333333333327,2026-08-26,12.26666666666667,9.066666666666666,9.066666666666666,2026-08-27,10.133333333333328,5.8666666666666645,7.466666666666666,2026-08-28,14.133333333333333,6.666666666666665,12.79999999999999,2026-08-31,16.266666666666673,10.133333333333328,12.26666666666667,2026-09-01,13.86666666666667,10.933333333333328,12.53333333333333,5.600000000000005,1.0,-0.5333333333333301,1.0,11.733333333333327,2.0,-0.5333333333333301,1.0,12.26666666666667,4.0,-0.5333333333333301,1.0,12.26666666666667,4.0,-0.5333333333333301,1.0,16.266666666666673,9.0,-0.5333333333333301,1.0,1.87,-0.0033333333333391,6.67,1.8633333333333264,6.93,0.5366666666666662,10.67,-1.869999999999992,10.13,1.6033333333333282,10.67,-1.6033333333333335,8.53,-1.0633333333333337,9.33,3.46999999999999,12.27,-0.0033333333333303,13.6,-1.06666666666667,17.49,3.15,True,True,True,True,CVBN
2026-08-18,5103,昭和ホールディングス,5.0,3,2026-08-19,0.0,-40.0,-20.0,2026-08-20,-20.0,-40.0,-40.0,2026-08-21,-40.0,-80.0,-80.0,2026-08-24,-60.0,-80.0,-80.0,,,,,,,,,,,,,,,,,,,,,,,,,0.0,1.0,-40.0,1.0,0.0,1.0,-80.0,3.0,,,,,,,,,,,,,-40.0,20.000000000000004,-20.0,-20.0,-60.0,-20.0,-60.0,-20.0,,,,,,,,,,,,,0.0,2.3,False,False,False,False,NONE
2026-08-18,6027,弁護士ドットコム,3635.0,3,2026-08-19,22.145804676753777,8.665749656121037,21.595598349381028,2026-08-20,24.75928473177442,14.305364511691888,18.8445667125172,2026-08-21,25.447042640990382,15.26822558459422,23.108665749656133,2026-08-24,30.674002751031622,22.42090784044017,30.261348005502064,2026-08-25,29.298486932599733,16.918844566712508,19.532324621733157,2026-08-26,38.9270976616231,30.261348005502064,38.9270976616231,2026-08-27,48.00550206327372,32.87482806052269,41.40302613480056,2026-08-28,51.30674002751032,37.27647867950481,40.57771664374141,2026-08-31,52.13204951856947,30.94910591471802,47.45529573590097,2026-09-01,59.009628610729024,44.70426409903714,44.97936726272352,22.145804676753777,1.0,8.665749656121037,1.0,25.447042640990382,3.0,8.665749656121037,1.0,30.674002751031622,4.0,8.665749656121037,1.0,48.00550206327372,7.0,8.665749656121037,1.0,59.009628610729024,10.0,8.665749656121037,1.0,21.32,0.2755983493810277,21.32,-2.4754332874828044,17.88,5.228665749656134,29.44,0.8213480055020632,26.27,-6.737675378266847,35.21,3.7170976616231,36.04,5.363026134800556,44.98,-4.402283356258586,39.2,8.255295735900965,56.26,-11.280632737276484,11.31,0.88,True,False,False,True,CN
2026-08-18,6085,アーキテクツ・スタジオ・ジャパン,87.0,3,2026-08-19,16.09195402298851,-1.1494252873563204,-1.1494252873563204,2026-08-20,14.942528735632177,-4.597701149425292,14.942528735632177,2026-08-21,57.47126436781609,16.09195402298851,40.22988505747127,2026-08-24,97.70114942528735,49.42528735632183,57.47126436781609,2026-08-25,113.79310344827584,73.5632183908046,112.64367816091956,2026-08-26,170.11494252873564,133.33333333333334,170.11494252873564,2026-08-27,225.28735632183907,116.0919540229885,131.0344827586207,2026-08-28,179.31034482758622,142.52873563218392,158.6206896551724,2026-08-31,186.20689655172416,133.33333333333334,140.22988505747125,2026-09-01,151.72413793103448,108.04597701149424,148.27586206896552,16.09195402298851,1.0,-1.1494252873563204,1.0,57.47126436781609,3.0,-4.597701149425292,2.0,113.79310344827584,5.0,-4.597701149425292,2.0,225.28735632183907,7.0,-4.597701149425292,2.0,225.28735632183907,7.0,-4.597701149425292,2.0,-1.15,0.0005747126436794,6.9,8.042528735632176,45.98,-5.750114942528725,93.1,-35.628735632183904,75.86,36.78367816091957,148.28,21.83494252873564,179.31,-48.275517241379305,163.22,-4.599310344827586,141.38,-1.1501149425287451,112.64,35.63586206896552,17.5,1.85,True,False,False,False,C
2026-08-18,6226,守谷輸送機工業,2366.0,3,2026-08-19,1.4370245139475823,-4.564666103127646,-1.3102282333051551,2026-08-20,2.6627218934911268,-1.3102282333051551,1.0143702451394845,2026-08-21,5.663567202028741,-1.2679628064243498,2.071005917159763,2026-08-24,1.0566356720202783,-5.705832628909557,-5.156382079458998,2026-08-25,-3.0431107354184306,-5.8326289095519845,-3.592561284868978,2026-08-26,-4.480135249366024,-7.438715131022821,-6.297548605240911,2026-08-27,-4.987320371935756,-7.438715131022821,-5.198647506339816,2026-08-28,-4.311073541842769,-6.170752324598483,-5.621301775147924,2026-08-31,-4.987320371935756,-7.77683854606932,-6.213017751479288,2026-09-01,-5.029585798816571,-6.889264581572274,-5.748098055790363,1.4370245139475823,1.0,-4.564666103127646,1.0,5.663567202028741,3.0,-4.564666103127646,1.0,5.663567202028741,3.0,-5.8326289095519845,5.0,5.663567202028741,3.0,-7.438715131022821,6.0,5.663567202028741,3.0,-7.77683854606932,9.0,-1.01,-0.3002282333051551,1.14,-0.1256297548605156,2.03,0.0410059171597629,-2.45,-2.706382079458998,-5.03,1.4374387151310222,-6.47,0.1724513947590891,-6.8,1.6013524936601842,-4.9,-0.721301775147924,-5.87,-0.3430177514792882,-5.41,-0.338098055790363,6.58,1.71,True,False,False,False,C
2026-08-18,6627,テラプローブ,13020.0,3,2026-08-19,-15.514592933947768,-21.7357910906298,-21.42857142857143,2026-08-20,-19.81566820276498,-24.42396313364056,-23.11827956989248,2026-08-21,-23.19508448540707,-25.49923195084486,-24.42396313364056,2026-08-24,-19.738863287250386,-26.113671274961604,-22.887864823348693,2026-08-25,-15.745007680491552,-25.038402457757293,-17.434715821812595,2026-08-26,-14.82334869431644,-20.660522273425496,-16.05222734254992,2026-08-27,-9.447004608294929,-16.97388632872504,-11.75115207373272,2026-08-28,-10.291858678955457,-14.746543778801849,-14.746543778801849,2026-08-31,-12.519201228878652,-20.04608294930875,-12.980030721966209,2026-09-01,-13.440860215053762,-16.282642089093702,-14.516129032258062,-15.514592933947768,1.0,-21.7357910906298,1.0,-15.514592933947768,1.0,-25.49923195084486,3.0,-15.514592933947768,1.0,-26.113671274961604,4.0,-9.447004608294929,7.0,-26.113671274961604,4.0,-9.447004608294929,7.0,-26.113671274961604,4.0,-20.05,-1.37857142857143,-21.66,-1.4582795698924755,-24.73,0.3060368663594417,-24.5,1.6121351766513072,-23.96,6.525284178187405,-18.66,2.607772657450081,-13.98,2.2288479262672816,-13.13,-1.6165437788018462,-15.98,2.999969278033793,-13.82,-0.696129032258062,-8.42,1.17,False,False,False,False,NONE
2026-08-18,6779,日本電波工業,3345.0,3,2026-08-19,-13.81165919282511,-18.176382660687597,-17.1898355754858,2026-08-20,-13.692077727952167,-16.681614349775785,-14.768310911808667,2026-08-21,-16.233183856502244,-19.192825112107627,-18.32585949177877,2026-08-24,-16.80119581464873,-19.49177877428998,-19.073243647234683,2026-08-25,-15.246636771300448,-20.807174887892376,-15.874439461883403,2026-08-26,-14.977578475336328,-17.907324364723465,-16.1136023916293,2026-08-27,-12.765321375186844,-18.295964125560538,-15.42600896860986,2026-08-28,-13.662182361733931,-18.863976083707023,-18.086696562032888,2026-08-31,-16.023916292974594,-21.704035874439462,-16.950672645739907,2026-09-01,-15.396113602391626,-18.385650224215244,-17.578475336322875,-13.81165919282511,1.0,-18.176382660687597,1.0,-13.692077727952167,2.0,-19.192825112107627,3.0,-13.692077727952167,2.0,-20.807174887892376,5.0,-12.765321375186844,7.0,-20.807174887892376,5.0,-12.765321375186844,7.0,-21.704035874439462,9.0,-16.95,-0.2398355754858023,-15.75,0.9816890881913308,-18.57,0.2441405082212284,-19.13,0.0567563527653156,-19.97,4.095560538116594,-15.37,-0.7436023916293006,-15.19,-0.2360089686098607,-15.49,-2.5966965620328875,-19.4,2.449327354260092,-16.62,-0.9584753363228736,-3.77,0.97,False,False,False,False,NONE
2026-08-18,8783,ａｂｃ,68.0,3,2026-08-19,-1.4705882352941124,-5.882352941176472,-4.411764705882348,2026-08-20,-1.4705882352941124,-7.352941176470584,-2.941176470588236,2026-08-21,-1.4705882352941124,-5.882352941176472,-2.941176470588236,2026-08-24,7.352941176470584,-5.882352941176472,-4.411764705882348,2026-08-25,-1.4705882352941124,-4.411764705882348,-1.4705882352941124,2026-08-26,0.0,-4.411764705882348,-1.4705882352941124,2026-08-27,-1.4705882352941124,-4.411764705882348,-2.941176470588236,2026-08-28,-5.882352941176472,-14.70588235294118,-8.823529411764708,2026-08-31,-10.29411764705882,-13.235294117647056,-13.235294117647056,2026-09-01,-11.764705882352944,-14.70588235294118,-14.70588235294118,-1.4705882352941124,1.0,-5.882352941176472,1.0,-1.4705882352941124,1.0,-7.352941176470584,2.0,7.352941176470584,4.0,-7.352941176470584,2.0,7.352941176470584,4.0,-7.352941176470584,2.0,7.352941176470584,4.0,-14.70588235294118,8.0,-4.41,-0.0017647058823477,-5.88,2.938823529411764,-5.88,2.938823529411764,1.47,-5.881764705882348,-1.47,-0.0005882352941124,-1.47,-0.0005882352941124,-1.47,-1.471176470588236,-8.82,-0.003529411764708,-11.76,-1.4752941176470564,-13.24,-1.465882352941179,4.69,0.56,False,False,False,False,NONE
2026-08-18,8918,ランド,11.0,3,2026-08-19,0.0,-9.090909090909092,-9.090909090909092,2026-08-20,0.0,-9.090909090909092,-9.090909090909092,2026-08-21,0.0,-9.090909090909092,-9.090909090909092,2026-08-24,0.0,-9.090909090909092,0.0,2026-08-25,0.0,-9.090909090909092,-9.090909090909092,2026-08-26,0.0,-9.090909090909092,0.0,2026-08-27,0.0,-9.090909090909092,-9.090909090909092,2026-08-28,0.0,-9.090909090909092,0.0,2026-08-31,0.0,-9.090909090909092,0.0,2026-09-01,0.0,-9.090909090909092,0.0,0.0,1.0,-9.090909090909092,1.0,0.0,1.0,-9.090909090909092,1.0,0.0,1.0,-9.090909090909092,1.0,0.0,1.0,-9.090909090909092,1.0,0.0,1.0,-9.090909090909092,1.0,0.0,-9.090909090909092,0.0,-9.090909090909092,-9.09,-0.0009090909090936,-9.09,9.09,0.0,-9.090909090909092,-9.09,9.09,0.0,-9.090909090909092,-9.09,9.09,-9.09,9.09,-9.09,9.09,0.0,1.07,False,False,False,False,NONE
2026-08-18,1384,ホクリヨウ,2217.0,2,2026-08-19,1.7591339648173276,0.225529995489393,0.9923319801533604,2026-08-20,1.6689219666215616,-0.6765899864682012,1.4884979702300516,2026-08-21,1.4433919711321683,-0.7668019846639562,-0.180423996391521,2026-08-24,-0.0902119981957549,-1.4884979702300405,-1.4884979702300405,2026-08-25,-0.3157419936851591,-1.6238159675236783,-0.9923319801533604,2026-08-26,0.090211998195766,-2.2101939557961248,-1.6238159675236783,2026-08-27,-0.6765899864682012,-1.6238159675236783,-1.0374379792512434,2026-08-28,-0.5863779882724351,-1.7140279657194446,-0.8119079837618393,2026-08-31,0.5412719891745521,-1.2178619756427644,0.3157419936851591,2026-09-01,0.9021199819575942,-0.3608479927830421,0.045105999097883,1.7591339648173276,1.0,0.225529995489393,1.0,1.7591339648173276,1.0,-0.7668019846639562,3.0,1.7591339648173276,1.0,-1.6238159675236783,5.0,1.7591339648173276,1.0,-2.2101939557961248,6.0,1.7591339648173276,1.0,-2.2101939557961248,6.0,1.08,-0.0876680198466397,0.81,0.6784979702300515,0.63,-0.8104239963915211,-0.09,-1.3984979702300404,-0.77,-0.2223319801533603,-0.54,-1.0838159675236785,-0.95,-0.0874379792512434,-1.04,0.2280920162381607,-0.81,1.1257419936851591,0.23,-0.1848940009021169,2.46,0.59,False,False,True,True,BN
2026-08-18,4769,ＩＣ,1169.0,6,2026-08-19,-0.2566295979469668,-1.19760479041916,-1.19760479041916,2026-08-20,-1.0265183917878562,-1.8819503849443973,-1.19760479041916,2026-08-21,-1.19760479041916,-1.19760479041916,-1.19760479041916,2026-08-24,-3.763900769888795,-3.763900769888795,-3.763900769888795,2026-08-25,-1.19760479041916,-2.8229255774165907,-2.8229255774165907,2026-08-26,-4.106073567151414,-4.790419161676651,-4.790419161676651,2026-08-27,-2.39520958083832,-5.731394354148844,-5.731394354148844,2026-08-28,0.085543199315663,-5.645851154833192,-0.7698887938408894,2026-08-31,-0.7698887938408894,-1.6253207869974309,-1.6253207869974309,2026-09-01,-0.7698887938408894,-1.6253207869974309,-1.6253207869974309,-0.2566295979469668,1.0,-1.19760479041916,1.0,-0.2566295979469668,1.0,-1.8819503849443973,2.0,-0.2566295979469668,1.0,-3.763900769888795,4.0,-0.2566295979469668,1.0,-5.731394354148844,7.0,0.085543199315663,8.0,-5.731394354148844,7.0,-0.26,-0.93760479041916,-1.03,-0.16760479041916,-1.2,0.0023952095808399,-3.76,-0.0039007698887951,-2.82,-0.0029255774165908,-4.11,-0.6804191616766504,-5.73,-0.0013943541488439,-0.34,-0.4298887938408893,-0.77,-0.8553207869974306,-0.77,-0.8553207869974306,5.01,3.8,True,True,True,False,CVB
2026-08-18,290A,Ｓｙｎｓｐｅｃｔｉｖｅ,1491.0,5,2026-08-19,-2.883970489604293,-8.853118712273645,-7.377598926894702,2026-08-20,-5.835010060362178,-9.05432595573441,-7.176391683433936,2026-08-21,-8.316566063044938,-11.87122736418511,-9.993293091884636,2026-08-24,-3.82293762575453,-10.865191146881292,-9.72501676727029,2026-08-25,-3.957075788061704,-9.657947686116696,-4.158283031522469,2026-08-26,0.2012072434607548,-4.828973843058348,0.2012072434607548,2026-08-27,3.2863849765258246,-0.4024144869215318,2.481556002682761,2026-08-28,8.786049631120063,0.871898054996656,8.786049631120063,2026-08-31,5.432595573440646,-2.481556002682761,0.5365526492287165,2026-09-01,3.085177733065048,-2.213279678068414,1.542588866532535,-2.883970489604293,1.0,-8.853118712273645,1.0,-2.883970489604293,1.0,-11.87122736418511,3.0,-2.883970489604293,1.0,-11.87122736418511,3.0,3.2863849765258246,7.0,-11.87122736418511,3.0,8.786049631120063,8.0,-11.87122736418511,3.0,-8.12,0.742401073105297,-7.58,0.4036083165660642,-11.4,1.406706908115364,-9.93,0.2049832327297096,-6.91,2.751716968477531,-2.82,3.021207243460754,0.34,2.141556002682761,2.41,6.376049631120063,2.95,-2.413447350771284,1.41,0.132588866532535,2.11,1.08,False,False,False,True,N
2026-08-18,3778,さくらインターネット,4035.0,5,2026-08-19,6.0718711276332105,-3.0978934324659257,-2.9739776951672847,2026-08-20,-7.930607187112759,-13.258983890954145,-11.524163568773238,2026-08-21,-7.063197026022305,-12.887236679058244,-11.524163568773238,2026-08-24,-10.408921933085502,-14.498141263940523,-14.12639405204461,2026-08-25,-12.763320941759604,-15.98513011152416,-13.258983890954145,2026-08-26,-10.904584882280057,-14.12639405204461,-12.391573729863692,2026-08-27,-8.798017348203224,-14.37422552664188,-9.417596034696407,2026-08-28,-0.6195786864931829,-8.798017348203224,-4.213135068153651,2026-08-31,-2.9739776951672847,-6.815365551425034,-2.9739776951672847,2026-09-01,-3.96530359355638,-7.311028500619576,-6.0718711276332105,6.0718711276332105,1.0,-3.0978934324659257,1.0,6.0718711276332105,1.0,-13.258983890954145,2.0,6.0718711276332105,1.0,-15.98513011152416,5.0,6.0718711276332105,1.0,-15.98513011152416,5.0,6.0718711276332105,1.0,-15.98513011152416,5.0,-0.87,-2.1039776951672846,-12.64,1.1158364312267626,-10.9,-0.6241635687732376,-12.27,-1.8563940520446105,-15.12,1.8610161090458543,-12.64,0.2484262701363082,-14.13,4.712403965303594,-4.21,-0.003135068153651,-5.45,2.4760223048327155,-4.83,-1.2418711276332104,13.16,2.42,True,False,True,True,CBN
2026-08-18,4011,ヘッドウォータース,2424.0,5,2026-08-19,-5.528052805280526,-9.24092409240924,-7.46699669966997,2026-08-20,1.3613861386138515,-8.003300330033003,0.9488448844884534,2026-08-21,0.660066006600668,-3.0115511551155105,-0.2475247524752477,2026-08-24,1.1963696369637011,-3.7953795379537913,-3.052805280528048,2026-08-25,-3.2178217821782207,-8.29207920792079,-7.178217821782173,2026-08-26,-5.899339933993398,-9.735973597359738,-8.333333333333337,2026-08-27,-3.671617161716168,-8.333333333333337,-3.919141914191415,2026-08-28,3.135313531353145,-3.0115511551155105,0.7013201320132056,2026-08-31,6.435643564356441,-2.722772277227725,2.970297029702973,2026-09-01,3.6716171617161786,-1.5676567656765727,-1.4851485148514865,-5.528052805280526,1.0,-9.24092409240924,1.0,1.3613861386138515,2.0,-9.24092409240924,1.0,1.3613861386138515,2.0,-9.24092409240924,1.0,1.3613861386138515,2.0,-9.735973597359738,6.0,6.435643564356441,9.0,-9.735973597359738,6.0,-8.46,0.9930033003300308,-6.35,7.298844884488453,-2.52,2.2724752475247523,-0.54,-2.512805280528048,-5.94,-1.2382178217821729,-8.33,-0.0033333333333374,-7.05,3.1308580858085846,-0.37,1.0713201320132058,-0.41,3.380297029702973,0.83,-2.3151485148514865,2.54,1.59,False,False,True,True,BN
2026-08-18,4424,Ａｍａｚｉａ,398.0,5,2026-08-19,8.040201005025116,-11.05527638190955,-9.547738693467334,2026-08-20,-2.7638190954773822,-13.567839195979904,-11.05527638190955,2026-08-21,-12.060301507537686,-15.829145728643212,-15.32663316582915,2026-08-24,-13.31658291457286,-16.834170854271356,-16.834170854271356,2026-08-25,-10.301507537688437,-19.09547738693468,-16.582914572864325,2026-08-26,-4.522613065326631,-13.819095477386934,-10.301507537688437,2026-08-27,-11.557788944723612,-16.582914572864325,-14.070351758793976,2026-08-28,-11.05527638190955,-16.080402010050253,-15.32663316582915,2026-08-31,-13.567839195979904,-16.331658291457284,-13.819095477386934,2026-09-01,-8.5427135678392,-13.31658291457286,-10.804020100502507,8.040201005025116,1.0,-11.05527638190955,1.0,8.040201005025116,1.0,-15.829145728643212,3.0,8.040201005025116,1.0,-19.09547738693468,5.0,8.040201005025116,1.0,-19.09547738693468,5.0,8.040201005025116,1.0,-19.09547738693468,5.0,-9.3,-0.2477386934673333,-12.31,1.2547236180904502,-15.08,-0.2466331658291505,-15.08,-1.754170854271356,-17.09,0.5070854271356744,-6.78,-3.5215075376884366,-12.31,-1.7603517587939752,-13.57,-1.7566331658291503,-15.08,1.2609045226130655,-12.56,1.7559798994974916,14.95,4.13,True,True,False,False,CV
2026-08-18,5801,古河電気工業,4592.0,5,2026-08-19,-10.431184668989546,-18.22735191637631,-17.9006968641115,2026-08-20,-14.830139372822304,-19.86062717770035,-15.85365853658537,2026-08-21,-14.438153310104529,-18.292682926829272,-16.85540069686411,2026-08-24,-15.96254355400697,-21.929442508710807,-21.058362369337974,2026-08-25,-12.891986062717775,-21.581010452961667,-12.891986062717775,2026-08-26,-13.980836236933802,-16.898954703832757,-14.960801393728218,2026-08-27,-10.278745644599308,-15.200348432055744,-10.953832752613234,2026-08-28,-11.324041811846683,-15.43989547038328,-15.004355400696866,2026-08-31,-12.347560975609762,-19.490418118466906,-12.456445993031362,2026-09-01,-13.066202090592338,-17.07317073170732,-15.984320557491294,-10.431184668989546,1.0,-18.22735191637631,1.0,-10.431184668989546,1.0,-19.86062717770035,2.0,-10.431184668989546,1.0,-21.929442508710807,4.0,-10.278745644599308,7.0,-21.929442508710807,4.0,-10.278745644599308,7.0,-21.929442508710807,4.0,-16.83,-1.0706968641115004,-16.38,0.5263414634146297,-16.79,-0.0654006968641098,-19.51,-1.5483623693379762,-19.84,6.948013937282225,-15.98,1.0191986062717824,-13.7,2.746167247386765,-13.07,-1.934355400696866,-16.83,4.373554006968636,-15.24,-0.7443205574912941,1.63,1.26,False,False,True,True,BN
2026-08-18,2962,テクニスコ,1659.0,4,2026-08-19,19.65039180229053,4.88245931283906,4.88245931283906,2026-08-20,22.061482820976487,-3.2549728752260365,-3.2549728752260365,2026-08-21,0.8438818565400741,-8.981314044605181,-6.630500301386377,2026-08-24,-1.9891500904159145,-10.970464135021096,-8.318264014466548,2026-08-25,-2.169981916817365,-10.126582278481012,-2.471368294153109,2026-08-26,11.211573236889684,-7.775768535262206,7.594936708860756,2026-08-27,9.885473176612416,2.471368294153109,8.137432188065109,2026-08-28,13.321277878239911,4.88245931283906,5.726341169379134,2026-08-31,6.871609403254975,-5.545509342977695,-3.5563592525617804,2026-09-01,-2.9535864978902926,-10.30741410488246,-8.137432188065096,19.65039180229053,1.0,4.88245931283906,1.0,22.061482820976487,2.0,-8.981314044605181,3.0,22.061482820976487,2.0,-10.970464135021096,4.0,22.061482820976487,2.0,-10.970464135021096,4.0,22.061482820976487,2.0,-10.970464135021096,4.0,10.31,-5.42754068716094,17.24,-20.49497287522604,-6.93,0.2994996986136229,-9.4,1.0817359855334523,-8.38,5.908631705846892,-4.22,11.814936708860756,3.74,4.397432188065109,9.89,-4.163658830620866,2.65,-6.20635925256178,-3.56,-4.577432188065096,22.08,1.26,True,False,True,False,CB
2026-08-18,4416,Ｔｒｕｅ　Ｄａｔａ,462.0,4,2026-08-19,-9.090909090909092,-13.41991341991342,-13.203463203463206,2026-08-20,-11.255411255411252,-13.41991341991342,-11.255411255411252,2026-08-21,-11.038961038961038,-15.367965367965365,-13.41991341991342,2026-08-24,-11.471861471861466,-12.987012987012992,-11.904761904761909,2026-08-25,-10.389610389610391,-12.337662337662335,-12.12121212121212,2026-08-26,-9.30735930735931,-12.770562770562766,-9.30735930735931,2026-08-27,-4.329004329004327,-11.904761904761909,-10.606060606060607,2026-08-28,-10.389610389610391,-11.904761904761909,-10.389610389610391,2026-08-31,-5.627705627705626,-11.255411255411252,-8.87445887445888,2026-09-01,-3.6796536796536823,-10.17316017316018,-6.70995670995671,-9.090909090909092,1.0,-13.41991341991342,1.0,-9.090909090909092,1.0,-15.367965367965365,3.0,-9.090909090909092,1.0,-15.367965367965365,3.0,-4.329004329004327,7.0,-15.367965367965365,3.0,-3.6796536796536823,10.0,-15.367965367965365,3.0,-12.55,-0.6534632034632057,-12.99,1.7345887445887485,-12.34,-1.0799134199134208,-11.47,-0.4347619047619062,-11.9,-0.2212121212121207,-12.77,3.46264069264069,-6.49,-4.116060606060607,-11.47,1.0803896103896076,-9.96,1.0855411255411216,-7.36,0.65004329004329,12.44,4.28,True,True,False,True,CVN
2026-08-18,5010,日本精蝋,344.0,4,2026-08-19,-3.1976744186046457,-9.593023255813948,-6.976744186046513,2026-08-20,-4.360465116279066,-9.593023255813948,-7.558139534883724,2026-08-21,-3.1976744186046457,-9.011627906976749,-8.430232558139538,2026-08-24,-9.593023255813948,-13.66279069767442,-12.790697674418606,2026-08-25,-12.209302325581394,-13.953488372093029,-12.790697674418606,2026-08-26,-12.5,-15.116279069767447,-12.790697674418606,2026-08-27,-12.790697674418606,-15.988372093023251,-15.697674418604644,2026-08-28,-14.534883720930235,-16.56976744186046,-16.56976744186046,2026-08-31,-14.534883720930235,-16.56976744186046,-14.82558139534884,2026-09-01,-12.790697674418606,-15.116279069767447,-14.534883720930235,-3.1976744186046457,1.0,-9.593023255813948,1.0,-3.1976744186046457,1.0,-9.593023255813948,1.0,-3.1976744186046457,1.0,-13.953488372093029,5.0,-3.1976744186046457,1.0,-15.988372093023251,7.0,-3.1976744186046457,1.0,-16.56976744186046,8.0,-7.56,0.5832558139534862,-8.72,1.161860465116277,-6.98,-1.450232558139538,-12.21,-0.5806976744186052,-12.5,-0.290697674418606,-14.24,1.4493023255813942,-14.24,-1.457674418604645,-15.12,-1.4497674418604607,-15.12,0.2944186046511579,-13.66,-0.8748837209302351,2.15,4.34,False,True,True,True,VBN
2026-08-18,9344,アクシスコンサルティング,1367.0,4,2026-08-19,-4.2428675932699385,-13.3138258961229,-9.217264081931232,2026-08-20,-2.048280907095834,-11.631309436722749,-4.974396488661304,2026-08-21,-5.632772494513539,-8.412582297000737,-6.364301389904902,2026-08-24,-4.901243599122163,-6.291148500365762,-5.120702267739574,2026-08-25,-4.901243599122163,-9.583028529626924,-8.412582297000737,2026-08-26,-2.7798098024871987,-8.339429407461596,-5.047549378200444,2026-08-27,-2.121433796634964,-4.462326261887339,-3.3650329188002925,2026-08-28,-2.3408924652523755,-4.38917337234821,-3.438185808339433,2026-08-31,-3.9502560351133855,-4.901243599122163,-4.754937820043892,2026-09-01,-3.3650329188002925,-4.754937820043892,-4.023408924652527,-4.2428675932699385,1.0,-13.3138258961229,1.0,-2.048280907095834,2.0,-13.3138258961229,1.0,-2.048280907095834,2.0,-13.3138258961229,1.0,-2.048280907095834,2.0,-13.3138258961229,1.0,-2.048280907095834,2.0,-13.3138258961229,1.0,-11.56,2.342735918068769,-9.44,4.465603511338696,-8.34,1.9756986100950973,-6.0,0.8792977322604258,-5.12,-3.292582297000737,-8.34,3.2924506217995555,-4.1,0.7349670811997071,-4.39,0.9518141916605662,-4.68,-0.0749378200438926,-4.68,0.6565910753474729,20.19,4.61,True,True,True,True,CVBN
2026-08-18,195A,ＭＵＳＣＡＴ　ＧＲＯＵＰ,610.0,3,2026-08-19,1.967213114754096,0.0,0.3278688524590123,2026-08-20,1.967213114754096,0.3278688524590123,1.967213114754096,2026-08-21,2.2950819672131084,-0.6557377049180357,-0.6557377049180357,2026-08-24,1.4754098360655776,-0.3278688524590123,0.0,2026-08-25,1.80327868852459,-0.6557377049180357,0.1639344262295061,2026-08-26,-0.8196721311475419,-2.950819672131144,-1.3114754098360604,2026-08-27,1.967213114754096,-1.967213114754096,-1.1475409836065542,2026-08-28,1.147540983606565,-1.6393442622950838,0.8196721311475308,2026-08-31,5.40983606557377,0.1639344262295061,5.40983606557377,2026-09-01,17.868852459016395,5.573770491803276,13.606557377049189,1.967213114754096,1.0,0.0,1.0,2.2950819672131084,3.0,-0.6557377049180357,3.0,2.2950819672131084,3.0,-0.6557377049180357,3.0,2.2950819672131084,3.0,-2.950819672131144,6.0,17.868852459016395,10.0,-2.950819672131144,6.0,1.64,-1.3121311475409876,0.49,1.477213114754096,2.13,-2.785737704918036,0.16,-0.16,0.0,0.1639344262295061,-1.97,0.6585245901639396,-1.15,0.0024590163934457,-1.15,1.9696721311475307,0.98,4.42983606557377,6.56,7.046557377049189,8.17,0.77,True,False,False,False,C
2026-08-18,3787,テクノマセマティカル,317.0,3,2026-08-19,4.100946372239744,-1.577287066246058,-1.577287066246058,2026-08-20,2.5236593059936974,-2.5236593059936863,-0.3154574132492094,2026-08-21,0.9463722397476282,-3.154574132492116,0.9463722397476282,2026-08-24,3.785488958990535,-1.261829652996849,3.785488958990535,2026-08-25,3.785488958990535,-2.5236593059936863,2.208201892744488,2026-08-26,5.993690851735023,1.2618296529968376,2.5236593059936974,2026-08-27,26.182965299684536,1.8927444794952784,22.71293375394321,2026-08-28,26.182965299684536,12.618296529968465,24.60567823343849,2026-08-31,22.71293375394321,17.350157728706627,17.350157728706627,2026-09-01,26.182965299684536,16.719242902208208,20.820189274447955,4.100946372239744,1.0,-1.577287066246058,1.0,4.100946372239744,1.0,-3.154574132492116,3.0,4.100946372239744,1.0,-3.154574132492116,3.0,26.182965299684536,7.0,-3.154574132492116,3.0,26.182965299684536,7.0,-3.154574132492116,3.0,-0.32,-1.257287066246058,1.58,-1.8954574132492092,0.95,-0.0036277602523717,-0.63,4.415488958990535,-0.32,2.528201892744488,1.89,0.6336593059936975,2.21,20.50293375394321,20.19,4.415678233438488,20.82,-3.4698422712933734,17.67,3.1501892744479534,10.62,0.63,True,False,False,False,C
2026-08-18,302A,ビースタイルホールディングス,650.0,7,2026-08-19,1.384615384615384,-6.923076923076921,-2.0000000000000018,2026-08-20,0.7692307692307665,-3.846153846153844,-3.076923076923077,2026-08-21,-1.8461538461538416,-4.307692307692312,-3.846153846153844,2026-08-24,0.0,-2.7692307692307683,-0.3076923076923088,2026-08-25,-0.7692307692307665,-0.7692307692307665,-0.7692307692307665,2026-08-26,-0.7692307692307665,-1.538461538461533,-1.538461538461533,2026-08-27,-3.076923076923077,-3.076923076923077,-3.076923076923077,2026-08-28,-3.076923076923077,-4.461538461538462,-4.461538461538462,2026-08-31,-3.5384615384615348,-10.769230769230765,-5.846153846153845,2026-09-01,-4.307692307692312,-7.692307692307687,-7.692307692307687,1.384615384615384,1.0,-6.923076923076921,1.0,1.384615384615384,1.0,-6.923076923076921,1.0,1.384615384615384,1.0,-6.923076923076921,1.0,1.384615384615384,1.0,-6.923076923076921,1.0,1.384615384615384,1.0,-10.769230769230765,9.0,-4.31,2.309999999999998,0.77,-3.846923076923077,-3.38,-0.4661538461538437,-2.62,2.3123076923076917,-0.77,0.0007692307692335,-1.54,0.001538461538467,-3.08,0.0030769230769229,-4.46,-0.0015384615384617,-10.15,4.303846153846155,-4.31,-3.382307692307688,4.08,4.36,False,True,False,True,VN
2026-08-18,6635,大日光・エンジニアリング,714.0,7,2026-08-19,-8.543417366946782,-11.764705882352944,-8.683473389355745,2026-08-20,-7.563025210084029,-10.084033613445376,-8.123249299719893,2026-08-21,-7.14285714285714,-9.80392156862745,-7.563025210084029,2026-08-24,-6.8627450980392135,-9.523809523809524,-8.263305322128856,2026-08-25,-5.462184873949583,-8.823529411764708,-5.462184873949583,2026-08-26,-6.162464985994398,-7.98319327731093,-7.563025210084029,2026-08-27,-6.8627450980392135,-9.523809523809524,-9.103641456582634,2026-08-28,-5.602240896358546,-8.543417366946782,-6.442577030812324,2026-08-31,-5.742296918767509,-7.98319327731093,-6.022408963585435,2026-09-01,-5.042016806722693,-6.8627450980392135,-6.162464985994398,-8.543417366946782,1.0,-11.764705882352944,1.0,-7.14285714285714,3.0,-11.764705882352944,1.0,-5.462184873949583,5.0,-11.764705882352944,1.0,-5.462184873949583,5.0,-11.764705882352944,1.0,-5.042016806722693,10.0,-11.764705882352944,1.0,-9.38,0.6965266106442556,-8.82,0.6967507002801074,-9.1,1.5369747899159707,-8.54,0.2766946778711432,-8.68,3.217815126050417,-6.3,-1.2630252100840291,-6.86,-2.243641456582634,-7.7,1.257422969187676,-7.98,1.9575910364145652,-5.46,-0.7024649859943981,-4.04,4.2,False,True,False,True,VN
2026-08-18,3845,アイフリークモバイル,257.0,5,2026-08-19,-2.334630350194556,-5.836575875486383,-2.7237354085603127,2026-08-20,0.3891050583657574,-3.891050583657585,0.0,2026-08-21,0.3891050583657574,-3.11284046692607,0.0,2026-08-24,4.280155642023353,0.0,4.280155642023353,2026-08-25,11.284046692607008,-0.7782101167315147,10.505836575875492,2026-08-26,11.284046692607008,6.6147859922178975,8.94941634241244,2026-08-27,11.673151750972766,7.78210116731517,8.171206225680926,2026-08-28,11.284046692607008,6.22568093385214,10.505836575875492,2026-08-31,17.50972762645915,5.058365758754868,17.50972762645915,2026-09-01,22.17898832684826,16.342412451361877,21.400778210116723,-2.334630350194556,1.0,-5.836575875486383,1.0,0.3891050583657574,2.0,-5.836575875486383,1.0,11.284046692607008,5.0,-5.836575875486383,1.0,11.673151750972766,7.0,-5.836575875486383,1.0,22.17898832684826,10.0,-5.836575875486383,1.0,-4.67,1.9462645914396872,-2.33,2.33,-3.11,3.11,0.39,3.890155642023353,4.28,6.225836575875493,10.89,-1.94058365758756,8.56,-0.3887937743190743,8.56,1.945836575875493,6.23,11.279727626459149,18.68,2.7207782101167237,4.17,3.05,False,True,False,True,VN
2026-08-18,4891,ティムス,112.0,5,2026-08-19,0.0,-7.14285714285714,0.0,2026-08-20,0.0,-3.57142857142857,0.0,2026-08-21,-0.8928571428571397,-3.57142857142857,-1.7857142857142905,2026-08-24,-0.8928571428571397,-4.46428571428571,-1.7857142857142905,2026-08-25,-1.7857142857142905,-3.57142857142857,-2.67857142857143,2026-08-26,0.0,-3.57142857142857,-2.67857142857143,2026-08-27,-0.8928571428571397,-4.46428571428571,-1.7857142857142905,2026-08-28,0.8928571428571397,-2.67857142857143,-1.7857142857142905,2026-08-31,-0.8928571428571397,-4.46428571428571,-2.67857142857143,2026-09-01,-1.7857142857142905,-4.46428571428571,-2.67857142857143,0.0,1.0,-7.14285714285714,1.0,0.0,1.0,-7.14285714285714,1.0,0.0,1.0,-7.14285714285714,1.0,0.0,1.0,-7.14285714285714,1.0,0.8928571428571397,8.0,-7.14285714285714,1.0,-1.79,1.79,-2.68,2.68,-1.79,0.0042857142857095,-3.57,1.7842857142857094,-1.79,-0.8885714285714301,-0.89,-1.78857142857143,-3.57,1.7842857142857094,-0.89,-0.8957142857142905,-2.68,0.00142857142857,-3.57,0.8914285714285697,2.83,1.68,False,False,True,True,BN
2026-08-18,8066,三谷商事,3345.0,5,2026-08-19,-0.1494768310911776,-6.726457399103136,-6.576980568011958,2026-08-20,-1.9431988041853527,-5.381165919282516,-4.33482810164425,2026-08-21,-4.33482810164425,-7.772795216741402,-6.875934230194325,2026-08-24,-1.0463378176382654,-6.427503736920781,-1.6442451420029869,2026-08-25,1.195814648729443,-3.7369207772795177,-0.4484304932735439,2026-08-26,4.33482810164425,-0.4484304932735439,2.84005979073243,2026-08-27,5.231689088191338,0.1494768310911887,4.932735426008961,2026-08-28,5.082212257100149,3.4379671150971625,4.035874439461873,2026-08-31,7.473841554559035,4.33482810164425,6.576980568011948,2026-09-01,7.324364723467869,4.783258594917794,5.082212257100149,-0.1494768310911776,1.0,-6.726457399103136,1.0,-0.1494768310911776,1.0,-7.772795216741402,3.0,1.195814648729443,5.0,-7.772795216741402,3.0,5.231689088191338,7.0,-7.772795216741402,3.0,7.473841554559035,9.0,-7.772795216741402,3.0,-6.28,-0.2969805680119579,-4.48,0.1451718983557501,-6.13,-0.745934230194325,-5.38,3.735754857997013,-1.64,1.191569506726456,0.15,2.69005979073243,2.84,2.092735426008961,4.33,-0.2941255605381272,5.68,0.8969805680119478,5.38,-0.2977877428998505,6.35,1.0,True,False,True,True,CBN
2026-08-18,219A,Ｈｅａｒｔｓｅｅｄ,2053.0,4,2026-08-19,1.9970774476375963,-3.263516804676081,-2.0944958597174823,2026-08-20,12.226010716025336,-1.7535314174378924,10.764734534827092,2026-08-21,11.982464685825622,4.822211397954224,8.572820263029723,2026-08-24,10.472479298587434,6.380905991232333,9.303458353628846,2026-08-25,16.171456405260585,5.406721870433517,16.171456405260585,2026-08-26,18.26595226497809,12.859230394544577,13.102776424744269,2026-08-27,20.70141256697515,10.618606916707265,20.068192888455915,2026-08-28,28.884559181685333,18.168533852898207,21.773015099853875,2026-08-31,26.643935703848022,16.950803701899652,20.65270336093521,2026-09-01,26.546517291768133,18.509498295177785,19.581100828056503,1.9970774476375963,1.0,-3.263516804676081,1.0,12.226010716025336,2.0,-3.263516804676081,1.0,16.171456405260585,5.0,-3.263516804676081,1.0,20.70141256697515,7.0,-3.263516804676081,1.0,28.884559181685333,8.0,-3.263516804676081,1.0,-2.87,0.7755041402825178,-0.63,11.394734534827093,6.82,1.7528202630297225,7.5,1.8034583536288464,6.92,9.251456405260583,14.56,-1.4572235752557336,13.01,7.058192888455915,25.67,-3.8969849001461263,20.8,-0.1472966390647911,22.75,-3.168899171943494,6.02,2.03,True,False,False,True,CN
2026-08-18,8144,デンキョーグループホールディングス,1308.0,4,2026-08-19,-3.746177370030579,-5.045871559633031,-4.663608562691135,2026-08-20,-4.434250764525993,-5.428134556574927,-5.122324159021408,2026-08-21,-4.892966360856265,-5.198776758409784,-5.122324159021408,2026-08-24,-4.969418960244654,-5.504587155963304,-5.122324159021408,2026-08-25,-5.198776758409784,-6.192660550458717,-5.428134556574927,2026-08-26,-5.122324159021408,-5.428134556574927,-5.275229357798161,2026-08-27,-3.899082568807344,-5.58103975535168,-3.899082568807344,2026-08-28,-4.740061162079512,-4.892966360856265,-4.740061162079512,2026-08-31,-4.051987767584098,-4.663608562691135,-4.663608562691135,2026-09-01,-2.3700305810397504,-3.44036697247706,-2.3700305810397504,-3.746177370030579,1.0,-5.045871559633031,1.0,-3.746177370030579,1.0,-5.428134556574927,2.0,-3.746177370030579,1.0,-6.192660550458717,5.0,-3.746177370030579,1.0,-6.192660550458717,5.0,-2.3700305810397504,10.0,-6.192660550458717,5.0,-4.82,0.1563914373088657,-4.43,-0.6923241590214078,-5.2,0.0776758409785927,-5.12,-0.0023241590214073,-6.19,0.7618654434250738,-5.28,0.0047706422018389,-3.9,0.000917431192656,-4.89,0.1499388379204882,-4.2,-0.4636085626911344,-2.52,0.1499694189602496,0.89,2.55,False,False,False,False,NONE
2026-08-18,2160,ジーエヌアイグループ,2818.0,3,2026-08-19,3.1937544357700576,-2.0227111426543654,-0.5322924059616763,2026-08-20,6.0326472675656495,2.519517388218584,4.648687012065289,2026-08-21,4.293825408090846,-2.3420865862313733,-1.1355571327182346,2026-08-24,-1.2420156139105742,-6.422995031937539,-4.151880766501059,2026-08-25,-2.66146202980837,-7.948899929027675,-3.26472675656494,2026-08-26,-0.6032647267565694,-3.0518097941802718,-2.0227111426543654,2026-08-27,2.3420865862313622,-3.087295954577718,1.8452803406671323,2026-08-28,5.606813342796313,1.9872249822569188,3.619588360539394,2026-08-31,2.200141944641598,-0.1774308019872217,-0.1774308019872217,2026-09-01,0.9226401703335664,-0.9226401703335664,0.3903477643719011,3.1937544357700576,1.0,-2.0227111426543654,1.0,6.0326472675656495,2.0,-2.3420865862313733,3.0,6.0326472675656495,2.0,-7.948899929027675,5.0,6.0326472675656495,2.0,-7.948899929027675,5.0,6.0326472675656495,2.0,-7.948899929027675,5.0,-0.71,0.1777075940383237,3.55,1.0986870120652892,-1.35,0.2144428672817655,-4.44,0.2881192334989411,-6.78,3.5152732434350606,-2.91,0.8872888573456348,-2.02,3.865280340667133,4.83,-1.210411639460606,1.81,-1.9874308019872216,0.0,0.3903477643719011,6.77,1.15,True,False,False,False,C
2026-08-18,3054,ハイパー,321.0,7,2026-08-19,12.461059190031154,3.738317757009346,12.149532710280363,2026-08-20,18.06853582554517,7.476635514018692,16.1993769470405,2026-08-21,17.445482866043616,12.149532710280363,15.264797507788153,2026-08-24,16.82242990654206,9.968847352024923,10.903426791277248,2026-08-25,13.08411214953271,9.968847352024923,11.526479750778806,2026-08-26,14.330218068535828,10.59190031152648,13.70716510903427,2026-08-27,13.70716510903427,12.149532710280363,13.70716510903427,2026-08-28,16.82242990654206,13.39563862928348,16.510903426791266,2026-08-31,18.38006230529594,15.264797507788153,18.06853582554517,2026-09-01,21.18380062305296,18.06853582554517,21.18380062305296,12.461059190031154,1.0,3.738317757009346,1.0,18.06853582554517,2.0,3.738317757009346,1.0,18.06853582554517,2.0,3.738317757009346,1.0,18.06853582554517,2.0,3.738317757009346,1.0,21.18380062305296,10.0,3.738317757009346,1.0,6.54,5.609532710280365,12.15,4.049376947040498,14.33,0.9347975077881524,14.95,-4.046573208722752,12.15,-0.623520249221194,11.53,2.17716510903427,13.4,0.3071651090342691,14.95,1.560903426791267,16.2,1.8685358255451727,19.0,2.18380062305296,33.2,4.51,True,True,True,True,CVBN
2026-08-18,150A,ＪＳＨ,764.0,5,2026-08-19,4.450261780104703,-7.984293193717273,-5.235602094240843,2026-08-20,7.59162303664922,-7.460732984293195,4.842931937172779,2026-08-21,3.141361256544495,-4.712041884816753,-2.3560209424083767,2026-08-24,-0.7853403141361293,-10.34031413612565,-1.5706806282722474,2026-08-25,2.356020942408388,-6.282722513089,-5.235602094240843,2026-08-26,0.7853403141361293,-5.235602094240843,0.1308900523560252,2026-08-27,0.654450261780104,-4.057591623036649,-3.0104712041884807,2026-08-28,3.4031413612565453,-3.4031413612565453,0.1308900523560252,2026-08-31,5.628272251308908,-0.3926701570680646,5.366492146596857,2026-09-01,12.303664921465971,0.654450261780104,4.3193717277487,4.450261780104703,1.0,-7.984293193717273,1.0,7.59162303664922,2.0,-7.984293193717273,1.0,7.59162303664922,2.0,-10.34031413612565,4.0,7.59162303664922,2.0,-10.34031413612565,4.0,12.303664921465971,10.0,-10.34031413612565,4.0,-5.63,0.3943979057591571,-6.54,11.382931937172778,-3.14,0.7839790575916235,-6.81,5.239319371727753,-2.49,-2.7456020942408426,-1.96,2.090890052356025,-1.83,-1.1804712041884806,-1.83,1.960890052356025,2.09,3.276492146596857,1.83,2.4893717277487,15.06,1.99,True,False,True,True,CBN
2026-08-18,3926,オープンドア,420.0,5,2026-08-19,0.952380952380949,-2.380952380952384,-2.380952380952384,2026-08-20,-0.4761904761904745,-2.380952380952384,-0.4761904761904745,2026-08-21,-1.4285714285714235,-4.047619047619044,-2.380952380952384,2026-08-24,0.0,-3.57142857142857,-1.1904761904761862,2026-08-25,1.6666666666666607,-1.4285714285714235,1.6666666666666607,2026-08-26,3.809523809523818,0.7142857142857117,3.095238095238084,2026-08-27,4.047619047619055,1.1904761904761862,2.3809523809523725,2026-08-28,3.571428571428581,-0.4761904761904745,1.4285714285714235,2026-08-31,1.1904761904761862,-4.047619047619044,-1.4285714285714235,2026-09-01,0.0,-3.57142857142857,-3.095238095238096,0.952380952380949,1.0,-2.380952380952384,1.0,0.952380952380949,1.0,-4.047619047619044,3.0,1.6666666666666607,5.0,-4.047619047619044,3.0,4.047619047619055,7.0,-4.047619047619044,3.0,4.047619047619055,7.0,-4.047619047619044,3.0,-1.67,-0.7109523809523837,-1.19,0.7138095238095254,-2.62,0.2390476190476165,-2.38,1.1895238095238136,-0.95,2.616666666666661,1.43,1.6652380952380843,1.19,1.1909523809523723,3.57,-2.1414285714285763,-0.71,-0.7185714285714235,-1.67,-1.4252380952380954,6.87,1.69,True,False,True,True,CBN
2026-08-18,4392,ＦＩＧ,1325.0,5,2026-08-19,7.396226415094342,-8.60377358490566,5.886792452830192,2026-08-20,8.150943396226417,-5.207547169811322,-1.811320754716983,2026-08-21,-2.4150943396226365,-14.641509433962264,-14.566037735849058,2026-08-24,-13.433962264150946,-25.056603773584907,-24.905660377358487,2026-08-25,-21.509433962264147,-26.18867924528302,-23.018867924528298,2026-08-26,-18.0377358490566,-25.132075471698112,-24.452830188679243,2026-08-27,-11.094339622641511,-22.26415094339622,-12.83018867924528,2026-08-28,-10.037735849056606,-16.603773584905657,-14.0377358490566,2026-08-31,-7.169811320754715,-20.679245283018865,-8.301886792452828,2026-09-01,-9.207547169811326,-15.396226415094338,-13.50943396226415,7.396226415094342,1.0,-8.60377358490566,1.0,8.150943396226417,2.0,-14.641509433962264,3.0,8.150943396226417,2.0,-26.18867924528302,5.0,8.150943396226417,2.0,-26.18867924528302,5.0,8.150943396226417,2.0,-26.18867924528302,5.0,-3.55,9.436792452830192,0.98,-2.791320754716983,-12.08,-2.4860377358490577,-19.85,-5.055660377358485,-24.75,1.7311320754717023,-22.19,-2.262830188679242,-16.75,3.91981132075472,-13.43,-0.6077358490565992,-17.66,9.358113207547172,-13.43,-0.0794339622641508,7.72,2.22,True,False,True,True,CBN
2026-08-18,5027,ＡｎｙＭｉｎｄ　Ｇｒｏｕｐ,771.0,5,2026-08-19,2.204928664072625,-5.058365758754868,-2.204928664072636,2026-08-20,5.058365758754868,-2.204928664072636,1.9455252918287869,2026-08-21,4.539559014267192,1.2970168612191912,4.150453955901434,2026-08-24,9.20881971465628,4.928664072632949,5.188067444876787,2026-08-25,5.058365758754868,-0.7782101167315147,1.6861219195849486,2026-08-26,3.2425421530480003,-2.204928664072636,0.7782101167315147,2026-08-27,9.857328145265898,6.485084306095978,7.522697795071331,2026-08-28,11.02464332036317,5.058365758754868,5.5771725032425445,2026-08-31,7.78210116731517,2.98313878080414,2.98313878080414,2026-09-01,3.3722438391699194,-1.4267185473411104,-0.6485084306095956,2.204928664072625,1.0,-5.058365758754868,1.0,5.058365758754868,2.0,-5.058365758754868,1.0,9.20881971465628,4.0,-5.058365758754868,1.0,9.857328145265898,7.0,-5.058365758754868,1.0,11.02464332036317,8.0,-5.058365758754868,1.0,-4.54,2.335071335927364,-0.39,2.335525291828787,2.85,1.300453955901434,8.3,-3.111932555123213,4.15,-2.463878080415052,2.72,-1.9417898832684852,7.78,-0.2573022049286688,9.86,-4.282827496757455,4.8,-1.81686121919586,1.95,-2.598508430609596,6.64,1.53,True,False,True,True,CBN
2026-08-18,544A,ＧＭＳグループ,376.0,5,2026-08-19,-0.2659574468085068,-4.255319148936165,-2.127659574468088,2026-08-20,-1.0638297872340383,-4.521276595744683,-3.4574468085106336,2026-08-21,-1.3297872340425565,-5.053191489361697,-2.92553191489362,2026-08-24,-2.127659574468088,-4.521276595744683,-2.92553191489362,2026-08-25,-2.127659574468088,-3.4574468085106336,-3.4574468085106336,2026-08-26,-3.1914893617021267,-6.117021276595747,-6.117021276595747,2026-08-27,-5.319148936170215,-7.446808510638303,-7.446808510638303,2026-08-28,-7.180851063829785,-8.776595744680849,-8.244680851063835,2026-08-31,-7.446808510638303,-9.308510638297872,-7.446808510638303,2026-09-01,-7.180851063829785,-9.042553191489366,-7.71276595744681,-0.2659574468085068,1.0,-4.255319148936165,1.0,-0.2659574468085068,1.0,-5.053191489361697,3.0,-0.2659574468085068,1.0,-5.053191489361697,3.0,-0.2659574468085068,1.0,-7.446808510638303,7.0,-0.2659574468085068,1.0,-9.308510638297872,9.0,-2.66,0.532340425531912,-3.46,0.0025531914893663,-2.93,0.0044680851063803,-3.99,1.0644680851063804,-2.39,-1.0674468085106334,-3.46,-2.6570212765957466,-5.32,-2.126808510638303,-7.45,-0.794680851063835,-8.78,1.3331914893616963,-8.24,0.5272340425531903,5.32,0.72,True,False,True,True,CBN
2026-08-18,7090,リグア,875.0,5,2026-08-19,-0.4571428571428559,-2.857142857142858,-0.4571428571428559,2026-08-20,0.6857142857142895,-0.8000000000000007,-0.8000000000000007,2026-08-21,-0.8000000000000007,-0.8000000000000007,-0.8000000000000007,2026-08-24,2.742857142857136,-0.2285714285714335,2.628571428571425,2026-08-25,2.742857142857136,1.1428571428571344,1.1428571428571344,2026-08-26,6.171428571428561,1.1428571428571344,4.114285714285715,2026-08-27,5.028571428571427,4.114285714285715,5.028571428571427,2026-08-28,8.571428571428562,8.114285714285717,8.114285714285717,2026-08-31,8.457142857142852,8.114285714285717,8.114285714285717,2026-09-01,9.02857142857143,4.685714285714293,5.37142857142856,-0.4571428571428559,1.0,-2.857142857142858,1.0,0.6857142857142895,2.0,-2.857142857142858,1.0,2.742857142857136,4.0,-2.857142857142858,1.0,6.171428571428561,6.0,-2.857142857142858,1.0,9.02857142857143,10.0,-2.857142857142858,1.0,-2.29,1.832857142857144,-0.8,-6.661338147750939e-16,-0.8,-6.661338147750939e-16,0.46,2.1685714285714246,2.63,-1.4871428571428655,4.57,-0.4557142857142855,5.03,-0.0014285714285735,8.46,-0.3457142857142834,8.11,0.004285714285718,8.57,-3.19857142857144,6.84,2.57,True,False,True,True,CBN
2026-08-18,8995,誠建設工業,2380.0,5,2026-08-19,7.647058823529407,-21.00840336134454,-19.53781512605042,2026-08-20,-2.7310924369747918,-29.957983193277315,-28.52941176470588,2026-08-21,-29.49579831932773,-37.01680672268908,-35.16806722689076,2026-08-24,-34.747899159663866,-39.07563025210085,-35.12605042016806,2026-08-25,-28.61344537815126,-37.89915966386555,-35.63025210084033,2026-08-26,-33.61344537815126,-39.49579831932773,-39.49579831932773,2026-08-27,-35.3781512605042,-38.949579831932766,-36.47058823529412,2026-08-28,-35.588235294117645,-38.949579831932766,-36.63865546218488,2026-08-31,-33.82352941176471,-38.52941176470588,-37.436974789915965,2026-09-01,-25.79831932773109,-39.49579831932773,-35.29411764705882,7.647058823529407,1.0,-21.00840336134454,1.0,7.647058823529407,1.0,-37.01680672268908,3.0,7.647058823529407,1.0,-39.07563025210085,4.0,7.647058823529407,1.0,-39.49579831932773,6.0,7.647058823529407,1.0,-39.49579831932773,6.0,-8.4,-11.137815126050418,-13.28,-15.24941176470588,-35.25,0.0819327731092443,-38.78,3.653949579831938,-29.2,-6.430252100840331,-36.39,-3.1057983193277323,-36.05,-0.4205882352941259,-38.07,1.4313445378151215,-37.61,0.1730252100840346,-35.59,0.2958823529411845,20.2,0.06,True,False,True,True,CBN
2026-08-18,9072,ニッコンホールディングス,5725.0,5,2026-08-19,-1.0131004366812246,-4.89082969432314,-4.89082969432314,2026-08-20,-3.5283842794759823,-5.257641921397383,-3.772925764192137,2026-08-21,-3.6681222707423577,-5.344978165938863,-4.838427947598256,2026-08-24,-4.069868995633186,-5.310043668122266,-4.733624454148466,2026-08-25,-4.384279475982533,-5.921397379912663,-5.08296943231441,2026-08-26,-4.978165938864631,-8.017467248908295,-6.026200873362441,2026-08-27,-4.471615720524014,-6.794759825327512,-4.9432314410480345,2026-08-28,-3.982532751091705,-6.53275109170306,-4.71615720524018,2026-08-31,-3.615720524017463,-5.851528384279481,-3.615720524017463,2026-09-01,-3.161572052401751,-4.978165938864631,-4.069868995633186,-1.0131004366812246,1.0,-4.89082969432314,1.0,-1.0131004366812246,1.0,-5.344978165938863,3.0,-1.0131004366812246,1.0,-5.921397379912663,5.0,-1.0131004366812246,1.0,-8.017467248908295,6.0,-1.0131004366812246,1.0,-8.017467248908295,6.0,-4.1,-0.7908296943231399,-4.63,0.8570742358078633,-4.33,-0.508427947598256,-4.23,-0.5036244541484658,-5.07,-0.01296943231441,-6.36,0.333799126637559,-6.18,1.2367685589519652,-4.54,-0.1761572052401794,-5.41,1.7942794759825371,-3.67,-0.3998689956331862,5.41,3.12,True,True,True,True,CVBN
2026-08-18,9425,ＲｅＹｕｕ　Ｊａｐａｎ,230.0,5,2026-08-19,13.043478260869556,-3.913043478260869,7.391304347826089,2026-08-20,5.217391304347818,-2.1739130434782594,1.304347826086949,2026-08-21,3.04347826086957,-5.21739130434783,-3.4782608695652195,2026-08-24,-3.4782608695652195,-9.999999999999998,-6.521739130434778,2026-08-25,-6.086956521739129,-8.695652173913048,-6.086956521739129,2026-08-26,3.4782608695652195,-5.652173913043479,0.8695652173912993,2026-08-27,16.956521739130427,-0.4347826086956496,10.43478260869566,2026-08-28,11.304347826086955,4.7826086956521685,8.695652173913038,2026-08-31,34.34782608695652,10.869565217391308,31.7391304347826,2026-09-01,33.478260869565226,17.391304347826097,22.173913043478265,13.043478260869556,1.0,-3.913043478260869,1.0,13.043478260869556,1.0,-5.21739130434783,3.0,13.043478260869556,1.0,-9.999999999999998,4.0,16.956521739130427,7.0,-9.999999999999998,4.0,34.34782608695652,9.0,-9.999999999999998,4.0,-2.61,10.001304347826087,0.0,1.304347826086949,0.43,-3.90826086956522,-5.22,-1.301739130434778,-6.96,0.8730434782608709,0.43,0.4395652173912993,2.61,7.82478260869566,9.13,-0.4343478260869631,16.96,14.7791304347826,28.7,-6.526086956521734,12.75,3.85,True,True,False,False,CV
2026-08-19,335A,ミライロ,393.0,7,2026-08-20,1.781170483460559,-8.14249363867684,-6.361323155216281,2026-08-21,-4.071246819338425,-10.432569974554706,-6.870229007633588,2026-08-24,-7.379134860050895,-10.941475826972011,-10.432569974554706,2026-08-25,-7.124681933842236,-9.92366412213741,-8.651399491094146,2026-08-26,-8.651399491094146,-11.959287531806616,-11.19592875318066,2026-08-27,-7.379134860050895,-9.669211195928751,-9.160305343511457,2026-08-28,-7.124681933842236,-9.160305343511457,-8.651399491094146,2026-08-31,-8.651399491094146,-10.432569974554706,-10.178117048346058,2026-09-01,-9.669211195928751,-11.70483460559797,-11.70483460559797,2026-09-02,-11.70483460559797,-12.468193384223913,-12.468193384223913,1.781170483460559,1.0,-8.14249363867684,1.0,1.781170483460559,1.0,-10.941475826972011,3.0,1.781170483460559,1.0,-11.959287531806616,5.0,1.781170483460559,1.0,-11.959287531806616,5.0,1.781170483460559,1.0,-12.468193384223913,10.0,-3.82,-2.5413231552162814,-8.65,1.7797709923664122,-8.14,-2.2925699745547057,-10.43,1.7786005089058534,-10.69,-0.5059287531806618,-8.4,-0.7603053435114546,-9.16,0.5086005089058538,-9.41,-0.768117048346058,-9.67,-2.03483460559797,-12.21,-0.2581933842239117,23.64,4.7,True,True,True,True,CVBN
2026-08-19,7681,レオクラン,1050.0,7,2026-08-20,0.952380952380949,-2.6666666666666616,-0.3809523809523818,2026-08-21,-0.5714285714285672,-3.3333333333333326,-0.666666666666671,2026-08-24,-3.23809523809524,-6.190476190476191,-4.285714285714281,2026-08-25,-4.285714285714281,-8.666666666666668,-4.857142857142859,2026-08-26,-2.0000000000000018,-6.285714285714283,-2.0000000000000018,2026-08-27,-2.857142857142858,-4.857142857142859,-3.1428571428571472,2026-08-28,-4.190476190476189,-5.9047619047619015,-5.9047619047619015,2026-08-31,-2.380952380952384,-4.476190476190478,-4.285714285714281,2026-09-01,-2.0952380952380945,-4.190476190476189,-3.7142857142857135,2026-09-02,-2.571428571428569,-4.285714285714281,-4.285714285714281,0.952380952380949,1.0,-2.6666666666666616,1.0,0.952380952380949,1.0,-6.190476190476191,3.0,0.952380952380949,1.0,-8.666666666666668,4.0,0.952380952380949,1.0,-8.666666666666668,4.0,0.952380952380949,1.0,-8.666666666666668,4.0,0.95,-1.3309523809523818,-0.67,0.003333333333329,-3.24,-1.045714285714281,-8.67,3.812857142857141,-2.0,-1.7763568394002505e-15,-2.86,-0.2828571428571473,-5.9,-0.0047619047619011,-4.48,0.1942857142857192,-3.71,-0.0042857142857144,-2.95,-1.335714285714281,11.75,4.86,True,True,True,True,CVBN
2026-08-19,2926,篠崎屋,124.0,6,2026-08-20,3.2258064516129004,-1.6129032258064502,0.8064516129032251,2026-08-21,4.0322580645161255,-1.6129032258064502,0.8064516129032251,2026-08-24,4.0322580645161255,0.0,0.0,2026-08-25,8.064516129032251,0.8064516129032251,4.0322580645161255,2026-08-26,5.645161290322576,3.2258064516129004,4.0322580645161255,2026-08-27,3.2258064516129004,1.6129032258064502,1.6129032258064502,2026-08-28,7.258064516129026,2.4193548387096757,3.2258064516129004,2026-08-31,4.838709677419351,2.4193548387096757,3.2258064516129004,2026-09-01,5.645161290322576,0.0,0.8064516129032251,2026-09-02,2.4193548387096757,-2.4193548387096757,0.8064516129032251,3.2258064516129004,1.0,-1.6129032258064502,1.0,4.0322580645161255,2.0,-1.6129032258064502,1.0,8.064516129032251,4.0,-1.6129032258064502,1.0,8.064516129032251,4.0,-1.6129032258064502,1.0,8.064516129032251,4.0,-2.4193548387096757,10.0,-0.81,1.6164516129032251,0.0,0.8064516129032251,1.61,-1.61,0.81,3.2222580645161254,4.84,-0.8077419354838744,2.42,-0.8070967741935497,4.84,-1.6141935483870995,3.23,-0.0041935483870996,4.84,-4.033548387096775,1.61,-0.803548387096775,7.63,3.5,True,True,True,True,CVBN
2026-08-19,2962,テクニスコ,1850.0,6,2026-08-20,9.459459459459453,-13.243243243243242,-13.243243243243242,2026-08-21,-9.56756756756757,-18.37837837837838,-16.27027027027027,2026-08-24,-12.108108108108109,-20.16216216216217,-17.78378378378378,2026-08-25,-12.270270270270268,-19.405405405405407,-12.540540540540546,2026-08-26,-0.2702702702702675,-17.2972972972973,-3.513513513513511,2026-08-27,-1.4594594594594557,-8.108108108108103,-3.0270270270270294,2026-08-28,1.6216216216216273,-5.94594594594594,-5.189189189189191,2026-08-31,-4.162162162162164,-15.297297297297296,-13.513513513513509,2026-09-01,-12.972972972972974,-19.56756756756757,-17.62162162162162,2026-09-02,-19.45945945945946,-22.16216216216216,-20.5945945945946,9.459459459459453,1.0,-13.243243243243242,1.0,9.459459459459453,1.0,-20.16216216216217,3.0,9.459459459459453,1.0,-20.16216216216217,3.0,9.459459459459453,1.0,-20.16216216216217,3.0,9.459459459459453,1.0,-22.16216216216216,10.0,5.14,-18.383243243243243,-16.54,0.269729729729729,-18.76,0.9762162162162228,-17.84,5.299459459459454,-14.11,10.596486486486487,-6.97,3.9429729729729694,-1.46,-3.7291891891891913,-7.95,-5.5635135135135085,-13.51,-4.111621621621621,-20.76,0.165405405405405,4.88,4.03,False,True,True,True,VBN
2026-08-19,6822,大井電気,5250.0,6,2026-08-20,-0.1904761904761853,-4.380952380952385,-3.809523809523807,2026-08-21,-3.809523809523807,-6.857142857142861,-5.714285714285716,2026-08-24,-1.904761904761909,-5.714285714285716,-4.000000000000004,2026-08-25,-4.000000000000004,-5.142857142857138,-4.761904761904767,2026-08-26,-4.761904761904767,-5.142857142857138,-5.142857142857138,2026-08-27,-4.761904761904767,-5.52380952380952,-5.142857142857138,2026-08-28,-4.857142857142859,-6.761904761904757,-5.333333333333334,2026-08-31,-5.333333333333334,-6.571428571428573,-6.190476190476191,2026-09-01,-4.571428571428571,-6.190476190476191,-4.761904761904767,2026-09-02,-3.23809523809524,-6.0952380952380985,-5.142857142857138,-0.1904761904761853,1.0,-4.380952380952385,1.0,-0.1904761904761853,1.0,-6.857142857142861,2.0,-0.1904761904761853,1.0,-6.857142857142861,2.0,-0.1904761904761853,1.0,-6.857142857142861,2.0,-0.1904761904761853,1.0,-6.857142857142861,2.0,-4.38,0.5704761904761928,-6.1,0.3857142857142834,-4.95,0.9499999999999966,-4.19,-0.5719047619047668,-4.76,-0.3828571428571381,-4.76,-0.3828571428571381,-4.95,-0.3833333333333337,-6.57,0.3795238095238096,-4.76,-0.0019047619047674,-3.24,-1.9028571428571377,5.86,4.27,True,True,False,True,CVN
2026-08-19,2170,リンクアンドモチベーション,694.0,5,2026-08-20,3.458213256484144,-1.8731988472622476,-0.4322766570605152,2026-08-21,2.737752161383278,-1.729106628242072,1.4409221902017322,2026-08-24,3.6023054755043304,-2.593659942363113,-2.3054755043227626,2026-08-25,0.8645533141210304,-2.593659942363113,-0.2881844380403509,2026-08-26,3.31412103746398,0.0,0.4322766570605152,2026-08-27,4.034582132564846,0.4322766570605152,3.0259365994236287,2026-08-28,7.348703170028825,3.458213256484144,3.458213256484144,2026-08-31,7.925072046109505,3.31412103746398,6.91642651296831,2026-09-01,6.772334293948124,2.3054755043227626,2.3054755043227626,2026-09-02,0.5763688760807018,-5.475504322766566,-4.7550432276657,3.458213256484144,1.0,-1.8731988472622476,1.0,3.6023054755043304,3.0,-2.593659942363113,3.0,3.6023054755043304,3.0,-2.593659942363113,3.0,7.348703170028825,7.0,-2.593659942363113,3.0,7.925072046109505,8.0,-5.475504322766566,10.0,2.31,-2.7422766570605157,-0.86,2.300922190201732,2.59,-4.8954755043227625,-0.58,0.2918155619596491,2.59,-2.1577233429394846,0.86,2.165936599423629,5.91,-2.451786743515856,3.46,3.45642651296831,5.33,-3.024524495677237,-4.61,-0.1450432276656998,10.27,1.69,True,False,True,True,CBN
2026-08-19,3929,ソーシャルワイヤー,254.0,5,2026-08-20,3.937007874015741,-4.330708661417326,-0.3937007874015741,2026-08-21,0.0,-4.330708661417326,-3.937007874015752,2026-08-24,-3.543307086614178,-5.118110236220474,-5.118110236220474,2026-08-25,-3.149606299212604,-6.299212598425196,-5.511811023622048,2026-08-26,-3.937007874015752,-4.7244094488189,-4.330708661417326,2026-08-27,-3.937007874015752,-5.511811023622048,-4.7244094488189,2026-08-28,-3.937007874015752,-5.511811023622048,-5.118110236220474,2026-08-31,-3.543307086614178,-5.511811023622048,-3.543307086614178,2026-09-01,-3.937007874015752,-4.7244094488189,-4.7244094488189,2026-09-02,-4.7244094488189,-6.299212598425196,-6.299212598425196,3.937007874015741,1.0,-4.330708661417326,1.0,3.937007874015741,1.0,-5.118110236220474,3.0,3.937007874015741,1.0,-6.299212598425196,4.0,3.937007874015741,1.0,-6.299212598425196,4.0,3.937007874015741,1.0,-6.299212598425196,4.0,-0.79,0.3962992125984259,-2.76,-1.1770078740157524,-4.72,-0.3981102362204742,-3.94,-1.5718110236220482,-4.72,0.3892913385826739,-4.33,-0.3944094488188998,-4.33,-0.7881102362204739,-5.12,1.576692913385822,-3.94,-0.7844094488189,-6.3,0.0007874015748035,10.17,4.04,True,True,False,False,CV
2026-08-19,3976,シャノン,692.0,5,2026-08-20,7.803468208092479,-1.0115606936416222,5.202312138728327,2026-08-21,7.947976878612706,-0.289017341040465,3.6127167630057855,2026-08-24,3.6127167630057855,-6.069364161849711,-5.346820809248554,2026-08-25,-3.1791907514450823,-7.947976878612717,-3.1791907514450823,2026-08-26,-3.1791907514450823,-6.791907514450868,-6.791907514450868,2026-08-27,-6.069364161849711,-11.1271676300578,-10.260115606936417,2026-08-28,-6.791907514450868,-10.838150289017346,-7.947976878612717,2026-08-31,-3.6127167630057855,-9.537572254335258,-3.6127167630057855,2026-09-01,-3.4682080924855474,-6.069364161849711,-4.913294797687861,2026-09-02,-6.069364161849711,-13.150289017341043,-11.849710982658957,7.803468208092479,1.0,-1.0115606936416222,1.0,7.947976878612706,2.0,-6.069364161849711,3.0,7.947976878612706,2.0,-7.947976878612717,4.0,7.947976878612706,2.0,-11.1271676300578,6.0,7.947976878612706,2.0,-13.150289017341043,10.0,1.73,3.4723121387283267,3.03,0.5827167630057857,2.46,-7.806820809248554,-5.35,2.1708092485549173,-4.62,-2.171907514450868,-7.95,-2.3101156069364146,-8.09,0.1420231213872824,-9.54,5.927283236994214,-5.64,0.7267052023121385,-12.28,0.4302890173410425,16.29,2.31,True,False,True,True,CBN
2026-08-19,4976,東洋ドライルーブ,1572.0,5,2026-08-20,1.844783715012732,-3.944020356234101,-2.035623409669207,2026-08-21,-2.9898218829516487,-7.760814249363868,-6.424936386768443,2026-08-24,-4.580152671755721,-8.3969465648855,-8.078880407124679,2026-08-25,-7.697201017811706,-8.269720101781175,-8.269720101781175,2026-08-26,-7.124681933842236,-8.269720101781175,-7.4427480916030575,2026-08-27,-6.806615776081426,-7.124681933842236,-7.124681933842236,2026-08-28,-7.124681933842236,-7.760814249363868,-7.569974554707382,2026-08-31,-5.534351145038164,-7.760814249363868,-6.5521628498727775,2026-09-01,-5.852417302798985,-8.269720101781175,-8.078880407124679,2026-09-02,4.961832061068705,-7.888040712468191,0.127226463104324,1.844783715012732,1.0,-3.944020356234101,1.0,1.844783715012732,1.0,-8.3969465648855,3.0,1.844783715012732,1.0,-8.3969465648855,3.0,1.844783715012732,1.0,-8.3969465648855,3.0,4.961832061068705,10.0,-8.3969465648855,3.0,1.59,-3.625623409669207,-6.55,0.125063613231557,-5.28,-2.7988804071246784,-7.76,-0.5097201017811752,-7.44,-0.0027480916030571,-7.12,-0.0046819338422361,-7.76,0.1900254452926182,-7.44,0.8878371501272229,-6.17,-1.9088804071246788,1.84,-1.712773536895676,9.97,1.45,True,False,True,True,CBN
2026-08-19,6027,弁護士ドットコム,4405.0,5,2026-08-20,2.951191827468791,-5.675368898978439,-1.92962542565267,2026-08-21,3.518728717366626,-4.8808172531214495,1.5891032917139558,2026-08-24,7.83200908059023,1.0215664018161208,7.491486946651538,2026-08-25,6.69693530079456,-3.518728717366626,-1.362088535754824,2026-08-26,14.64245175936436,7.491486946651538,14.64245175936436,2026-08-27,22.133938706015897,9.64812712826333,16.685584562996603,2026-08-28,24.858115777525548,13.280363223609529,16.004540295119174,2026-08-31,25.53916004540295,8.059023836549372,21.67990919409761,2026-09-01,31.214528944381392,19.40976163450625,19.63677639046537,2026-09-02,19.63677639046537,10.442678774120328,15.55051078320091,2.951191827468791,1.0,-5.675368898978439,1.0,7.83200908059023,3.0,-5.675368898978439,1.0,14.64245175936436,5.0,-5.675368898978439,1.0,24.858115777525548,7.0,-5.675368898978439,1.0,31.214528944381392,9.0,-5.675368898978439,1.0,0.11,-2.03962542565267,-2.72,4.3091032917139565,6.81,0.6814869466515381,4.2,-5.562088535754825,11.58,3.062451759364361,12.26,4.425584562996603,19.64,-3.6354597048808266,14.87,6.809909194097612,28.94,-9.30322360953463,16.46,-0.9094892167990912,18.18,1.56,True,False,True,True,CBN
2026-08-19,9467,アルファポリス,1247.0,5,2026-08-20,2.886928628708896,-0.6415396952686447,2.085004009623104,2026-08-21,1.2028869286287105,-2.245388933440262,-1.7642341619887758,2026-08-24,-1.2028869286287105,-3.4482758620689613,-2.566158781074579,2026-08-25,-2.165196471531672,-4.731355252606251,-2.806736166800317,2026-08-26,-1.042502004811552,-3.769045709703289,-3.68885324779471,2026-08-27,-3.4482758620689613,-4.731355252606251,-3.769045709703289,2026-08-28,-3.1275060144346445,-5.292702485966316,-5.292702485966316,2026-08-31,-4.410585404971934,-7.858861267040895,-5.052125100240579,2026-09-01,-5.132317562149158,-8.901363271852446,-7.858861267040895,2026-09-02,-7.698476343223737,-10.90617481956696,-8.259823576583802,2.886928628708896,1.0,-0.6415396952686447,1.0,2.886928628708896,1.0,-3.4482758620689613,3.0,2.886928628708896,1.0,-4.731355252606251,4.0,2.886928628708896,1.0,-5.292702485966316,7.0,2.886928628708896,1.0,-10.90617481956696,10.0,1.92,0.1650040096231038,-1.92,0.1557658380112241,-1.76,-0.806158781074579,-3.21,0.4032638331996834,-2.33,-1.35885324779471,-4.73,0.9609542902967112,-3.85,-1.4427024859663162,-7.38,2.327874899759421,-6.26,-1.5988612670408957,-8.58,0.3201764234161981,6.27,0.91,True,False,True,True,CBN
2026-08-19,3054,ハイパー,342.0,4,2026-08-20,10.818713450292394,0.8771929824561431,9.064327485380108,2026-08-21,10.233918128654974,5.263157894736836,8.187134502923987,2026-08-24,9.649122807017552,3.2163742690058506,4.093567251461994,2026-08-25,6.140350877192979,3.2163742690058506,4.678362573099415,2026-08-26,7.309941520467844,3.801169590643272,6.725146198830401,2026-08-27,6.725146198830401,5.263157894736836,6.725146198830401,2026-08-28,9.649122807017552,6.432748538011701,9.35672514619883,2026-08-31,11.111111111111116,8.187134502923987,10.818713450292394,2026-09-01,13.742690058479525,10.818713450292394,13.742690058479525,2026-09-02,13.742690058479525,10.526315789473696,10.526315789473696,10.818713450292394,1.0,0.8771929824561431,1.0,10.818713450292394,1.0,0.8771929824561431,1.0,10.818713450292394,1.0,0.8771929824561431,1.0,10.818713450292394,1.0,0.8771929824561431,1.0,13.742690058479525,9.0,0.8771929824561431,1.0,5.26,3.804327485380108,7.31,0.8771345029239876,7.89,-3.796432748538006,5.26,-0.5816374269005848,4.68,2.045146198830401,6.43,0.2951461988304009,7.89,1.4667251461988302,9.06,1.7587134502923938,11.7,2.042690058479524,10.53,-0.0036842105263037,12.15,2.35,True,False,True,True,CBN
2026-08-19,4499,Ｓｐｅｅｅ,2715.0,4,2026-08-20,8.287292817679548,-0.515653775322289,1.804788213627995,2026-08-21,2.5046040515653845,-3.683241252302028,-3.0939226519337004,2026-08-24,1.2523020257826811,-3.314917127071826,0.3683241252302016,2026-08-25,2.283609576427259,-3.4990791896869267,0.6629834254143541,2026-08-26,7.734806629834257,1.2891344383057168,1.841620626151008,2026-08-27,0.3314917127071881,-5.046040515653772,-4.714548802946594,2026-08-28,-2.3204419889502725,-6.151012891344387,-4.567219152854507,2026-08-31,-6.408839779005526,-12.52302025782689,-10.865561694290973,2026-09-01,-9.465930018416202,-12.596685082872929,-9.98158379373849,2026-09-02,-11.197053406998158,-14.953959484346225,-14.953959484346225,8.287292817679548,1.0,-0.515653775322289,1.0,8.287292817679548,1.0,-3.683241252302028,2.0,8.287292817679548,1.0,-3.683241252302028,2.0,8.287292817679548,1.0,-6.151012891344387,7.0,8.287292817679548,1.0,-14.953959484346225,10.0,2.69,-0.8852117863720053,-0.48,-2.6139226519337004,-2.69,3.0583241252302016,0.18,0.4829834254143541,6.22,-4.378379373848992,-3.54,-1.1745488029465945,-3.17,-1.3972191528545077,-8.47,-2.3955616942909703,-10.68,0.6984162062615091,-14.55,-0.403959484346224,6.71,1.56,True,False,True,True,CBN
2026-08-19,5951,ダイニチ工業,1354.0,4,2026-08-20,0.2215657311669172,-3.4711964549483,-3.1757754800590843,2026-08-21,-1.846381093057603,-7.533234859675042,-7.533234859675042,2026-08-24,-2.8064992614475592,-9.305760709010336,-8.788774002954213,2026-08-25,-5.096011816838997,-9.896602658788778,-9.896602658788778,2026-08-26,-7.68094534711965,-9.896602658788778,-9.305760709010336,2026-08-27,-8.419497784342688,-10.265878877400292,-10.265878877400292,2026-08-28,-7.754800590841948,-10.265878877400292,-9.158050221565729,2026-08-31,-7.754800590841948,-9.970457902511075,-8.714918759231905,2026-09-01,-8.714918759231905,-10.856720827178734,-10.265878877400292,2026-09-02,-8.419497784342688,-10.265878877400292,-8.936484490398822,0.2215657311669172,1.0,-3.4711964549483,1.0,0.2215657311669172,1.0,-9.305760709010336,3.0,0.2215657311669172,1.0,-9.896602658788778,4.0,0.2215657311669172,1.0,-10.265878877400292,6.0,0.2215657311669172,1.0,-10.856720827178734,9.0,-0.66,-2.515775480059084,-3.47,-4.063234859675042,-3.77,-5.018774002954213,-7.61,-2.2866026587887776,-9.6,0.2942392909896636,-9.6,-0.6658788774002922,-8.49,-0.6680502215657267,-8.94,0.2250812407680946,-9.31,-0.9558788774002912,-8.79,-0.1464844903988229,10.97,2.4,True,False,True,True,CBN
2026-08-19,264A,Ｓｃｈｏｏ,302.0,3,2026-08-20,27.48344370860927,-0.6622516556291425,15.56291390728477,2026-08-21,13.576158940397342,6.62251655629138,10.264900662251652,2026-08-24,17.549668874172177,2.98013245033113,5.629139072847678,2026-08-25,7.947019867549665,3.31125827814569,5.96026490066226,2026-08-26,7.615894039735105,4.304635761589415,4.635761589403975,2026-08-27,5.96026490066226,2.98013245033113,3.642384105960272,2026-08-28,7.284768211920523,1.9867549668874276,2.3178807947019875,2026-08-31,4.304635761589415,2.649006622516548,3.31125827814569,2026-09-01,3.973509933774833,1.655629139072845,2.3178807947019875,2026-09-02,4.304635761589415,-0.9933774834437136,-0.3311258278145712,27.48344370860927,1.0,-0.6622516556291425,1.0,27.48344370860927,1.0,-0.6622516556291425,1.0,27.48344370860927,1.0,-0.6622516556291425,1.0,27.48344370860927,1.0,-0.6622516556291425,1.0,27.48344370860927,1.0,-0.9933774834437136,10.0,-0.66,16.22291390728477,7.95,2.3149006622516515,11.92,-6.290860927152322,5.96,0.0002649006622599,5.63,-0.9942384105960248,3.97,-0.3276158940397278,5.96,-3.642119205298013,2.98,0.3312582781456901,3.31,-0.9921192052980126,0.33,-0.6611258278145713,7.02,2.09,True,False,False,False,C
2026-08-19,3672,オルトプラス,29.0,3,2026-08-20,17.24137931034482,-3.4482758620689613,6.896551724137923,2026-08-21,13.793103448275868,-6.896551724137934,0.0,2026-08-24,3.4482758620689724,-6.896551724137934,-3.4482758620689613,2026-08-25,6.896551724137923,-6.896551724137934,0.0,2026-08-26,3.4482758620689724,0.0,3.4482758620689724,2026-08-27,3.4482758620689724,0.0,0.0,2026-08-28,6.896551724137923,-3.4482758620689613,3.4482758620689724,2026-08-31,3.4482758620689724,0.0,3.4482758620689724,2026-09-01,3.4482758620689724,0.0,0.0,2026-09-02,3.4482758620689724,-3.4482758620689613,0.0,17.24137931034482,1.0,-3.4482758620689613,1.0,17.24137931034482,1.0,-6.896551724137934,2.0,17.24137931034482,1.0,-6.896551724137934,2.0,17.24137931034482,1.0,-6.896551724137934,2.0,17.24137931034482,1.0,-6.896551724137934,2.0,0.0,6.896551724137923,3.45,-3.45,3.45,-6.898275862068962,-3.45,3.45,3.45,-0.0017241379310277,3.45,-3.45,0.0,3.4482758620689724,0.0,3.4482758620689724,3.45,-3.45,0.0,0.0,7.41,1.99,True,False,False,False,C
2026-08-19,3948,光ビジネスフォーム,1149.0,3,2026-08-20,0.9573542210618012,-0.1740644038294214,0.6092254134029584,2026-08-21,0.9573542210618012,0.6092254134029584,0.870322019147074,2026-08-24,1.1314186248912117,0.870322019147074,1.1314186248912117,2026-08-25,1.3925152306353272,1.0443864229765063,1.1314186248912117,2026-08-26,1.653611836379465,1.2184508268059169,1.2184508268059169,2026-08-27,1.653611836379465,0.4351610095735481,1.653611836379465,2026-08-28,1.74064403829417,1.1314186248912117,1.74064403829417,2026-08-31,1.8276762402088755,1.305483028720622,1.305483028720622,2026-09-01,1.74064403829417,1.305483028720622,1.305483028720622,2026-09-02,2.6979982593559715,1.305483028720622,2.6979982593559715,0.9573542210618012,1.0,-0.1740644038294214,1.0,1.1314186248912117,3.0,-0.1740644038294214,1.0,1.653611836379465,5.0,-0.1740644038294214,1.0,1.74064403829417,7.0,-0.1740644038294214,1.0,2.6979982593559715,10.0,-0.1740644038294214,1.0,0.09,0.5192254134029585,0.96,-0.089677980852926,0.87,0.2614186248912117,1.39,-0.2585813751087882,1.65,-0.431549173194083,0.96,0.693611836379465,1.13,0.6106440382941702,1.31,-0.004516971279378,1.74,-0.4345169712793779,1.83,0.8679982593559714,-1.04,4.45,False,True,False,True,VN
2026-08-19,4385,メルカリ,4745.0,3,2026-08-20,3.561643835616435,0.5479452054794498,1.0537407797681864,2026-08-21,2.002107481559534,-0.6954689146470017,0.0,2026-08-24,-1.011591148577451,-6.174920969441522,-5.711275026343521,2026-08-25,-2.59220231822972,-6.427818756585879,-6.090621707060063,2026-08-26,-1.2855637513171758,-4.214963119072712,-3.7302423603793433,2026-08-27,-2.1707060063224426,-4.573234984193886,-3.203371970495261,2026-08-28,-1.264488935721808,-4.4257112750263445,-2.697576396206536,2026-08-31,-2.1074815595363505,-4.4257112750263445,-2.360379346680719,2026-09-01,-1.812434141201269,-4.573234984193886,-2.6554267650158114,2026-09-02,-4.025289778714436,-11.50684931506849,-10.432033719704949,3.561643835616435,1.0,0.5479452054794498,1.0,3.561643835616435,1.0,-6.174920969441522,3.0,3.561643835616435,1.0,-6.427818756585879,4.0,3.561643835616435,1.0,-6.427818756585879,4.0,3.561643835616435,1.0,-11.50684931506849,10.0,2.44,-1.3862592202318136,0.57,-0.57,-4.45,-1.2612750263435206,-4.0,-2.0906217070600626,-3.5,-0.2302423603793433,-4.21,1.0066280295047387,-1.6,-1.0975763962065357,-2.44,0.0796206533192811,-3.12,0.4645732349841887,-10.16,-0.2720337197049467,6.19,1.91,True,False,False,False,C
2026-08-19,4413,ボードルア,3035.0,3,2026-08-20,2.800658978583193,-1.4168039538715038,2.800658978583193,2026-08-21,1.812191103789118,-1.285008237232288,-0.4942339373970372,2026-08-24,-0.9884678747940744,-2.3064250411861664,-1.8121911037891287,2026-08-25,-1.4827018121911006,-2.2075782537067545,-2.1746293245469506,2026-08-26,-1.878088962108726,-2.2405271828665585,-2.2075782537067545,2026-08-27,-2.1416803953871466,-2.2734761120263625,-2.2075782537067545,2026-08-28,-1.943986820428334,-2.3393739703459597,-2.2405271828665585,2026-08-31,-2.1746293245469506,-2.405271828665567,-2.2734761120263625,2026-09-01,-2.2734761120263625,-2.405271828665567,-2.405271828665567,2026-09-02,-2.3393739703459597,-2.405271828665567,-2.3723228995057632,2.800658978583193,1.0,-1.4168039538715038,1.0,2.800658978583193,1.0,-2.3064250411861664,3.0,2.800658978583193,1.0,-2.3064250411861664,3.0,2.800658978583193,1.0,-2.3393739703459597,7.0,2.800658978583193,1.0,-2.405271828665567,8.0,-0.66,3.4606589785831927,-0.49,-0.0042339373970372,-2.08,0.2678088962108709,-2.01,-0.1646293245469507,-2.04,-0.1675782537067545,-2.21,0.0024217462932454,-2.01,-0.2305271828665587,-2.31,0.0365238879736375,-2.37,-0.0352718286655671,-2.37,-0.0023228995057631,3.16,3.5,False,True,False,True,VN
2026-08-19,6036,ＫｅｅＰｅｒ技研,3200.0,3,2026-08-20,5.000000000000004,0.1562499999999911,0.9374999999999912,2026-08-21,3.281249999999991,-1.2499999999999956,2.6562500000000044,2026-08-24,4.531250000000009,1.5625,2.812499999999996,2026-08-25,3.4375000000000044,1.2499999999999956,2.6562500000000044,2026-08-26,4.218750000000004,-0.3125000000000044,1.2499999999999956,2026-08-27,1.8750000000000044,-0.3125000000000044,0.6250000000000089,2026-08-28,3.90625,0.6250000000000089,2.812499999999996,2026-08-31,6.25,1.2499999999999956,5.312500000000009,2026-09-01,6.562500000000004,3.90625,5.156249999999996,2026-09-02,5.312500000000009,2.34375,4.218750000000004,5.000000000000004,1.0,0.1562499999999911,1.0,5.000000000000004,1.0,-1.2499999999999956,2.0,5.000000000000004,1.0,-1.2499999999999956,2.0,5.000000000000004,1.0,-1.2499999999999956,2.0,6.562500000000004,9.0,-1.2499999999999956,2.0,2.5,-1.5625000000000089,1.09,1.5662500000000044,2.81,0.0024999999999955,2.19,0.4662500000000045,3.59,-2.3400000000000043,0.31,0.3150000000000089,2.19,0.6224999999999956,2.19,3.122500000000009,5.16,-0.0037500000000045,4.53,-0.3112499999999958,3.97,1.11,False,False,False,False,NONE
2026-08-19,4392,ＦＩＧ,1403.0,5,2026-08-20,2.1382751247327247,-10.477548111190304,-7.270135424091229,2026-08-21,-7.840342124019961,-19.387027797576614,-19.31575196008553,2026-08-24,-18.24661439771917,-29.223093371347108,-29.080541696364936,2026-08-25,-25.87312900926586,-30.29223093371347,-27.29864575908767,2026-08-26,-22.59444048467569,-29.2943692088382,-28.652886671418383,2026-08-27,-16.03706343549537,-26.585887384176765,-17.676407697790452,2026-08-28,-15.039201710620098,-21.240199572344977,-18.816821097647896,2026-08-31,-12.330719885958665,-25.089094796863865,-13.399857448325015,2026-09-01,-14.255167498218102,-20.099786172487523,-18.317890235210264,2026-09-02,-15.324305060584464,-21.810406272273696,-20.81254454739844,2.1382751247327247,1.0,-10.477548111190304,1.0,2.1382751247327247,1.0,-29.223093371347108,3.0,2.1382751247327247,1.0,-30.29223093371347,4.0,2.1382751247327247,1.0,-30.29223093371347,4.0,2.1382751247327247,1.0,-30.29223093371347,4.0,-4.63,-2.6401354240912287,-16.96,-2.3557519600855343,-24.31,-4.770541696364937,-28.94,1.6413542409123316,-26.51,-2.1428866714183847,-21.38,3.7035923022095463,-18.25,-0.566821097647896,-22.24,8.840142551674983,-18.25,-0.0678902352102639,-20.46,-0.3525445473984376,5.89,1.08,True,False,True,True,CBN
2026-08-19,4418,ＪＤＳＣ,1029.0,5,2026-08-20,8.551992225461614,1.1661807580174877,5.150631681243922,2026-08-21,7.191448007774537,0.9718172983479212,1.3605442176870763,2026-08-24,4.8590864917395615,0.3887269193391551,2.526724975704564,2026-08-25,1.068999028182693,-3.0126336248785246,-1.8464528668610256,2026-08-26,4.470359572400384,-3.0126336248785246,-1.8464528668610256,2026-08-27,2.0408163265306145,-1.8464528668610256,1.7492711370262315,2026-08-28,12.244897959183664,1.7492711370262315,10.592808551992228,2026-08-31,11.953352769679304,8.357628765792025,9.912536443148689,2026-09-01,12.244897959183664,7.094266277939743,8.746355685131203,2026-09-02,10.39844509232264,4.761904761904767,6.413994169096204,8.551992225461614,1.0,1.1661807580174877,1.0,8.551992225461614,1.0,0.3887269193391551,3.0,8.551992225461614,1.0,-3.0126336248785246,4.0,12.244897959183664,7.0,-3.0126336248785246,4.0,12.244897959183664,7.0,-3.0126336248785246,4.0,3.3,1.8506316812439223,2.72,-1.359455782312924,2.62,-0.0932750242954361,-0.19,-1.656452866861026,3.01,-4.856452866861026,-0.39,2.139271137026232,6.8,3.792808551992228,10.2,-0.2874635568513106,10.5,-1.7536443148687972,6.51,-0.0960058309037954,6.08,1.05,True,False,True,True,CBN
2026-08-19,460A,ＢＲＡＮＵ,1088.0,5,2026-08-20,1.1029411764705843,-4.136029411764708,0.1838235294117751,2026-08-21,1.1029411764705843,-2.573529411764708,-1.838235294117652,2026-08-24,2.481617647058832,-2.389705882352944,1.194852941176472,2026-08-25,0.7352941176470562,-5.790441176470584,-5.514705882352944,2026-08-26,-3.400735294117652,-6.985294117647056,-6.709558823529416,2026-08-27,-4.411764705882348,-6.4338235294117645,-5.147058823529416,2026-08-28,-2.389705882352944,-5.882352941176472,-4.411764705882348,2026-08-31,-0.0919117647058875,-5.790441176470584,-1.930147058823528,2026-09-01,-1.0110294117647078,-2.6654411764705843,-1.6544117647058876,2026-09-02,-0.7352941176470562,-5.330882352941179,-4.319852941176472,1.1029411764705843,1.0,-4.136029411764708,1.0,2.481617647058832,3.0,-4.136029411764708,1.0,2.481617647058832,3.0,-6.985294117647056,5.0,2.481617647058832,3.0,-6.985294117647056,5.0,2.481617647058832,3.0,-6.985294117647056,5.0,-2.94,3.123823529411775,-1.65,-0.1882352941176517,-0.46,1.654852941176472,-3.49,-2.024705882352944,-4.41,-2.2995588235294155,-5.33,0.1829411764705844,-3.4,-1.011764705882348,-5.79,3.859852941176472,-2.02,0.3655882352941124,-3.22,-1.0998529411764717,6.15,1.23,True,False,True,True,CBN
2026-08-19,9722,藤田観光,2441.0,5,2026-08-20,3.359278984022951,0.0409668168783294,2.2941417451864066,2026-08-21,8.807865628840638,3.359278984022951,8.603031544448992,2026-08-24,10.979106923392056,4.424416222859473,10.20073740270382,2026-08-25,12.08521097910693,8.439164276935674,11.675542810323636,2026-08-26,14.09258500614503,11.675542810323636,13.232281851700131,2026-08-27,18.353133961491185,10.65137238836542,17.984432609586243,2026-08-28,23.924621056943884,17.984432609586243,23.10528471937729,2026-08-31,28.226136829168368,22.90045063498567,24.33428922572716,2026-09-01,29.45514133551823,23.310118803768944,23.719786972552235,2026-09-02,23.10528471937729,18.517001229004503,18.84473576403114,3.359278984022951,1.0,0.0409668168783294,1.0,10.979106923392056,3.0,0.0409668168783294,1.0,14.09258500614503,5.0,0.0409668168783294,1.0,23.924621056943884,7.0,0.0409668168783294,1.0,29.45514133551823,9.0,0.0409668168783294,1.0,1.72,0.5741417451864066,4.79,3.813031544448992,6.06,4.140737402703819,10.53,1.1455428103236365,12.95,0.2822818517001337,12.54,5.444432609586244,19.62,3.485284719377294,26.18,-1.8457107742728416,28.23,-4.510213027447765,19.05,-0.2052642359688619,5.58,1.53,True,False,True,True,CBN
2026-08-19,2464,Ａｏｂａ‐ＢＢＴ,360.0,4,2026-08-20,0.8333333333333304,-0.5555555555555536,0.2777777777777768,2026-08-21,2.2222222222222143,0.8333333333333304,0.8333333333333304,2026-08-24,0.8333333333333304,0.0,0.2777777777777768,2026-08-25,1.388888888888884,-0.2777777777777768,0.5555555555555536,2026-08-26,1.388888888888884,0.5555555555555536,1.388888888888884,2026-08-27,5.833333333333335,1.1111111111111072,4.722222222222228,2026-08-28,6.111111111111112,2.499999999999991,5.277777777777781,2026-08-31,5.833333333333335,4.722222222222228,4.722222222222228,2026-09-01,5.833333333333335,4.166666666666674,4.444444444444451,2026-09-02,4.444444444444451,3.0555555555555447,3.333333333333344,0.8333333333333304,1.0,-0.5555555555555536,1.0,2.2222222222222143,2.0,-0.5555555555555536,1.0,2.2222222222222143,2.0,-0.5555555555555536,1.0,6.111111111111112,7.0,-0.5555555555555536,1.0,6.111111111111112,7.0,-0.5555555555555536,1.0,0.0,0.2777777777777768,1.67,-0.8366666666666696,0.56,-0.2822222222222232,0.28,0.2755555555555535,0.83,0.558888888888884,1.39,3.332222222222228,6.11,-0.8322222222222191,4.72,0.0022222222222278,5.56,-1.1155555555555488,3.33,0.0033333333333436,2.86,3.01,False,True,True,True,VBN
2026-08-19,4565,ネクセラファーマ,1167.0,4,2026-08-20,4.198800342759212,-3.2562125107112205,-2.913453299057412,2026-08-21,-1.1996572407883432,-5.655526992287918,-5.4841473864610135,2026-08-24,-3.513281919451583,-6.169665809768643,-5.9125964010282805,2026-08-25,-4.798628963153384,-6.940874035989719,-5.0556983718937465,2026-08-26,-1.9708654670094303,-5.569837189374461,-4.370179948586117,2026-08-27,-1.4567266495287057,-5.569837189374461,-4.884318766066842,2026-08-28,-1.4567266495287057,-4.712939160239927,-3.8560411311054033,2026-08-31,-1.5424164524421635,-4.455869751499575,-2.656383890317049,2026-09-01,0.0,-4.198800342759212,-3.598971722365041,2026-09-02,-0.3427592116538092,-5.741216795201376,-1.4567266495287057,4.198800342759212,1.0,-3.2562125107112205,1.0,4.198800342759212,1.0,-6.169665809768643,3.0,4.198800342759212,1.0,-6.940874035989719,4.0,4.198800342759212,1.0,-6.940874035989719,4.0,4.198800342759212,1.0,-6.940874035989719,4.0,1.89,-4.803453299057411,-4.2,-1.2841473864610131,-4.03,-1.8825964010282803,-5.91,0.8543016281062537,-2.31,-2.0601799485861165,-3.77,-1.1143187660668423,-1.89,-1.9660411311054036,-2.74,0.0836161096829513,-0.94,-2.658971722365041,-1.37,-0.0867266495287055,5.04,0.99,True,False,True,True,CBN
2026-08-19,6570,共和コーポレーション,3510.0,4,2026-08-20,13.532763532763536,-1.4245014245014231,13.10541310541311,2026-08-21,12.678062678062684,2.4216524216524205,10.541310541310532,2026-08-24,21.93732193732194,7.549857549857553,20.22792022792024,2026-08-25,27.20797720797721,15.811965811965823,20.512820512820507,2026-08-26,21.794871794871785,6.125356125356118,7.407407407407418,2026-08-27,12.678062678062684,2.8490028490028463,5.840455840455849,2026-08-28,11.396011396011383,2.706552706552712,4.700854700854706,2026-08-31,9.686609686609682,4.2735042735042805,8.26210826210827,2026-09-01,22.222222222222232,6.267806267806275,21.93732193732194,2026-09-02,19.943019943019948,11.111111111111116,14.67236467236468,13.532763532763536,1.0,-1.4245014245014231,1.0,21.93732193732194,3.0,-1.4245014245014231,1.0,27.20797720797721,4.0,-1.4245014245014231,1.0,27.20797720797721,4.0,-1.4245014245014231,1.0,27.20797720797721,4.0,-1.4245014245014231,1.0,6.84,6.26541310541311,6.84,3.7013105413105336,16.95,3.2779202279202373,23.08,-2.567179487179491,18.8,-11.392592592592582,7.83,-1.9895441595441508,10.68,-5.979145299145293,7.41,0.8521082621082705,13.82,8.11732193732194,15.24,-0.5676353276353208,8.0,0.93,True,False,True,True,CBN
2026-08-19,75505,ゼンショーホールディングス第１回社債型種類株式,4949.0,2,2026-08-20,0.3232976358860329,-0.2020610224287788,-0.2020610224287788,2026-08-21,-0.2020610224287788,-0.2020610224287788,-0.2020610224287788,2026-08-24,-0.1212366134572651,-0.5859769650434443,-0.5859769650434443,2026-08-25,0.0,-0.7476257829864608,-0.6061830672863255,2026-08-26,-0.4849464538290604,-0.5859769650434443,-0.5859769650434443,2026-08-27,-0.5859769650434443,-0.5859769650434443,-0.5859769650434443,2026-08-28,-0.2828854314002815,-0.5859769650434443,-0.4647403515861792,2026-08-31,-0.1818549201858976,-0.5859769650434443,-0.1818549201858976,2026-09-01,-0.0202061022428812,-0.5657708628005631,-0.5253586583148118,2026-09-02,-0.1414427157001463,-0.5657708628005631,-0.1414427157001463,0.3232976358860329,1.0,-0.2020610224287788,1.0,0.3232976358860329,1.0,-0.5859769650434443,3.0,0.3232976358860329,1.0,-0.7476257829864608,4.0,0.3232976358860329,1.0,-0.7476257829864608,4.0,0.3232976358860329,1.0,-0.7476257829864608,4.0,0.12,-0.3220610224287789,-0.2,-0.0020610224287788,-0.59,0.0040230349565556,-0.59,-0.0161830672863255,-0.48,-0.1059769650434443,-0.59,0.0040230349565556,-0.59,0.1252596484138207,-0.59,0.4081450798141023,-0.53,0.0046413416851882,-0.14,-0.0014427157001463,0.12,3.84,False,True,False,False,V
2026-08-20,3189,ＡＮＡＰホールディングス,128.0,7,2026-08-21,27.34375,1.5625,27.34375,2026-08-24,48.4375,14.0625,24.21875,2026-08-25,31.25,15.625,17.1875,2026-08-26,8.59375,-6.25,-4.6875,2026-08-27,-3.125,-14.84375,-10.9375,2026-08-28,0.0,-10.15625,-3.125,2026-08-31,-7.8125,-11.71875,-10.9375,2026-09-01,-6.25,-12.5,-7.8125,2026-09-02,-3.90625,-11.71875,-5.46875,,,,,27.34375,1.0,1.5625,1.0,48.4375,2.0,1.5625,1.0,48.4375,2.0,-14.84375,5.0,48.4375,2.0,-14.84375,5.0,,,,,24.22,3.123750000000001,39.84,-15.621250000000003,25.0,-7.8125,5.47,-10.1575,-6.25,-4.6875,-7.03,3.905,-10.16,-0.7774999999999999,-9.38,1.5675000000000008,-5.47,0.0012499999999997,,,5.61,4.14,True,True,False,True,CVN
2026-08-20,4587,ペプチドリーム,1090.0,5,2026-08-21,3.1651376146788923,0.2293577981651307,2.247706422018348,2026-08-24,3.486238532110097,0.2752293577981568,0.8715596330275188,2026-08-25,3.394495412844045,-0.8256880733944927,2.201834862385321,2026-08-26,5.963302752293576,1.146788990825698,1.6972477064220115,2026-08-27,4.08256880733946,1.0091743119265972,1.6055045871559592,2026-08-28,4.220183486238538,0.6880733944954143,2.247706422018348,2026-08-31,1.2844036697247765,-0.4587155963302725,0.0,2026-09-01,1.559633027522933,-1.7431192660550487,0.7339449541284404,2026-09-02,1.513761467889907,-1.422018348623855,-1.3302752293578024,,,,,3.1651376146788923,1.0,0.2293577981651307,1.0,3.486238532110097,2.0,-0.8256880733944927,3.0,5.963302752293576,4.0,-0.8256880733944927,3.0,5.963302752293576,4.0,-0.8256880733944927,3.0,,,,,2.25,-0.0022935779816526,1.61,-0.7384403669724813,1.93,0.2718348623853213,5.69,-3.992752293577989,2.29,-0.6844954128440408,3.81,-1.5622935779816527,1.06,-1.06,-0.05,0.7839449541284405,-0.92,-0.4102752293578023,,,7.25,1.1,True,False,True,True,CBN
2026-08-20,5713,住友金属鉱山,10610.0,5,2026-08-21,2.026390197926476,-3.0631479736098037,1.413760603204528,2026-08-24,10.084825636192264,4.712535344015079,8.152686145146081,2026-08-25,8.953817153628663,4.476908576814331,6.032045240339312,2026-08-26,11.687087653157402,5.607917059377954,9.095193213949116,2026-08-27,7.634307257304429,2.262016965127245,7.445805843543818,2026-08-28,10.367577756833168,6.409048067860512,8.623939679547599,2026-08-31,7.257304429783229,3.722902921771909,4.759660697455237,2026-09-01,7.587181903864271,2.827521206409056,6.927426955702165,2026-09-02,5.042412818096143,-5.655042412818101,-5.419415645617343,,,,,2.026390197926476,1.0,-3.0631479736098037,1.0,10.084825636192264,2.0,-3.0631479736098037,1.0,11.687087653157402,4.0,-3.0631479736098037,1.0,11.687087653157402,4.0,-3.0631479736098037,1.0,,,,,-1.7,3.113760603204528,4.95,3.202686145146081,6.97,-0.9379547596606876,11.22,-2.1248067860508844,3.91,3.5358058435438178,8.58,0.0439396795475985,6.17,-1.410339302544763,5.42,1.5074269557021651,-5.47,0.0505843543826571,,,10.76,1.51,True,False,True,True,CBN
2026-08-20,5714,ＤＯＷＡホールディングス,10005.0,5,2026-08-21,1.6491754122938571,-2.1289355322338777,1.1494252873563315,2026-08-24,5.097451274362808,2.648675662168909,3.39830084957522,2026-08-25,2.898550724637672,-0.2898550724637627,0.8995502248875464,2026-08-26,6.546726636681655,3.0484757621189296,4.447776111944024,2026-08-27,4.047976011994003,0.9995002498750516,3.798100949525241,2026-08-28,4.897551224387797,2.498750624687651,3.8980509745127456,2026-08-31,1.449275362318847,-1.0294852573713098,-0.069965017491258,2026-09-01,2.048975512243878,-2.4087956021988988,1.9490254872563728,2026-09-02,-0.2598700649675156,-6.346826586706644,-6.156921539230387,,,,,1.6491754122938571,1.0,-2.1289355322338777,1.0,5.097451274362808,2.0,-2.1289355322338777,1.0,6.546726636681655,4.0,-2.1289355322338777,1.0,6.546726636681655,4.0,-2.1289355322338777,1.0,,,,,-1.63,2.7794252873563314,3.0,0.3983008495752198,1.85,-0.9504497751124537,6.1,-1.6522238880559756,2.15,1.6481009495252406,4.4,-0.5019490254872547,0.9,-0.969965017491258,-0.7,2.649025487256373,-5.97,-0.1869215392303873,,,5.64,1.46,True,False,False,True,CN
2026-08-20,6016,ジャパンエンジンコーポレーション,10540.0,5,2026-08-21,-5.97722960151803,-12.333965844402272,-8.538899430740043,2026-08-24,-4.743833017077803,-12.239089184060726,-6.451612903225811,2026-08-25,-1.3282732447817858,-7.210626185958258,-2.941176470588236,2026-08-26,-0.3795066413662229,-3.984819734345346,-2.18216318785579,2026-08-27,3.984819734345346,-2.846299810246677,3.889943074003788,2026-08-28,8.15939278937381,3.6053130929791344,6.261859582542684,2026-08-31,9.487666034155604,2.6565464895635715,9.297912713472488,2026-09-01,7.969639468690692,-0.8538899430740043,1.2333965844402384,2026-09-02,2.371916508538896,-2.2770398481973486,0.379506641366234,,,,,-5.97722960151803,1.0,-12.333965844402272,1.0,-1.3282732447817858,3.0,-12.333965844402272,1.0,3.984819734345346,5.0,-12.333965844402272,1.0,9.487666034155604,7.0,-12.333965844402272,1.0,,,,,-12.14,3.601100569259957,-11.86,5.408387096774188,-6.64,3.698823529411764,-2.18,-0.0021631878557899,-1.61,5.499943074003788,5.41,0.8518595825426836,5.6,3.6979127134724887,6.07,-4.836603415559762,0.38,-0.0004933586337659,,,4.11,1.31,False,False,False,True,N
2026-08-20,7014,名村造船所,4795.0,5,2026-08-21,-6.047966631908242,-11.783107403545356,-7.820646506777895,2026-08-24,-5.42231491136601,-9.801876955161626,-6.360792492179357,2026-08-25,-3.441084462982269,-7.299270072992703,-5.109489051094895,2026-08-26,-2.6068821689259614,-6.047966631908242,-3.962460896767461,2026-08-27,-0.4171011470281538,-3.1282586027111536,-0.4171011470281538,2026-08-28,3.232533889468203,-0.7299270072992692,1.7726798748696648,2026-08-31,1.6684045881126153,-2.294056308654846,0.9384775808133572,2026-09-01,2.085505735140769,-5.735140771637126,-4.7966631908237805,2026-09-02,-5.42231491136601,-8.133472367049011,-6.465067778936396,,,,,-6.047966631908242,1.0,-11.783107403545356,1.0,-3.441084462982269,3.0,-11.783107403545356,1.0,-0.4171011470281538,5.0,-11.783107403545356,1.0,3.232533889468203,6.0,-11.783107403545356,1.0,,,,,-11.47,3.6493534932221054,-8.97,2.609207507820644,-6.36,1.250510948905105,-4.8,0.8375391032325386,-1.15,0.7328988529718461,1.46,0.3126798748696648,-0.1,1.0384775808133573,1.77,-6.56666319082378,-6.05,-0.4150677789363959,,,6.88,1.94,True,False,False,True,CN
2026-08-20,7138,ＴＯＲＩＣＯ,141.0,5,2026-08-21,36.87943262411349,6.382978723404253,36.87943262411349,2026-08-24,51.77304964539007,25.531914893617014,41.13475177304964,2026-08-25,54.60992907801418,38.29787234042554,41.13475177304964,2026-08-26,31.914893617021267,19.8581560283688,20.567375886524815,2026-08-27,34.04255319148937,19.8581560283688,21.98581560283688,2026-08-28,39.71631205673758,23.404255319148938,26.241134751773053,2026-08-31,25.531914893617014,16.31205673758864,22.69503546099292,2026-09-01,25.531914893617014,19.14893617021276,23.404255319148938,2026-09-02,20.567375886524815,9.92907801418439,10.63829787234043,,,,,36.87943262411349,1.0,6.382978723404253,1.0,54.60992907801418,3.0,6.382978723404253,1.0,54.60992907801418,3.0,6.382978723404253,1.0,54.60992907801418,3.0,6.382978723404253,1.0,,,,,19.86,17.019432624113485,45.39,-4.255248226950364,44.68,-3.545248226950364,29.79,-9.22262411347518,29.08,-7.094184397163119,31.91,-5.668865248226947,17.73,4.965035460992919,23.4,0.0042553191489389,11.35,-0.711702127659569,,,15.32,4.45,True,True,False,False,CV
2026-08-20,7552,ハピネット,3675.0,5,2026-08-21,2.9931972789115635,-0.1360544217687054,0.5442176870748217,2026-08-24,2.448979591836742,-0.5442176870748328,2.176870748299309,2026-08-25,3.809523809523818,1.4965986394557929,2.3129251700680253,2026-08-26,4.217687074829923,1.7687074829932037,2.176870748299309,2026-08-27,2.585034013605436,0.1360544217687165,0.6802721088435382,2026-08-28,2.585034013605436,0.1360544217687165,2.176870748299309,2026-08-31,5.714285714285716,1.7687074829932037,3.945578231292513,2026-09-01,7.619047619047614,4.081632653061229,5.578231292517,2026-09-02,4.625850340136051,2.176870748299309,2.176870748299309,,,,,2.9931972789115635,1.0,-0.1360544217687054,1.0,3.809523809523818,3.0,-0.5442176870748328,2.0,4.217687074829923,4.0,-0.5442176870748328,2.0,5.714285714285716,7.0,-0.5442176870748328,2.0,,,,,2.18,-1.6357823129251785,0.54,1.6368707482993088,2.04,0.2729251700680253,3.4,-1.223129251700691,1.09,-0.4097278911564619,1.5,0.6768707482993088,2.04,1.9055782312925125,6.39,-0.811768707483,2.45,-0.2731292517006913,,,8.05,1.34,True,False,True,True,CBN
2026-08-20,9503,関西電力,2525.0,5,2026-08-21,3.3663366336633693,0.7920792079207928,3.3663366336633693,2026-08-24,2.3762376237623783,-0.0198019801980198,2.2574257425742594,2026-08-25,4.316831683168321,2.633663366336636,2.633663366336636,2026-08-26,4.514851485148519,2.3366336633663387,3.30693069306931,2026-08-27,3.6831683168316864,2.21782178217822,3.168316831683171,2026-08-28,3.623762376237627,1.524752475247526,3.4653465346534684,2026-08-31,11.465346534653476,6.930693069306937,11.306930693069315,2026-09-01,17.08910891089108,10.81188118811882,17.029702970297024,2026-09-02,17.009900990099002,13.980198019801971,14.970297029702962,,,,,3.3663366336633693,1.0,0.7920792079207928,1.0,4.316831683168321,3.0,-0.0198019801980198,2.0,4.514851485148519,4.0,-0.0198019801980198,2.0,11.465346534653476,7.0,-0.0198019801980198,2.0,,,,,2.89,0.4763366336633692,0.91,1.3474257425742593,3.78,-1.1463366336633638,2.97,0.3369306930693097,3.01,0.1583168316831713,2.55,0.9153465346534686,8.69,2.616930693069317,14.55,2.479702970297023,15.13,-0.1597029702970385,,,8.37,2.04,True,False,True,True,CBN
2026-08-20,2782,セリア,4260.0,4,2026-08-21,2.464788732394374,-1.056338028169013,-0.234741784037562,2026-08-24,1.2910798122065748,-0.8215962441314506,0.3521126760563486,2026-08-25,5.2816901408450745,2.934272300469476,4.107981220657275,2026-08-26,5.2816901408450745,3.169014084507049,3.169014084507049,2026-08-27,4.107981220657275,1.4084507042253502,3.9906103286385,2026-08-28,4.929577464788726,2.934272300469476,4.225352112676051,2026-08-31,5.5164319248826255,3.873239436619724,3.873239436619724,2026-09-01,3.873239436619724,1.760563380281699,2.699530516431925,2026-09-02,4.460093896713624,1.4084507042253502,4.225352112676051,,,,,2.464788732394374,1.0,-1.056338028169013,1.0,5.2816901408450745,3.0,-1.056338028169013,1.0,5.2816901408450745,3.0,-1.056338028169013,1.0,5.5164319248826255,7.0,-1.056338028169013,1.0,,,,,0.0,-0.234741784037562,1.06,-0.7078873239436514,3.76,0.3479812206572754,3.87,-0.700985915492951,1.88,2.1106103286385,4.81,-0.5846478873239489,4.34,-0.4667605633802756,2.46,0.239530516431925,3.99,0.2353521126760505,,,6.17,1.95,True,False,True,True,CBN
2026-08-20,2820,やまみ,6280.0,4,2026-08-21,0.79617834394905,-2.2292993630573243,0.0,2026-08-24,1.9108280254777064,-1.4331210191082857,-1.4331210191082857,2026-08-25,1.5923566878981,-0.79617834394905,0.0,2026-08-26,1.273885350318471,-4.936305732484081,-4.617834394904463,2026-08-27,-3.821656050955413,-7.006369426751591,-6.52866242038217,2026-08-28,-4.140127388535031,-7.324840764331208,-4.777070063694266,2026-08-31,-2.070063694267521,-4.458598726114649,-3.5031847133757954,2026-09-01,-2.070063694267521,-4.458598726114649,-3.1847133757961776,2026-09-02,-2.86624203821656,-6.050955414012737,-6.050955414012737,,,,,0.79617834394905,1.0,-2.2292993630573243,1.0,1.9108280254777064,2.0,-2.2292993630573243,1.0,1.9108280254777064,2.0,-7.006369426751591,5.0,1.9108280254777064,2.0,-7.324840764331208,6.0,,,,,-1.27,1.27,0.48,-1.9131210191082852,1.43,-1.43,0.48,-5.097834394904464,-5.73,-0.7986624203821693,-6.21,1.432929936305734,-3.18,-0.3231847133757952,-3.34,0.1552866242038222,-5.41,-0.6409554140127369,,,3.85,0.71,False,False,True,True,BN
2026-08-20,4506,住友ファーマ,1447.5,4,2026-08-21,0.1381692573402482,-3.2815198618307395,-2.4870466321243567,2026-08-24,-0.5872193436960327,-2.521588946459408,-2.037996545768561,2026-08-25,0.1381692573402482,-3.246977547495677,-0.3799654576856603,2026-08-26,4.283246977547495,0.3454231433505983,0.4490500863557845,2026-08-27,0.5872193436960327,-1.0708117443868792,-0.4490500863557845,2026-08-28,2.797927461139893,-0.3108808290155473,2.590673575129543,2026-08-31,7.564766839378234,3.4542314335060498,7.357512953367884,2026-09-01,10.328151986183066,6.0449050086355705,9.84455958549222,2026-09-02,14.196891191709838,8.255613126079453,12.849740932642485,,,,,0.1381692573402482,1.0,-3.2815198618307395,1.0,0.1381692573402482,1.0,-3.2815198618307395,1.0,4.283246977547495,4.0,-3.2815198618307395,1.0,7.564766839378234,7.0,-3.2815198618307395,1.0,,,,,-2.76,0.272953367875643,-1.21,-0.8279965457685612,-2.49,2.11003454231434,2.9,-2.4509499136442154,0.07,-0.5190500863557845,1.62,0.9706735751295428,5.6,1.7575129533678844,6.87,2.9745595854922184,13.02,-0.1702590673575166,,,8.48,1.74,True,False,True,False,CB
2026-08-20,4570,免疫生物研究所,1070.0,4,2026-08-21,4.859813084112141,-2.056074766355142,0.9345794392523256,2026-08-24,0.8411214953271129,-1.5887850467289688,-0.9345794392523366,2026-08-25,-0.1869158878504695,-3.084112149532714,-0.5607476635513975,2026-08-26,0.373831775700939,-1.962616822429908,-1.7757009345794383,2026-08-27,7.102803738317753,-1.4018691588784993,1.6822429906542036,2026-08-28,7.289719626168223,1.2149532710280295,3.738317757009346,2026-08-31,1.121495327102795,-0.9345794392523366,0.0,2026-09-01,0.0934579439252347,-3.5514018691588767,-0.373831775700939,2026-09-02,-1.495327102803734,-3.831775700934581,-3.738317757009346,,,,,4.859813084112141,1.0,-2.056074766355142,1.0,4.859813084112141,1.0,-3.084112149532714,3.0,7.102803738317753,5.0,-3.084112149532714,3.0,7.289719626168223,6.0,-3.084112149532714,3.0,,,,,-0.93,1.8645794392523256,0.09,-1.0245794392523366,-1.78,1.2192523364486023,-0.93,-0.8457009345794383,-0.75,2.432242990654204,5.42,-1.6816822429906535,0.56,-0.56,-1.5,1.126168224299061,-3.18,-0.558317757009346,,,9.91,2.33,True,False,True,True,CBN
2026-08-20,4572,カルナバイオサイエンス,408.0,4,2026-08-21,0.0,-3.1862745098039214,-1.225490196078427,2026-08-24,3.1862745098039325,-0.7352941176470562,0.0,2026-08-25,3.1862745098039325,-1.9607843137254943,2.6960784313725394,2026-08-26,3.1862745098039325,0.2450980392156854,0.2450980392156854,2026-08-27,1.225490196078427,-2.6960784313725505,-1.225490196078427,2026-08-28,4.90196078431373,-1.9607843137254943,3.6764705882353033,2026-08-31,6.8627450980392135,1.225490196078427,3.1862745098039325,2026-09-01,4.656862745098045,1.9607843137254832,3.431372549019618,2026-09-02,2.6960784313725394,-0.9803921568627416,-0.4901960784313708,,,,,0.0,1.0,-3.1862745098039214,1.0,3.1862745098039325,2.0,-3.1862745098039214,1.0,3.1862745098039325,2.0,-3.1862745098039214,1.0,6.8627450980392135,7.0,-3.1862745098039214,1.0,,,,,-1.72,0.4945098039215729,1.72,-1.72,1.23,1.4660784313725397,1.72,-1.4749019607843146,-0.25,-0.975490196078427,0.49,3.186470588235303,3.19,-0.0037254901960674,4.41,-0.9786274509803824,0.0,-0.4901960784313708,,,6.54,0.94,True,False,True,True,CBN
2026-08-20,479A,ＰＲＯＮＩ,1809.0,4,2026-08-21,8.126036484245436,1.934770591487012,4.367053620784955,2026-08-24,9.894969596462143,3.758982863460481,9.39745715865119,2026-08-25,11.66390270867883,5.085682697622995,7.3521282476506356,2026-08-26,8.899944720840235,4.311774461028195,4.919845218352692,2026-08-27,8.347153123272522,4.477611940298498,8.070757324488675,2026-08-28,11.055831951354332,6.7440574903261385,11.055831951354332,2026-08-31,12.493090105030412,8.899944720840235,10.060807075732448,2026-09-01,9.39745715865119,3.3720287451630693,3.924820342730784,2026-09-02,3.924820342730784,0.2211166390270857,1.8794914317302287,,,,,8.126036484245436,1.0,1.934770591487012,1.0,11.66390270867883,3.0,1.934770591487012,1.0,11.66390270867883,3.0,1.934770591487012,1.0,12.493090105030412,7.0,1.934770591487012,1.0,,,,,4.92,-0.5529463792150446,5.03,4.367457158651189,11.0,-3.647871752349365,7.19,-2.2701547816473084,5.69,2.380757324488674,8.13,2.9258319513543327,11.06,-0.999192924267552,7.41,-3.4851796572692164,2.1,-0.2205085682697709,,,11.92,0.94,True,False,True,True,CBN
2026-08-20,6570,共和コーポレーション,3745.0,4,2026-08-21,5.607476635514019,-4.005340453938588,3.604806408544725,2026-08-24,14.28571428571428,0.8010680907877266,12.68357810413885,2026-08-25,19.225634178905217,8.54472630173564,12.950600801068092,2026-08-26,14.152202937249658,-0.5340453938584733,0.6675567423231055,2026-08-27,5.607476635514019,-3.604806408544725,-0.8010680907877155,2026-08-28,4.405874499332452,-3.738317757009346,-1.869158878504673,2026-08-31,2.8037383177569986,-2.2696929238985364,1.4686248331108098,2026-09-01,14.552736982643522,-0.4005340453938633,14.28571428571428,2026-09-02,12.416555407209607,4.1388518024032095,7.476635514018692,,,,,5.607476635514019,1.0,-4.005340453938588,1.0,19.225634178905217,3.0,-4.005340453938588,1.0,19.225634178905217,3.0,-4.005340453938588,1.0,19.225634178905217,3.0,-4.005340453938588,1.0,,,,,0.13,3.474806408544725,9.61,3.07357810413885,15.35,-2.399399198931908,11.35,-10.682443257676894,1.07,-1.8710680907877155,3.74,-5.609158878504673,0.67,0.7986248331108098,6.68,7.60571428571428,8.01,-0.5333644859813074,,,13.11,2.05,True,False,True,True,CBN
2026-08-20,130A,Ｖｅｒｉｔａｓ　Ｉｎ　Ｓｉｌｉｃｏ,436.0,3,2026-08-21,5.733944954128445,0.4587155963302836,2.752293577981657,2026-08-24,6.422018348623859,-2.293577981651373,-1.834862385321101,2026-08-25,4.587155963302747,-2.293577981651373,2.981651376146788,2026-08-26,4.357798165137616,-2.5229357798165157,-1.3761467889908283,2026-08-27,0.4587155963302836,-2.293577981651373,-2.293577981651373,2026-08-28,0.4587155963302836,-3.899082568807344,-1.3761467889908283,2026-08-31,2.522935779816504,-1.6055045871559592,2.293577981651373,2026-09-01,2.752293577981657,0.917431192660545,1.6055045871559592,2026-09-02,1.6055045871559592,-1.3761467889908283,-0.6880733944954143,,,,,5.733944954128445,1.0,0.4587155963302836,1.0,6.422018348623859,2.0,-2.293577981651373,2.0,6.422018348623859,2.0,-2.5229357798165157,4.0,6.422018348623859,2.0,-3.899082568807344,6.0,,,,,2.52,0.232293577981657,5.28,-7.114862385321102,-0.69,3.671651376146788,3.21,-4.5861467889908285,-1.38,-0.9135779816513736,-3.44,2.0638532110091714,-0.46,2.753577981651373,2.29,-0.6844954128440408,-0.69,0.0019266055045856,,,7.23,2.66,True,False,False,False,C
2026-08-20,1515,日鉄鉱業,3625.0,3,2026-08-21,1.379310344827589,-3.86206896551724,0.0,2026-08-24,5.79310344827586,0.2758620689655267,5.3793103448275925,2026-08-25,6.344827586206892,1.5172413793103523,2.344827586206888,2026-08-26,12.413793103448278,5.103448275862066,8.6896551724138,2026-08-27,10.068965517241368,6.344827586206892,8.413793103448274,2026-08-28,11.03448275862069,7.172413793103449,9.931034482758626,2026-08-31,6.344827586206892,2.6206896551724146,5.3793103448275925,2026-09-01,11.172413793103452,3.1724137931034457,9.6551724137931,2026-09-02,3.86206896551724,-8.827586206896553,-7.310344827586201,,,,,1.379310344827589,1.0,-3.86206896551724,1.0,6.344827586206892,3.0,-3.86206896551724,1.0,12.413793103448278,4.0,-3.86206896551724,1.0,12.413793103448278,4.0,-3.86206896551724,1.0,,,,,-2.62,2.62,0.28,5.099310344827592,4.97,-2.625172413793112,8.41,0.2796551724138005,8.55,-0.1362068965517266,9.38,0.5510344827586255,4.0,1.3793103448275923,7.17,2.4851724137931,-7.17,-0.1403448275862011,,,5.86,1.4,True,False,False,False,C
2026-08-20,1965,テクノ菱和,6070.0,3,2026-08-21,1.1532125205930832,-2.800658978583193,0.6589785831960571,2026-08-24,4.777594728171342,-0.1647446457990087,3.953871499176276,2026-08-25,9.060955518945637,4.1186161449752845,7.742998352553543,2026-08-26,14.827018121911028,6.0955518945634335,13.673805601317968,2026-08-27,19.934102141680388,14.003294892915983,14.66227347611202,2026-08-28,14.99176276771006,11.3673805601318,13.673805601317968,2026-08-31,16.80395387149918,11.69686985172982,14.332784184514002,2026-09-01,15.980230642504113,13.344316309719929,14.827018121911028,2026-09-02,15.815485996705103,10.708401976935743,11.037891268533762,,,,,1.1532125205930832,1.0,-2.800658978583193,1.0,9.060955518945637,3.0,-2.800658978583193,1.0,19.934102141680388,5.0,-2.800658978583193,1.0,19.934102141680388,5.0,-2.800658978583193,1.0,,,,,-2.31,2.968978583196057,0.16,3.793871499176276,5.44,2.3029983525535425,7.08,6.593805601317968,16.31,-1.6477265238879788,12.19,1.483805601317968,13.51,0.8227841845140027,14.66,0.1670181219110276,11.2,-0.1621087314662368,,,4.84,0.8,False,False,False,False,NONE
2026-08-20,2160,ジーエヌアイグループ,2950.0,3,2026-08-21,-0.3728813559322086,-6.711864406779666,-5.559322033898306,2026-08-24,-5.6610169491525415,-10.610169491525422,-8.440677966101696,2026-08-25,-7.016949152542374,-12.06779661016949,-7.593220338983054,2026-08-26,-5.050847457627117,-7.389830508474571,-6.406779661016948,2026-08-27,-2.2372881355932184,-7.423728813559327,-2.7118644067796627,2026-08-28,0.8813559322033981,-2.5762711864406818,-1.016949152542368,2026-08-31,-2.3728813559321997,-4.644067796610174,-4.644067796610174,2026-09-01,-3.5932203389830497,-5.355932203389835,-4.101694915254239,2026-09-02,-2.1355932203389827,-6.881355932203393,-5.796610169491522,,,,,-0.3728813559322086,1.0,-6.711864406779666,1.0,-0.3728813559322086,1.0,-12.06779661016949,3.0,-0.3728813559322086,1.0,-12.06779661016949,3.0,0.8813559322033981,6.0,-12.06779661016949,3.0,,,,,-5.76,0.2006779661016935,-8.71,0.2693220338983053,-10.95,3.3567796610169456,-7.25,0.8432203389830519,-6.41,3.6981355932203375,0.14,-1.156949152542368,-2.75,-1.894067796610174,-4.47,0.3683050847457609,-5.86,0.0633898305084779,,,5.21,0.96,True,False,False,True,CN
2026-08-20,269A,Ｓａｐｅｅｔ,2740.0,5,2026-08-21,0.3284671532846728,-3.686131386861313,-2.007299270072993,2026-08-24,-1.8613138686131347,-5.6569343065693385,-4.197080291970801,2026-08-25,-5.474452554744524,-10.547445255474452,-5.474452554744524,2026-08-26,-4.489051094890506,-7.262773722627736,-6.204379562043794,2026-08-27,-3.1021897810219023,-7.299270072992703,-4.343065693430659,2026-08-28,1.4963503649634946,-3.394160583941608,-0.3649635036496401,2026-08-31,5.218978102189786,-1.4598540145985384,4.817518248175179,2026-09-01,4.92700729927007,-0.9854014598540184,1.897810218978102,2026-09-02,0.0729927007299346,-3.868613138686128,-2.2627737226277422,,,,,0.3284671532846728,1.0,-3.686131386861313,1.0,0.3284671532846728,1.0,-10.547445255474452,3.0,0.3284671532846728,1.0,-10.547445255474452,3.0,5.218978102189786,7.0,-10.547445255474452,3.0,,,,,-2.92,0.9127007299270068,-2.04,-2.157080291970801,-8.72,3.245547445255476,-5.99,-0.2143795620437938,-7.3,2.956934306569341,0.73,-1.09496350364964,1.17,3.647518248175179,2.59,-0.6921897810218978,-2.01,-0.2527737226277424,,,7.27,1.28,True,False,True,True,CBN
2026-08-20,3673,ブロードリーフ,467.0,5,2026-08-21,4.710920770877936,0.6423982869379063,1.498929336188426,2026-08-24,3.211991434689509,-3.426124197002145,-1.070663811563166,2026-08-25,-0.6423982869379063,-2.997858672376874,-1.2847965738758016,2026-08-26,0.6423982869379063,-1.498929336188437,-1.2847965738758016,2026-08-27,4.282655246252687,0.0,2.783725910064238,2026-08-28,7.494646680942174,3.854389721627416,5.567451820128477,2026-08-31,8.56531049250535,5.567451820128477,7.066381156316925,2026-09-01,6.85224839400429,2.1413276231263323,2.783725910064238,2026-09-02,2.569593147751603,-0.8565310492505307,0.8565310492505418,,,,,4.710920770877936,1.0,0.6423982869379063,1.0,4.710920770877936,1.0,-3.426124197002145,2.0,4.710920770877936,1.0,-3.426124197002145,2.0,8.56531049250535,7.0,-3.426124197002145,2.0,,,,,4.5,-3.001070663811574,2.14,-3.2106638115631663,-0.86,-0.4247965738758016,0.0,-1.2847965738758016,1.71,1.073725910064239,6.64,-1.0725481798715224,6.42,0.6463811563169255,6.0,-3.2162740899357614,0.43,0.4265310492505418,,,9.68,1.44,True,False,True,True,CBN
2026-08-20,3932,アカツキ,3540.0,5,2026-08-21,7.909604519774005,1.9774011299435124,5.36723163841808,2026-08-24,9.604519774011289,5.649717514124286,7.909604519774005,2026-08-25,9.180790960451969,4.237288135593231,7.203389830508478,2026-08-26,11.723163841807915,7.344632768361592,9.180790960451969,2026-08-27,10.451977401129952,6.779661016949157,8.757062146892647,2026-08-28,11.723163841807915,8.898305084745761,9.322033898305085,2026-08-31,12.853107344632765,8.47457627118644,11.864406779661008,2026-09-01,13.700564971751405,11.5819209039548,12.570621468926555,2026-09-02,12.00564971751412,7.344632768361592,8.192090395480234,,,,,7.909604519774005,1.0,1.9774011299435124,1.0,9.604519774011289,2.0,1.9774011299435124,1.0,11.723163841807915,4.0,1.9774011299435124,1.0,12.853107344632765,7.0,1.9774011299435124,1.0,,,,,5.37,-0.0027683615819205,8.47,-0.5603954802259956,5.79,1.4133898305084776,9.18,0.0007909604519689,8.33,0.4270621468926467,11.02,-1.6979661016949166,9.18,2.684406779661007,12.85,-0.2793785310734424,8.47,-0.2779096045197669,,,9.23,1.39,True,False,True,True,CBN
2026-08-20,4165,プレイド,748.0,5,2026-08-21,1.0695187165775444,-3.743315508021394,-1.871657754010692,2026-08-24,0.8021390374331583,-4.679144385026735,-4.278074866310155,2026-08-25,-4.278074866310155,-9.35828877005348,-8.021390374331549,2026-08-26,-6.283422459893052,-9.35828877005348,-8.155080213903743,2026-08-27,-6.283422459893052,-9.090909090909092,-8.422459893048128,2026-08-28,-1.2032085561497374,-6.0160427807486645,-1.6042780748663057,2026-08-31,1.3368983957219305,-3.074866310160429,-0.5347593582887722,2026-09-01,0.2673796791443861,-4.94652406417112,-4.812834224598928,2026-09-02,-6.149732620320858,-9.625668449197866,-6.283422459893052,,,,,1.0695187165775444,1.0,-3.743315508021394,1.0,1.0695187165775444,1.0,-9.35828877005348,3.0,1.0695187165775444,1.0,-9.35828877005348,3.0,1.3368983957219305,7.0,-9.35828877005348,3.0,,,,,-2.81,0.9383422459893084,-0.27,-4.008074866310155,-6.82,-1.2013903743315488,-8.16,0.0049197860962575,-6.95,-1.4724598930481276,-2.14,0.5357219251336947,-2.01,1.4752406417112276,-1.74,-3.0728342245989277,-6.68,0.3965775401069482,,,6.1,0.6,True,False,True,True,CBN
2026-08-20,4286,ＣＬホールディングス,1288.0,5,2026-08-21,6.055900621118004,-0.5434782608695676,3.416149068322971,2026-08-24,4.813664596273282,-0.0776397515527937,1.940993788819867,2026-08-25,2.5621118012422395,-0.776397515527949,1.3975155279503104,2026-08-26,2.795031055900621,0.0,1.164596273291929,2026-08-27,7.14285714285714,-0.6211180124223614,7.14285714285714,2026-08-28,8.074534161490687,5.667701863354036,7.608695652173902,2026-08-31,7.9192546583851,4.5807453416149,4.658385093167694,2026-09-01,4.270186335403725,1.0093167701863417,1.940993788819867,2026-09-02,1.3975155279503104,-0.8540372670807428,-0.5434782608695676,,,,,6.055900621118004,1.0,-0.5434782608695676,1.0,6.055900621118004,1.0,-0.776397515527949,3.0,7.14285714285714,5.0,-0.776397515527949,3.0,8.074534161490687,6.0,-0.776397515527949,3.0,,,,,3.65,-0.2338509316770287,4.5,-2.559006211180133,0.31,1.0875155279503104,2.25,-1.085403726708071,0.54,6.60285714285714,7.07,0.5386956521739021,6.68,-2.0216149068323057,3.65,-1.709006211180133,0.0,-0.5434782608695676,,,13.32,2.55,True,False,True,True,CBN
2026-08-20,5380,新東,1300.0,5,2026-08-21,-0.7692307692307665,-1.4615384615384586,-1.1538461538461495,2026-08-24,-0.7692307692307665,-5.461538461538462,-5.461538461538462,2026-08-25,-4.076923076923078,-8.38461538461538,-4.153846153846152,2026-08-26,-4.153846153846152,-4.61538461538461,-4.61538461538461,2026-08-27,-4.61538461538461,-7.153846153846155,-7.153846153846155,2026-08-28,-7.153846153846155,-7.153846153846155,-7.153846153846155,2026-08-31,-7.153846153846155,-7.153846153846155,-7.153846153846155,2026-09-01,-7.153846153846155,-7.153846153846155,-7.153846153846155,2026-09-02,-6.692307692307697,-6.692307692307697,-6.692307692307697,,,,,-0.7692307692307665,1.0,-1.4615384615384586,1.0,-0.7692307692307665,1.0,-8.38461538461538,3.0,-0.7692307692307665,1.0,-8.38461538461538,3.0,-0.7692307692307665,1.0,-8.38461538461538,3.0,,,,,-1.46,0.3061538461538502,-1.15,-4.311538461538461,-7.77,3.616153846153847,-4.62,0.0046153846153904,-4.62,-2.533846153846155,-7.15,-0.0038461538461547,-7.15,-0.0038461538461547,-7.15,-0.0038461538461547,-6.69,-0.0023076923076965,,,7.65,2.24,True,False,True,True,CBN
2026-08-20,8237,松屋,2296.0,5,2026-08-21,6.837979094076663,1.7421602787456525,6.707317073170738,2026-08-24,17.85714285714286,10.19163763066202,17.682926829268286,2026-08-25,25.2177700348432,14.76480836236933,24.73867595818815,2026-08-26,26.78571428571428,19.817073170731717,26.30662020905923,2026-08-27,32.18641114982579,27.56968641114983,32.18641114982579,2026-08-28,33.49303135888502,19.07665505226481,20.29616724738677,2026-08-31,16.114982578397207,-1.4808362369338024,-1.4808362369338024,2026-09-01,1.5243902439024293,-3.702090592334495,-0.8710801393728262,2026-09-02,-3.57142857142857,-11.97735191637631,-10.365853658536585,,,,,6.837979094076663,1.0,1.7421602787456525,1.0,25.2177700348432,3.0,1.7421602787456525,1.0,32.18641114982579,5.0,1.7421602787456525,1.0,33.49303135888502,6.0,-1.4808362369338024,7.0,,,,,3.35,3.3573170731707376,11.37,6.312926829268287,16.94,7.798675958188149,21.65,4.656620209059231,28.18,4.006411149825787,29.01,-8.713832752613236,9.71,-11.190836236933803,-0.35,-0.5210801393728263,-10.15,-0.2158536585365826,,,12.49,2.03,True,False,True,True,CBN
2026-08-20,9166,ＧＥＮＤＡ,792.0,5,2026-08-21,2.2727272727272707,-6.439393939393945,-5.555555555555558,2026-08-24,-1.388888888888884,-5.681818181818176,-4.545454545454541,2026-08-25,-2.2727272727272707,-7.070707070707072,-2.777777777777779,2026-08-26,-0.7575757575757569,-4.292929292929292,-2.020202020202022,2026-08-27,-1.1363636363636354,-5.303030303030298,-2.146464646464652,2026-08-28,-0.7575757575757569,-3.787878787878785,-3.787878787878785,2026-08-31,-5.05050505050505,-7.702020202020199,-5.555555555555558,2026-09-01,-5.05050505050505,-8.080808080808078,-7.32323232323232,2026-09-02,-9.343434343434344,-13.762626262626265,-12.752525252525247,,,,,2.2727272727272707,1.0,-6.439393939393945,1.0,2.2727272727272707,1.0,-7.070707070707072,3.0,2.2727272727272707,1.0,-7.070707070707072,3.0,2.2727272727272707,1.0,-7.702020202020199,7.0,,,,,-6.06,0.5044444444444416,-1.77,-2.7754545454545414,-4.67,1.892222222222221,-2.9,0.8797979797979778,-4.17,2.023535353535348,-2.02,-1.7678787878787845,-6.57,1.0144444444444425,-5.68,-1.6432323232323205,-12.75,-0.002525252525249,,,9.26,1.98,True,False,True,True,CBN
2026-08-20,277A,グロービング,1812.0,4,2026-08-21,3.0353200883002307,-0.0551876379690896,1.8763796909492256,2026-08-24,4.139072847682113,0.2207505518763808,2.1523178807947074,2026-08-25,4.083885209713034,1.1589403973509826,2.3178807947019875,2026-08-26,1.6004415011037445,-1.103752759381893,0.2207505518763808,2026-08-27,8.333333333333325,3.918322295805732,6.070640176600439,2026-08-28,11.037527593818975,7.174392935982343,7.450331125827825,2026-08-31,8.443708609271528,4.9116997792494566,7.781456953642385,2026-09-01,8.333333333333325,4.9116997792494566,5.242825607064017,2026-09-02,3.2008830022075108,0.7174392935982432,1.4348785871964642,,,,,3.0353200883002307,1.0,-0.0551876379690896,1.0,4.139072847682113,2.0,-0.0551876379690896,1.0,8.333333333333325,5.0,-1.103752759381893,4.0,11.037527593818975,6.0,-1.103752759381893,4.0,,,,,0.11,1.7663796909492258,3.26,-1.1076821192052924,3.64,-1.3221192052980126,-0.06,0.2807505518763808,5.3,0.7706401766004394,10.76,-3.309668874172175,6.24,1.5414569536423848,7.17,-1.9271743929359832,1.71,-0.2751214128035357,,,7.71,1.26,True,False,True,False,CB
2026-08-20,4499,Ｓｐｅｅｅ,2869.0,4,2026-08-21,-2.9975601254792594,-8.853258975252698,-8.295573370512377,2026-08-24,-4.182642035552453,-8.504705472289997,-5.019170442662945,2026-08-25,-3.20669222725688,-8.678982223771348,-4.740327640292785,2026-08-26,1.9518996165911464,-4.147786685256182,-3.624956430812132,2026-08-27,-5.054025792959216,-10.142906936214713,-9.829208783548273,2026-08-28,-7.563611014290695,-11.188567445102828,-9.68978738236319,2026-08-31,-11.432554897176717,-17.218543046357617,-15.65005228302544,2026-09-01,-14.325548971767166,-17.288253746950154,-14.813523875914958,2026-09-02,-15.963750435691882,-19.51899616591146,-19.51899616591146,,,,,-2.9975601254792594,1.0,-8.853258975252698,1.0,-2.9975601254792594,1.0,-8.853258975252698,1.0,1.9518996165911464,4.0,-10.142906936214713,5.0,1.9518996165911464,4.0,-17.218543046357617,7.0,,,,,-5.82,-2.475573370512377,-7.91,2.890829557337055,-5.19,0.4496723597072156,0.52,-4.144956430812131,-8.71,-1.1192087835482702,-8.37,-1.3197873823631916,-13.38,-2.2700522830254397,-15.48,0.6664761240850421,-19.14,-0.3789961659114595,,,2.29,1.61,False,False,True,True,BN
2026-08-20,4571,ＮＡＮＯホールディングス,110.0,7,2026-08-21,-0.9090909090909038,-4.545454545454541,-1.8181818181818188,2026-08-24,-0.9090909090909038,-5.454545454545457,-4.545454545454541,2026-08-25,-3.6363636363636376,-6.36363636363636,-6.36363636363636,2026-08-26,-3.6363636363636376,-6.36363636363636,-6.36363636363636,2026-08-27,-3.6363636363636376,-7.272727272727275,-5.454545454545457,2026-08-28,-3.6363636363636376,-6.36363636363636,-4.545454545454541,2026-08-31,-4.545454545454541,-8.18181818181818,-6.36363636363636,2026-09-01,-5.454545454545457,-8.18181818181818,-8.18181818181818,2026-09-02,-8.18181818181818,-10.909090909090914,-9.999999999999998,,,,,-0.9090909090909038,1.0,-4.545454545454541,1.0,-0.9090909090909038,1.0,-6.36363636363636,3.0,-0.9090909090909038,1.0,-7.272727272727275,5.0,-0.9090909090909038,1.0,-8.18181818181818,7.0,,,,,-4.55,2.731818181818181,-2.73,-1.8154545454545412,-4.55,-1.81363636363636,-5.45,-0.9136363636363596,-5.45,-0.0045454545454566,-4.55,0.0045454545454584,-6.36,-0.0036363636363594,-5.45,-2.73181818181818,-10.0,1.7763568394002505e-15,,,4.81,3.24,False,True,False,True,VN
2026-08-20,264A,Ｓｃｈｏｏ,343.0,6,2026-08-21,0.0,-6.122448979591832,-2.9154518950437303,2026-08-24,3.498542274052485,-9.329446064139946,-6.99708454810496,2026-08-25,-4.956268221574344,-9.037900874635572,-6.705539358600587,2026-08-26,-5.247813411078717,-8.163265306122447,-7.871720116618075,2026-08-27,-6.705539358600587,-9.329446064139946,-8.74635568513119,2026-08-28,-5.539358600583089,-10.20408163265306,-9.912536443148689,2026-08-31,-8.163265306122447,-9.620991253644318,-9.037900874635572,2026-09-01,-8.45481049562682,-10.495626822157432,-9.912536443148689,2026-09-02,-8.163265306122447,-12.82798833819242,-12.244897959183676,,,,,0.0,1.0,-6.122448979591832,1.0,3.498542274052485,2.0,-9.329446064139946,2.0,3.498542274052485,2.0,-9.329446064139946,2.0,3.498542274052485,2.0,-10.20408163265306,6.0,,,,,-4.96,2.0445481049562697,-1.46,-5.53708454810496,-6.71,0.0044606413994126,-7.0,-0.871720116618075,-8.45,-0.296355685131191,-6.71,-3.2025364431486887,-9.33,0.2920991253644267,-9.04,-0.8725364431486895,-11.66,-0.5848979591836763,,,14.43,3.69,True,True,False,True,CVN
2026-08-20,6181,タメニー,83.0,6,2026-08-21,1.2048192771084263,-1.2048192771084376,0.0,2026-08-24,1.2048192771084263,-1.2048192771084376,-1.2048192771084376,2026-08-25,2.4096385542168752,0.0,1.2048192771084263,2026-08-26,3.6144578313253017,1.2048192771084263,2.4096385542168752,2026-08-27,4.819277108433728,3.6144578313253017,3.6144578313253017,2026-08-28,9.63855421686748,3.6144578313253017,9.63855421686748,2026-08-31,10.843373493975903,8.43373493975903,8.43373493975903,2026-09-01,10.843373493975903,8.43373493975903,9.63855421686748,2026-09-02,9.63855421686748,6.024096385542177,6.024096385542177,,,,,1.2048192771084263,1.0,-1.2048192771084376,1.0,2.4096385542168752,3.0,-1.2048192771084376,1.0,4.819277108433728,5.0,-1.2048192771084376,1.0,10.843373493975903,7.0,-1.2048192771084376,1.0,,,,,-1.2,1.2,1.2,-2.4048192771084373,1.2,0.0048192771084265,1.2,1.2096385542168753,3.61,0.0044578313253018,4.82,4.818554216867479,8.43,0.0037349397590311,9.64,-0.0014457831325209,7.23,-1.2059036144578237,,,3.8,3.79,False,True,False,True,VN
2026-08-20,1514,住石ホールディングス,676.0,5,2026-08-21,5.3254437869822535,-1.3313609467455634,4.4378698224851965,2026-08-24,7.692307692307687,2.2189349112426093,7.24852071005917,2026-08-25,7.24852071005917,4.7337278106508895,5.9171597633136175,2026-08-26,6.804733727810652,2.3668639053254337,3.402366863905315,2026-08-27,3.846153846153855,0.591715976331364,0.8875739644970349,2026-08-28,0.7396449704142105,-1.3313609467455634,-1.0355029585798814,2026-08-31,-0.591715976331364,-5.769230769230771,-1.6272189349112454,2026-09-01,0.1479289940828465,-2.6627218934911268,-2.6627218934911268,2026-09-02,-2.810650887573962,-4.7337278106508895,-3.698224852071008,,,,,5.3254437869822535,1.0,-1.3313609467455634,1.0,7.692307692307687,2.0,-1.3313609467455634,1.0,7.692307692307687,2.0,-1.3313609467455634,1.0,7.692307692307687,2.0,-5.769230769230771,7.0,,,,,0.74,3.697869822485196,4.88,2.36852071005917,5.92,-0.0028402366863824,5.92,-2.517633136094685,1.78,-0.8924260355029652,-0.59,-0.4455029585798814,-3.85,2.2227810650887547,-1.18,-1.4827218934911268,-3.55,-0.1482248520710083,,,6.11,0.9,True,False,True,True,CBN
2026-08-20,3668,コロプラ,437.0,5,2026-08-21,0.9153318077803174,-0.2288329519450793,0.4576659038901587,2026-08-24,2.7459954233409523,-0.2288329519450793,0.4576659038901587,2026-08-25,1.144164759725408,-0.4576659038901587,-0.2288329519450793,2026-08-26,2.7459954233409523,0.0,0.2288329519450904,2026-08-27,1.8306636155606348,-0.6864988558352381,0.6864988558352492,2026-08-28,2.288329519450793,-0.2288329519450793,0.6864988558352492,2026-08-31,1.6018306636155666,0.0,1.6018306636155666,2026-09-01,1.372997711670476,-0.4576659038901587,0.4576659038901587,2026-09-02,-0.4576659038901587,-2.0594965675057253,-1.830663615560646,,,,,0.9153318077803174,1.0,-0.2288329519450793,1.0,2.7459954233409523,2.0,-0.4576659038901587,3.0,2.7459954233409523,2.0,-0.6864988558352381,5.0,2.7459954233409523,2.0,-0.6864988558352381,5.0,,,,,0.0,0.4576659038901587,2.52,-2.0623340961098413,0.92,-1.1488329519450793,1.83,-1.6011670480549096,0.69,-0.0035011441647507,2.06,-1.3735011441647509,0.23,1.3718306636155666,1.14,-0.6823340961098412,-1.6,-0.2306636155606458,,,6.02,1.93,True,False,True,True,CBN
2026-08-20,3903,ｇｕｍｉ,272.0,5,2026-08-21,2.941176470588225,0.0,1.4705882352941124,2026-08-24,6.617647058823528,-0.3676470588235281,2.2058823529411686,2026-08-25,4.044117647058831,0.3676470588235281,3.308823529411775,2026-08-26,5.514705882352944,2.941176470588225,3.6764705882353033,2026-08-27,5.147058823529416,1.1029411764705843,2.5735294117646967,2026-08-28,6.985294117647056,2.941176470588225,4.044117647058831,2026-08-31,5.882352941176472,2.2058823529411686,5.882352941176472,2026-09-01,6.985294117647056,4.41176470588236,6.617647058823528,2026-09-02,4.779411764705888,0.3676470588235281,0.7352941176470562,,,,,2.941176470588225,1.0,0.0,1.0,6.617647058823528,2.0,-0.3676470588235281,2.0,6.617647058823528,2.0,-0.3676470588235281,2.0,6.985294117647056,6.0,-0.3676470588235281,2.0,,,,,0.37,1.1005882352941123,3.31,-1.1041176470588314,1.47,1.8388235294117752,4.78,-1.103529411764697,3.31,-0.7364705882353033,5.51,-1.4658823529411684,2.94,2.942352941176472,5.88,0.7376470588235282,0.37,0.3652941176470562,,,6.67,1.45,True,False,True,True,CBN
2026-08-20,3993,ＰＫＳＨＡ　Ｔｅｃｈｎｏｌｏｇｙ,3245.0,5,2026-08-21,3.543913713405233,0.1540832049306661,1.8489984591679496,2026-08-24,4.314329738058542,-2.927580893682591,-2.6194144838212585,2026-08-25,-0.9244992295839748,-6.163328197226504,-1.3867488443759624,2026-08-26,-0.7704160246533087,-2.927580893682591,-2.4653312788906034,2026-08-27,3.2357473035439237,-2.927580893682591,0.7704160246533087,2026-08-28,7.704160246533132,2.6194144838212585,3.3898305084745672,2026-08-31,3.2357473035439237,0.9244992295839748,1.5408320493066174,2026-09-01,2.927580893682591,-0.3081664098613212,1.5408320493066174,2026-09-02,-0.7704160246533087,-4.006163328197232,-3.852080123266566,,,,,3.543913713405233,1.0,0.1540832049306661,1.0,4.314329738058542,2.0,-6.163328197226504,3.0,4.314329738058542,2.0,-6.163328197226504,3.0,7.704160246533132,6.0,-6.163328197226504,3.0,,,,,2.47,-0.6210015408320504,0.62,-3.239414483821258,-4.16,2.773251155624038,-1.54,-0.9253312788906034,-2.31,3.0804160246533088,5.39,-2.0001694915254324,2.77,-1.2291679506933826,2.0,-0.4591679506933825,-3.7,-0.1520801232665656,,,9.78,0.83,True,False,True,True,CBN
2026-08-20,4443,Ｓａｎｓａｎ,2187.0,5,2026-08-21,2.1033379058070345,-0.137174211248281,2.0118884316415286,2026-08-24,5.16689529035208,1.6460905349794164,2.7892089620484617,2026-08-25,3.0178326474622708,-1.5546410608138994,-1.5546410608138994,2026-08-26,-1.7375400091449444,-4.298125285779609,-3.84087791495199,2026-08-27,2.6520347508001807,-2.6520347508001807,-0.36579789666209,2026-08-28,7.224508459076362,3.475080018289889,5.852766346593508,2026-08-31,7.68175582990398,4.389574759945125,5.76131687242798,2026-09-01,7.68175582990398,2.5148605395519,3.155006858710552,2026-09-02,0.228623685413809,-3.612254229538181,-3.4750800182899,,,,,2.1033379058070345,1.0,-0.137174211248281,1.0,5.16689529035208,2.0,-1.5546410608138994,3.0,5.16689529035208,2.0,-4.298125285779609,4.0,7.68175582990398,7.0,-4.298125285779609,4.0,,,,,1.19,0.8218884316415287,4.44,-1.6507910379515387,1.6,-3.1546410608138995,-2.88,-0.9608779149519902,-1.23,0.8642021033379099,5.44,0.4127663465935072,6.68,-0.9186831275720202,5.53,-2.3749931412894485,-3.52,0.0449199817101,,,9.68,1.35,True,False,True,True,CBN
2026-08-20,4481,ベース,3355.0,5,2026-08-21,1.0432190760059523,-0.2980625931445657,0.1490312965722884,2026-08-24,1.1922503725782407,-0.5961251862891204,0.0,2026-08-25,0.5961251862891315,-2.8315946348733245,-2.533532041728759,2026-08-26,1.9374068554396384,0.1490312965722884,0.2980625931445546,2026-08-27,1.3412816691505292,-0.8941877794336861,-0.5961251862891204,2026-08-28,1.6393442622950838,0.2980625931445546,1.0432190760059523,2026-08-31,2.682563338301036,0.8941877794336861,2.086438152011927,2026-09-01,2.384500745156481,1.0432190760059523,1.3412816691505292,2026-09-02,0.8941877794336861,-0.8941877794336861,-0.8941877794336861,,,,,1.0432190760059523,1.0,-0.2980625931445657,1.0,1.1922503725782407,2.0,-2.8315946348733245,3.0,1.9374068554396384,4.0,-2.8315946348733245,3.0,2.682563338301036,7.0,-2.8315946348733245,3.0,,,,,0.45,-0.3009687034277116,1.19,-1.19,-0.15,-2.383532041728759,1.04,-0.7419374068554454,0.6,-1.1961251862891205,1.19,-0.1467809239940476,1.04,1.0464381520119268,1.94,-0.5987183308494708,-0.89,-0.004187779433686,,,5.96,1.29,True,False,True,True,CBN
2026-08-20,4776,サイボウズ,3070.0,5,2026-08-21,1.6286644951140072,-0.8143322475570036,0.6514657980456029,2026-08-24,3.7459283387622166,0.1628664495114007,0.6514657980456029,2026-08-25,2.442996742671011,-1.954397394136809,-1.6286644951140072,2026-08-26,-1.6286644951140072,-5.570032573289907,-5.1140065146579765,2026-08-27,1.954397394136809,-4.820846905537457,1.3029315960912058,2026-08-28,9.934853420195443,3.2573289902280145,8.957654723127039,2026-08-31,9.12052117263844,5.863192182410426,6.188925081433228,2026-09-01,7.328990228013033,2.442996742671011,3.0944625407166138,2026-09-02,2.7687296416938123,-1.3029315960912058,-1.140065146579805,,,,,1.6286644951140072,1.0,-0.8143322475570036,1.0,3.7459283387622166,2.0,-1.954397394136809,3.0,3.7459283387622166,2.0,-5.570032573289907,4.0,9.934853420195443,6.0,-5.570032573289907,4.0,,,,,0.65,0.0014657980456028,2.77,-2.118534201954397,0.33,-1.9586644951140075,-4.27,-0.8440065146579769,-3.19,4.492931596091205,7.65,1.3076547231270386,7.17,-0.9810749185667724,6.51,-3.415537459283386,-0.98,-0.160065146579805,,,5.2,0.98,True,False,True,True,CBN
2026-08-20,3672,オルトプラス,32.0,7,2026-08-21,3.125,-15.625,-9.375,2026-08-24,-6.25,-15.625,-12.5,2026-08-25,-3.125,-15.625,-9.375,2026-08-26,-6.25,-9.375,-6.25,2026-08-27,-6.25,-9.375,-9.375,2026-08-28,-3.125,-12.5,-6.25,2026-08-31,-6.25,-9.375,-6.25,2026-09-01,-6.25,-9.375,-9.375,2026-09-02,-6.25,-12.5,-9.375,,,,,3.125,1.0,-15.625,1.0,3.125,1.0,-15.625,1.0,3.125,1.0,-15.625,1.0,3.125,1.0,-15.625,1.0,,,,,-6.25,-3.125,-6.25,-6.25,-12.5,3.125,-6.25,0.0,-6.25,-3.125,-9.38,3.130000000000001,-9.38,3.130000000000001,-6.25,-3.125,-9.38,0.0050000000000007,,,6.9,3.35,True,True,True,True,CVBN
2026-08-20,3077,ホリイフードサービス,1005.0,5,2026-08-21,5.870646766169152,0.5970149253731405,1.5920398009950265,2026-08-24,7.462686567164178,1.5920398009950265,5.7711442786069655,2026-08-25,5.970149253731338,1.3930348258706535,3.88059701492538,2026-08-26,13.7313432835821,4.079601990049753,11.442786069651746,2026-08-27,12.935323383084585,8.358208955223878,9.45273631840795,2026-08-28,22.985074626865675,12.43781094527363,20.99502487562188,2026-08-31,23.482587064676608,11.940298507462677,22.28855721393035,2026-09-01,30.746268656716413,20.895522388059696,26.66666666666666,2026-09-02,27.86069651741294,22.786069651741304,24.67661691542289,,,,,5.870646766169152,1.0,0.5970149253731405,1.0,7.462686567164178,2.0,0.5970149253731405,1.0,13.7313432835821,4.0,0.5970149253731405,1.0,23.482587064676608,7.0,0.5970149253731405,1.0,,,,,2.99,-1.3979601990049737,3.38,2.3911442786069657,5.77,-1.88940298507462,8.96,2.4827860696517448,11.44,-1.987263681592049,19.7,1.2950248756218803,16.42,5.868557213930348,26.37,0.2966666666666597,24.08,0.5966169154228922,,,6.14,1.21,True,False,True,True,CBN
2026-08-20,3491,ＧＡ　ｔｅｃｈｎｏｌｏｇｉｅｓ,1580.0,5,2026-08-21,1.8987341772152,-1.2025316455696156,0.5063291139240533,2026-08-24,2.848101265822778,-1.329113924050629,-0.3164556962025333,2026-08-25,0.8227848101265867,-1.5822784810126556,-0.75949367088608,2026-08-26,2.468354430379738,-0.18987341772152,0.1265822784810133,2026-08-27,0.3164556962025333,-1.708860759493669,-0.9493670886076,2026-08-28,0.9493670886076,-0.6962025316455733,-0.2531645569620266,2026-08-31,1.645569620253173,-1.5822784810126556,1.265822784810133,2026-09-01,2.0253164556962133,-1.329113924050629,-0.6329113924050667,2026-09-02,-2.088607594936709,-7.025316455696206,-3.670886075949365,,,,,1.8987341772152,1.0,-1.2025316455696156,1.0,2.848101265822778,2.0,-1.5822784810126556,3.0,2.848101265822778,2.0,-1.708860759493669,5.0,2.848101265822778,2.0,-1.708860759493669,5.0,,,,,-0.25,0.7563291139240533,2.28,-2.596455696202533,-0.51,-0.24949367088608,0.38,-0.2534177215189866,-1.33,0.3806329113924001,0.82,-1.0731645569620265,-0.63,1.8958227848101328,1.14,-1.7729113924050666,-3.61,-0.0608860759493645,,,6.46,1.51,True,False,True,True,CBN
2026-08-20,150A,ＪＳＨ,801.0,5,2026-08-21,-1.6229712858926382,-9.113607990012484,-6.866416978776524,2026-08-24,-5.368289637952561,-14.481897627965044,-6.117353308364548,2026-08-25,-2.372034956304614,-10.611735330836458,-9.612983770287142,2026-08-26,-3.870162297128588,-9.612983770287142,-4.49438202247191,2026-08-27,-3.995006242197252,-8.489388264669163,-7.490636704119846,2026-08-28,-1.3732833957553092,-7.86516853932584,-4.49438202247191,2026-08-31,0.7490636704119868,-4.993757802746568,0.4993757802746579,2026-09-01,7.116104868913853,-3.995006242197252,-0.4993757802746579,2026-09-02,-1.3732833957553092,-13.732833957553058,-7.490636704119846,,,,,-1.6229712858926382,1.0,-9.113607990012484,1.0,-1.6229712858926382,1.0,-14.481897627965044,2.0,-1.6229712858926382,1.0,-14.481897627965044,2.0,0.7490636704119868,7.0,-14.481897627965044,2.0,,,,,-7.62,0.7535830212234762,-11.11,4.992646691635452,-6.99,-2.622983770287142,-6.49,1.9956179775280896,-6.37,-1.1206367041198462,-6.37,1.8756179775280897,-2.62,3.119375780274658,-2.87,2.370624219725342,-8.49,0.999363295880154,,,10.64,1.12,True,False,True,True,CBN
2026-08-20,2179,成学社,888.0,5,2026-08-21,0.0,-3.828828828828834,-2.9279279279279318,2026-08-24,-2.9279279279279318,-4.27927927927928,-4.27927927927928,2026-08-25,-4.27927927927928,-4.729729729729726,-4.61711711711712,2026-08-26,-3.1531531531531543,-3.94144144144144,-3.378378378378377,2026-08-27,-3.1531531531531543,-4.166666666666663,-3.1531531531531543,2026-08-28,-2.7027027027026973,-3.378378378378377,-3.040540540540537,2026-08-31,-3.378378378378377,-4.504504504504503,-3.490990990990994,2026-09-01,-3.2657657657657717,-3.2657657657657717,-3.2657657657657717,2026-09-02,-4.95495495495496,-7.432432432432434,-7.207207207207212,,,,,0.0,1.0,-3.828828828828834,1.0,0.0,1.0,-4.729729729729726,3.0,0.0,1.0,-4.729729729729726,3.0,0.0,1.0,-4.729729729729726,3.0,,,,,-2.93,0.0020720720720688,-3.83,-0.4492792792792794,-4.28,-0.3371171171171196,-3.27,-0.1083783783783771,-3.27,0.1168468468468457,-2.7,-0.340540540540537,-3.38,-0.1109909909909943,-3.27,0.0042342342342287,-7.21,0.0027927927927882,,,5.09,2.93,True,False,True,True,CBN
2026-08-20,299A,クラシル,1255.0,5,2026-08-21,4.063745019920328,-0.8764940239043839,1.9920318725099584,2026-08-24,8.605577689243038,2.4701195219123395,4.3824701195219085,2026-08-25,5.179282868525892,1.1155378486055856,3.585657370517925,2026-08-26,4.621513944223099,1.354581673306776,1.9920318725099584,2026-08-27,6.294820717131477,0.3984063745019917,4.3824701195219085,2026-08-28,8.207171314741046,4.3824701195219085,6.055776892430287,2026-08-31,13.466135458167328,4.7808764940239,12.589641434262957,2026-09-01,10.756972111553775,4.3824701195219085,4.7808764940239,2026-09-02,5.338645418326693,2.39043824701195,2.39043824701195,,,,,4.063745019920328,1.0,-0.8764940239043839,1.0,8.605577689243038,2.0,-0.8764940239043839,1.0,8.605577689243038,2.0,-0.8764940239043839,1.0,13.466135458167328,7.0,-0.8764940239043839,1.0,,,,,0.72,1.2720318725099584,3.43,0.9524701195219084,3.59,-0.0043426294820747,3.19,-1.1979681274900416,1.59,2.7924701195219086,6.45,-0.3942231075697133,8.61,3.9796414342629554,9.56,-4.7791235059761,2.55,-0.1595617529880497,,,8.38,1.87,True,False,True,True,CBN
2026-08-20,3793,ドリコム,480.0,5,2026-08-21,2.2916666666666696,-0.6249999999999978,2.2916666666666696,2026-08-24,4.166666666666674,1.8750000000000044,2.9166666666666563,2026-08-25,2.9166666666666563,-1.041666666666663,1.6666666666666607,2026-08-26,6.458333333333344,2.083333333333326,6.25,2026-08-27,7.08333333333333,4.583333333333339,5.41666666666667,2026-08-28,8.54166666666667,5.624999999999991,8.54166666666667,2026-08-31,11.04166666666666,5.41666666666667,11.04166666666666,2026-09-01,11.04166666666666,9.791666666666664,10.83333333333334,2026-09-02,10.83333333333334,6.458333333333344,8.749999999999991,,,,,2.2916666666666696,1.0,-0.6249999999999978,1.0,4.166666666666674,2.0,-1.041666666666663,3.0,7.08333333333333,5.0,-1.041666666666663,3.0,11.04166666666666,7.0,-1.041666666666663,3.0,,,,,0.0,2.2916666666666696,3.75,-0.8333333333333437,1.88,-0.2133333333333391,4.17,2.08,6.25,-0.8333333333333304,7.92,0.6216666666666697,5.83,5.211666666666661,10.62,0.21333333333334,8.96,-0.2100000000000097,,,5.96,1.77,True,False,True,True,CBN
2026-08-20,4323,日本システム技術,2008.0,5,2026-08-21,0.1494023904382579,-2.8386454183266907,-2.689243027888444,2026-08-24,-0.7470119521912344,-3.735059760956172,-3.4362549800796782,2026-08-25,-2.8386454183266907,-5.527888446215135,-4.631474103585653,2026-08-26,-3.1374501992031845,-4.581673306772904,-4.432270916334657,2026-08-27,-4.3824701195219085,-5.776892430278879,-4.581673306772904,2026-08-28,-1.0956175298804771,-4.581673306772904,-1.6434262948207157,2026-08-31,-1.5936254980079667,-3.685258964143423,-2.041832669322708,2026-09-01,-1.195219123505975,-2.7888446215139417,-2.539840637450197,2026-09-02,-3.486055776892427,-6.3745019920318775,-6.3745019920318775,,,,,0.1494023904382579,1.0,-2.8386454183266907,1.0,0.1494023904382579,1.0,-5.527888446215135,3.0,0.1494023904382579,1.0,-5.776892430278879,5.0,0.1494023904382579,1.0,-5.776892430278879,5.0,,,,,-1.49,-1.1992430278884438,-1.1,-2.336254980079678,-3.78,-0.851474103585653,-3.44,-0.992270916334657,-5.53,0.948326693227096,-1.49,-0.1534262948207156,-2.44,0.3981673306772926,-1.49,-1.049840637450197,-5.78,-0.5945019920318773,,,6.81,0.98,True,False,True,True,CBN
2026-08-21,6543,日宣,1311.0,6,2026-08-24,-1.2204424103737566,-4.652936689549958,-2.822273073989323,2026-08-25,-2.593440122044244,-3.96643783371472,-3.585049580472921,2026-08-26,-1.7543859649122862,-3.508771929824561,-1.7543859649122862,2026-08-27,-0.8390541571319576,-3.0511060259344025,-0.8390541571319576,2026-08-28,-3.203661327231122,-6.636155606407323,-6.559877955758964,2026-08-31,-5.873379099923726,-9.000762776506487,-8.08543096872616,2026-09-01,-7.093821510297483,-8.466819221967958,-8.31426392067124,2026-09-02,-8.0091533180778,-8.619374523264678,-8.466819221967958,,,,,,,,,-1.2204424103737566,1.0,-4.652936689549958,1.0,-1.2204424103737566,1.0,-4.652936689549958,1.0,-0.8390541571319576,4.0,-6.636155606407323,5.0,-0.8390541571319576,4.0,-9.000762776506487,6.0,,,,,-2.67,-0.1522730739893232,-3.81,0.224950419527079,-2.82,1.0656140350877137,-1.75,0.9109458428680424,-3.28,-3.279877955758964,-5.95,-2.1354309687261592,-8.31,-0.0042639206712387,-8.01,-0.4568192219679581,,,,,5.9,4.64,True,True,True,True,CVBN
2026-08-21,7067,ブランディングテクノロジー,1183.0,6,2026-08-24,-11.327134404057482,-12.93322062552832,-12.679628064243452,2026-08-25,-11.749788672865591,-13.102282333051562,-12.679628064243452,2026-08-26,-12.256973795435332,-13.693998309382929,-12.256973795435332,2026-08-27,-11.411665257819104,-12.256973795435332,-11.411665257819104,2026-08-28,-11.411665257819104,-12.003381234150469,-12.003381234150469,2026-08-31,-12.764158918005077,-12.764158918005077,-12.764158918005077,2026-09-01,-12.08791208791209,-12.679628064243452,-12.08791208791209,2026-09-02,-11.073541842772617,-14.792899408284022,-12.08791208791209,,,,,,,,,-11.327134404057482,1.0,-12.93322062552832,1.0,-11.327134404057482,1.0,-13.693998309382929,3.0,-11.327134404057482,1.0,-13.693998309382929,3.0,-11.327134404057482,1.0,-13.693998309382929,3.0,,,,,-11.33,-1.3496280642434524,-12.43,-0.2496280642434527,-13.19,0.9330262045646672,-12.26,0.8483347421808958,-12.0,-0.003381234150467,-12.76,-0.0041589180050749,-12.09,0.0020879120879104,-13.36,1.27208791208791,,,,,3.2,4.87,False,True,True,True,VBN
2026-08-21,2351,ＡＳＪ,346.0,5,2026-08-24,-1.7341040462427793,-6.647398843930641,-4.913294797687861,2026-08-25,-3.757225433526013,-7.22543352601156,-6.069364161849711,2026-08-26,-4.335260115606932,-7.514450867052025,-6.358381502890175,2026-08-27,-4.6242774566473965,-6.647398843930641,-6.069364161849711,2026-08-28,-4.913294797687861,-6.358381502890175,-5.202312138728327,2026-08-31,-1.7341040462427793,-6.358381502890175,-1.7341040462427793,2026-09-01,-1.7341040462427793,-4.6242774566473965,-2.3121387283236983,2026-09-02,-2.8901734104046284,-4.335260115606932,-3.4682080924855474,,,,,,,,,-1.7341040462427793,1.0,-6.647398843930641,1.0,-1.7341040462427793,1.0,-7.514450867052025,3.0,-1.7341040462427793,1.0,-7.514450867052025,3.0,-1.7341040462427793,1.0,-7.514450867052025,3.0,,,,,-4.05,-0.8632947976878613,-5.78,-0.2893641618497105,-7.51,1.1516184971098244,-6.36,0.2906358381502896,-5.2,-0.0023121387283264,-5.78,4.0458959537572206,-4.05,1.7378612716763016,-3.76,0.2917919075144524,,,,,5.35,4.05,True,True,False,False,CV
2026-08-21,3350,メタプラネット,298.0,5,2026-08-24,8.389261744966436,-2.684563758389258,2.348993288590595,2026-08-25,14.429530201342278,0.0,10.738255033557053,2026-08-26,4.697986577181212,0.3355704697986628,4.026845637583887,2026-08-27,3.691275167785224,-0.6711409395973145,2.0134228187919545,2026-08-28,20.46979865771812,6.711409395973145,16.10738255033557,2026-08-31,8.7248322147651,3.691275167785224,4.697986577181212,2026-09-01,12.080536912751684,3.3557046979865834,9.395973154362425,2026-09-02,5.033557046979875,-1.0067114093959773,0.6711409395973256,,,,,,,,,8.389261744966436,1.0,-2.684563758389258,1.0,14.429530201342278,2.0,-2.684563758389258,1.0,20.46979865771812,5.0,-2.684563758389258,1.0,20.46979865771812,5.0,-2.684563758389258,1.0,,,,,0.34,2.0089932885905952,6.71,4.028255033557053,2.01,2.016845637583887,2.35,-0.3365771812080456,11.07,5.037382550335568,5.37,-0.6720134228187877,5.37,4.025973154362425,-0.67,1.3411409395973255,,,,,20.16,2.24,True,False,True,True,CBN
2026-08-21,4784,ＧＭＯインターネット,602.0,5,2026-08-24,1.4950166112956742,-5.1495016611295625,-4.81727574750831,2026-08-25,-3.6544850498338888,-5.980066445182719,-5.481727574750828,2026-08-26,-4.318936877076407,-6.478405315614621,-5.1495016611295625,2026-08-27,-1.4950166112956853,-6.976744186046513,-2.1594684385382035,2026-08-28,0.9966777408637828,-3.6544850498338888,-3.322259136212624,2026-08-31,-2.657807308970095,-7.807308970099669,-7.3089700996677776,2026-09-01,-5.6478405315614655,-9.46843853820598,-6.146179401993357,2026-09-02,-5.481727574750828,-10.299003322259138,-10.299003322259138,,,,,,,,,1.4950166112956742,1.0,-5.1495016611295625,1.0,1.4950166112956742,1.0,-6.478405315614621,3.0,1.4950166112956742,1.0,-6.976744186046513,4.0,1.4950166112956742,1.0,-9.46843853820598,7.0,,,,,1.33,-6.14727574750831,-4.15,-1.3317275747508273,-5.81,0.6604983388704371,-5.81,3.650531561461796,0.33,-3.652259136212624,-5.15,-2.158970099667777,-8.31,2.163820598006644,-9.8,-0.4990033222591368,,,,,5.07,1.29,True,False,True,True,CBN
2026-08-21,5575,Ｇｌｏｂｅｅ,1292.0,5,2026-08-24,4.334365325077405,-1.3157894736842146,-1.1609907120743057,2026-08-25,1.238390092879249,-2.476780185758509,-0.4643962848297267,2026-08-26,0.6965944272445901,-2.089783281733748,-0.4643962848297267,2026-08-27,-0.0773993808049544,-2.631578947368418,-2.1671826625387025,2026-08-28,2.631578947368429,-2.476780185758509,-2.476780185758509,2026-08-31,-0.1547987616099089,-11.68730650154799,-10.99071207430341,2026-09-01,-10.913312693498456,-19.814241486068106,-18.26625386996904,2026-09-02,-11.068111455108356,-19.65944272445821,-11.145510835913308,,,,,,,,,4.334365325077405,1.0,-1.3157894736842146,1.0,4.334365325077405,1.0,-2.476780185758509,2.0,4.334365325077405,1.0,-2.631578947368418,4.0,4.334365325077405,1.0,-19.814241486068106,7.0,,,,,1.78,-2.940990712074305,-2.09,1.6256037151702731,-1.86,1.3956037151702734,-1.01,-1.1571826625387025,-0.31,-2.166780185758509,-2.48,-8.51071207430341,-13.16,-5.106253869969041,-12.62,1.474489164086691,,,,,7.66,1.96,True,False,True,True,CBN
2026-08-21,3189,ＡＮＡＰホールディングス,154.0,4,2026-08-24,23.376623376623385,-5.1948051948051965,3.2467532467532534,2026-08-25,9.090909090909085,-3.8961038961038974,-2.5974025974025983,2026-08-26,-9.740259740259738,-22.077922077922075,-20.779220779220772,2026-08-27,-19.48051948051948,-29.220779220779225,-25.97402597402597,2026-08-28,-16.883116883116877,-25.32467532467533,-19.48051948051948,2026-08-31,-23.37662337662337,-26.623376623376625,-25.97402597402597,2026-09-01,-22.077922077922075,-27.27272727272727,-23.37662337662337,2026-09-02,-20.12987012987013,-26.623376623376625,-21.42857142857143,,,,,,,,,23.376623376623385,1.0,-5.1948051948051965,1.0,23.376623376623385,1.0,-22.077922077922075,3.0,23.376623376623385,1.0,-29.220779220779225,4.0,23.376623376623385,1.0,-29.220779220779225,4.0,,,,,16.23,-12.983246753246746,3.9,-6.497402597402598,-12.34,-8.439220779220776,-22.08,-3.894025974025972,-22.73,3.2494805194805245,-25.32,-0.65402597402597,-24.68,1.303376623376625,-21.43,0.0014285714285691,,,,,44.25,2.74,True,False,True,True,CBN
2026-08-21,3747,インタートレード,447.0,4,2026-08-24,11.409395973154355,-1.5659955257270708,7.38255033557047,2026-08-25,8.053691275167797,2.9082774049217,5.145413870246096,2026-08-26,4.921700223713654,-0.2237136465324418,0.4474272930648837,2026-08-27,0.6711409395973256,-4.697986577181212,-4.697986577181212,2026-08-28,-1.7897091722595126,-4.921700223713643,-4.921700223713643,2026-08-31,-0.8948545861297563,-4.921700223713643,-1.7897091722595126,2026-09-01,-1.118568232662187,-3.579418344519014,-3.579418344519014,2026-09-02,-4.250559284116329,-6.935123042505598,-6.487695749440714,,,,,,,,,11.409395973154355,1.0,-1.5659955257270708,1.0,11.409395973154355,1.0,-1.5659955257270708,1.0,11.409395973154355,1.0,-4.921700223713643,5.0,11.409395973154355,1.0,-4.921700223713643,5.0,,,,,-0.45,7.83255033557047,4.92,0.2254138702460961,4.47,-4.022572706935116,0.0,-4.697986577181212,-2.24,-2.6817002237136425,-3.36,1.5702908277404872,-2.68,-0.899418344519014,-6.71,0.2223042505592856,,,,,2.3,4.06,False,True,False,True,VN
2026-08-21,4198,テンダ,501.0,4,2026-08-24,-0.5988023952095856,-0.7984031936127733,-0.5988023952095856,2026-08-25,-0.9980039920159722,-2.594810379241519,-0.9980039920159722,2026-08-26,-0.5988023952095856,-1.19760479041916,-0.5988023952095856,2026-08-27,-0.3992015968063866,-1.19760479041916,-1.19760479041916,2026-08-28,-0.7984031936127733,-1.19760479041916,-0.7984031936127733,2026-08-31,-0.5988023952095856,-0.7984031936127733,-0.7984031936127733,2026-09-01,-0.5988023952095856,-1.19760479041916,-0.9980039920159722,2026-09-02,-0.3992015968063866,-1.596806387225547,-0.3992015968063866,,,,,,,,,-0.5988023952095856,1.0,-0.7984031936127733,1.0,-0.5988023952095856,1.0,-2.594810379241519,2.0,-0.3992015968063866,4.0,-2.594810379241519,2.0,-0.3992015968063866,4.0,-2.594810379241519,2.0,,,,,-0.8,0.2011976047904144,-1.6,0.6019960079840279,-1.2,0.6011976047904144,-1.2,0.0023952095808399,-0.8,0.0015968063872267,-0.8,0.0015968063872267,-0.8,-0.1980039920159721,-0.6,0.2007984031936133,,,,,0.4,3.46,False,True,False,True,VN
2026-08-21,456A,ＨＵＭＡＮ　ＭＡＤＥ,1601.0,4,2026-08-24,6.121174266083695,2.24859462835727,3.4978138663335434,2026-08-25,8.119925046845712,4.372267332916935,7.495315427857596,2026-08-26,12.367270455965018,4.4347282948157485,4.809494066208631,2026-08-27,4.996876951905049,-1.9362898188632127,-1.2492192379762623,2026-08-28,2.6858213616489657,-1.499063085571517,1.2492192379762734,2026-08-31,5.434103685196745,2.6858213616489657,4.934415990006236,2026-09-01,6.558400999375391,-0.3123048094940683,0.8119925046845777,2026-09-02,0.0624609618988136,-6.121174266083695,-6.058713304184882,,,,,,,,,6.121174266083695,1.0,2.24859462835727,1.0,12.367270455965018,3.0,2.24859462835727,1.0,12.367270455965018,3.0,-1.9362898188632127,4.0,12.367270455965018,3.0,-1.9362898188632127,4.0,,,,,4.31,-0.8121861336664562,5.31,2.1853154278575966,8.12,-3.3105059337913687,3.94,-5.189219237976262,0.75,0.4992192379762734,5.12,-0.1855840099937644,4.37,-3.5580074953154224,-6.0,-0.0587133041848817,,,,,22.03,3.4,True,True,True,False,CVB
2026-08-21,4767,テー・オー・ダブリュー,406.0,4,2026-08-24,-0.985221674876846,-2.9556650246305383,-2.463054187192115,2026-08-25,-2.216748768472909,-3.201970443349756,-2.9556650246305383,2026-08-26,-2.463054187192115,-4.187192118226601,-3.6945812807881775,2026-08-27,-2.7093596059113323,-3.940886699507384,-3.201970443349756,2026-08-28,-2.7093596059113323,-3.940886699507384,-2.7093596059113323,2026-08-31,-2.216748768472909,-3.4482758620689613,-2.7093596059113323,2026-09-01,-2.216748768472909,-3.4482758620689613,-2.463054187192115,2026-09-02,-2.9556650246305383,-4.187192118226601,-3.201970443349756,,,,,,,,,-0.985221674876846,1.0,-2.9556650246305383,1.0,-0.985221674876846,1.0,-4.187192118226601,3.0,-0.985221674876846,1.0,-4.187192118226601,3.0,-0.985221674876846,1.0,-4.187192118226601,3.0,,,,,-1.48,-0.9830541871921152,-2.22,-0.7356650246305381,-2.46,-1.2345812807881784,-3.94,0.7380295566502446,-2.96,0.2506403940886677,-2.46,-0.2493596059113323,-2.46,-0.0030541871921152,-3.2,-0.0019704433497551,,,,,3.63,2.06,False,False,True,True,BN
2026-08-21,4833,Ｄｅｆ　ｃｏｎｓｕｌｔｉｎｇ,57.0,4,2026-08-24,35.08771929824561,10.526315789473696,21.052631578947366,2026-08-25,31.578947368421066,19.29824561403508,22.80701754385965,2026-08-26,14.035087719298245,1.7543859649122862,1.7543859649122862,2026-08-27,14.035087719298245,0.0,1.7543859649122862,2026-08-28,19.29824561403508,1.7543859649122862,5.263157894736836,2026-08-31,3.5087719298245723,-3.508771929824561,1.7543859649122862,2026-09-01,3.5087719298245723,-1.7543859649122862,0.0,2026-09-02,-3.508771929824561,-8.771929824561408,-7.017543859649122,,,,,,,,,35.08771929824561,1.0,10.526315789473696,1.0,35.08771929824561,1.0,1.7543859649122862,3.0,35.08771929824561,1.0,0.0,4.0,35.08771929824561,1.0,-3.508771929824561,6.0,,,,,21.05,0.0026315789473656,29.82,-7.012982456140346,8.77,-7.015614035087713,10.53,-8.775614035087713,8.77,-3.5068421052631638,-3.51,5.264385964912286,1.75,-1.75,-8.77,1.7524561403508772,,,,,34.62,3.98,True,True,True,True,CVBN
2026-08-21,6138,ダイジェット工業,2169.0,4,2026-08-24,1.1987090825265057,-3.9649608114338375,-1.5214384508990264,2026-08-25,-0.8759797141539849,-5.486399262332875,-3.18118948824343,2026-08-26,-2.720147533425543,-6.408483171968649,-3.18118948824343,2026-08-27,-4.748732134624256,-8.252650991240207,-6.039649608114339,2026-08-28,-4.56431535269709,-6.869525126786535,-6.2701705855232825,2026-08-31,-3.6883356385431054,-9.497464269248502,-5.163669893960354,2026-09-01,-4.1954817888427804,-5.440295066851086,-4.1954817888427804,2026-09-02,-5.348086675887509,-9.17473490087598,-8.85200553250346,,,,,,,,,1.1987090825265057,1.0,-3.9649608114338375,1.0,1.1987090825265057,1.0,-6.408483171968649,3.0,1.1987090825265057,1.0,-8.252650991240207,4.0,1.1987090825265057,1.0,-9.497464269248502,6.0,,,,,-1.8,0.2785615491009736,-2.26,-0.9211894882434302,-3.41,0.2288105117565702,-6.87,0.830350391885661,-6.04,-0.2301705855232825,-7.65,2.486330106039646,-4.56,0.3645182111572191,-8.58,-0.27200553250346,,,,,1.44,1.58,False,False,False,True,N
2026-08-21,7138,ＴＯＲＩＣＯ,170.0,4,2026-08-24,25.882352941176467,4.117647058823537,17.05882352941177,2026-08-25,28.23529411764707,14.705882352941169,17.05882352941177,2026-08-26,9.411764705882364,-0.588235294117645,0.0,2026-08-27,11.1764705882353,-0.588235294117645,1.17647058823529,2026-08-28,15.882352941176482,2.35294117647058,4.705882352941182,2026-08-31,4.117647058823537,-3.529411764705881,1.764705882352935,2026-09-01,4.117647058823537,-1.17647058823529,2.35294117647058,2026-09-02,0.0,-8.823529411764708,-8.235294117647063,,,,,,,,,25.882352941176467,1.0,4.117647058823537,1.0,28.23529411764707,2.0,-0.588235294117645,3.0,28.23529411764707,2.0,-0.588235294117645,3.0,28.23529411764707,2.0,-3.529411764705881,6.0,,,,,20.59,-3.5311764705882283,20.0,-2.9411764705882284,7.65,-7.65,7.06,-5.88352941176471,9.41,-4.704117647058818,-2.35,4.114705882352935,2.35,0.0029411764705797,-7.65,-0.585294117647063,,,,,34.97,3.32,True,True,True,True,CVBN
2026-08-21,3187,ミラタップ,384.0,3,2026-08-24,-4.166666666666663,-7.2916666666666625,-5.729166666666663,2026-08-25,0.0,-6.25,-4.4270833333333375,2026-08-26,-1.041666666666663,-7.03125,-6.510416666666663,2026-08-27,-3.645833333333337,-7.03125,-6.25,2026-08-28,-3.645833333333337,-7.2916666666666625,-6.510416666666663,2026-08-31,-4.4270833333333375,-7.2916666666666625,-7.2916666666666625,2026-09-01,-5.2083333333333375,-7.8125,-7.8125,2026-09-02,-7.8125,-9.895833333333336,-8.333333333333337,,,,,,,,,-4.166666666666663,1.0,-7.2916666666666625,1.0,0.0,2.0,-7.2916666666666625,1.0,0.0,2.0,-7.2916666666666625,1.0,0.0,2.0,-7.8125,7.0,,,,,-4.43,-1.2991666666666628,-4.17,-0.2570833333333375,-3.39,-3.1204166666666624,-5.21,-1.04,-4.69,-1.820416666666662,-4.69,-2.601666666666662,-7.81,-0.0025000000000003,-8.85,0.5166666666666622,,,,,4.47,0.51,False,False,False,False,NONE
2026-08-21,3664,ＷＩＺＥ,24.0,3,2026-08-24,25.0,0.0,12.5,2026-08-25,25.0,12.5,25.0,2026-08-26,20.833333333333325,8.333333333333325,12.5,2026-08-27,16.666666666666675,8.333333333333325,16.666666666666675,2026-08-28,25.0,16.666666666666675,16.666666666666675,2026-08-31,12.5,8.333333333333325,8.333333333333325,2026-09-01,12.5,4.166666666666674,12.5,2026-09-02,8.333333333333325,4.166666666666674,4.166666666666674,,,,,,,,,25.0,1.0,0.0,1.0,25.0,1.0,0.0,1.0,25.0,1.0,0.0,1.0,25.0,1.0,0.0,1.0,,,,,12.5,0.0,12.5,12.5,12.5,0.0,8.33,8.336666666666675,20.83,-4.163333333333323,12.5,-4.166666666666675,8.33,4.17,4.17,-0.0033333333333258,,,,,27.27,1.43,True,False,True,True,CBN
2026-08-21,3905,データセクション,1855.0,3,2026-08-24,-1.7789757412398963,-10.78167115902965,-10.40431266846361,2026-08-25,-10.40431266846361,-15.79514824797844,-12.991913746630724,2026-08-26,-13.854447439353102,-17.681940700808628,-17.681940700808628,2026-08-27,-15.74123989218329,-19.407008086253374,-17.035040431266847,2026-08-28,-6.738544474393526,-16.873315363881403,-6.9002695417789806,2026-08-31,-5.498652291105122,-12.83018867924528,-8.571428571428575,2026-09-01,-9.38005390835579,-14.501347708894874,-11.85983827493261,2026-09-02,-12.991913746630724,-15.579514824797847,-15.202156334231807,,,,,,,,,-1.7789757412398963,1.0,-10.78167115902965,1.0,-1.7789757412398963,1.0,-17.681940700808628,3.0,-1.7789757412398963,1.0,-19.407008086253374,4.0,-1.7789757412398963,1.0,-19.407008086253374,4.0,,,,,-5.28,-5.12431266846361,-12.94,-0.0519137466307242,-15.96,-1.7219407008086272,-16.82,-0.2150404312668463,-12.83,5.92973045822102,-11.0,2.4285714285714253,-12.02,0.1601617250673896,-14.72,-0.4821563342318082,,,,,6.61,0.76,True,False,False,False,C
2026-08-21,4691,ワシントンホテル,2170.0,3,2026-08-24,7.603686635944706,0.2304147465437722,2.6728110599078425,2026-08-25,10.691244239631326,0.4608294930875667,8.294930875576046,2026-08-26,8.387096774193559,5.898617511520743,6.774193548387086,2026-08-27,8.34101382488479,5.207373271889404,8.34101382488479,2026-08-28,13.22580645161291,8.75576036866359,12.027649769585258,2026-08-31,12.25806451612903,6.774193548387086,7.096774193548394,2026-09-01,7.050691244239626,2.995391705069128,3.8709677419354938,2026-09-02,1.751152073732709,-0.9216589861751112,-0.9216589861751112,,,,,,,,,7.603686635944706,1.0,0.2304147465437722,1.0,10.691244239631326,2.0,0.2304147465437722,1.0,13.22580645161291,5.0,0.2304147465437722,1.0,13.22580645161291,5.0,0.2304147465437722,1.0,,,,,1.01,1.6628110599078425,3.69,4.604930875576047,6.59,0.1841935483870864,6.96,1.38101382488479,9.31,2.717649769585257,8.89,-1.7932258064516065,6.13,-2.259032258064506,-0.55,-0.3716589861751112,,,,,10.27,2.29,True,False,False,False,C
2026-08-21,5721,エスクリプトエナジー,57.0,3,2026-08-24,8.771929824561408,-5.263157894736848,-3.508771929824561,2026-08-25,8.771929824561408,-3.508771929824561,8.771929824561408,2026-08-26,7.017543859649122,0.0,1.7543859649122862,2026-08-27,1.7543859649122862,-1.7543859649122862,0.0,2026-08-28,10.526315789473696,0.0,5.263157894736836,2026-08-31,10.526315789473696,1.7543859649122862,5.263157894736836,2026-09-01,8.771929824561408,3.5087719298245723,3.5087719298245723,2026-09-02,7.017543859649122,0.0,0.0,,,,,,,,,8.771929824561408,1.0,-5.263157894736848,1.0,8.771929824561408,1.0,-5.263157894736848,1.0,10.526315789473696,5.0,-5.263157894736848,1.0,10.526315789473696,5.0,-5.263157894736848,1.0,,,,,0.0,-3.508771929824561,-1.75,10.521929824561408,3.51,-1.7556140350877136,0.0,0.0,7.02,-1.756842105263163,3.51,1.7531578947368365,7.02,-3.5112280701754277,1.75,-1.75,,,,,5.56,1.87,True,False,False,False,C
2026-08-21,6085,アーキテクツ・スタジオ・ジャパン,125.0,3,2026-08-24,37.59999999999999,4.000000000000004,9.600000000000009,2026-08-25,48.8,20.8,48.0,2026-08-26,87.99999999999999,62.40000000000001,87.99999999999999,2026-08-27,126.39999999999998,50.4,60.80000000000001,2026-08-28,94.4,68.8,80.0,2026-08-31,99.2,62.40000000000001,67.19999999999999,2026-09-01,75.2,44.8,72.8,2026-09-02,72.0,57.60000000000001,58.400000000000006,,,,,,,,,37.59999999999999,1.0,4.000000000000004,1.0,87.99999999999999,3.0,4.000000000000004,1.0,126.39999999999998,4.0,4.000000000000004,1.0,126.39999999999998,4.0,4.000000000000004,1.0,,,,,34.4,-24.79999999999999,22.4,25.6,72.8,15.199999999999989,94.4,-33.599999999999994,83.2,-3.200000000000003,68.0,-0.8000000000000114,48.0,24.8,59.2,-0.7999999999999972,,,,,23.0,2.19,True,False,False,False,C
2026-08-21,7215,ファルテック,460.0,7,2026-08-24,-1.521739130434785,-5.21739130434783,-3.4782608695652195,2026-08-25,-2.826086956521734,-3.913043478260869,-3.04347826086957,2026-08-26,-2.608695652173909,-4.130434782608694,-3.04347826086957,2026-08-27,-2.826086956521734,-6.304347826086953,-4.130434782608694,2026-08-28,-4.130434782608694,-4.565217391304344,-4.347826086956519,2026-08-31,-3.913043478260869,-5.652173913043479,-5.434782608695654,2026-09-01,-5.000000000000004,-5.434782608695654,-5.000000000000004,2026-09-02,-5.000000000000004,-8.913043478260875,-8.043478260869563,,,,,,,,,-1.521739130434785,1.0,-5.21739130434783,1.0,-1.521739130434785,1.0,-5.21739130434783,1.0,-1.521739130434785,1.0,-6.304347826086953,4.0,-1.521739130434785,1.0,-6.304347826086953,4.0,,,,,-1.52,-1.9582608695652195,-3.7,0.6565217391304303,-4.13,1.08652173913043,-4.13,-0.0004347826086936,-4.35,0.0021739130434808,-5.65,0.2152173913043462,-5.22,0.2199999999999953,-8.91,0.8665217391304374,,,,,3.2,3.42,False,True,True,True,VBN
2026-08-21,7603,ジーイエット,53.0,6,2026-08-24,-3.773584905660377,-16.981132075471695,-16.981132075471695,2026-08-25,-15.094339622641506,-20.75471698113207,-16.981132075471695,2026-08-26,-15.094339622641506,-20.75471698113207,-18.867924528301884,2026-08-27,-16.981132075471695,-24.52830188679245,-24.52830188679245,2026-08-28,-18.867924528301884,-24.52830188679245,-18.867924528301884,2026-08-31,-16.981132075471695,-22.64150943396226,-20.75471698113207,2026-09-01,-18.867924528301884,-20.75471698113207,-18.867924528301884,2026-09-02,-18.867924528301884,-22.64150943396226,-22.64150943396226,,,,,,,,,-3.773584905660377,1.0,-16.981132075471695,1.0,-3.773584905660377,1.0,-20.75471698113207,2.0,-3.773584905660377,1.0,-24.52830188679245,4.0,-3.773584905660377,1.0,-24.52830188679245,4.0,,,,,-5.66,-11.321132075471697,-15.09,-1.8911320754716956,-18.87,0.0020754716981166,-18.87,-5.658301886792447,-20.75,1.882075471698116,-20.75,-0.0047169811320699,-18.87,0.0020754716981166,-22.64,-0.0015094339622585,,,,,4.26,4.12,False,True,False,False,V
2026-08-21,7719,東京衡機,475.0,6,2026-08-24,10.315789473684212,1.6842105263157992,6.105263157894747,2026-08-25,13.263157894736842,1.89473684210526,5.263157894736836,2026-08-26,9.26315789473684,1.0526315789473717,4.631578947368431,2026-08-27,15.368421052631586,3.5789473684210598,12.631578947368416,2026-08-28,14.315789473684216,8.000000000000007,12.421052631578956,2026-08-31,26.315789473684205,9.473684210526322,10.736842105263156,2026-09-01,10.94736842105264,5.263157894736836,5.263157894736836,2026-09-02,6.526315789473691,1.473684210526316,5.6842105263157805,,,,,,,,,10.315789473684212,1.0,1.6842105263157992,1.0,13.263157894736842,2.0,1.0526315789473717,3.0,15.368421052631586,4.0,1.0526315789473717,3.0,26.315789473684205,6.0,1.0526315789473717,3.0,,,,,5.26,0.8452631578947472,9.05,-3.786842105263165,2.11,2.521578947368431,4.84,7.791578947368416,12.0,0.4210526315789558,22.11,-11.373157894736844,9.47,-4.206842105263164,6.11,-0.4257894736842198,,,,,7.59,4.24,True,True,True,False,CVB
2026-08-21,296A,令和アカウンティング・ホールディングス,1023.0,5,2026-08-24,11.436950146627556,-0.2932551319648091,9.6774193548387,2026-08-25,11.241446725317685,5.767350928641246,9.872922776148574,2026-08-26,13.00097751710656,7.038123167155419,7.624633431085037,2026-08-27,14.369501466275668,7.722385141739974,11.925708699902238,2026-08-28,15.542521994134905,11.730205278592363,13.48973607038124,2026-08-31,17.888563049853378,11.730205278592363,16.031280547409587,2026-09-01,14.369501466275668,6.549364613880737,6.6471163245356735,2026-09-02,8.993157380254146,4.3010752688172005,7.624633431085037,,,,,,,,,11.436950146627556,1.0,-0.2932551319648091,1.0,13.00097751710656,3.0,-0.2932551319648091,1.0,15.542521994134905,5.0,-0.2932551319648091,1.0,17.888563049853378,6.0,-0.2932551319648091,1.0,,,,,2.05,7.627419354838701,8.21,1.662922776148573,12.41,-4.785366568914963,7.72,4.205708699902238,12.51,0.9797360703812412,12.81,3.2212805474095862,8.99,-2.3428836754643267,7.82,-0.195366568914963,,,,,16.01,4.05,True,True,True,True,CVBN
2026-08-21,3623,ビリングシステム,1203.0,5,2026-08-24,1.0806317539484578,-1.3300083125519555,-0.4156275976724854,2026-08-25,5.070656691604314,-0.6650041562759723,4.405652535328342,2026-08-26,4.9044056525353374,2.327514546965914,3.8237738985868575,2026-08-27,8.728179551122196,3.075644222776397,7.564422277639227,2026-08-28,9.22693266832917,4.9044056525353374,6.151288445552794,2026-08-31,9.559434746467163,5.403158769742311,8.894430590191194,2026-09-01,9.725685785536164,6.566916043225279,7.647547797173737,2026-09-02,7.231920199501252,4.322527015793853,5.153782211138824,,,,,,,,,1.0806317539484578,1.0,-1.3300083125519555,1.0,5.070656691604314,2.0,-1.3300083125519555,1.0,9.22693266832917,5.0,-1.3300083125519555,1.0,9.725685785536164,7.0,-1.3300083125519555,1.0,,,,,0.42,-0.8356275976724854,0.75,3.6556525353283416,3.74,0.0837738985868572,3.08,4.484422277639227,8.4,-2.2487115544472065,6.9,1.9944305901911927,7.98,-0.3324522028262633,4.49,0.6637822111388241,,,,,6.03,1.66,True,False,True,True,CBN
2026-08-21,9722,藤田観光,2643.0,5,2026-08-24,2.497162315550505,-3.556564510026483,1.7782822550132416,2026-08-25,3.518728717366626,0.1513431706394286,3.1403707907680767,2026-08-26,5.372682557699582,3.1403707907680767,4.578130911842604,2026-08-27,9.307604994324636,2.19447597427167,8.967082860385922,2026-08-28,14.453272796065075,8.967082860385922,13.696556942867954,2026-08-31,18.426031025349985,13.50737797956867,14.831630722663649,2026-09-01,19.561104805145657,13.88573590616724,14.26409383276579,2026-09-02,13.696556942867954,9.458948164964063,9.7616345062429,,,,,,,,,2.497162315550505,1.0,-3.556564510026483,1.0,5.372682557699582,3.0,-3.556564510026483,1.0,14.453272796065075,5.0,-3.556564510026483,1.0,19.561104805145657,7.0,-3.556564510026483,1.0,,,,,-2.04,3.8182822550132416,2.08,1.0603707907680766,4.31,0.2681309118426043,3.93,5.037082860385922,10.48,3.216556942867953,16.53,-1.6983692773363543,18.43,-4.16590616723421,9.95,-0.1883654937571002,,,,,5.33,1.58,True,False,True,True,CBN
2026-08-21,6081,アライドアーキテクツ,168.0,4,2026-08-24,1.1904761904761862,-4.761904761904767,-2.9761904761904767,2026-08-25,2.3809523809523725,-5.952380952380953,-1.1904761904761862,2026-08-26,-1.1904761904761862,-3.57142857142857,-1.1904761904761862,2026-08-27,0.0,-4.166666666666663,0.0,2026-08-28,2.3809523809523725,-0.5952380952380931,-0.5952380952380931,2026-08-31,-0.5952380952380931,-5.952380952380953,-0.5952380952380931,2026-09-01,1.1904761904761862,-2.380952380952384,-1.1904761904761862,2026-09-02,-1.1904761904761862,-4.761904761904767,-3.57142857142857,,,,,,,,,1.1904761904761862,1.0,-4.761904761904767,1.0,2.3809523809523725,2.0,-5.952380952380953,2.0,2.3809523809523725,2.0,-5.952380952380953,2.0,2.3809523809523725,2.0,-5.952380952380953,2.0,,,,,-2.98,0.0038095238095232,-1.79,0.5995238095238138,-2.38,1.1895238095238136,-2.38,2.38,0.0,-0.5952380952380931,-3.57,2.9747619047619067,-1.19,-0.0004761904761863,-1.79,-1.7814285714285698,,,,,3.12,2.32,False,False,True,False,B
2026-08-21,3825,リミックスポイント,243.0,3,2026-08-24,2.0576131687242816,-5.76131687242798,-4.938271604938271,2026-08-25,0.4115226337448652,-4.938271604938271,-1.2345679012345734,2026-08-26,-3.292181069958844,-8.64197530864198,-6.995884773662553,2026-08-27,-4.938271604938271,-8.230452674897116,-6.584362139917699,2026-08-28,11.111111111111116,-4.938271604938271,9.053497942386834,2026-08-31,4.526748971193406,-2.8806584362139898,-1.2345679012345734,2026-09-01,0.8230452674897082,-2.469135802469136,-1.2345679012345734,2026-09-02,-4.115226337448563,-7.4074074074074066,-6.172839506172845,,,,,,,,,2.0576131687242816,1.0,-5.76131687242798,1.0,2.0576131687242816,1.0,-8.64197530864198,3.0,11.111111111111116,5.0,-8.64197530864198,3.0,11.111111111111116,5.0,-8.64197530864198,3.0,,,,,-3.29,-1.6482716049382713,-3.29,2.0554320987654267,-7.82,0.8241152263374474,-5.76,-0.8243621399176995,-1.65,10.703497942386834,0.0,-1.2345679012345734,-1.23,-0.0045679012345734,-6.58,0.4071604938271553,,,,,2.16,1.65,False,False,False,False,NONE
2026-08-21,142A,ジンジブ,863.0,5,2026-08-24,2.549246813441486,-2.665121668597914,-1.0428736964078755,2026-08-25,-0.6952491309385911,-3.1286210892236377,-0.6952491309385911,2026-08-26,-1.1587485515643148,-2.549246813441486,-2.549246813441486,2026-08-27,-2.3174971031286185,-7.184241019698723,-2.3174971031286185,2026-08-28,-0.5793742757821518,-3.8238702201622288,-0.9269988412514474,2026-08-31,-0.9269988412514474,-2.2016222479721903,-1.6222479721900385,2026-09-01,-0.8111239860950192,-1.8539976825028948,-1.8539976825028948,2026-09-02,-1.7381228273464666,-2.8968713789107814,-2.8968713789107814,,,,,,,,,2.549246813441486,1.0,-2.665121668597914,1.0,2.549246813441486,1.0,-3.1286210892236377,2.0,2.549246813441486,1.0,-7.184241019698723,4.0,2.549246813441486,1.0,-7.184241019698723,4.0,,,,,0.81,-1.852873696407876,-1.16,0.4647508690614088,-1.27,-1.2792468134414858,-4.98,2.662502896871382,-1.74,0.8130011587485526,-1.27,-0.3522479721900384,-0.93,-0.9239976825028948,-1.85,-1.0468713789107813,,,,,5.12,2.47,True,False,True,True,CBN
2026-08-21,4005,住友化学,560.0,5,2026-08-24,-0.750002179827014,-2.7142878941127213,-1.10714503696987,2026-08-25,0.2321406773158507,-1.6607121058872742,-0.8750043596540191,2026-08-26,0.1250021798270051,-1.500004359654017,-0.9642900739397332,2026-08-27,0.5892835344587066,-0.8035714285714257,-0.3214263916015647,2026-08-28,0.6607164655412889,-1.0892813546316993,-0.7321384974888434,2026-08-31,2.2678593226841626,-1.8571472167968728,2.178573608398437,2026-09-01,10.73213849748884,2.178573608398437,10.73213849748884,2026-09-02,12.357145036969875,8.232138497488851,10.232140677315837,,,,,,,,,-0.750002179827014,1.0,-2.7142878941127213,1.0,0.2321406773158507,2.0,-2.7142878941127213,1.0,0.6607164655412889,5.0,-2.7142878941127213,1.0,10.73213849748884,7.0,-2.7142878941127213,1.0,,,,,-2.02,0.91285496303013,-1.05,0.1749956403459809,-0.59,-0.3742900739397331,-0.16,-0.1614263916015647,-0.11,-0.6221384974888434,-0.5,2.678573608398437,5.41,5.32213849748884,10.64,-0.407859322684164,,,,,7.22,1.66,True,False,True,True,CBN
2026-08-21,504A,イノバセル,634.0,5,2026-08-24,-1.261829652996849,-9.463722397476335,-8.675078864353313,2026-08-25,-7.728706624605675,-15.615141955835965,-8.675078864353313,2026-08-26,-10.094637223974768,-14.037854889589909,-14.037854889589909,2026-08-27,-8.517350157728709,-16.719242902208197,-10.56782334384858,2026-08-28,-10.094637223974768,-15.615141955835965,-14.51104100946372,2026-08-31,-7.25552050473186,-15.299684542586755,-8.044164037854895,2026-09-01,-8.517350157728709,-12.618296529968454,-11.671924290220826,2026-09-02,-7.25552050473186,-11.987381703470035,-9.621451104100942,,,,,,,,,-1.261829652996849,1.0,-9.463722397476335,1.0,-1.261829652996849,1.0,-15.615141955835965,2.0,-1.261829652996849,1.0,-16.719242902208197,4.0,-1.261829652996849,1.0,-16.719242902208197,4.0,,,,,-1.74,-6.935078864353313,-12.93,4.254921135646686,-11.99,-2.0478548895899067,-12.78,2.212176656151419,-10.73,-3.781041009463721,-12.62,4.575835962145105,-9.31,-2.3619242902208253,-9.78,0.1585488958990577,,,,,7.28,2.0,True,False,True,True,CBN
2026-08-21,9107,川崎汽船,3394.0,5,2026-08-24,2.2392457277548683,-0.2651738361814981,2.0919269298762533,2026-08-25,5.804360636417205,0.3535651149086716,0.7955215085444944,2026-08-26,0.9133765468473776,-2.592810842663529,-2.592810842663529,2026-08-27,-2.121390689451974,-4.242781378903948,-3.123158515026514,2026-08-28,0.1767825574543247,-3.800824985268125,-0.3535651149086605,2026-08-31,0.0294637595757318,-2.180318208603416,-1.8856806128461967,2026-09-01,0.559811431938706,-2.769593400117853,-0.3241013553329397,2026-09-02,0.7365939893930529,-1.414260459634653,-1.414260459634653,,,,,,,,,2.2392457277548683,1.0,-0.2651738361814981,1.0,5.804360636417205,2.0,-2.592810842663529,3.0,5.804360636417205,2.0,-4.242781378903948,4.0,5.804360636417205,2.0,-4.242781378903948,4.0,,,,,0.41,1.6819269298762534,4.74,-3.9444784914555058,-0.85,-1.7428108426635287,-2.3,-0.8231585150265142,-2.12,1.7664348850913396,-1.33,-0.5556806128461966,-0.56,0.2358986446670603,-1.09,-0.324260459634653,,,,,6.93,1.3,True,False,True,True,CBN
2026-08-21,6696,トラース・オン・プロダクト,327.0,4,2026-08-24,-0.6116207951070374,-4.587155963302747,-3.9755351681957207,2026-08-25,-4.587155963302747,-7.339449541284404,-7.033639143730886,2026-08-26,-4.281345565749239,-6.727828746177367,-6.422018348623848,2026-08-27,-2.752293577981646,-6.727828746177367,-3.363914373088684,2026-08-28,-1.5290519877675823,-3.669724770642202,-2.752293577981646,2026-08-31,-2.14067278287462,-3.9755351681957207,-3.669724770642202,2026-09-01,-1.2232415902140636,-4.281345565749239,-2.752293577981646,2026-09-02,0.3058103975535076,-5.504587155963304,0.3058103975535076,,,,,,,,,-0.6116207951070374,1.0,-4.587155963302747,1.0,-0.6116207951070374,1.0,-7.339449541284404,2.0,-0.6116207951070374,1.0,-7.339449541284404,2.0,-0.6116207951070374,1.0,-7.339449541284404,2.0,,,,,-1.83,-2.1455351681957207,-5.2,-1.8336391437308857,-6.12,-0.3020183486238474,-4.89,1.5260856269113163,-2.45,-0.3022935779816458,-3.06,-0.609724770642202,-3.98,1.227706422018354,-1.22,1.5258103975535076,,,,,7.92,2.82,True,False,True,False,CB
2026-08-21,5537,ＡｌｂａＬｉｎｋ,3255.0,5,2026-08-24,-0.4608294930875556,-6.144393241167434,-1.0752688172043,2026-08-25,-2.9185867895545337,-8.663594470046087,-6.912442396313367,2026-08-26,6.144393241167445,-8.540706605222736,5.5299539170506895,2026-08-27,7.219662058371745,0.9216589861751112,0.9216589861751112,2026-08-28,8.448540706605211,-1.0752688172043,7.834101382488479,2026-08-31,7.68049155145929,3.3794162826420893,4.608294930875578,2026-09-01,13.824884792626737,1.8433179723502224,9.523809523809534,2026-09-02,6.912442396313367,2.457757296466978,3.0721966205837115,,,,,,,,,-0.4608294930875556,1.0,-6.144393241167434,1.0,6.144393241167445,3.0,-8.663594470046087,2.0,8.448540706605211,5.0,-8.663594470046087,2.0,13.824884792626737,7.0,-8.663594470046087,2.0,,,,,-3.38,2.3047311827957,-5.68,-1.2324423963133675,-5.99,11.519953917050689,2.92,-1.9983410138248887,1.23,6.604101382488478,6.91,-2.301705069124422,5.38,4.143809523809535,3.69,-0.6178033794162885,,,,,4.68,0.78,False,False,False,True,N
2026-08-21,6634,ＪＮグループ,75.0,4,2026-08-24,1.333333333333342,-4.000000000000004,-4.000000000000004,2026-08-25,-4.000000000000004,-6.666666666666665,-5.333333333333334,2026-08-26,-2.6666666666666616,-6.666666666666665,-4.000000000000004,2026-08-27,-2.6666666666666616,-6.666666666666665,-5.333333333333334,2026-08-28,0.0,-6.666666666666665,-2.6666666666666616,2026-08-31,-1.3333333333333308,-4.000000000000004,-4.000000000000004,2026-09-01,-2.6666666666666616,-5.333333333333334,-2.6666666666666616,2026-09-02,-2.6666666666666616,-5.333333333333334,-4.000000000000004,,,,,,,,,1.333333333333342,1.0,-4.000000000000004,1.0,1.333333333333342,1.0,-6.666666666666665,2.0,1.333333333333342,1.0,-6.666666666666665,2.0,1.333333333333342,1.0,-6.666666666666665,2.0,,,,,-2.67,-1.3300000000000036,-4.0,-1.333333333333334,-5.33,1.3299999999999963,-4.0,-1.333333333333334,-4.0,1.3333333333333384,-2.67,-1.3300000000000036,-5.33,2.6633333333333384,-4.0,-3.552713678800501e-15,,,,,5.71,2.42,True,False,False,False,C
2026-08-24,2286,林兼産業,972.0,7,2026-08-25,-3.703703703703709,-5.967078189300413,-4.320987654320985,2026-08-26,-3.9094650205761305,-6.069958847736623,-5.864197530864201,2026-08-27,-5.144032921810704,-6.584362139917699,-5.76131687242798,2026-08-28,-5.349794238683126,-6.069958847736623,-5.658436213991768,2026-08-31,-2.263374485596703,-5.658436213991768,-2.9835390946502005,2026-09-01,-3.292181069958844,-5.144032921810704,-4.115226337448563,2026-09-02,-3.80658436213992,-5.864197530864201,-5.555555555555558,,,,,,,,,,,,,-3.703703703703709,1.0,-5.967078189300413,1.0,-3.703703703703709,1.0,-6.584362139917699,3.0,-2.263374485596703,5.0,-6.584362139917699,3.0,-2.263374485596703,5.0,-6.584362139917699,3.0,,,,,-4.84,0.5190123456790152,-4.63,-1.2341975308642017,-5.86,0.0986831275720208,-5.35,-0.3084362139917687,-5.35,2.366460905349799,-3.4,-0.7152263374485632,-5.04,-0.515555555555558,,,,,,,2.94,3.86,False,True,True,True,VBN
2026-08-24,3907,シリコンスタジオ,1999.0,5,2026-08-25,-5.552776388194092,-14.80740370185093,-12.206103051525762,2026-08-26,7.803901950975489,-1.850925462731368,2.551275637818917,2026-08-27,18.309154577288638,2.551275637818917,6.803401700850431,2026-08-28,31.815907953977,26.81340670335168,31.815907953977,2026-08-31,49.47473736868435,17.358679339669834,17.358679339669834,2026-09-01,15.157578789394698,4.002001000500255,5.102551275637812,2026-09-02,1.5507753876938368,-3.601800900450225,-0.8504252126062983,,,,,,,,,,,,,-5.552776388194092,1.0,-14.80740370185093,1.0,18.309154577288638,3.0,-14.80740370185093,1.0,49.47473736868435,5.0,-14.80740370185093,1.0,49.47473736868435,5.0,-14.80740370185093,1.0,,,,,-6.7,-5.506103051525762,7.8,-5.248724362181083,7.05,-0.2465982991495687,31.82,-0.004092046023004,41.17,-23.811320660330168,9.65,-4.547448724362188,-0.35,-0.5004252126062984,,,,,,,2.35,1.41,False,False,False,True,N
2026-08-24,4170,Ｋａｉｚｅｎ　Ｐｌａｔｆｏｒｍ,140.0,5,2026-08-25,58.57142857142856,58.57142857142856,58.57142857142856,2026-08-26,115.71428571428572,61.42857142857143,64.99999999999999,2026-08-27,44.285714285714285,7.857142857142851,7.857142857142851,2026-08-28,7.14285714285714,-1.4285714285714235,0.7142857142857117,2026-08-31,2.1428571428571352,-2.1428571428571463,0.0,2026-09-01,1.4285714285714235,-2.1428571428571463,-1.4285714285714235,2026-09-02,-1.4285714285714235,-5.714285714285716,-3.57142857142857,,,,,,,,,,,,,58.57142857142856,1.0,58.57142857142856,1.0,115.71428571428572,2.0,7.857142857142851,3.0,115.71428571428572,2.0,-2.1428571428571463,5.0,115.71428571428572,2.0,-5.714285714285716,7.0,,,,,58.57,0.001428571428562,115.0,-50.000000000000014,20.71,-12.85285714285715,0.71,0.0042857142857117,-0.71,0.71,0.0,-1.4285714285714235,-3.57,-0.00142857142857,,,,,,,40.98,4.91,True,True,True,True,CVBN
2026-08-24,4344,ソースネクスト,121.0,5,2026-08-25,-1.6528925619834656,-4.958677685950407,-2.479338842975209,2026-08-26,-0.8264462809917328,-4.132231404958676,-3.3057851239669422,2026-08-27,-1.6528925619834656,-4.132231404958676,-4.132231404958676,2026-08-28,-0.8264462809917328,-3.3057851239669422,-2.479338842975209,2026-08-31,-2.479338842975209,-4.958677685950407,-4.132231404958676,2026-09-01,-4.132231404958676,-7.438016528925617,-4.958677685950407,2026-09-02,-4.958677685950407,-8.264462809917351,-8.264462809917351,,,,,,,,,,,,,-1.6528925619834656,1.0,-4.958677685950407,1.0,-0.8264462809917328,2.0,-4.958677685950407,1.0,-0.8264462809917328,2.0,-4.958677685950407,1.0,-0.8264462809917328,2.0,-8.264462809917351,7.0,,,,,-2.48,0.0006611570247905,-2.48,-0.8257851239669423,-3.31,-0.8222314049586754,-1.65,-0.8293388429752095,-2.48,-1.6522314049586757,-4.96,0.0013223140495925,-7.44,-0.8244628099173505,,,,,,,4.39,1.64,False,False,True,True,BN
2026-08-24,4475,ＨＥＮＮＧＥ,1591.0,5,2026-08-25,-0.439974858579506,-4.2111879321181656,-3.2683846637335034,2026-08-26,-0.314267756128217,-3.896920175989949,-3.519798868636081,2026-08-27,1.5713387806411072,-4.902576995600249,0.3771213073538559,2026-08-28,12.507856693903197,2.7655562539283363,12.38214959145192,2026-08-31,14.142049025769964,8.48522941546197,9.55373978629792,2026-09-01,11.125078566939028,6.976744186046502,7.039597737272163,2026-09-02,5.593966059082334,1.6341923318667462,1.6970458830923851,,,,,,,,,,,,,-0.439974858579506,1.0,-4.2111879321181656,1.0,1.5713387806411072,3.0,-4.902576995600249,3.0,14.142049025769964,5.0,-4.902576995600249,3.0,14.142049025769964,5.0,-4.902576995600249,3.0,,,,,-2.83,-0.4383846637335034,-0.94,-2.579798868636081,-2.89,3.267121307353856,7.35,5.032149591451919,10.87,-1.316260213702078,9.93,-2.8904022627278367,1.89,-0.1929541169076147,,,,,,,3.24,1.2,False,False,False,True,N
2026-08-24,5256,Ｆｕｓｉｃ,2622.0,5,2026-08-25,-1.258581235697942,-3.813882532418,-1.449275362318836,2026-08-26,-0.8390541571319576,-3.203661327231122,-2.0976353928299,2026-08-27,0.2669717772692648,-1.6781083142639153,-1.6781083142639153,2026-08-28,3.3562166285278305,-1.1823035850495822,0.3051106025934391,2026-08-31,4.843630816170852,-1.6018306636155557,1.258581235697931,2026-09-01,3.0511060259343914,0.3432494279176135,2.9748283752860427,2026-09-02,1.1823035850495822,-3.6231884057971055,-1.6018306636155557,,,,,,,,,,,,,-1.258581235697942,1.0,-3.813882532418,1.0,0.2669717772692648,3.0,-3.813882532418,1.0,4.843630816170852,5.0,-3.813882532418,1.0,4.843630816170852,5.0,-3.813882532418,1.0,,,,,-3.81,2.360724637681164,-3.2,1.1023646071701003,-1.68,0.0018916857360846,-1.18,1.485110602593439,-1.6,2.858581235697931,0.95,2.0248283752860425,-0.11,-1.4918306636155554,,,,,,,2.43,2.42,False,False,False,True,N
2026-08-24,6045,レントラックス,2195.0,5,2026-08-25,14.806378132118446,3.1890660592255093,12.528473804100226,2026-08-26,14.806378132118446,10.478359908883816,11.389521640091129,2026-08-27,11.298405466970385,7.790432801822322,9.066059225512536,2026-08-28,13.89521640091116,8.246013667425967,13.89521640091116,2026-08-31,12.209567198177671,8.246013667425967,10.79726651480637,2026-09-01,9.339407744874716,6.150341685649208,6.605922551252852,2026-09-02,7.972665148063784,2.779043280182236,3.4624145785876914,,,,,,,,,,,,,14.806378132118446,1.0,3.1890660592255093,1.0,14.806378132118446,1.0,3.1890660592255093,1.0,14.806378132118446,1.0,3.1890660592255093,1.0,14.806378132118446,1.0,2.779043280182236,7.0,,,,,7.06,5.468473804100227,14.21,-2.820478359908874,10.48,-1.4139407744874646,10.3,3.595216400911159,9.29,1.5072665148063713,9.34,-2.734077448747148,4.56,-1.0975854214123082,,,,,,,9.68,1.75,True,False,True,True,CBN
2026-08-24,6647,森尾電機,3715.0,5,2026-08-25,-0.9421265141319024,-4.979811574697168,-1.076716016150736,2026-08-26,-3.7685060565275874,-8.479138627187076,-8.479138627187076,2026-08-27,-7.671601615074019,-9.42126514131898,-9.42126514131898,2026-08-28,-9.017496635262445,-11.170928667563928,-9.017496635262445,2026-08-31,-7.133243606998652,-8.479138627187076,-7.267833109017497,2026-09-01,-7.267833109017497,-7.267833109017497,-7.267833109017497,2026-09-02,-6.460296096904439,-9.825033647375502,-9.825033647375502,,,,,,,,,,,,,-0.9421265141319024,1.0,-4.979811574697168,1.0,-0.9421265141319024,1.0,-9.42126514131898,3.0,-0.9421265141319024,1.0,-11.170928667563928,4.0,-0.9421265141319024,1.0,-11.170928667563928,4.0,,,,,-0.94,-0.1367160161507361,-4.85,-3.6291386271870767,-8.21,-1.2112651413189788,-10.63,1.612503364737556,-8.48,1.2121668909825036,-7.27,0.0021668909825027,-9.83,0.004966352624498,,,,,,,14.37,3.99,True,True,True,True,CVBN
2026-08-24,9408,ＢＳＮメディアホールディングス,2801.0,5,2026-08-25,-5.426633345233844,-7.211710103534452,-5.462334880399855,2026-08-26,-5.462334880399855,-9.032488397001073,-5.819350232059984,2026-08-27,-4.6769011067475885,-5.819350232059984,-4.6769011067475885,2026-08-28,-4.6769011067475885,-4.6769011067475885,-4.6769011067475885,2026-08-31,-6.461977865048196,-6.461977865048196,-6.461977865048196,2026-09-01,-6.390574794716175,-6.461977865048196,-6.390574794716175,,,,,,,,,,,,,,,,,-5.426633345233844,1.0,-7.211710103534452,1.0,-4.6769011067475885,3.0,-9.032488397001073,2.0,-4.6769011067475885,3.0,-9.032488397001073,2.0,,,,,,,,,-7.21,1.7476651196001454,-5.46,-0.3593502320599837,-4.68,0.0030988932524111,-4.68,0.0030988932524111,-6.46,-0.0019778650481958,-6.39,-0.0005747947161749,,,,,,,,,5.8,3.71,True,True,True,True,CVBN
2026-08-24,9692,シーイーシー,2547.0,5,2026-08-25,-1.6882606988614102,-3.4943070278759314,-2.9053788771103206,2026-08-26,-1.0993325480957994,-2.394974479780132,-1.9630938358853545,2026-08-27,-1.2171181782489215,-2.9053788771103206,-2.316450726344721,2026-08-28,0.3140950137416665,-2.394974479780132,0.3140950137416665,2026-08-31,1.0600706713780994,-1.0600706713780883,0.8244994110718551,2026-09-01,1.2563800549666215,-0.824499411071844,-0.2355712603062443,2026-09-02,-1.9630938358853545,-4.907734589713386,-4.907734589713386,,,,,,,,,,,,,-1.6882606988614102,1.0,-3.4943070278759314,1.0,-1.0993325480957994,2.0,-3.4943070278759314,1.0,1.0600706713780994,5.0,-3.4943070278759314,1.0,1.2563800549666215,6.0,-4.907734589713386,7.0,,,,,-1.92,-0.9853788771103208,-1.88,-0.0830938358853545,-2.59,0.2735492736552789,-0.04,0.3540950137416664,-0.47,1.294499411071855,0.63,-0.8655712603062443,-4.71,-0.1977345897133862,,,,,,,3.97,2.34,False,False,True,True,BN
2026-08-24,4180,Ａｐｐｉｅｒ　Ｇｒｏｕｐ,1376.0,4,2026-08-25,-2.398255813953487,-7.122093023255816,-6.83139534883721,2026-08-26,-5.305232558139538,-7.921511627906974,-7.412790697674421,2026-08-27,-2.9796511627906974,-8.21220930232558,-5.595930232558144,2026-08-28,-0.9447674418604612,-4.578488372093026,-3.997093023255816,2026-08-31,6.468023255813948,2.2529069767441845,4.433139534883712,2026-09-01,6.322674418604657,2.9796511627907085,3.125,2026-09-02,2.3255813953488413,-3.415697674418605,-3.415697674418605,,,,,,,,,,,,,-2.398255813953487,1.0,-7.122093023255816,1.0,-2.398255813953487,1.0,-8.21220930232558,3.0,6.468023255813948,5.0,-8.21220930232558,3.0,6.468023255813948,5.0,-8.21220930232558,3.0,,,,,-2.47,-4.36139534883721,-7.12,-0.2927906976744205,-6.25,0.6540697674418556,-2.25,-1.7470930232558155,4.58,-0.1468604651162879,3.49,-0.3650000000000002,-2.91,-0.505697674418605,,,,,,,3.07,0.73,False,False,False,True,N
2026-08-24,4624,イサム塗料,4000.0,4,2026-08-25,2.0000000000000018,0.0,1.0000000000000009,2026-08-26,2.2499999999999964,1.0000000000000009,2.124999999999999,2026-08-27,3.875000000000006,2.124999999999999,2.6250000000000107,2026-08-28,2.6250000000000107,2.0000000000000018,2.6250000000000107,2026-08-31,2.6250000000000107,2.6250000000000107,2.6250000000000107,2026-09-01,3.2499999999999973,3.2499999999999973,3.2499999999999973,2026-09-02,3.0000000000000027,2.8750000000000053,3.0000000000000027,,,,,,,,,,,,,2.0000000000000018,1.0,0.0,1.0,3.875000000000006,3.0,0.0,1.0,3.875000000000006,3.0,0.0,1.0,3.875000000000006,3.0,0.0,1.0,,,,,2.0,-0.9999999999999992,1.0,1.1249999999999991,2.63,-0.0049999999999892,2.63,-0.0049999999999892,2.63,-0.0049999999999892,3.25,-2.664535259100376e-15,3.0,2.664535259100376e-15,,,,,,,3.3,3.81,False,True,True,True,VBN
2026-08-24,462A,ＦＵＮＤＩＮＮＯ,254.0,4,2026-08-25,42.1259842519685,22.44094488188977,33.464566929133866,2026-08-26,29.921259842519675,14.173228346456687,16.929133858267708,2026-08-27,48.4251968503937,13.38582677165354,48.4251968503937,2026-08-28,67.32283464566929,40.94488188976377,46.85039370078741,2026-08-31,42.1259842519685,31.1023622047244,31.1023622047244,2026-09-01,46.85039370078741,19.291338582677177,20.078740157480325,2026-09-02,17.716535433070856,8.267716535433077,9.842519685039374,,,,,,,,,,,,,42.1259842519685,1.0,22.44094488188977,1.0,48.4251968503937,3.0,13.38582677165354,3.0,67.32283464566929,4.0,13.38582677165354,3.0,67.32283464566929,4.0,8.267716535433077,7.0,,,,,30.31,3.154566929133868,23.62,-6.690866141732293,14.57,33.8551968503937,62.6,-15.749606299212594,42.13,-11.027637795275602,38.58,-18.501259842519676,9.45,0.3925196850393746,,,,,,,18.57,4.75,True,True,True,True,CVBN
2026-08-24,5138,Ｒｅｂａｓｅ,473.0,4,2026-08-25,-0.4228329809725206,-0.4228329809725206,-0.4228329809725206,2026-08-26,0.2114164904862603,-4.016913319238902,-2.114164904862581,2026-08-27,-2.114164904862581,-2.114164904862581,-2.114164904862581,2026-08-28,-1.6913319238900604,-1.6913319238900604,-1.6913319238900604,2026-08-31,0.4228329809725206,-0.6342494714587699,-0.6342494714587699,2026-09-01,0.2114164904862603,-2.3255813953488413,0.2114164904862603,2026-09-02,1.9027484143763207,-2.114164904862581,0.0,,,,,,,,,,,,,-0.4228329809725206,1.0,-0.4228329809725206,1.0,0.2114164904862603,2.0,-4.016913319238902,2.0,0.4228329809725206,5.0,-4.016913319238902,2.0,1.9027484143763207,7.0,-4.016913319238902,2.0,,,,,-0.42,-0.0028329809725206,0.21,-2.324164904862581,-2.11,-0.0041649048625811,-1.69,-0.0013319238900604,0.21,-0.8442494714587698,0.21,0.0014164904862603,-2.11,2.11,,,,,,,4.9,2.11,False,False,True,False,B
2026-08-24,5202,日本板硝子,492.0,4,2026-08-25,0.2032520325203179,0.0,0.0,2026-08-26,0.2032520325203179,0.0,0.0,2026-08-27,0.2032520325203179,0.0,0.0,2026-08-28,0.2032520325203179,0.0,0.0,2026-08-31,0.2032520325203179,0.0,0.0,2026-09-01,0.2032520325203179,-0.406504065040647,0.0,2026-09-02,0.0,-0.406504065040647,-0.203252032520329,,,,,,,,,,,,,0.2032520325203179,1.0,0.0,1.0,0.2032520325203179,1.0,0.0,1.0,0.2032520325203179,1.0,0.0,1.0,0.2032520325203179,1.0,-0.406504065040647,6.0,,,,,0.2,-0.2,0.0,0.0,0.2,-0.2,0.0,0.0,0.0,0.0,0.0,0.0,-0.41,0.2067479674796709,,,,,,,1.86,3.92,False,True,True,True,VBN
2026-08-24,6264,マルマエ,2245.0,4,2026-08-25,-4.365256124721606,-7.572383073496658,-6.280623608017821,2026-08-26,-5.434298440979957,-8.685968819599111,-5.790645879732736,2026-08-27,-1.603563474387526,-6.636971046770601,-5.790645879732736,2026-08-28,-4.899777282850781,-8.596881959910919,-8.596881959910919,2026-08-31,-10.200445434298445,-12.694877505567923,-10.913140311804003,2026-09-01,-11.625835189309576,-13.407572383073497,-13.006681514476616,2026-09-02,-15.545657015590198,-17.371937639198222,-16.70378619153675,,,,,,,,,,,,,-4.365256124721606,1.0,-7.572383073496658,1.0,-1.603563474387526,3.0,-8.685968819599111,2.0,-1.603563474387526,3.0,-12.694877505567923,5.0,-1.603563474387526,3.0,-17.371937639198222,7.0,,,,,-5.26,-1.0206236080178217,-7.44,1.6493541202672644,-2.98,-2.810645879732736,-6.01,-2.5868819599109187,-10.82,-0.093140311804003,-11.8,-1.206681514476614,-16.57,-0.1337861915367497,,,,,,,2.2,2.53,False,False,False,True,N
2026-08-24,7413,創健社,2707.0,4,2026-08-25,1.1821204285186626,-1.662356852604363,-1.662356852604363,2026-08-26,-1.9578869597340232,-3.398596231991136,-3.398596231991136,2026-08-27,-3.398596231991136,-3.398596231991136,-3.398596231991136,2026-08-28,-3.398596231991136,-3.398596231991136,-3.398596231991136,2026-08-31,-1.366826745474692,-3.1400073882526747,-1.366826745474692,2026-09-01,-1.366826745474692,-1.366826745474692,-1.366826745474692,2026-09-02,-0.2216475803472506,-1.366826745474692,-0.2216475803472506,,,,,,,,,,,,,1.1821204285186626,1.0,-1.662356852604363,1.0,1.1821204285186626,1.0,-3.398596231991136,2.0,1.1821204285186626,1.0,-3.398596231991136,2.0,1.1821204285186626,1.0,-3.398596231991136,2.0,,,,,-1.66,-0.0023568526043631,-3.4,0.0014037680088643,-3.4,0.0014037680088643,-3.4,0.0014037680088643,-1.44,0.0731732545253081,-1.37,0.0031732545253082,-0.22,-0.0016475803472506,,,,,,,2.27,4.06,False,True,False,True,VN
2026-08-24,2354,ＹＥ　ＤＩＧＩＴＡＬ,1395.0,3,2026-08-25,0.7168458781362075,-5.017921146953408,-0.9318996415770608,2026-08-26,7.95698924731183,-0.1433691756272392,2.3655913978494647,2026-08-27,10.179211469534044,2.939068100358422,5.304659498207887,2026-08-28,9.03225806451613,3.942652329749108,7.455197132616487,2026-08-31,26.021505376344088,5.734767025089616,9.605734767025089,2026-09-01,8.673835125448036,-1.003584229390686,0.8602150537634357,2026-09-02,0.8602150537634357,-5.017921146953408,-4.229390681003586,,,,,,,,,,,,,0.7168458781362075,1.0,-5.017921146953408,1.0,10.179211469534044,3.0,-5.017921146953408,1.0,26.021505376344088,5.0,-5.017921146953408,1.0,26.021505376344088,5.0,-5.017921146953408,1.0,,,,,-3.66,2.7281003584229397,4.52,-2.154408602150535,4.37,0.9346594982078864,4.09,3.365197132616487,23.37,-13.764265232974914,5.09,-4.229784946236564,-4.3,0.0706093189964134,,,,,,,4.08,1.02,False,False,False,False,NONE
2026-08-24,2737,トーメンデバイス,30100.0,3,2026-08-25,7.641196013289031,-1.760797342192688,6.146179401993357,2026-08-26,12.790697674418606,2.8239202657807327,10.299003322259123,2026-08-27,13.289036544850497,5.6478405315614655,6.810631229235886,2026-08-28,9.63455149501662,5.149501661129574,6.146179401993357,2026-08-31,14.617940199335557,4.817275747508298,14.617940199335557,2026-09-01,18.60465116279071,12.956810631229242,16.279069767441868,2026-09-02,16.9435215946844,11.461794019933546,11.960132890365438,,,,,,,,,,,,,7.641196013289031,1.0,-1.760797342192688,1.0,13.289036544850497,3.0,-1.760797342192688,1.0,14.617940199335557,5.0,-1.760797342192688,1.0,18.60465116279071,6.0,-1.760797342192688,1.0,,,,,-1.33,7.476179401993357,3.99,6.309003322259125,10.96,-4.149368770764115,6.31,-0.1638205980066427,7.81,6.807940199335556,16.61,-0.3309302325581313,12.62,-0.6598671096345612,,,,,,,6.35,1.12,True,False,False,False,C
2026-08-24,3189,ＡＮＡＰホールディングス,163.0,3,2026-08-25,3.067484662576692,-9.202453987730063,-7.975460122699385,2026-08-26,-14.723926380368102,-26.38036809815951,-25.153374233128837,2026-08-27,-23.926380368098155,-33.12883435582822,-30.061349693251536,2026-08-28,-21.47239263803681,-29.447852760736197,-23.926380368098155,2026-08-31,-27.60736196319018,-30.67484662576687,-30.061349693251536,2026-09-01,-26.38036809815951,-31.288343558282207,-27.60736196319018,2026-09-02,-24.5398773006135,-30.67484662576687,-25.76687116564417,,,,,,,,,,,,,3.067484662576692,1.0,-9.202453987730063,1.0,3.067484662576692,1.0,-33.12883435582822,3.0,3.067484662576692,1.0,-33.12883435582822,3.0,3.067484662576692,1.0,-33.12883435582822,3.0,,,,,-1.84,-6.135460122699385,-17.18,-7.973374233128833,-26.38,-3.681349693251537,-26.99,3.063619631901844,-29.45,-0.6113496932515368,-28.83,1.222638036809819,-25.77,0.0031288343558308,,,,,,,-2.45,2.75,False,False,False,True,N
2026-08-24,5713,住友金属鉱山,11460.0,5,2026-08-25,0.8726003490401313,-3.27225130890052,-1.832460732984298,2026-08-26,3.4031413612565453,-2.2251308900523514,1.0034904013961563,2026-08-27,-0.3490401396160525,-5.322862129144856,-0.5235602094240788,2026-08-28,2.1815008726003398,-1.4834205933682345,0.5671902268760798,2026-08-31,-0.6980802792321161,-3.970331588132636,-3.0104712041884807,2026-09-01,-0.3926701570680646,-4.799301919720767,-1.0034904013961563,2026-09-02,-2.7486910994764413,-12.652705061082026,-12.434554973821989,,,,,,,,,,,,,0.8726003490401313,1.0,-3.27225130890052,1.0,3.4031413612565453,2.0,-5.322862129144856,3.0,3.4031413612565453,2.0,-5.322862129144856,3.0,3.4031413612565453,2.0,-12.652705061082026,7.0,,,,,-0.96,-0.8724607329842979,2.97,-1.966509598603844,-3.8,3.276439790575921,0.52,0.0471902268760797,-1.7,-1.3104712041884807,-2.4,1.3965095986038434,-12.48,0.0454450261780134,,,,,,,6.64,1.41,True,False,True,True,CBN
2026-08-24,8237,松屋,2588.0,5,2026-08-25,11.089644513137564,1.8160741885626,10.664605873261213,2026-08-26,12.480680061823811,6.298299845440503,12.05564142194746,2026-08-27,17.272024729520872,13.176197836166924,17.272024729520872,2026-08-28,18.431221020092732,5.641421947449765,6.723338485316854,2026-08-31,3.01391035548686,-12.596599690880996,-12.596599690880996,2026-09-01,-9.93044822256569,-14.567233384853171,-12.055641421947447,2026-09-02,-14.45131375579598,-21.908809891808342,-20.47913446676971,,,,,,,,,,,,,11.089644513137564,1.0,1.8160741885626,1.0,17.272024729520872,3.0,1.8160741885626,1.0,18.431221020092732,4.0,-12.596599690880996,5.0,18.431221020092732,4.0,-21.908809891808342,7.0,,,,,3.75,6.914605873261213,7.92,4.13564142194746,13.72,3.552024729520872,14.45,-7.726661514683145,-2.67,-9.926599690880996,-11.59,-0.4656414219474492,-20.29,-0.1891344667697119,,,,,,,10.29,1.43,True,False,True,True,CBN
2026-08-24,334A,ビジュアル・プロセッシング・ジャパン,972.0,4,2026-08-25,9.670781893004122,0.0,9.670781893004122,2026-08-26,12.55144032921811,5.3497942386831365,9.979423868312765,2026-08-27,9.567901234567898,1.1316872427983515,7.510288065843618,2026-08-28,8.024691358024683,5.452674897119336,7.510288065843618,2026-08-31,15.946502057613166,10.082304526748963,15.637860082304522,2026-09-01,15.637860082304522,7.510288065843618,7.716049382716039,2026-09-02,6.481481481481488,2.983539094650212,6.481481481481488,,,,,,,,,,,,,9.670781893004122,1.0,0.0,1.0,12.55144032921811,2.0,0.0,1.0,15.946502057613166,5.0,0.0,1.0,15.946502057613166,5.0,0.0,1.0,,,,,0.62,9.050781893004125,6.79,3.1894238683127645,7.51,0.0002880658436179,7.92,-0.4097119341563822,12.65,2.987860082304522,13.79,-6.07395061728396,6.48,0.0014814814814876,,,,,,,5.18,3.89,True,True,True,True,CVBN
2026-08-24,5753,日本伸銅,2694.0,4,2026-08-25,0.0371195248700884,-3.4521158129176,-3.229398663697103,2026-08-26,-1.5590200445434244,-3.489235337787677,-3.489235337787677,2026-08-27,-1.7817371937639217,-6.458797327394206,-1.7817371937639217,2026-08-28,-2.7468448403860424,-3.674832962138086,-3.674832962138086,2026-08-31,-4.157386785449146,-5.716406829992571,-4.157386785449146,2026-09-01,-4.157386785449146,-6.829992576095023,-5.23385300668151,2026-09-02,-5.23385300668151,-6.792873051224946,-6.792873051224946,,,,,,,,,,,,,0.0371195248700884,1.0,-3.4521158129176,1.0,0.0371195248700884,1.0,-6.458797327394206,3.0,0.0371195248700884,1.0,-6.458797327394206,3.0,0.0371195248700884,1.0,-6.829992576095023,6.0,,,,,0.04,-3.269398663697103,-1.56,-1.9292353377876768,-6.46,4.678262806236079,-3.49,-0.1848329621380857,-5.27,1.1126132145508532,-4.16,-1.0738530066815102,-6.27,-0.5228730512249466,,,,,,,3.98,1.86,False,False,True,True,BN
2026-08-24,7878,光・彩,1536.0,4,2026-08-25,3.841145833333326,-4.296875,-0.5859375,2026-08-26,1.953125,-3.125,-2.408854166666663,2026-08-27,-2.408854166666663,-8.463541666666663,-4.557291666666663,2026-08-28,-4.361979166666663,-6.4453125,-5.924479166666663,2026-08-31,-4.166666666666663,-6.0546875,-5.6640625,2026-09-01,-3.125,-5.859375,-4.947916666666663,2026-09-02,1.5625,-6.705729166666663,-4.947916666666663,,,,,,,,,,,,,3.841145833333326,1.0,-4.296875,1.0,3.841145833333326,1.0,-8.463541666666663,3.0,3.841145833333326,1.0,-8.463541666666663,3.0,3.841145833333326,1.0,-8.463541666666663,3.0,,,,,-2.21,1.6240625,0.0,-2.408854166666663,-2.41,-2.1472916666666624,-5.92,-0.0044791666666625,-4.17,-1.4940625,-4.95,0.0020833333333376,-6.71,1.7620833333333374,,,,,,,7.54,3.18,True,True,True,False,CVB
2026-08-24,3077,ホリイフードサービス,1079.0,5,2026-08-25,-1.29749768303985,-5.560704355885083,-3.2437442075996303,2026-08-26,5.931417979610743,-3.058387395736794,3.7998146431881263,2026-08-27,5.1899907321594,0.9267840593141896,1.946246524559769,2026-08-28,14.55050973123262,4.726598702502316,12.696941612604263,2026-08-31,15.013901760889702,4.263206672845232,13.901760889712689,2026-09-01,21.779425393883223,12.60426320667285,17.979610750695095,2026-09-02,19.09175162187211,14.365152919369796,16.12604263206674,,,,,,,,,,,,,-1.29749768303985,1.0,-5.560704355885083,1.0,5.931417979610743,2.0,-5.560704355885083,1.0,15.013901760889702,5.0,-5.560704355885083,1.0,21.779425393883223,6.0,-5.560704355885083,1.0,,,,,-1.48,-1.7637442075996304,1.48,2.3198146431881264,2.87,-0.9237534754402308,11.49,1.206941612604263,8.43,5.471760889712689,17.7,0.2796107506950953,15.57,0.5560426320667382,,,,,,,4.11,0.91,False,False,False,True,N
2026-08-24,4243,ニックス,1103.0,5,2026-08-25,-2.810516772438798,-5.349048050770621,-4.986400725294649,2026-08-26,-4.079782411604715,-4.079782411604715,-4.079782411604715,2026-08-27,-4.805077062556662,-6.708975521305527,-6.708975521305527,2026-08-28,-3.0825022665457835,-6.708975521305527,-3.0825022665457835,2026-08-31,-3.0825022665457835,-5.711695376246595,-4.714415231187674,2026-09-01,-1.450589301903904,-8.884859474161377,-3.80779691749773,2026-09-02,-2.901178603807797,-5.439709882139621,-3.898458748866729,,,,,,,,,,,,,-2.810516772438798,1.0,-5.349048050770621,1.0,-2.810516772438798,1.0,-6.708975521305527,3.0,-2.810516772438798,1.0,-6.708975521305527,3.0,-1.450589301903904,6.0,-8.884859474161377,6.0,,,,,-2.81,-2.176400725294649,-4.08,0.0002175883952846,-5.89,-0.8189755213055276,-3.99,0.9074977334542168,-3.81,-0.904415231187674,-4.99,1.1822030825022702,-2.99,-0.9084587488667286,,,,,,,4.08,2.75,False,False,True,True,BN
2026-08-24,5724,アサカ理研,3110.0,5,2026-08-25,9.646302250803853,0.9646302250803762,9.646302250803853,2026-08-26,26.36655948553055,7.717041800643076,11.575562700964625,2026-08-27,13.5048231511254,0.8038585209003246,12.700964630225076,2026-08-28,14.4694533762058,5.787781350482324,6.913183279742774,2026-08-31,9.4855305466238,3.536977491961424,4.019292604501601,2026-09-01,5.948553054662376,2.2508038585209,5.305466237942125,2026-09-02,2.893890675241151,-3.5369774919614128,-2.733118971061088,,,,,,,,,,,,,9.646302250803853,1.0,0.9646302250803762,1.0,26.36655948553055,2.0,0.8038585209003246,3.0,26.36655948553055,2.0,0.8038585209003246,3.0,26.36655948553055,2.0,-3.5369774919614128,7.0,,,,,5.79,3.856302250803851,18.97,-7.394437299035374,4.66,8.040964630225076,9.32,-2.4068167202572264,8.68,-4.660707395498399,4.82,0.4854662379421244,-2.41,-0.323118971061088,,,,,,,7.97,2.4,True,False,False,True,CN
2026-08-24,6305,日立建機,5972.0,5,2026-08-25,0.6363027461486981,-1.306095110515737,-0.6028131279303461,2026-08-26,0.2176825184192932,-2.679169457468189,-2.1600803750837283,2026-08-27,-0.3851306095110529,-2.762893503014064,-2.561955793703952,2026-08-28,-2.4782317481580662,-4.202947086403219,-2.4782317481580662,2026-08-31,-2.813127930341597,-5.07367716008037,-3.968519758874745,2026-09-01,-0.4186202277294049,-4.655056932350976,-0.6363027461486981,2026-09-02,-1.6075016744809156,-4.102478231748163,-2.645679839249837,,,,,,,,,,,,,0.6363027461486981,1.0,-1.306095110515737,1.0,0.6363027461486981,1.0,-2.762893503014064,3.0,0.6363027461486981,1.0,-5.07367716008037,5.0,0.6363027461486981,1.0,-5.07367716008037,5.0,,,,,0.52,-1.1228131279303462,-0.97,-1.1900803750837283,-0.95,-1.6119557937039517,-3.16,0.6817682518419339,-4.19,0.2214802411252558,-3.05,2.4136972538513017,-2.11,-0.5356798392498372,,,,,,,6.4,1.32,True,False,True,True,CBN
2026-08-24,2814,佐藤食品工業,3670.0,4,2026-08-25,4.223433242506802,0.8174386920980936,0.8174386920980936,2026-08-26,0.8174386920980936,-4.495912806539515,-1.7711171662125325,2026-08-27,-2.7247956403269717,-5.994550408719346,-4.63215258855586,2026-08-28,-5.177111716621252,-5.177111716621252,-5.177111716621252,2026-08-31,8.99182561307903,3.133514986376018,3.950953678474112,2026-09-01,6.267029972752036,4.904632152588562,5.177111716621252,2026-09-02,7.220708446866486,5.177111716621252,5.858310626702989,,,,,,,,,,,,,4.223433242506802,1.0,0.8174386920980936,1.0,4.223433242506802,1.0,-5.994550408719346,3.0,8.99182561307903,5.0,-5.994550408719346,3.0,8.99182561307903,5.0,-5.994550408719346,3.0,,,,,2.18,-1.3625613079019063,-0.54,-1.2311171662125324,-1.77,-2.86215258855586,-5.18,0.0028882833787475,6.13,-2.179046321525888,4.9,0.2771117166212518,5.86,-0.0016893732970109,,,,,,,7.09,2.28,True,False,True,True,CBN
2026-08-24,6574,コンヴァノ,121.0,4,2026-08-25,1.6528925619834656,-3.3057851239669422,-1.6528925619834656,2026-08-26,-0.8264462809917328,-7.438016528925617,-7.438016528925617,2026-08-27,-4.958677685950407,-9.917355371900827,-8.264462809917351,2026-08-28,-3.3057851239669422,-8.264462809917351,-5.785123966942152,2026-08-31,0.8264462809917328,-4.958677685950407,0.0,2026-09-01,1.6528925619834656,-1.6528925619834656,-0.8264462809917328,2026-09-02,0.8264462809917328,-2.479338842975209,0.8264462809917328,,,,,,,,,,,,,1.6528925619834656,1.0,-3.3057851239669422,1.0,1.6528925619834656,1.0,-9.917355371900827,3.0,1.6528925619834656,1.0,-9.917355371900827,3.0,1.6528925619834656,1.0,-9.917355371900827,3.0,,,,,-2.48,0.8271074380165344,-1.65,-5.788016528925617,-7.44,-0.8244628099173505,-4.96,-0.8251239669421517,-4.13,4.13,-0.83,0.0035537190082671,0.83,-0.0035537190082671,,,,,,,10.53,3.23,True,True,True,True,CVBN
2026-08-24,581A,ＧＯ,3830.0,5,2026-08-25,3.394255874673635,-1.566579634464749,1.1749347258485532,2026-08-26,2.480417754569197,-1.0443864229765063,0.1305483028720688,2026-08-27,10.44386422976502,1.0443864229765063,8.355091383812008,2026-08-28,17.23237597911227,6.005221932114879,16.057441253263715,2026-08-31,19.5822454308094,12.53263707571801,13.185378590078331,2026-09-01,16.57963446475197,9.660574412532627,14.22976501305484,2026-09-02,10.574412532637067,2.480417754569197,2.741514360313313,,,,,,,,,,,,,3.394255874673635,1.0,-1.566579634464749,1.0,10.44386422976502,3.0,-1.566579634464749,1.0,19.5822454308094,5.0,-1.566579634464749,1.0,19.5822454308094,5.0,-1.566579634464749,1.0,,,,,2.35,-1.175065274151447,-0.39,0.5205483028720689,3.79,4.565091383812008,7.83,8.227441253263715,14.36,-1.1746214099216663,11.62,2.609765013054842,2.74,0.0015143603133127,,,,,,,6.32,1.8,True,False,True,True,CBN
2026-08-24,3647,アスリナ,124.0,4,2026-08-25,3.2258064516129004,-4.0322580645161255,-2.4193548387096757,2026-08-26,11.290322580645151,-2.4193548387096757,0.8064516129032251,2026-08-27,19.354838709677423,1.6129032258064502,8.870967741935477,2026-08-28,17.741935483870975,5.645161290322576,7.258064516129026,2026-08-31,8.064516129032251,-2.4193548387096757,0.0,2026-09-01,1.6129032258064502,-2.4193548387096757,-0.8064516129032251,2026-09-02,-0.8064516129032251,-3.2258064516129004,-3.2258064516129004,,,,,,,,,,,,,3.2258064516129004,1.0,-4.0322580645161255,1.0,19.354838709677423,3.0,-4.0322580645161255,1.0,19.354838709677423,3.0,-4.0322580645161255,1.0,19.354838709677423,3.0,-4.0322580645161255,1.0,,,,,-0.81,-1.6093548387096752,-1.61,2.4164516129032254,2.42,6.450967741935477,8.87,-1.6119354838709734,0.81,-0.81,0.0,-0.8064516129032251,-3.23,0.0041935483870996,,,,,,,6.03,2.88,True,False,True,False,CB
2026-08-24,4591,リボミック,88.0,4,2026-08-25,-4.545454545454541,-7.954545454545459,-5.681818181818176,2026-08-26,-3.409090909090906,-5.681818181818176,-4.545454545454541,2026-08-27,0.0,-5.681818181818176,0.0,2026-08-28,5.681818181818188,-1.1363636363636354,5.681818181818188,2026-08-31,7.954545454545459,3.409090909090917,7.954545454545459,2026-09-01,7.954545454545459,2.2727272727272707,4.545454545454541,2026-09-02,3.409090909090917,-2.2727272727272707,0.0,,,,,,,,,,,,,-4.545454545454541,1.0,-7.954545454545459,1.0,0.0,3.0,-7.954545454545459,1.0,7.954545454545459,5.0,-7.954545454545459,1.0,7.954545454545459,5.0,-7.954545454545459,1.0,,,,,-5.68,-0.0018181818181766,-4.55,0.0045454545454584,-4.55,4.55,3.41,2.271818181818188,5.68,2.274545454545459,6.82,-2.274545454545459,1.14,-1.14,,,,,,,3.7,2.44,False,False,True,False,B
2026-08-24,5715,古河機械金属,4410.0,4,2026-08-25,0.9070294784580436,-2.26757369614512,-0.3401360544217691,2026-08-26,3.0612244897959107,-0.1133786848072526,0.7936507936507908,2026-08-27,2.0408163265306145,-1.9274376417233507,1.133786848072571,2026-08-28,4.6485260770975145,0.6802721088435382,1.133786848072571,2026-08-31,1.473922902494329,-2.4943310657596363,1.2471655328798237,2026-09-01,3.174603174603185,-0.2267573696145164,2.6077097505669,2026-09-02,0.0,-4.761904761904767,-3.968253968253965,,,,,,,,,,,,,0.9070294784580436,1.0,-2.26757369614512,1.0,3.0612244897959107,2.0,-2.26757369614512,1.0,4.6485260770975145,4.0,-2.4943310657596363,5.0,4.6485260770975145,4.0,-4.761904761904767,7.0,,,,,-1.02,0.6798639455782309,1.81,-1.0163492063492092,-1.02,2.153786848072571,3.29,-2.156213151927429,-0.79,2.037165532879824,1.93,0.6777097505669001,-3.97,0.0017460317460349,,,,,,,5.05,1.33,True,False,False,True,CN
2026-08-24,6570,共和コーポレーション,4155.0,4,2026-08-25,7.460890493381478,-2.166064981949456,1.805054151624552,2026-08-26,2.8880866425992746,-10.34897713598074,-9.26594464500602,2026-08-27,-4.813477737665462,-13.116726835138392,-10.589651022864022,2026-08-28,-5.896510228640195,-13.237063778580026,-11.552346570397107,2026-08-31,-7.340553549939832,-11.913357400722024,-8.5439229843562,2026-09-01,3.249097472924189,-10.228640192539109,3.0084235860409203,2026-09-02,1.3237063778579916,-6.137184115523464,-3.128760529482555,,,,,,,,,,,,,7.460890493381478,1.0,-2.166064981949456,1.0,7.460890493381478,1.0,-13.116726835138392,3.0,7.460890493381478,1.0,-13.237063778580026,4.0,7.460890493381478,1.0,-13.237063778580026,4.0,,,,,3.97,-2.164945848375448,0.36,-9.62594464500602,-8.9,-1.6896510228640214,-6.5,-5.052346570397109,-9.27,0.7260770156437992,-3.85,6.858423586040921,-2.65,-0.478760529482555,,,,,,,8.76,1.16,True,False,True,True,CBN
2026-08-24,4380,Ｍマート,704.0,5,2026-08-25,2.2727272727272707,-1.846590909090906,-0.5681818181818232,2026-08-26,-0.5681818181818232,-3.2670454545454586,-1.9886363636363649,2026-08-27,-2.5568181818181768,-4.6875,-4.6875,2026-08-28,-2.1306818181818232,-5.255681818181824,-2.4147727272727293,2026-08-31,-1.7045454545454586,-3.835227272727271,-3.125,2026-09-01,-1.9886363636363649,-2.840909090909094,-2.840909090909094,2026-09-02,-2.4147727272727293,-3.409090909090906,-3.125,,,,,,,,,,,,,2.2727272727272707,1.0,-1.846590909090906,1.0,2.2727272727272707,1.0,-4.6875,3.0,2.2727272727272707,1.0,-5.255681818181824,4.0,2.2727272727272707,1.0,-5.255681818181824,4.0,,,,,-0.14,-0.4281818181818232,-0.57,-1.4186363636363648,-2.98,-1.7075,-5.26,2.8452272727272705,-1.85,-1.275,-2.84,-0.000909090909094,-2.56,-0.565,,,,,,,8.27,2.9,True,False,True,True,CBN
2026-08-24,4476,ＡＩ　ＣＲＯＳＳ,1155.0,5,2026-08-25,0.5194805194805197,-1.2987012987012991,-1.2987012987012991,2026-08-26,-0.3463203463203501,-2.4242424242424288,-0.3463203463203501,2026-08-27,1.298701298701288,-0.4329004329004293,0.6926406926407003,2026-08-28,4.069264069264067,0.952380952380949,2.683982683982689,2026-08-31,4.242424242424248,1.3852813852813783,4.242424242424248,2026-09-01,3.6363636363636376,-1.1255411255411296,-0.2597402597402598,2026-09-02,-2.164502164502169,-4.155844155844157,-3.030303030303028,,,,,,,,,,,,,0.5194805194805197,1.0,-1.2987012987012991,1.0,1.298701298701288,3.0,-2.4242424242424288,2.0,4.242424242424248,5.0,-2.4242424242424288,2.0,4.242424242424248,5.0,-4.155844155844157,7.0,,,,,-0.95,-0.3487012987012992,-1.3,0.95367965367965,0.95,-0.2573593073592997,1.73,0.9539826839826886,2.42,1.822424242424248,2.25,-2.50974025974026,-2.86,-0.1703030303030277,,,,,,,4.92,1.52,False,False,False,True,N
2026-08-24,4588,オンコリスバイオファーマ,3845.0,5,2026-08-25,4.941482444733425,-2.340702210663204,4.681404421326407,2026-08-26,11.313394018205456,2.990897269180759,4.551365409622887,2026-08-27,7.282184655396628,1.820546163849146,6.892067620286091,2026-08-28,25.09752925877764,5.851755526657998,25.09752925877764,2026-08-31,26.788036410923265,17.81534460338101,20.93628088426529,2026-09-01,16.25487646293888,2.730819245773741,8.062418725617682,2026-09-02,10.013003901170348,3.5110533159947943,6.371911573472033,,,,,,,,,,,,,4.941482444733425,1.0,-2.340702210663204,1.0,11.313394018205456,2.0,-2.340702210663204,1.0,26.788036410923265,5.0,-2.340702210663204,1.0,26.788036410923265,5.0,-2.340702210663204,1.0,,,,,-1.43,6.111404421326407,7.54,-2.9886345903771128,2.99,3.90206762028609,14.82,10.27752925877764,24.06,-3.1237191157347084,10.4,-2.337581274382318,5.46,0.9119115734720332,,,,,,,13.46,1.43,True,False,True,True,CBN
2026-08-24,5915,駒井ハルテック,2477.0,5,2026-08-25,0.322971336293909,-0.8881711748082388,-0.8074283407347616,2026-08-26,-0.322971336293909,-2.7452563584981826,-0.322971336293909,2026-08-27,0.5248284214775856,-1.2111425111021368,0.5248284214775856,2026-08-28,0.4844570044408636,-0.6863140896245512,-0.2018570851836876,2026-08-31,0.8477997577714946,-1.291885345175614,0.322971336293909,2026-09-01,0.2422285022204207,-0.7266855066612843,0.2018570851836987,2026-09-02,0.0,-2.0589422688736425,-0.1211142511102103,,,,,,,,,,,,,0.322971336293909,1.0,-0.8881711748082388,1.0,0.5248284214775856,3.0,-2.7452563584981826,2.0,0.8477997577714946,5.0,-2.7452563584981826,2.0,0.8477997577714946,5.0,-2.7452563584981826,2.0,,,,,-0.81,0.0025716592652385,-0.93,0.607028663706091,0.52,0.0048284214775855,-0.2,-0.0018570851836876,-1.29,1.612971336293909,0.2,0.0018570851836987,-1.01,0.8888857488897897,,,,,,,4.68,3.13,False,True,True,True,VBN
2026-08-24,9237,笑美面,954.0,5,2026-08-25,2.2012578616352307,-1.991614255765195,0.8385744234800763,2026-08-26,0.8385744234800763,-0.7337526205450695,0.0,2026-08-27,0.6289308176100628,-1.3626834381551325,0.6289308176100628,2026-08-28,1.572327044025168,0.1048218029350067,1.467505241090139,2026-08-31,2.0964360587002018,0.8385744234800763,1.991614255765195,2026-09-01,4.716981132075482,1.1530398322851187,4.2976939203354325,2026-09-02,4.192872117400426,-1.6771488469601636,0.524109014675056,,,,,,,,,,,,,2.2012578616352307,1.0,-1.991614255765195,1.0,2.2012578616352307,1.0,-1.991614255765195,1.0,2.2012578616352307,1.0,-1.991614255765195,1.0,4.716981132075482,6.0,-1.991614255765195,1.0,,,,,0.73,0.1085744234800762,0.31,-0.31,-0.1,0.7289308176100627,0.1,1.367505241090139,0.94,1.051614255765195,1.36,2.937693920335432,0.94,-0.4158909853249439,,,,,,,7.34,1.59,True,False,True,True,CBN
2026-08-24,4378,ＣＩＮＣ,525.0,4,2026-08-25,0.952380952380949,-3.4285714285714253,-1.1428571428571457,2026-08-26,-0.3809523809523818,-4.190476190476189,-1.3333333333333308,2026-08-27,2.4761904761904763,-1.7142857142857126,1.1428571428571344,2026-08-28,1.904761904761898,-0.7619047619047636,1.7142857142857126,2026-08-31,4.190476190476189,0.5714285714285783,4.190476190476189,2026-09-01,5.333333333333323,2.6666666666666616,5.142857142857138,2026-09-02,6.47619047619048,1.333333333333342,1.333333333333342,,,,,,,,,,,,,0.952380952380949,1.0,-3.4285714285714253,1.0,2.4761904761904763,3.0,-4.190476190476189,2.0,4.190476190476189,5.0,-4.190476190476189,2.0,6.47619047619048,7.0,-4.190476190476189,2.0,,,,,-1.14,-0.0028571428571455,-4.19,2.8566666666666696,-0.95,2.0928571428571345,0.57,1.1442857142857128,2.86,1.330476190476189,4.19,0.9528571428571376,1.52,-0.1866666666666581,,,,,,,4.6,2.14,False,False,True,False,B
2026-08-24,4199,ワンダープラネット,958.0,6,2026-08-25,3.653444676409179,-9.812108559498956,-9.812108559498956,2026-08-26,-8.663883089770351,-12.004175365344471,-10.334029227557409,2026-08-27,-7.411273486430058,-11.89979123173278,-10.855949895615868,2026-08-28,-8.768267223382043,-14.405010438413356,-11.69102296450939,2026-08-31,-10.96033402922756,-14.82254697286013,-12.526096033402922,2026-09-01,-12.317327766179542,-14.82254697286013,-14.613778705636747,2026-09-02,-12.526096033402922,-14.92693110647182,-14.300626304801668,,,,,,,,,,,,,3.653444676409179,1.0,-9.812108559498956,1.0,3.653444676409179,1.0,-12.004175365344471,2.0,3.653444676409179,1.0,-14.82254697286013,5.0,3.653444676409179,1.0,-14.92693110647182,7.0,,,,,-1.15,-8.662108559498956,-10.23,-0.1040292275574064,-11.38,0.5240501043841324,-9.19,-2.5010229645093904,-14.82,2.293903966597078,-13.26,-1.3537787056367492,-14.93,0.629373695198332,,,,,,,18.56,4.21,True,True,True,False,CVB
2026-08-24,1515,日鉄鉱業,3820.0,5,2026-08-25,0.9162303664921544,-3.6649214659685847,-2.8795811518324554,2026-08-26,6.675392670157065,-0.2617801047120394,3.141361256544495,2026-08-27,4.450261780104703,0.9162303664921544,2.8795811518324665,2026-08-28,5.366492146596857,1.7015706806282616,4.3193717277487,2026-08-31,0.9162303664921544,-2.617801047120416,0.0,2026-09-01,5.497382198952883,-2.0942408376963373,4.057591623036649,2026-09-02,-1.4397905759162333,-13.481675392670155,-12.041884816753925,,,,,,,,,,,,,0.9162303664921544,1.0,-3.6649214659685847,1.0,6.675392670157065,2.0,-3.6649214659685847,1.0,6.675392670157065,2.0,-3.6649214659685847,1.0,6.675392670157065,2.0,-13.481675392670155,7.0,,,,,-0.39,-2.4895811518324558,2.88,0.2613612565444949,3.01,-0.1304188481675332,3.8,0.5193717277487,-1.31,1.31,1.7,2.357591623036649,-11.91,-0.1318848167539226,,,,,,,5.38,1.35,True,False,True,True,CBN
2026-08-24,3113,ＵＮＩＶＡ・Ｏａｋホールディングス,82.0,5,2026-08-25,0.0,-3.658536585365857,-1.2195121951219523,2026-08-26,0.0,-2.4390243902439046,0.0,2026-08-27,2.4390243902439046,-1.2195121951219523,1.2195121951219523,2026-08-28,0.0,-2.4390243902439046,-2.4390243902439046,2026-08-31,1.2195121951219523,-1.2195121951219523,1.2195121951219523,2026-09-01,1.2195121951219523,-1.2195121951219523,-1.2195121951219523,2026-09-02,0.0,-2.4390243902439046,0.0,,,,,,,,,,,,,0.0,1.0,-3.658536585365857,1.0,2.4390243902439046,3.0,-3.658536585365857,1.0,2.4390243902439046,3.0,-3.658536585365857,1.0,2.4390243902439046,3.0,-3.658536585365857,1.0,,,,,-1.22,0.0004878048780476,-1.22,1.22,1.22,-0.0004878048780476,-1.22,-1.2190243902439046,1.22,-0.0004878048780476,0.0,-1.2195121951219523,0.0,0.0,,,,,,,5.13,2.05,True,False,True,True,CBN
2026-08-24,5971,共和工業所,8390.0,5,2026-08-25,0.0,-1.6686531585220488,-0.1191895113230034,2026-08-26,0.1191895113230145,-0.4767580452920139,0.1191895113230145,2026-08-27,2.6221692491060766,-0.4767580452920139,-0.2383790226460069,2026-08-28,2.6221692491060766,-0.2383790226460069,2.502979737783084,2026-08-31,3.694874851013119,3.694874851013119,3.694874851013119,2026-09-01,1.907032181168056,1.907032181168056,1.907032181168056,2026-09-02,1.907032181168056,1.907032181168056,1.907032181168056,,,,,,,,,,,,,0.0,1.0,-1.6686531585220488,1.0,2.6221692491060766,3.0,-1.6686531585220488,1.0,3.694874851013119,5.0,-1.6686531585220488,1.0,3.694874851013119,5.0,-1.6686531585220488,1.0,,,,,-1.67,1.5508104886769964,0.0,0.1191895113230145,-0.24,0.001620977353993,2.5,0.0029797377830842,3.69,0.0048748510131191,1.91,-0.0029678188319441,1.91,-0.0029678188319441,,,,,,,7.29,2.14,True,False,True,True,CBN
2026-08-24,5998,アドバネクス,2611.0,5,2026-08-25,6.549214860206809,-0.4212945231712006,6.549214860206809,2026-08-26,8.693986978169278,1.8766756032171596,3.370356185369583,2026-08-27,6.549214860206809,1.1106855610877098,5.859823822290311,2026-08-28,7.238605898123329,2.7575641516660365,5.170432784373813,2026-08-31,4.67253925698965,-0.1914975105323679,1.3787820758330185,2026-09-01,5.630026809651478,0.7276905400229738,3.025660666411345,2026-09-02,3.600153198008416,-0.4978935273841411,2.3745691306013006,,,,,,,,,,,,,6.549214860206809,1.0,-0.4212945231712006,1.0,8.693986978169278,2.0,-0.4212945231712006,1.0,8.693986978169278,2.0,-0.4212945231712006,1.0,8.693986978169278,2.0,-0.4978935273841411,7.0,,,,,-0.42,6.969214860206809,4.4,-1.0296438146304174,4.21,1.649823822290311,7.01,-1.8395672156261869,1.23,0.1487820758330182,5.63,-2.604339333588655,2.8,-0.4254308693986992,,,,,,,11.87,3.31,True,True,False,False,CV
2026-08-24,6580,ライトアップ,974.0,5,2026-08-25,-1.5400410677618104,-6.570841889117041,-5.852156057494861,2026-08-26,1.848049281314168,-5.954825462012325,0.4106776180698102,2026-08-27,4.62012320328542,-2.258726899383978,-2.258726899383978,2026-08-28,-1.9507186858316208,-6.057494866529778,-5.954825462012325,2026-08-31,-4.517453798767967,-6.673511293634493,-5.133470225872694,2026-09-01,-5.133470225872694,-8.521560574948662,-6.981519507186862,2026-09-02,-6.776180698151945,-9.65092402464066,-8.932238193018483,,,,,,,,,,,,,-1.5400410677618104,1.0,-6.570841889117041,1.0,4.62012320328542,3.0,-6.570841889117041,1.0,4.62012320328542,3.0,-6.673511293634493,5.0,4.62012320328542,3.0,-9.65092402464066,7.0,,,,,-2.57,-3.2821560574948614,-3.59,4.00067761806981,1.44,-3.698726899383978,-4.83,-1.1248254620123248,-5.24,0.1065297741273063,-6.16,-0.8215195071868617,-9.03,0.0977618069815164,,,,,,,8.83,2.58,True,False,True,True,CBN
2026-08-24,9115,明海グループ,1327.0,5,2026-08-25,-4.370761115297661,-11.831198191409198,-9.796533534287866,2026-08-26,-5.275056518462695,-15.975885455915597,-15.448379804069337,2026-08-27,-14.091936699321783,-22.07987942727958,-20.42200452147701,2026-08-28,-18.91484551620196,-21.77844762622456,-20.04521477015825,2026-08-31,-20.120572720422004,-22.75810097965335,-21.70308967596082,2026-09-01,-18.46269781461945,-21.4016578749058,-19.517709118311977,2026-09-02,-15.975885455915597,-22.305953278070835,-21.55237377543331,,,,,,,,,,,,,-4.370761115297661,1.0,-11.831198191409198,1.0,-4.370761115297661,1.0,-22.07987942727958,3.0,-4.370761115297661,1.0,-22.75810097965335,5.0,-4.370761115297661,1.0,-22.75810097965335,5.0,,,,,-7.31,-2.486533534287866,-11.98,-3.4683798040693343,-19.67,-0.7520045214770086,-20.2,0.1547852298417495,-21.25,-0.4530896759608183,-20.72,1.2022908816880218,-21.78,0.2276262245666913,,,,,,,17.54,2.1,True,False,True,True,CBN
2026-08-24,4750,ダイサン,576.0,4,2026-08-25,0.0,-0.868055555555558,-0.694444444444442,2026-08-26,-0.347222222222221,-0.694444444444442,-0.347222222222221,2026-08-27,-0.347222222222221,-0.694444444444442,-0.694444444444442,2026-08-28,-0.347222222222221,-1.041666666666663,-0.347222222222221,2026-08-31,0.0,-0.868055555555558,-0.868055555555558,2026-09-01,-0.347222222222221,-3.993055555555558,-3.993055555555558,2026-09-02,-1.388888888888884,-6.076388888888884,-1.388888888888884,,,,,,,,,,,,,0.0,1.0,-0.868055555555558,1.0,0.0,1.0,-0.868055555555558,1.0,0.0,1.0,-1.041666666666663,4.0,0.0,1.0,-6.076388888888884,7.0,,,,,-0.52,-0.1744444444444419,-0.69,0.3427777777777789,-0.69,-0.004444444444442,-0.69,0.3427777777777789,0.0,-0.868055555555558,-0.69,-3.303055555555558,-1.74,0.351111111111116,,,,,,,1.23,3.28,False,True,True,True,VBN
2026-08-24,5484,東北特殊鋼,4475.0,4,2026-08-25,0.0,-0.5586592178770999,0.0,2026-08-26,0.0,0.0,0.0,2026-08-27,0.0,0.0,0.0,2026-08-28,0.0,0.0,0.0,2026-08-31,-0.6703910614525133,-0.6703910614525133,-0.6703910614525133,2026-09-01,-0.6703910614525133,-0.6703910614525133,-0.6703910614525133,,,,,,,,,,,,,,,,,0.0,1.0,-0.5586592178770999,1.0,0.0,1.0,-0.5586592178770999,1.0,0.0,1.0,-0.6703910614525133,5.0,,,,,,,,,0.0,0.0,0.0,0.0,0.0,0.0,0.0,0.0,-0.67,-0.0003910614525132,-0.67,-0.0003910614525132,,,,,,,,,0.0,0.0,False,False,False,False,NONE
2026-08-24,2415,ヒューマンホールディングス,1643.0,3,2026-08-25,2.5562994522215554,0.5477784540474762,2.130249543517948,2026-08-26,3.46926354230066,1.5216068167985377,3.2866707242848348,2026-08-27,4.747413268411438,3.46926354230066,3.834449178332311,2026-08-28,4.625684723067569,3.834449178332311,3.895313451004268,2026-08-31,4.077906269020093,3.46926354230066,3.773584905660377,2026-09-01,3.773584905660377,3.46926354230066,3.46926354230066,2026-09-02,3.46926354230066,1.339013998782712,1.3998782714546465,,,,,,,,,,,,,2.5562994522215554,1.0,0.5477784540474762,1.0,4.747413268411438,3.0,0.5477784540474762,1.0,4.747413268411438,3.0,0.5477784540474762,1.0,4.747413268411438,3.0,0.5477784540474762,1.0,,,,,2.13,0.0002495435179481,2.86,0.4266707242848349,3.29,0.5444491783323109,3.83,0.0653134510042674,4.08,-0.3064150943396235,3.47,-0.00073645769934,1.4,-0.0001217285453534,,,,,,,3.46,3.39,False,True,False,True,VN
2026-08-24,4059,まぐまぐ,413.0,3,2026-08-25,0.7263922518159882,-0.9685230024213064,0.0,2026-08-26,1.4527845036319542,-0.7263922518159771,1.4527845036319542,2026-08-27,2.1791767554479424,-0.7263922518159771,1.6949152542372836,2026-08-28,1.6949152542372836,-0.9685230024213064,-0.9685230024213064,2026-08-31,-2.1791767554479424,-3.631961259079908,-3.3898305084745783,2026-09-01,-3.3898305084745783,-4.1162227602905554,-3.874092009685226,2026-09-02,-3.874092009685226,-4.1162227602905554,-3.874092009685226,,,,,,,,,,,,,0.7263922518159882,1.0,-0.9685230024213064,1.0,2.1791767554479424,3.0,-0.9685230024213064,1.0,2.1791767554479424,3.0,-3.631961259079908,5.0,2.1791767554479424,3.0,-4.1162227602905554,6.0,,,,,0.73,-0.73,-0.73,2.182784503631954,1.69,0.0049152542372836,0.97,-1.9385230024213065,-3.39,0.0001694915254217,-4.12,0.245907990314774,-4.12,0.245907990314774,,,,,,,5.09,1.43,True,False,False,False,C
2026-08-24,6085,アーキテクツ・スタジオ・ジャパン,137.0,3,2026-08-25,35.76642335766422,10.21897810218979,35.03649635036496,2026-08-26,71.53284671532847,48.17518248175183,71.53284671532847,2026-08-27,106.56934306569342,37.22627737226279,46.71532846715329,2026-08-28,77.37226277372262,54.01459854014598,64.23357664233578,2026-08-31,81.75182481751824,48.17518248175183,52.55474452554745,2026-09-01,59.85401459854014,32.11678832116789,57.664233576642346,2026-09-02,56.934306569343065,43.7956204379562,44.52554744525548,,,,,,,,,,,,,35.76642335766422,1.0,10.21897810218979,1.0,106.56934306569342,3.0,10.21897810218979,1.0,106.56934306569342,3.0,10.21897810218979,1.0,106.56934306569342,3.0,10.21897810218979,1.0,,,,,13.87,21.16649635036497,57.66,13.872846715328478,77.37,-30.654671532846717,67.15,-2.916423357664229,53.28,-0.7252554744525526,35.04,22.624233576642347,45.26,-0.7344525547445215,,,,,,,12.3,2.01,True,False,False,False,C
2026-08-24,6276,シリウスビジョン,394.0,3,2026-08-25,-2.030456852791873,-6.345177664974622,-3.0456852791878157,2026-08-26,-2.7918781725888357,-15.228426395939088,-13.705583756345174,2026-08-27,-6.852791878172592,-12.436548223350252,-10.40609137055838,2026-08-28,-8.629441624365485,-11.16751269035533,-9.137055837563455,2026-08-31,0.0,-8.375634517766494,-5.58375634517766,2026-09-01,-6.345177664974622,-10.40609137055838,-10.152284263959388,2026-09-02,-9.898477157360407,-13.451776649746192,-10.40609137055838,,,,,,,,,,,,,-2.030456852791873,1.0,-6.345177664974622,1.0,-2.030456852791873,1.0,-15.228426395939088,2.0,0.0,5.0,-15.228426395939088,2.0,0.0,5.0,-15.228426395939088,2.0,,,,,-4.31,1.2643147208121843,-6.35,-7.355583756345174,-9.39,-1.016091370558378,-10.15,1.0129441624365434,-5.08,-0.5037563451776599,-8.38,-1.7722842639593868,-10.41,0.0039086294416215,,,,,,,7.65,0.55,True,False,False,False,C
2026-08-24,8066,三谷商事,3290.0,3,2026-08-25,2.8875379939209638,-2.127659574468088,1.2158054711246091,2026-08-26,6.07902735562309,1.2158054711246091,4.5592705167173175,2026-08-27,6.990881458966558,1.823708206686936,6.686930091185417,2026-08-28,6.838905775075999,5.167173252279644,5.775075987841949,2026-08-31,9.27051671732524,6.07902735562309,8.358662613981771,2026-09-01,9.118541033434656,6.534954407294835,6.838905775075999,2026-09-02,10.486322188449847,6.534954407294835,7.294832826747721,,,,,,,,,,,,,2.8875379939209638,1.0,-2.127659574468088,1.0,6.990881458966558,3.0,-2.127659574468088,1.0,9.27051671732524,5.0,-2.127659574468088,1.0,10.486322188449847,7.0,-2.127659574468088,1.0,,,,,0.0,1.2158054711246091,1.82,2.739270516717317,4.56,2.126930091185417,6.08,-0.3049240121580512,7.45,0.9086626139817708,7.14,-0.3010942249240012,8.05,-0.7551671732522793,,,,,,,5.62,1.22,True,False,False,False,C
2026-08-25,5131,リンカーズ,145.0,7,2026-08-26,0.6896551724137945,-12.413793103448278,-6.206896551724139,2026-08-27,-6.896551724137934,-13.793103448275868,-11.03448275862069,2026-08-28,-9.6551724137931,-14.482758620689651,-10.344827586206897,2026-08-31,-12.413793103448278,-15.172413793103445,-13.103448275862071,2026-09-01,-11.724137931034484,-15.86206896551724,-15.172413793103445,2026-09-02,-14.482758620689651,-15.86206896551724,-14.482758620689651,,,,,,,,,,,,,,,,,0.6896551724137945,1.0,-12.413793103448278,1.0,0.6896551724137945,1.0,-14.482758620689651,3.0,0.6896551724137945,1.0,-15.86206896551724,5.0,,,,,,,,,-8.97,2.763103448275862,-9.66,-1.3744827586206902,-12.41,2.065172413793105,-13.1,-0.0034482758620733,-14.48,-0.6924137931034444,-15.17,0.6872413793103487,,,,,,,,,15.38,4.95,True,True,True,True,CVBN
2026-08-25,7356,Ｒｅｔｔｙ,128.0,7,2026-08-26,2.34375,-7.03125,-5.46875,2026-08-27,-4.6875,-9.375,-8.59375,2026-08-28,-7.03125,-10.15625,-10.15625,2026-08-31,-7.03125,-9.375,-9.375,2026-09-01,-7.03125,-9.375,-8.59375,2026-09-02,-7.8125,-10.15625,-8.59375,,,,,,,,,,,,,,,,,2.34375,1.0,-7.03125,1.0,2.34375,1.0,-10.15625,3.0,2.34375,1.0,-10.15625,3.0,,,,,,,,,-5.47,0.0012499999999997,-7.03,-1.5637499999999998,-7.03,-3.12625,-9.38,0.0050000000000007,-9.38,0.7862500000000008,-8.59,-0.0037500000000001,,,,,,,,,6.84,4.91,True,True,True,True,CVBN
2026-08-25,9408,ＢＳＮメディアホールディングス,2699.0,7,2026-08-26,-1.8895887365691035,-5.594664690626161,-2.2600963319748035,2026-08-27,-1.0744720266765428,-2.2600963319748035,-1.0744720266765428,2026-08-28,-1.0744720266765428,-1.0744720266765428,-1.0744720266765428,2026-08-31,-2.927010003705077,-2.927010003705077,-2.927010003705077,2026-09-01,-2.8529084846239394,-2.927010003705077,-2.8529084846239394,,,,,,,,,,,,,,,,,,,,,-1.8895887365691035,1.0,-5.594664690626161,1.0,-1.0744720266765428,2.0,-5.594664690626161,1.0,-1.0744720266765428,2.0,-5.594664690626161,1.0,,,,,,,,,-1.89,-0.3700963319748036,-1.07,-0.0044720266765427,-1.07,-0.0044720266765427,-2.93,0.0029899962949229,-2.85,-0.0029084846239393,,,,,,,,,,,-1.89,0.54,False,False,False,False,NONE
2026-08-25,9610,ウィルソン・ラーニング　ワールドワイド,131.0,7,2026-08-26,-9.92366412213741,-18.3206106870229,-14.503816793893131,2026-08-27,-15.267175572519086,-20.610687022900763,-19.84732824427481,2026-08-28,-16.030534351145043,-19.84732824427481,-19.083969465648853,2026-08-31,-19.083969465648853,-21.37404580152672,-20.610687022900763,2026-09-01,4.580152671755733,-19.84732824427481,-8.3969465648855,2026-09-02,7.6335877862595325,-14.503816793893131,-6.106870229007633,,,,,,,,,,,,,,,,,-9.92366412213741,1.0,-18.3206106870229,1.0,-9.92366412213741,1.0,-20.610687022900763,2.0,4.580152671755733,5.0,-21.37404580152672,4.0,,,,,,,,,-14.5,-0.0038167938931312,-16.03,-3.817328244274808,-16.03,-3.0539694656488514,-20.61,-0.0006870229007631,-18.32,9.9230534351145,-3.05,-3.0568702290076333,,,,,,,,,17.82,4.55,True,True,True,True,CVBN
2026-08-25,323A,フライヤー,406.0,6,2026-08-26,-2.216748768472909,-6.403940886699511,-5.418719211822665,2026-08-27,-5.418719211822665,-7.881773399014779,-5.911330049261087,2026-08-28,-5.911330049261087,-7.881773399014779,-6.403940886699511,2026-08-31,-5.172413793103448,-10.098522167487689,-7.881773399014779,2026-09-01,-6.896551724137934,-8.866995073891626,-7.635467980295562,2026-09-02,-6.896551724137934,-8.866995073891626,-8.128078817733986,,,,,,,,,,,,,,,,,-2.216748768472909,1.0,-6.403940886699511,1.0,-2.216748768472909,1.0,-7.881773399014779,2.0,-2.216748768472909,1.0,-10.098522167487689,4.0,,,,,,,,,-5.17,-0.2487192118226646,-7.64,1.7286699507389125,-7.14,0.736059113300489,-10.1,2.2182266009852203,-7.88,0.2445320197044376,-8.37,0.2419211822660134,,,,,,,,,10.68,4.84,True,True,True,False,CVB
2026-08-25,4170,Ｋａｉｚｅｎ　Ｐｌａｔｆｏｒｍ,172.0,6,2026-08-26,75.5813953488372,31.39534883720929,34.302325581395344,2026-08-27,17.44186046511629,-12.209302325581394,-12.209302325581394,2026-08-28,-12.790697674418606,-19.76744186046512,-18.023255813953487,2026-08-31,-16.860465116279066,-20.348837209302328,-18.6046511627907,2026-09-01,-17.441860465116278,-20.348837209302328,-19.76744186046512,2026-09-02,-19.76744186046512,-23.25581395348837,-21.51162790697675,,,,,,,,,,,,,,,,,75.5813953488372,1.0,31.39534883720929,1.0,75.5813953488372,1.0,-19.76744186046512,3.0,75.5813953488372,1.0,-20.348837209302328,4.0,,,,,,,,,75.0,-40.697674418604656,12.79,-24.999302325581397,-18.02,-0.003255813953487,-19.19,0.5853488372093025,-18.6,-1.167441860465118,-21.51,-0.001627906976747,,,,,,,,,29.07,0.03,True,False,True,True,CBN
2026-08-25,3691,デジタルプラス,1974.0,5,2026-08-26,0.2026342451874274,-4.00202634245187,-3.14083080040527,2026-08-27,-1.722391084093211,-6.43363728470111,-3.2928064842958515,2026-08-28,-1.8237082066869248,-4.508611955420461,-2.988855116514688,2026-08-31,-1.2158054711246202,-5.015197568389063,-2.988855116514688,2026-09-01,-2.8368794326241176,-5.167173252279634,-3.242147922998984,2026-09-02,-4.305977710233034,-7.548125633232017,-6.534954407294835,,,,,,,,,,,,,,,,,0.2026342451874274,1.0,-4.00202634245187,1.0,0.2026342451874274,1.0,-6.43363728470111,2.0,0.2026342451874274,1.0,-6.43363728470111,2.0,,,,,,,,,-0.15,-2.99083080040527,-3.14,-0.1528064842958514,-1.82,-1.168855116514688,-4.05,1.0611448834853117,-4.76,1.5178520770010162,-5.62,-0.914954407294835,,,,,,,,,5.11,1.79,True,False,True,True,CBN
2026-08-25,462A,ＦＵＮＤＩＮＮＯ,341.0,5,2026-08-26,-3.2258064516129004,-14.956011730205276,-12.903225806451612,2026-08-27,10.557184750733128,-15.542521994134894,10.557184750733128,2026-08-28,24.633431085043988,4.985337243401755,9.384164222873892,2026-08-31,5.865102639296183,-2.346041055718473,-2.346041055718473,2026-09-01,9.384164222873892,-11.143695014662756,-10.55718475073314,2026-09-02,-12.316715542521994,-19.354838709677423,-18.181818181818176,,,,,,,,,,,,,,,,,-3.2258064516129004,1.0,-14.956011730205276,1.0,24.633431085043988,3.0,-15.542521994134894,2.0,24.633431085043988,3.0,-15.542521994134894,2.0,,,,,,,,,-7.92,-4.983225806451612,-14.66,25.21718475073313,21.11,-11.725835777126107,5.87,-8.216041055718474,3.23,-13.78718475073314,-18.48,0.2981818181818241,,,,,,,,,20.64,3.35,True,True,True,True,CVBN
2026-08-25,5971,共和工業所,8390.0,5,2026-08-26,0.1191895113230145,-0.4767580452920139,0.1191895113230145,2026-08-27,2.6221692491060766,-0.4767580452920139,-0.2383790226460069,2026-08-28,2.6221692491060766,-0.2383790226460069,2.502979737783084,2026-08-31,3.694874851013119,3.694874851013119,3.694874851013119,2026-09-01,1.907032181168056,1.907032181168056,1.907032181168056,2026-09-02,1.907032181168056,1.907032181168056,1.907032181168056,,,,,,,,,,,,,,,,,0.1191895113230145,1.0,-0.4767580452920139,1.0,2.6221692491060766,2.0,-0.4767580452920139,1.0,3.694874851013119,4.0,-0.4767580452920139,1.0,,,,,,,,,0.0,0.1191895113230145,-0.24,0.001620977353993,2.5,0.0029797377830842,3.69,0.0048748510131191,1.91,-0.0029678188319441,1.91,-0.0029678188319441,,,,,,,,,-0.12,0.51,False,False,False,False,NONE
2026-08-25,6165,パンチ工業,560.0,5,2026-08-26,0.3571428571428559,-1.0714285714285676,0.1785714285714279,2026-08-27,0.5357142857142838,-1.7857142857142905,-1.2499999999999956,2026-08-28,-0.7142857142857117,-2.3214285714285743,-2.1428571428571463,2026-08-31,-0.7142857142857117,-2.500000000000002,-0.8928571428571397,2026-09-01,-0.8928571428571397,-2.3214285714285743,-1.0714285714285676,2026-09-02,-2.3214285714285743,-4.107142857142854,-3.035714285714286,,,,,,,,,,,,,,,,,0.3571428571428559,1.0,-1.0714285714285676,1.0,0.5357142857142838,2.0,-2.3214285714285743,3.0,0.5357142857142838,2.0,-2.500000000000002,4.0,,,,,,,,,-1.07,1.248571428571428,-0.71,-0.5399999999999956,-1.43,-0.7128571428571464,-1.61,0.7171428571428604,-1.43,0.3585714285714323,-3.21,0.1742857142857139,,,,,,,,,6.64,3.21,True,True,True,True,CVBN
2026-08-25,5484,東北特殊鋼,4475.0,4,2026-08-26,0.0,0.0,0.0,2026-08-27,0.0,0.0,0.0,2026-08-28,0.0,0.0,0.0,2026-08-31,-0.6703910614525133,-0.6703910614525133,-0.6703910614525133,2026-09-01,-0.6703910614525133,-0.6703910614525133,-0.6703910614525133,,,,,,,,,,,,,,,,,,,,,0.0,1.0,0.0,1.0,0.0,1.0,0.0,1.0,0.0,1.0,-0.6703910614525133,4.0,,,,,,,,,0.0,0.0,0.0,0.0,0.0,0.0,-0.67,-0.0003910614525132,-0.67,-0.0003910614525132,,,,,,,,,,,0.56,5.0,False,True,True,True,VBN
2026-08-25,5915,駒井ハルテック,2460.0,4,2026-08-26,0.3658536585365857,-2.073170731707319,0.3658536585365857,2026-08-27,1.2195121951219523,-0.5284552845528423,1.2195121951219523,2026-08-28,1.1788617886178798,0.0,0.4878048780487809,2026-08-31,1.5447154471544655,-0.6097560975609762,1.0162601626016343,2026-09-01,0.9349593495934894,-0.0406504065040613,0.8943089430894391,2026-09-02,0.6910569105690989,-1.382113821138209,0.5691056910569037,,,,,,,,,,,,,,,,,0.3658536585365857,1.0,-2.073170731707319,1.0,1.2195121951219523,2.0,-2.073170731707319,1.0,1.5447154471544655,4.0,-2.073170731707319,1.0,,,,,,,,,-0.24,0.6058536585365857,1.22,-0.0004878048780476,0.49,-0.002195121951219,-0.61,1.6262601626016342,0.89,0.004308943089439,-0.33,0.8991056910569037,,,,,,,,,-0.12,0.15,False,False,False,True,N
2026-08-25,6613,ＱＤレーザ,2466.0,4,2026-08-26,-0.3649635036496401,-6.285482562854828,-3.771289537712896,2026-08-27,0.1216545012165504,-4.703974047039738,-1.703163017031628,2026-08-28,-1.743714517437145,-11.800486618004868,-10.665044606650442,2026-08-31,-7.542579075425793,-17.234387672343875,-15.328467153284675,2026-09-01,-15.85563665855637,-20.19464720194647,-17.80210867802109,2026-09-02,-19.87023519870236,-23.03325223033252,-22.424979724249795,,,,,,,,,,,,,,,,,-0.3649635036496401,1.0,-6.285482562854828,1.0,0.1216545012165504,2.0,-11.800486618004868,3.0,0.1216545012165504,2.0,-20.19464720194647,5.0,,,,,,,,,-2.47,-1.301289537712896,-0.24,-1.463163017031628,-3.97,-6.695044606650441,-10.18,-5.148467153284676,-18.41,0.6078913219789115,-22.14,-0.2849797242497942,,,,,,,,,5.24,1.68,True,False,True,False,CB
2026-08-25,2926,篠崎屋,131.0,3,2026-08-26,0.0,-2.2900763358778664,-1.526717557251911,2026-08-27,-2.2900763358778664,-3.8167938931297662,-3.8167938931297662,2026-08-28,1.526717557251911,-3.053435114503822,-2.2900763358778664,2026-08-31,-0.7633587786259555,-3.053435114503822,-2.2900763358778664,2026-09-01,0.0,-5.343511450381677,-4.580152671755721,2026-09-02,-3.053435114503822,-7.633587786259543,-4.580152671755721,,,,,,,,,,,,,,,,,0.0,1.0,-2.2900763358778664,1.0,1.526717557251911,3.0,-3.8167938931297662,2.0,1.526717557251911,3.0,-5.343511450381677,5.0,,,,,,,,,-0.76,-0.7667175572519109,-3.05,-0.7667938931297664,-0.76,-1.5300763358778664,-2.29,-7.633587786637364e-05,-0.76,-3.8201526717557215,-3.82,-0.7601526717557214,,,,,,,,,4.03,0.85,False,False,False,False,NONE
2026-08-25,3103,ユニチカ,1437.0,3,2026-08-26,7.585247042449539,0.1391788448155795,1.2526096033402825,2026-08-27,11.064718162839249,1.043841336116902,10.577592205984686,2026-08-28,21.78148921363954,8.768267223382043,17.327766179540703,2026-08-31,22.33820459290188,10.647181628392488,16.283924843423804,2026-09-01,17.258176757132926,3.96659707724425,3.96659707724425,2026-09-02,7.794015309672919,-1.5309672929714635,0.0,,,,,,,,,,,,,,,,,7.585247042449539,1.0,0.1391788448155795,1.0,21.78148921363954,3.0,0.1391788448155795,1.0,22.33820459290188,4.0,0.1391788448155795,1.0,,,,,,,,,3.34,-2.0873903966597176,2.37,8.207592205984685,12.32,5.007766179540703,15.17,1.1139248434238045,13.08,-9.11340292275575,-0.21,0.21,,,,,,,,,13.71,1.3,True,False,False,False,C
2026-08-25,319A,技術承継機構,21290.0,3,2026-08-26,-0.4227336777829937,-10.615312353217476,-10.615312353217476,2026-08-27,-5.589478628464073,-10.28651949271958,-5.918271488961957,2026-08-28,-2.818224518553314,-6.9046500704556095,-3.992484734617197,2026-08-31,-2.58337247534054,-6.9046500704556095,-3.663691874119301,2026-09-01,3.0061061531235334,-2.912165335838424,-1.8318459370596507,2026-09-02,-1.409112259276657,-5.683419445749182,-5.636449037106628,,,,,,,,,,,,,,,,,-0.4227336777829937,1.0,-10.615312353217476,1.0,-0.4227336777829937,1.0,-10.615312353217476,1.0,3.0061061531235334,5.0,-10.615312353217476,1.0,,,,,,,,,-2.87,-7.745312353217476,-8.69,2.7717285110380425,-4.74,0.7475152653828037,-2.58,-1.0836918741193011,2.63,-4.461845937059651,-5.4,-0.2364490371066274,,,,,,,,,4.32,0.89,False,False,False,False,NONE
2026-08-25,3664,ＷＩＺＥ,29.0,3,2026-08-26,0.0,-10.344827586206897,-6.896551724137934,2026-08-27,-3.4482758620689613,-10.344827586206897,-3.4482758620689613,2026-08-28,3.4482758620689724,-3.4482758620689613,-3.4482758620689613,2026-08-31,-6.896551724137934,-10.344827586206897,-10.344827586206897,2026-09-01,-6.896551724137934,-13.793103448275868,-6.896551724137934,2026-09-02,-10.344827586206897,-13.793103448275868,-13.793103448275868,,,,,,,,,,,,,,,,,0.0,1.0,-10.344827586206897,1.0,3.4482758620689724,3.0,-10.344827586206897,1.0,3.4482758620689724,3.0,-13.793103448275868,5.0,,,,,,,,,-6.9,0.0034482758620661,-10.34,6.891724137931039,0.0,-3.4482758620689613,-6.9,-3.4448275862068947,-10.34,3.4434482758620657,-13.79,-0.0031034482758691,,,,,,,,,11.11,0.29,True,False,False,False,C
2026-08-25,485A,パワーエックス,1872.0,3,2026-08-26,4.380341880341887,-5.876068376068377,-4.380341880341875,2026-08-27,2.777777777777768,-4.326923076923073,0.0,2026-08-28,8.012820512820507,-0.3205128205128194,8.012820512820507,2026-08-31,7.638888888888884,-4.861111111111116,-2.564102564102566,2026-09-01,-0.5341880341880323,-5.555555555555558,-4.700854700854706,2026-09-02,-6.196581196581197,-11.538461538461542,-10.576923076923071,,,,,,,,,,,,,,,,,4.380341880341887,1.0,-5.876068376068377,1.0,8.012820512820507,3.0,-5.876068376068377,1.0,8.012820512820507,3.0,-5.876068376068377,1.0,,,,,,,,,-1.55,-2.830341880341876,-4.17,4.17,2.19,5.822820512820508,2.56,-5.124102564102566,-2.46,-2.2408547008547064,-10.79,0.213076923076926,,,,,,,,,9.51,1.68,True,False,False,False,C
2026-08-25,4980,デクセリアルズ,3066.0,3,2026-08-26,-0.6849315068493178,-2.7723418134377065,-1.5329419439008451,2026-08-27,2.935420743639927,-1.6634050880626194,0.391389432485334,2026-08-28,2.348336594911937,-0.91324200913242,-0.3587736464448765,2026-08-31,0.2935420743639838,-3.0984996738421366,0.2283105022831133,2026-09-01,1.4024787997390709,-1.4350945857795172,-0.6523157208088715,2026-09-02,-3.4572733202870243,-5.1532941943900905,-4.761904761904767,,,,,,,,,,,,,,,,,-0.6849315068493178,1.0,-2.7723418134377065,1.0,2.935420743639927,2.0,-2.7723418134377065,1.0,2.935420743639927,2.0,-3.0984996738421366,4.0,,,,,,,,,-2.45,0.917058056099155,1.04,-0.6486105675146661,1.11,-1.4687736464448766,-1.79,2.0183105022831134,0.88,-1.5323157208088714,-4.89,0.1280952380952325,,,,,,,,,4.05,1.05,False,False,False,False,NONE
2026-08-25,5801,古河電気工業,3925.0,3,2026-08-26,0.6369426751592355,-2.7770700636942647,-0.5095541401273884,2026-08-27,4.968152866242037,-0.7898089171974543,4.178343949044594,2026-08-28,3.745222929936309,-1.07006369426752,-0.5605095541401317,2026-08-31,2.547770700636942,-5.808917197452235,2.420382165605095,2026-09-01,1.7070063694267557,-2.9808917197452267,-1.7070063694267557,2026-09-02,-1.4522292993630614,-5.4777070063694255,-4.407643312101905,,,,,,,,,,,,,,,,,0.6369426751592355,1.0,-2.7770700636942647,1.0,4.968152866242037,2.0,-2.7770700636942647,1.0,4.968152866242037,2.0,-5.808917197452235,4.0,,,,,,,,,-1.71,1.2004458598726115,0.97,3.208343949044594,1.71,-2.270509554140132,-2.7,5.120382165605095,-0.84,-0.8670063694267557,-4.36,-0.047643312101905,,,,,,,,,10.34,1.34,True,False,False,False,C
2026-08-25,288A,ラクサス・テクノロジーズ,100.0,7,2026-08-26,0.0,-4.000000000000004,-2.0000000000000018,2026-08-27,1.0000000000000009,-3.0000000000000027,-3.0000000000000027,2026-08-28,0.0,-2.0000000000000018,-2.0000000000000018,2026-08-31,-1.0000000000000009,-13.0,-2.0000000000000018,2026-09-01,-2.0000000000000018,-5.000000000000004,-4.000000000000004,2026-09-02,-4.000000000000004,-5.000000000000004,-5.000000000000004,,,,,,,,,,,,,,,,,0.0,1.0,-4.000000000000004,1.0,1.0000000000000009,2.0,-4.000000000000004,1.0,1.0000000000000009,2.0,-13.0,4.0,,,,,,,,,-2.0,-1.7763568394002505e-15,1.0,-4.000000000000003,-1.0,-1.0000000000000018,-2.0,-1.7763568394002505e-15,-2.0,-2.000000000000004,-4.0,-1.0000000000000044,,,,,,,,,5.26,4.5,True,True,True,True,CVBN
2026-08-25,3350,メタプラネット,334.0,5,2026-08-26,-6.586826347305386,-10.479041916167663,-7.185628742514972,2026-08-27,-7.485029940119759,-11.377245508982035,-8.982035928143716,2026-08-28,7.4850299401197695,-4.790419161676651,3.592814371257491,2026-08-31,-2.9940119760479056,-7.485029940119759,-6.586826347305386,2026-09-01,0.0,-7.784431137724546,-2.39520958083832,2026-09-02,-6.287425149700598,-11.676646706586824,-10.179640718562876,,,,,,,,,,,,,,,,,-6.586826347305386,1.0,-10.479041916167663,1.0,7.4850299401197695,3.0,-11.377245508982035,2.0,7.4850299401197695,3.0,-11.377245508982035,2.0,,,,,,,,,-8.98,1.7943712574850288,-8.68,-0.3020359281437166,-0.9,4.492814371257492,-5.99,-0.5968263473053854,-5.99,3.59479041916168,-11.38,1.200359281437125,,,,,,,,,8.2,1.31,True,False,True,True,CBN
2026-08-25,407A,ＵＮＩＣＯＮホールディングス,959.0,5,2026-08-26,-0.1042752867570384,-1.9812304483837304,-1.3555787278415,2026-08-27,-0.938477580813346,-2.9197080291970767,-1.6684045881126153,2026-08-28,-0.4171011470281538,-1.4598540145985384,-1.2513034410844617,2026-08-31,-0.4171011470281538,-2.085505735140769,-0.8342022940563076,2026-09-01,-0.938477580813346,-2.8154327424400383,-1.0427528675703843,2026-09-02,-0.7299270072992692,-1.876955161626692,-1.2513034410844617,,,,,,,,,,,,,,,,,-0.1042752867570384,1.0,-1.9812304483837304,1.0,-0.1042752867570384,1.0,-2.9197080291970767,2.0,-0.1042752867570384,1.0,-2.9197080291970767,2.0,,,,,,,,,-1.15,-0.2055787278415,-1.36,-0.3084045881126152,-1.04,-0.2113034410844614,-1.56,0.7257977059436924,-2.29,1.2472471324296155,-1.25,-0.0013034410844614,,,,,,,,,5.62,2.13,True,False,True,True,CBN
2026-08-25,5724,アサカ理研,3290.0,5,2026-08-26,19.452887537993924,1.823708206686936,5.4711246200607855,2026-08-27,7.294832826747721,-4.711246200607899,6.534954407294835,2026-08-28,8.20668693009119,0.0,1.0638297872340496,2026-08-31,3.49544072948329,-2.127659574468088,-1.6717325227963542,2026-09-01,0.1519756838905817,-3.3434650455927084,-0.455927051671734,2026-09-02,-2.7355623100303927,-8.814589665653493,-8.054711246200608,,,,,,,,,,,,,,,,,19.452887537993924,1.0,1.823708206686936,1.0,19.452887537993924,1.0,-4.711246200607899,2.0,19.452887537993924,1.0,-4.711246200607899,2.0,,,,,,,,,12.46,-6.988875379939215,-1.06,7.594954407294836,3.34,-2.27617021276595,2.74,-4.411732522796354,-0.91,0.454072948328266,-7.75,-0.3047112462006076,,,,,,,,,11.44,2.3,True,False,True,True,CBN
2026-08-25,6460,セガサミーホールディングス,3002.0,5,2026-08-26,1.9320453031312468,-0.5662891405729509,1.2325116588940643,2026-08-27,2.0652898067954784,-1.5656229180546322,0.4663557628247883,2026-08-28,3.764157228514331,0.4663557628247883,3.6309127248500994,2026-08-31,4.830113257828117,2.731512325116592,3.331112591605589,2026-09-01,5.696202531645578,2.2318454363757567,4.93004663557628,2026-09-02,6.52898067954697,3.2644903397734737,5.929380413057972,,,,,,,,,,,,,,,,,1.9320453031312468,1.0,-0.5662891405729509,1.0,3.764157228514331,3.0,-1.5656229180546322,2.0,5.696202531645578,5.0,-1.5656229180546322,2.0,,,,,,,,,0.67,0.5625116588940643,-0.13,0.5963557628247883,2.83,0.8009127248500993,3.06,0.2711125916055894,3.16,1.7700466355762794,5.73,0.1993804130579715,,,,,,,,,6.17,2.12,True,False,True,True,CBN
2026-08-25,7806,ＭＴＧ,8940.0,5,2026-08-26,5.145413870246096,0.1118568232662209,1.6778523489932915,2026-08-27,3.914988814317666,-0.4474272930648726,0.0,2026-08-28,4.697986577181212,-0.7829977628635354,3.4675615212528044,2026-08-31,4.586129753914992,2.684563758389258,3.1319910514541416,2026-09-01,3.4675615212528044,0.4474272930648837,1.5659955257270708,2026-09-02,1.230425055928408,-5.2572706935123055,-4.921700223713643,,,,,,,,,,,,,,,,,5.145413870246096,1.0,0.1118568232662209,1.0,5.145413870246096,1.0,-0.7829977628635354,3.0,5.145413870246096,1.0,-0.7829977628635354,3.0,,,,,,,,,1.34,0.3378523489932916,1.34,-1.34,2.68,0.7875615212528042,4.03,-0.8980089485458587,3.02,-1.4540044742729292,-4.7,-0.2217002237136425,,,,,,,,,5.52,1.18,True,False,True,True,CBN
2026-08-25,475A,ギミック,630.0,4,2026-08-26,10.476190476190483,2.5396825396825307,4.603174603174609,2026-08-27,4.126984126984135,-3.3333333333333326,3.492063492063502,2026-08-28,2.5396825396825307,0.0,1.4285714285714235,2026-08-31,10.158730158730169,0.7936507936507908,9.523809523809534,2026-09-01,12.063492063492063,6.825396825396823,10.000000000000009,2026-09-02,10.634920634920642,9.047619047619037,9.84126984126985,,,,,,,,,,,,,,,,,10.476190476190483,1.0,2.5396825396825307,1.0,10.476190476190483,1.0,-3.3333333333333326,2.0,12.063492063492063,5.0,-3.3333333333333326,2.0,,,,,,,,,9.68,-5.076825396825391,4.13,-0.637936507936498,2.38,-0.9514285714285764,4.76,4.763809523809535,10.63,-0.6299999999999919,10.0,-0.1587301587301492,,,,,,,,,16.75,3.27,True,True,True,True,CVBN
2026-08-25,2334,イオレ,538.0,3,2026-08-26,2.788104089219323,-2.0446096654275103,0.3717472118959009,2026-08-27,6.691449814126393,0.9293680297397744,5.018587360594795,2026-08-28,6.877323420074344,2.0446096654274992,6.691449814126393,2026-08-31,7.249070631970267,2.973977695167296,6.3197026022304925,2026-09-01,6.691449814126393,-0.1858736059479504,3.1598513011152463,2026-09-02,2.788104089219323,0.0,2.4163568773234223,,,,,,,,,,,,,,,,,2.788104089219323,1.0,-2.0446096654275103,1.0,6.877323420074344,3.0,-2.0446096654275103,1.0,7.249070631970267,4.0,-2.0446096654275103,1.0,,,,,,,,,1.12,-0.7482527881040992,1.67,3.348587360594795,4.46,2.231449814126393,4.65,1.6697026022304922,5.76,-2.600148698884753,2.23,0.1863568773234223,,,,,,,,,8.71,1.23,True,False,False,False,C
2026-08-25,2737,トーメンデバイス,31700.0,3,2026-08-26,7.097791798107256,-2.3659305993690816,4.731861198738163,2026-08-27,7.57097791798107,0.3154574132492094,1.4195583596214425,2026-08-28,4.100946372239744,-0.1577287066246047,0.7886435331230235,2026-08-31,8.832807570977907,-0.4731861198738141,8.832807570977907,2026-09-01,12.618296529968465,7.25552050473186,10.410094637223978,2026-09-02,11.041009463722396,5.835962145110418,6.309148264984232,,,,,,,,,,,,,,,,,7.097791798107256,1.0,-2.3659305993690816,1.0,7.57097791798107,2.0,-2.3659305993690816,1.0,12.618296529968465,5.0,-2.3659305993690816,1.0,,,,,,,,,-1.26,5.991861198738163,5.36,-3.940441640378558,0.95,-0.1613564668769764,2.37,6.462807570977907,10.73,-0.3199053627760229,6.94,-0.6308517350157681,,,,,,,,,5.97,0.93,True,False,False,False,C
2026-08-25,278A,Ｔｅｒｒａ　Ｄｒｏｎｅ,13950.0,3,2026-08-26,22.222222222222232,8.387096774193559,22.222222222222232,2026-08-27,42.36559139784946,23.01075268817205,37.84946236559139,2026-08-28,57.70609318996416,32.759856630824366,54.9820788530466,2026-08-31,59.78494623655914,23.01075268817205,27.38351254480287,2026-09-01,40.14336917562724,21.075268817204297,27.38351254480287,2026-09-02,44.659498207885306,23.655913978494624,41.36200716845879,,,,,,,,,,,,,,,,,22.222222222222232,1.0,8.387096774193559,1.0,57.70609318996416,3.0,8.387096774193559,1.0,59.78494623655914,4.0,8.387096774193559,1.0,,,,,,,,,16.85,5.372222222222231,24.95,12.899462365591392,41.86,13.122078853046602,30.04,-2.65648745519713,35.41,-8.026487455197127,40.86,0.502007168458789,,,,,,,,,6.28,1.12,True,False,False,False,C
2026-08-25,290A,Ｓｙｎｓｐｅｃｔｉｖｅ,1417.0,3,2026-08-26,5.43401552575864,0.1411432604093043,5.43401552575864,2026-08-27,8.680310515172906,4.798870853916726,7.833450952717014,2026-08-28,14.467184191954829,6.139731827805228,14.467184191954829,2026-08-31,10.938602681721951,2.6111503175723305,5.786873676781923,2026-09-01,8.468595624558928,2.893436838390961,6.845448129851794,2026-09-02,4.587155963302747,-0.1411432604093154,1.1291460832745237,,,,,,,,,,,,,,,,,5.43401552575864,1.0,0.1411432604093043,1.0,14.467184191954829,3.0,0.1411432604093043,1.0,14.467184191954829,3.0,0.1411432604093043,1.0,,,,,,,,,2.26,3.17401552575864,5.58,2.2534509527170137,7.76,6.707184191954829,8.33,-2.543126323218077,6.7,0.1454481298517942,1.41,-0.2808539167254762,,,,,,,,,6.17,1.11,True,False,False,False,C
2026-08-25,2776,新都ホールディングス,104.0,7,2026-08-26,0.961538461538458,-5.769230769230771,-0.961538461538458,2026-08-27,-3.846153846153844,-6.730769230769229,-6.730769230769229,2026-08-28,-0.961538461538458,-5.769230769230771,-1.9230769230769276,2026-08-31,0.0,-4.807692307692313,0.0,2026-09-01,0.0,-2.884615384615385,0.0,2026-09-02,0.0,-2.884615384615385,-2.884615384615385,,,,,,,,,,,,,,,,,0.961538461538458,1.0,-5.769230769230771,1.0,0.961538461538458,1.0,-6.730769230769229,2.0,0.961538461538458,1.0,-6.730769230769229,2.0,,,,,,,,,-3.85,2.888461538461542,-4.81,-1.9207692307692292,-0.96,-0.9630769230769274,-4.81,4.81,-0.96,0.96,-2.88,-0.0046153846153855,,,,,,,,,7.45,4.03,True,True,True,True,CVBN
2026-08-25,334A,ビジュアル・プロセッシング・ジャパン,1025.0,5,2026-08-26,6.731707317073177,-0.0975609756097561,4.292682926829272,2026-08-27,3.902439024390248,-4.09756097560976,1.951219512195124,2026-08-28,2.4390243902439046,0.0,1.951219512195124,2026-08-31,9.95121951219513,4.390243902439028,9.658536585365862,2026-09-01,9.658536585365862,1.951219512195124,2.146341463414636,2026-09-02,0.9756097560975618,-2.3414634146341484,0.9756097560975618,,,,,,,,,,,,,,,,,6.731707317073177,1.0,-0.0975609756097561,1.0,6.731707317073177,1.0,-4.09756097560976,2.0,9.95121951219513,4.0,-4.09756097560976,2.0,,,,,,,,,1.27,3.022682926829272,1.95,0.0012195121951237,2.34,-0.3887804878048762,6.83,2.828536585365862,7.9,-5.753658536585364,0.98,-0.0043902439024381,,,,,,,,,9.33,2.82,True,False,True,True,CBN
2026-08-25,3845,アイフリークモバイル,283.0,4,2026-08-26,1.0600706713780994,-3.180212014134276,-1.0600706713780883,2026-08-27,1.413427561837466,-2.120141342756188,-1.7667844522968212,2026-08-28,1.0600706713780994,-3.5335689045936425,0.3533568904593664,2026-08-31,6.713780918727919,-4.59363957597173,6.713780918727919,2026-09-01,10.954063604240272,5.653710247349819,10.24734982332156,2026-09-02,9.18727915194346,-0.3533568904593664,-0.3533568904593664,,,,,,,,,,,,,,,,,1.0600706713780994,1.0,-3.180212014134276,1.0,1.413427561837466,2.0,-3.5335689045936425,3.0,10.954063604240272,5.0,-4.59363957597173,4.0,,,,,,,,,0.71,-1.7700706713780885,-1.41,-0.3567844522968213,-1.41,1.7633568904593664,-3.53,10.243780918727918,7.77,2.4773498233215605,0.0,-0.3533568904593664,,,,,,,,,5.97,2.58,True,False,True,True,CBN
2026-08-25,4691,ワシントンホテル,2385.0,4,2026-08-26,-1.383647798742138,-3.647798742138364,-2.851153039832288,2026-08-27,-1.4255765199161383,-4.276729559748427,-1.4255765199161383,2026-08-28,3.018867924528301,-1.0482180293501009,1.9287211740042,2026-08-31,2.1383647798742134,-2.851153039832288,-2.5576519916142515,2026-09-01,-2.599580712788263,-6.289308176100628,-5.492662473794551,2026-09-02,-7.42138364779874,-9.85324947589099,-9.85324947589099,,,,,,,,,,,,,,,,,-1.383647798742138,1.0,-3.647798742138364,1.0,3.018867924528301,3.0,-4.276729559748427,2.0,3.018867924528301,3.0,-6.289308176100628,5.0,,,,,,,,,-3.02,0.1688469601677118,-2.68,1.2544234800838616,-0.55,2.4787211740042,-0.92,-1.6376519916142516,-3.44,-2.052662473794552,-9.52,-0.3332494758909909,,,,,,,,,5.48,0.93,True,False,False,False,C
2026-08-25,7794,イーディーピー,993.0,4,2026-08-26,5.740181268882183,-1.309164149043307,4.833836858006047,2026-08-27,3.2225579053373643,-3.121852970795569,1.812688821752273,2026-08-28,2.316213494461228,-1.309164149043307,-0.6042296072507503,2026-08-31,-0.2014098690835797,-4.632426988922456,-0.2014098690835797,2026-09-01,-0.3021148036253751,-3.121852970795569,-1.1077542799597162,2026-09-02,-1.5105740181268867,-3.5246727089627394,-2.7190332326283984,,,,,,,,,,,,,,,,,5.740181268882183,1.0,-1.309164149043307,1.0,5.740181268882183,1.0,-3.121852970795569,2.0,5.740181268882183,1.0,-4.632426988922456,4.0,,,,,,,,,0.91,3.9238368580060463,0.81,1.002688821752273,0.7,-1.3042296072507502,-2.22,2.0185901309164205,-2.32,1.2122457200402836,-2.62,-0.0990332326283982,,,,,,,,,9.35,1.56,True,False,True,False,CB
2026-08-25,7615,京都きもの友禅ホールディングス,98.0,6,2026-08-26,25.510204081632647,-3.0612244897959218,3.0612244897959107,2026-08-27,13.265306122448983,3.0612244897959107,6.122448979591844,2026-08-28,5.102040816326525,1.0204081632652962,2.0408163265306145,2026-08-31,3.0612244897959107,0.0,2.0408163265306145,2026-09-01,11.22448979591837,1.0204081632652962,5.102040816326525,2026-09-02,8.163265306122458,2.0408163265306145,5.102040816326525,,,,,,,,,,,,,,,,,25.510204081632647,1.0,-3.0612244897959218,1.0,25.510204081632647,1.0,-3.0612244897959218,1.0,25.510204081632647,1.0,-3.0612244897959218,1.0,,,,,,,,,-2.04,5.101224489795911,9.18,-3.057551020408156,2.04,0.0008163265306144,1.02,1.0208163265306145,3.06,2.042040816326525,5.1,0.0020408163265255,,,,,,,,,5.38,4.14,True,True,False,True,CVN
2026-08-25,4584,キッズウェル・バイオ,179.0,5,2026-08-26,2.793296089385477,-0.5586592178770999,0.5586592178770999,2026-08-27,1.1173184357542,-1.1173184357541888,-0.5586592178770999,2026-08-28,3.910614525139655,-1.1173184357541888,1.1173184357542,2026-08-31,0.0,-5.027932960893855,-2.234636871508377,2026-09-01,-2.793296089385477,-5.027932960893855,-3.910614525139666,2026-09-02,-5.586592178770955,-7.821229050279332,-6.703910614525144,,,,,,,,,,,,,,,,,2.793296089385477,1.0,-0.5586592178770999,1.0,3.910614525139655,3.0,-1.1173184357541888,2.0,3.910614525139655,3.0,-5.027932960893855,4.0,,,,,,,,,0.0,0.5586592178770999,-0.56,0.0013407821229001,2.79,-1.6726815642458002,-3.91,1.6753631284916226,-3.91,-0.000614525139666,-6.7,-0.0039106145251439,,,,,,,,,7.19,1.54,True,False,True,True,CBN
2026-08-25,6396,宇野澤組鐵工所,4730.0,5,2026-08-26,0.0,0.0,0.0,2026-08-27,-0.6342494714587699,-0.6342494714587699,-0.6342494714587699,2026-08-28,-0.6342494714587699,-0.6342494714587699,-0.6342494714587699,2026-08-31,1.6913319238900604,-0.6342494714587699,1.6913319238900604,2026-09-01,1.4799154334038,1.4799154334038,1.4799154334038,,,,,,,,,,,,,,,,,,,,,0.0,1.0,0.0,1.0,0.0,1.0,-0.6342494714587699,2.0,1.6913319238900604,4.0,-0.6342494714587699,2.0,,,,,,,,,0.0,0.0,-0.63,-0.0042494714587698,-0.63,-0.0042494714587698,-0.53,2.2213319238900606,1.48,-8.45665961999309e-05,,,,,,,,,,,7.74,2.5,True,False,True,True,CBN
2026-08-25,8237,松屋,2864.0,5,2026-08-26,1.64106145251397,-3.945530726256985,1.2569832402234526,2026-08-27,5.97067039106145,2.2695530726257074,5.97067039106145,2026-08-28,7.018156424581012,-4.5391061452513926,-3.5614525139664788,2026-08-31,-6.913407821229045,-21.019553072625698,-21.019553072625698,2026-09-01,-18.610335195530723,-22.80027932960894,-20.530726256983243,2026-09-02,-22.695530726256983,-29.43435754189944,-28.14245810055865,,,,,,,,,,,,,,,,,1.64106145251397,1.0,-3.945530726256985,1.0,7.018156424581012,3.0,-4.5391061452513926,3.0,7.018156424581012,3.0,-22.80027932960894,5.0,,,,,,,,,-2.48,3.7369832402234526,2.76,3.2106703910614502,3.42,-6.981452513966479,-12.05,-8.969553072625697,-20.11,-0.4207262569832437,-27.97,-0.1724581005586536,,,,,,,,,6.0,1.06,True,False,True,True,CBN
2026-08-26,7983,ミロク,1298.0,7,2026-08-27,0.9244992295839748,-4.391371340523886,-0.4622496147919874,2026-08-28,-1.3867488443759624,-5.161787365177196,-5.0847457627118615,2026-08-31,-3.7750385208012327,-5.007704160246529,-4.930662557781207,2026-09-01,-4.0832049306625535,-5.161787365177196,-5.161787365177196,2026-09-02,-5.161787365177196,-6.702619414483824,-5.932203389830503,,,,,,,,,,,,,,,,,,,,,0.9244992295839748,1.0,-4.391371340523886,1.0,0.9244992295839748,1.0,-5.161787365177196,2.0,0.9244992295839748,1.0,-6.702619414483824,5.0,,,,,,,,,-1.46,0.9977503852080124,-3.62,-1.4647457627118614,-4.01,-0.9206625577812072,-4.93,-0.2317873651771957,-5.93,-0.0022033898305036,,,,,,,,,,,21.46,4.92,True,True,True,True,CVBN
2026-08-26,7810,クロスフォー,159.0,6,2026-08-27,37.73584905660377,8.176100628930815,9.433962264150942,2026-08-28,11.949685534591191,4.402515723270439,9.433962264150942,2026-08-31,10.691823899371066,5.031446540880502,7.547169811320753,2026-09-01,8.805031446540879,2.515723270440251,3.1446540880503138,2026-09-02,6.289308176100628,2.515723270440251,6.289308176100628,,,,,,,,,,,,,,,,,,,,,37.73584905660377,1.0,8.176100628930815,1.0,37.73584905660377,1.0,4.402515723270439,2.0,37.73584905660377,1.0,2.515723270440251,4.0,,,,,,,,,35.85,-26.41603773584906,6.29,3.143962264150942,7.55,-0.0028301886792467,5.66,-2.5153459119496864,5.66,0.6293081761006274,,,,,,,,,,,25.34,4.96,True,True,True,True,CVBN
2026-08-26,149A,シンカ,810.0,5,2026-08-27,-0.3703703703703653,-4.938271604938271,-1.2345679012345734,2026-08-28,0.0,-3.703703703703709,0.0,2026-08-31,0.0,-4.938271604938271,-2.716049382716046,2026-09-01,-0.2469135802469102,-1.975308641975304,-1.4814814814814836,2026-09-02,-1.1111111111111072,-2.469135802469136,-2.222222222222225,,,,,,,,,,,,,,,,,,,,,-0.3703703703703653,1.0,-4.938271604938271,1.0,0.0,2.0,-4.938271604938271,1.0,0.0,2.0,-4.938271604938271,1.0,,,,,,,,,-1.23,-0.0045679012345734,-2.59,2.59,-2.84,0.1239506172839539,-0.25,-1.2314814814814836,-1.6,-0.6222222222222253,,,,,,,,,,,4.15,2.73,False,False,True,True,BN
2026-08-26,1515,日鉄鉱業,3905.0,5,2026-08-27,2.176696542893719,-1.2804097311139515,0.6402048655569814,2026-08-28,3.072983354673497,-0.5121638924455829,2.048655569782332,2026-08-31,-1.2804097311139515,-4.737516005121634,-2.17669654289373,2026-09-01,3.201024327784885,-4.225352112676061,1.7925736235595346,2026-09-02,-3.5851472471190804,-15.364916773367476,-13.956466069142126,,,,,,,,,,,,,,,,,,,,,2.176696542893719,1.0,-1.2804097311139515,1.0,3.072983354673497,2.0,-4.737516005121634,3.0,3.201024327784885,4.0,-15.364916773367476,5.0,,,,,,,,,0.77,-0.1297951344430186,1.54,0.5086555697823316,-3.46,1.2833034571062698,-0.51,2.3025736235595344,-13.83,-0.1264660691421255,,,,,,,,,,,6.2,1.56,True,False,True,True,CBN
2026-08-26,4393,バンク・オブ・イノベーション,5780.0,5,2026-08-27,2.076124567474058,-3.460207612456745,1.903114186851207,2026-08-28,8.650519031141869,2.249134948096887,2.941176470588225,2026-08-31,2.076124567474058,-0.692041522491349,1.211072664359869,2026-09-01,1.730103806228378,-2.768166089965396,-2.249134948096887,2026-09-02,-3.979238754325265,-9.515570934256058,-8.650519031141869,,,,,,,,,,,,,,,,,,,,,2.076124567474058,1.0,-3.460207612456745,1.0,8.650519031141869,2.0,-3.460207612456745,1.0,8.650519031141869,2.0,-9.515570934256058,5.0,,,,,,,,,-2.77,4.673114186851207,7.61,-4.668823529411776,1.04,0.171072664359869,1.38,-3.629134948096887,-8.48,-0.1705190311418682,,,,,,,,,,,2.55,1.49,False,False,True,True,BN
2026-08-26,5711,三菱マテリアル,5921.0,5,2026-08-27,1.0977875358892053,-2.600912008106737,0.3884478973146477,2026-08-28,3.681810504982264,-1.334234082080732,2.313798344874174,2026-08-31,-1.7226819793953685,-5.5058267184597165,-4.408039182570511,2026-09-01,0.0844451950684055,-5.421381523391322,0.0844451950684055,2026-09-02,-2.2124641107921006,-10.454315149467996,-9.728086471879749,,,,,,,,,,,,,,,,,,,,,1.0977875358892053,1.0,-2.600912008106737,1.0,3.681810504982264,2.0,-5.5058267184597165,3.0,3.681810504982264,2.0,-10.454315149467996,5.0,,,,,,,,,-1.4,1.7884478973146476,0.44,1.873798344874174,-3.11,-1.298039182570511,-1.52,1.6044451950684055,-10.29,0.5619135281202503,,,,,,,,,,,5.95,1.33,True,False,True,True,CBN
2026-08-26,5724,アサカ理研,3685.0,5,2026-08-27,-4.206241519674359,-14.925373134328357,-4.884667571234735,2026-08-28,-3.3921302578018957,-10.719131614653998,-9.76933514246947,2026-08-31,-7.598371777476254,-12.618724559023065,-12.21166892808684,2026-09-01,-10.583446404341924,-13.704206241519678,-11.126187245590236,2026-09-02,-13.161465400271366,-18.58887381275441,-17.910447761194025,,,,,,,,,,,,,,,,,,,,,-4.206241519674359,1.0,-14.925373134328357,1.0,-3.3921302578018957,2.0,-14.925373134328357,1.0,-3.3921302578018957,2.0,-18.58887381275441,5.0,,,,,,,,,-11.67,6.7853324287652645,-7.73,-2.0393351424694703,-8.28,-3.93166892808684,-11.53,0.4038127544097634,-17.64,-0.2704477611940241,,,,,,,,,,,1.76,2.89,False,False,True,True,BN
2026-08-26,6027,弁護士ドットコム,4875.0,5,2026-08-27,10.358974358974349,-0.9230769230769263,5.43589743589743,2026-08-28,12.82051282051282,2.358974358974364,4.820512820512812,2026-08-31,13.435897435897438,-2.358974358974364,9.948717948717944,2026-09-01,18.56410256410257,7.8974358974359005,8.102564102564092,2026-09-02,8.102564102564092,-0.2051282051282021,4.410256410256408,,,,,,,,,,,,,,,,,,,,,10.358974358974349,1.0,-0.9230769230769263,1.0,13.435897435897438,3.0,-2.358974358974364,3.0,18.56410256410257,4.0,-2.358974358974364,3.0,,,,,,,,,1.44,3.99589743589743,8.1,-3.279487179487188,3.79,6.158717948717945,16.51,-8.40743589743591,5.23,-0.8197435897435925,,,,,,,,,,,16.23,1.34,True,False,True,True,CBN
2026-08-26,6396,宇野澤組鐵工所,4730.0,5,2026-08-27,-0.6342494714587699,-0.6342494714587699,-0.6342494714587699,2026-08-28,-0.6342494714587699,-0.6342494714587699,-0.6342494714587699,2026-08-31,1.6913319238900604,-0.6342494714587699,1.6913319238900604,2026-09-01,1.4799154334038,1.4799154334038,1.4799154334038,,,,,,,,,,,,,,,,,,,,,,,,,-0.6342494714587699,1.0,-0.6342494714587699,1.0,1.6913319238900604,3.0,-0.6342494714587699,1.0,,,,,,,,,,,,,-0.63,-0.0042494714587698,-0.63,-0.0042494714587698,-0.53,2.2213319238900606,1.48,-8.45665961999309e-05,,,,,,,,,,,,,0.0,0.31,False,False,False,False,NONE
2026-08-26,6664,オプトエレクトロニクス,259.0,5,2026-08-27,0.0,-2.7027027027026973,-1.544401544401541,2026-08-28,-1.544401544401541,-3.474903474903479,-1.9305019305019264,2026-08-31,-0.3861003861003853,-3.0888030888030937,-0.3861003861003853,2026-09-01,-0.3861003861003853,-1.158301158301156,-1.158301158301156,2026-09-02,0.7722007722007707,-3.474903474903479,0.7722007722007707,,,,,,,,,,,,,,,,,,,,,0.0,1.0,-2.7027027027026973,1.0,0.0,1.0,-3.474903474903479,2.0,0.7722007722007707,5.0,-3.474903474903479,2.0,,,,,,,,,-1.16,-0.3844015444015414,-1.54,-0.3905019305019266,-3.09,2.7038996138996145,-1.16,0.0016988416988439,-0.77,1.542200772200771,,,,,,,,,,,5.28,3.25,True,True,True,True,CVBN
2026-08-26,7709,クボテック,48.0,5,2026-08-27,27.083333333333325,-6.25,0.0,2026-08-28,33.33333333333333,6.25,8.333333333333325,2026-08-31,58.33333333333333,8.333333333333325,31.25,2026-09-01,70.83333333333333,33.33333333333333,41.66666666666667,2026-09-02,64.58333333333333,29.166666666666675,41.66666666666667,,,,,,,,,,,,,,,,,,,,,27.083333333333325,1.0,-6.25,1.0,58.33333333333333,3.0,-6.25,1.0,70.83333333333333,4.0,-6.25,1.0,,,,,,,,,14.58,-14.58,29.17,-20.83666666666668,45.83,-14.579999999999998,62.5,-20.83333333333333,39.58,2.086666666666673,,,,,,,,,,,66.67,4.8,True,True,True,True,CVBN
2026-08-26,1447,ＳＡＡＦホールディングス,421.0,4,2026-08-27,1.4251781472684133,-1.4251781472684133,0.2375296912114022,2026-08-28,1.9002375296912175,-0.7125890736342066,1.9002375296912175,2026-08-31,2.375296912114022,-2.8503562945368155,-1.6627078384798155,2026-09-01,-0.2375296912114022,-2.137767220902609,-0.7125890736342066,2026-09-02,0.2375296912114022,-2.137767220902609,-0.2375296912114022,,,,,,,,,,,,,,,,,,,,,1.4251781472684133,1.0,-1.4251781472684133,1.0,2.375296912114022,3.0,-2.8503562945368155,3.0,2.375296912114022,3.0,-2.8503562945368155,3.0,,,,,,,,,-0.24,0.4775296912114022,-0.48,2.3802375296912177,0.0,-1.6627078384798155,-2.14,1.4274109263657937,-0.24,0.0024703087885977,,,,,,,,,,,5.0,3.55,True,True,True,False,CVB
2026-08-26,278A,Ｔｅｒｒａ　Ｄｒｏｎｅ,16170.0,4,2026-08-27,22.8200371057514,6.122448979591844,18.92393320964749,2026-08-28,36.05442176870748,14.533085961657388,33.70439084724799,2026-08-31,37.84786641929499,6.122448979591844,9.894867037724175,2026-09-01,20.90290661719234,4.452690166975892,9.894867037724175,2026-09-02,24.799010513296228,6.679035250463827,21.95423623995052,,,,,,,,,,,,,,,,,,,,,22.8200371057514,1.0,6.122448979591844,1.0,37.84786641929499,3.0,6.122448979591844,1.0,37.84786641929499,3.0,4.452690166975892,4.0,,,,,,,,,7.79,11.133933209647497,22.39,11.314390847247992,12.18,-2.2851329622758243,16.82,-6.925132962275825,21.52,0.4342362399505184,,,,,,,,,,,21.35,2.3,True,False,True,True,CBN
2026-08-26,5484,東北特殊鋼,4475.0,4,2026-08-27,0.0,0.0,0.0,2026-08-28,0.0,0.0,0.0,2026-08-31,-0.6703910614525133,-0.6703910614525133,-0.6703910614525133,2026-09-01,-0.6703910614525133,-0.6703910614525133,-0.6703910614525133,,,,,,,,,,,,,,,,,,,,,,,,,0.0,1.0,0.0,1.0,0.0,1.0,-0.6703910614525133,3.0,,,,,,,,,,,,,0.0,0.0,0.0,0.0,-0.67,-0.0003910614525132,-0.67,-0.0003910614525132,,,,,,,,,,,,,0.56,5.0,False,True,True,True,VBN
2026-08-26,7640,トップカルチャー,190.0,4,2026-08-27,2.1052631578947434,-1.5789473684210575,2.1052631578947434,2026-08-28,2.631578947368429,0.0,2.1052631578947434,2026-08-31,3.6842105263157783,1.5789473684210575,3.6842105263157783,2026-09-01,4.210526315789465,0.5263157894736858,2.631578947368429,2026-09-02,3.6842105263157783,0.5263157894736858,3.6842105263157783,,,,,,,,,,,,,,,,,,,,,2.1052631578947434,1.0,-1.5789473684210575,1.0,3.6842105263157783,3.0,-1.5789473684210575,1.0,4.210526315789465,4.0,-1.5789473684210575,1.0,,,,,,,,,-1.05,3.155263157894743,1.05,1.0552631578947431,2.63,1.0542105263157788,3.68,-1.048421052631571,2.63,1.0542105263157788,,,,,,,,,,,4.4,3.86,False,True,True,True,VBN
2026-08-26,2354,ＹＥ　ＤＩＧＩＴＡＬ,1461.0,3,2026-08-27,5.201916495550996,-1.7111567419575646,0.5475701574264136,2026-08-28,4.106776180698146,-0.7529089664613298,2.6009582477754867,2026-08-31,20.328542094455848,0.958247775496246,4.654346338124582,2026-09-01,3.7645448323066377,-5.475701574264202,-3.696098562628336,2026-09-02,-3.696098562628336,-9.30869267624914,-8.555783709787812,,,,,,,,,,,,,,,,,,,,,5.201916495550996,1.0,-1.7111567419575646,1.0,20.328542094455848,3.0,-1.7111567419575646,1.0,20.328542094455848,3.0,-9.30869267624914,5.0,,,,,,,,,-0.34,0.8875701574264137,-0.62,3.220958247775487,17.8,-13.145653661875418,0.34,-4.036098562628336,-8.62,0.0642162902121867,,,,,,,,,,,3.33,1.28,False,False,False,False,NONE
2026-08-26,4170,Ｋａｉｚｅｎ　Ｐｌａｔｆｏｒｍ,222.0,3,2026-08-27,-9.009009009009006,-31.981981981981978,-31.981981981981978,2026-08-28,-32.432432432432435,-37.83783783783784,-36.48648648648649,2026-08-31,-35.58558558558559,-38.288288288288285,-36.93693693693694,2026-09-01,-36.03603603603604,-38.288288288288285,-37.83783783783784,2026-09-02,-37.83783783783784,-40.54054054054054,-39.18918918918919,,,,,,,,,,,,,,,,,,,,,-9.009009009009006,1.0,-31.981981981981978,1.0,-9.009009009009006,1.0,-38.288288288288285,3.0,-9.009009009009006,1.0,-40.54054054054054,5.0,,,,,,,,,-11.26,-20.721981981981976,-36.49,0.0035135135135107,-37.39,0.4530630630630625,-36.94,-0.8978378378378409,-39.19,0.0008108108108118,,,,,,,,,,,4.05,2.27,False,False,True,True,BN
2026-08-26,4316,ビーマップ,81.0,3,2026-08-27,22.222222222222232,2.4691358024691468,4.938271604938271,2026-08-28,39.50617283950617,4.938271604938271,24.69135802469136,2026-08-31,76.54320987654322,29.629629629629623,62.96296296296296,2026-09-01,122.22222222222224,51.85185185185186,66.66666666666667,2026-09-02,103.70370370370372,48.14814814814814,50.617283950617285,,,,,,,,,,,,,,,,,,,,,22.222222222222232,1.0,2.4691358024691468,1.0,76.54320987654322,3.0,2.4691358024691468,1.0,122.22222222222224,4.0,2.4691358024691468,1.0,,,,,,,,,11.11,-6.171728395061728,12.35,12.341358024691358,64.2,-1.237037037037048,101.23,-34.56333333333333,54.32,-3.7027160493827154,,,,,,,,,,,38.96,4.68,True,True,True,False,CVB
2026-08-26,4418,ＪＤＳＣ,1069.0,3,2026-08-27,-1.7773620205799867,-5.51917680074836,-2.0579981290926086,2026-08-28,8.044901777362012,-2.0579981290926086,6.454630495790448,2026-08-31,7.764265668849402,4.303086997193639,5.799812909260993,2026-09-01,8.044901777362012,3.0869971936389184,4.677268475210483,2026-09-02,6.267539756782048,0.8419083255378768,2.432179607109441,,,,,,,,,,,,,,,,,,,,,-1.7773620205799867,1.0,-5.51917680074836,1.0,8.044901777362012,2.0,-5.51917680074836,1.0,8.044901777362012,2.0,-5.51917680074836,1.0,,,,,,,,,-4.12,2.0620018709073915,2.81,3.644630495790448,6.08,-0.2801870907390071,6.36,-1.6827315247895172,2.53,-0.0978203928905583,,,,,,,,,,,0.0,0.89,False,False,False,False,NONE
2026-08-26,4419,Ｆｉｎａｔｅｘｔホールディングス,1432.0,3,2026-08-27,3.4916201117318524,-0.7681564245810013,1.2569832402234526,2026-08-28,5.44692737430168,0.4888268156424624,1.32681564245809,2026-08-31,5.307262569832405,1.32681564245809,2.304469273743015,2026-09-01,3.28212290502794,-2.3743016759776525,-2.304469273743015,2026-09-02,-4.5391061452513926,-7.4022346368715075,-6.983240223463683,,,,,,,,,,,,,,,,,,,,,3.4916201117318524,1.0,-0.7681564245810013,1.0,5.44692737430168,2.0,-0.7681564245810013,1.0,5.44692737430168,2.0,-7.4022346368715075,5.0,,,,,,,,,-0.21,1.4669832402234526,2.86,-1.5331843575419095,4.47,-2.1655307262569847,2.51,-4.814469273743015,-6.63,-0.3532402234636826,,,,,,,,,,,6.63,1.28,True,False,False,False,C
2026-08-26,4178,Ｓｈａｒｉｎｇ　Ｉｎｎｏｖａｔｉｏｎｓ,552.0,7,2026-08-27,-0.1811594202898558,-1.449275362318836,-0.1811594202898558,2026-08-28,0.5434782608695565,-1.9927536231884035,-1.6304347826086918,2026-08-31,0.3623188405797117,-3.6231884057971055,0.1811594202898447,2026-09-01,0.0,-1.811594202898548,-0.5434782608695676,2026-09-02,-1.0869565217391353,-2.898550724637683,-2.717391304347827,,,,,,,,,,,,,,,,,,,,,-0.1811594202898558,1.0,-1.449275362318836,1.0,0.5434782608695565,2.0,-3.6231884057971055,3.0,0.5434782608695565,2.0,-3.6231884057971055,3.0,,,,,,,,,-0.36,0.1788405797101441,-0.72,-0.9104347826086918,-2.9,3.0811594202898447,0.0,-0.5434782608695676,-2.36,-0.3573913043478272,,,,,,,,,,,12.83,4.39,True,True,True,True,CVBN
2026-08-26,4370,モビルス,365.0,7,2026-08-27,-6.301369863013695,-15.068493150684937,-14.24657534246575,2026-08-28,7.671232876712319,-12.05479452054794,7.671232876712319,2026-08-31,12.328767123287676,-1.0958904109588996,3.287671232876721,2026-09-01,3.287671232876721,-8.21917808219178,-5.205479452054796,2026-09-02,0.5479452054794498,-10.410958904109592,-3.013698630136985,,,,,,,,,,,,,,,,,,,,,-6.301369863013695,1.0,-15.068493150684937,1.0,12.328767123287676,3.0,-15.068493150684937,1.0,12.328767123287676,3.0,-15.068493150684937,1.0,,,,,,,,,-6.3,-7.94657534246575,2.74,4.931232876712319,5.21,-1.922328767123279,-3.84,-1.365479452054796,-5.75,2.736301369863015,,,,,,,,,,,15.33,4.77,True,True,True,True,CVBN
2026-08-26,4422,ＶＡＬＵＥＮＥＸ,659.0,7,2026-08-27,-8.497723823975722,-14.264036418816383,-9.408194233687404,2026-08-28,-5.311077389984831,-11.077389984825492,-10.015174506828528,2026-08-31,0.7587253414264028,-10.015174506828528,-2.88315629742033,2026-09-01,-2.73141122913505,-11.684370257966616,-10.47040971168437,2026-09-02,-11.684370257966616,-15.32625189681336,-13.50531107738998,,,,,,,,,,,,,,,,,,,,,-8.497723823975722,1.0,-14.264036418816383,1.0,0.7587253414264028,3.0,-14.264036418816383,1.0,0.7587253414264028,3.0,-15.32625189681336,5.0,,,,,,,,,-12.59,3.1818057663125945,-7.44,-2.575174506828527,-9.41,6.5268437025796695,-6.98,-3.4904097116843698,-13.51,0.0046889226100184,,,,,,,,,,,7.33,4.55,True,True,False,True,CVN
2026-08-26,3907,シリコンスタジオ,2039.0,4,2026-08-27,15.988229524276608,0.5394801373222124,4.708190289357539,2026-08-28,29.23001471309465,24.32564982834724,29.23001471309465,2026-08-31,46.54242275625307,15.056400196174602,15.056400196174602,2026-09-01,12.898479646885727,1.9617459538989743,3.0407062285433994,2026-09-02,-0.4413928396272637,-5.492888670917118,-2.795487984306033,,,,,,,,,,,,,,,,,,,,,15.988229524276608,1.0,0.5394801373222124,1.0,46.54242275625307,3.0,0.5394801373222124,1.0,46.54242275625307,3.0,-5.492888670917118,5.0,,,,,,,,,4.95,-0.2418097106424612,29.23,1.4713094653728833e-05,38.4,-23.3435998038254,7.5,-4.4592937714566006,-2.31,-0.4854879843060331,,,,,,,,,,,16.81,1.33,True,False,False,True,CN
2026-08-26,4361,川口化学工業,1571.0,4,2026-08-27,0.8274984086569015,-0.3182686187141903,0.8274984086569015,2026-08-28,1.2730744748567837,0.0636537237428402,0.7638446849140612,2026-08-31,1.845957988542324,0.8911521323997418,1.845957988542324,2026-09-01,1.9732654360280044,1.400381922342464,1.5276893698281446,2026-09-02,1.4640356460853043,0.954805856142582,1.400381922342464,,,,,,,,,,,,,,,,,,,,,0.8274984086569015,1.0,-0.3182686187141903,1.0,1.845957988542324,3.0,-0.3182686187141903,1.0,1.9732654360280044,4.0,-0.3182686187141903,1.0,,,,,,,,,0.51,0.3174984086569015,0.83,-0.0661553150859387,1.53,0.3159579885423238,1.97,-0.4423106301718553,0.95,0.4503819223424641,,,,,,,,,,,1.75,3.57,False,True,True,True,VBN
2026-08-26,6580,ライトアップ,971.0,4,2026-08-27,4.943357363542744,-1.9567456230690008,-1.9567456230690008,2026-08-28,-1.6477857878475777,-5.767250257466527,-5.664263645726053,2026-08-31,-4.222451081359424,-6.385169927909374,-4.84037075180227,2026-09-01,-4.84037075180227,-8.2389289392379,-6.694129763130796,2026-09-02,-6.488156539649848,-9.371781668383106,-8.650875386199797,,,,,,,,,,,,,,,,,,,,,4.943357363542744,1.0,-1.9567456230690008,1.0,4.943357363542744,1.0,-6.385169927909374,3.0,4.943357363542744,1.0,-9.371781668383106,5.0,,,,,,,,,1.75,-3.706745623069001,-4.53,-1.1342636457260529,-4.94,0.0996292481977301,-5.87,-0.824129763130796,-8.75,0.0991246138002033,,,,,,,,,,,6.65,1.16,True,False,True,True,CBN
2026-08-26,3077,ホリイフードサービス,1099.0,5,2026-08-27,3.2757051865332176,-0.9099181073703332,0.0909918107370399,2026-08-28,12.465878070973613,2.82074613284804,10.646041856232946,2026-08-31,12.92083712465879,2.3657870791628843,11.828935395814376,2026-09-01,19.563239308462244,10.555050045495909,15.832575068243848,2026-09-02,16.92447679708826,12.283894449499556,14.012738853503182,,,,,,,,,,,,,,,,,,,,,3.2757051865332176,1.0,-0.9099181073703332,1.0,12.92083712465879,3.0,-0.9099181073703332,1.0,19.563239308462244,4.0,-0.9099181073703332,1.0,,,,,,,,,1.0,-0.90900818926296,9.46,1.1860418562329451,6.46,5.368935395814376,15.56,0.2725750682438477,13.47,0.542738853503181,,,,,,,,,,,7.28,1.14,True,False,True,True,CBN
2026-08-26,7094,ＮｅｘＴｏｎｅ,1842.0,5,2026-08-27,4.017372421281218,-0.0542888165038002,2.3887079261672106,2026-08-28,8.143322475570036,1.5200868621064068,7.220412595005432,2026-08-31,8.034744842562436,4.777415852334421,7.220412595005432,2026-09-01,7.057546145494031,2.605863192182412,3.040173724212813,2026-09-02,2.605863192182412,-1.5200868621064068,-0.9771986970684045,,,,,,,,,,,,,,,,,,,,,4.017372421281218,1.0,-0.0542888165038002,1.0,8.143322475570036,2.0,-0.0542888165038002,1.0,8.143322475570036,2.0,-1.5200868621064068,5.0,,,,,,,,,0.43,1.958707926167211,2.99,4.230412595005432,6.03,1.1904125950054318,5.81,-2.769826275787186,-0.65,-0.3271986970684043,,,,,,,,,,,5.81,2.28,True,False,True,True,CBN
2026-08-26,6769,ザインエレクトロニクス,1130.0,6,2026-08-27,4.070796460176984,-1.0619469026548645,0.8849557522123908,2026-08-28,10.8849557522124,-0.7964601769911539,6.814159292035393,2026-08-31,6.814159292035393,0.707964601769917,3.6283185840708,2026-09-01,3.539823008849563,-0.3539823008849585,1.7699115044247815,2026-09-02,3.539823008849563,-2.212389380530977,0.0,,,,,,,,,,,,,,,,,,,,,4.070796460176984,1.0,-1.0619469026548645,1.0,10.8849557522124,2.0,-1.0619469026548645,1.0,10.8849557522124,2.0,-2.212389380530977,5.0,,,,,,,,,0.88,0.0049557522123907,1.33,5.484159292035393,3.1,0.5283185840707998,0.35,1.4199115044247814,0.71,-0.71,,,,,,,,,,,6.35,3.17,True,True,False,True,CVN
2026-08-26,1965,テクノ菱和,6920.0,5,2026-08-27,5.202312138728327,0.0,0.5780346820809301,2026-08-28,0.8670520231213841,-2.3121387283236983,-0.289017341040465,2026-08-31,2.456647398843925,-2.023121387283233,0.2890173410404539,2026-09-01,1.734104046242768,-0.5780346820809301,0.7225433526011571,2026-09-02,1.5895953757225412,-2.8901734104046284,-2.6011560693641638,,,,,,,,,,,,,,,,,,,,,5.202312138728327,1.0,0.0,1.0,5.202312138728327,1.0,-2.3121387283236983,2.0,5.202312138728327,1.0,-2.8901734104046284,5.0,,,,,,,,,2.02,-1.44196531791907,-1.59,1.300982658959535,-0.43,0.7190173410404539,0.58,0.1425433526011571,-2.46,-0.1411560693641633,,,,,,,,,,,5.5,1.45,True,False,True,True,CBN
2026-08-26,2484,出前館,174.0,5,2026-08-27,2.873563218390806,-2.298850574712641,0.5747126436781658,2026-08-28,14.367816091954031,-2.298850574712641,6.321839080459779,2026-08-31,6.896551724137923,1.724137931034475,4.022988505747116,2026-09-01,3.4482758620689724,-1.7241379310344862,2.298850574712641,2026-09-02,0.5747126436781658,-6.896551724137934,-6.896551724137934,,,,,,,,,,,,,,,,,,,,,2.873563218390806,1.0,-2.298850574712641,1.0,14.367816091954031,2.0,-2.298850574712641,1.0,14.367816091954031,2.0,-6.896551724137934,5.0,,,,,,,,,0.57,0.0047126436781658,0.57,5.751839080459779,2.3,1.7229885057471162,2.3,-0.0011494252873589,-6.32,-0.5765517241379339,,,,,,,,,,,7.41,1.85,True,False,True,True,CBN
2026-08-26,3083,スターシーズ,1127.0,5,2026-08-27,1.2422360248447228,-5.944986690328302,-2.5732031943212053,2026-08-28,-0.6211180124223614,-3.9929015084294575,-2.3070097604259043,2026-08-31,2.4844720496894457,-3.105590062111796,2.0408163265306145,2026-09-01,5.05767524401064,0.709849157054121,4.081632653061229,2026-09-02,11.978704525288377,-0.2661934338953009,10.64773735581188,,,,,,,,,,,,,,,,,,,,,1.2422360248447228,1.0,-5.944986690328302,1.0,2.4844720496894457,3.0,-5.944986690328302,1.0,11.978704525288377,5.0,-5.944986690328302,1.0,,,,,,,,,-0.62,-1.9532031943212047,-2.4,0.0929902395740955,-0.89,2.930816326530614,3.11,0.9716326530612291,8.25,2.3977373558118806,,,,,,,,,,,10.28,1.89,True,False,True,True,CBN
2026-08-26,4667,アイサンテクノロジー,2260.0,5,2026-08-27,3.93805309734514,-2.8761061946902644,-2.6548672566371723,2026-08-28,19.469026548672574,3.0973451327433565,17.7433628318584,2026-08-31,40.04424778761062,26.23893805309734,40.04424778761062,2026-09-01,33.84955752212389,15.088495575221229,16.946902654867245,2026-09-02,39.15929203539823,10.619469026548668,39.15929203539823,,,,,,,,,,,,,,,,,,,,,3.93805309734514,1.0,-2.8761061946902644,1.0,40.04424778761062,3.0,-2.8761061946902644,1.0,40.04424778761062,3.0,-2.8761061946902644,1.0,,,,,,,,,-2.21,-0.4448672566371723,4.96,12.783362831858398,36.95,3.09424778761062,22.35,-5.403097345132757,39.16,-0.0007079646017658,,,,,,,,,,,6.24,1.38,True,False,True,True,CBN
2026-08-26,5243,ｎｏｔｅ,2713.0,5,2026-08-27,3.943973461113148,-0.6634721710283786,2.9119056395134457,2026-08-28,15.554736454109852,2.35901216365646,13.711758201253232,2026-08-31,15.739034279395517,8.920014743826021,12.974566900110585,2026-09-01,14.63324732768154,6.3767047548839,6.524143015112416,2026-09-02,4.681164762255796,0.995208256542579,2.543309988942122,,,,,,,,,,,,,,,,,,,,,3.943973461113148,1.0,-0.6634721710283786,1.0,15.739034279395517,3.0,-0.6634721710283786,1.0,15.739034279395517,3.0,-0.6634721710283786,1.0,,,,,,,,,1.0,1.9119056395134455,6.97,6.741758201253233,10.5,2.474566900110585,12.05,-5.525856984887585,2.4,0.1433099889421218,,,,,,,,,,,5.64,1.75,True,False,True,True,CBN
2026-08-26,5537,ＡｌｂａＬｉｎｋ,3415.0,5,2026-08-27,2.196193265007329,-3.8067349926793503,-3.8067349926793503,2026-08-28,3.3674963396779,-5.710102489019031,2.7818448023426035,2026-08-31,2.6354319180087904,-1.4641288433382085,-0.2928257686676372,2026-09-01,8.491947291361646,-2.928257686676428,4.392386530014636,2026-09-02,1.9033674963396807,-2.342606149341142,-1.7569546120058566,,,,,,,,,,,,,,,,,,,,,2.196193265007329,1.0,-3.8067349926793503,1.0,3.3674963396779,2.0,-5.710102489019031,2.0,8.491947291361646,4.0,-5.710102489019031,2.0,,,,,,,,,-1.9,-1.9067349926793504,-3.51,6.291844802342603,1.9,-2.192825768667637,0.44,3.952386530014636,-1.17,-0.5869546120058566,,,,,,,,,,,13.37,1.88,True,False,True,True,CBN
2026-08-26,4082,第一稀元素化学工業,2591.0,5,2026-08-27,19.45194905441914,0.3473562331146373,15.785411038209183,2026-08-28,14.588961790814349,8.143573909687385,9.224237746043997,2026-08-31,11.539945966808183,2.35430335777691,2.5858741798533424,2026-09-01,5.5576997298340425,-3.4349671941335425,5.210343496719405,2026-09-02,2.5086839058278576,-5.055962948668469,-4.515631030490164,,,,,,,,,,,,,,,,,,,,,19.45194905441914,1.0,0.3473562331146373,1.0,19.45194905441914,1.0,0.3473562331146373,1.0,19.45194905441914,1.0,-5.055962948668469,5.0,,,,,,,,,8.07,7.715411038209185,10.77,-1.5457622539560043,9.65,-7.064125820146658,3.01,2.2003434967194053,-4.94,0.4243689695098362,,,,,,,,,,,23.91,1.29,True,False,True,True,CBN
2026-08-26,4346,ＮＥＸＹＺ．Ｇｒｏｕｐ,920.0,5,2026-08-27,2.717391304347827,-1.6304347826086918,2.717391304347827,2026-08-28,12.826086956521742,3.4782608695652195,10.869565217391308,2026-08-31,11.413043478260864,7.391304347826089,9.89130434782608,2026-09-01,17.391304347826097,8.58695652173913,9.130434782608688,2026-09-02,10.869565217391308,6.41304347826086,10.652173913043471,,,,,,,,,,,,,,,,,,,,,2.717391304347827,1.0,-1.6304347826086918,1.0,12.826086956521742,2.0,-1.6304347826086918,1.0,17.391304347826097,4.0,-1.6304347826086918,1.0,,,,,,,,,-0.98,3.697391304347827,10.87,-0.000434782608691,9.24,0.6513043478260787,14.13,-4.9995652173913125,10.54,0.112173913043474,,,,,,,,,,,5.14,1.26,True,False,True,True,CBN
2026-08-26,3559,ピーバンドットコム,447.0,3,2026-08-27,2.460850111856816,-1.342281879194629,2.460850111856816,2026-08-28,2.460850111856816,1.118568232662187,1.5659955257270708,2026-08-31,6.263982102908283,1.118568232662187,6.263982102908283,2026-09-01,6.263982102908283,3.803131991051445,4.4742729306487705,2026-09-02,4.697986577181212,1.342281879194629,2.9082774049217,,,,,,,,,,,,,,,,,,,,,2.460850111856816,1.0,-1.342281879194629,1.0,6.263982102908283,3.0,-1.342281879194629,1.0,6.263982102908283,3.0,-1.342281879194629,1.0,,,,,,,,,1.57,0.890850111856816,1.12,0.4459955257270707,1.57,4.693982102908283,4.03,0.4442729306487702,3.36,-0.4517225950783001,,,,,,,,,,,1.82,3.07,False,True,False,True,VN
2026-08-26,4237,フジプレアム,348.0,3,2026-08-27,6.321839080459779,3.4482758620689724,4.022988505747116,2026-08-28,5.747126436781613,3.735632183908044,3.735632183908044,2026-08-31,4.597701149425282,2.011494252873569,3.1609195402298784,2026-09-01,2.298850574712641,1.1494252873563315,1.1494252873563315,2026-09-02,4.597701149425282,1.724137931034475,3.4482758620689724,,,,,,,,,,,,,,,,,,,,,6.321839080459779,1.0,3.4482758620689724,1.0,6.321839080459779,1.0,2.011494252873569,3.0,6.321839080459779,1.0,1.1494252873563315,4.0,,,,,,,,,4.6,-0.5770114942528837,4.6,-0.8643678160919555,4.02,-0.8590804597701212,1.72,-0.5705747126436684,2.87,0.5782758620689723,,,,,,,,,,,4.82,3.47,False,True,False,True,VN
2026-08-26,4424,Ａｍａｚｉａ,357.0,3,2026-08-27,-1.4005602240896309,-7.002801120448177,-4.201680672268903,2026-08-28,-0.8403361344537785,-6.442577030812324,-5.602240896358546,2026-08-31,-3.6414565826330514,-6.72268907563025,-3.9215686274509776,2026-09-01,1.9607843137254832,-3.361344537815125,-0.5602240896358524,2026-09-02,7.002801120448177,-4.201680672268903,-2.801120448179273,,,,,,,,,,,,,,,,,,,,,-1.4005602240896309,1.0,-7.002801120448177,1.0,-0.8403361344537785,2.0,-7.002801120448177,1.0,7.002801120448177,5.0,-7.002801120448177,1.0,,,,,,,,,-2.8,-1.4016806722689037,-3.64,-1.9622408963585456,-5.32,1.3984313725490227,-2.52,1.959775910364148,-3.92,1.118879551820727,,,,,,,,,,,7.53,2.56,True,False,False,False,C
2026-08-26,5449,大阪製鐵,2847.0,3,2026-08-27,3.2665964172813533,-1.2293642430628693,2.4938531787846774,2026-08-28,4.039339655778007,0.1053740779768164,0.9834913944503088,2026-08-31,0.8078679311555925,-3.4070951879171085,-3.4070951879171085,2026-09-01,-0.9483667017913588,-4.109589041095896,-1.5806111696522684,2026-09-02,-2.037232174218473,-7.481559536354054,-5.022831050228316,,,,,,,,,,,,,,,,,,,,,3.2665964172813533,1.0,-1.2293642430628693,1.0,4.039339655778007,2.0,-3.4070951879171085,3.0,4.039339655778007,2.0,-7.481559536354054,5.0,,,,,,,,,0.39,2.1038531787846773,3.48,-2.4965086055496912,-1.3,-2.1070951879171087,-2.0,0.4193888303477315,-5.51,0.487168949771684,,,,,,,,,,,7.23,1.44,True,False,False,False,C
2026-08-26,6085,アーキテクツ・スタジオ・ジャパン,235.0,3,2026-08-27,20.425531914893625,-20.0,-14.468085106382976,2026-08-28,3.404255319148941,-10.212765957446813,-4.255319148936165,2026-08-31,5.957446808510647,-13.617021276595745,-11.063829787234049,2026-09-01,-6.808510638297872,-22.97872340425532,-8.085106382978724,2026-09-02,-8.510638297872342,-16.170212765957448,-15.74468085106383,,,,,,,,,,,,,,,,,,,,,20.425531914893625,1.0,-20.0,1.0,20.425531914893625,1.0,-20.0,1.0,20.425531914893625,1.0,-22.97872340425532,4.0,,,,,,,,,3.4,-17.868085106382978,-2.55,-1.705319148936165,-10.64,-0.4238297872340464,-21.28,13.194893617021275,-15.32,-0.4246808510638296,,,,,,,,,,,27.03,1.04,True,False,True,True,CBN
2026-08-26,7472,鳥羽洋行,3965.0,3,2026-08-27,0.0,-0.2522068095838548,-0.2522068095838548,2026-08-28,-0.2522068095838548,-1.8915510718789383,-0.5044136191677207,2026-08-31,-0.3783102143757877,-1.261034047919296,-0.3783102143757877,2026-09-01,0.7566204287515754,0.5044136191677095,0.5044136191677095,2026-09-02,0.5044136191677095,0.5044136191677095,0.5044136191677095,,,,,,,,,,,,,,,,,,,,,0.0,1.0,-0.2522068095838548,1.0,0.0,1.0,-1.8915510718789383,2.0,0.7566204287515754,4.0,-1.8915510718789383,2.0,,,,,,,,,-0.25,-0.0022068095838547,-1.51,1.0055863808322794,-0.5,0.1216897856242122,0.5,0.0044136191677095,0.5,0.0044136191677095,,,,,,,,,,,2.45,3.33,False,True,True,False,VB
2026-08-26,137A,Ｃｏｃｏｌｉｖｅ,692.0,2,2026-08-27,2.3121387283236983,-0.1445086705202269,-0.1445086705202269,2026-08-28,1.011560693641611,0.1445086705202269,0.5780346820809301,2026-08-31,1.011560693641611,-0.1445086705202269,0.8670520231213841,2026-09-01,1.1560693641618602,-0.1445086705202269,-0.1445086705202269,2026-09-02,1.011560693641611,-0.8670520231213841,-0.5780346820809301,,,,,,,,,,,,,,,,,,,,,2.3121387283236983,1.0,-0.1445086705202269,1.0,2.3121387283236983,1.0,-0.1445086705202269,1.0,2.3121387283236983,1.0,-0.8670520231213841,5.0,,,,,,,,,-0.14,-0.0045086705202269,0.72,-0.1419653179190698,1.01,-0.1429479768786159,1.16,-1.304508670520227,-0.72,0.1419653179190698,,,,,,,,,,,-3.76,3.39,False,True,False,False,V
2026-08-26,138A,光フードサービス,3180.0,2,2026-08-27,-0.1572327044025212,-2.20125786163522,-0.943396226415094,2026-08-28,-1.2578616352201255,-2.20125786163522,-2.20125786163522,2026-08-31,-1.729559748427678,-2.20125786163522,-2.20125786163522,2026-09-01,0.6289308176100628,-2.20125786163522,-1.5723270440251569,2026-09-02,-1.4150943396226467,-2.358490566037741,-2.358490566037741,,,,,,,,,,,,,,,,,,,,,-0.1572327044025212,1.0,-2.20125786163522,1.0,-0.1572327044025212,1.0,-2.20125786163522,1.0,0.6289308176100628,4.0,-2.358490566037741,5.0,,,,,,,,,-1.1,0.1566037735849059,-2.2,-0.0012578616352194,-2.2,-0.0012578616352194,-2.2,0.6276729559748433,-2.36,0.0015094339622589,,,,,,,,,,,2.09,2.21,False,False,True,True,BN
2026-08-26,2185,シイエム・シイ,1980.0,2,2026-08-27,1.262626262626254,0.0,0.0,2026-08-28,1.3636363636363669,-1.4646464646464683,1.1616161616161635,2026-08-31,1.1616161616161635,0.3535353535353502,1.1616161616161635,2026-09-01,1.262626262626254,1.1616161616161635,1.1616161616161635,2026-09-02,1.5151515151515138,0.5555555555555536,1.4646464646464574,,,,,,,,,,,,,,,,,,,,,1.262626262626254,1.0,0.0,1.0,1.3636363636363669,2.0,-1.4646464646464683,2.0,1.5151515151515138,5.0,-1.4646464646464683,2.0,,,,,,,,,0.2,-0.2,-1.46,2.6216161616161635,0.35,0.8116161616161636,1.21,-0.0483838383838364,1.46,0.0046464646464574,,,,,,,,,,,0.71,0.86,False,False,True,True,BN
2026-08-26,2415,ヒューマンホールディングス,1697.0,2,2026-08-27,1.414260459634642,0.1767825574543247,0.5303476723629963,2026-08-28,1.2964054213317588,0.5303476723629963,0.5892751915144379,2026-08-31,0.7660577489687626,0.1767825574543247,0.4714201532115547,2026-09-01,0.4714201532115547,0.1767825574543247,0.1767825574543247,2026-09-02,0.1767825574543247,-1.8856806128461967,-1.8267530936947551,,,,,,,,,,,,,,,,,,,,,1.414260459634642,1.0,0.1767825574543247,1.0,1.414260459634642,1.0,0.1767825574543247,1.0,1.414260459634642,1.0,-1.8856806128461967,5.0,,,,,,,,,1.06,-0.5296523276370038,0.53,0.0592751915144378,0.77,-0.2985798467884453,0.18,-0.0032174425456752,-1.83,0.0032469063052449,,,,,,,,,,,1.13,0.77,False,False,True,True,BN
2026-08-26,2424,ブラス,594.0,2,2026-08-27,0.8417508417508435,0.0,0.5050505050504972,2026-08-28,0.5050505050504972,0.5050505050504972,0.5050505050504972,2026-08-31,0.8417508417508435,0.5050505050504972,0.6734006734006703,2026-09-01,1.0101010101010166,0.5050505050504972,0.8417508417508435,2026-09-02,0.8417508417508435,0.5050505050504972,0.5050505050504972,,,,,,,,,,,,,,,,,,,,,0.8417508417508435,1.0,0.0,1.0,0.8417508417508435,1.0,0.0,1.0,1.0101010101010166,4.0,0.0,1.0,,,,,,,,,0.51,-0.0049494949495028,0.51,-0.0049494949495028,0.51,0.1634006734006703,0.67,0.1717508417508434,0.51,-0.0049494949495028,,,,,,,,,,,-1.33,3.45,False,True,False,False,V
2026-08-26,2449,プラップジャパン,1079.0,2,2026-08-27,1.1121408711770142,-2.5023169601482875,-0.5560704355885071,2026-08-28,-2.5023169601482875,-6.116774791473589,-3.429101019462466,2026-08-31,-2.6876737720111232,-3.336422613531042,-2.6876737720111232,2026-09-01,-2.6876737720111232,-3.151065801668207,-3.058387395736794,2026-09-02,-2.6876737720111232,-4.077849860982397,-3.058387395736794,,,,,,,,,,,,,,,,,,,,,1.1121408711770142,1.0,-2.5023169601482875,1.0,1.1121408711770142,1.0,-6.116774791473589,2.0,1.1121408711770142,1.0,-6.116774791473589,2.0,,,,,,,,,1.02,-1.5760704355885071,-5.28,1.8508989805375344,-2.78,0.0923262279888765,-3.15,0.0916126042632052,-3.06,0.0016126042632054,,,,,,,,,,,-1.46,3.52,False,True,False,False,V
2026-08-26,2683,魚喜,1021.0,2,2026-08-27,0.0979431929480911,-0.6856023506366271,-0.6856023506366271,2026-08-28,-2.154750244857984,-4.015670910871694,-2.8403525954946107,2026-08-31,-2.350636630754166,-2.8403525954946107,-2.350636630754166,2026-09-01,-2.252693437806075,-2.5465230166503483,-2.252693437806075,2026-09-02,-2.154750244857984,-2.8403525954946107,-2.154750244857984,,,,,,,,,,,,,,,,,,,,,0.0979431929480911,1.0,-0.6856023506366271,1.0,0.0979431929480911,1.0,-4.015670910871694,2.0,0.0979431929480911,1.0,-4.015670910871694,2.0,,,,,,,,,-0.1,-0.5856023506366271,-2.25,-0.5903525954946107,-2.55,0.1993633692458338,-2.35,0.0973065621939253,-2.64,0.4852497551420165,,,,,,,,,,,0.49,1.54,False,False,True,True,BN
2026-08-26,2961,日本調理機,1435.0,2,2026-08-27,-0.4181184668989535,-2.160278745644595,-1.5331010452961702,2026-08-28,19.303135888501743,0.5574912891985973,15.05226480836237,2026-08-31,13.588850174216027,5.296167247386752,12.125435540069684,2026-09-01,13.588850174216027,13.170731707317064,13.240418118466902,2026-09-02,14.77351916376306,13.240418118466902,13.240418118466902,,,,,,,,,,,,,,,,,,,,,-0.4181184668989535,1.0,-2.160278745644595,1.0,19.303135888501743,2.0,-2.160278745644595,1.0,19.303135888501743,2.0,-2.160278745644595,1.0,,,,,,,,,-1.67,0.1368989547038297,1.05,14.00226480836237,5.3,6.825435540069685,13.59,-0.3495818815330977,13.24,0.0004181184669018,,,,,,,,,,,0.35,0.73,False,False,False,False,NONE
2026-08-27,4082,第一稀元素化学工業,2826.0,7,2026-08-28,5.060155697098367,-0.849256900212314,0.1415428167020449,2026-08-31,2.26468506723283,-6.157112526539277,-5.944798301486198,2026-09-01,-3.2200990799716944,-11.46496815286624,-3.538570417551312,2026-09-02,-6.015569709837221,-12.951167728237788,-12.45576786978061,,,,,,,,,,,,,,,,,,,,,,,,,5.060155697098367,1.0,-0.849256900212314,1.0,5.060155697098367,1.0,-11.46496815286624,3.0,,,,,,,,,,,,,1.56,-1.4184571832979551,0.53,-6.474798301486199,-5.56,2.0214295824486874,-12.85,0.3942321302193896,,,,,,,,,,,,,15.79,4.58,True,True,True,True,CVBN
2026-08-27,5029,サークレイス,875.0,7,2026-08-28,18.85714285714286,0.1142857142857112,4.571428571428582,2026-08-31,4.571428571428582,-0.3428571428571447,3.200000000000003,2026-09-01,3.771428571428581,-1.1428571428571457,0.1142857142857112,2026-09-02,0.5714285714285783,-4.000000000000004,-0.6857142857142895,,,,,,,,,,,,,,,,,,,,,,,,,18.85714285714286,1.0,0.1142857142857112,1.0,18.85714285714286,1.0,-1.1428571428571457,3.0,,,,,,,,,,,,,17.49,-12.918571428571417,2.63,0.570000000000003,3.43,-3.315714285714289,0.23,-0.9157142857142896,,,,,,,,,,,,,18.99,4.48,True,True,True,True,CVBN
2026-08-27,5282,ジオスター,449.0,7,2026-08-28,-3.11804008908686,-4.454342984409799,-4.454342984409799,2026-08-31,-3.786191536748329,-5.345211581291764,-4.677060133630285,2026-09-01,-2.2271714922049046,-4.008908685968815,-2.6726057906458767,2026-09-02,-2.6726057906458767,-5.345211581291764,-4.677060133630285,,,,,,,,,,,,,,,,,,,,,,,,,-3.11804008908686,1.0,-4.454342984409799,1.0,-2.2271714922049046,3.0,-5.345211581291764,2.0,,,,,,,,,,,,,-4.23,-0.2243429844097981,-4.9,0.2229398663697157,-2.9,0.2273942093541232,-4.68,0.0029398663697151,,,,,,,,,,,,,0.94,3.79,False,True,False,True,VN
2026-08-27,6775,ＴＢグループ,150.0,7,2026-08-28,-7.333333333333336,-18.666666666666664,-13.33333333333333,2026-08-31,-12.666666666666671,-16.666666666666664,-14.66666666666666,2026-09-01,-14.66666666666666,-16.666666666666664,-16.666666666666664,2026-09-02,-12.0,-18.666666666666664,-14.66666666666666,,,,,,,,,,,,,,,,,,,,,,,,,-7.333333333333336,1.0,-18.666666666666664,1.0,-7.333333333333336,1.0,-18.666666666666664,1.0,,,,,,,,,,,,,-16.0,2.6666666666666696,-14.67,0.0033333333333391,-15.33,-1.3366666666666642,-14.67,0.0033333333333391,,,,,,,,,,,,,7.56,4.84,True,True,True,True,CVBN
2026-08-27,7078,ＩＮＣＬＵＳＩＶＥ　Ｈｏｌｄｉｎｇｓ,385.0,7,2026-08-28,0.0,-9.610389610389614,-5.1948051948051965,2026-08-31,-5.714285714285716,-7.792207792207795,-6.233766233766236,2026-09-01,-5.714285714285716,-7.012987012987015,-6.493506493506496,2026-09-02,-7.532467532467535,-9.610389610389614,-9.350649350649354,,,,,,,,,,,,,,,,,,,,,,,,,0.0,1.0,-9.610389610389614,1.0,0.0,1.0,-9.610389610389614,1.0,,,,,,,,,,,,,-5.97,0.7751948051948032,-7.27,1.0362337662337635,-6.75,0.2564935064935039,-9.09,-0.2606493506493539,,,,,,,,,,,,,8.55,4.26,True,True,True,True,CVBN
2026-08-27,2164,地域新聞社,160.0,5,2026-08-28,17.500000000000004,-6.25,-2.500000000000002,2026-08-31,-6.874999999999998,-11.875000000000002,-9.999999999999998,2026-09-01,-11.875000000000002,-19.375,-18.125000000000004,2026-09-02,-17.500000000000004,-20.625000000000004,-20.0,,,,,,,,,,,,,,,,,,,,,,,,,17.500000000000004,1.0,-6.25,1.0,17.500000000000004,1.0,-19.375,3.0,,,,,,,,,,,,,-3.12,0.6199999999999979,-10.62,0.620000000000001,-17.5,-0.6250000000000036,-20.0,3.552713678800501e-15,,,,,,,,,,,,,7.53,4.19,True,True,False,False,CV
2026-08-27,278A,Ｔｅｒｒａ　Ｄｒｏｎｅ,19350.0,5,2026-08-28,13.69509043927648,-4.289405684754522,11.731266149870812,2026-08-31,15.193798449612396,-11.317829457364336,-8.165374677002578,2026-09-01,1.033591731266159,-12.713178294573646,-8.165374677002578,2026-09-02,4.2894056847545325,-10.852713178294572,1.9121447028423777,,,,,,,,,,,,,,,,,,,,,,,,,13.69509043927648,1.0,-4.289405684754522,1.0,15.193798449612396,2.0,-12.713178294573646,3.0,,,,,,,,,,,,,2.27,9.461266149870813,-6.25,-1.9153746770025784,-2.38,-5.7853746770025785,1.55,0.3621447028423776,,,,,,,,,,,,,12.79,2.33,True,False,True,True,CBN
2026-08-27,3907,シリコンスタジオ,2217.0,5,2026-08-28,18.854307622913847,14.343707713125852,18.854307622913847,2026-08-31,34.776725304465494,5.818673883626513,5.818673883626513,2026-09-01,3.834009923319792,-6.224627875507438,-5.232295895354078,2026-09-02,-8.434821831303562,-13.080739738385205,-10.599909788001805,,,,,,,,,,,,,,,,,,,,,,,,,18.854307622913847,1.0,14.343707713125852,1.0,34.776725304465494,2.0,-6.224627875507438,3.0,,,,,,,,,,,,,18.85,0.0043076229138456,27.29,-21.471326116373486,-1.13,-4.102295895354078,-10.15,-0.4499097880018041,,,,,,,,,,,,,4.15,1.26,False,False,False,True,N
2026-08-27,4238,ミライアル,1849.0,5,2026-08-28,5.191995673336947,0.0540832882639286,1.7306652244456489,2026-08-31,3.948080043266633,-2.650081124932391,3.299080584099512,2026-09-01,4.488912925905897,0.7571660356949783,2.866414277988105,2026-09-02,3.3531638723634405,-0.2704164413196319,1.4061654948620772,,,,,,,,,,,,,,,,,,,,,,,,,5.191995673336947,1.0,0.0540832882639286,1.0,5.191995673336947,1.0,-2.650081124932391,2.0,,,,,,,,,,,,,0.81,0.9206652244456488,-0.27,3.569080584099512,1.24,1.6264142779881052,1.89,-0.4838345051379227,,,,,,,,,,,,,6.17,2.67,True,False,True,True,CBN
2026-08-27,431A,ユーソナー,2455.0,5,2026-08-28,1.8329938900203624,-2.851323828920571,1.0590631364562064,2026-08-31,8.268839103869663,2.321792260692468,7.413441955193489,2026-09-01,12.342158859470477,7.535641547861505,11.201629327902229,2026-09-02,11.079429735234214,2.892057026476569,4.480651731160901,,,,,,,,,,,,,,,,,,,,,,,,,1.8329938900203624,1.0,-2.851323828920571,1.0,12.342158859470477,3.0,-2.851323828920571,1.0,,,,,,,,,,,,,-1.06,2.1190631364562065,5.3,2.113441955193489,8.23,2.971629327902228,5.01,-0.5293482688390991,,,,,,,,,,,,,5.63,1.86,True,False,True,True,CBN
2026-08-27,4360,マナック・ケミカル・パートナーズ,1010.0,5,2026-08-28,1.1881188118811892,-3.3663366336633693,-1.08910891089109,2026-08-31,-0.8910891089108919,-2.970297029702973,-2.3762376237623783,2026-09-01,0.0,-1.8811881188118829,-1.8811881188118829,2026-09-02,-1.4851485148514865,-3.6633663366336666,-1.4851485148514865,,,,,,,,,,,,,,,,,,,,,,,,,1.1881188118811892,1.0,-3.3663366336633693,1.0,1.1881188118811892,1.0,-3.3663366336633693,1.0,,,,,,,,,,,,,0.99,-2.0791089108910903,-2.97,0.5937623762376218,-1.29,-0.5911881188118828,-1.49,0.0048514851485135,,,,,,,,,,,,,4.17,1.41,False,False,False,True,N
2026-08-27,4431,スマレジ,3685.0,5,2026-08-28,2.3066485753052923,-3.5278154681139706,1.3568521031207537,2026-08-31,3.799185888738133,0.4070556309362372,3.256445047489831,2026-09-01,2.578018995929443,-1.3568521031207648,-1.2211668928086894,2026-09-02,-2.170963364993217,-7.191316146540028,-5.02035278154681,,,,,,,,,,,,,,,,,,,,,,,,,2.3066485753052923,1.0,-3.5278154681139706,1.0,3.799185888738133,2.0,-3.5278154681139706,1.0,,,,,,,,,,,,,0.54,0.8168521031207536,1.49,1.766445047489831,1.49,-2.7111668928086896,-5.43,0.4096472184531894,,,,,,,,,,,,,3.06,2.8,False,False,True,True,BN
2026-08-27,5597,ブルーイノベーション,1441.0,5,2026-08-28,2.9146426092991007,-3.539208882720335,0.9715475364330262,2026-08-31,1.665510062456632,-4.23317140874393,-2.0818875780707846,2026-09-01,0.6245662734212454,-4.7189451769604425,-3.886190145732127,2026-09-02,-4.510756419153362,-7.21721027064538,-5.968077723802912,,,,,,,,,,,,,,,,,,,,,,,,,2.9146426092991007,1.0,-3.539208882720335,1.0,2.9146426092991007,1.0,-4.7189451769604425,3.0,,,,,,,,,,,,,0.28,0.6915475364330261,-3.12,1.0381124219292155,-0.62,-3.2661901457321267,-5.83,-0.1380777238029118,,,,,,,,,,,,,4.32,2.25,False,False,True,True,BN
2026-08-27,5619,マーソ,900.0,5,2026-08-28,2.2222222222222143,0.0,0.5555555555555536,2026-08-31,-0.1111111111111062,-3.888888888888886,-3.888888888888886,2026-09-01,-5.222222222222217,-7.55555555555556,-5.222222222222217,2026-09-02,-5.111111111111111,-7.777777777777772,-5.111111111111111,,,,,,,,,,,,,,,,,,,,,,,,,2.2222222222222143,1.0,0.0,1.0,2.2222222222222143,1.0,-7.55555555555556,3.0,,,,,,,,,,,,,1.44,-0.8844444444444464,-3.89,0.0011111111111139,-7.56,2.3377777777777826,-5.11,-0.0011111111111103,,,,,,,,,,,,,5.85,2.5,True,False,True,True,CBN
2026-08-27,581A,ＧＯ,4155.0,5,2026-08-28,8.062575210589662,-2.2864019253910906,6.979542719614917,2026-08-31,10.228640192539109,3.730445246690728,4.332129963898912,2026-09-01,7.460890493381478,1.0830324909747224,5.294825511432011,2026-09-02,1.925391095066176,-5.53549939831528,-5.294825511432011,,,,,,,,,,,,,,,,,,,,,,,,,8.062575210589662,1.0,-2.2864019253910906,1.0,10.228640192539109,2.0,-2.2864019253910906,1.0,,,,,,,,,,,,,-0.6,7.579542719614917,5.42,-1.087870036101088,2.89,2.4048255114320107,-5.29,-0.0048255114320108,,,,,,,,,,,,,8.21,1.57,True,False,True,True,CBN
2026-08-27,6522,アスタリスク,2535.0,5,2026-08-28,0.2366863905325367,-9.506903353057194,-7.889546351084808,2026-08-31,-9.861932938856013,-15.779092702169628,-14.950690335305715,2026-09-01,-34.67455621301775,-34.67455621301775,-34.67455621301775,2026-09-02,-38.185404339250496,-46.35108481262328,-46.15384615384615,,,,,,,,,,,,,,,,,,,,,,,,,0.2366863905325367,1.0,-9.506903353057194,1.0,0.2366863905325367,1.0,-34.67455621301775,3.0,,,,,,,,,,,,,-4.38,-3.5095463510848086,-12.35,-2.600690335305716,-34.67,-0.0045562130177501,-45.84,-0.3138461538461499,,,,,,,,,,,,,24.19,2.47,True,False,True,True,CBN
2026-08-27,9557,エアークローゼット,241.0,5,2026-08-28,1.6597510373443924,-3.734439834024894,-3.734439834024894,2026-08-31,-3.734439834024894,-5.809128630705396,-4.9792531120332,2026-09-01,9.5435684647303,-4.9792531120332,-0.4149377593360981,2026-09-02,1.6597510373443924,-3.734439834024894,0.0,,,,,,,,,,,,,,,,,,,,,,,,,1.6597510373443924,1.0,-3.734439834024894,1.0,9.5435684647303,3.0,-5.809128630705396,2.0,,,,,,,,,,,,,0.0,-3.734439834024894,-4.56,-0.4192531120331999,-3.32,2.9050622406639017,-0.41,0.41,,,,,,,,,,,,,5.7,2.22,True,False,True,True,CBN
2026-08-27,218A,Ｌｉｂｅｒａｗａｒｅ,1192.0,4,2026-08-28,3.439597315436238,-5.201342281879196,1.8456375838926231,2026-08-31,3.3557046979865834,-1.593959731543626,1.5100671140939603,2026-09-01,3.8590604026845554,-0.9228187919463116,1.4261744966443055,2026-09-02,1.4261744966443055,-3.523489932885904,-1.6778523489932915,,,,,,,,,,,,,,,,,,,,,,,,,3.439597315436238,1.0,-5.201342281879196,1.0,3.8590604026845554,3.0,-5.201342281879196,1.0,,,,,,,,,,,,,-0.25,2.095637583892623,-0.34,1.8500671140939604,1.51,-0.0838255033556942,-1.59,-0.0878523489932916,,,,,,,,,,,,,0.44,1.77,False,False,False,False,NONE
2026-08-27,277A,グロービング,1942.0,4,2026-08-28,3.604531410916589,0.0,0.2574665293511913,2026-08-31,1.1843460350154489,-2.1112255406797065,0.5664263645726031,2026-09-01,1.0813594232749637,-2.1112255406797065,-1.802265705458295,2026-09-02,-3.707518022657053,-6.024716786817718,-5.35530381050463,,,,,,,,,,,,,,,,,,,,,,,,,3.604531410916589,1.0,0.0,1.0,3.604531410916589,1.0,-2.1112255406797065,2.0,,,,,,,,,,,,,3.35,-3.092533470648809,-0.88,1.446426364572603,0.0,-1.802265705458295,-5.1,-0.2553038105046301,,,,,,,,,,,,,5.84,1.56,True,False,True,False,CB
2026-08-27,3692,ＦＦＲＩセキュリティ,5530.0,4,2026-08-28,12.477396021699816,1.8083182640144635,3.254972875226048,2026-08-31,3.074141048824597,-0.7233273056057921,1.8083182640144635,2026-09-01,8.499095840867987,1.265822784810133,3.435804701627476,2026-09-02,8.499095840867987,2.5316455696202445,3.978300180831829,,,,,,,,,,,,,,,,,,,,,,,,,12.477396021699816,1.0,1.8083182640144635,1.0,12.477396021699816,1.0,-0.7233273056057921,2.0,,,,,,,,,,,,,5.97,-2.715027124773952,0.54,1.2683182640144637,7.59,-4.154195298372524,2.71,1.2683001808318286,,,,,,,,,,,,,14.37,2.2,True,False,True,False,CB
2026-08-27,1401,エムビーエス,1365.0,7,2026-08-28,-0.366300366300365,-3.443223443223442,-2.124542124542128,2026-08-31,0.586080586080584,-0.73260073260073,0.219780219780219,2026-09-01,0.366300366300365,-0.73260073260073,-0.73260073260073,2026-09-02,0.512820512820511,-1.098901098901095,-0.146520146520146,,,,,,,,,,,,,,,,,,,,,,,,,-0.366300366300365,1.0,-3.443223443223442,1.0,0.586080586080584,2.0,-3.443223443223442,1.0,,,,,,,,,,,,,-1.17,-0.9545421245421282,-0.37,0.589780219780219,0.37,-1.10260073260073,-1.1,0.953479853479854,,,,,,,,,,,,,5.24,3.67,True,True,True,True,CVBN
2026-08-27,2330,フォーサイド,87.0,7,2026-08-28,0.0,-6.896551724137934,-4.597701149425292,2026-08-31,-4.597701149425292,-6.896551724137934,-6.896551724137934,2026-09-01,-3.4482758620689613,-8.045977011494255,-3.4482758620689613,2026-09-02,0.0,-5.747126436781613,-1.1494252873563204,,,,,,,,,,,,,,,,,,,,,,,,,0.0,1.0,-6.896551724137934,1.0,0.0,1.0,-8.045977011494255,3.0,,,,,,,,,,,,,-5.75,1.1522988505747076,-5.75,-1.1465517241379342,-6.9,3.451724137931039,-1.15,0.0005747126436794,,,,,,,,,,,,,11.54,3.72,True,True,True,True,CVBN
2026-08-27,3787,テクノマセマティカル,389.0,7,2026-08-28,2.827763496143953,-8.22622107969152,1.5424164524421524,2026-08-31,0.0,-4.370179948586117,-4.370179948586117,2026-09-01,2.827763496143953,-4.884318766066842,-1.5424164524421635,2026-09-02,-1.5424164524421635,-5.9125964010282805,-3.3419023136246784,,,,,,,,,,,,,,,,,,,,,,,,,2.827763496143953,1.0,-8.22622107969152,1.0,2.827763496143953,1.0,-8.22622107969152,1.0,,,,,,,,,,,,,-2.06,3.6024164524421525,-1.54,-2.8301799485861165,-4.11,2.567583547557837,-4.37,1.0280976863753215,,,,,,,,,,,,,19.69,3.62,True,True,True,True,CVBN
2026-08-27,9236,ジャパンＭ＆Ａソリューション,1437.0,7,2026-08-28,0.4871259568545616,-2.5052192066805867,-2.5052192066805867,2026-08-31,0.4175365344467607,-1.5309672929714635,0.4175365344467607,2026-09-01,-1.1830201809325036,-1.9485038274182356,-1.1830201809325036,2026-09-02,-0.4871259568545616,-2.5748086290883765,-1.1830201809325036,,,,,,,,,,,,,,,,,,,,,,,,,0.4871259568545616,1.0,-2.5052192066805867,1.0,0.4871259568545616,1.0,-2.5052192066805867,1.0,,,,,,,,,,,,,0.0,-2.5052192066805867,-0.77,1.1875365344467608,-1.25,0.0669798190674964,-0.84,-0.3430201809325036,,,,,,,,,,,,,16.55,4.36,True,True,True,True,CVBN
2026-08-27,5242,アイズ,2704.0,6,2026-08-28,12.98076923076923,-11.131656804733725,-6.841715976331364,2026-08-31,-8.690828402366868,-14.940828402366868,-14.571005917159765,2026-09-01,-9.46745562130178,-14.534023668639051,-13.461538461538458,2026-09-02,-11.612426035502954,-15.828402366863903,-15.680473372781067,,,,,,,,,,,,,,,,,,,,,,,,,12.98076923076923,1.0,-11.131656804733725,1.0,12.98076923076923,1.0,-14.940828402366868,2.0,,,,,,,,,,,,,5.51,-12.351715976331365,-9.36,-5.211005917159763,-13.65,0.1884615384615422,-15.31,-0.3704733727810669,,,,,,,,,,,,,22.69,3.76,True,True,True,False,CVB
2026-08-27,9343,アイビス,822.0,6,2026-08-28,3.5279805352798066,-0.2433090024330897,2.189781021897818,2026-08-31,1.338199513381988,-0.2433090024330897,0.6082725060827299,2026-09-01,0.6082725060827299,-3.284671532846717,-2.068126520681268,2026-09-02,-2.1897810218978075,-4.744525547445255,-3.892944038929436,,,,,,,,,,,,,,,,,,,,,,,,,3.5279805352798066,1.0,-0.2433090024330897,1.0,3.5279805352798066,1.0,-3.284671532846717,3.0,,,,,,,,,,,,,3.04,-0.8502189781021814,0.73,-0.1217274939172701,0.61,-2.678126520681268,-3.77,-0.1229440389294356,,,,,,,,,,,,,5.12,3.05,True,True,False,True,CVN
2026-08-27,2195,アミタホールディングス,379.0,5,2026-08-28,5.277044854881274,-2.110817941952503,0.0,2026-08-31,14.24802110817942,-2.110817941952503,3.16622691292876,2026-09-01,4.74934036939314,-1.055408970976257,0.0,2026-09-02,14.511873350923477,0.0,3.95778364116095,,,,,,,,,,,,,,,,,,,,,,,,,5.277044854881274,1.0,-2.110817941952503,1.0,14.24802110817942,2.0,-2.110817941952503,1.0,,,,,,,,,,,,,2.37,-2.37,-1.06,4.226226912928761,2.37,-2.37,6.07,-2.11221635883905,,,,,,,,,,,,,5.87,2.75,True,False,True,True,CBN
2026-08-27,219A,Ｈｅａｒｔｓｅｅｄ,2465.0,5,2026-08-28,7.34279918864098,-1.5821501014198769,1.4198782961460488,2026-08-31,5.476673427991896,-2.5963488843813387,0.4868154158214954,2026-09-01,5.395537525354976,-1.2981744421906694,-0.4056795131845869,2026-09-02,-1.8255578093306248,-10.466531440162274,-9.81744421906694,,,,,,,,,,,,,,,,,,,,,,,,,7.34279918864098,1.0,-1.5821501014198769,1.0,7.34279918864098,1.0,-2.5963488843813387,2.0,,,,,,,,,,,,,4.67,-3.250121703853951,0.61,-0.1231845841785045,2.23,-2.635679513184587,-10.1,0.2825557809330608,,,,,,,,,,,,,6.16,1.08,True,False,True,True,CBN
2026-08-27,3896,阿波製紙,419.0,5,2026-08-28,2.38663484486874,-1.670644391408116,-1.670644391408116,2026-08-31,0.0,-3.341288782816232,-2.625298329355608,2026-09-01,-1.4319809069212377,-2.625298329355608,-2.38663484486874,2026-09-02,0.2386634844868673,-2.863961813842486,-2.863961813842486,,,,,,,,,,,,,,,,,,,,,,,,,2.38663484486874,1.0,-1.670644391408116,1.0,2.38663484486874,1.0,-3.341288782816232,2.0,,,,,,,,,,,,,1.91,-3.580644391408116,-0.48,-2.145298329355608,-2.39,0.0033651551312599,-2.63,-0.2339618138424861,,,,,,,,,,,,,6.08,2.5,True,False,True,True,CBN
2026-08-27,4052,フィーチャ,572.0,5,2026-08-28,16.95804195804196,-3.846153846153844,12.76223776223777,2026-08-31,30.24475524475525,19.75524475524475,30.24475524475525,2026-09-01,56.46853146853146,12.062937062937063,12.062937062937063,2026-09-02,29.370629370629374,3.1468531468531458,25.0,,,,,,,,,,,,,,,,,,,,,,,,,16.95804195804196,1.0,-3.846153846153844,1.0,56.46853146853146,3.0,-3.846153846153844,1.0,,,,,,,,,,,,,2.27,10.492237762237773,25.52,4.724755244755251,41.08,-29.01706293706293,27.97,-2.969999999999999,,,,,,,,,,,,,12.6,3.63,True,True,False,False,CV
2026-08-27,4286,ＣＬホールディングス,1380.0,5,2026-08-28,0.8695652173912993,-1.376811594202898,0.4347826086956496,2026-08-31,0.7246376811594235,-2.3913043478260843,-2.3188405797101463,2026-09-01,-2.681159420289858,-5.724637681159416,-4.855072463768117,2026-09-02,-5.3623188405797055,-7.463768115942027,-7.173913043478263,,,,,,,,,,,,,,,,,,,,,,,,,0.8695652173912993,1.0,-1.376811594202898,1.0,0.8695652173912993,1.0,-5.724637681159416,3.0,,,,,,,,,,,,,-0.07,0.5047826086956497,-0.43,-1.8888405797101464,-3.26,-1.5950724637681173,-6.67,-0.5039130434782635,,,,,,,,,,,,,5.91,2.66,True,False,True,True,CBN
2026-08-27,462A,ＦＵＮＤＩＮＮＯ,377.0,5,2026-08-28,12.732095490716189,-5.03978779840849,-1.0610079575596787,2026-08-31,-4.244031830238725,-11.671087533156498,-11.671087533156498,2026-09-01,-1.0610079575596787,-19.628647214854112,-19.09814323607427,2026-09-02,-20.68965517241379,-27.055702917771885,-25.994694960212207,,,,,,,,,,,,,,,,,,,,,,,,,12.732095490716189,1.0,-5.03978779840849,1.0,12.732095490716189,1.0,-19.628647214854112,3.0,,,,,,,,,,,,,9.55,-10.61100795755968,-4.24,-7.431087533156498,-6.63,-12.468143236074273,-26.26,0.2653050397877941,,,,,,,,,,,,,26.94,1.2,True,False,True,True,CBN
2026-08-27,336A,ダイナミックマッププラットフォーム,953.0,5,2026-08-28,10.283315844700947,-3.5676810073452248,10.283315844700947,2026-08-31,41.76285414480587,24.8688352570829,41.76285414480587,2026-09-01,34.207764952780686,15.424973767051409,23.71458551941239,2026-09-02,55.19412381951732,14.795383001049323,55.19412381951732,,,,,,,,,,,,,,,,,,,,,,,,,10.283315844700947,1.0,-3.5676810073452248,1.0,41.76285414480587,2.0,-3.5676810073452248,1.0,,,,,,,,,,,,,9.23,1.053315844700947,31.06,10.702854144805872,21.72,1.9945855194123892,54.56,0.6341238195173133,,,,,,,,,,,,,5.88,1.81,True,False,True,False,CB
2026-08-27,3993,ＰＫＳＨＡ　Ｔｅｃｈｎｏｌｏｇｙ,3475.0,5,2026-08-28,0.575539568345329,-4.172661870503602,-3.453237410071941,2026-08-31,-3.597122302158273,-5.755395683453235,-5.179856115107917,2026-09-01,-3.8848920863309377,-6.906474820143882,-5.179856115107917,2026-09-02,-7.338129496402878,-10.359712230215823,-10.215827338129502,,,,,,,,,,,,,,,,,,,,,,,,,0.575539568345329,1.0,-4.172661870503602,1.0,0.575539568345329,1.0,-6.906474820143882,3.0,,,,,,,,,,,,,-2.45,-1.0032374100719408,-4.03,-1.1498561151079167,-4.75,-0.429856115107917,-10.07,-0.1458273381295018,,,,,,,,,,,,,3.32,1.24,False,False,False,False,NONE
2026-08-27,3994,マネーフォワード,6792.0,5,2026-08-28,3.7985865724381673,-2.23792697290931,-1.1778563015312105,2026-08-31,-0.9717314487632468,-4.991166077738518,-4.991166077738518,2026-09-01,-4.107773851590101,-7.435217903415781,-7.435217903415781,2026-09-02,-8.244994110718496,-10.512367491166074,-9.08421672555948,,,,,,,,,,,,,,,,,,,,,,,,,3.7985865724381673,1.0,-2.23792697290931,1.0,3.7985865724381673,1.0,-7.435217903415781,3.0,,,,,,,,,,,,,0.49,-1.6678563015312105,-2.39,-2.601166077738517,-5.64,-1.7952179034157814,-9.38,0.295783274440522,,,,,,,,,,,,,4.18,1.29,False,False,False,True,N
2026-08-27,4346,ＮＥＸＹＺ．Ｇｒｏｕｐ,1023.0,5,2026-08-28,1.4662756598240456,-6.940371456500493,-0.2932551319648091,2026-08-31,0.1955034213098727,-3.421309872922773,-1.1730205278592365,2026-09-01,5.571847507331373,-2.346041055718473,-1.8572825024437911,2026-09-02,-0.2932551319648091,-4.3010752688172005,-0.4887585532746819,,,,,,,,,,,,,,,,,,,,,,,,,1.4662756598240456,1.0,-6.940371456500493,1.0,5.571847507331373,3.0,-6.940371456500493,1.0,,,,,,,,,,,,,-0.49,0.1967448680351908,-1.76,0.5869794721407635,2.64,-4.497282502443792,-0.59,0.1012414467253181,,,,,,,,,,,,,2.72,0.41,False,False,True,True,BN
2026-08-27,4393,バンク・オブ・イノベーション,6260.0,5,2026-08-28,0.3194888178913668,-5.5910543130990416,-4.952076677316297,2026-08-31,-5.750798722044726,-8.306709265175716,-6.549520766773165,2026-09-01,-6.070287539936103,-10.22364217252396,-9.7444089456869,2026-09-02,-11.341853035143767,-16.453674121405747,-15.65495207667732,,,,,,,,,,,,,,,,,,,,,,,,,0.3194888178913668,1.0,-5.5910543130990416,1.0,0.3194888178913668,1.0,-10.22364217252396,3.0,,,,,,,,,,,,,-1.6,-3.352076677316297,-6.71,0.1604792332268347,-6.39,-3.3544089456869,-15.5,-0.1549520766773202,,,,,,,,,,,,,4.43,1.15,False,False,False,True,N
2026-08-27,4434,サーバーワークス,2575.0,5,2026-08-28,1.6699029126213685,-4.776699029126219,-2.0582524271844704,2026-08-31,4.155339805825253,-3.0679611650485383,1.6699029126213685,2026-09-01,2.2524271844660104,-1.3592233009708687,-0.7766990291262155,2026-09-02,-2.019417475728158,-3.883495145631066,-3.495145631067964,,,,,,,,,,,,,,,,,,,,,,,,,1.6699029126213685,1.0,-4.776699029126219,1.0,4.155339805825253,2.0,-4.776699029126219,1.0,,,,,,,,,,,,,-1.09,-0.9682524271844704,0.54,1.1299029126213682,1.17,-1.9466990291262156,-3.18,-0.3151456310679639,,,,,,,,,,,,,-0.16,0.61,False,False,False,False,NONE
2026-08-27,4475,ＨＥＮＮＧＥ,1686.0,5,2026-08-28,6.168446026097274,-3.0249110320284656,6.049822064056931,2026-08-31,7.710557532621598,2.3724792408066357,3.380782918149472,2026-09-01,4.8635824436536135,0.948991696322654,1.0083036773428145,2026-09-02,-0.3558718861209953,-4.092526690391463,-4.033214709371292,,,,,,,,,,,,,,,,,,,,,,,,,6.168446026097274,1.0,-3.0249110320284656,1.0,7.710557532621598,2.0,-3.0249110320284656,1.0,,,,,,,,,,,,,3.86,2.1898220640569317,4.63,-1.249217081850528,3.74,-2.7316963226571858,-3.86,-0.1732147093712917,,,,,,,,,,,,,4.04,1.55,False,False,False,True,N
2026-08-27,4575,キャンバス,900.0,5,2026-08-28,2.777777777777768,-5.666666666666664,-1.777777777777778,2026-08-31,-2.777777777777779,-5.333333333333334,-4.11111111111111,2026-09-01,-3.6666666666666634,-5.000000000000004,-4.888888888888888,2026-09-02,-2.222222222222225,-5.222222222222217,-4.444444444444439,,,,,,,,,,,,,,,,,,,,,,,,,2.777777777777768,1.0,-5.666666666666664,1.0,2.777777777777768,1.0,-5.666666666666664,1.0,,,,,,,,,,,,,-2.33,0.552222222222222,-3.56,-0.5511111111111098,-4.44,-0.4488888888888871,-4.67,0.2255555555555606,,,,,,,,,,,,,3.67,1.2,False,False,False,False,NONE
2026-08-27,4588,オンコリスバイオファーマ,4425.0,5,2026-08-28,8.700564971751422,-8.022598870056497,8.700564971751422,2026-08-31,10.169491525423725,2.3728813559322104,5.084745762711873,2026-09-01,1.016949152542379,-10.73446327683616,-6.101694915254241,2026-09-02,-4.406779661016946,-10.056497175141244,-7.570621468926553,,,,,,,,,,,,,,,,,,,,,,,,,8.700564971751422,1.0,-8.022598870056497,1.0,10.169491525423725,2.0,-10.73446327683616,3.0,,,,,,,,,,,,,8.59,0.1105649717514225,7.8,-2.7152542372881268,-4.07,-2.0316949152542403,-8.36,0.7893785310734467,,,,,,,,,,,,,2.24,0.61,False,False,False,False,NONE
2026-08-27,4667,アイサンテクノロジー,2404.0,5,2026-08-28,12.312811980033269,-3.0782029950083167,10.690515806988344,2026-08-31,31.655574043261225,18.67720465890184,31.655574043261225,2026-09-01,25.831946755407653,8.194675540765385,9.941763727121456,2026-09-02,30.82362728785357,3.993344425956735,30.82362728785357,,,,,,,,,,,,,,,,,,,,,,,,,12.312811980033269,1.0,-3.0782029950083167,1.0,31.655574043261225,2.0,-3.0782029950083167,1.0,,,,,,,,,,,,,1.58,9.110515806988344,28.74,2.915574043261227,15.02,-5.078236272878545,30.82,0.0036272878535719,,,,,,,,,,,,,-2.91,2.07,False,False,False,True,N
2026-08-27,5572,Ｒｉｄｇｅ－ｉ,3120.0,5,2026-08-28,0.961538461538458,-5.41666666666667,-1.9230769230769276,2026-08-31,0.6410256410256387,-3.525641025641024,-2.2435897435897467,2026-09-01,-2.2435897435897467,-8.653846153846157,-5.801282051282053,2026-09-02,-6.858974358974357,-10.416666666666664,-7.307692307692304,,,,,,,,,,,,,,,,,,,,,,,,,0.961538461538458,1.0,-5.41666666666667,1.0,0.961538461538458,1.0,-8.653846153846157,3.0,,,,,,,,,,,,,0.48,-2.4030769230769278,-1.6,-0.6435897435897466,-4.26,-1.541282051282053,-7.18,-0.1276923076923042,,,,,,,,,,,,,2.95,1.07,False,False,True,True,BN
2026-08-27,5574,ＡＢＥＪＡ,3130.0,5,2026-08-28,0.4792332268370503,-4.153354632587858,-1.5974440894568676,2026-08-31,3.9936102236421744,-4.63258785942492,1.9169329073482453,2026-09-01,6.38977635782747,-2.7156549520766737,-2.2364217252396124,2026-09-02,-2.5559105431309903,-6.198083067092652,-6.198083067092652,,,,,,,,,,,,,,,,,,,,,,,,,0.4792332268370503,1.0,-4.153354632587858,1.0,6.38977635782747,3.0,-4.63258785942492,2.0,,,,,,,,,,,,,-1.6,0.0025559105431325,-0.96,2.876932907348245,1.28,-3.5164217252396126,-5.53,-0.6680830670926516,,,,,,,,,,,,,4.94,1.75,False,False,False,False,NONE
2026-08-27,5885,ジーデップ・アドバンス,3535.0,5,2026-08-28,1.1315417256011262,-7.213578500707218,-1.555869872701554,2026-08-31,-1.838755304101836,-4.809052333804809,-2.6874115983026914,2026-09-01,-2.6874115983026914,-7.4964639321075,-6.789250353606791,2026-09-02,-8.628005657708627,-11.456859971711452,-10.608203677510607,,,,,,,,,,,,,,,,,,,,,,,,,1.1315417256011262,1.0,-7.213578500707218,1.0,1.1315417256011262,1.0,-7.4964639321075,3.0,,,,,,,,,,,,,0.28,-1.835869872701554,-2.69,0.0025884016973085,-3.82,-2.969250353606791,-10.89,0.2817963224893915,,,,,,,,,,,,,3.62,1.87,False,False,False,True,N
2026-08-27,6433,ヒーハイスト,1202.0,5,2026-08-28,2.329450915141429,-9.151414309484196,-0.0831946755407653,2026-08-31,-0.0831946755407653,-4.242928452579031,-3.4941763727121438,2026-09-01,-0.9983361064891838,-9.567387687188022,-5.490848585690511,2026-09-02,-5.990016638935103,-10.48252911813644,-10.066555740432614,,,,,,,,,,,,,,,,,,,,,,,,,2.329450915141429,1.0,-9.151414309484196,1.0,2.329450915141429,1.0,-9.567387687188022,3.0,,,,,,,,,,,,,-0.75,0.6668053244592347,-2.16,-1.3341763727121432,-1.33,-4.160848585690511,-8.9,-1.1665557404326137,,,,,,,,,,,,,5.03,0.62,True,False,False,False,C
2026-08-27,9342,スマサポ,995.0,5,2026-08-28,-0.5025125628140725,-0.5025125628140725,-0.5025125628140725,2026-08-31,-0.5025125628140725,-2.713567839195985,-0.8040201005025116,2026-09-01,-0.8040201005025116,-2.5125628140703515,-1.005025125628145,2026-09-02,-1.6080402010050232,-2.713567839195985,-1.6080402010050232,,,,,,,,,,,,,,,,,,,,,,,,,-0.5025125628140725,1.0,-0.5025125628140725,1.0,-0.5025125628140725,1.0,-2.713567839195985,2.0,,,,,,,,,,,,,-0.5,-0.0025125628140725,-2.71,1.9059798994974884,-2.51,1.5049748743718547,-1.61,0.0019597989949768,,,,,,,,,,,,,5.85,1.36,True,False,True,True,CBN
2026-08-28,3991,ウォンテッドリー,1030.0,7,2026-08-31,1.941747572815533,-8.252427184466015,0.0,2026-09-01,-2.9126213592233,-6.310679611650483,-4.466019417475731,2026-09-02,-3.0097087378640808,-6.116504854368932,-5.631067961165048,,,,,,,,,,,,,,,,,,,,,,,,,,,,,1.941747572815533,1.0,-8.252427184466015,1.0,1.941747572815533,1.0,-8.252427184466015,1.0,,,,,,,,,,,,,-4.56,4.56,-5.83,1.3639805825242697,-5.63,-0.0010679611650479,,,,,,,,,,,,,,,11.82,4.71,True,True,True,True,CVBN
2026-08-28,4812,電通総研,2890.0,7,2026-08-31,-0.692041522491349,-1.557093425605538,-1.280276816608994,2026-09-01,-1.141868512110722,-1.34948096885813,-1.280276816608994,2026-09-02,-1.211072664359858,-1.314878892733562,-1.280276816608994,,,,,,,,,,,,,,,,,,,,,,,,,,,,,-0.692041522491349,1.0,-1.557093425605538,1.0,-0.692041522491349,1.0,-1.557093425605538,1.0,,,,,,,,,,,,,-1.14,-0.140276816608994,-1.28,-0.0002768166089939,-1.31,0.0297231833910061,,,,,,,,,,,,,,,6.17,4.42,True,True,True,True,CVBN
2026-08-28,4420,イーソル,777.0,6,2026-08-31,20.334620334620325,15.57271557271558,20.334620334620325,2026-09-01,29.98712998712998,13.899613899613891,17.117117117117118,2026-09-02,8.4942084942085,6.048906048906044,6.692406692406694,,,,,,,,,,,,,,,,,,,,,,,,,,,,,20.334620334620325,1.0,15.57271557271558,1.0,29.98712998712998,2.0,6.048906048906044,3.0,,,,,,,,,,,,,20.33,0.004620334620327,17.12,-0.0028828828828828,6.69,0.0024066924066934,,,,,,,,,,,,,,,14.6,3.73,True,True,True,False,CVB
2026-08-28,5129,ＦＩＸＥＲ,342.0,6,2026-08-31,23.391812865497077,2.923976608187129,23.391812865497077,2026-09-01,22.80701754385965,0.0,0.5847953216374213,2026-09-02,-5.555555555555558,-12.57309941520468,-10.233918128654974,,,,,,,,,,,,,,,,,,,,,,,,,,,,,23.391812865497077,1.0,2.923976608187129,1.0,23.391812865497077,1.0,-12.57309941520468,3.0,,,,,,,,,,,,,13.45,9.941812865497074,8.48,-7.895204678362579,-10.82,0.5860818713450264,,,,,,,,,,,,,,,30.53,4.46,True,True,True,True,CVBN
2026-08-28,2315,ＣＡＩＣＡ　ＤＩＧＩＴＡＬ,72.0,5,2026-08-31,1.388888888888884,-2.777777777777779,-1.388888888888884,2026-09-01,-1.388888888888884,-6.944444444444442,-5.555555555555558,2026-09-02,-2.777777777777779,-8.333333333333337,-6.944444444444442,,,,,,,,,,,,,,,,,,,,,,,,,,,,,1.388888888888884,1.0,-2.777777777777779,1.0,1.388888888888884,1.0,-8.333333333333337,3.0,,,,,,,,,,,,,-1.39,0.0011111111111159,-2.78,-2.775555555555558,-8.33,1.385555555555558,,,,,,,,,,,,,,,10.61,1.4,True,False,True,True,CBN
2026-08-28,247A,Ａｉロボティクス,1067.0,5,2026-08-31,0.4686035613870709,-2.5304592314901564,-1.1246485473289547,2026-09-01,-1.8744142455482613,-5.623242736644796,-4.873477038425489,2026-09-02,-3.0927835051546397,-8.153701968134964,-4.592314901593253,,,,,,,,,,,,,,,,,,,,,,,,,,,,,0.4686035613870709,1.0,-2.5304592314901564,1.0,0.4686035613870709,1.0,-8.153701968134964,3.0,,,,,,,,,,,,,-1.5,0.3753514526710453,-2.44,-2.433477038425489,-5.15,0.557685098406747,,,,,,,,,,,,,,,10.32,2.19,True,False,True,True,CBN
2026-08-28,2492,インフォマート,676.0,5,2026-08-31,2.3668639053254337,-4.585798816568043,-4.142011834319526,2026-09-01,-3.106508875739644,-9.02366863905325,-5.917159763313606,2026-09-02,-1.6272189349112454,-9.46745562130178,-2.3668639053254448,,,,,,,,,,,,,,,,,,,,,,,,,,,,,2.3668639053254337,1.0,-4.585798816568043,1.0,2.3668639053254337,1.0,-9.46745562130178,3.0,,,,,,,,,,,,,0.15,-4.292011834319526,-4.73,-1.1871597633136055,-2.51,0.143136094674555,,,,,,,,,,,,,,,13.22,1.62,True,False,True,True,CBN
2026-08-28,269A,Ｓａｐｅｅｔ,2760.0,5,2026-08-31,4.456521739130426,-2.1739130434782594,4.057971014492745,2026-09-01,4.166666666666674,-1.7028985507246408,1.1594202898550732,2026-09-02,-0.6521739130434745,-4.565217391304344,-2.971014492753621,,,,,,,,,,,,,,,,,,,,,,,,,,,,,4.456521739130426,1.0,-2.1739130434782594,1.0,4.456521739130426,1.0,-4.565217391304344,3.0,,,,,,,,,,,,,0.43,3.627971014492745,1.85,-0.6905797101449269,-2.72,-0.2510144927536206,,,,,,,,,,,,,,,4.16,2.29,False,False,False,True,N
2026-08-28,336A,ダイナミックマッププラットフォーム,1041.0,5,2026-08-31,29.77905859750241,14.3131604226705,29.77905859750241,2026-09-01,22.86263208453409,5.66762728146013,13.256484149855918,2026-09-02,42.074927953890494,5.091258405379451,42.074927953890494,,,,,,,,,,,,,,,,,,,,,,,,,,,,,29.77905859750241,1.0,14.3131604226705,1.0,42.074927953890494,3.0,5.091258405379451,3.0,,,,,,,,,,,,,19.98,9.799058597502404,11.43,1.8264841498559183,41.5,0.5749279538904943,,,,,,,,,,,,,,,16.65,3.35,True,True,True,True,CVBN
2026-08-28,3807,フィスコ,92.0,5,2026-08-31,-2.1739130434782594,-4.347826086956519,-4.347826086956519,2026-09-01,-3.2608695652173947,-6.521739130434778,-6.521739130434778,2026-09-02,-5.434782608695654,-7.608695652173914,-5.434782608695654,,,,,,,,,,,,,,,,,,,,,,,,,,,,,-2.1739130434782594,1.0,-4.347826086956519,1.0,-2.1739130434782594,1.0,-7.608695652173914,3.0,,,,,,,,,,,,,-4.35,0.0021739130434808,-3.26,-3.261739130434778,-5.43,-0.0047826086956543,,,,,,,,,,,,,,,3.45,1.42,False,False,False,True,N
2026-08-28,3907,シリコンスタジオ,2635.0,5,2026-08-31,13.39658444022771,-10.967741935483865,-10.967741935483865,2026-09-01,-12.637571157495254,-21.10056925996205,-20.26565464895636,2026-09-02,-22.960151802656547,-26.86907020872865,-24.78178368121442,,,,,,,,,,,,,,,,,,,,,,,,,,,,,13.39658444022771,1.0,-10.967741935483865,1.0,13.39658444022771,1.0,-26.86907020872865,3.0,,,,,,,,,,,,,7.1,-18.067741935483863,-16.81,-3.455654648956358,-24.4,-0.3817836812144222,,,,,,,,,,,,,,,23.42,0.67,True,False,True,True,CBN
2026-08-28,3968,セグエグループ,675.0,5,2026-08-31,1.925925925925931,-0.4444444444444473,-0.1481481481481528,2026-09-01,0.2962962962963056,-3.703703703703709,-3.555555555555556,2026-09-02,-4.592592592592593,-7.1111111111111125,-6.96296296296296,,,,,,,,,,,,,,,,,,,,,,,,,,,,,1.925925925925931,1.0,-0.4444444444444473,1.0,1.925925925925931,1.0,-7.1111111111111125,3.0,,,,,,,,,,,,,1.33,-1.4781481481481529,-0.15,-3.4055555555555563,-6.96,-0.0029629629629601,,,,,,,,,,,,,,,6.07,1.3,True,False,True,True,CBN
2026-08-28,3994,マネーフォワード,6825.0,5,2026-08-31,-1.4505494505494545,-5.450549450549447,-5.450549450549447,2026-09-01,-4.571428571428571,-7.882783882783883,-7.882783882783883,2026-09-02,-8.688644688644686,-10.945054945054943,-9.523809523809524,,,,,,,,,,,,,,,,,,,,,,,,,,,,,-1.4505494505494545,1.0,-5.450549450549447,1.0,-1.4505494505494545,1.0,-10.945054945054943,3.0,,,,,,,,,,,,,-2.86,-2.5905494505494477,-6.1,-1.7827838827838836,-9.82,0.2961904761904765,,,,,,,,,,,,,,,4.42,1.67,False,False,True,True,BN
2026-08-28,4011,ヘッドウォータース,2482.0,5,2026-08-31,3.948428686543104,-4.995970991136178,0.5640612409347323,2026-09-01,1.24899274778405,-3.8678485092667247,-3.7872683319903344,2026-09-02,-4.673650282030617,-8.058017727639,-6.124093473005643,,,,,,,,,,,,,,,,,,,,,,,,,,,,,3.948428686543104,1.0,-4.995970991136178,1.0,3.948428686543104,1.0,-8.058017727639,3.0,,,,,,,,,,,,,-2.74,3.3040612409347325,-1.53,-2.2572683319903346,-5.92,-0.2040934730056429,,,,,,,,,,,,,,,4.81,1.51,False,False,False,True,N
2026-08-28,4069,ＢｌｕｅＭｅｍｅ,738.0,5,2026-08-31,0.2710027100270906,-4.065040650406504,-3.1165311653116534,2026-09-01,1.6260162601626105,-1.084010840108396,-0.5420054200542035,2026-09-02,1.2195121951219523,-7.859078590785906,-6.233062330623307,,,,,,,,,,,,,,,,,,,,,,,,,,,,,0.2710027100270906,1.0,-4.065040650406504,1.0,1.6260162601626105,2.0,-7.859078590785906,3.0,,,,,,,,,,,,,-0.27,-2.8465311653116534,0.14,-0.6820054200542035,-5.83,-0.4030623306233067,,,,,,,,,,,,,,,6.82,1.95,True,False,True,True,CBN
2026-08-28,4346,ＮＥＸＹＺ．Ｇｒｏｕｐ,1018.0,5,2026-08-31,0.6876227897838927,-2.946954813359526,-0.6876227897838927,2026-09-01,6.090373280943018,-1.8664047151277008,-1.3752455795677854,2026-09-02,0.1964636542239661,-3.8310412573673847,0.0,,,,,,,,,,,,,,,,,,,,,,,,,,,,,0.6876227897838927,1.0,-2.946954813359526,1.0,6.090373280943018,2.0,-3.8310412573673847,3.0,,,,,,,,,,,,,-1.28,0.5923772102161073,3.14,-4.515245579567786,-0.1,0.1,,,,,,,,,,,,,,,7.94,1.49,True,False,True,True,CBN
2026-08-28,4370,モビルス,393.0,5,2026-08-31,4.325699745547085,-8.14249363867684,-4.071246819338425,2026-09-01,-4.071246819338425,-14.75826972010178,-11.959287531806616,2026-09-02,-6.61577608142494,-16.793893129770986,-9.92366412213741,,,,,,,,,,,,,,,,,,,,,,,,,,,,,4.325699745547085,1.0,-8.14249363867684,1.0,4.325699745547085,1.0,-16.793893129770986,3.0,,,,,,,,,,,,,-2.29,-1.781246819338425,-10.69,-1.2692875318066168,-12.47,2.54633587786259,,,,,,,,,,,,,,,25.56,2.75,True,False,True,True,CBN
2026-08-28,4373,シンプレクス・ホールディングス,1266.0,5,2026-08-31,1.1058451816745585,-1.4218009478673022,-1.4218009478673022,2026-09-01,0.8688783570300229,-2.290679304897314,-1.7377567140600347,2026-09-02,-2.290679304897314,-5.845181674565558,-5.371248025276465,,,,,,,,,,,,,,,,,,,,,,,,,,,,,1.1058451816745585,1.0,-1.4218009478673022,1.0,1.1058451816745585,1.0,-5.845181674565558,3.0,,,,,,,,,,,,,-0.16,-1.2618009478673022,-0.87,-0.8677567140600347,-5.77,0.3987519747235346,,,,,,,,,,,,,,,5.53,2.51,True,False,True,True,CBN
2026-08-28,4417,グローバルセキュリティエキスパート,5030.0,5,2026-08-31,-1.491053677932408,-5.268389662027828,-3.2803180914512957,2026-09-01,-1.789264413518887,-5.566600397614319,-5.566600397614319,2026-09-02,-8.349900596421467,-10.63618290258449,-10.63618290258449,,,,,,,,,,,,,,,,,,,,,,,,,,,,,-1.491053677932408,1.0,-5.268389662027828,1.0,-1.491053677932408,1.0,-10.63618290258449,3.0,,,,,,,,,,,,,-2.68,-0.6003180914512951,-2.98,-2.5866003976143186,-10.34,-0.2961829025844906,,,,,,,,,,,,,,,6.68,2.43,True,False,False,True,CN
2026-08-28,4431,スマレジ,3735.0,5,2026-08-31,2.4096385542168752,-0.9370816599732268,1.8741633199464536,2026-09-01,1.2048192771084263,-2.677376171352075,-2.543507362784469,2026-09-02,-3.4805890227576963,-8.433734939759042,-6.291834002677376,,,,,,,,,,,,,,,,,,,,,,,,,,,,,2.4096385542168752,1.0,-0.9370816599732268,1.0,2.4096385542168752,1.0,-8.433734939759042,3.0,,,,,,,,,,,,,0.13,1.7441633199464537,0.13,-2.673507362784469,-6.69,0.3981659973226241,,,,,,,,,,,,,,,5.66,1.13,True,False,True,True,CBN
2026-08-28,2961,日本調理機,1651.0,7,2026-08-31,-1.2719563900666309,-8.479709267110847,-2.5439127801332506,2026-09-01,-1.2719563900666309,-1.6353725015142315,-1.5748031496062964,2026-09-02,-0.2422774076317413,-1.5748031496062964,-1.5748031496062964,,,,,,,,,,,,,,,,,,,,,,,,,,,,,-1.2719563900666309,1.0,-8.479709267110847,1.0,-0.2422774076317413,3.0,-8.479709267110847,1.0,,,,,,,,,,,,,-8.48,5.936087219866749,-1.27,-0.3048031496062964,-1.57,-0.0048031496062963,,,,,,,,,,,,,,,16.84,3.49,True,True,True,True,CVBN
2026-08-28,4707,キタック,365.0,7,2026-08-31,-7.671232876712331,-9.589041095890416,-8.76712328767123,2026-09-01,-7.945205479452055,-9.31506849315068,-7.945205479452055,2026-09-02,-7.945205479452055,-9.31506849315068,-8.21917808219178,,,,,,,,,,,,,,,,,,,,,,,,,,,,,-7.671232876712331,1.0,-9.589041095890416,1.0,-7.671232876712331,1.0,-9.589041095890416,1.0,,,,,,,,,,,,,-8.77,0.0028767123287689,-9.04,1.0947945205479437,-8.22,0.0008219178082207,,,,,,,,,,,,,,,5.49,3.23,True,True,True,True,CVBN
2026-08-28,5136,ｔｒｉｐｌａ,2028.0,7,2026-08-31,3.5502958579881616,-1.67652859960552,1.4792899408283988,2026-09-01,1.2327416173570027,-1.3313609467455634,0.0,2026-09-02,-1.7751479289940808,-5.522682445759363,-4.487179487179482,,,,,,,,,,,,,,,,,,,,,,,,,,,,,3.5502958579881616,1.0,-1.67652859960552,1.0,3.5502958579881616,1.0,-5.522682445759363,3.0,,,,,,,,,,,,,-0.89,2.369289940828399,0.54,-0.54,-4.88,0.392820512820518,,,,,,,,,,,,,,,5.52,3.05,True,True,True,True,CVBN
2026-08-28,6433,ヒーハイスト,1201.0,7,2026-08-31,0.0,-4.163197335553703,-3.413821815154039,2026-09-01,-0.915903413821817,-9.492089925062452,-5.412156536219815,2026-09-02,-5.911740216486261,-10.40799333888426,-9.991673605328888,,,,,,,,,,,,,,,,,,,,,,,,,,,,,0.0,1.0,-4.163197335553703,1.0,0.0,1.0,-10.40799333888426,3.0,,,,,,,,,,,,,-2.08,-1.3338218151540389,-1.25,-4.162156536219815,-8.83,-1.161673605328888,,,,,,,,,,,,,,,10.59,3.31,True,True,True,True,CVBN
2026-08-28,7946,光陽社,347.0,7,2026-08-31,23.054755043227672,-3.458213256484155,23.054755043227672,2026-09-01,46.109510086455344,12.680115273775217,33.141210374639776,2026-09-02,32.276657060518744,10.086455331412104,10.086455331412104,,,,,,,,,,,,,,,,,,,,,,,,,,,,,23.054755043227672,1.0,-3.458213256484155,1.0,46.109510086455344,2.0,-3.458213256484155,1.0,,,,,,,,,,,,,-3.46,26.514755043227677,28.82,4.321210374639776,10.37,-0.2835446685878953,,,,,,,,,,,,,,,6.44,3.88,True,True,True,True,CVBN
2026-08-28,9340,アソインターナショナル,770.0,7,2026-08-31,0.6493506493506551,-2.5974025974025983,0.6493506493506551,2026-09-01,0.9090909090909038,-0.649350649350644,0.3896103896103842,2026-09-02,0.3896103896103842,-1.1688311688311637,-0.649350649350644,,,,,,,,,,,,,,,,,,,,,,,,,,,,,0.6493506493506551,1.0,-2.5974025974025983,1.0,0.9090909090909038,2.0,-2.5974025974025983,1.0,,,,,,,,,,,,,-2.6,3.249350649350655,0.91,-0.5203896103896158,-0.91,0.260649350649356,,,,,,,,,,,,,,,6.94,3.0,True,True,True,True,CVBN
2026-08-28,4440,ヴィッツ,1485.0,6,2026-08-31,20.2020202020202,8.080808080808088,20.2020202020202,2026-09-01,19.393939393939384,-0.8080808080808133,3.838383838383841,2026-09-02,29.96632996632997,-4.915824915824918,23.77104377104377,,,,,,,,,,,,,,,,,,,,,,,,,,,,,20.2020202020202,1.0,8.080808080808088,1.0,29.96632996632997,3.0,-4.915824915824918,3.0,,,,,,,,,,,,,17.71,2.4920202020202,6.33,-2.491616161616159,28.55,-4.7789562289562255,,,,,,,,,,,,,,,23.44,4.37,True,True,True,True,CVBN
2026-08-28,4667,アイサンテクノロジー,2661.0,6,2026-08-31,18.940248027057493,7.215332581736189,18.940248027057493,2026-09-01,13.679068019541528,-2.2547914317925577,-0.6764374295377684,2026-09-02,18.188650883126645,-6.05035700864337,18.188650883126645,,,,,,,,,,,,,,,,,,,,,,,,,,,,,18.940248027057493,1.0,7.215332581736189,1.0,18.940248027057493,1.0,-6.05035700864337,3.0,,,,,,,,,,,,,16.31,2.630248027057494,3.91,-4.586437429537769,18.19,-0.0013491168733565,,,,,,,,,,,,,,,20.95,3.87,True,True,True,True,CVBN
2026-08-28,206A,ＰＲＩＳＭ　ＢｉｏＬａｂ,181.0,5,2026-08-31,-0.5524861878453025,-3.314917127071826,-2.209944751381221,2026-09-01,-1.6574585635359074,-3.867403314917128,-3.314917127071826,2026-09-02,-4.41988950276243,-7.734806629834257,-5.524861878453036,,,,,,,,,,,,,,,,,,,,,,,,,,,,,-0.5524861878453025,1.0,-3.314917127071826,1.0,-0.5524861878453025,1.0,-7.734806629834257,3.0,,,,,,,,,,,,,-2.21,5.524861877903575e-05,-2.21,-1.104917127071826,-5.52,-0.0048618784530365,,,,,,,,,,,,,,,6.47,2.52,True,False,True,True,CBN
2026-08-28,218A,Ｌｉｂｅｒａｗａｒｅ,1214.0,5,2026-08-31,1.4827018121911006,-3.377265238879734,-0.3294892915980285,2026-09-01,1.976935749588149,-2.718286655683688,-0.4118616144975329,2026-09-02,-0.4118616144975329,-5.271828665568368,-3.4596375617792385,,,,,,,,,,,,,,,,,,,,,,,,,,,,,1.4827018121911006,1.0,-3.377265238879734,1.0,1.976935749588149,2.0,-5.271828665568368,3.0,,,,,,,,,,,,,-2.14,1.810510708401972,-0.33,-0.0818616144975328,-3.38,-0.0796375617792386,,,,,,,,,,,,,,,7.15,1.35,True,False,True,True,CBN
2026-08-28,2484,出前館,185.0,5,2026-08-31,0.540540540540535,-4.324324324324325,-2.1621621621621623,2026-09-01,-2.7027027027026973,-7.567567567567568,-3.7837837837837776,2026-09-02,-5.405405405405405,-12.432432432432428,-12.432432432432428,,,,,,,,,,,,,,,,,,,,,,,,,,,,,0.540540540540535,1.0,-4.324324324324325,1.0,0.540540540540535,1.0,-12.432432432432428,3.0,,,,,,,,,,,,,-3.78,1.6178378378378375,-3.78,-0.0037837837837786,-11.89,-0.5424324324324274,,,,,,,,,,,,,,,5.71,1.94,True,False,True,True,CBN
2026-08-28,278A,Ｔｅｒｒａ　Ｄｒｏｎｅ,21620.0,5,2026-08-31,3.098982423681784,-20.6290471785384,-17.807585568917673,2026-09-01,-9.57446808510638,-21.87789084181314,-17.807585568917673,2026-09-02,-6.660499537465315,-20.21276595744681,-8.78815911193339,,,,,,,,,,,,,,,,,,,,,,,,,,,,,3.098982423681784,1.0,-20.6290471785384,1.0,3.098982423681784,1.0,-21.87789084181314,2.0,,,,,,,,,,,,,-16.1,-1.707585568917672,-12.63,-5.177585568917673,-9.11,0.3218408880666086,,,,,,,,,,,,,,,12.43,1.9,True,False,True,True,CBN
2026-08-28,1848,富士ピー・エス,769.0,5,2026-08-31,0.5201560468140354,-1.950585175552666,0.5201560468140354,2026-09-01,3.641092327698314,0.0,3.641092327698314,2026-09-02,2.6007802340702213,0.1300390117035199,1.040312093628093,,,,,,,,,,,,,,,,,,,,,,,,,,,,,0.5201560468140354,1.0,-1.950585175552666,1.0,3.641092327698314,2.0,-1.950585175552666,1.0,,,,,,,,,,,,,-1.04,1.5601560468140354,0.39,3.251092327698314,1.04,0.0003120936280929,,,,,,,,,,,,,,,-0.14,0.46,False,False,False,False,NONE
2026-08-28,2877,日東ベスト,790.0,5,2026-08-31,0.8860759493670933,-4.0506329113924044,-4.0506329113924044,2026-09-01,-4.303797468354431,-4.430379746835444,-4.303797468354431,2026-09-02,-3.797468354430378,-4.556962025316458,-4.556962025316458,,,,,,,,,,,,,,,,,,,,,,,,,,,,,0.8860759493670933,1.0,-4.0506329113924044,1.0,0.8860759493670933,1.0,-4.556962025316458,3.0,,,,,,,,,,,,,-2.03,-2.0206329113924046,-4.3,-0.0037974683544312,-4.56,0.0030379746835418,,,,,,,,,,,,,,,-0.13,0.26,False,False,False,False,NONE
2026-08-28,341A,トヨコー,2204.0,5,2026-08-31,1.1796733212341204,-2.450090744101629,-0.4083484573502716,2026-09-01,-0.4083484573502716,-4.7186932849364815,-4.491833030852998,2026-09-02,-4.174228675136115,-5.6261343012704135,-5.353901996370237,,,,,,,,,,,,,,,,,,,,,,,,,,,,,1.1796733212341204,1.0,-2.450090744101629,1.0,1.1796733212341204,1.0,-5.6261343012704135,3.0,,,,,,,,,,,,,-0.54,0.1316515426497284,-2.13,-2.3618330308529982,-5.31,-0.0439019963702369,,,,,,,,,,,,,,,3.14,1.94,False,False,False,False,NONE
2026-08-28,4180,Ａｐｐｉｅｒ　Ｇｒｏｕｐ,1422.0,5,2026-08-31,3.023909985935292,-1.0548523206751037,1.0548523206751037,2026-09-01,2.883263009845294,-0.3516174402250382,-0.2109704641350185,2026-09-02,-0.9845288326300938,-6.540084388185652,-6.540084388185652,,,,,,,,,,,,,,,,,,,,,,,,,,,,,3.023909985935292,1.0,-1.0548523206751037,1.0,3.023909985935292,1.0,-6.540084388185652,3.0,,,,,,,,,,,,,0.63,0.4248523206751037,0.14,-0.3509704641350185,-6.05,-0.490084388185652,,,,,,,,,,,,,,,1.69,1.03,False,False,False,False,NONE
2026-08-28,4316,ビーマップ,132.0,5,2026-08-31,8.333333333333325,-20.45454545454546,0.0,2026-09-01,36.36363636363635,-6.818181818181824,2.2727272727272707,2026-09-02,25.0,-9.090909090909092,-7.57575757575758,,,,,,,,,,,,,,,,,,,,,,,,,,,,,8.333333333333325,1.0,-20.45454545454546,1.0,36.36363636363635,2.0,-20.45454545454546,1.0,,,,,,,,,,,,,-5.3,5.3,23.48,-21.20727272727273,-5.3,-2.27575757575758,,,,,,,,,,,,,,,18.82,1.77,True,False,False,False,C
2026-08-28,431A,ユーソナー,2605.0,5,2026-08-31,2.03454894433781,-3.5700575815738933,1.2284069097888706,2026-09-01,5.873320537428017,1.3435700575815668,4.798464491362764,2026-09-02,4.683301343570068,-3.0326295585412666,-1.5355086372360829,,,,,,,,,,,,,,,,,,,,,,,,,,,,,2.03454894433781,1.0,-3.5700575815738933,1.0,5.873320537428017,2.0,-3.5700575815738933,1.0,,,,,,,,,,,,,-1.61,2.838406909788871,2.0,2.798464491362764,-1.04,-0.4955086372360826,,,,,,,,,,,,,,,3.25,1.08,False,False,True,True,BN
2026-08-28,4840,トライアイズ,745.0,5,2026-08-31,30.201342281879185,8.053691275167797,13.825503355704694,2026-09-01,20.53691275167786,-0.6711409395973145,10.604026845637591,2026-09-02,10.067114093959727,-1.2080536912751685,1.0738255033557076,,,,,,,,,,,,,,,,,,,,,,,,,,,,,30.201342281879185,1.0,8.053691275167797,1.0,30.201342281879185,1.0,-1.2080536912751685,3.0,,,,,,,,,,,,,17.72,-3.894496644295305,13.96,-3.355973154362408,1.74,-0.6661744966442924,,,,,,,,,,,,,,,15.5,0.51,True,False,True,True,CBN
2026-08-28,6030,アドベンチャー,1638.0,5,2026-08-31,0.0,-1.2210012210012169,-1.0378510378510342,2026-09-01,-1.098901098901095,-3.296703296703296,-3.296703296703296,2026-09-02,-3.2356532356532357,-4.273504273504269,-3.785103785103783,,,,,,,,,,,,,,,,,,,,,,,,,,,,,0.0,1.0,-1.2210012210012169,1.0,0.0,1.0,-4.273504273504269,3.0,,,,,,,,,,,,,-1.1,0.0621489621489659,-1.1,-2.196703296703296,-3.48,-0.3051037851037828,,,,,,,,,,,,,,,9.64,3.01,True,True,False,False,CV
2026-08-28,6196,ストライクグループ,1448.0,5,2026-08-31,0.7596685082873034,-1.8646408839778967,0.6906077348066253,2026-09-01,0.5524861878453136,-2.279005524861877,-1.5193370165745843,2026-09-02,-2.071823204419887,-4.972375690607733,-4.972375690607733,,,,,,,,,,,,,,,,,,,,,,,,,,,,,0.7596685082873034,1.0,-1.8646408839778967,1.0,0.7596685082873034,1.0,-4.972375690607733,3.0,,,,,,,,,,,,,-0.48,1.1706077348066253,0.41,-1.9293370165745845,-4.63,-0.3423756906077333,,,,,,,,,,,,,,,0.82,0.61,False,False,False,False,NONE
2026-08-28,7719,東京衡機,596.0,5,2026-08-31,0.6711409395973256,-12.751677852348998,-11.74496644295302,2026-09-01,-11.577181208053688,-16.10738255033557,-16.10738255033557,2026-09-02,-15.100671140939593,-19.12751677852349,-15.771812080536918,,,,,,,,,,,,,,,,,,,,,,,,,,,,,0.6711409395973256,1.0,-12.751677852348998,1.0,0.6711409395973256,1.0,-19.12751677852349,3.0,,,,,,,,,,,,,-8.22,-3.524966442953019,-12.75,-3.3573825503355685,-15.44,-0.3318120805369187,,,,,,,,,,,,,,,-0.19,0.73,False,False,False,False,NONE
2026-08-28,7743,シード,792.0,5,2026-08-31,0.1262626262626298,-0.1262626262626298,0.1262626262626298,2026-09-01,0.1262626262626298,0.0,0.0,2026-09-02,0.1262626262626298,0.0,0.0,,,,,,,,,,,,,,,,,,,,,,,,,,,,,0.1262626262626298,1.0,-0.1262626262626298,1.0,0.1262626262626298,1.0,-0.1262626262626298,1.0,,,,,,,,,,,,,0.0,0.1262626262626298,0.0,0.0,0.0,0.0,,,,,,,,,,,,,,,15.75,0.72,True,False,True,True,CBN
2026-08-28,9425,ＲｅＹｕｕ　Ｊａｐａｎ,270.0,5,2026-08-31,14.444444444444438,-5.555555555555558,12.222222222222223,2026-09-01,13.703703703703706,0.0,4.074074074074074,2026-09-02,14.444444444444438,-5.555555555555558,-4.814814814814817,,,,,,,,,,,,,,,,,,,,,,,,,,,,,14.444444444444438,1.0,-5.555555555555558,1.0,14.444444444444438,1.0,-5.555555555555558,1.0,,,,,,,,,,,,,0.74,11.482222222222225,9.63,-5.555925925925926,-5.19,0.3751851851851837,,,,,,,,,,,,,,,-1.57,0.7,False,False,False,False,NONE
2026-08-28,2156,セーラー広告,281.0,4,2026-08-31,0.7117437722419906,-1.067615658362986,0.0,2026-09-01,0.0,-0.3558718861209953,0.0,2026-09-02,0.0,-0.3558718861209953,-0.3558718861209953,,,,,,,,,,,,,,,,,,,,,,,,,,,,,0.7117437722419906,1.0,-1.067615658362986,1.0,0.7117437722419906,1.0,-1.067615658362986,1.0,,,,,,,,,,,,,0.71,-0.71,0.0,0.0,-0.36,0.0041281138790046,,,,,,,,,,,,,,,1.81,3.5,False,True,True,True,VBN
2026-08-28,4056,ニューラルグループ,245.0,4,2026-08-31,22.04081632653061,-9.795918367346934,22.04081632653061,2026-09-01,8.979591836734691,-3.6734693877551017,-2.0408163265306145,2026-09-02,4.081632653061229,-9.387755102040815,-8.571428571428575,,,,,,,,,,,,,,,,,,,,,,,,,,,,,22.04081632653061,1.0,-9.795918367346934,1.0,22.04081632653061,1.0,-9.795918367346934,1.0,,,,,,,,,,,,,0.82,21.22081632653061,1.22,-3.2608163265306143,-7.76,-0.8114285714285749,,,,,,,,,,,,,,,0.0,3.85,False,True,False,True,VN
2026-08-31,3851,日本一ソフトウェア,1397.0,7,2026-09-01,10.737294201861136,-1.6463851109520422,4.939155332856116,2026-09-02,6.012884753042225,1.0737294201861092,2.3622047244094446,,,,,,,,,,,,,,,,,,,,,,,,,,,,,,,,,10.737294201861136,1.0,-1.6463851109520422,1.0,,,,,,,,,,,,,,,,,2.72,2.2191553328561158,2.36,0.0022047244094447,,,,,,,,,,,,,,,,,16.88,4.48,True,True,True,True,CVBN
2026-08-31,4492,ゼネテック,419.0,7,2026-09-01,-1.670644391408116,-8.830548926014314,-6.921241050119331,2026-09-02,-5.7279236276849606,-9.785202863961818,-6.921241050119331,,,,,,,,,,,,,,,,,,,,,,,,,,,,,,,,,-1.670644391408116,1.0,-8.830548926014314,1.0,,,,,,,,,,,,,,,,,-6.92,-0.0012410501193311,-6.92,-0.0012410501193311,,,,,,,,,,,,,,,,,7.57,4.32,True,True,True,True,CVBN
2026-08-31,4840,トライアイズ,891.0,7,2026-09-01,0.7856341189674598,-16.947250280583614,-7.519640852974185,2026-09-02,-7.968574635241299,-17.39618406285073,-15.488215488215484,,,,,,,,,,,,,,,,,,,,,,,,,,,,,,,,,0.7856341189674598,1.0,-16.947250280583614,1.0,,,,,,,,,,,,,,,,,-4.71,-2.8096408529741854,-14.93,-0.5582154882154846,,,,,,,,,,,,,,,,,13.83,4.82,True,True,True,True,CVBN
2026-08-31,5871,ＳＯＬＩＺＥ　Ｈｏｌｄｉｎｇｓ,1434.0,6,2026-09-01,2.5801952580195358,-3.765690376569042,-0.9762900976290068,2026-09-02,-0.4881450488145034,-4.114365411436538,-3.6262203626220346,,,,,,,,,,,,,,,,,,,,,,,,,,,,,,,,,2.5801952580195358,1.0,-3.765690376569042,1.0,,,,,,,,,,,,,,,,,0.35,-1.3262900976290068,-3.21,-0.4162203626220346,,,,,,,,,,,,,,,,,11.08,4.5,True,True,True,True,CVBN
2026-08-31,1848,富士ピー・エス,765.0,5,2026-09-01,4.18300653594772,0.5228758169934622,4.18300653594772,2026-09-02,3.137254901960796,0.6535947712418277,1.5686274509803866,,,,,,,,,,,,,,,,,,,,,,,,,,,,,,,,,4.18300653594772,1.0,0.5228758169934622,1.0,,,,,,,,,,,,,,,,,0.92,3.26300653594772,1.57,-0.0013725490196134,,,,,,,,,,,,,,,,,7.36,3.19,True,True,True,True,CVBN
2026-08-31,1994,高橋カーテンウォール工業,643.0,5,2026-09-01,-0.7776049766718529,-3.5769828926905167,-3.265940902021769,2026-09-02,-2.799377916018664,-3.888024883359253,-3.888024883359253,,,,,,,,,,,,,,,,,,,,,,,,,,,,,,,,,-0.7776049766718529,1.0,-3.5769828926905167,1.0,,,,,,,,,,,,,,,,,-2.49,-0.7759409020217687,-3.89,0.0019751166407466,,,,,,,,,,,,,,,,,3.82,2.91,False,False,True,True,BN
2026-08-31,336A,ダイナミックマッププラットフォーム,1315.0,5,2026-09-01,-2.7376425855513253,-16.349809885931556,-10.34220532319392,2026-09-02,12.471482889733831,-16.806083650190118,12.471482889733831,,,,,,,,,,,,,,,,,,,,,,,,,,,,,,,,,-2.7376425855513253,1.0,-16.349809885931556,1.0,,,,,,,,,,,,,,,,,-11.79,1.4477946768060797,12.02,0.4514828897338319,,,,,,,,,,,,,,,,,28.54,3.42,True,True,True,True,CVBN
2026-08-31,341A,トヨコー,2209.0,5,2026-09-01,-0.6337709370755951,-4.93435943866003,-4.708012675418738,2026-09-02,-4.39112720688094,-5.839746491625175,-5.568130375735625,,,,,,,,,,,,,,,,,,,,,,,,,,,,,,,,,-0.6337709370755951,1.0,-4.93435943866003,1.0,,,,,,,,,,,,,,,,,-2.35,-2.358012675418738,-5.52,-0.0481303757356252,,,,,,,,,,,,,,,,,6.04,2.84,True,False,True,True,CBN
2026-08-31,3907,シリコンスタジオ,2850.0,5,2026-09-01,-19.2280701754386,-27.052631578947373,-26.28070175438596,2026-09-02,-28.771929824561404,-32.385964912280706,-30.45614035087719,,,,,,,,,,,,,,,,,,,,,,,,,,,,,,,,,-19.2280701754386,1.0,-27.052631578947373,1.0,,,,,,,,,,,,,,,,,-23.09,-3.190701754385959,-30.11,-0.3461403508771923,,,,,,,,,,,,,,,,,-10.97,1.67,False,False,False,True,N
2026-08-31,4180,Ａｐｐｉｅｒ　Ｇｒｏｕｐ,1434.0,5,2026-09-01,2.0223152022315283,-1.1854951185495066,-1.0460251046025104,2026-09-02,-1.8131101813110173,-7.322175732217573,-7.322175732217573,,,,,,,,,,,,,,,,,,,,,,,,,,,,,,,,,2.0223152022315283,1.0,-1.1854951185495066,1.0,,,,,,,,,,,,,,,,,-0.7,-0.3460251046025104,-6.83,-0.4921757322175732,,,,,,,,,,,,,,,,,8.78,2.14,True,False,True,True,CBN
2026-08-31,4192,スパイダープラス,304.0,5,2026-09-01,2.960526315789469,-3.618421052631582,-2.960526315789469,2026-09-02,-1.9736842105263164,-4.605263157894735,-2.960526315789469,,,,,,,,,,,,,,,,,,,,,,,,,,,,,,,,,2.960526315789469,1.0,-3.618421052631582,1.0,,,,,,,,,,,,,,,,,0.99,-3.950526315789469,-2.96,-0.000526315789469,,,,,,,,,,,,,,,,,8.8,3.57,True,True,True,True,CVBN
2026-08-31,4316,ビーマップ,128.0,5,2026-09-01,40.625,-3.90625,5.46875,2026-09-02,28.90625,-6.25,-4.6875,,,,,,,,,,,,,,,,,,,,,,,,,,,,,,,,,40.625,1.0,-3.90625,1.0,,,,,,,,,,,,,,,,,27.34,-21.87125,-2.34,-2.3475,,,,,,,,,,,,,,,,,30.69,1.89,True,False,True,True,CBN
2026-08-31,4420,イーソル,935.0,5,2026-09-01,8.02139037433156,-5.3475935828877,-2.67379679144385,2026-09-02,-9.83957219251337,-11.8716577540107,-11.336898395721928,,,,,,,,,,,,,,,,,,,,,,,,,,,,,,,,,8.02139037433156,1.0,-5.3475935828877,1.0,,,,,,,,,,,,,,,,,-2.67,-0.0037967914438499,-11.34,0.003101604278072,,,,,,,,,,,,,,,,,19.11,2.89,True,False,True,True,CBN
2026-08-31,4440,ヴィッツ,1712.0,5,2026-09-01,3.56308411214954,-13.96028037383178,-9.929906542056075,2026-09-02,12.733644859813076,-17.523364485981308,7.359813084112154,,,,,,,,,,,,,,,,,,,,,,,,,,,,,,,,,3.56308411214954,1.0,-13.96028037383178,1.0,,,,,,,,,,,,,,,,,-7.77,-2.1599065420560777,11.51,-4.150186915887845,,,,,,,,,,,,,,,,,20.2,3.75,True,True,True,True,CVBN
2026-08-31,477A,スタートライン,749.0,5,2026-09-01,0.1335113484646211,-2.670226969292389,-1.0680907877169576,2026-09-02,3.8718291054739673,-2.5367156208277675,-1.2016021361815787,,,,,,,,,,,,,,,,,,,,,,,,,,,,,,,,,0.1335113484646211,1.0,-2.670226969292389,1.0,,,,,,,,,,,,,,,,,-1.07,0.0019092122830424,-1.2,-0.0016021361815787,,,,,,,,,,,,,,,,,8.09,2.13,True,False,True,True,CBN
2026-08-31,6196,ストライクグループ,1437.0,5,2026-09-01,1.3221990257480831,-1.5309672929714635,-0.7654836464857318,2026-09-02,-1.3221990257480831,-4.244954766875431,-4.244954766875431,,,,,,,,,,,,,,,,,,,,,,,,,,,,,,,,,1.3221990257480831,1.0,-1.5309672929714635,1.0,,,,,,,,,,,,,,,,,1.18,-1.945483646485732,-3.9,-0.3449547668754307,,,,,,,,,,,,,,,,,8.0,2.58,True,False,True,True,CBN
2026-08-31,7709,クボテック,69.0,5,2026-09-01,18.84057971014492,-7.246376811594201,-1.449275362318836,2026-09-02,14.492753623188404,-10.144927536231885,-1.449275362318836,,,,,,,,,,,,,,,,,,,,,,,,,,,,,,,,,18.84057971014492,1.0,-7.246376811594201,1.0,,,,,,,,,,,,,,,,,13.04,-14.489275362318836,-2.9,1.450724637681164,,,,,,,,,,,,,,,,,21.15,1.39,True,False,False,True,CN
2026-08-31,7743,シード,792.0,5,2026-09-01,0.1262626262626298,0.0,0.0,2026-09-02,0.1262626262626298,0.0,0.0,,,,,,,,,,,,,,,,,,,,,,,,,,,,,,,,,0.1262626262626298,1.0,0.0,1.0,,,,,,,,,,,,,,,,,0.0,0.0,0.0,0.0,,,,,,,,,,,,,,,,,7.89,4.52,True,True,True,True,CVBN
2026-08-31,9425,ＲｅＹｕｕ　Ｊａｐａｎ,272.0,5,2026-09-01,12.867647058823527,-0.7352941176470562,3.308823529411775,2026-09-02,13.602941176470583,-6.25,-5.514705882352944,,,,,,,,,,,,,,,,,,,,,,,,,,,,,,,,,12.867647058823527,1.0,-0.7352941176470562,1.0,,,,,,,,,,,,,,,,,8.82,-5.511176470588225,-5.88,0.3652941176470561,,,,,,,,,,,,,,,,,21.2,2.05,True,False,True,True,CBN
2026-08-31,9552,クオンツ総研ホールディングス,1198.0,5,2026-09-01,2.086811352253748,-2.3372287145242088,2.086811352253748,2026-09-02,1.4190317195325486,-2.6711185308848084,-2.4207011686143587,,,,,,,,,,,,,,,,,,,,,,,,,,,,,,,,,2.086811352253748,1.0,-2.3372287145242088,1.0,,,,,,,,,,,,,,,,,0.08,2.006811352253748,-2.25,-0.1707011686143587,,,,,,,,,,,,,,,,,9.49,1.86,True,False,True,True,CBN
2026-08-31,4056,ニューラルグループ,271.0,7,2026-09-01,-1.4760147601476037,-12.915129151291517,-11.439114391143912,2026-09-02,-5.904059040590404,-18.08118081180812,-17.343173431734314,,,,,,,,,,,,,,,,,,,,,,,,,,,,,,,,,-1.4760147601476037,1.0,-12.915129151291517,1.0,,,,,,,,,,,,,,,,,-8.49,-2.949114391143912,-16.61,-0.7331734317343148,,,,,,,,,,,,,,,,,36.53,4.44,True,True,True,True,CVBN
2026-08-31,4477,ＢＡＳＥ,363.0,6,2026-09-01,2.203856749311295,-0.8264462809917328,0.5509641873278293,2026-09-02,-0.8264462809917328,-5.785123966942152,-4.958677685950407,,,,,,,,,,,,,,,,,,,,,,,,,,,,,,,,,2.203856749311295,1.0,-0.8264462809917328,1.0,,,,,,,,,,,,,,,,,1.1,-0.5490358126721708,-4.68,-0.2786776859504076,,,,,,,,,,,,,,,,,18.35,3.74,True,True,True,True,CVBN
2026-08-31,299A,クラシル,1399.0,5,2026-09-01,-0.6433166547534008,-6.361686919228015,-6.004288777698353,2026-09-02,-5.503931379556826,-8.148677626876344,-8.148677626876344,,,,,,,,,,,,,,,,,,,,,,,,,,,,,,,,,-0.6433166547534008,1.0,-6.361686919228015,1.0,,,,,,,,,,,,,,,,,-1.72,-4.284288777698353,-8.01,-0.1386776268763441,,,,,,,,,,,,,,,,,6.16,1.48,True,False,True,True,CBN
2026-08-31,334A,ビジュアル・プロセッシング・ジャパン,1100.0,5,2026-09-01,2.1818181818181737,-5.000000000000004,-4.818181818181822,2026-09-02,-5.909090909090908,-8.999999999999996,-5.909090909090908,,,,,,,,,,,,,,,,,,,,,,,,,,,,,,,,,2.1818181818181737,1.0,-5.000000000000004,1.0,,,,,,,,,,,,,,,,,0.55,-5.368181818181822,-5.91,0.0009090909090918,,,,,,,,,,,,,,,,,7.56,1.77,True,False,True,True,CBN
2026-08-31,5129,ＦＩＸＥＲ,411.0,5,2026-09-01,2.189781021897818,-16.788321167883215,-16.301703163017034,2026-09-02,-21.41119221411192,-27.25060827250608,-25.304136253041364,,,,,,,,,,,,,,,,,,,,,,,,,,,,,,,,,2.189781021897818,1.0,-16.788321167883215,1.0,,,,,,,,,,,,,,,,,-9.73,-6.571703163017034,-25.79,0.4858637469586355,,,,,,,,,,,,,,,,,23.39,3.79,True,True,True,True,CVBN
2026-08-31,558A,ＳＱＵＥＥＺＥ,6250.0,5,2026-09-01,2.400000000000002,-2.400000000000002,1.6000000000000014,2026-09-02,-1.1199999999999988,-10.240000000000006,-10.240000000000006,,,,,,,,,,,,,,,,,,,,,,,,,,,,,,,,,2.400000000000002,1.0,-2.400000000000002,1.0,,,,,,,,,,,,,,,,,-0.64,2.240000000000001,-9.6,-0.6400000000000059,,,,,,,,,,,,,,,,,5.88,1.73,True,False,True,True,CBN
2026-08-31,6058,ベクトル,2177.0,5,2026-09-01,2.2508038585209,-8.819476343592104,-7.349563619660082,2026-09-02,-8.038585209003212,-12.67799724391364,-11.621497473587503,,,,,,,,,,,,,,,,,,,,,,,,,,,,,,,,,2.2508038585209,1.0,-8.819476343592104,1.0,,,,,,,,,,,,,,,,,0.64,-7.989563619660082,-11.3,-0.3214974735875042,,,,,,,,,,,,,,,,,6.89,1.64,True,False,True,True,CBN
2026-08-31,6730,アクセル,1280.0,7,2026-09-01,-5.000000000000004,-8.59375,-5.703124999999998,2026-09-02,-3.984374999999996,-7.968750000000002,-6.015625000000002,,,,,,,,,,,,,,,,,,,,,,,,,,,,,,,,,-5.000000000000004,1.0,-8.59375,1.0,,,,,,,,,,,,,,,,,-6.25,0.5468750000000018,-5.39,-0.6256250000000021,,,,,,,,,,,,,,,,,2.5,3.95,False,True,False,True,VN
2026-08-31,7119,ハルメクホールディングス,1830.0,7,2026-09-01,3.71584699453551,0.0,2.5136612021857907,2026-09-02,3.71584699453551,0.0546448087431761,1.147540983606565,,,,,,,,,,,,,,,,,,,,,,,,,,,,,,,,,3.71584699453551,1.0,0.0,1.0,,,,,,,,,,,,,,,,,0.27,2.2436612021857907,1.64,-0.4924590163934346,,,,,,,,,,,,,,,,,6.39,3.63,True,True,True,True,CVBN
2026-08-31,192A,インテグループ,1300.0,7,2026-09-01,-1.384615384615384,-3.846153846153844,-3.230769230769226,2026-09-02,-2.0000000000000018,-4.000000000000004,-2.076923076923076,,,,,,,,,,,,,,,,,,,,,,,,,,,,,,,,,-1.384615384615384,1.0,-3.846153846153844,1.0,,,,,,,,,,,,,,,,,-2.77,-0.4607692307692259,-3.15,1.0730769230769237,,,,,,,,,,,,,,,,,5.52,4.17,True,True,True,True,CVBN
2026-08-31,3765,ガンホー・オンライン・エンターテイメント,2670.0,7,2026-09-01,0.1498127340823885,-2.9962546816479363,-1.610486891385765,2026-09-02,-1.7977528089887618,-3.670411985018729,-3.445692883895135,,,,,,,,,,,,,,,,,,,,,,,,,,,,,,,,,0.1498127340823885,1.0,-2.9962546816479363,1.0,,,,,,,,,,,,,,,,,-1.2,-0.4104868913857651,-3.3,-0.1456928838951352,,,,,,,,,,,,,,,,,7.97,3.19,True,True,True,True,CVBN
2026-08-31,3841,ジーダット,1368.0,7,2026-09-01,4.532163742690054,0.0,1.8274853801169664,2026-09-02,2.1929824561403466,-2.1198830409356773,2.1929824561403466,,,,,,,,,,,,,,,,,,,,,,,,,,,,,,,,,4.532163742690054,1.0,0.0,1.0,,,,,,,,,,,,,,,,,4.31,-2.482514619883033,0.73,1.4629824561403466,,,,,,,,,,,,,,,,,6.21,4.04,True,True,True,True,CVBN
2026-08-31,4893,ノイルイミューン・バイオテック,156.0,7,2026-09-01,-1.9230769230769276,-6.41025641025641,-4.487179487179482,2026-09-02,-5.128205128205132,-7.692307692307687,-5.769230769230771,,,,,,,,,,,,,,,,,,,,,,,,,,,,,,,,,-1.9230769230769276,1.0,-6.41025641025641,1.0,,,,,,,,,,,,,,,,,-3.21,-1.277179487179482,-5.77,0.0007692307692286,,,,,,,,,,,,,,,,,5.41,4.17,True,True,True,True,CVBN
2026-08-31,6022,赤阪鐵工所,2940.0,7,2026-09-01,0.952380952380949,-0.0340136054421735,0.952380952380949,2026-09-02,0.952380952380949,-3.2653061224489743,-0.3741496598639426,,,,,,,,,,,,,,,,,,,,,,,,,,,,,,,,,0.952380952380949,1.0,-0.0340136054421735,1.0,,,,,,,,,,,,,,,,,0.95,0.002380952380949,-0.37,-0.0041496598639426,,,,,,,,,,,,,,,,,10.4,3.67,True,True,True,True,CVBN
2026-08-31,7359,東京通信グループ,298.0,7,2026-09-01,-0.6711409395973145,-4.026845637583898,-2.348993288590606,2026-09-02,-1.6778523489932915,-6.711409395973156,-1.6778523489932915,,,,,,,,,,,,,,,,,,,,,,,,,,,,,,,,,-0.6711409395973145,1.0,-4.026845637583898,1.0,,,,,,,,,,,,,,,,,-1.01,-1.3389932885906062,-2.01,0.332147651006708,,,,,,,,,,,,,,,,,14.62,3.61,True,True,True,True,CVBN
2026-08-31,7694,いつも,627.0,7,2026-09-01,15.94896331738438,-2.7113237639553422,15.94896331738438,2026-09-02,4.146730462519943,-7.655502392344493,-5.582137161084533,,,,,,,,,,,,,,,,,,,,,,,,,,,,,,,,,15.94896331738438,1.0,-2.7113237639553422,1.0,,,,,,,,,,,,,,,,,-0.48,16.42896331738438,-5.1,-0.4821371610845331,,,,,,,,,,,,,,,,,18.98,3.75,True,True,True,True,CVBN
2026-08-31,2810,ハウス食品グループ本社,4000.0,6,2026-09-01,0.4750000000000032,-0.9750000000000036,0.0499999999999944,2026-09-02,-0.0249999999999972,-1.924999999999999,-1.8249999999999988,,,,,,,,,,,,,,,,,,,,,,,,,,,,,,,,,0.4750000000000032,1.0,-0.9750000000000036,1.0,,,,,,,,,,,,,,,,,-0.02,0.0699999999999945,-1.75,-0.0749999999999988,,,,,,,,,,,,,,,,,6.98,3.05,True,True,True,False,CVB
2026-08-31,2814,佐藤食品工業,3815.0,6,2026-09-01,2.2280471821756187,0.917431192660545,1.179554390563564,2026-09-02,3.145478374836164,1.179554390563564,1.83486238532109,,,,,,,,,,,,,,,,,,,,,,,,,,,,,,,,,2.2280471821756187,1.0,0.917431192660545,1.0,,,,,,,,,,,,,,,,,0.92,0.2595543905635641,1.83,0.0048623853210898,,,,,,,,,,,,,,,,,9.63,3.26,True,True,False,True,CVN
2026-08-31,269A,Ｓａｐｅｅｔ,2872.0,5,2026-09-01,0.1044568245125443,-5.536211699164351,-2.785515320334264,2026-09-02,-4.526462395543174,-8.286908077994426,-6.754874651810583,,,,,,,,,,,,,,,,,,,,,,,,,,,,,,,,,0.1044568245125443,1.0,-5.536211699164351,1.0,,,,,,,,,,,,,,,,,-2.12,-0.6655153203342641,-6.51,-0.2448746518105835,,,,,,,,,,,,,,,,,5.2,1.45,True,False,True,True,CBN
2026-08-31,2737,トーメンデバイス,34500.0,5,2026-09-01,3.4782608695652195,-1.449275362318836,1.449275362318847,2026-09-02,2.0289855072463725,-2.753623188405796,-2.3188405797101463,,,,,,,,,,,,,,,,,,,,,,,,,,,,,,,,,3.4782608695652195,1.0,-1.449275362318836,1.0,,,,,,,,,,,,,,,,,1.74,-0.290724637681153,-1.74,-0.5788405797101464,,,,,,,,,,,,,,,,,7.98,1.19,True,False,True,True,CBN
2026-08-31,4598,Ｄｅｌｔａ－Ｆｌｙ　Ｐｈａｒｍａ,134.0,7,2026-09-01,14.925373134328357,-17.16417910447762,14.925373134328357,2026-09-02,5.223880597014929,-9.701492537313428,-8.955223880597018,,,,,,,,,,,,,,,,,,,,,,,,,,,,,,,,,14.925373134328357,1.0,-17.16417910447762,1.0,,,,,,,,,,,,,,,,,11.19,3.735373134328357,-7.46,-1.4952238805970175,,,,,,,,,,,,,,,,,-0.95,1.62,False,False,False,False,NONE
2026-08-31,8518,日本アジア投資,152.0,7,2026-09-01,1.3157894736842035,-3.9473684210526327,-1.3157894736842146,2026-09-02,0.6578947368421018,-2.631578947368418,0.6578947368421018,,,,,,,,,,,,,,,,,,,,,,,,,,,,,,,,,1.3157894736842035,1.0,-3.9473684210526327,1.0,,,,,,,,,,,,,,,,,-1.97,0.6542105263157854,0.0,0.6578947368421018,,,,,,,,,,,,,,,,,0.73,0.8,False,False,False,False,NONE
2026-08-31,2266,六甲バター,1140.0,5,2026-09-01,2.1052631578947434,-1.6666666666666718,1.8421052631578891,2026-09-02,2.894736842105261,-0.2631578947368429,1.0526315789473717,,,,,,,,,,,,,,,,,,,,,,,,,,,,,,,,,2.1052631578947434,1.0,-1.6666666666666718,1.0,,,,,,,,,,,,,,,,,-0.18,2.022105263157889,0.88,0.1726315789473717,,,,,,,,,,,,,,,,,-0.74,1.15,False,False,False,False,NONE
2026-08-31,3845,アイフリークモバイル,302.0,5,2026-09-01,3.973509933774833,-0.9933774834437136,3.31125827814569,2026-09-02,2.3178807947019875,-6.622516556291391,-6.622516556291391,,,,,,,,,,,,,,,,,,,,,,,,,,,,,,,,,3.973509933774833,1.0,-0.9933774834437136,1.0,,,,,,,,,,,,,,,,,0.99,2.32125827814569,-6.29,-0.3325165562913907,,,,,,,,,,,,,,,,,6.34,0.88,True,False,True,True,CBN
2026-08-31,4075,ブレインズテクノロジー,1087.0,5,2026-09-01,27.59889604415824,27.59889604415824,27.59889604415824,2026-09-02,87.21251149954001,36.15455381784729,36.15455381784729,,,,,,,,,,,,,,,,,,,,,,,,,,,,,,,,,27.59889604415824,1.0,27.59889604415824,1.0,,,,,,,,,,,,,,,,,27.6,-0.0011039558417635,42.59,-6.435446182152717,,,,,,,,,,,,,,,,,16.01,1.08,True,False,True,True,CBN
2026-08-31,4616,川上塗料,2349.0,5,2026-09-01,14.431673052362704,-0.0425713069391209,4.214559386973171,2026-09-02,4.299702000851435,2.25627926777352,2.3839931885908827,,,,,,,,,,,,,,,,,,,,,,,,,,,,,,,,,14.431673052362704,1.0,-0.0425713069391209,1.0,,,,,,,,,,,,,,,,,5.58,-1.3654406130268288,2.6,-0.2160068114091173,,,,,,,,,,,,,,,,,0.0,1.49,False,False,False,True,N
2026-08-31,4990,昭和化学工業,532.0,5,2026-09-01,0.7518796992481258,0.1879699248120259,0.3759398496240518,2026-09-02,0.1879699248120259,-4.323308270676696,-3.9473684210526327,,,,,,,,,,,,,,,,,,,,,,,,,,,,,,,,,0.7518796992481258,1.0,0.1879699248120259,1.0,,,,,,,,,,,,,,,,,0.38,-0.0040601503759482,-3.95,0.0026315789473674,,,,,,,,,,,,,,,,,5.14,1.23,True,False,True,True,CBN
2026-08-31,1718,美樹工業,7200.0,4,2026-09-01,0.9722222222222188,-0.8333333333333304,0.694444444444442,2026-09-02,3.611111111111121,-1.2499999999999956,0.0,,,,,,,,,,,,,,,,,,,,,,,,,,,,,,,,,0.9722222222222188,1.0,-0.8333333333333304,1.0,,,,,,,,,,,,,,,,,-0.69,1.384444444444442,0.0,0.0,,,,,,,,,,,,,,,,,0.15,0.41,False,False,False,False,NONE
2026-08-31,2877,日東ベスト,758.0,4,2026-09-01,-0.263852242744067,-0.395778364116095,-0.263852242744067,2026-09-02,0.2638522427440559,-0.527704485488123,-0.527704485488123,,,,,,,,,,,,,,,,,,,,,,,,,,,,,,,,,-0.263852242744067,1.0,-0.395778364116095,1.0,,,,,,,,,,,,,,,,,-0.26,-0.003852242744067,-0.53,0.002295514511877,,,,,,,,,,,,,,,,,1.88,3.48,False,True,True,True,VBN
2026-08-31,298A,ＧＶＡ　ＴＥＣＨ,345.0,4,2026-09-01,4.057971014492745,-1.7391304347826098,4.057971014492745,2026-09-02,6.376811594202891,-2.0289855072463725,-1.449275362318836,,,,,,,,,,,,,,,,,,,,,,,,,,,,,,,,,4.057971014492745,1.0,-1.7391304347826098,1.0,,,,,,,,,,,,,,,,,4.06,-0.0020289855072546,-0.29,-1.159275362318836,,,,,,,,,,,,,,,,,8.15,1.1,True,False,True,False,CB
2026-08-31,4667,アイサンテクノロジー,3165.0,4,2026-09-01,-4.423380726698268,-17.819905213270136,-16.492890995260666,2026-09-02,-0.6319115323854652,-21.011058451816744,-0.6319115323854652,,,,,,,,,,,,,,,,,,,,,,,,,,,,,,,,,-4.423380726698268,1.0,-17.819905213270136,1.0,,,,,,,,,,,,,,,,,-11.82,-4.672890995260666,-0.63,-0.0019115323854651,,,,,,,,,,,,,,,,,18.94,2.15,True,False,True,True,CBN
2026-08-31,5033,ヌーラボ,1035.0,4,2026-09-01,2.898550724637672,-6.763285024154586,2.801932367149762,2026-09-02,2.3188405797101463,-3.1884057971014457,-2.801932367149762,,,,,,,,,,,,,,,,,,,,,,,,,,,,,,,,,2.898550724637672,1.0,-6.763285024154586,1.0,,,,,,,,,,,,,,,,,-1.16,3.961932367149762,-2.71,-0.091932367149762,,,,,,,,,,,,,,,,,-0.1,0.62,False,False,False,False,NONE
2026-08-31,9087,タカセ,2200.0,4,2026-09-01,2.2727272727272707,0.454545454545463,2.2727272727272707,2026-09-02,4.545454545454541,-4.500000000000004,-3.227272727272723,,,,,,,,,,,,,,,,,,,,,,,,,,,,,,,,,2.2727272727272707,1.0,0.454545454545463,1.0,,,,,,,,,,,,,,,,,2.27,0.0027272727272706,-3.23,0.0027272727272769,,,,,,,,,,,,,,,,,2.33,3.33,False,True,True,True,VBN
2026-08-31,278A,Ｔｅｒｒａ　Ｄｒｏｎｅ,18660.0,3,2026-09-01,4.769560557341901,-9.4855305466238,-4.769560557341912,2026-09-02,8.145766345123251,-7.556270096463025,5.680600214362275,,,,,,,,,,,,,,,,,,,,,,,,,,,,,,,,,4.769560557341901,1.0,-9.4855305466238,1.0,,,,,,,,,,,,,,,,,0.27,-5.039560557341911,5.31,0.3706002143622751,,,,,,,,,,,,,,,,,-17.81,2.01,False,False,False,True,N
2026-09-01,4598,Ｄｅｌｔａ－Ｆｌｙ　Ｐｈａｒｍａ,142.0,7,2026-09-02,-0.7042253521126751,-14.7887323943662,-14.084507042253524,,,,,,,,,,,,,,,,,,,,,,,,,,,,,,,,,,,,,-0.7042253521126751,1.0,-14.7887323943662,1.0,,,,,,,,,,,,,,,,,-12.68,-1.404507042253524,,,,,,,,,,,,,,,,,,,48.08,4.87,True,True,True,True,CVBN
2026-09-01,6022,赤阪鐵工所,2940.0,7,2026-09-02,0.952380952380949,-3.2653061224489743,-0.3741496598639426,,,,,,,,,,,,,,,,,,,,,,,,,,,,,,,,,,,,,0.952380952380949,1.0,-3.2653061224489743,1.0,,,,,,,,,,,,,,,,,-0.37,-0.0041496598639426,,,,,,,,,,,,,,,,,,,0.51,0.26,False,False,False,False,NONE
2026-09-01,8518,日本アジア投資,148.0,7,2026-09-02,3.378378378378377,0.0,3.378378378378377,,,,,,,,,,,,,,,,,,,,,,,,,,,,,,,,,,,,,3.378378378378377,1.0,0.0,1.0,,,,,,,,,,,,,,,,,2.7,0.678378378378377,,,,,,,,,,,,,,,,,,,7.97,4.42,True,True,True,True,CVBN
2026-09-01,3646,駅探,405.0,6,2026-09-02,-7.654320987654318,-14.074074074074073,-13.33333333333333,,,,,,,,,,,,,,,,,,,,,,,,,,,,,,,,,,,,,-7.654320987654318,1.0,-14.074074074074073,1.0,,,,,,,,,,,,,,,,,-12.84,-0.4933333333333305,,,,,,,,,,,,,,,,,,,3.69,4.41,False,True,True,True,VBN
2026-09-01,2266,六甲バター,1138.0,5,2026-09-02,3.075571177504388,-0.0878734622144161,1.2302284710017597,,,,,,,,,,,,,,,,,,,,,,,,,,,,,,,,,,,,,3.075571177504388,1.0,-0.0878734622144161,1.0,,,,,,,,,,,,,,,,,1.05,0.1802284710017596,,,,,,,,,,,,,,,,,,,7.72,3.24,True,True,True,True,CVBN
2026-09-01,3031,ラクーンホールディングス,686.0,5,2026-09-02,0.8746355685131268,-2.6239067055393583,-2.478134110787167,,,,,,,,,,,,,,,,,,,,,,,,,,,,,,,,,,,,,0.8746355685131268,1.0,-2.6239067055393583,1.0,,,,,,,,,,,,,,,,,-2.33,-0.1481341107871667,,,,,,,,,,,,,,,,,,,5.85,3.09,True,True,True,True,CVBN
2026-09-01,3851,日本一ソフトウェア,1545.0,5,2026-09-02,-4.142394822006468,-8.608414239482197,-7.443365695792881,,,,,,,,,,,,,,,,,,,,,,,,,,,,,,,,,,,,,-4.142394822006468,1.0,-8.608414239482197,1.0,,,,,,,,,,,,,,,,,-7.44,-0.0033656957928807,,,,,,,,,,,,,,,,,,,1.32,1.0,False,False,False,True,N
2026-09-01,4052,フィーチャ,895.0,5,2026-09-02,-17.31843575418994,-34.0782122905028,-20.11173184357542,,,,,,,,,,,,,,,,,,,,,,,,,,,,,,,,,,,,,-17.31843575418994,1.0,-34.0782122905028,1.0,,,,,,,,,,,,,,,,,-18.21,-1.9017318435754191,,,,,,,,,,,,,,,,,,,-13.15,2.48,False,False,False,True,N
2026-09-01,4075,ブレインズテクノロジー,1087.0,5,2026-09-02,87.21251149954001,36.15455381784729,36.15455381784729,,,,,,,,,,,,,,,,,,,,,,,,,,,,,,,,,,,,,87.21251149954001,1.0,36.15455381784729,1.0,,,,,,,,,,,,,,,,,42.59,-6.435446182152717,,,,,,,,,,,,,,,,,,,16.01,1.08,True,False,True,True,CBN
2026-09-01,4234,サンエー化研,1050.0,5,2026-09-02,1.4285714285714235,-3.3333333333333326,-3.3333333333333326,,,,,,,,,,,,,,,,,,,,,,,,,,,,,,,,,,,,,1.4285714285714235,1.0,-3.3333333333333326,1.0,,,,,,,,,,,,,,,,,-3.14,-0.1933333333333324,,,,,,,,,,,,,,,,,,,9.47,2.75,True,False,True,True,CBN
2026-09-01,4316,ビーマップ,155.0,5,2026-09-02,6.451612903225801,-22.580645161290324,-21.29032258064516,,,,,,,,,,,,,,,,,,,,,,,,,,,,,,,,,,,,,6.451612903225801,1.0,-22.580645161290324,1.0,,,,,,,,,,,,,,,,,-19.35,-1.9403225806451587,,,,,,,,,,,,,,,,,,,3.03,1.24,False,False,False,True,N
2026-09-01,4616,川上塗料,2480.0,5,2026-09-02,-1.2096774193548376,-3.1451612903225845,-3.0241935483871,,,,,,,,,,,,,,,,,,,,,,,,,,,,,,,,,,,,,-1.2096774193548376,1.0,-3.1451612903225845,1.0,,,,,,,,,,,,,,,,,-2.82,-0.2041935483870998,,,,,,,,,,,,,,,,,,,11.74,4.42,True,True,True,True,CVBN
2026-09-01,4972,綜研化学,4000.0,5,2026-09-02,6.000000000000005,1.6250000000000098,4.249999999999998,,,,,,,,,,,,,,,,,,,,,,,,,,,,,,,,,,,,,6.000000000000005,1.0,1.6250000000000098,1.0,,,,,,,,,,,,,,,,,4.75,-0.5000000000000018,,,,,,,,,,,,,,,,,,,9.34,1.96,True,False,True,True,CBN
2026-09-01,4990,昭和化学工業,532.0,5,2026-09-02,0.1879699248120259,-4.323308270676696,-3.9473684210526327,,,,,,,,,,,,,,,,,,,,,,,,,,,,,,,,,,,,,0.1879699248120259,1.0,-4.323308270676696,1.0,,,,,,,,,,,,,,,,,-3.95,0.0026315789473674,,,,,,,,,,,,,,,,,,,0.38,1.45,False,False,False,True,N
2026-09-01,5033,ヌーラボ,1012.0,5,2026-09-02,4.644268774703564,-0.988142292490124,-0.5928853754940677,,,,,,,,,,,,,,,,,,,,,,,,,,,,,,,,,,,,,4.644268774703564,1.0,-0.988142292490124,1.0,,,,,,,,,,,,,,,,,-0.49,-0.1028853754940677,,,,,,,,,,,,,,,,,,,11.13,2.87,True,False,True,True,CBN
2026-09-01,6027,弁護士ドットコム,5650.0,5,2026-09-02,-6.725663716814156,-13.893805309734509,-9.91150442477876,,,,,,,,,,,,,,,,,,,,,,,,,,,,,,,,,,,,,-6.725663716814156,1.0,-13.893805309734509,1.0,,,,,,,,,,,,,,,,,-9.2,-0.7115044247787612,,,,,,,,,,,,,,,,,,,-1.12,0.8,False,False,False,True,N
2026-09-01,6662,ユビテック,240.0,5,2026-09-02,-2.9166666666666674,-4.166666666666663,-4.166666666666663,,,,,,,,,,,,,,,,,,,,,,,,,,,,,,,,,,,,,-2.9166666666666674,1.0,-4.166666666666663,1.0,,,,,,,,,,,,,,,,,-3.33,-0.8366666666666625,,,,,,,,,,,,,,,,,,,2.63,1.29,False,False,True,True,BN
2026-09-01,9508,九州電力,2133.0,5,2026-09-02,2.6254102203469243,-1.875293014533519,-0.4688232536333769,,,,,,,,,,,,,,,,,,,,,,,,,,,,,,,,,,,,,2.6254102203469243,1.0,-1.875293014533519,1.0,,,,,,,,,,,,,,,,,-0.05,-0.4188232536333769,,,,,,,,,,,,,,,,,,,7.84,1.75,True,False,True,True,CBN
2026-09-01,298A,ＧＶＡ　ＴＥＣＨ,345.0,4,2026-09-02,6.376811594202891,-2.0289855072463725,-1.449275362318836,,,,,,,,,,,,,,,,,,,,,,,,,,,,,,,,,,,,,6.376811594202891,1.0,-2.0289855072463725,1.0,,,,,,,,,,,,,,,,,-0.29,-1.159275362318836,,,,,,,,,,,,,,,,,,,2.32,0.28,False,False,True,False,B
2026-09-01,7709,クボテック,72.0,4,2026-09-02,9.722222222222232,-13.888888888888884,-5.555555555555558,,,,,,,,,,,,,,,,,,,,,,,,,,,,,,,,,,,,,9.722222222222232,1.0,-13.888888888888884,1.0,,,,,,,,,,,,,,,,,-6.94,1.3844444444444424,,,,,,,,,,,,,,,,,,,6.35,0.94,True,False,False,True,CN
2026-09-01,330A,ＴａｌｅｎｔＸ,574.0,7,2026-09-02,-1.393728222996515,-10.104529616724731,-6.794425087108014,,,,,,,,,,,,,,,,,,,,,,,,,,,,,,,,,,,,,-1.393728222996515,1.0,-10.104529616724731,1.0,,,,,,,,,,,,,,,,,-6.79,-0.0044250871080135,,,,,,,,,,,,,,,,,,,8.51,3.46,True,True,True,True,CVBN
2026-09-01,7162,アストマックス,284.0,7,2026-09-02,13.38028169014085,-2.1126760563380254,8.450704225352123,,,,,,,,,,,,,,,,,,,,,,,,,,,,,,,,,,,,,13.38028169014085,1.0,-2.1126760563380254,1.0,,,,,,,,,,,,,,,,,9.15,-0.6992957746478776,,,,,,,,,,,,,,,,,,,6.37,4.34,True,True,True,True,CVBN
2026-09-01,7694,いつも,727.0,7,2026-09-02,-10.17881705639615,-20.3576341127923,-18.56946354883081,,,,,,,,,,,,,,,,,,,,,,,,,,,,,,,,,,,,,-10.17881705639615,1.0,-20.3576341127923,1.0,,,,,,,,,,,,,,,,,-18.16,-0.4094635488308107,,,,,,,,,,,,,,,,,,,15.95,3.4,True,True,True,True,CVBN
2026-09-01,1946,トーエネック,2309.0,5,2026-09-02,0.0433087916847041,-5.19705500216544,-4.763967085318321,,,,,,,,,,,,,,,,,,,,,,,,,,,,,,,,,,,,,0.0433087916847041,1.0,-5.19705500216544,1.0,,,,,,,,,,,,,,,,,-4.5,-0.2639670853183213,,,,,,,,,,,,,,,,,,,5.43,1.56,True,False,True,True,CBN
2026-09-01,2477,手間いらず,3365.0,5,2026-09-02,1.7830609212481363,-3.4175334323922724,-3.1203566121842496,,,,,,,,,,,,,,,,,,,,,,,,,,,,,,,,,,,,,1.7830609212481363,1.0,-3.4175334323922724,1.0,,,,,,,,,,,,,,,,,-2.82,-0.3003566121842498,,,,,,,,,,,,,,,,,,,5.16,1.98,True,False,True,True,CBN
2026-09-01,3101,東洋紡,1770.0,5,2026-09-02,-1.3559322033898311,-6.101694915254241,-5.48022598870056,,,,,,,,,,,,,,,,,,,,,,,,,,,,,,,,,,,,,-1.3559322033898311,1.0,-6.101694915254241,1.0,,,,,,,,,,,,,,,,,-5.03,-0.4502259887005602,,,,,,,,,,,,,,,,,,,5.73,1.56,True,False,True,True,CBN
2026-09-01,3750,ＡＤＲ１２０Ｓ,840.0,5,2026-09-02,1.1904761904761862,-1.7857142857142905,-0.4761904761904745,,,,,,,,,,,,,,,,,,,,,,,,,,,,,,,,,,,,,1.1904761904761862,1.0,-1.7857142857142905,1.0,,,,,,,,,,,,,,,,,-0.6,0.1238095238095254,,,,,,,,,,,,,,,,,,,5.26,2.17,True,False,True,True,CBN
2026-09-01,4005,住友化学,618.4,5,2026-09-02,1.746444406052916,-1.989007828923428,-0.1778803698304076,,,,,,,,,,,,,,,,,,,,,,,,,,,,,,,,,,,,,1.746444406052916,1.0,-1.989007828923428,1.0,,,,,,,,,,,,,,,,,0.19,-0.3678803698304076,,,,,,,,,,,,,,,,,,,8.07,2.03,True,False,True,True,CBN
2026-09-01,4183,三井化学,2310.0,5,2026-09-02,1.3636363636363669,-3.8961038961038974,-2.857142857142858,,,,,,,,,,,,,,,,,,,,,,,,,,,,,,,,,,,,,1.3636363636363669,1.0,-3.8961038961038974,1.0,,,,,,,,,,,,,,,,,-2.42,-0.4371428571428581,,,,,,,,,,,,,,,,,,,5.62,1.61,True,False,True,True,CBN
2026-09-01,4412,サイエンスアーツ,1384.0,5,2026-09-02,2.1676300578034717,-2.456647398843925,-2.095375722543358,,,,,,,,,,,,,,,,,,,,,,,,,,,,,,,,,,,,,2.1676300578034717,1.0,-2.456647398843925,1.0,,,,,,,,,,,,,,,,,-1.59,-0.5053757225433577,,,,,,,,,,,,,,,,,,,5.17,1.84,True,False,True,True,CBN
2026-09-01,4979,ＯＡＴアグリオ,2969.0,5,2026-09-02,1.3809363422027543,-3.166049174806329,-1.5493432132031026,,,,,,,,,,,,,,,,,,,,,,,,,,,,,,,,,,,,,1.3809363422027543,1.0,-3.166049174806329,1.0,,,,,,,,,,,,,,,,,-1.38,-0.1693432132031027,,,,,,,,,,,,,,,,,,,5.21,1.57,True,False,True,True,CBN
2026-09-01,5423,東京製鐵,1827.0,5,2026-09-02,-1.2041598248494825,-5.25451559934319,-5.25451559934319,,,,,,,,,,,,,,,,,,,,,,,,,,,,,,,,,,,,,-1.2041598248494825,1.0,-5.25451559934319,1.0,,,,,,,,,,,,,,,,,-4.82,-0.4345155993431895,,,,,,,,,,,,,,,,,,,5.97,1.28,True,False,True,True,CBN
2026-09-01,5537,ＡｌｂａＬｉｎｋ,3585.0,5,2026-09-02,-2.9288702928870314,-6.973500697350065,-6.415620641562059,,,,,,,,,,,,,,,,,,,,,,,,,,,,,,,,,,,,,-2.9288702928870314,1.0,-6.973500697350065,1.0,,,,,,,,,,,,,,,,,-5.86,-0.5556206415620588,,,,,,,,,,,,,,,,,,,5.29,1.25,True,False,True,True,CBN
2026-09-02,2593,伊藤園,3279.0,7,,,,,,,,,,,,,,,,,,,,,,,,,,,,,,,,,,,,,,,,,,,,,,,,,,,,,,,,,,,,,,,,,,,,,,,,,,,,,,,,,8.7,3.28,True,True,True,True,CVBN
2026-09-02,338A,ＺｅｎｍｕＴｅｃｈ,2530.0,7,,,,,,,,,,,,,,,,,,,,,,,,,,,,,,,,,,,,,,,,,,,,,,,,,,,,,,,,,,,,,,,,,,,,,,,,,,,,,,,,,9.74,4.07,True,True,True,True,CVBN
2026-09-02,520A,ジェイファーマ,392.0,7,,,,,,,,,,,,,,,,,,,,,,,,,,,,,,,,,,,,,,,,,,,,,,,,,,,,,,,,,,,,,,,,,,,,,,,,,,,,,,,,,24.13,3.87,True,True,True,True,CVBN
2026-09-02,8247,大和,330.0,7,,,,,,,,,,,,,,,,,,,,,,,,,,,,,,,,,,,,,,,,,,,,,,,,,,,,,,,,,,,,,,,,,,,,,,,,,,,,,,,,,9.29,4.52,True,True,True,True,CVBN
2026-09-02,8746,ｕｎｂａｎｋｅｄ,127.0,7,,,,,,,,,,,,,,,,,,,,,,,,,,,,,,,,,,,,,,,,,,,,,,,,,,,,,,,,,,,,,,,,,,,,,,,,,,,,,,,,,30.93,4.53,True,True,True,True,CVBN
2026-09-02,8912,エリアクエスト,167.0,7,,,,,,,,,,,,,,,,,,,,,,,,,,,,,,,,,,,,,,,,,,,,,,,,,,,,,,,,,,,,,,,,,,,,,,,,,,,,,,,,,8.97,4.93,True,True,True,True,CVBN
2026-09-02,4976,東洋ドライルーブ,1590.0,6,,,,,,,,,,,,,,,,,,,,,,,,,,,,,,,,,,,,,,,,,,,,,,,,,,,,,,,,,,,,,,,,,,,,,,,,,,,,,,,,,8.93,4.07,True,True,False,True,CVN
2026-09-02,265A,Ｈｍｃｏｍｍ,775.0,5,,,,,,,,,,,,,,,,,,,,,,,,,,,,,,,,,,,,,,,,,,,,,,,,,,,,,,,,,,,,,,,,,,,,,,,,,,,,,,,,,5.95,3.06,True,True,True,True,CVBN
2026-09-02,336A,ダイナミックマッププラットフォーム,1406.0,5,,,,,,,,,,,,,,,,,,,,,,,,,,,,,,,,,,,,,,,,,,,,,,,,,,,,,,,,,,,,,,,,,,,,,,,,,,,,,,,,,25.45,2.67,True,False,True,True,CBN
2026-09-02,4075,ブレインズテクノロジー,1574.0,5,,,,,,,,,,,,,,,,,,,,,,,,,,,,,,,,,,,,,,,,,,,,,,,,,,,,,,,,,,,,,,,,,,,,,,,,,,,,,,,,,6.71,4.92,True,True,True,True,CVBN
2026-09-02,7162,アストマックス,309.0,5,,,,,,,,,,,,,,,,,,,,,,,,,,,,,,,,,,,,,,,,,,,,,,,,,,,,,,,,,,,,,,,,,,,,,,,,,,,,,,,,,10.79,3.07,True,True,False,True,CVN
2026-09-02,4387,ＺＵＵ,535.0,4,,,,,,,,,,,,,,,,,,,,,,,,,,,,,,,,,,,,,,,,,,,,,,,,,,,,,,,,,,,,,,,,,,,,,,,,,,,,,,,,,3.1,4.45,False,True,True,True,VBN
2026-09-02,4440,ヴィッツ,1649.0,4,,,,,,,,,,,,,,,,,,,,,,,,,,,,,,,,,,,,,,,,,,,,,,,,,,,,,,,,,,,,,,,,,,,,,,,,,,,,,,,,,19.2,2.67,True,False,True,True,CBN
2026-09-02,4960,ケミプロ化成,571.0,4,,,,,,,,,,,,,,,,,,,,,,,,,,,,,,,,,,,,,,,,,,,,,,,,,,,,,,,,,,,,,,,,,,,,,,,,,,,,,,,,,9.96,3.5,True,True,True,True,CVBN
2026-09-02,9466,アイドママーケティングコミュニケーション,247.0,4,,,,,,,,,,,,,,,,,,,,,,,,,,,,,,,,,,,,,,,,,,,,,,,,,,,,,,,,,,,,,,,,,,,,,,,,,,,,,,,,,2.1,4.5,False,True,False,True,VN
2026-09-02,2134,北浜キャピタルパートナーズ,21.0,3,,,,,,,,,,,,,,,,,,,,,,,,,,,,,,,,,,,,,,,,,,,,,,,,,,,,,,,,,,,,,,,,,,,,,,,,,,,,,,,,,0.0,0.4,False,False,False,False,NONE
2026-09-02,278A,Ｔｅｒｒａ　Ｄｒｏｎｅ,19230.0,3,,,,,,,,,,,,,,,,,,,,,,,,,,,,,,,,,,,,,,,,,,,,,,,,,,,,,,,,,,,,,,,,,,,,,,,,,,,,,,,,,10.97,0.94,True,False,False,False,C
2026-09-02,3083,スターシーズ,1185.0,3,,,,,,,,,,,,,,,,,,,,,,,,,,,,,,,,,,,,,,,,,,,,,,,,,,,,,,,,,,,,,,,,,,,,,,,,,,,,,,,,,6.31,3.77,True,True,True,True,CVBN
2026-09-02,3653,モルフォ,1015.0,3,,,,,,,,,,,,,,,,,,,,,,,,,,,,,,,,,,,,,,,,,,,,,,,,,,,,,,,,,,,,,,,,,,,,,,,,,,,,,,,,,17.34,1.56,True,False,False,False,C
2026-09-02,4052,フィーチャ,675.0,3,,,,,,,,,,,,,,,,,,,,,,,,,,,,,,,,,,,,,,,,,,,,,,,,,,,,,,,,,,,,,,,,,,,,,,,,,,,,,,,,,11.54,1.75,True,False,False,False,C
